reportingrailroadcode,accidentnumber,date,time,accidenttype,hazmatreleasedcars,station,stateabbr,temperature,visibility_code,visibility,weathercondition,tracktype,equipmenttype,trainspeed,equipmentdamagecost,trackdamagecost,totaldamagecost,primaryaccidentcausecode,latitude,longitude
BNSF,HL0420111,2020-04-29,1:23 PM,Derailment,0,MEMPHIS,TN,65.0,2,Day,Clear,Main,Freight Train,5,19874,0,19874,H518,35.126863,-90.058879000000005
CSX,000198082,2021-06-08,5:06 AM,Side collision,0,FLORENCE,SC,86.0,1,Dawn,Clear,Yard,Freight Train,5,44360,0,48886,H399,34.198275000000002,-79.762501999999998
PMSW,S01,2016-05-11,9:05 AM,Raking collision,0,LUBBOCK,TX,78.0,2,Day,Clear,Yard,Yard/switching,6,40000,0,40000,H018,33.536997999999997,-101.802797
CSX,000165159,2016-12-13,6:30 PM,Derailment,0,MCKEESPORT,PA,31.0,4,Dark,Snow,Yard,Yard/switching,4,24806,424,25230,H702,40.367061,-79.834686000000005
UP,0518PD007,2018-05-08,7:00 PM,Other impacts,0,STANFIELD,OR,82.0,4,Dark,Rain,Yard,Cut of cars,5,3496,132,38426,M105,45.796647,-119.263273
CSX,000209204,2023-01-09,7:47 PM,Derailment,0,LAKE CITY,SC,55.0,3,Dusk,Clear,Main,Freight Train,54,516905,262794,779699,M402,33.876385999999997,-79.753343000000001
BNSF,PR1120102,2020-11-07,4:42 PM,Derailment,0,EDGEMONT,SD,45.0,2,Day,Clear,Main,Freight Train,1,13226,500,13726,H503,43.329835000000003,-103.850887
NS,138795,2020-08-08,9:30 PM,Other (describe in narrative),0,WEST FAIRVIEW,PA,77.0,4,Dark,Clear,Yard,Yard/switching,4,57453,1205,95545,H702,40.279806999999998,-76.922450999999995
BNSF,NW0918110,2018-09-18,2:45 PM,Derailment,0,KLAMATH FALLS,OR,65.0,2,Day,Clear,Yard,Freight Train,8,239103,242000,491034,H503,42.189205000000001,-121.762282
NS,154138,2023-06-22,8:30 AM,Other impacts,0,NORTH CHARLESTON,SC,65.0,2,Day,Cloudy,Yard,Light loco(s),0,8500,0,20820,E39C,32.867705000000001,-79.999531000000005
NS,157750,2024-08-16,3:10 PM,Other impacts,0,CHATTANOOGA,TN,82.0,2,Day,Clear,Yard,Single Car,5,22500,2192,24967,M408,35.072249999999997,-85.255534999999995
BNSF,RD0617127,2017-06-27,9:30 AM,Derailment,0,OKLAHOMA CITY,OK,88.0,2,Day,Clear,Yard,Yard/switching,4,132516,10000,142516,E30C,35.381067999999999,-97.482898000000006
UP,0522GP014,2022-05-20,10:31 AM,Other impacts,0,NORTH PLATTE,NE,51.0,2,Day,Cloudy,Yard,Single Car,0,13648,0,107020,M411,41.143872999999999,-100.79465999999999
CSX,000167339,2017-03-08,3:00 PM,Derailment,0,NORTH CHARLESTON,SC,74.0,2,Day,Cloudy,Main,,0,0,8900,22098,T212,32.893805999999998,-79.979996999999997
SEPA,26117,2018-02-12,7:22 PM,Fire/violent rupture,0,PHILADELPHIA,PA,30.0,4,Dark,Clear,Main,EMU,0,21496,0,21496,M406,39.981386999999998,-75.149423999999996
ATK,154222,2018-07-05,9:00 PM,Other (describe in narrative),0,PHILADELPHIA,PA,85.0,4,Dark,Clear,Yard,Light loco(s),5,11528,1152,12680,H999,39.902830000000002,-75.140029999999996
UP,0216SA020,2016-02-19,4:44 AM,Derailment,0,CLINE,TX,61.0,4,Dark,Clear,Industry,Freight Train,2,36979,0,36979,H303,29.169668000000001,-100.03586199999999
CSX,000214927,2023-12-06,2:15 AM,Derailment,0,CHATTANOOGA,TN,29.0,4,Dark,Clear,Yard,Freight Train,7,33504,26110,59614,S011,35.012656999999997,-85.371486000000004
NS,152975,2023-05-01,11:15 AM,Rear end collision,0,ALEXANDRIA,PA,39.0,2,Day,Sleet,Main,Freight Train,14,285075,0,290275,H605,40.602179,-78.131050999999999
MBTA,202333,2023-03-20,4:52 PM,Other (describe in narrative),0,NORTH KINGSTOWN,RI,46.0,2,Day,Clear,Siding,Passenger Train - Pushing,79,111539,0,111539,H999,41.582509000000002,-71.490544999999997
BNSF,MT1016104,2016-10-27,3:10 PM,Other (describe in narrative),0,HYSHAM,MT,65.0,2,Day,Cloudy,Main,Maint./inspect Car,10,0,21600,21600,H402,46.294320999999997,-107.14346399999999
NS,143101,2021-10-08,8:20 PM,Side collision,0,CHATTANOOGA,TN,69.0,4,Dark,Cloudy,Yard,Yard/switching,3,150,40631,63982,H706,35.072248999999999,-85.255533999999997
UP,1217HO009,2017-12-11,3:10 AM,Derailment,0,HOUSTON,TX,46.0,4,Dark,Clear,Yard,Single Car,8,4861,6698,25145,S007,29.795598999999999,-95.295249999999996
DL,190702,2019-07-31,3:45 PM,Derailment,0,MOUNT POCONO,PA,73.0,2,Day,Clear,Siding,Cut of cars,8,26296,0,26296,M502,41.112994,-75.370468000000002
UP,0222PN012,2022-02-14,11:59 PM,Other impacts,0,STANFIELD,OR,40.0,4,Dark,Clear,Yard,Yard/switching,4,66124,198,69353,H317,45.795025000000003,-119.257723
UP,1022TO029,2022-10-28,10:05 PM,Hwy-rail crossing,0,INOLA,OK,59.0,4,Dark,Cloudy,Main,Freight Train,10,4696,12628,17324,M304,36.133017000000002,-95.493780999999998
NS,140687,2021-02-20,2:15 AM,Derailment,0,LANCASTER,PA,25.0,4,Dark,Clear,Main,Freight Train,2,1500,4500,6000,M101,40.057577000000002,-76.331146000000004
NS,128975,2018-03-26,7:45 AM,Hwy-rail crossing,0,ASHLEY PHOSPHATE,SC,52.0,1,Dawn,Cloudy,Main,Freight Train,22,0,66442,66442,M308,32.931553999999998,-80.059303
PTRA,2016000022,2016-07-06,11:00 PM,Derailment,0,PASADENA,TX,83.0,4,Dark,Clear,Yard,Yard/switching,6,23260,6000,29260,H702,29.726493999999999,-95.191664000000003
NS,118869,2016-01-11,10:05 AM,Derailment,0,LEXINGTON,NC,40.0,2,Day,Clear,Yard,Yard/switching,5,17108,2500,19608,M404,35.750594,-80.318288999999993
UP,0517FW027,2017-05-25,1:30 PM,Other impacts,0,FORT WORTH,TX,91.0,2,Day,Clear,Yard,Freight Train,0,13372,750,27650,S007,32.725358999999997,-97.370789000000002
RCPE,RCP-712115,2015-03-18,2:15 PM,Derailment,0,MIDLAND,SD,45.0,2,Day,Clear,Main,Freight Train,10,70000,105000,175000,E52C,44.071652999999998,-101.155417
NS,152021,2023-01-16,2:00 PM,Other (describe in narrative),0,MILLEN,GA,65.0,2,Day,Clear,Yard,Single Car,5,0,0,30913,H020,32.801031999999999,-81.946449999999999
UP,0316HO031,2016-03-31,5:22 PM,Derailment,0,HOUSTON,TX,78.0,2,Day,Clear,Industry,Yard/switching,5,308,118015,118323,M405,29.792351,-95.448087999999998
NS,120159,2016-04-16,3:40 AM,Derailment,0,MELVINDALE,MI,55.0,4,Dark,Clear,Siding,Freight Train,4,19000,336,19336,H506,42.273142999999997,-83.194063999999997
NS,144527,2022-02-27,12:25 AM,Other (describe in narrative),0,CHATTANOOGA,TN,42.0,4,Dark,Rain,Yard,Yard/switching,3,12188,5442,17630,H702,35.072248999999999,-85.255533999999997
PTRA,20180128PA,2018-01-28,5:00 AM,Derailment,0,PASADENA,TX,60.0,4,Dark,Clear,Yard,Yard/switching,4,25000,1000,26000,H318,29.726089999999999,-95.194333999999998
NS,151999,2023-01-14,4:20 AM,Other impacts,0,COLUMBUS,OH,25.0,1,Dawn,Clear,Yard,Single Car,8,0,4477,53270,H312,39.895412999999998,-82.948736999999994
CSX,000180903,2019-01-22,4:30 PM,Other impacts,0,NORTH CHARLESTON,SC,50.0,2,Day,Clear,Yard,Freight Train,7,113827,0,258251,H018,32.856969999999997,-80.022953999999999
CSX,000163900,2016-10-28,8:22 AM,Head on collision,0,CHESTER,PA,50.0,2,Day,Clear,Main,Freight Train,0,93569,0,128163,H221,39.847014000000001,-75.394248000000005
NS,122789,2016-11-17,10:57 AM,Derailment,0,PETERSBURG,PA,55.0,2,Day,Clear,Main,Freight Train,42,3318,7944,11262,E61C,40.558490999999997,-78.038610000000006
NS,142749,2021-09-03,12:40 PM,Other impacts,0,LEIPSIC,OH,72.0,2,Day,Clear,Industry,Single Car,0,1750,0,12100,H302,41.105119999999999,-83.967359999999999
BNSF,GC0416110,2016-04-23,3:00 PM,Derailment,0,DAYTON,TX,80.0,2,Day,Clear,Main,Yard/switching,5,6035,0,157727,H607,29.989018999999999,-94.908544000000006
BNSF,NW0219121,2019-02-24,4:53 PM,Obstruction,0,MADRAS,OR,29.0,3,Dusk,Snow,Main,Spec. MoW Equip.,24,20000,0,20000,M404,44.817382000000002,-121.075418
SEPA,SEPA112021,2021-11-20,5:15 AM,Side collision,0,PHILADELPHIA,PA,35.0,4,Dark,Clear,Yard,EMU,4,800,0,75800,H305,40.016176999999999,-75.162594999999996
CSX,000185107,2019-09-03,10:40 PM,Derailment,0,MULLINS,SC,75.0,4,Dark,Cloudy,Industry,Freight Train,2,50493,97,50590,H306,34.099184999999999,-79.314700000000002
CSX,000175366,2018-03-22,4:10 AM,Obstruction,0,CHESTER,SC,40.0,1,Dawn,Clear,Main,Maint./inspect Car,23,15700,0,18200,H997,34.733961000000001,-81.147240999999994
CSX,000145686,2015-05-02,1:00 AM,Derailment,0,SMYRNA,TN,44.0,4,Dark,Clear,Yard,Freight Train,7,13100,500,13600,H306,35.936605999999998,-86.479426000000004
CSX,000169042,2017-05-21,9:30 PM,Side collision,0,NASHVILLE,TN,75.0,4,Dark,Clear,Yard,Freight Train,5,48692,0,48792,H307,36.112141999999999,-86.770736999999997
BNSF,HL0819120,2019-08-19,6:15 AM,Other impacts,0,MEMPHIS,TN,81.0,1,Dawn,Clear,Yard,Yard/switching,2,10978,0,10978,H307,35.027774999999998,-89.897051000000005
ATK,137928,2015-06-19,2:06 AM,Derailment,0,PHILADELPHIA,PA,70.0,4,Dark,Clear,Yard,Freight Train,5,8700,3200,11900,H702,39.957106000000003,-75.184915000000004
IC,1041580,2020-07-14,9:05 PM,Hwy-rail crossing,0,NEWBERN,TN,80.0,4,Dark,Clear,Main,Freight Train,44,10487,25000,35487,M399,36.112214999999999,-89.262598999999994
NS,144456,2022-02-19,6:07 PM,Derailment,0,SUNBRIGHT,TN,28.0,3,Dusk,Clear,Main,Freight Train,34,51420,13428,64848,E32C,36.295552000000001,-84.638576999999998
UP,0116FW023,2016-01-23,12:40 PM,Hwy-rail crossing,0,DENTON,TX,48.0,2,Day,Clear,Main,Freight Train,43,15188,576,15764,M304,33.138877999999998,-97.175228000000004
NS,144572,2022-03-02,10:22 PM,Hwy-rail crossing,0,NORTHAMPTON,PA,25.0,4,Dark,Clear,Main,Light loco(s),8,0,0,0,M302,40.678569000000003,-75.488450999999998
CSX,000138778,2014-12-11,1:30 AM,Derailment,0,MCKEESPORT,PA,28.0,4,Dark,Cloudy,Yard,Yard/switching,4,14938,100,15038,H021,40.382483999999998,-79.843591000000004
CSX,000150358,2015-08-09,4:47 PM,Derailment,0,WESLEYVILLE,PA,77.0,2,Day,Clear,Main,Freight Train,47,26700,500,27200,E33C,42.161700000000003,-79.968827000000005
CSX,000214560,2023-11-19,12:20 PM,Other impacts,0,CHATTANOOGA,TN,70.0,2,Day,Clear,Yard,Freight Train,4,7958,2495,25886,H318,35.012656999999997,-85.371486000000004
BNSF,HL0620121,2020-06-25,10:30 PM,Other impacts,0,MEMPHIS,TN,85.0,4,Dark,Clear,Yard,Yard/switching,6,15654,0,15654,H318,35.022618000000001,-89.887788999999998
NS,133441,2019-04-02,9:05 AM,Other impacts,0,LEETSDALE,PA,35.0,2,Day,Cloudy,Main,Spec. MoW Equip.,0,7500,0,15000,H997,40.569214000000002,-80.215064999999996
CSX,000210248,2023-03-06,5:00 AM,Derailment,0,NORTH CHARLESTON,SC,67.0,4,Dark,Cloudy,Yard,Freight Train,3,20765,116,20881,E27C,32.856946999999998,-80.022919000000002
NS,119041,2016-01-22,11:00 AM,Derailment,0,SHIREMANSTOWN,PA,22.0,2,Day,Clear,Yard,Yard/switching,2,23641,100,23741,H702,40.225678000000002,-76.951812000000004
CSX,000204641,2022-04-30,8:30 AM,Side collision,0,GREENWOOD,SC,68.0,2,Day,Clear,Yard,Yard/switching,6,35367,324,36800,H306,34.188493000000001,-82.16507
BNSF,RD1016203,2016-10-27,6:00 AM,Hwy-rail crossing,0,SLATON,TX,57.0,1,Dawn,Clear,Main,Freight Train,35,2533,16000,18533,M302,33.453406999999999,-101.65741800000001
CSX,000212170,2023-07-03,10:47 PM,Other (describe in narrative),0,WAMPUM,PA,72.0,4,Dark,Rain,Main,Freight Train,20,48867,0,48867,M404,40.865729000000002,-80.318423999999993
NS,118339,2015-11-23,1:42 PM,Other (describe in narrative),0,ROSSVILLE,TN,56.0,2,Day,Clear,Main,Yard/switching,10,0,14500,14500,H221,35.048108999999997,-89.568087000000006
TCT,580279,2018-05-04,8:00 AM,Derailment,0,TEXAS CITY,TX,85.0,2,Day,Clear,Yard,Yard/switching,4,10266,37594,47860,E64L,29.358841999999999,-94.926716999999996
NS,128988,2018-03-27,9:30 PM,Other (describe in narrative),0,CONWAY,PA,50.0,4,Dark,Rain,Yard,Yard/switching,2,42113,4376,46489,H702,40.672356000000001,-80.251823000000002
CSX,000218862,2024-06-24,5:30 PM,Other impacts,0,KINGSPORT,TN,89.0,2,Day,Cloudy,Yard,Single Car,5,5000,0,24000,H008,36.549664,-82.571194000000006
UP,1117SA022,2017-11-28,9:50 PM,Hwy-rail crossing,0,COTULLA,TX,68.0,4,Dark,Clear,Main,Freight Train,45,299099,35329,334428,M302,28.602267999999999,-99.189621000000002
NS,118087,2015-11-05,3:46 PM,Hwy-rail crossing,0,EAST BANGOR,PA,72.0,2,Day,Clear,Main,Freight Train,23,632,18360,18992,M302,40.877526000000003,-75.195931000000002
UP,0616HO017,2016-06-08,11:30 AM,Other impacts,0,HOUSTON,TX,90.0,2,Day,Cloudy,Yard,Single Car,0,11724,66,11790,M411,29.804317000000001,-95.305019999999999
NS,136048,2019-11-02,1:00 AM,Other impacts,0,CONWAY,PA,30.0,4,Dark,Clear,Yard,Cut of cars,0,10300,0,17374,H309,40.666555000000002,-80.249177000000003
TRE,TRE16002,2016-01-29,6:30 PM,Other (describe in narrative),0,FORT WORTH,TX,65.0,3,Dusk,Clear,Main,Commuter Train - Pushing,60,20000,0,20000,M501,32.765025999999999,-97.297416999999996
CSX,000213160,2023-08-27,4:00 PM,Derailment,0,MILAN,TN,90.0,2,Day,Clear,Industry,Cut of cars,0,85126,21000,106126,M103,35.922877999999997,-88.756770000000003
CP,1000444450,2016-09-04,3:13 AM,Derailment,0,ST PAUL,MN,60.0,4,Dark,Clear,Main,Freight Train,8,21101,0,39390,E46C,44.945469000000003,-93.059892000000005
NS,143972,2022-01-09,7:50 PM,Other impacts,0,WEST FAIRVIEW,PA,22.0,3,Dusk,Clear,Yard,Single Car,0,2000,1346,36026,H312,40.279806999999998,-76.922450999999995
BNSF,HL0718104,2018-07-03,11:29 PM,Derailment,0,MEMPHIS,TN,80.0,4,Dark,Clear,Yard,Yard/switching,7,36000,45000,81000,M599,35.022001000000003,-89.888220000000004
UP,0418HO013,2018-04-10,9:01 PM,Other impacts,0,LA PORTE,TX,79.0,4,Dark,Cloudy,Yard,Freight Train,3,40910,2984,131894,H607,29.683319999999998,-95.039597999999998
BNSF,RD0717113,2017-07-20,5:20 PM,Derailment,0,UVALDE,TX,94.0,2,Day,Clear,Main,Freight Train,45,2000,0,205099,E62C,29.276395999999998,-99.703947999999997
CSX,000219672,2024-07-30,6:45 PM,Derailment,0,NORTH VERSAILLES,PA,74.0,3,Dusk,Clear,Yard,Freight Train,4,2535,10260,12795,H702,40.386139,-79.846695999999994
CSX,000208508,2022-11-25,9:36 PM,Derailment,0,NASHVILLE,TN,45.0,4,Dark,Clear,Yard,Yard/switching,5,57697,26232,83929,E46C,36.112136,-86.770713000000001
NS,113597,2014-12-27,8:55 AM,Derailment,0,CRESSON,PA,38.0,2,Day,Cloudy,Main,Freight Train,4,56000,242271,298271,H503,40.460621000000003,-78.592945
RJCP,RJCP2001,2020-01-28,3:50 PM,Derailment,0,COMMODORE,PA,35.0,2,Day,Cloudy,Main,Freight Train,10,33000,33560,66560,T221,40.725890999999997,-78.924458999999999
MNCW,75627,2021-09-27,7:50 PM,Other impacts,0,CROTON ON HUDSON,NY,71.0,4,Dark,Cloudy,Yard,EMU,1,49938,0,74907,M507,41.194062000000002,-73.885142999999999
CSX,000218311,2024-05-26,7:30 PM,Derailment,0,WALBRIDGE,OH,75.0,3,Dusk,Rain,Yard,Freight Train,6,61736,9640,71376,H702,41.588217999999998,-83.496475000000004
SEPA,Y166,2021-07-13,1:22 PM,Hwy-rail crossing,0,SECANE,PA,90.0,2,Day,Clear,Main,EMU,55,14000,12826,26826,M308,39.917105999999997,-75.307181
BNSF,TX1115113,2015-11-27,6:25 AM,Derailment,0,CLAUDE,TX,23.0,1,Dawn,Snow,Main,Freight Train,14,3000,57528,60528,S011,35.086070999999997,-101.29336000000001
CSX,000213643,2023-09-20,6:35 AM,Raking collision,0,YEMASSEE,SC,70.0,1,Dawn,Clear,Main,Freight Train,42,64725,961,65686,M201,32.674821999999999,-80.857929999999996
BNSF,MT0922201,2022-09-07,5:35 PM,Hwy-rail crossing,0,JAVA,SD,89.0,3,Dusk,Clear,Main,Freight Train,36,1039752,270745,1310497,M302,45.514544000000001,-99.894220000000004
NS,130775,2018-08-30,2:30 PM,Derailment,0,NAZARETH,PA,89.0,2,Day,Clear,Main,Freight Train,18,12469,0,12469,M101,40.732343999999998,-75.322087999999994
UP,0217FW006,2017-02-05,5:00 AM,Other impacts,0,FORT WORTH,TX,52.0,4,Dark,Clear,Yard,Cut of cars,1,2667,0,13764,M408,32.728093000000001,-97.366263000000004
UP,1222PN020,2022-12-13,1:20 PM,Hwy-rail crossing,0,PORTLAND,OR,38.0,2,Day,Cloudy,Main,,0,0,99,12529,M303,45.511490999999999,-122.664902
BNSF,TC0219206,2019-02-25,6:00 AM,Hwy-rail crossing,0,MILBANK,SD,-5.0,1,Dawn,Snow,Main,Freight Train,35,1342547,200000,1846661,M302,45.224438999999997,-96.624436000000003
NS,118106,2015-11-07,9:45 AM,Derailment,0,CHATTANOOGA,TN,62.0,2,Day,Rain,Yard,Yard/switching,4,19000,15000,34000,H525,35.072248999999999,-85.255533999999997
UP,0823RM010,2023-08-08,6:59 PM,Other impacts,0,POCATELLO,ID,76.0,3,Dusk,Clear,Yard,Yard/switching,5,7982,150,19992,H021,42.857142000000003,-112.441363
IC,1099816,2022-04-14,9:15 PM,Derailment,0,MEMPHIS,TN,52.0,4,Dark,Clear,Yard,Freight Train,11,123331,275866,399197,E4AC,35.066740000000003,-90.097029000000006
CP,1001728010,2022-07-12,8:28 AM,Raking collision,0,BENSENVILLE,IL,73.0,2,Day,Cloudy,Yard,Yard/switching,6,12753,0,20866,H306,41.945073000000001,-87.892272000000006
NS,141400,2021-04-30,9:00 AM,Hwy-rail crossing,0,O'HARA TOWNSHIP,PA,50.0,2,Day,Rain,Main,Freight Train,15,476,20068,20544,M303,40.488351000000002,-79.868702999999996
BNSF,CH1018113,2018-10-19,4:00 PM,Obstruction,0,CARROLLTON,MO,67.0,2,Day,Clear,Main,Spec. MoW Equip.,23,30000,0,60000,H997,39.351888000000002,-93.490654000000006
NS,144077,2022-01-19,7:00 PM,Other impacts,0,CHATTANOOGA,TN,55.0,3,Dusk,Cloudy,Yard,Cut of cars,1,12310,0,12810,M408,35.072248999999999,-85.255533999999997
CRSH,120122,2016-04-13,1:35 AM,Derailment,0,PHILADELPHIA,PA,40.0,4,Dark,Clear,Industry,Yard/switching,1,10448,5000,15448,H307,39.921756000000002,-75.188114999999996
CSX,000206875,2022-08-25,8:11 AM,Derailment,0,NASHVILLE,TN,84.0,2,Day,Clear,Main,Freight Train,5,82228,31823,114051,M405,36.112136,-86.770713000000001
UP,0619GP019,2019-06-16,10:30 AM,Other impacts,0,NORTH PLATTE,NE,74.0,2,Day,Cloudy,Yard,Yard/switching,10,21830,600,22430,H307,41.149585000000002,-100.850463
UP,0117ES003,2017-01-02,10:31 PM,Obstruction,0,MOUNT PLEASANT,TX,50.0,4,Dark,Clear,Main,Work train,0,1620,5000,14814,H993,33.120114000000001,-94.972099999999998
CSX,000209550,2023-01-31,10:24 AM,Side collision,0,PHILADELPHIA,PA,39.0,2,Day,Cloudy,Yard,Freight Train,7,11461,0,13388,H306,39.898724999999999,-75.166970000000006
BNSF,TC0920201,2020-09-10,3:40 PM,Hwy-rail crossing,0,ALPENA,SD,68.0,2,Day,Clear,Main,Freight Train,37,14514,350,14864,M302,44.141677000000001,-98.334669000000005
NS,156592,2024-05-05,6:08 AM,Other (describe in narrative),0,CHATTANOOGA,TN,72.0,1,Dawn,Cloudy,Yard,Light loco(s),3,3700,12185,15885,H704,35.072249999999997,-85.255534999999995
NS,129152,2018-04-13,6:48 PM,Hwy-rail crossing,0,RIDGEVILLE,SC,70.0,3,Dusk,Clear,Main,Freight Train,29,16389,13863,30252,M303,33.095467999999997,-80.315042000000005
NS,114369,2015-02-15,3:00 AM,Derailment,0,WHITAKER,PA,1.0,4,Dark,Snow,Yard,Light loco(s),1,12931,317,13248,H702,40.408169999999998,-79.892651000000001
BNSF,HL0118114,2018-01-15,7:25 PM,Derailment,0,WILLOW SPRINGS,MO,6.0,3,Dusk,Clear,Main,Freight Train,37,4000,103500,107500,H995,36.930143000000001,-91.958742000000001
UP,0616LV003,2016-06-02,7:15 AM,Derailment,0,PORT ARTHUR,TX,80.0,1,Dawn,Rain,Industry,Freight Train,4,73005,20629,93634,E64C,29.874186999999999,-93.997300999999993
CRSH,140701,2021-02-22,12:45 AM,Derailment,0,TRAINER,PA,30.0,4,Dark,Clear,Yard,Work train,3,26334,5000,31334,M101,39.806265000000003,-74.434205000000006
NS,120696,2016-05-31,11:48 AM,Derailment,0,HARRISBURG,PA,85.0,2,Day,Clear,Main,Freight Train,7,30800,10158,40958,E34C,40.262663000000003,-76.877335000000002
BNSF,NW1019104,2019-10-08,9:53 PM,Derailment,0,PORTLAND,OR,40.0,4,Dark,Clear,Yard,,0,0,15280,15530,H607,45.561163000000001,-122.742305
IC,873949,2015-12-14,6:45 PM,Hwy-rail crossing,0,MEMPHIS,TN,52.0,4,Dark,Clear,Yard,Yard/switching,8,12995,25,13020,M302,35.088380000000001,-90.111632999999998
CSX,000175036,2018-03-05,8:00 PM,Derailment,0,BUFFALO,NY,34.0,4,Dark,Cloudy,Yard,Freight Train,10,17445,824,18269,H702,42.831943000000003,-78.838097000000005
CSX,000163469,2016-10-08,9:28 PM,Derailment,0,WALLACE,SC,65.0,4,Dark,Rain,Main,Freight Train,15,190549,57769,248318,M103,34.718899,-79.854024999999993
ATK,166177,2021-01-11,3:35 AM,Obstruction,0,HARRISON,NJ,25.0,4,Dark,Cloudy,Main,Maint./inspect Car,0,62000,1000,64000,H306,40.740357000000003,-74.154217000000003
NS,142722,2021-09-01,3:00 AM,Derailment,0,YORK HAVEN,PA,70.0,4,Dark,Rain,Main,Freight Train,38,1732,28926,30658,E60C,40.123378000000002,-76.735471000000004
CSX,000203564,2022-03-11,7:00 AM,Side collision,0,NASHVILLE,TN,40.0,1,Dawn,Clear,Yard,Yard/switching,10,54000,0,75250,H305,36.112136,-86.770713000000001
CSX,000207917,2022-10-19,6:57 PM,Other impacts,0,KINGSPORT,TN,38.0,3,Dusk,Cloudy,Yard,Yard/switching,9,24856,0,205394,E04C,36.551380000000002,-82.574088000000003
UP,0124HL021,2024-01-22,4:40 PM,Derailment,0,TOPEKA,KS,37.0,2,Day,Cloudy,Main,Freight Train,13,73064,487988,561052,E65C,39.068455,-95.659263999999993
NS,132242,2019-01-01,3:25 AM,Hwy-rail crossing,0,GREENVILLE,SC,50.0,4,Dark,Rain,Industry,Freight Train,4,13088,0,13088,M302,34.733907000000002,-82.375414000000006
SCRF,SCR534620,2020-01-03,4:40 AM,Derailment,0,HARTSVILLE,SC,45.0,4,Dark,Cloudy,Main,Freight Train,8,23800,208426,232226,E64C,34.368450000000003,-80.059715999999995
CSX,000215186,2023-12-21,2:30 PM,Other impacts,0,MEMPHIS,TN,58.0,2,Day,Clear,Yard,Freight Train,5,4000,0,17389,H516,35.16816,-89.962618000000006
SEPA,SEP050921,2021-05-09,11:00 PM,Fire/violent rupture,0,EXTON,PA,60.0,4,Dark,Clear,Main,EMU,40,15000,0,15000,E71L,40.021999000000001,-75.612962999999993
NS,151697,2022-12-12,12:55 AM,Derailment,0,CONWAY,PA,33.0,4,Dark,Clear,Yard,Yard/switching,5,34600,8360,42960,T221,40.672362,-80.251825999999994
UP,0518PD024,2018-05-24,5:30 PM,Derailment,0,PORTLAND,OR,86.0,2,Day,Clear,Yard,Yard/switching,4,17170,12600,29770,H704,45.550682999999999,-122.68879800000001
UP,0321HL007,2021-03-16,9:45 PM,Derailment,0,CHETOPA,KS,63.0,4,Dark,Cloudy,Main,Freight Train,36,7572,6600,14172,E53C,37.124513999999998,-95.124116000000001
BNSF,HL1217101,2017-12-01,1:50 PM,Derailment,0,MEMPHIS,TN,60.0,2,Day,Clear,Yard,Yard/switching,4,16350,117447,133797,M411,35.026080999999998,-89.892135999999994
UP,1119GC033,2019-11-24,8:24 AM,Derailment,0,LIVONIA,LA,43.0,2,Day,Clear,Yard,Yard/switching,8,60374,120347,180721,E07C,30.518380000000001,-91.546197000000006
BNSF,RD0718130,2018-07-21,9:00 PM,Derailment,0,SAGINAW,TX,98.0,4,Dark,Clear,Yard,Yard/switching,5,17024,3500,20524,H019,32.828372000000002,-97.356846000000004
RCPE,607318D,2018-03-16,1:00 AM,Derailment,0,PIERRE,SD,32.0,4,Dark,Cloudy,Main,Freight Train,0,94158,54501,148659,E53C,44.389009999999999,-99.99606
CSX,000185889,2019-10-10,6:49 PM,Side collision,0,NASHVILLE,TN,88.0,3,Dusk,Clear,Yard,Yard/switching,6,24911,0,25069,M408,36.112141999999999,-86.770736999999997
NS,151991,2023-01-12,6:25 PM,Other (describe in narrative),0,COLUMBIA,SC,60.0,3,Dusk,Rain,Yard,Yard/switching,5,326,15273,15599,H307,33.985295999999998,-81.039107000000001
NS,138728,2020-08-03,3:37 PM,Other impacts,0,CHATTANOOGA,TN,88.0,2,Day,Clear,Yard,Single Car,0,39785,0,41072,M411,35.060735999999999,-85.266797999999994
CSX,000210969,2023-04-24,5:10 PM,Derailment,0,MONCKS CORNER,SC,80.0,3,Dusk,Clear,Industry,Freight Train,5,28264,0,28264,H307,33.050185999999997,-80.031859999999995
CSX,000201135,2021-11-03,9:40 AM,Derailment,0,CLEVELAND,OH,42.0,2,Day,Clear,Yard,Single Car,0,12878,0,12878,E29C,41.571337999999997,-81.556839999999994
BNSF,TX0216200,2016-02-05,12:35 PM,Hwy-rail crossing,0,JUSTIN,TX,50.0,2,Day,Clear,Main,Freight Train,52,20357,0,20357,M302,33.112651999999997,-97.291431000000003
CSX,000220230,2024-08-29,11:44 PM,Side collision,0,ALIQUIPPA,PA,71.0,4,Dark,Clear,Industry,Freight Train,0,19264,0,76541,H307,40.617086999999998,-80.242335999999995
NS,139594,2020-10-27,4:27 PM,Obstruction,0,MONT CLARE,PA,57.0,3,Dusk,Clear,Main,Spec. MoW Equip.,20,15598,0,16884,H997,40.149219000000002,-75.521770000000004
LVRX,160401,2016-04-09,9:30 PM,Derailment,0,BETHLEHEM,PA,45.0,4,Dark,Cloudy,Yard,,0,0,20000,23850,M405,40.614390999999998,-75.378473