reportingrailroadcode,accidentnumber,date,time,accidenttype,hazmatreleasedcars,station,stateabbr,temperature,visibility_code,visibility,weathercondition,tracktype,equipmenttype,trainspeed,equipmentdamagecost,trackdamagecost,totaldamagecost,primaryaccidentcausecode,latitude,longitude
UP,0517HO027,2017-05-12,2:12 PM,Derailment,0,DEVERS,TX,78.0,2,Day,Clear,Main,Freight Train,27,9060,6672,15732,E52C,30.034482000000001,-94.620491999999999
NS,152969,2023-05-01,11:05 AM,Derailment,0,CHATTANOOGA,TN,63.0,2,Day,Clear,Yard,Light loco(s),5,30072,6210,36282,H220,35.007198000000002,-85.375513999999995
IHB,2165,2015-12-10,5:00 PM,Side collision,0,EAST CHICAGO,IN,53.0,4,Dark,Clear,Yard,Yard/switching,4,538542,2323,540865,H318,41.632776999999997,-87.457776999999993
UP,0221TO009,2021-02-15,1:20 PM,Derailment,0,LA MESA,NM,24.0,2,Day,Clear,Main,Freight Train,3,500,28000,28500,H705,31.986584000000001,-106.835452
UP,1218PN001,2018-12-01,10:33 AM,Derailment,0,LA GRANDE,OR,28.0,2,Day,Clear,Main,Freight Train,18,5212,32200,37412,E67C,45.362720000000003,-118.24108
NS,127406,2017-11-14,2:05 AM,Derailment,0,HARRISBURG,PA,34.0,4,Dark,Cloudy,Yard,Yard/switching,7,3,2350,55353,H704,40.258557000000003,-76.872595000000004
ATK,158717,2019-04-29,12:04 PM,Side collision,0,PHILADELPHIA,PA,61.0,2,Day,Clear,Yard,Light loco(s),3,496,11625,63747,H306,39.953147999999999,-75.138801999999998
BNSF,HL1016123,2016-10-28,10:30 AM,Derailment,0,MEMPHIS,TN,70.0,2,Day,Clear,Yard,Yard/switching,5,17855,130000,147855,M411,35.025899000000003,-89.892240999999999
CSX,000184659,2019-08-10,8:30 PM,Side collision,0,CHATTANOOGA,TN,90.0,3,Dusk,Clear,Yard,Freight Train,2,5362,0,65550,H999,35.012658000000002,-85.371482999999998
NJTR,202403145,2024-02-29,9:05 AM,Fire/violent rupture,0,GARFIELD,NJ,37.0,2,Day,Clear,Main,Commuter Train - Pulling,5,13900,0,13900,E73L,40.885044999999998,-74.102688999999998
NS,134626,2019-07-05,8:40 PM,Derailment,0,TUNNELHILL,PA,80.0,4,Dark,Clear,Main,Freight Train,22,675277,75438,750715,H506,40.496941999999997,-78.486025999999995
ATK,157734,2018-12-02,7:00 PM,Other (describe in narrative),0,PHILADELPHIA,PA,50.0,4,Dark,Cloudy,Yard,Work train,10,29976,0,29976,H601,39.976100000000002,-75.224180000000004
NS,132206,2018-12-27,2:20 PM,Other (describe in narrative),0,ENOLA,PA,44.0,2,Day,Clear,Yard,Freight Train,4,586,39002,39588,H702,40.313538999999999,-76.917349000000002
BNSF,RD0617125,2017-06-26,1:27 PM,Derailment,0,CLEVELAND,TX,89.0,2,Day,Clear,Main,Freight Train,49,16664,23000,39664,M404,30.425432000000001,-94.898680999999996
CSX,000172031,2017-10-05,8:30 PM,Side collision,0,FLORENCE,SC,71.0,4,Dark,Clear,Yard,Cut of cars,0,15730,0,18730,H301,34.198275000000002,-79.762501999999998
UP,0617FW026,2017-06-23,5:30 PM,Derailment,0,LORAINE,TX,55.0,2,Day,Rain,Main,Freight Train,40,3017186,326950,3344136,M105,32.396362000000003,-100.768902
CSX,000177077,2018-06-17,4:15 PM,Derailment,0,CORNERSVILLE,TN,85.0,2,Day,Clear,Siding,Freight Train,11,421748,0,546157,T213,35.340719999999997,-86.845115000000007
ATK,141333,2016-02-23,10:05 PM,Derailment,0,PHILADELPHIA,PA,42.0,4,Dark,Rain,Main,Light loco(s),1,24548,0,24548,H303,39.965528999999997,-75.187523999999996
CSX,000201287,2021-11-12,3:00 PM,Other impacts,0,PHILADELPHIA,PA,68.0,2,Day,Clear,Yard,Cut of cars,2,4290,100,41389,H318,39.898302000000001,-75.167339999999996
BNSF,RD0417128,2017-04-10,9:45 AM,Derailment,0,GARY,TX,78.0,2,Day,Clear,Main,Maint./inspect Car,10,65900,0,65900,M599,32.068418999999999,-94.380606
NS,141247,2021-04-15,5:50 PM,Other impacts,0,BELLEVUE,OH,55.0,3,Dusk,Clear,Yard,Single Car,4,600,0,40455,M408,41.289368000000003,-82.792730000000006
FWWR,16090301,2016-09-03,8:00 AM,Derailment,0,EVERMAN,TX,73.0,2,Day,Clear,Yard,Freight Train,3,52000,0,111513,M404,32.744036999999999,-97.31729
NS,153549,2023-07-07,9:45 AM,Derailment,0,CONWAY,PA,84.0,2,Day,Clear,Yard,Single Car,3,25550,5342,30892,E30C,40.672362,-80.251825999999994
ATK,137028,2015-02-07,11:01 AM,Fire/violent rupture,0,VILLANOVA,PA,35.0,2,Day,Cloudy,Main,,0,0,0,14319,E74L,40.038366000000003,-75.341126000000003
KCS,22020502,2022-02-05,6:00 AM,Derailment,0,VICKSBURG,MS,25.0,4,Dark,Cloudy,Main,Freight Train,12,145000,8731,153731,M101,32.344355,-90.876143999999996
RCPE,RCP139016D,2016-11-16,3:20 AM,Derailment,0,HOT SPRINGS,SD,38.0,4,Dark,Cloudy,Main,Freight Train,11,165275,100000,265275,T220,43.352181000000002,-103.259286
ATK,151016,2017-12-18,7:46 PM,Hwy-rail crossing,0,SAN MARCOS,TX,56.0,4,Dark,Fog,Main,Passenger Train - Pulling,50,19455,0,20305,M302,29.859911,-97.956389000000001
ATK,170755,2022-05-30,12:00 PM,Hwy-rail crossing,0,HANAHAN,SC,78.0,3,Dusk,Clear,Main,Passenger Train - Pulling,73,13705,0,13800,M402,32.931533000000002,-80.028735999999995
CSX,000195339,2021-01-28,9:04 AM,Fire/violent rupture,0,NASHVILLE,TN,30.0,2,Day,Cloudy,Main,Freight Train,0,178300,0,178300,E73L,36.229377999999997,-86.731413000000003
SEPA,SEPA122122,2022-12-21,11:03 AM,Side collision,0,YARDLEY,PA,30.0,2,Day,Clear,Main,Spec. MoW Equip.,0,180000,0,180000,H212,40.202742000000001,-74.876414999999994
NS,141974,2021-06-23,1:30 PM,Derailment,0,NORRIS,SC,79.0,2,Day,Clear,Main,Freight Train,26,670205,543788,1213993,E40C,34.759853999999997,-82.755098000000004
NBER,NBER050224,2024-05-02,9:30 AM,Hwy-rail crossing,0,PORT MATILDA,PA,70.0,3,Dusk,Clear,Main,Freight Train,40,12335,1622,13957,M302,40.833292,-78.007670000000005
UP,0716HO034,2016-07-20,6:45 AM,Derailment,0,DAYTON,TX,85.0,1,Dawn,Clear,Main,,0,0,129052,214316,H503,29.983803000000002,-94.909915999999996
NS,140624,2021-02-16,1:25 PM,Other impacts,0,CONWAY,PA,25.0,2,Day,Snow,Yard,Single Car,5,4000,10736,17736,M411,40.672361000000002,-80.251825999999994
NS,127615,2017-12-02,3:08 PM,Derailment,0,CONWAY,PA,45.0,2,Day,Clear,Yard,Yard/switching,2,18967,40264,59231,H306,40.672356000000001,-80.251823000000002
NS,128026,2018-01-06,7:20 PM,Derailment,0,CHATTANOOGA,TN,18.0,3,Dusk,Clear,Yard,Cut of cars,0,457,0,86775,E30C,35.060735999999999,-85.266797999999994
TCT,580256,2015-11-09,3:50 PM,Other impacts,0,TEXAS CITY,TX,65.0,2,Day,Clear,Yard,Yard/switching,2,100000,0,100000,H099,29.210819999999998,-94.560913999999997
PN,4121601,2016-04-12,3:35 PM,Derailment,0,HATFIELD,PA,56.0,2,Day,Clear,Siding,Yard/switching,8,7000,79000,86000,H521,40.288857999999998,-75.298287000000002
NS,153062,2023-05-10,11:10 PM,Derailment,0,NEW CASTLE,PA,60.0,4,Dark,Cloudy,Main,Freight Train,5,599644,237159,836803,E53C,40.969845999999997,-80.381105000000005
CORP,COR620620D,2020-11-30,8:50 AM,Derailment,0,OAKLAND,OR,40.0,2,Day,Cloudy,Main,Freight Train,1,30000,0,30000,H522,43.527392999999996,-123.283
NS,143419,2021-11-08,9:28 PM,Derailment,0,PAXTANG,PA,48.0,4,Dark,Clear,Yard,Freight Train,1,32150,4208,36358,H503,40.255322999999997,-76.816979000000003
BNSF,PR0117104,2017-01-08,2:45 AM,Derailment,0,SEWARD,NE,-1.0,4,Dark,Clear,Main,Freight Train,47,4711,28000,32711,E61C,40.874139999999997,-97.090215000000001
UP,0122GP046,2022-01-31,11:00 PM,Derailment,0,NORTH PLATTE,NE,36.0,4,Dark,Clear,Yard,Freight Train,5,36574,363678,400252,H508,41.146653000000001,-100.80054699999999
UP,0322PN004,2022-03-05,4:22 AM,Other impacts,0,EUGENE,OR,41.0,1,Dawn,Cloudy,Yard,Yard/switching,0,27342,4000,70823,H301,44.082510999999997,-123.148597
CSX,000193388,2020-10-21,8:12 AM,Other impacts,0,NASHVILLE,TN,65.0,2,Day,Clear,Yard,Cut of cars,7,41160,0,173765,E31C,36.112141999999999,-86.770736999999997
NS,113218,2014-11-30,12:12 AM,Derailment,0,FOUNTAIN HILL,PA,30.0,4,Dark,Clear,Yard,Yard/switching,8,19000,1500,20500,H018,40.611936999999998,-75.426702000000006
NS,153868,2023-08-09,9:34 AM,Side collision,0,ELKHART,IN,76.0,2,Day,Clear,Yard,Yard/switching,16,4883,0,13744,H307,41.677391999999998,-85.978437
NS,151304,2022-10-28,11:07 AM,Other impacts,0,COLUMBIA,SC,81.0,2,Day,Clear,Yard,Single Car,0,28269,0,28269,H312,33.985295999999998,-81.039107000000001
NS,138297,2020-06-22,10:30 AM,Derailment,0,GREER,SC,82.0,2,Day,Clear,Yard,Freight Train,4,18400,42579,60979,H702,34.935265000000001,-82.225496000000007
UP,0318SA001,2018-03-02,2:45 AM,Fire/violent rupture,0,SAN ANTONIO,TX,70.0,4,Dark,Cloudy,Main,Freight Train,30,17526,150,17676,E73L,29.549759999999999,-98.383465000000001
NIRC,2019071271,2019-02-21,6:20 PM,Other impacts,0,EAST HAZELCREST,IL,30.0,4,Dark,Cloudy,Yard,,0,0,27600,43685,H020,41.581991000000002,-87.657700000000006
NS,116612,2015-07-20,10:15 PM,Derailment,0,CONWAY,PA,72.0,4,Dark,Cloudy,Yard,Light loco(s),4,12751,1051,13802,H702,40.672361000000002,-80.251825999999994
UP,1223PN008,2023-12-07,3:13 AM,Other impacts,0,STANFIELD,OR,39.0,4,Dark,Clear,Yard,Single Car,0,100,0,48944,H312,45.796308000000003,-119.268298
BNSF,SF0815103,2015-08-10,12:10 AM,Derailment,0,MEMPHIS,TN,82.0,4,Dark,Cloudy,Yard,Yard/switching,4,77648,559867,637515,H508,35.031056999999997,-89.901077000000001
CSX,000176561,2018-05-23,8:47 PM,Derailment,0,NASHVILLE,TN,62.0,4,Dark,Clear,Yard,Yard/switching,4,52301,59466,111767,H799,36.112141999999999,-86.770736999999997
BNSF,HL1122109,2022-11-19,2:25 AM,Derailment,0,MEMPHIS,TN,35.0,4,Dark,Clear,Yard,Yard/switching,2,15000,2400,17400,H607,35.029474,-89.899209999999997
CRSH,128893,2018-03-17,5:40 PM,Raking collision,0,MORRISVILLE,PA,45.0,3,Dusk,Clear,Yard,Yard/switching,3,6315,550,11458,H018,40.194232999999997,-74.802160999999998
UP,0216FW002,2016-02-06,7:39 AM,Fire/violent rupture,0,KOSSE,TX,33.0,2,Day,Clear,Main,Freight Train,20,52391,0,52391,E74L,31.280705000000001,-96.636887000000002
IC,1153150,2024-06-26,4:35 PM,Derailment,0,MEMPHIS,TN,89.0,2,Day,Cloudy,Main,,0,33066,83299,116365,H508,34.992818999999997,-90.030624000000003
BNSF,SF0816116,2016-08-29,9:45 AM,Derailment,0,MEMPHIS,TN,92.0,2,Day,Clear,Yard,Yard/switching,4,12199,500,12699,M411,35.028030999999999,-89.892152999999993
IC,1139047,2023-09-19,3:44 PM,Side collision,0,MEMPHIS,TN,84.0,2,Day,Clear,Yard,Freight Train,5,12102,0,21687,H307,35.080716000000002,-90.044200000000004
NS,128306,2018-01-27,7:30 AM,Derailment,0,CARLISLE,SC,45.0,1,Dawn,Clear,Main,Freight Train,7,27500,17014,44514,E30C,34.498126999999997,-81.420092999999994
NS,152340,2023-02-16,11:15 PM,Other (describe in narrative),0,NEW BOSTON,OH,35.0,4,Dark,Rain,Yard,Light loco(s),5,20000,1646,21646,H702,38.746476999999999,-82.938604999999995
SRN,1601,2016-03-01,11:45 AM,Derailment,0,MAURICEVILLE,TX,68.0,2,Day,Clear,Yard,Freight Train,10,120800,26650,147450,M507,30.219559,-93.823645999999997
NS,142996,2021-09-30,5:00 AM,Derailment,0,COLUMBIA,SC,70.0,1,Dawn,Clear,Yard,Yard/switching,9,136132,38141,174273,E99C,33.985295999999998,-81.039106000000004
SEPA,38708,2020-02-23,7:58 PM,Derailment,0,PHILADELPHIA,PA,47.0,4,Dark,Clear,Yard,EMU,5,41331,1925,43256,H303,40.018920999999999,-75.163092000000006
SEPA,25751,2018-01-04,9:40 AM,Hwy-rail crossing,0,HUNTINGDON VALLEY,PA,29.0,2,Day,Clear,Main,Passenger Train - Pulling,70,15000,0,15000,M301,40.113999,-75.071005
UP,0921MA033,2021-09-29,2:39 PM,Derailment,0,MEMPHIS,TN,83.0,2,Day,Cloudy,Main,Freight Train,4,7078,22918,29996,H503,35.127318000000002,-90.062910000000002
UP,0917LV010,2017-09-17,8:15 PM,Other impacts,0,ADDIS,LA,75.0,4,Dark,Rain,Yard,Single Car,0,12790,0,32922,H995,30.358988,-91.269232000000002
CSX,000211254,2023-05-08,11:15 PM,Other impacts,0,NASHVILLE,TN,60.0,4,Dark,Clear,Yard,Single Car,2,49,0,15680,E69C,36.112157000000003,-86.770728000000005
BNSF,HL0221102,2021-02-04,6:45 AM,Side collision,0,MEMPHIS,TN,36.0,1,Dawn,Clear,Yard,Yard/switching,2,0,0,48781,M408,35.026983000000001,-89.893918999999997
UP,0719PN009,2019-07-13,9:33 AM,Derailment,0,KLAMATH FALLS,OR,56.0,2,Day,Clear,Siding,Freight Train,4,42314,36375,78689,H702,42.193913999999999,-121.77080100000001
UP,0317HO061,2017-03-24,9:00 AM,Other (describe in narrative),0,HOUSTON,TX,72.0,2,Day,Clear,Main,Yard/switching,10,0,97399,97399,H306,29.796317999999999,-95.295609999999996
ATK,154341,2018-07-18,11:50 PM,Derailment,0,RENSSELAER,NY,63.0,4,Dark,Clear,Yard,Yard/switching,5,58339,400,58739,H307,42.652579000000003,-73.756231999999997
UP,0216HO029,2016-02-24,5:52 PM,Raking collision,0,GALENA PARK,TX,65.0,2,Day,Clear,Industry,Single Car,2,6572,0,15132,H318,29.732035,-95.256489999999999
NS,151478,2022-11-16,1:15 AM,Other impacts,0,CHATTANOOGA,TN,40.0,4,Dark,Clear,Yard,Single Car,0,12500,0,50551,H308,35.007198000000002,-85.375513999999995
CSX,000166016,2017-01-16,7:35 PM,Other impacts,0,WILLARD,OH,38.0,4,Dark,Clear,Yard,Freight Train,0,0,180,35583,H021,41.059857000000001,-82.723963999999995
BNSF,KS1115104,2015-11-16,7:20 PM,Derailment,0,PAMPA,TX,62.0,4,Dark,Rain,Main,Freight Train,0,40547,10300,50847,M102,35.620365999999997,-100.796725
CSX,000216252,2024-02-17,4:20 AM,Derailment,0,SELLERS,SC,57.0,4,Dark,Clear,Main,Freight Train,40,840621,168877,1009498,E53C,34.313693999999998,-79.450702000000007
CSX,000185442,2019-09-19,4:00 PM,Hwy-rail crossing,0,ORA,SC,75.0,3,Dusk,Clear,Main,Freight Train,21,16189,2791,18980,M308,34.621689000000003,-81.979360999999997
CSX,000179532,2018-10-26,8:03 AM,Fire/violent rupture,0,MEYERSDALE,PA,36.0,2,Day,Cloudy,Main,Freight Train,20,136887,0,136887,E72L,39.830770999999999,-78.938595000000007
BNSF,NW0219113,2019-02-13,7:47 PM,Derailment,0,PORTLAND,OR,39.0,3,Dusk,Cloudy,Yard,Freight Train,6,12466,19397,31863,H307,45.634346000000001,-122.74642900000001
BNSF,RD0117109,2017-01-17,10:15 PM,Derailment,0,DAYTON,TX,61.0,4,Dark,Rain,Yard,Yard/switching,10,5137,10000,15137,H312,30.003834000000001,-94.907854
NS,127511,2017-11-20,6:47 AM,Raking collision,0,WEST FAIRVIEW,PA,42.0,1,Dawn,Clear,Yard,Yard/switching,1,20100,0,20100,S016,40.279806999999998,-76.922450999999995
CRSH,128320,2018-01-29,5:25 AM,Obstruction,0,CAMDEN,NJ,41.0,1,Dawn,Clear,Main,Freight Train,11,35700,0,35700,M404,39.941470000000002,-75.112903000000003
ATK,150119,2017-10-22,11:20 PM,Other impacts,0,BOSTON,MA,62.0,4,Dark,Fog,Yard,Light loco(s),1,3999,0,25672,H522,42.331417999999999,-71.060254
NS,128226,2018-01-21,3:00 AM,Derailment,0,BELLEVUE,OH,32.0,4,Dark,Clear,Yard,Yard/switching,6,2158,900,21118,M407,41.288305999999999,-82.801342000000005
NS,154109,2023-09-04,4:00 AM,Side collision,0,09612,MO,74.0,1,Dawn,Clear,Yard,Yard/switching,8,6976,0,20928,H702,38.698473,-90.223315999999997
IC,1015041,2019-10-08,5:15 AM,Side collision,0,MEMPHIS,TN,53.0,4,Dark,Clear,Yard,Single Car,0,57936,0,155158,M599,35.168469999999999,-90.048775000000006
CSX,000207948,2022-10-21,8:20 AM,Hwy-rail crossing,0,GREENWOOD,SC,40.0,2,Day,Clear,Main,Freight Train,44,121,17455,17576,M308,34.197864000000003,-82.148042000000004
CSX,000168462,2017-04-23,1:52 AM,Derailment,0,SELKIRK,NY,40.0,4,Dark,Clear,Yard,Freight Train,4,5877,4884,10761,H525,42.565902999999999,-73.854184000000004
NS,156656,2024-05-10,12:45 AM,Other impacts,0,OAKWOD,MI,50.0,4,Dark,Clear,Yard,Yard/switching,7,20300,1500,55800,H306,42.279663999999997,-83.167820000000006
BNSF,HL0124105,2024-01-09,11:10 AM,Derailment,0,BELLWOOD,NE,25.0,2,Day,Clear,Industry,Light loco(s),4,15500,500,16000,M101,41.403269000000002,-97.283597999999998
BNSF,MT0520103,2020-05-26,6:30 AM,Derailment,0,MOBRIDGE,SD,60.0,1,Dawn,Fog,Main,Freight Train,34,52737,20000,72737,E51C,45.529215000000001,-100.421615
UP,0516HO033,2016-05-31,9:15 PM,Derailment,0,LA PORTE,TX,75.0,4,Dark,Cloudy,Yard,Freight Train,3,1129,19749,20878,S007,29.68319,-95.039147999999997
UP,0916LV009,2016-09-10,12:15 AM,Other impacts,0,BEAUMONT,TX,87.0,4,Dark,Clear,Yard,Freight Train,6,11938,0,22420,H602,30.072189999999999,-94.157447000000005
KCS,16062803,2016-06-28,3:29 PM,Derailment,0,JURY,TX,95.0,2,Day,Clear,Industry,Yard/switching,10,28708,52049,80757,H703,33.252505999999997,-94.069564999999997
RCPE,RCP507523G,2023-08-18,7:15 PM,Hwy-rail crossing,0,ELKTON,SD,75.0,3,Dusk,Clear,Main,Freight Train,32,505000,300000,805000,M301,44.239994000000003,-96.489221000000001
SEPA,29464,2018-08-29,2:46 PM,Fire/violent rupture,0,GLENSIDE,PA,95.0,2,Day,Clear,Main,Passenger Train - Pulling,0,175000,0,175000,M406,40.101111000000003,-75.154167000000001
NS,121965,2016-09-07,12:45 AM,Derailment,0,READING,PA,65.0,4,Dark,Clear,Yard,Light loco(s),5,23714,0,23714,H702,40.345779999999998,-75.923080999999996
FEC,X21062519,2019-06-25,4:43 PM,Hwy-rail crossing,0,LANTANA,FL,95.0,2,Day,Clear,Main,,0,0,16390,31675,M308,26.343518,-80.031334000000001
NS,152912,2022-11-20,4:40 PM,Other (describe in narrative),0,ALTOONA,PA,17.0,3,Dusk,Clear,Yard,Yard/switching,6,2000,24000,26000,H702,40.542031999999999,-78.375782999999998
TXPF,11272016,2016-11-27,2:45 AM,Derailment,0,COLEMAN,TX,51.0,4,Dark,Clear,Yard,,0,0,2817,89215,H307,31.776702,-99.374189000000001
NERR,12120,2020-12-01,4:42 PM,Hwy-rail crossing,0,NASHVILLE,TN,40.0,3,Dusk,Clear,Main,,0,0,0,75000,M302,36.17747,-86.630359999999996
CRSH,130133,2018-07-08,3:31 PM,Raking collision,0,MARCUS HOOK,PA,80.0,2,Day,Clear,Industry,Single Car,0,9540,0,14015,H302,39.813640999999997,-75.418454999999994
UP,0616HO019,2016-06-09,1:48 AM,Derailment,0,HOUSTON,TX,70.0,4,Dark,Cloudy,Yard,Yard/switching,4,96410,35276,251992,H702,29.789974000000001,-95.298225000000002
UP,0324PN002,2024-03-03,7:55 AM,Hwy-rail crossing,0,JUNCTION CITY,OR,35.0,2,Day,Rain,Main,,0,0,0,27929,M308,44.149382000000003,-123.183091
BNSF,NW1218111,2018-12-12,7:30 AM,Other impacts,0,BEND,OR,32.0,1,Dawn,Clear,Yard,Freight Train,4,13500,0,13500,H018,44.030431,-121.28897600000001
UP,0218PD010,2018-02-07,9:28 PM,Fire/violent rupture,0,STANFIELD,OR,63.0,4,Dark,Clear,Yard,Single Car,0,28194,0,28194,M401,45.790215000000003,-119.23923600000001
UP,0117KC012,2017-01-23,5:00 AM,Other impacts,0,KANSAS CITY,KS,32.0,4,Dark,Cloudy,Yard,Cut of cars,0,22972,0,23670,H021,39.141657000000002,-94.622349999999997
BNSF,CH0816111,2016-08-16,3:40 AM,Derailment,0,CHICAGO,IL,78.0,4,Dark,Rain,Yard,Freight Train,4,20250,0,20250,H504,41.816871999999996,-87.716572999999997
ATK,142340,2016-05-10,7:06 AM,Other (describe in narrative),0,ELIZABETHTOWN,PA,55.0,2,Day,Rain,Main,Passenger Train - Pulling,43,17848,13480,31328,E78L,40.134573000000003,-76.591161
NS,114715,2015-03-06,11:30 PM,Derailment,0,SANKERTOWN,PA,10.0,4,Dark,Cloudy,Yard,Light loco(s),5,120,14256,14376,H702,40.466876999999997,-78.588003
NS,138728,2020-08-03,3:37 PM,Other impacts,0,CHATTANOOGA,TN,88.0,2,Day,Clear,Yard,Single Car,3,800,487,41072,M411,35.060735999999999,-85.266797999999994
CP,1000438442,2016-08-19,6:20 AM,Derailment,0,ST PAUL,MN,65.0,1,Dawn,Cloudy,Yard,Cut of cars,0,8886,107378,371040,H523,44.924666000000002,-93.020521000000002
UP,0817ST006,2017-08-07,4:30 AM,Hwy-rail crossing,0,FABENS,TX,75.0,4,Dark,Clear,Main,Freight Train,69,500,13705,14205,M302,31.544464000000001,-106.18615800000001
BNSF,SF0615100,2015-06-01,7:00 AM,Derailment,0,MEMPHIS,TN,70.0,1,Dawn,Cloudy,Yard,Freight Train,7,25934,152212,178146,H704,35.03772,-89.911897999999994
BNSF,RD0717116,2017-07-23,2:00 AM,Side collision,0,SILSBEE,TX,72.0,4,Dark,Clear,Yard,Yard/switching,9,46235,9500,73279,H318,30.351524000000001,-94.184657999999999
NS,154104,2023-09-02,9:30 PM,Derailment,0,CHATTANOOGA,TN,75.0,4,Dark,Clear,Yard,Light loco(s),6,0,20000,20000,H303,35.007198000000002,-85.375513999999995
CSX,000173412,2017-12-13,10:55 AM,Side collision,0,CONNELLSVILLE,PA,23.0,2,Day,Cloudy,Yard,Freight Train,0,36449,100,41627,H399,40.015495999999999,-79.591662999999997
CSX,000211523,2023-05-27,12:00 PM,Derailment,0,NORTH CHARLESTON,SC,62.0,2,Day,Rain,Yard,Cut of cars,10,268050,1600,269650,H318,32.856924999999997,-80.022907000000004
UP,0923PN027,2023-09-23,5:25 AM,Other impacts,0,PORTLAND,OR,57.0,1,Dawn,Cloudy,Yard,Yard/switching,0,2,150,27008,H021,45.553373000000001,-122.693198
UP,0221PN004,2021-02-06,12:26 PM,Other impacts,0,PORTLAND,OR,42.0,2,Day,Cloudy,Yard,Cut of cars,0,0,0,38066,H318,45.550052999999998,-122.690056
CRSH,115640,2015-05-12,9:20 PM,Derailment,0,PHILADELPHIA,PA,70.0,4,Dark,Clear,Yard,,0,0,767792,31538754,H999,40.001643999999999,-75.09366
ATK,173625,2023-02-02,4:09 AM,Derailment,0,LANCASTER,PA,30.0,4,Dark,Clear,Siding,Work train,9,31114,2000,33114,H307,40.048310999999998,-76.271546000000001
NS,130251,2018-07-18,12:10 PM,Obstruction,0,MEMPHIS,TN,92.0,2,Day,Clear,Yard,Yard/switching,3,124,0,124,M402,35.123111999999999,-90.022948999999997
UP,0416HO004,2016-04-03,9:05 AM,Derailment,0,HOUSTON,TX,60.0,2,Day,Cloudy,Yard,Yard/switching,9,7475,6105,13580,S102,29.836193000000002,-95.288492000000005
NS,143285,2021-10-27,9:35 AM,Hwy-rail crossing,0,CHAMBERSBURG,PA,70.0,2,Day,Clear,Main,Spec. MoW Equip.,2,26500,0,26500,M302,39.857089000000002,-77.695244000000002
UP,0317FW039,2017-03-25,6:10 PM,Derailment,0,FORT WORTH,TX,70.0,2,Day,Clear,Main,Yard/switching,5,250511,1174,251685,H508,32.745137999999997,-97.326285999999996
NS,124378,2017-03-18,3:26 AM,Other impacts,0,ALLENTOWN,PA,35.0,4,Dark,Cloudy,Yard,Yard/switching,8,9400,8048,17538,H602,40.611930000000001,-75.426705999999996
BNSF,PR0817100,2017-08-03,12:30 AM,Derailment,0,MINATARE,NE,62.0,4,Dark,Cloudy,Main,Freight Train,20,34295,3000,37295,E59C,41.771158,-103.386528
NS,121488,2016-07-31,10:25 AM,Other (describe in narrative),0,BELLEVUE,PA,80.0,2,Day,Clear,Main,Freight Train,34,12,25000,25012,H221,40.488010000000003,-80.058441999999999
NS,157358,2024-07-13,9:31 AM,Other (describe in narrative),0,SAXON,SC,82.0,2,Day,Clear,Yard,Freight Train,5,56100,9500,65600,H702,34.961143999999997,-81.957402999999999
NS,128159,2018-01-16,7:25 PM,Derailment,1,MASCOT,TN,19.0,3,Dusk,Snow,Yard,Freight Train,3,73006,70614,143620,H306,36.033005000000003,-83.817278000000002
ATK,169968,2022-03-05,8:22 PM,Hwy-rail crossing,0,GLENDORA,MS,62.0,4,Dark,Clear,Main,Passenger Train - Pulling,79,26067,0,26067,M302,34.014232999999997,-90.281498999999997
PR,2015090310,2015-09-18,10:55 PM,Other (describe in narrative),0,CROSS,SC,80.0,4,Dark,Clear,Industry,Freight Train,4,41507,0,41507,M599,33.241596999999999,-79.986446999999998
NS,131205,2018-10-05,11:30 AM,Other impacts,0,SPARTANBURG,SC,75.0,2,Day,Clear,Main,Spec. MoW Equip.,5,10000,3888,23888,H997,34.952787000000001,-81.904522
ATK,168772,2021-05-09,11:00 PM,Fire/violent rupture,0,EXTON,PA,60.0,4,Dark,Clear,Main,,0,0,0,15000,E71L,40.021999000000001,-75.612962999999993
BNSF,GC0816112,2016-08-27,5:00 AM,Raking collision,0,THOMPSONS,TX,78.0,1,Dawn,Clear,Industry,Freight Train,5,3231798,0,3301798,M501,29.476026000000001,-95.639562999999995
NS,119740,2016-03-15,1:50 PM,Derailment,0,READING,PA,57.0,2,Day,Clear,Siding,Freight Train,10,36750,800,37550,H702,40.345781000000002,-75.923080999999996
PNWR,PNW336923D,2023-02-23,9:15 PM,Derailment,0,CORVALLIS,OR,23.0,4,Dark,Cloudy,Main,Freight Train,24,87150,41081,128231,T220,44.599674,-123.235191
UP,0316SA004,2016-03-08,5:30 PM,Derailment,0,EAGLE PASS,TX,78.0,2,Day,Cloudy,Yard,Freight Train,4,12106,130215,142321,H523,28.697253,-100.50155700000001
NS,129447,2018-05-13,1:15 PM,Derailment,0,CONWAY,PA,77.0,2,Day,Cloudy,Yard,Light loco(s),1,26866,0,26866,H306,40.672356000000001,-80.251823000000002
BNSF,HL0224109,2024-02-09,5:30 PM,Derailment,0,MEMPHIS,TN,64.0,3,Dusk,Rain,Yard,Yard/switching,6,8792,1600,10392,H523,35.023181000000001,-89.889788999999993