reportingrailroadcode,accidentnumber,date,time,accidenttype,hazmatreleasedcars,station,stateabbr,temperature,visibility_code,visibility,weathercondition,tracktype,equipmenttype,trainspeed,equipmentdamagecost,trackdamagecost,totaldamagecost,primaryaccidentcausecode,latitude,longitude
CSX,000182926,2019-05-12,3:45 AM,Derailment,0,FLORENCE,SC,71.0,4,Dark,Clear,Yard,Freight Train,5,6000,52850,58850,M599,34.201571000000001,-79.723526000000007
NS,145306,2022-05-19,10:50 AM,Other (describe in narrative),0,SAXON,SC,88.0,2,Day,Clear,Yard,Freight Train,2,20315,64435,84750,H702,34.961143,-81.957402999999999
GICX,0317FL450,2017-03-24,9:00 PM,Derailment,0,HARLEYVILLE,SC,45.0,4,Dark,Clear,Yard,Yard/switching,6,128000,46494,174494,T221,33.239443000000001,-80.443524999999994
UP,0816PC002,2016-08-10,1:05 PM,Other (describe in narrative),0,DILLON,MT,76.0,2,Day,Clear,Main,Spec. MoW Equip.,25,47000,0,47000,H997,45.527067000000002,-112.70259799999999
NS,121433,2016-07-28,1:15 AM,Derailment,0,OBERLIN,PA,74.0,4,Dark,Clear,Yard,Yard/switching,16,13517,0,13517,H306,40.256385999999999,-76.802177999999998
XTGS,F0122015,2015-11-24,3:00 AM,Derailment,0,EVADALE,TX,42.0,4,Dark,Clear,Siding,Yard/switching,4,45000,0,85000,H702,30.355696999999999,-94.045876000000007
CSX,000161174,2016-07-09,6:40 PM,Other impacts,0,BERLIN,PA,79.0,3,Dusk,Clear,Industry,Light loco(s),4,34085,0,34085,H306,39.911344,-79.167761999999996
UP,0518PD007,2018-05-08,7:00 PM,Other impacts,0,STANFIELD,OR,82.0,4,Dark,Rain,Yard,Single Car,5,31131,0,38426,M105,45.796647,-119.263273
NS,116267,2015-06-26,9:45 PM,Other impacts,0,FOUNTAIN HILL,PA,72.0,4,Dark,Clear,Yard,Yard/switching,7,1938,750,22588,H305,40.611936999999998,-75.426702000000006
UP,0519PN004,2019-05-09,11:02 AM,Other impacts,0,STANFIELD,OR,66.0,2,Day,Clear,Yard,Cut of cars,0,5268,49211,110112,H318,45.796441000000002,-119.269778
PNWR,PNW737118D,2018-07-25,11:30 PM,Derailment,0,EDDYVILLE,OR,70.0,4,Dark,Clear,Main,Freight Train,15,282000,50866,332866,M599,44.651263,-123.621388
CSX,000187302,2019-12-22,7:14 PM,Other impacts,0,NASHVILLE,TN,44.0,3,Dusk,Rain,Yard,Single Car,0,0,320,27153,H999,36.112141999999999,-86.770736999999997
NS,139216,2020-09-21,11:15 AM,Other (describe in narrative),0,KNOXVILLE,TN,74.0,2,Day,Clear,Industry,,0,0,17420,17420,H702,36.000120000000003,-83.955321999999995
CSX,000170469,2017-07-25,10:50 AM,Other impacts,0,INDIANAPOLIS,IN,72.0,2,Day,Cloudy,Yard,Single Car,6,15058,0,15386,E04C,39.759791,-86.327526000000006
UP,0222PN014,2022-02-16,8:00 AM,Derailment,0,PORTLAND,OR,43.0,2,Day,Cloudy,Yard,Freight Train,4,7000,74528,81528,H503,45.552098999999998,-122.69258600000001
UP,0616SA016,2016-06-18,8:45 PM,Hwy-rail crossing,0,COOKS POINT,TX,89.0,2,Day,Clear,Main,Freight Train,47,544434,238810,783244,M302,30.577731,-96.613770000000002
BNSF,HL1116114,2016-11-28,7:15 AM,Other (describe in narrative),0,MEMPHIS,TN,60.0,1,Dawn,Rain,Yard,Yard/switching,7,81603,0,81603,S013,35.024746,-89.892528999999996
UP,0517FW020,2017-05-17,4:44 PM,Other impacts,0,ARLINGTON,TX,90.0,2,Day,Clear,Yard,Yard/switching,5,17243,0,29560,H307,32.742570999999998,-97.065960000000004
CSX,000201792,2021-12-09,5:50 PM,Derailment,0,NASHVILLE,TN,53.0,3,Dusk,Clear,Yard,Freight Train,7,15847,3000,18847,M208,36.112136,-86.770713000000001
ATK,165417,2020-09-21,7:49 PM,Hwy-rail crossing,0,TIPTON,MO,65.0,3,Dusk,Clear,Main,Passenger Train - Pulling,57,107105,0,107983,M302,38.663046999999999,-92.815759
CRSH,118729,2015-12-29,3:30 AM,Raking collision,0,MORRISVILLE,PA,47.0,4,Dark,Rain,Yard,Yard/switching,4,1447,1000,35198,H021,40.196817000000003,-74.790952000000004
BNSF,RD0518126,2018-05-26,6:00 PM,Derailment,0,MOORE,OK,95.0,3,Dusk,Clear,Yard,Yard/switching,4,65000,1000,66000,H317,35.374504999999999,-97.483140000000006
BNSF,GC0116106,2016-01-11,7:00 PM,Derailment,0,TEMPLE,TX,45.0,3,Dusk,Clear,Yard,Yard/switching,7,33473,16000,49473,H318,31.107762000000001,-97.348659999999995
TNTX,08262021,2021-08-26,8:40 AM,Derailment,0,TYNER,TN,77.0,2,Day,Clear,Yard,Yard/switching,10,20000,5000,25000,H799,35.072730999999997,-85.159609000000003
BNSF,SF0115105,2015-01-05,5:20 PM,Other impacts,0,MEMPHIS,TN,33.0,3,Dusk,Clear,Yard,Yard/switching,7,25510,0,25510,H607,35.019005999999997,-89.888807
CSX,000170096,2017-07-08,8:30 PM,Other impacts,0,PHILADELPHIA,PA,82.0,3,Dusk,Clear,Yard,Cut of cars,2,15757,0,49674,H018,39.898302000000001,-75.167339999999996
CSX,000160988,2016-07-01,2:47 AM,Derailment,0,SELKIRK,NY,65.0,4,Dark,Clear,Yard,Freight Train,4,9138,0,24706,E21C,42.565902999999999,-73.854184000000004
BNSF,TC1020202,2020-10-02,5:13 PM,Hwy-rail crossing,0,ABERDEEN,SD,60.0,3,Dusk,Clear,Main,Freight Train,36,50000,0,50000,M302,45.446134999999998,-98.618872999999994
CSX,000173976,2018-01-11,9:56 AM,Derailment,0,NASHVILLE,TN,58.0,2,Day,Clear,Yard,Freight Train,6,162433,17978,180411,H503,36.112141999999999,-86.770736999999997
WTNN,517,2017-10-11,3:14 PM,Derailment,0,HUMBOLDT,TN,83.0,2,Day,Clear,Main,Freight Train,13,178160,15000,193160,T212,35.878053999999999,-88.929793000000004
UP,0817ST009,2017-08-07,8:15 PM,Fire/violent rupture,0,VAN HORN,TX,81.0,4,Dark,Cloudy,Main,Freight Train,65,11161,200,11361,E73L,31.047885999999998,-104.744462
BNSF,TC1120108,2020-11-19,10:30 PM,Obstruction,0,MARION,SD,50.0,4,Dark,Clear,Industry,Freight Train,4,56967,0,56967,M404,43.432833000000002,-97.275429000000003
CSX,000214193,2023-10-24,8:45 AM,Other impacts,0,NASHVILLE,TN,68.0,2,Day,Clear,Yard,Single Car,4,16000,1949,26853,M411,36.112136,-86.770713000000001
UP,0316PD007,2016-03-07,11:00 AM,Other impacts,0,PORTLAND,OR,55.0,2,Day,Clear,Yard,Light loco(s),3,1805,0,22934,H312,45.544302000000002,-122.684116
BNSF,HL0817119,2017-08-21,12:30 PM,Derailment,0,BIRMINGHAM,AL,87.0,2,Day,Clear,Industry,Yard/switching,7,10000,16900,26900,H514,33.518185000000003,-86.865943999999999
NS,139997,2020-12-13,2:30 AM,Other impacts,0,COLUMBIA,SC,50.0,4,Dark,Cloudy,Yard,Cut of cars,0,24100,38926,67926,H306,33.96799,-80.992689999999996
UP,0918PD010,2018-09-10,8:06 PM,Derailment,0,EUGENE,OR,63.0,4,Dark,Clear,Yard,Yard/switching,3,141707,18140,159847,H702,44.062142000000001,-123.116953
CSX,000191398,2020-07-16,10:00 AM,Hwy-rail crossing,0,VARNVILLE,SC,92.0,2,Day,Clear,Main,Freight Train,27,26146,854,27000,M304,32.836322000000003,-81.060111000000006
CSX,000170099,2017-07-09,5:20 AM,Derailment,0,EASTOVER,SC,69.0,4,Dark,Clear,Industry,Freight Train,5,20000,132,20132,M101,33.843062000000003,-80.631179000000003
UP,0317LK027,2017-03-19,2:38 PM,Derailment,0,LONGVIEW,TX,82.0,2,Day,Clear,Yard,Yard/switching,2,57385,48946,106331,H522,32.494411999999997,-94.728610000000003
UP,0317KC026,2017-03-07,2:20 PM,Other impacts,0,AMARILLO,TX,62.0,2,Day,Clear,Yard,Freight Train,5,41000,0,41250,H702,35.212918000000002,-101.827224
NS,152485,2023-03-07,1:15 AM,Hwy-rail crossing,0,CLEVELAND,OH,34.0,4,Dark,Clear,Industry,Freight Train,9,35810,0,35810,M308,41.465471999999998,-81.676703000000003
UP,0823PN023,2023-08-23,3:45 AM,Other impacts,0,PORTLAND,OR,60.0,4,Dark,Clear,Yard,Single Car,0,0,0,56605,H318,45.552663000000003,-122.692864
UP,0322PN002,2022-03-03,4:50 AM,Other impacts,0,STANFIELD,OR,49.0,1,Dawn,Rain,Yard,Single Car,2,723,0,16206,H020,45.795324999999998,-119.25663299999999
BNSF,RD1217113,2017-12-18,10:15 PM,Other (describe in narrative),0,LAFAYETTE,LA,68.0,4,Dark,Cloudy,Yard,Yard/switching,4,54012,123000,177012,H307,30.234743000000002,-92.038014000000004
NS,144244,2022-02-02,6:04 AM,Derailment,0,CALHOUN,TN,55.0,1,Dawn,Cloudy,Main,Freight Train,47,12000,47166,59166,E44C,35.303446000000001,-84.746117999999996
NJTR,201602074,2016-01-21,8:30 PM,Derailment,0,MORRISVILLE,PA,27.0,4,Dark,Clear,Yard,Light loco(s),6,30000,1914,31914,H303,40.194853999999999,-74.791168999999996
MNCW,78999,2023-02-02,6:47 PM,Other (describe in narrative),0,NEW ROCHELLE,NY,36.0,3,Dusk,Clear,Yard,EMU,7,18322,4861,23183,H999,40.917867000000001,-73.778711000000001
NS,129522,2018-05-19,3:15 AM,Derailment,0,NEW FLORENCE,PA,55.0,4,Dark,Rain,Main,Freight Train,25,15250,33374,48624,E51C,40.373255999999998,-79.114958999999999
NS,141058,2021-03-28,4:20 PM,Derailment,0,COLUMBUS,OH,45.0,3,Dusk,Rain,Yard,Freight Train,5,23709,4708,28417,H504,39.916384999999998,-82.946996999999996
UP,0717HO010,2017-07-07,5:25 PM,Derailment,0,LA MARQUE,TX,85.0,2,Day,Clear,Yard,,0,0,19541,19541,H704,29.347511999999998,-94.940490999999994
CSX,000220231,2024-08-30,1:30 AM,Other impacts,0,GETTYSBURG,PA,65.0,4,Dark,Clear,Main,Cut of cars,4,17484,0,34563,H302,39.856403,-77.155310999999998
ATK,153073,2018-05-02,11:12 PM,Derailment,0,CRUM LYNNE,PA,70.0,4,Dark,Clear,Main,,0,0,2723633,2728864,E85C,39.860785,-75.338189
BNSF,RD0418130,2018-04-24,6:30 AM,Derailment,0,NEW ORLEANS,LA,70.0,1,Dawn,Clear,Yard,Freight Train,5,32156,0,32356,T220,30.005989,-90.019451000000004
ATK,140986,2016-01-27,11:55 PM,Other (describe in narrative),0,WESTBROOK,CT,25.0,4,Dark,Clear,Main,Passenger Train - Pulling,85,18192,0,18192,H799,41.288128,-72.425514000000007
CSX,000204904,2022-04-30,7:00 PM,Other impacts,0,NORTH CHARLESTON,SC,70.0,3,Dusk,Clear,Yard,Cut of cars,4,14930,0,14930,M599,32.856924999999997,-80.022907000000004
UP,0923PN018,2023-09-16,7:40 AM,Other impacts,0,PORTLAND,OR,62.0,2,Day,Clear,Yard,Light loco(s),0,5377,0,11765,H307,45.555492999999998,-122.69423
SEPA,0705225438,2022-07-05,4:30 PM,Other (describe in narrative),0,VILLANOVA,PA,85.0,2,Day,Clear,Main,EMU,60,15437,0,23119,M404,40.038772999999999,-75.342488000000003
TXPF,03112016,2016-03-11,12:20 PM,Obstruction,0,ALPINE,TX,51.0,2,Day,Clear,Yard,Freight Train,10,0,0,24079,H997,30.566882,-103.487505
NS,155933,2024-03-04,9:11 PM,Other impacts,0,WEST FAIRVIEW,PA,55.0,4,Dark,Clear,Yard,Freight Train,10,12039,0,37039,H302,40.279833000000004,-76.922471999999999
UP,0822PN011,2022-08-13,2:19 PM,Derailment,0,PORTLAND,OR,71.0,2,Day,Cloudy,Main,Freight Train,6,28820,154519,183339,M405,45.528104999999996,-122.66798
KXHR,2122020,2020-02-12,9:30 AM,Derailment,0,KNOXVILLE,TN,45.0,2,Day,Cloudy,Main,Freight Train,5,27990,10258,38248,M599,35.978864999999999,-83.956524000000002
ATK,141786,2016-04-03,7:50 AM,Obstruction,0,CHESTER,PA,50.0,2,Day,Clear,Main,Passenger Train - Pulling,102,3159938,497313,3657251,H402,39.832324999999997,-75.396090000000001
CSX,000156252,2016-01-15,2:00 PM,Side collision,0,GEORGETOWN,SC,50.0,2,Day,Rain,Industry,Freight Train,2,124000,300,124300,M105,33.332801000000003,-79.374769000000001
CSX,000192169,2020-08-20,3:02 PM,Other impacts,0,NASHVILLE,TN,74.0,2,Day,Cloudy,Yard,Single Car,6,27306,0,27406,S016,36.112141999999999,-86.770736999999997
NS,151900,2023-01-03,3:00 AM,Other (describe in narrative),0,CONWAY,PA,40.0,4,Dark,Rain,Yard,Yard/switching,2,8910,17037,25947,H702,40.672362,-80.251825999999994
CSX,000191777,2020-08-04,4:45 AM,Other impacts,0,NEWBERRY,SC,80.0,1,Dawn,Cloudy,Industry,Freight Train,0,7841,0,20110,E08C,34.304057,-81.621422999999993
UP,0321PR010,2021-03-17,12:45 PM,Other impacts,0,CHICAGO,IL,39.0,2,Day,Cloudy,Yard,Light loco(s),3,2984,0,12116,H607,41.767983000000001,-87.777623000000006
UP,0321GP036,2021-03-22,2:30 PM,Obstruction,0,NORTH PLATTE,NE,49.0,2,Day,Cloudy,Yard,Single Car,0,187,0,64212,M411,41.150002000000001,-100.81497899999999
DL,170901,2017-09-29,3:30 PM,Derailment,0,SCRANTON,PA,67.0,2,Day,Clear,Yard,Freight Train,5,4580,9297,13877,H506,41.413978,-75.673423
BNSF,HL0820107,2020-08-10,10:30 PM,Derailment,0,MEMPHIS,TN,82.0,4,Dark,Clear,Yard,Yard/switching,4,6000,9000,18000,E06C,35.036355999999998,-89.909083999999993
CSX,000143287,2015-03-19,4:35 AM,Other impacts,0,SELKIRK,NY,11.0,1,Dawn,Clear,Yard,Yard/switching,5,37154,0,162445,H702,42.564653999999997,-73.85257
CSX,000212915,2023-08-15,5:04 AM,Derailment,0,MEMPHIS,TN,70.0,1,Dawn,Clear,Main,,0,0,694,33810,E34C,35.127699,-89.98818
NS,142525,2021-08-13,2:54 PM,Derailment,0,CHATTANOOGA,TN,72.0,2,Day,Clear,Yard,Freight Train,9,11194,2878,14072,E40C,35.049320999999999,-85.278484000000006
UP,0322GL028,2022-03-19,4:44 AM,Other (describe in narrative),0,DE WITT,IA,35.0,1,Dawn,Snow,Main,Freight Train,50,12027,0,12027,E27C,41.812694,-90.445293000000007
ATK,166976,2021-05-03,8:40 PM,Obstruction,0,EDDYSTONE,PA,75.0,4,Dark,Rain,Main,Passenger Train - Pulling,109,30584,0,30584,M404,39.860785,-75.338189999999997
NS,155070,2023-12-14,11:55 AM,Derailment,0,ENOLA,PA,43.0,2,Day,Clear,Yard,Yard/switching,5,10200,5382,15582,H508,40.279833000000004,-76.922471999999999
CSX,000201289,2021-11-13,1:15 AM,Derailment,0,NASHVILLE,TN,32.0,4,Dark,Clear,Yard,Freight Train,7,23818,77200,101018,H704,36.112141999999999,-86.770736999999997
NS,145101,2022-04-26,4:29 AM,Other (describe in narrative),0,READING,PA,57.0,1,Dawn,Clear,Yard,Yard/switching,7,18423,0,18423,H702,40.345502000000003,-75.923142999999996
NS,136880,2020-01-20,7:03 AM,Other impacts,0,ROCK HILL,SC,27.0,1,Dawn,Clear,Yard,Freight Train,5,23002,0,23002,H018,34.935439000000002,-81.014441000000005
SEPA,22611,2016-11-30,10:59 PM,Other impacts,0,PHILADELPHIA,PA,56.0,4,Dark,Rain,Yard,Passenger Train - Pulling,3,20000,10000,30000,H307,40.020059000000003,-75.162925000000001
NS,152207,2023-02-03,8:54 PM,Derailment,8,EAST PALESTINE,OH,10.0,4,Dark,Clear,Main,Freight Train,42,3426467,2807653,6234120,E53C,40.835793000000002,-80.526398999999998
NS,152267,2023-02-11,1:25 AM,Other impacts,0,BELLEVUE,OH,23.0,4,Dark,Clear,Yard,Cut of cars,0,252576,0,303030,M408,41.295824000000003,-82.770527000000001
NS,124374,2017-03-17,7:55 PM,Other impacts,0,WEST FAIRVIEW,PA,36.0,3,Dusk,Clear,Yard,Yard/switching,2,12207,0,13030,H018,40.279806999999998,-76.922450999999995
IC,1141547,2023-11-15,7:40 AM,Derailment,0,OBION,TN,50.0,2,Day,Clear,Industry,Maint./inspect Car,0,300000,5000,305000,H993,36.259582000000002,-89.187326999999996
ATK,166177,2021-01-11,3:35 AM,Obstruction,0,HARRISON,NJ,25.0,4,Dark,Cloudy,Main,Maint./inspect Car,5,0,1000,64000,H306,40.740357000000003,-74.154217000000003
NS,129368,2018-05-05,2:27 PM,Side collision,0,CONWAY,PA,72.0,2,Day,Cloudy,Yard,Single Car,0,14728,0,15028,H399,40.672356000000001,-80.251823000000002
BNSF,RD0317115,2017-03-17,6:36 AM,Derailment,0,DENISON,TX,65.0,1,Dawn,Cloudy,Main,Freight Train,14,11652,800,12452,E4TC,33.780821000000003,-96.520301000000003
CSX,000180958,2019-01-24,4:00 AM,Obstruction,0,CHILLICOTHE,OH,27.0,4,Dark,Snow,Main,Freight Train,35,33046,0,33046,M404,39.147303000000001,-82.865427999999994
ATK,139958,2015-11-09,6:19 AM,Hwy-rail crossing,0,CASSATT,SC,70.0,4,Dark,Clear,Main,Passenger Train - Pulling,59,34615,0,34615,M302,34.370967,-80.427058000000002
NS,153196,2023-05-27,7:50 PM,Side collision,0,CONWAY,PA,58.0,3,Dusk,Clear,Yard,Freight Train,5,105388,13,117957,H306,40.672362,-80.251825999999994
KRR,KRR091216D,2016-09-26,9:05 AM,Derailment,0,POWDERLY,TX,75.0,2,Day,Cloudy,Main,Freight Train,8,26000,14500,40500,T220,33.802731999999999,-95.527708000000004
NS,151478,2022-11-16,1:15 AM,Other impacts,0,CHATTANOOGA,TN,40.0,4,Dark,Clear,Yard,Single Car,3,14500,4551,50551,H308,35.007198000000002,-85.375513999999995
CSX,000140697,2015-01-27,2:17 AM,Other (describe in narrative),0,MARTIN,SC,37.0,4,Dark,Clear,Main,Cut of cars,0,271080,0,3048132,M505,33.068728,-81.476697000000001
SCRF,SCR689715,2015-04-23,2:50 AM,Side collision,0,FLORENCE,SC,55.0,4,Dark,Clear,Yard,Freight Train,7,110892,0,144333,H607,34.199168,-79.761369999999999
UP,1015SA018,2015-10-31,4:20 AM,Derailment,0,LOCKHART,TX,72.0,4,Dark,Rain,Main,Freight Train,25,813266,267143,1080409,M103,29.891615000000002,-97.646647999999999
ATK,160191,2019-07-21,1:10 PM,Other (describe in narrative),0,PHILADELPHIA,PA,95.0,2,Day,Clear,Yard,Light loco(s),5,13630,0,13630,H599,39.956600000000002,-75.180999999999997
BNSF,NW0523104,2023-05-10,1:00 PM,Derailment,0,METOLIUS,OR,64.0,2,Day,Clear,Yard,Single Car,0,84432,3000,87432,M599,44.587623000000001,-121.17979200000001
ATK,176562,2023-09-27,5:28 AM,Raking collision,0,MIDDLETOWN,PA,57.0,1,Dawn,Clear,Main,Spec. MoW Equip.,15,57640,0,57640,E99C,40.195464999999999,-76.735127000000006
UP,0118PD028,2018-01-26,7:48 AM,Fire/violent rupture,0,EUGENE,OR,47.0,2,Day,Rain,Main,Freight Train,35,13215,0,13215,M406,44.039940999999999,-123.034785
NS,152769,2023-04-08,9:30 AM,Derailment,0,PITTSBURGH,PA,60.0,2,Day,Clear,Main,Freight Train,4,184246,6001,190247,H518,40.456747999999997,-80.044696999999999
UP,0323PN009,2023-03-10,12:40 PM,Other impacts,0,PORTLAND,OR,40.0,2,Day,Cloudy,Yard,Yard/switching,10,64479,18576,185597,H309,45.549807000000001,-122.69054800000001
CSX,000190975,2020-06-23,12:24 PM,Derailment,0,CALHOUN,TN,85.0,2,Day,Clear,Yard,Freight Train,4,23202,760,23962,H306,35.289712000000002,-84.742367000000002
CSX,000180296,2017-11-18,7:48 PM,Obstruction,0,NEW BUFFALO,MI,41.0,3,Dusk,Cloudy,Main,,0,0,0,20653,M404,41.809947000000001,-86.703372999999999
CSX,000207722,2022-10-11,2:30 AM,Derailment,0,CINCINNATI,OH,41.0,4,Dark,Clear,Yard,Yard/switching,7,83616,5588,89204,E24C,39.136408000000003,-84.542399000000003
ATK,141549,2016-03-10,4:50 PM,Obstruction,0,ARDMORE,PA,60.0,2,Day,Clear,Main,Passenger Train - Pushing,80,8278,5932,14210,E78L,40.003005000000002,-75.271552999999997
NS,155837,2024-02-22,4:32 PM,Rear end collision,0,ALTOONA,PA,37.0,3,Dusk,Clear,Main,Freight Train,0,20000,0,35000,H605,40.491877000000002,-78.431478999999996
ATK,178583,2024-02-26,6:15 AM,Other (describe in narrative),0,SOUTH BRUNSWICK,NJ,40.0,1,Dawn,Cloudy,Main,Passenger Train - Pulling,130,54829,0,54829,E78L,40.379176999999999,-74.544039999999995
ESPN,ESPN820221,2022-08-17,12:00 PM,Derailment,0,COATESVILLE,PA,85.0,2,Day,Cloudy,Main,Freight Train,10,287566,94143,381709,E40C,39.944167,-75.775833000000006
NS,144500,2022-02-23,9:35 PM,Derailment,0,NEW GALILEE,PA,72.0,4,Dark,Cloudy,Main,Freight Train,7,311678,20703,332381,H506,40.818634000000003,-80.370024999999998
BNSF,GC0416100,2016-04-06,11:20 PM,Derailment,0,BEAUMONT,TX,65.0,4,Dark,Clear,Main,Freight Train,6,16104,0,16104,H518,30.081227999999999,-94.093183999999994
CSX,000207489,2022-09-26,12:15 PM,Obstruction,0,CARLISLE,SC,80.0,2,Day,Clear,Main,Maint./inspect Car,31,0,0,13000,H997,34.630392999999998,-81.396305999999996
UP,0415SA025,2015-04-27,4:27 PM,Fire/violent rupture,0,KYLE,TX,75.0,2,Day,Clear,Main,Freight Train,40,58343,0,58343,E73L,29.986681000000001,-97.875157000000002
UP,0616SA012,2016-06-14,4:00 AM,Derailment,0,TAYLOR,TX,78.0,4,Dark,Cloudy,Main,Freight Train,8,20058,321796,341854,M405,30.567672000000002,-97.404365999999996
BNSF,HL0422102,2022-04-04,12:02 PM,Derailment,0,MEMPHIS,TN,70.0,2,Day,Cloudy,Yard,Yard/switching,4,8518,4459,12977,H303,35.026823999999998,-89.896663000000004
BNSF,RD0518105,2018-05-05,2:05 AM,Side collision,0,TULSA,OK,60.0,4,Dark,Clear,Yard,Yard/switching,7,600,13998,15148,H607,36.131531000000003,-96.010114999999999
NS,127802,2017-12-18,12:10 AM,Derailment,0,CONWAY,PA,35.0,4,Dark,Clear,Yard,Light loco(s),2,12593,0,12593,H303,40.672356000000001,-80.251823000000002
NS,133309,2019-03-21,11:30 PM,Other impacts,0,CONWAY,PA,50.0,4,Dark,Clear,Yard,Yard/switching,7,1000,9727,10727,M411,40.672356000000001,-80.251823000000002
CSX,000161051,2016-07-05,1:50 AM,Side collision,0,SELKIRK,NY,68.0,4,Dark,Rain,Yard,Yard/switching,5,255456,0,404079,H020,42.565902999999999,-73.854184000000004
CSX,000169042,2017-05-21,9:30 PM,Side collision,0,NASHVILLE,TN,75.0,4,Dark,Clear,Yard,Yard/switching,2,0,100,48792,H307,36.112141999999999,-86.770736999999997
CSX,000177682,2018-07-12,4:30 PM,Derailment,0,FAYETTE CITY,PA,81.0,3,Dusk,Clear,Siding,,0,0,500,96432,H503,40.042475000000003,-79.884490999999997
BNSF,RD0218205,2018-02-26,9:00 AM,Hwy-rail crossing,0,MOODY,TX,45.0,2,Day,Fog,Main,Freight Train,30,500,30500,31000,M302,31.297812,-97.363861999999997
NS,122067,2016-09-14,3:42 PM,Derailment,0,HIXSON,TN,94.0,2,Day,Clear,Yard,Light loco(s),10,4284,11919,16203,M404,35.060735000000001,-85.266800000000003
NS,155837,2024-02-22,4:32 PM,Rear end collision,0,ALTOONA,PA,37.0,3,Dusk,Clear,Main,Freight Train,12,15000,0,35000,H605,40.491877000000002,-78.431478999999996
RWRR,240123003,2024-01-23,10:45 AM,Hwy-rail crossing,0,MITCHELL,SD,21.0,2,Day,Snow,Main,Freight Train,9,25000,75000,100000,M302,43.709409000000001,-98.047060000000002
NS,144193,2022-01-30,12:46 AM,Derailment,0,SOUTH FORK,PA,19.0,4,Dark,Snow,Main,Freight Train,12,0,15108,15108,M204,40.374476000000001,-78.831579000000005
UP,0619GP049,2019-06-30,12:18 PM,Other impacts,0,NORTH PLATTE,NE,91.0,2,Day,Cloudy,Yard,Cut of cars,0,1517,34920,36437,M411,41.150646999999999,-100.81742300000001
ATK,178679,2024-03-03,7:55 AM,Hwy-rail crossing,0,JUNCTION CITY,OR,34.0,2,Day,Cloudy,Main,Passenger Train - Pulling,60,27929,0,27929,M308,44.149537000000002,-123.18315699999999
NS,125407,2017-06-12,3:48 PM,Derailment,0,MUSCLE SHOALS,AL,93.0,2,Day,Clear,Yard,Light loco(s),4,13805,1000,14805,H306,34.712550999999998,-87.616781000000003
HRRC,0721,2021-12-07,4:40 PM,Hwy-rail crossing,0,ASHLEY FALLS,MA,40.0,3,Dusk,Cloudy,Main,Freight Train,25,14645,9612,24257,M308,42.057347,-73.336010000000002
CSX,000208409,2022-11-16,2:30 PM,Other impacts,0,SPARTANBURG,SC,53.0,2,Day,Clear,Main,Single Car,5,17500,0,19984,H018,34.949145999999999,-81.936775999999995
NS,156596,2024-05-05,6:00 AM,Derailment,0,CONWAY,PA,58.0,1,Dawn,Rain,Yard,Freight Train,0,591,0,25476,M409,40.672362,-80.251825999999994
UP,0619PN029,2019-06-24,10:00 AM,Other (describe in narrative),0,PORTLAND,OR,54.0,2,Day,Clear,Yard,Single Car,0,26454,0,26454,M507,45.535403000000002,-122.583482
CSX,000138286,2014-12-02,10:18 PM,Derailment,0,AVON,IN,33.0,4,Dark,Fog,Yard,Cut of cars,2,39105,2000,42494,H316,39.759779000000002,-86.328326000000004
UP,0918PD004,2018-09-05,8:20 AM,Fire/violent rupture,0,ADAMS,OR,70.0,2,Day,Clear,Siding,Freight Train,35,25961,0,25961,E73L,45.685417000000001,-118.362841
WE,210083,2021-12-23,8:00 PM,Other (describe in narrative),0,CARNEGIE,PA,35.0,4,Dark,Clear,Yard,Yard/switching,8,3303,22755,26058,M507,40.416134999999997,-80.061734000000001
UP,0124HL012,2024-01-15,10:00 AM,Fire/violent rupture,0,PARSONS,KS,20.0,2,Day,Cloudy,Yard,Single Car,0,64835,0,64835,M406,37.346406999999999,-95.269946000000004
BNSF,RD0317201,2017-03-01,3:10 PM,Hwy-rail crossing,0,BRENHAM,TX,75.0,2,Day,Clear,Main,Freight Train,45,500,250000,250500,M302,30.126244,-96.395128
CSX,000157871,2016-03-07,7:40 AM,Fire/violent rupture,0,PITTSBURGH,PA,62.0,1,Dawn,Clear,Main,Freight Train,30,700000,0,700000,E73L,40.406922999999999,-79.914473000000001
CSX,000214193,2023-10-24,8:45 AM,Other impacts,0,NASHVILLE,TN,68.0,2,Day,Clear,Yard,Yard/switching,4,8904,0,26853,M411,36.112136,-86.770713000000001
CSX,000201157,2021-11-06,5:30 AM,Derailment,0,NORTH CHARLESTON,SC,45.0,1,Dawn,Rain,Main,Freight Train,4,18000,260,18260,H525,32.870854999999999,-79.996168999999995
NS,146247,2022-08-20,8:00 PM,Other impacts,0,CHATTANOOGA,TN,80.0,4,Dark,Rain,Yard,Single Car,3,0,49059,49059,M408,35.072248999999999,-85.255533999999997
UP,0524PR015,2024-05-19,12:05 AM,Other impacts,0,JOLIET,IL,65.0,4,Dark,Clear,Yard,Freight Train,5,57879,45000,187879,H301,41.47766,-88.104044999999999
DGNO,330317D,2017-06-12,10:50 PM,Derailment,0,MCKINNEY,TX,81.0,4,Dark,Clear,Yard,Freight Train,9,15000,23000,38000,T216,33.311321,-96.560462999999999