reportingrailroadcode,accidentnumber,date,time,accidenttype,hazmatreleasedcars,station,stateabbr,temperature,visibility_code,visibility,weathercondition,tracktype,equipmenttype,trainspeed,equipmentdamagecost,trackdamagecost,totaldamagecost,primaryaccidentcausecode,latitude,longitude
BNSF,SF1015109,2015-10-19,7:00 PM,Derailment,0,MEMPHIS,TN,72.0,3,Dusk,Clear,Yard,Yard/switching,5,10571,0,10571,H316,35.023195999999999,-89.888152000000005
PNR,PNR150970,2015-01-28,5:30 PM,Derailment,0,BORGER,TX,65.0,2,Day,Clear,Main,Single Car,0,360,16000,16360,M502,35.653714999999998,-101.393782
UP,0916HO045,2016-09-29,11:50 PM,Derailment,0,KILGORE,TX,53.0,4,Dark,Cloudy,Main,Freight Train,40,42082,12224,54306,E39C,32.397005999999998,-94.864192000000003
BNSF,GC0715108,2015-07-24,6:15 PM,Derailment,0,HOUSTON,TX,90.0,3,Dusk,Clear,Industry,Yard/switching,9,32037,0,32037,H307,29.863343,-95.480637999999999
BNSF,HL0519107,2019-05-09,9:25 AM,Derailment,0,MEMPHIS,TN,78.0,2,Day,Cloudy,Yard,Yard/switching,4,7551,157591,165142,M201,35.026558000000001,-89.893540999999999
CSX,000151780,2015-09-06,10:08 AM,Side collision,0,ERWIN,TN,75.0,2,Day,Clear,Yard,Cut of cars,6,18815,200,19015,T217,36.146937000000001,-82.416002000000006
WE,150151,2015-11-22,4:30 AM,Derailment,0,BRUCETON,PA,34.0,4,Dark,Clear,Siding,Yard/switching,3,25000,0,44150,H099,40.319138000000002,-79.979370000000003
ATK,143247,2016-07-05,10:43 PM,Derailment,0,PHILADELPHIA,PA,75.0,4,Dark,Clear,Yard,Yard/switching,3,36955,1000,37955,H702,39.995807999999997,-75.158907999999997
BNSF,RD0718129,2018-07-21,3:35 AM,Derailment,0,HOUSTON,TX,82.0,4,Dark,Clear,Yard,Yard/switching,2,1879,20000,21879,H312,29.707830000000001,-95.330364000000003
CSX,000143017,2015-03-14,2:08 AM,Derailment,0,BEACON,NY,35.0,4,Dark,Cloudy,Main,Freight Train,27,7414,0,457414,E65C,41.493459000000001,-73.982104000000007
ARR,2023202,2023-11-26,4:15 PM,Other (describe in narrative),0,EIELSON,AK,12.0,4,Dark,Clear,Yard,Yard/switching,9,0,0,0,M308,64.828000000000003,-147.66300000000001
UP,1023PN022,2023-10-15,9:45 PM,Derailment,0,HUNTINGTON,OR,63.0,4,Dark,Clear,Industry,Yard/switching,3,16962,0,16962,H306,44.545191000000003,-117.42276699999999
CRSH,132522,2019-01-17,7:38 PM,Derailment,0,BRISTOL,PA,32.0,3,Dusk,Clear,Yard,Freight Train,6,1918,9000,10918,T215,40.097709999999999,-74.087485000000001
NS,139496,2020-10-21,8:15 AM,Other impacts,1,ROSSVILLE,TN,68.0,2,Day,Clear,Main,Freight Train,3,200,16919,17119,H399,35.048146000000003,-89.568967000000001
UP,0519PN004,2019-05-09,11:02 AM,Other impacts,0,STANFIELD,OR,66.0,2,Day,Clear,Yard,Yard/switching,7,55633,0,110112,H318,45.796441000000002,-119.269778
CSX,000185580,2019-09-25,3:30 PM,Derailment,0,SMYRNA,TN,85.0,2,Day,Cloudy,Main,Freight Train,6,102883,251200,354083,H601,35.960124,-86.500034999999997
NS,134327,2019-06-13,1:37 PM,Hwy-rail crossing,0,GERMANTOWN,TN,81.0,2,Day,Clear,Main,Freight Train,47,335327,285488,620815,M302,35.061219999999999,-89.747395999999995
SEPA,SEPA011724,2024-01-17,7:00 AM,Obstruction,0,PHILADELPHIA,PA,20.0,1,Dawn,Clear,Main,EMU,60,16300,10531,26831,M404,39.999319999999997,-75.158929000000001
NS,145840,2022-07-11,8:14 AM,Obstruction,0,COLUMBIA,SC,72.0,2,Day,Clear,Main,Freight Train,35,652227,1889,654116,M501,33.985295999999998,-81.039106000000004
NS,129343,2018-05-03,2:32 AM,Other (describe in narrative),0,KING OF PRUSSIA,PA,60.0,4,Dark,Clear,Yard,Freight Train,10,1600,24005,25605,H306,40.115603,-75.395387999999997
NS,154034,2023-08-25,12:40 AM,Side collision,0,ELKHART,IN,72.0,4,Dark,Clear,Yard,Light loco(s),3,28,56459,56535,H306,41.677391999999998,-85.978437
MNCW,82647,2024-05-31,4:40 AM,Other impacts,0,WHITE PLAINS,NY,57.0,4,Dark,Clear,Yard,EMU,7,18007,0,18007,H992,41.057518999999999,-73.771057999999996
BNSF,RD1019106,2019-10-07,6:19 AM,Side collision,0,TULSA,OK,52.0,1,Dawn,Clear,Yard,Light loco(s),4,9900,800,18900,H607,36.131182000000003,-96.010185000000007
NOPB,D20171020F,2017-10-20,1:27 AM,Derailment,0,JEFFERSON,LA,69.0,4,Dark,Clear,Main,,0,0,58157,119277,H599,29.953787999999999,-90.166398000000001
URR,20101,2020-01-23,11:02 PM,Derailment,0,DUQUESNE,PA,39.0,4,Dark,Cloudy,Yard,Yard/switching,5,3006,11361,14367,M203,40.377060999999998,-79.853531000000004
UP,0217FW011,2017-02-07,1:50 PM,Other impacts,0,FORT WORTH,TX,79.0,2,Day,Clear,Yard,Yard/switching,0,38188,0,47069,S015,32.728093000000001,-97.366263000000004
UP,0723RM021,2023-07-16,9:30 AM,Other impacts,0,POCATELLO,ID,67.0,2,Day,Clear,Yard,Freight Train,0,2615,0,16976,H018,42.842474000000003,-112.42541900000001
BNSF,HL1218122,2018-12-26,12:15 AM,Derailment,0,ST LOUIS,MO,37.0,4,Dark,Clear,Yard,Freight Train,0,5000,0,16800,H607,38.602702000000001,-90.312251000000003
NS,124956,2017-05-05,8:45 AM,Derailment,0,CONWAY,PA,60.0,2,Day,Cloudy,Yard,Cut of cars,0,3090,0,50877,E29C,40.672356000000001,-80.251823000000002
IC,1033405,2020-04-27,1:26 AM,Derailment,0,MEMPHIS,TN,54.0,4,Dark,Clear,Yard,Yard/switching,10,33491,27000,60491,M599,35.067551000000002,-90.094926999999998
NS,144812,2022-01-02,5:15 AM,Other impacts,0,WEST FAIRVIEW,PA,72.0,1,Dawn,Clear,Yard,Single Car,5,18747,0,91737,E31C,40.279806999999998,-76.922450999999995
CSX,000211634,2023-06-05,7:05 AM,Derailment,0,NASHVILLE,TN,60.0,1,Dawn,Clear,Yard,Single Car,6,51821,0,103379,H303,36.112136,-86.770713000000001
BRC,14548,2022-06-24,7:18 AM,Other impacts,0,BEDFORD PARK,IL,67.0,1,Dawn,Cloudy,Yard,Cut of cars,3,6532,0,19694,H018,41.76878,-87.750349999999997
BNSF,HL0421106,2021-04-06,1:47 PM,Derailment,0,MEMPHIS,TN,78.0,2,Day,Clear,Yard,Yard/switching,5,22285,500,22785,M407,35.024510999999997,-89.890085999999997
CSX,000148629,2015-06-30,5:30 PM,Derailment,0,NORTH CHARLESTON,SC,85.0,2,Day,Clear,Industry,Yard/switching,6,58732,0,62232,M501,32.873852999999997,-79.980185000000006
BNSF,SW0618201,2018-06-04,3:38 PM,Hwy-rail crossing,0,CLOVIS,NM,95.0,2,Day,Clear,Main,Freight Train,25,30000,513585,543585,M302,34.332270999999999,-103.223434
UP,0921PN018,2021-09-22,7:04 PM,Other impacts,0,STANFIELD,OR,79.0,3,Dusk,Cloudy,Yard,Yard/switching,6,78463,66,149060,H020,45.795102999999997,-119.256247
BNSF,TC0518105,2018-05-09,6:15 AM,Derailment,0,YANKTON,SD,50.0,1,Dawn,Clear,Industry,Cut of cars,5,32088,0,32088,M501,42.941279999999999,-97.453796999999994
PR,2016060306,2016-06-01,12:00 PM,Other (describe in narrative),0,HUGER,SC,92.0,2,Day,Clear,Main,Spec. MoW Equip.,20,27585,0,27585,H104,33.000154000000002,-79.816632999999996
BNSF,GC0816111,2016-08-19,1:00 PM,Obstruction,0,MULLIN,TX,75.0,2,Day,Clear,Siding,Maint./inspect Car,2,48499,0,48499,M410,31.556567999999999,-98.667931999999993
CSX,000200106,2021-09-14,9:20 AM,Other impacts,0,CINCINNATI,OH,72.0,2,Day,Clear,Yard,Yard/switching,4,215861,0,285980,H318,39.4405,-84.522199999999998
NJTR,202406284,2024-05-05,9:42 PM,Obstruction,0,DOVER,NJ,50.0,4,Dark,Rain,Yard,Light loco(s),9,15425,0,15425,H607,40.883518000000002,-74.549520000000001
SLWC,210916002,2021-09-16,8:30 AM,Obstruction,0,LAWTON,OK,85.0,2,Day,Clear,Industry,Freight Train,4,11376,0,11376,H311,34.597389,-98.499279000000001
UP,0516ES008,2016-05-29,10:50 AM,Obstruction,0,WOODLAWN,TX,68.0,2,Day,Clear,Main,Spec. MoW Equip.,0,10500,0,10599,H212,32.644123999999998,-94.354924999999994
SNCX,1,2019-10-06,9:30 AM,Derailment,0,SCRANTON,PA,55.0,2,Day,Cloudy,Yard,Light loco(s),5,11472,0,11472,H702,41.406730000000003,-75.668975000000003
NS,136017,2019-10-31,12:15 AM,Other (describe in narrative),0,GREER,SC,72.0,4,Dark,Cloudy,Yard,Freight Train,7,7200,5000,12200,H306,34.935265000000001,-82.225496000000007
CSX,000197605,2021-05-12,5:53 PM,Obstruction,0,ABBEVILLE,SC,49.0,3,Dusk,Cloudy,Main,Freight Train,35,20588,0,20588,M404,34.139718999999999,-82.288591999999994
NS,132701,2019-02-03,8:24 AM,Other (describe in narrative),0,WEST FAIRVIEW,PA,32.0,2,Day,Clear,Yard,Light loco(s),4,25068,7168,32236,H306,40.279806999999998,-76.922450999999995
CSX,000160620,2016-06-16,8:20 PM,Hwy-rail crossing,0,HOMESTEAD,PA,65.0,4,Dark,Rain,Main,Freight Train,36,10906,8953,19859,M399,40.408444000000003,-79.912474000000003
UP,0418HO014,2018-04-14,9:52 PM,Hwy-rail crossing,0,HOUSTON,TX,70.0,4,Dark,Cloudy,Main,Freight Train,41,100,35169,35269,M302,29.631114,-95.507244
DCTA,DCTA201703,2017-07-18,9:34 PM,Obstruction,0,LEWISVILLE,TX,85.0,4,Dark,Clear,Main,DMU,34,60000,0,60000,M402,33.094098000000002,-97.027925999999994
UP,0216SA022,2016-02-24,2:30 PM,Derailment,0,SAN ANTONIO,TX,70.0,2,Day,Clear,Yard,Yard/switching,3,27380,61201,88581,H525,29.435033000000001,-98.457327000000006
NS,156437,2024-04-21,9:48 AM,Other impacts,0,CONWAY,PA,47.0,2,Day,Cloudy,Yard,Single Car,0,14400,0,23100,S016,40.672362,-80.251825999999994
UP,0516FW012,2016-05-13,8:00 AM,Derailment,0,PILOT POINT,TX,68.0,2,Day,Clear,Main,Freight Train,23,24404,328063,352467,M204,33.456560000000003,-96.921878000000007
UP,0117ES003,2017-01-02,10:31 PM,Obstruction,0,MOUNT PLEASANT,TX,50.0,4,Dark,Clear,Main,Spec. MoW Equip.,10,8194,0,14814,H993,33.120114000000001,-94.972099999999998
DAIR,032014,2014-12-04,4:43 PM,Derailment,0,CANTON,SD,30.0,2,Day,Clear,Yard,Freight Train,10,7800,69824,77624,E4BC,43.299883000000001,-96.580421000000001
NS,156596,2024-05-05,6:00 AM,Derailment,0,CONWAY,PA,58.0,1,Dawn,Rain,Yard,Yard/switching,5,18385,6500,25476,M409,40.672362,-80.251825999999994
LC,0925151,2015-09-25,2:15 PM,Derailment,0,RICHBURG,SC,68.0,2,Day,Cloudy,Main,Freight Train,5,11500,10000,21500,E4TC,34.693066999999999,-80.961078000000001
UP,0915LK037,2015-09-23,6:05 PM,Derailment,0,MEMPHIS,TN,85.0,2,Day,Clear,Yard,Yard/switching,8,7924,5600,13524,H503,35.124457,-90.029622000000003
NS,152431,2023-02-27,11:54 AM,Derailment,0,ALTOONA,PA,35.0,2,Day,Cloudy,Yard,Freight Train,8,5625,0,14517,H503,40.517786000000001,-78.395860999999996
IC,1002404,2019-06-18,12:20 AM,Derailment,0,MEMPHIS,TN,75.0,4,Dark,Rain,Yard,Freight Train,8,18100,0,18100,H702,35.065786000000003,-90.049781999999993
BNSF,SF0315112,2015-03-14,3:05 AM,Derailment,0,TULSA,OK,58.0,4,Dark,Cloudy,Yard,Yard/switching,10,32523,500,33023,M411,36.118256000000002,-96.011663999999996
TRRA,20020,2020-07-08,1:10 AM,Derailment,0,EAST ST LOUIS,IL,77.0,4,Dark,Cloudy,Main,,0,0,15661,15891,H503,38.640650999999998,-90.154850999999994
UP,0818PD027,2018-08-24,5:30 PM,Other impacts,0,EUGENE,OR,76.0,2,Day,Clear,Yard,Yard/switching,4,0,0,14461,H318,44.070461000000002,-123.13207
TXPF,11282016,2016-11-28,10:20 PM,Derailment,0,SAN ANGELO,TX,46.0,4,Dark,Clear,Yard,Freight Train,8,141796,40874,182670,T221,31.493703,-100.412948
NS,133544,2019-04-11,3:33 PM,Other (describe in narrative),0,BELLEVUE,PA,70.0,2,Day,Clear,Main,Freight Train,24,32,17500,17532,H221,40.486038999999998,-80.055661000000001
BNSF,HL0619115,2019-06-28,6:00 PM,Derailment,0,MEMPHIS,TN,80.0,3,Dusk,Clear,Yard,Yard/switching,4,18847,0,18847,M411,35.024611,-89.891340999999997
BNSF,HL0520108,2020-05-28,8:44 PM,Other impacts,0,MEMPHIS,TN,66.0,3,Dusk,Rain,Yard,Yard/switching,6,16000,0,16000,H318,35.027602999999999,-89.895617000000001
ATK,166349,2021-02-06,11:14 PM,Obstruction,0,WESTMINSTER,SC,32.0,4,Dark,Snow,Main,Passenger Train - Pulling,50,15436,0,15436,M404,34.665539000000003,-83.120514
LC,LC07032023,2023-07-03,12:06 PM,Derailment,0,CHESTER,SC,92.0,2,Day,Clear,Yard,Freight Train,5,15000,8000,23000,E23C,34.707599999999999,-81.132900000000006
IORY,IOR710815D,2015-03-17,3:40 PM,Derailment,0,WASHINGTON COURT HOU,OH,45.0,2,Day,Clear,Main,Freight Train,25,10000,315000,325000,E53C,39.509605999999998,-83.560952999999998
CRSH,137514,2020-03-17,3:20 PM,Derailment,0,NEWARK,NJ,54.0,2,Day,Clear,Yard,Yard/switching,3,282,14640,14922,S006,40.710569,-74.143793000000002
UP,0218NP003,2018-02-02,1:48 AM,Derailment,0,COZAD,NE,15.0,4,Dark,Clear,Main,Freight Train,30,30898,689914,720812,E06C,40.891298999999997,-100.081374
NS,142957,2021-09-15,3:42 PM,Other impacts,0,COLUMBIA,SC,72.0,2,Day,Clear,Yard,Single Car,3,15336,0,15336,H312,33.964143,-80.985304999999997
CSX,000168557,2017-04-27,4:00 PM,Derailment,0,WATERLOO,SC,70.0,2,Day,Clear,Main,Freight Train,40,15749,314,16063,E33C,34.376224999999998,-82.052587000000003
CSX,000191154,2020-06-27,7:00 PM,Other impacts,0,NASHVILLE,TN,82.0,3,Dusk,Cloudy,Yard,Cut of cars,0,12809,64,12873,M201,36.112141999999999,-86.770736999999997
BNSF,HL0624110,2024-06-26,4:35 PM,Derailment,0,MEMPHIS,TN,89.0,2,Day,Cloudy,Main,,0,0,78499,111564,H508,35.126874000000001,-90.059577000000004
NS,122559,2016-10-27,6:50 AM,Derailment,0,SHEPHERD,TN,63.0,1,Dawn,Cloudy,Yard,Yard/switching,4,5809,4759,10568,H306,35.085648999999997,-85.225966
BNSF,RD0317103,2017-03-03,12:55 AM,Other (describe in narrative),0,PROSPER,TX,39.0,4,Dark,Clear,Main,Freight Train,2,0,15000,15000,H702,33.254933000000001,-96.802308999999994
UP,1023PN028,2023-10-18,8:26 PM,Other impacts,0,STANFIELD,OR,68.0,4,Dark,Clear,Yard,Cut of cars,0,100,0,58078,E30C,45.796421000000002,-119.26537
NS,123784,2017-01-31,9:50 PM,Other impacts,0,WEST FAIRVIEW,PA,32.0,4,Dark,Clear,Yard,Cut of cars,0,18796,0,37591,E08C,40.279806999999998,-76.922450999999995
BNSF,MT0718108,2018-07-25,9:12 PM,Derailment,0,GLENHAM,SD,60.0,4,Dark,Clear,Main,Freight Train,13,195135,110000,305135,E07C,45.521304999999998,-100.21561
BNSF,RD1017106,2017-10-05,8:38 PM,Derailment,0,SOMERVILLE,TX,78.0,3,Dusk,Clear,Yard,Freight Train,5,17639,1500,19139,H318,30.358066999999998,-96.537409999999994
SEPA,SEPA112021,2021-11-20,5:15 AM,Side collision,0,PHILADELPHIA,PA,35.0,4,Dark,Clear,Yard,EMU,0,75000,0,75800,H305,40.016176999999999,-75.162594999999996
BNSF,GC1015110,2015-10-26,7:30 AM,Derailment,0,BEAUMONT,TX,60.0,1,Dawn,Rain,Yard,Freight Train,4,28933,334000,362933,M404,30.093626,-94.115883999999994
NS,130781,2018-08-31,12:15 PM,Other (describe in narrative),0,OBERLIN,PA,78.0,2,Day,Cloudy,Yard,Yard/switching,2,30000,1510,31510,H702,40.256385999999999,-76.802177999999998
UP,0915FW019,2015-09-18,8:10 PM,Hwy-rail crossing,0,STANTON,TX,80.0,3,Dusk,Rain,Main,Freight Train,60,11179,441,11620,M304,32.121153999999997,-101.81086500000001
NS,156676,2024-05-12,2:30 AM,Side collision,0,DETROIT,MI,60.0,4,Dark,Clear,Yard,Freight Train,4,1500,30030,57530,H702,42.282905999999997,-83.154443999999998
NS,151318,2022-10-30,11:15 AM,Derailment,0,WEST FAIRVIEW,PA,65.0,2,Day,Clear,Yard,Yard/switching,5,66657,168,66825,H312,40.279833000000004,-76.922471999999999
SEPA,17566,2015-02-17,8:33 PM,Other (describe in narrative),0,PHILADELPHIA,PA,17.0,2,Day,Snow,Main,Passenger Train - Pulling,20,14288,0,14288,M406,40.026899999999998,-75.225300000000004
CSX,000148646,2015-07-01,11:45 PM,Derailment,0,MARYVILLE,TN,70.0,4,Dark,Cloudy,Main,Freight Train,34,119559,152121,271680,E53C,35.870749000000004,-83.960941000000005
NS,136152,2019-11-08,2:17 PM,Rear end collision,0,GEORGES STATION,PA,36.0,2,Day,Clear,Main,Freight Train,28,798252,0,1495922,H222,40.317328000000003,-79.489320000000006
NS,152021,2023-01-16,2:00 PM,Other (describe in narrative),0,MILLEN,GA,65.0,2,Day,Clear,Yard,Single Car,5,30913,0,30913,H020,32.801031999999999,-81.946449999999999
CSX,000186820,2019-11-28,5:45 AM,Other impacts,0,NASHVILLE,TN,34.0,4,Dark,Cloudy,Yard,Cut of cars,5,1599,292,17661,H306,36.112141999999999,-86.770736999999997
AWRR,170419001,2017-04-19,12:50 AM,Derailment,0,BERTRAM,TX,68.0,4,Dark,Clear,Main,Freight Train,28,566500,136000,702500,T220,30.747222000000001,-98.063610999999995
UP,0817HO029,2017-08-17,3:38 AM,Other impacts,0,HOUSTON,TX,85.0,4,Dark,Cloudy,Yard,Yard/switching,10,0,0,68980,S007,29.795490999999998,-95.295204999999996
BNSF,RD0118107,2018-01-08,11:07 PM,Derailment,0,PLAINVIEW,TX,45.0,4,Dark,Clear,Yard,Freight Train,4,129991,46000,175991,T220,34.193812999999999,-101.701342
PTO,01072023,2023-01-08,8:02 AM,Obstruction,0,PORTLAND,OR,44.0,2,Day,Cloudy,Yard,Yard/switching,6,0,0,0,M402,45.533510999999997,-122.72361100000001
IC,1142881,2023-12-27,1:25 PM,Derailment,0,POLK,TN,48.0,2,Day,Clear,Main,Freight Train,4,107920,166500,274420,H303,36.249018,-89.120182
UP,0118PD040,2018-01-23,7:34 AM,Derailment,0,STANFIELD,OR,40.0,2,Day,Cloudy,Yard,Light loco(s),2,38034,1056,39090,T221,45.796309000000001,-119.30153900000001
CSX,000180903,2019-01-22,4:30 PM,Other impacts,0,NORTH CHARLESTON,SC,50.0,2,Day,Clear,Yard,Cut of cars,4,41932,102492,258251,H018,32.856969999999997,-80.022953999999999
CSX,000172031,2017-10-05,8:30 PM,Side collision,0,FLORENCE,SC,71.0,4,Dark,Clear,Yard,Yard/switching,7,3000,0,18730,H301,34.198275000000002,-79.762501999999998
BNSF,RD0617100,2017-06-03,4:10 PM,Derailment,0,GALVESTON,TX,86.0,3,Dusk,Clear,Yard,Freight Train,7,7824,118745,126569,E66C,29.294715,-94.840256999999994
NS,144077,2022-01-19,7:00 PM,Other impacts,0,CHATTANOOGA,TN,55.0,3,Dusk,Cloudy,Yard,Yard/switching,3,500,0,12810,M408,35.072248999999999,-85.255533999999997
NS,138650,2020-07-26,7:50 PM,Raking collision,0,CONWAY,PA,80.0,3,Dusk,Clear,Yard,Yard/switching,4,61477,0,62272,H306,40.672356000000001,-80.251823000000002
BNSF,HL0824114,2024-08-31,8:45 AM,Derailment,0,MEMPHIS,TN,81.0,1,Dawn,Cloudy,Yard,Yard/switching,5,11884,300236,615149,M408,35.023994999999999,-89.890366
CSX,000193388,2020-10-21,8:12 AM,Other impacts,0,NASHVILLE,TN,65.0,2,Day,Clear,Yard,Freight Train,7,127545,5060,173765,E31C,36.112141999999999,-86.770736999999997
CSX,000170225,2017-07-12,10:00 AM,Other impacts,0,NASHVILLE,TN,90.0,2,Day,Clear,Yard,Cut of cars,12,36500,150,36650,H601,36.100735999999998,-86.751239999999996
CSX,000178304,2018-08-21,11:30 PM,Other impacts,0,NASHVILLE,TN,72.0,4,Dark,Clear,Yard,Cut of cars,4,18313,0,18425,H308,36.112141999999999,-86.770736999999997
UP,0619GP019,2019-06-16,10:30 AM,Other impacts,0,NORTH PLATTE,NE,74.0,2,Day,Cloudy,Yard,Light loco(s),4,0,0,22430,H307,41.149585000000002,-100.850463
NS,135342,2019-08-31,11:00 PM,Derailment,0,CONWAY,PA,68.0,4,Dark,Clear,Yard,Light loco(s),3,22172,11875,34047,H303,40.672356000000001,-80.251823000000002
BNSF,TC0821201,2021-08-06,2:53 PM,Hwy-rail crossing,0,SIOUX FALLS,SD,83.0,2,Day,Clear,Main,Light loco(s),35,500,20000,20500,M302,43.507516000000003,-96.690413000000007
UP,1220PN030,2020-12-31,12:00 PM,Other (describe in narrative),0,STANFIELD,OR,47.0,2,Day,Clear,Yard,Single Car,0,57993,0,57993,M411,45.795465,-119.273757
CPDR,CPD025617,2017-03-31,1:20 PM,Other (describe in narrative),0,FOUNTAIN INN,SC,72.0,2,Day,Clear,Main,Freight Train,22,41500,400,41900,E29C,34.694592,-82.225162999999995
BNSF,HL0221118,2021-02-22,9:58 AM,Derailment,0,MEMPHIS,TN,48.0,2,Day,Clear,Yard,Yard/switching,6,16597,1000,17597,H316,35.027991999999998,-89.892955999999998
UP,0324PN028,2024-03-29,4:45 AM,Other impacts,0,STANFIELD,OR,40.0,1,Dawn,Clear,Yard,Cut of cars,0,111653,0,143112,H316,45.796534000000001,-119.268289
UP,0922GL003,2022-09-03,7:45 PM,Derailment,0,ST PAUL,MN,72.0,3,Dusk,Clear,Yard,Yard/switching,7,4603,16920,21523,E47C,44.942709999999998,-93.051564999999997
BNSF,HL0922109,2022-09-17,10:20 PM,Derailment,0,MEMPHIS,TN,80.0,4,Dark,Clear,Yard,Freight Train,5,13186,0,17406,H503,35.123514999999998,-90.023822999999993
CSX,000170611,2017-08-02,4:55 AM,Derailment,3,HYNDMAN,PA,64.0,1,Dawn,Clear,Main,Freight Train,29,2130312,74904,2205216,H019,39.826326999999999,-78.722030000000004
RBMN,R01302301,2023-01-30,9:05 PM,Derailment,0,BARNESVILLE,PA,35.0,4,Dark,Clear,Main,Freight Train,29,59499,35117,94616,T212,40.821665000000003,-76.012621999999993
WE,230084SP,2023-11-17,4:20 PM,Rear end collision,0,MONESSEN,PA,57.0,2,Day,Rain,Industry,Spec. MoW Equip.,0,15000,0,15000,H997,40.137138999999998,-79.830108999999993
TZPR,TZP617218S,2018-03-23,12:45 AM,Other impacts,0,PEKIN,IL,41.0,4,Dark,Clear,Industry,Freight Train,3,20243,0,20243,H702,40.590228000000003,-89.662197000000006
NS,124378,2017-03-18,3:26 AM,Other impacts,0,ALLENTOWN,PA,35.0,4,Dark,Cloudy,Yard,Freight Train,0,90,0,17538,H602,40.611930000000001,-75.426705999999996
NS,146245,2022-08-20,1:30 AM,Derailment,0,CHATTANOOGA,TN,85.0,4,Dark,Cloudy,Main,Freight Train,25,434,63396,63830,H518,35.008467000000003,-85.374353999999997
CSX,000211185,2023-05-04,12:30 AM,Derailment,0,NASHVILLE,TN,58.0,4,Dark,Clear,Yard,Yard/switching,3,21342,0,23389,M503,36.112157000000003,-86.770728000000005
NS,127213,2017-10-28,6:15 PM,Derailment,0,GREER,SC,60.0,3,Dusk,Rain,Industry,Freight Train,4,1284,28000,29284,H306,34.935265000000001,-82.225496000000007
NS,139161,2020-09-15,6:57 AM,Other impacts,0,CONWAY,PA,66.0,1,Dawn,Clear,Yard,Single Car,7,300,0,32205,M411,40.672356000000001,-80.251823000000002
RCPE,RCP248217D,2017-03-20,4:20 AM,Derailment,0,SMITHWICK,SD,36.0,4,Dark,Clear,Main,Freight Train,9,100000,100000,200000,T220,43.200000000000003,-103.2
YRC,YRC989117,2017-01-17,11:00 AM,Side collision,0,YORK,PA,42.0,2,Day,Cloudy,Yard,Freight Train,0,19232,0,22115,H018,39.969191000000002,-76.723467999999997
WNYP,W2023002,2023-07-05,7:44 AM,Derailment,0,OLEAN,NY,70.0,1,Dawn,Cloudy,Yard,Yard/switching,3,2243,50000,52243,H799,42.083419999999997,-78.476061999999999
BNSF,MT0116101,2016-01-09,3:40 AM,Other impacts,0,LEMMON,SD,1.0,4,Dark,Cloudy,Main,Freight Train,5,39517,0,39517,H020,45.944358000000001,-102.158017
UP,0621PN010,2021-06-08,8:02 AM,Derailment,0,PORTLAND,OR,54.0,2,Day,Rain,Yard,Yard/switching,8,15011,16996,32007,H703,45.606231999999999,-122.75345799999999
UP,0222PN012,2022-02-14,11:59 PM,Other impacts,0,STANFIELD,OR,40.0,4,Dark,Clear,Yard,Single Car,2,3031,0,69353,H317,45.795025000000003,-119.257723
CSX,000193151,2020-10-09,5:38 PM,Hwy-rail crossing,0,PENDLETON,IN,65.0,3,Dusk,Clear,Main,Freight Train,47,73351,502,73853,M302,39.996423999999998,-85.738274000000004
NS,155864,2024-02-26,11:00 AM,Hwy-rail crossing,0,N/A,PA,50.0,2,Day,Clear,Main,Freight Train,10,800,20000,20800,M303,40.206477,-77.185131999999996
URR,8123,2018-09-28,5:45 PM,Derailment,0,BRADDOCK,PA,68.0,3,Dusk,Clear,Yard,Yard/switching,3,50000,5961,55961,H702,40.386229999999998,-79.846930999999998
NS,133705,2019-04-25,10:15 PM,Other (describe in narrative),0,CHATTANOOGA,TN,64.0,4,Dark,Clear,Yard,Freight Train,5,28349,11843,40192,H702,36.135151,-84.649386000000007
BNSF,RD0817106,2017-08-04,9:55 AM,Derailment,0,SHERMAN,TX,90.0,2,Day,Clear,Yard,Freight Train,5,12535,0,20450,H018,33.649101999999999,-96.603335999999999
BNSF,SF0216118,2016-02-25,1:30 PM,Derailment,0,MEMPHIS,TN,50.0,2,Day,Clear,Yard,Freight Train,3,11971,7000,18971,H503,35.028142000000003,-89.897576999999998
CSX,000201270,2021-10-23,10:56 PM,Other impacts,0,NASHVILLE,TN,60.0,4,Dark,Clear,Yard,Cut of cars,10,43667,121,43788,M407,36.112141999999999,-86.770736999999997
CSX,000177731,2018-07-21,6:00 PM,Side collision,0,NASHVILLE,TN,85.0,2,Day,Clear,Yard,Freight Train,3,174759,23248,198007,H306,36.112141999999999,-86.770736999999997
NJTR,202301019,2023-01-13,9:00 PM,Derailment,0,MORRISVILLE,PA,32.0,4,Dark,Clear,Yard,Passenger Train - Pulling,5,12441,446,12887,E99C,40.194611999999999,-74.791972000000001
CSX,000178380,2018-08-25,2:28 AM,Derailment,1,GREENWOOD,SC,68.0,4,Dark,Clear,Yard,Freight Train,3,75703,915,76618,H702,34.176775999999997,-82.186735999999996
UP,0723GP004,2023-07-03,6:30 AM,Derailment,0,NORTH PLATTE,NE,66.0,1,Dawn,Clear,Yard,Yard/switching,10,149075,0,1025688,S102,41.149844000000002,-100.810169