reportingrailroadcode,accidentnumber,date,time,accidenttype,hazmatreleasedcars,station,stateabbr,temperature,visibility_code,visibility,weathercondition,tracktype,equipmenttype,trainspeed,equipmentdamagecost,trackdamagecost,totaldamagecost,primaryaccidentcausecode,latitude,longitude
ATK,142920,2016-06-17,12:01 AM,Other (describe in narrative),0,PHILADELPHIA,PA,70.0,4,Dark,Clear,Yard,Spec. MoW Equip.,5,0,10661,10661,H402,39.961317999999999,-75.183167999999995
BNSF,NW0821115,2021-08-24,4:15 AM,Derailment,0,PORTLAND,OR,56.0,1,Dawn,Clear,Yard,Cut of cars,4,9625,7043,16668,E09C,45.549239999999998,-122.717241
ARR,2016106,2016-05-25,3:00 PM,Derailment,0,ANCHORAGE,AK,60.0,2,Day,Clear,Yard,Passenger Train - Pushing,4,12610,0,12610,H303,61.222755999999997,-149.888214
CSX,000211929,2023-06-22,8:30 AM,Other impacts,0,NORTH CHARLESTON,SC,65.0,2,Day,Cloudy,Yard,Yard/switching,4,11160,1160,20820,E39C,32.856924999999997,-80.022907000000004
CSX,000152197,2015-09-17,1:58 PM,Other impacts,0,AVON,IN,80.0,2,Day,Clear,Yard,Cut of cars,5,16009,0,25642,S016,39.759222000000001,-86.353898999999998
CSX,000200010,2021-09-11,4:47 AM,Derailment,0,PEMBROKE,NC,55.0,1,Dawn,Clear,Main,Freight Train,36,25198,15952,41150,E53C,34.672775999999999,-79.199749999999995
NS,142192,2021-07-14,12:30 PM,Other (describe in narrative),0,WEST FAIRVIEW,PA,77.0,2,Day,Clear,Yard,Yard/switching,0,72250,0,72250,E30C,40.279806999999998,-76.922450999999995
NS,152959,2023-04-30,12:10 PM,Other impacts,0,CHATTANOOGA,TN,65.0,2,Day,Clear,Yard,Light loco(s),6,53740,2487,106774,H706,35.072249999999997,-85.255534999999995
IC,905562,2016-11-04,4:40 AM,Other (describe in narrative),0,MEMPHIS,TN,65.0,4,Dark,Clear,Industry,Yard/switching,6,16388,25,16413,H699,35.074525999999999,-90.085520000000002
CSX,000198082,2021-06-08,5:06 AM,Side collision,0,FLORENCE,SC,86.0,1,Dawn,Clear,Yard,Freight Train,5,4526,0,48886,H399,34.198275000000002,-79.762501999999998
CSX,000209011,2022-12-29,9:54 PM,Side collision,0,NASHVILLE,TN,60.0,4,Dark,Clear,Yard,Yard/switching,4,13308,0,19231,H307,36.112136,-86.770713000000001
NS,125608,2017-06-28,9:35 AM,Derailment,0,NORTH CHARLESTON,SC,72.0,2,Day,Clear,Main,Yard/switching,7,3420,18102,21522,H306,32.867713000000002,-79.999538000000001
NS,134056,2019-05-24,12:30 PM,Other impacts,0,ROSSVILLE,TN,87.0,2,Day,Clear,Yard,Yard/switching,5,56228,0,56228,H306,35.048707999999998,-89.545162000000005
MBTA,YR202205,2022-01-21,5:51 PM,Hwy-rail crossing,0,WILMINGTON,MA,15.0,4,Dark,Clear,Main,Passenger Train - Pushing,47,32981,0,32981,M399,42.569285999999998,-71.159346999999997
AVR,0514159,2015-05-14,9:55 AM,Derailment,0,PITTSBURGH,PA,60.0,2,Day,Clear,Yard,Freight Train,0,110000,200,110200,H505,40.420493999999998,-79.949724000000003
KCS,15123001,2015-12-30,4:00 AM,Derailment,0,VICTORIA,TX,45.0,4,Dark,Cloudy,Siding,Freight Train,7,17912,101075,118987,H703,28.826481000000001,-96.937453000000005
UP,0816HO004,2016-08-02,8:00 AM,Hwy-rail crossing,0,SPRING,TX,90.0,2,Day,Clear,Main,Freight Train,10,447,46885,47332,M302,29.996041000000002,-95.396207000000004
UP,0318UT017,2018-03-15,9:20 PM,Derailment,0,POCATELLO,ID,30.0,4,Dark,Clear,Yard,Yard/switching,3,7517,4776,12293,M404,42.86627,-112.45254799999999
NS,143897,2022-01-01,4:13 PM,Other impacts,0,CHATTANOOGA,TN,70.0,3,Dusk,Cloudy,Yard,Yard/switching,2,148829,0,148829,M411,34.777178999999997,-86.525526999999997
BNSF,RD1122130,2022-11-29,4:45 PM,Derailment,0,TULSA,OK,35.0,2,Day,Clear,Yard,Yard/switching,2,1000,48000,49000,M411,36.120606000000002,-96.010914
RBMN,L07181601,2016-07-18,4:25 AM,Derailment,0,MOUNTAIN TOP,PA,65.0,1,Dawn,Clear,Yard,,0,0,0,15000,H306,41.166764999999998,-75.864478000000005
NS,130823,2018-09-04,7:49 PM,Derailment,0,FRANKLIN,PA,72.0,3,Dusk,Clear,Main,Freight Train,35,2864,67109,69973,E53C,40.341290000000001,-78.890950000000004
CSX,000152141,2015-09-17,10:50 AM,Head on collision,0,SPRINGFIELD,TN,74.0,2,Day,Clear,Main,Spec. MoW Equip.,0,0,0,25159,H099,36.479241999999999,-86.855655999999996
BNSF,HL1120108,2020-11-13,2:29 AM,Side collision,0,MEMPHIS,TN,68.0,4,Dark,Clear,Yard,Yard/switching,0,4788,0,14654,H021,35.026649999999997,-89.892557999999994
NS,153321,2023-06-10,12:40 PM,Derailment,0,WEST FAIRVIEW,PA,80.0,2,Day,Clear,Yard,Freight Train,5,43500,12829,56329,H704,40.279833000000004,-76.922471999999999
KCS,16032601,2016-03-26,9:55 PM,Derailment,0,WYLIE,TX,65.0,4,Dark,Clear,Yard,Yard/switching,3,103183,22992,126175,H503,33.028852000000001,-96.504754000000005
UP,0616SA011,2016-06-12,11:00 AM,Fire/violent rupture,0,GEORGE WEST,TX,85.0,2,Day,Clear,Main,Freight Train,40,45413,0,45413,E74L,28.199093000000001,-97.895098000000004
NS,124543,2017-03-31,8:05 AM,Derailment,0,COLUMBIA,SC,67.0,2,Day,Rain,Yard,Yard/switching,5,6156,15453,21609,H702,33.985332999999997,-81.039083000000005
NS,143805,2021-12-20,2:15 PM,Other impacts,0,LOCKBOURNE,OH,72.0,2,Day,Clear,Yard,Single Car,0,2696,0,11428,H307,39.782282000000002,-82.957921999999996
CSX,000209550,2023-01-31,10:24 AM,Side collision,0,PHILADELPHIA,PA,39.0,2,Day,Cloudy,Yard,Yard/switching,7,1656,271,13388,H306,39.898724999999999,-75.166970000000006
RCPE,RCP506723D,2023-08-16,3:37 PM,Derailment,0,STURGIS,SD,90.0,2,Day,Clear,Siding,Cut of cars,0,60000,15000,75000,M501,44.416547000000001,-103.53021099999999
CSX,000199399,2021-08-09,6:30 PM,Derailment,0,NORTH CHARLESTON,SC,84.0,3,Dusk,Cloudy,Yard,Yard/switching,6,119187,6226,125413,H702,32.857559999999999,-79.989058
NS,124574,2017-04-03,11:58 AM,Derailment,0,ALTOONA,PA,65.0,2,Day,Clear,Yard,Light loco(s),5,11262,0,11262,H306,40.529625000000003,-78.385380999999995
ATK,164309,2020-04-27,1:30 PM,Obstruction,0,WEST KINGSTON,RI,41.0,2,Day,Cloudy,Main,Spec. MoW Equip.,0,200000,0,206000,H104,41.474286999999997,-71.576894999999993
NS,154109,2023-09-04,4:00 AM,Side collision,0,09612,MO,74.0,1,Dawn,Clear,Yard,Freight Train,9,6976,6976,20928,H702,38.698473,-90.223315999999997
ATK,168341,2021-09-12,9:27 PM,Obstruction,0,SALEM,OR,65.0,4,Dark,Cloudy,Main,Passenger Train - Pushing,57,94061,0,94211,M402,44.895462000000002,-122.99762699999999
UP,0516HO009,2016-05-12,12:05 PM,Derailment,0,HOUSTON,TX,80.0,2,Day,Clear,Yard,Cut of cars,0,9470,0,14303,H021,29.789739999999998,-95.299125000000004
PR,2024020202,2024-02-28,5:30 PM,Other impacts,0,NORTH CHARLESTON,SC,61.0,3,Dusk,Clear,Yard,Freight Train,2,12001,0,20671,H018,32.897269999999999,-79.979510000000005
NS,145827,2022-07-13,2:20 AM,Obstruction,0,SEWARD,PA,70.0,4,Dark,Clear,Main,Freight Train,35,1719,26389,28108,M404,40.407977000000002,-79.025352999999996
BNSF,HL0918121,2018-09-24,2:30 PM,Derailment,0,MEMPHIS,TN,85.0,2,Day,Rain,Yard,Freight Train,6,49400,85000,134400,H503,35.107481999999997,-89.990268
NS,145969,2022-07-27,3:17 AM,Derailment,0,BADEN,PA,71.0,4,Dark,Clear,Siding,Freight Train,5,750,49931,50681,H503,40.638227000000001,-80.231926000000001
BNSF,TX0915101,2015-09-11,8:45 PM,Derailment,0,HASLET,TX,70.0,3,Dusk,Clear,Yard,Light loco(s),9,24000,500,24500,H307,32.989778999999999,-97.354326999999998
CSX,000216296,2024-02-12,5:00 PM,Other (describe in narrative),0,CHATTANOOGA,TN,44.0,3,Dusk,Rain,Yard,Freight Train,7,27067,0,27067,M105,35.012656999999997,-85.371486000000004
NS,127578,2017-11-30,2:20 AM,Derailment,0,ALLENTOWN,PA,32.0,4,Dark,Clear,Yard,Yard/switching,7,37955,2536,40491,H306,40.611930000000001,-75.426705999999996
MBTA,7062,2017-10-10,6:09 AM,Obstruction,0,HINGHAM,MA,68.0,1,Dawn,Fog,Main,Passenger Train - Pushing,40,53909,0,53909,M404,42.245035999999999,-70.850532999999999
NS,113641,2015-01-02,6:30 AM,Other impacts,0,CONWAY,PA,25.0,1,Dawn,Clear,Yard,Yard/switching,5,102548,0,102548,M408,40.672361000000002,-80.251825999999994
UP,0318PD028,2018-03-20,10:20 AM,Derailment,0,PORTLAND,OR,50.0,2,Day,Clear,Yard,Yard/switching,7,19506,99,19605,H601,45.485169999999997,-122.642714
UP,0823MA016,2023-08-15,5:04 AM,Derailment,0,MEMPHIS,TN,70.0,1,Dawn,Clear,Main,Freight Train,10,33116,0,33810,E34C,35.127699,-89.98818
UP,1117HO028,2017-11-22,8:40 PM,Other impacts,0,SPRING,TX,55.0,4,Dark,Clear,Yard,Cut of cars,5,33318,0,171266,H310,30.061664,-95.412611999999996
UP,0320HL006,2020-03-09,8:20 PM,Fire/violent rupture,0,KANSAS CITY,KS,39.0,4,Dark,Clear,Main,Freight Train,40,17374,0,17374,E74L,38.859808999999998,-94.612003999999999
ATK,147849,2017-06-11,3:00 AM,Other (describe in narrative),0,PHILADELPHIA,PA,72.0,4,Dark,Clear,Main,,0,0,58582,58582,E75L,40.035837000000001,-75.020224999999996
NS,153042,2023-05-10,12:30 AM,Derailment,0,VAUCLUSE,SC,70.0,4,Dark,Clear,Industry,Freight Train,0,230210,20126,250336,H025,33.651668999999998,-81.807604999999995
CSX,000140697,2015-01-27,2:17 AM,Other (describe in narrative),0,MARTIN,SC,37.0,4,Dark,Clear,Main,Freight Train,41,2735102,41950,3048132,M505,33.068728,-81.476697000000001
UP,0919GC024,2019-09-11,2:00 PM,Other impacts,0,LIVONIA,LA,92.0,2,Day,Cloudy,Yard,Yard/switching,3,316,183,26466,S006,30.525873000000001,-91.555325999999994
NS,116137,2015-06-19,11:34 AM,Derailment,0,HARRISBURG,PA,81.0,2,Day,Clear,Yard,Freight Train,2,22205,21199,43404,H702,40.259698,-76.794313000000002
BNSF,RD1019101,2019-10-02,12:28 AM,Derailment,0,COVINGTON,OK,78.0,4,Dark,Clear,Main,Freight Train,21,252467,30000,282467,M201,36.27169,-97.501205999999996
NS,120988,2016-06-24,2:15 AM,Derailment,0,CONWAY,PA,64.0,4,Dark,Cloudy,Yard,Yard/switching,4,12240,100,12340,H504,40.672361000000002,-80.251825999999994
CSX,000180616,2019-01-04,6:35 AM,Other impacts,0,NASHVILLE,TN,42.0,1,Dawn,Rain,Yard,Cut of cars,4,132486,0,325721,H099,36.112141999999999,-86.770736999999997
SEPA,SEPA110722,2022-11-07,10:40 PM,Fire/violent rupture,0,GLENSIDE,PA,50.0,4,Dark,Clear,Main,EMU,0,59000,0,59000,E74L,40.114055,-75.153205
CRSH,118729,2015-12-29,3:30 AM,Raking collision,0,MORRISVILLE,PA,47.0,4,Dark,Rain,Yard,Single Car,3,32751,0,35198,H021,40.196817000000003,-74.790952000000004
NS,145114,2022-04-11,3:00 PM,Other (describe in narrative),0,BROWNSVILLE,PA,50.0,2,Day,Clear,Main,,0,0,19562,19562,H019,40.020879999999998,-79.902974999999998
CSX,000139478,2014-12-26,10:00 AM,Derailment,0,PROSPERITY,SC,50.0,2,Day,Clear,Industry,Cut of cars,0,4668,0,112353,H307,34.217678999999997,-81.497163
SEPA,SEPA042022,2022-04-20,11:45 AM,Other (describe in narrative),0,PHILADELPHIA,PA,60.0,2,Day,Clear,Yard,EMU,3,155208,0,155208,H212,40.018087999999999,-75.163105000000002
UP,0117KC012,2017-01-23,5:00 AM,Other impacts,0,KANSAS CITY,KS,32.0,4,Dark,Cloudy,Yard,Light loco(s),9,665,33,23670,H021,39.141657000000002,-94.622349999999997
CRSH,128893,2018-03-17,5:40 PM,Raking collision,0,MORRISVILLE,PA,45.0,3,Dusk,Clear,Yard,Single Car,0,4593,0,11458,H018,40.194232999999997,-74.802160999999998
CSX,000218862,2024-06-24,5:30 PM,Other impacts,0,KINGSPORT,TN,89.0,2,Day,Cloudy,Yard,Cut of cars,3,19000,0,24000,H008,36.549664,-82.571194000000006
CORP,COR560323D,2023-10-09,2:23 AM,Derailment,0,WOLF CREEK,OR,55.0,4,Dark,Rain,Main,Freight Train,14,96161,101000,197161,E4TC,42.697007999999997,-123.3948
BNSF,HL1122103,2022-11-10,3:15 PM,Derailment,0,MEMPHIS,TN,65.0,2,Day,Clear,Yard,Freight Train,3,97895,220844,318739,H522,35.034512999999997,-89.906304000000006
CRSH,133780,2019-05-01,3:00 AM,Raking collision,0,MARCUS HOOK,PA,55.0,4,Dark,Clear,Yard,Single Car,0,13865,0,29930,H318,39.827097000000002,-75.393783999999997
CSX,000150399,2015-08-10,9:30 PM,Side collision,0,NASHVILLE,TN,87.0,4,Dark,Clear,Yard,Cut of cars,4,12458,0,12458,M408,36.112147999999998,-86.770741000000001
UP,1120GC017,2020-11-14,2:00 AM,Derailment,0,PORT ALLEN,LA,59.0,4,Dark,Cloudy,Industry,Freight Train,7,20695,4550,25245,H303,30.450053,-91.210893999999996
NS,134895,2019-07-28,3:50 AM,Other (describe in narrative),0,MASCOT,TN,67.0,4,Dark,Clear,Yard,Freight Train,3,3704,26817,30521,H702,36.033005000000003,-83.817278000000002
IC,1004969,2019-07-10,9:30 AM,Hwy-rail crossing,0,DYERSBURG,TN,90.0,2,Day,Clear,Industry,Freight Train,7,53000,0,53000,M308,36.051104000000002,-89.344233000000003
BNSF,RD0117120,2017-01-28,8:42 AM,Other (describe in narrative),0,TEMPLE,TX,53.0,1,Dawn,Clear,Yard,Yard/switching,6,2000,60000,62000,E02C,31.113491,-97.349435999999997
NS,136773,2020-01-08,10:00 AM,Other (describe in narrative),0,OBERLIN,PA,35.0,2,Day,Clear,Yard,Single Car,5,2000,9126,11126,H018,40.256385999999999,-76.802177999999998
NS,125268,2017-05-23,5:13 AM,Other impacts,0,FOUNTAIN HILL,PA,55.0,1,Dawn,Clear,Yard,Yard/switching,3,18000,0,18000,E29C,40.611930000000001,-75.426705999999996
SEPA,38609,2020-02-11,9:20 PM,Derailment,0,PHILADELPHIA,PA,49.0,4,Dark,Cloudy,Yard,EMU,5,15000,1213,16213,H306,39.981450000000002,-75.234924000000007
UP,1115WH006,2015-11-09,12:10 AM,Derailment,0,WELCH,OK,35.0,4,Dark,Cloudy,Main,Freight Train,43,16535,10000,26535,H503,36.981997999999997,-95.095365000000001
NS,152711,2023-04-03,11:50 AM,Hwy-rail crossing,0,FAIRFIELD,SC,53.0,2,Day,Cloudy,Main,Freight Train,31,28,19000,19028,M303,34.956698000000003,-82.009983000000005
UP,0422PN019,2022-04-17,5:06 PM,Derailment,0,STANFIELD,OR,57.0,2,Day,Clear,Yard,Freight Train,8,97706,8700,106406,H524,45.796511000000002,-119.276505
NS,131221,2018-10-06,10:00 AM,Derailment,0,CONWAY,PA,79.0,2,Day,Clear,Yard,Freight Train,5,7150,11169,18319,E40C,40.672356000000001,-80.251823000000002
NS,135004,2019-08-06,11:42 AM,Other impacts,0,ALLENTOWN,PA,85.0,2,Day,Clear,Yard,Yard/switching,2,237250,3443,240693,E30C,40.611930000000001,-75.426705999999996
CSX,000177731,2018-07-21,6:00 PM,Side collision,1,NASHVILLE,TN,85.0,2,Day,Clear,Yard,Freight Train,5,0,0,198007,H306,36.112141999999999,-86.770736999999997
CSX,000220231,2024-08-30,1:30 AM,Other impacts,0,GETTYSBURG,PA,65.0,4,Dark,Clear,Main,Yard/switching,5,17079,0,34563,H302,39.856403,-77.155310999999998
TRE,17010,2017-07-18,11:50 PM,Derailment,0,IRVING,TX,83.0,4,Dark,Clear,Main,,0,0,23457,33457,M405,32.816882999999997,-96.945886000000002
BNSF,RD0117119,2017-01-27,5:00 PM,Derailment,0,SILSBEE,TX,50.0,3,Dusk,Clear,Yard,Yard/switching,8,24363,3500,27863,H318,30.357529,-94.198217
RCPE,RCP402217G,2017-08-17,3:17 PM,Hwy-rail crossing,0,BLUNT,SD,80.0,2,Day,Clear,Main,Freight Train,10,11415,0,11415,M308,44.512318,-99.996871999999996
CSX,000196621,2021-03-27,3:17 AM,Derailment,0,MADISON,TN,60.0,4,Dark,Cloudy,Main,Freight Train,0,402000,326707,1379358,E04C,36.244176000000003,-86.724964999999997
NS,128026,2018-01-06,7:20 PM,Derailment,1,CHATTANOOGA,TN,18.0,3,Dusk,Clear,Yard,Freight Train,6,43257,43061,86775,E30C,35.060735999999999,-85.266797999999994
UP,0518PD007,2018-05-08,7:00 PM,Other impacts,0,STANFIELD,OR,82.0,4,Dark,Rain,Yard,Single Car,5,3667,0,38426,M105,45.796647,-119.263273
UP,0119PN012,2019-01-11,5:05 PM,Derailment,0,PORTLAND,OR,40.0,2,Day,Cloudy,Yard,Yard/switching,5,7694,3946,11640,T220,45.603679999999997,-122.740011
CSX,000186150,2019-10-23,6:30 AM,Derailment,0,NASHVILLE,TN,41.0,4,Dark,Clear,Main,Yard/switching,5,19000,8012,27012,H702,36.093116000000002,-86.696012999999994
NS,130467,2018-08-06,2:15 AM,Other impacts,0,CONWAY,PA,72.0,4,Dark,Clear,Yard,Freight Train,0,1250,0,35557,H306,40.672356000000001,-80.251823000000002
NS,124263,2017-03-09,11:35 PM,Other impacts,0,SHARPSBURG,PA,33.0,4,Dark,Snow,Main,Freight Train,40,13312,0,13312,E36L,40.493682,-79.931083000000001
ATK,152121,2018-02-26,11:16 PM,Hwy-rail crossing,0,QUINBY,SC,47.0,4,Dark,Clear,Main,Passenger Train - Pulling,78,16714,0,16714,M308,34.202413999999997,-79.704566999999997
ATK,153700,2018-06-11,5:12 PM,Derailment,0,BOSTON,MA,65.0,2,Day,Clear,Yard,Light loco(s),6,104392,2500,106892,H703,42.331417999999999,-71.060254
UP,1020HL003,2020-10-03,11:38 AM,Other impacts,0,KANSAS CITY,MO,60.0,2,Day,Clear,Yard,Single Car,4,896,0,28183,E34C,39.122684,-94.533422000000002
MNCW,2015121019,2015-12-10,3:15 AM,Obstruction,0,STAMFORD,CT,49.0,4,Dark,Rain,Main,Spec. MoW Equip.,6,16235,0,16235,H607,41.041069999999998,-73.550995
BRS,I171102005,2017-11-02,4:40 AM,Derailment,0,BATON ROUGE,LA,75.0,1,Dawn,Clear,Yard,Yard/switching,4,14000,10500,24500,H704,30.458300000000001,-91.140299999999996
UP,0915PR017,2015-09-19,3:08 PM,Side collision,0,NORTHLAKE,IL,75.0,2,Day,Clear,Yard,Cut of cars,0,14775,0,16973,H020,41.894928999999998,-87.898257999999998
UP,0317FW044,2017-03-30,6:50 PM,Other impacts,0,FORT WORTH,TX,77.0,2,Day,Clear,Yard,Yard/switching,4,110819,6728,260716,H307,32.714522000000002,-97.397322000000003
CRSH,127962,2018-01-02,4:57 AM,Derailment,0,NEWARK,NJ,16.0,1,Dawn,Clear,Yard,Yard/switching,8,14507,7500,22007,S016,40.704422999999998,-74.129265000000004
UP,0717HO013,2017-07-10,3:50 PM,Derailment,0,LA PORTE,TX,93.0,2,Day,Cloudy,Yard,Yard/switching,5,36683,18265,54948,H307,29.674952000000001,-95.039107000000001
ATK,164309,2020-04-27,1:30 PM,Obstruction,0,WEST KINGSTON,RI,41.0,2,Day,Cloudy,Main,Spec. MoW Equip.,10,6000,0,206000,H104,41.474286999999997,-71.576894999999993
UP,1015HO020,2015-10-19,9:00 AM,Fire/violent rupture,0,HOUSTON,TX,82.0,2,Day,Clear,Main,Freight Train,20,58490,0,58490,E79L,29.771822,-95.312567999999999
CSX,000179273,2018-10-11,7:20 PM,Other impacts,0,PHILADELPHIA,PA,70.0,4,Dark,Rain,Yard,Yard/switching,5,25000,200,145126,H318,39.898302000000001,-75.167339999999996
BNSF,KS0220101,2020-02-01,12:55 AM,Derailment,0,AMARILLO,TX,38.0,4,Dark,Clear,Yard,Yard/switching,10,0,27424,27424,H307,35.195304,-101.829551
CRSH,136251,2019-11-18,4:30 AM,Derailment,0,FAIRLESS HILLS,PA,37.0,1,Dawn,Cloudy,Yard,Yard/switching,1,40523,1000,41523,H018,40.194383999999999,-74.801760999999999
BNSF,NW1121105,2021-11-03,4:25 PM,Derailment,0,PORTLAND,OR,50.0,2,Day,Rain,Yard,Light loco(s),8,3000,35000,38000,H607,45.610652000000002,-122.711045
NS,143310,2021-10-28,10:10 PM,Derailment,0,YORK HAVEN,PA,50.0,4,Dark,Clear,Main,Freight Train,38,1228061,610713,1838774,E54C,40.097152000000001,-76.703710000000001
BNSF,RD0317123,2017-03-29,11:20 AM,Derailment,0,DALLAS,TX,69.0,2,Day,Clear,Industry,Freight Train,6,12999,14700,27699,H704,32.888311000000002,-96.912740999999997
UP,1016HO002,2016-10-01,5:05 AM,Derailment,0,HOUSTON,TX,63.0,1,Dawn,Clear,Yard,Yard/switching,6,165917,77913,243830,T220,29.831035,-95.288520000000005
NS,128572,2018-02-19,5:00 AM,Other (describe in narrative),0,MASCOT,TN,64.0,1,Dawn,Clear,Yard,Freight Train,2,8130,31646,39776,H702,36.033005000000003,-83.817278000000002
BNSF,HL0519110,2019-05-17,2:23 PM,Derailment,0,MEMPHIS,TN,85.0,2,Day,Clear,Yard,Yard/switching,3,21000,84000,105000,H607,35.027467999999999,-89.895308
UP,0616SA013,2016-06-14,11:56 PM,Hwy-rail crossing,0,TAYLOR,TX,85.0,4,Dark,Clear,Main,Freight Train,32,121,18000,18121,M303,30.557649999999999,-97.452298999999996
UP,0118NP007,2018-01-06,8:48 PM,Other impacts,0,NORTH PLATTE,NE,18.0,4,Dark,Cloudy,Yard,Single Car,0,5717,1421,12855,M411,41.152209999999997,-100.81907200000001
UP,0518PD019,2018-05-17,6:43 AM,Derailment,0,STANFIELD,OR,60.0,1,Dawn,Clear,Yard,Freight Train,8,54898,6826,61724,M405,45.793970999999999,-119.26967399999999
IC,908712,2016-12-13,11:55 AM,Derailment,0,MEMPHIS,TN,46.0,2,Day,Clear,Yard,,0,0,600,26010,H514,35.072927999999997,-90.051755999999997
BNSF,HL1122105,2022-11-14,2:00 PM,Derailment,0,MEMPHIS,TN,48.0,2,Day,Clear,Yard,Yard/switching,7,49520,0,49520,E30C,35.048699999999997,-89.925298999999995
RCPE,RCP588720A,2020-10-21,1:34 PM,Other impacts,0,AURORA,SD,30.0,2,Day,Snow,Yard,Light loco(s),11,20000,0,20000,H601,44.289945000000003,-96.719543999999999
NS,155127,2023-12-21,4:00 AM,Other (describe in narrative),0,FAIRLESS HILLS,PA,39.0,1,Dawn,Clear,Yard,Light loco(s),0,12000,300,12300,H702,40.189286000000003,-74.867581999999999
PTRA,2015000049,2015-11-09,1:45 PM,Derailment,0,DEER PARK,TX,75.0,2,Day,Clear,Industry,Freight Train,2,1000,15000,16000,H399,29.748028999999999,-95.092201000000003
NS,119315,2016-02-11,12:20 AM,Raking collision,0,MONETTA,SC,28.0,4,Dark,Clear,Industry,Freight Train,5,30000,1000,31000,H302,33.850042000000002,-81.609585999999993
IC,1139047,2023-09-19,3:44 PM,Side collision,0,MEMPHIS,TN,84.0,2,Day,Clear,Yard,Yard/switching,4,9585,0,21687,H307,35.080716000000002,-90.044200000000004
NS,144013,2022-01-12,10:44 PM,Derailment,0,FLEETWOOD,PA,25.0,4,Dark,Clear,Main,Freight Train,37,17747,0,17747,E33C,40.440947000000001,-75.874639999999999
UP,1123PN018,2023-11-25,3:24 AM,Derailment,0,EUGENE,OR,28.0,4,Dark,Fog,Yard,Yard/switching,4,4988,13479,18467,H306,44.067622999999998,-123.126229
UP,0323PN012,2023-03-15,7:17 AM,Derailment,0,LA GRANDE,OR,29.0,2,Day,Snow,Yard,Freight Train,3,10894,3503,14397,H307,45.328437000000001,-118.09098299999999
NS,130467,2018-08-06,2:15 AM,Other impacts,0,CONWAY,PA,72.0,4,Dark,Clear,Yard,Yard/switching,4,20641,13616,35557,H306,40.672356000000001,-80.251823000000002
SCRF,SCR108317,2017-09-24,1:30 PM,Derailment,0,DARLINGTON,SC,79.0,2,Day,Clear,Main,Freight Train,13,62000,87611,149611,M204,34.372912999999997,-79.933273999999997
KCS,17092801,2017-09-28,10:41 AM,Hwy-rail crossing,0,DELHI,LA,77.0,2,Day,Clear,Main,Freight Train,53,6472,11938,18410,M304,32.4572,-91.498930000000001
CSX,000206788,2022-08-20,2:01 PM,Other impacts,0,CHATTANOOGA,TN,72.0,2,Day,Cloudy,Yard,Single Car,0,68,0,17068,H318,35.012656999999997,-85.371486000000004
UP,0317HO036,2017-03-13,2:40 PM,Derailment,0,BROWNSVILLE,TX,68.0,2,Day,Cloudy,Yard,Freight Train,10,115397,3986,119383,H303,25.999362999999999,-97.506845999999996
SRC,202201,2022-11-02,11:23 AM,Obstruction,0,PARADISE,PA,69.0,2,Day,Clear,Yard,Light loco(s),10,30914,0,30914,H607,40.004812000000001,-76.112859999999998
BNSF,KS0616108,2016-06-28,8:21 AM,Head on collision,1,PANHANDLE,TX,70.0,1,Dawn,Clear,Main,Freight Train,65,6397615,0,15828190,H220,35.360987999999999,-101.334873
CSX,000166016,2017-01-16,7:35 PM,Other impacts,0,WILLARD,OH,38.0,4,Dark,Clear,Yard,Cut of cars,2,35403,0,35583,H021,41.059857000000001,-82.723963999999995
NS,141471,2021-05-07,4:09 AM,Side collision,0,BELLEVUE,OH,38.0,1,Dawn,Cloudy,Yard,Yard/switching,3,55307,577,55884,H318,41.288212999999999,-82.798855000000003
AVR,081415115,2015-08-14,6:25 AM,Derailment,0,PITTSBURGH,PA,73.0,1,Dawn,Clear,Yard,Freight Train,0,24500,0,24500,M202,40.440624,-79.995887999999994
NS,152398,2023-02-09,7:00 PM,Side collision,0,CREIGHTON,PA,68.0,3,Dusk,Cloudy,Yard,Light loco(s),3,104647,0,104707,H302,40.592418000000002,-79.770673000000002
NS,138162,2020-06-06,9:10 PM,Other (describe in narrative),0,MASCOT,TN,72.0,4,Dark,Clear,Yard,Freight Train,3,9268,5219,14487,H702,36.033005000000003,-83.817278000000002
CSX,000181828,2019-03-13,5:20 PM,Side collision,0,NORTH CHARLESTON,SC,60.0,2,Day,Clear,Yard,Single Car,5,454,0,11315,H318,32.856969999999997,-80.022953999999999
CSX,000170713,2017-08-06,2:31 AM,Hwy-rail crossing,0,HARDEEVILLE,SC,70.0,4,Dark,Clear,Main,,0,0,0,34330,M302,32.293497000000002,-81.077271999999994
ATK,149067,2017-08-18,7:00 AM,Hwy-rail crossing,0,PATRICK,SC,80.0,2,Day,Cloudy,Main,Passenger Train - Pulling,54,33661,0,85115,M302,34.575007999999997,-80.045961000000005
UP,1022PN014,2022-10-13,12:08 PM,Other impacts,0,PORTLAND,OR,61.0,2,Day,Clear,Yard,Yard/switching,7,11998,24675,39659,H312,45.549951999999998,-122.690225
NS,128249,2018-01-22,10:45 PM,Derailment,0,ATTICA,OH,32.0,4,Dark,Rain,Main,Freight Train,41,1080613,384480,1465093,M105,41.112253000000003,-82.871019000000004