reportingrailroadcode,accidentnumber,date,time,accidenttype,hazmatreleasedcars,station,stateabbr,temperature,visibility_code,visibility,weathercondition,tracktype,equipmenttype,trainspeed,equipmentdamagecost,trackdamagecost,totaldamagecost,primaryaccidentcausecode,latitude,longitude
NS,122352,2016-10-07,7:53 PM,Side collision,0,NORTH EAST,PA,72.0,3,Dusk,Clear,Industry,Freight Train,8,17585,0,27822,H302,42.206347000000001,-79.846368999999996
CSX,000200015,2021-09-12,8:50 AM,Derailment,0,NASHVILLE,TN,80.0,2,Day,Clear,Yard,Single Car,9,500,150,14017,M408,36.112141999999999,-86.770736999999997
NS,128226,2018-01-21,3:00 AM,Derailment,0,BELLEVUE,OH,32.0,4,Dark,Clear,Yard,Cut of cars,2,18060,0,21118,M407,41.288305999999999,-82.801342000000005
UP,0323PN009,2023-03-10,12:40 PM,Other impacts,0,PORTLAND,OR,40.0,2,Day,Cloudy,Yard,Yard/switching,10,102542,0,185597,H309,45.549807000000001,-122.69054800000001
CSX,000204641,2022-04-30,8:30 AM,Side collision,0,GREENWOOD,SC,68.0,2,Day,Clear,Yard,Freight Train,0,1109,0,36800,H306,34.188493000000001,-82.16507
BNSF,PR0117115,2017-01-18,2:15 AM,Derailment,0,ALLIANCE,NE,21.0,4,Dark,Clear,Yard,Light loco(s),4,23190,500,23690,H602,42.093015000000001,-102.868877
NS,121961,2016-09-06,6:10 PM,Derailment,0,SAXON,SC,72.0,3,Dusk,Clear,Yard,Yard/switching,8,4743,7392,12135,E09L,34.961143999999997,-81.957402000000002
CORP,COR569323A,2023-10-14,1:12 AM,Other (describe in narrative),0,EUGENE,OR,48.0,4,Dark,Cloudy,Yard,Freight Train,0,18318,0,22139,H704,44.069443999999997,-123.13
UP,0822GL034,2022-08-27,11:30 AM,Other impacts,0,SAVAGE,MN,75.0,2,Day,Rain,Industry,Freight Train,5,11858,0,17478,H607,44.782525,-93.354693999999995
NS,122111,2016-09-19,2:30 PM,Derailment,0,LEESPORT,PA,75.0,2,Day,Cloudy,Industry,Freight Train,5,3000,25746,28746,T215,40.465184999999998,-75.901723000000004
NS,138172,2020-06-08,5:30 AM,Derailment,0,LUDLOW,KY,68.0,1,Dawn,Clear,Main,Freight Train,11,24547,4793,29340,H520,39.095691000000002,-84.542717999999994
NS,124377,2017-03-18,12:30 AM,Other impacts,0,ALLENTOWN,PA,35.0,4,Dark,Cloudy,Yard,Yard/switching,0,7250,0,12625,H305,40.611930000000001,-75.426705999999996
BNSF,RD1117123,2017-11-28,12:35 AM,Derailment,0,HOUSTON,TX,65.0,4,Dark,Clear,Yard,Freight Train,4,89475,15000,104475,E85C,29.602471999999999,-95.298547999999997
UP,0321GP036,2021-03-22,2:30 PM,Obstruction,0,NORTH PLATTE,NE,49.0,2,Day,Cloudy,Yard,Single Car,4,272,0,64212,M411,41.150002000000001,-100.81497899999999
UP,1220PN004,2020-12-04,3:14 PM,Fire/violent rupture,0,ROCKWOOD,OR,49.0,2,Day,Clear,Main,Freight Train,30,18865,0,18865,E74L,45.542872000000003,-122.477255
BNSF,SF1114119,2014-11-30,2:30 AM,Derailment,0,HANNIBAL,MO,44.0,4,Dark,Clear,Yard,Light loco(s),6,51400,316337,367737,H702,39.924050000000001,-91.438256999999993
CGIV,20160715,2016-07-15,1:15 PM,Side collision,0,CHANNELVIEW,TX,90.0,2,Day,Clear,Industry,Freight Train,3,27000,0,27000,E05L,0.0,-95.116624999999999
NS,138313,2020-06-21,5:00 PM,Other (describe in narrative),0,GREER,SC,90.0,3,Dusk,Clear,Yard,Freight Train,8,0,26000,26000,H307,34.935265000000001,-82.225496000000007
NS,116857,2015-08-08,9:15 AM,Derailment,0,MASCOT,TN,80.0,2,Day,Clear,Yard,Yard/switching,5,1400,13532,14932,M411,36.033059999999999,-83.817173999999994
UP,0916LV009,2016-09-10,12:15 AM,Other impacts,0,BEAUMONT,TX,87.0,4,Dark,Clear,Yard,Yard/switching,4,10482,0,22420,H602,30.072189999999999,-94.157447000000005
BNSF,GC0116109,2016-01-21,11:30 AM,Side collision,0,HOUSTON,TX,65.0,2,Day,Rain,Yard,Yard/switching,5,250,0,11268,H318,29.701858000000001,-95.327702000000002
PATH,I11092018,2018-11-09,6:09 PM,Other impacts,0,HARRISON,NJ,50.0,3,Dusk,Rain,Yard,EMU,11,48657,0,48657,H307,40.740099999999998,-74.143600000000006
NS,152002,2023-01-14,10:52 AM,Derailment,0,ATLANTA,GA,45.0,2,Day,Clear,Yard,Yard/switching,5,13101,10639,23740,H508,33.793520000000001,-84.444440999999998
NS,144233,2022-02-02,5:20 AM,Other (describe in narrative),0,MASCOT,TN,35.0,1,Dawn,Clear,Yard,Yard/switching,3,817,16269,17086,H702,36.033043999999997,-83.817204000000004
BNSF,PR0115106,2015-01-09,5:05 PM,Rear end collision,0,EDGEMONT,SD,18.0,3,Dusk,Clear,Yard,Yard/switching,10,30000,0,60500,H018,43.298755999999997,-103.82324199999999
CSX,000213967,2023-10-11,2:30 AM,Derailment,0,NASHVILLE,TN,55.0,4,Dark,Cloudy,Yard,Yard/switching,5,29826,5050,34876,H702,36.112136,-86.770713000000001
NS,153196,2023-05-27,7:50 PM,Side collision,0,CONWAY,PA,58.0,3,Dusk,Clear,Yard,Yard/switching,2,12556,0,117957,H306,40.672362,-80.251825999999994
NS,151304,2022-10-28,11:07 AM,Other impacts,0,COLUMBIA,SC,81.0,2,Day,Clear,Yard,Yard/switching,1,0,0,28269,H312,33.985295999999998,-81.039107000000001
CSX,000170096,2017-07-08,8:30 PM,Other impacts,0,PHILADELPHIA,PA,82.0,3,Dusk,Clear,Yard,Yard/switching,0,33917,0,49674,H018,39.898302000000001,-75.167339999999996
CSX,000205180,2022-05-21,5:45 AM,Obstruction,0,ULMER,SC,72.0,1,Dawn,Clear,Main,,0,0,0,11588,M404,33.062745999999997,-81.216121000000001
RRVW,102018,2018-10-20,11:30 AM,Hwy-rail crossing,0,OAKES,ND,40.0,2,Day,Clear,Main,Freight Train,22,43387,0,43387,M302,46.230638999999996,-98.131134000000003
NS,130124,2018-07-07,4:30 PM,Derailment,0,CONWAY,PA,80.0,3,Dusk,Clear,Yard,Freight Train,9,4745,23461,28206,H521,40.672356000000001,-80.251823000000002
KCS,19122601,2019-12-26,6:30 AM,Derailment,0,KANSAS CITY,MO,37.0,1,Dawn,Cloudy,Yard,,0,0,8168,10914,H607,39.129125000000002,-94.525864999999996
CBR,12152023,2023-12-15,3:00 AM,Derailment,0,SWISSHOME,OR,45.0,4,Dark,Rain,Main,Freight Train,10,45000,140000,185000,T222,44.049154000000001,-123.762956
UP,0917FW006,2017-09-13,11:05 AM,Hwy-rail crossing,0,COAHOMA,TX,89.0,2,Day,Clear,Main,Freight Train,39,46708,33,46741,M302,32.298737000000003,-101.28938599999999
CSX,000191777,2020-08-04,4:45 AM,Other impacts,0,NEWBERRY,SC,80.0,1,Dawn,Cloudy,Industry,Cut of cars,3,10846,1423,20110,E08C,34.304057,-81.621422999999993
CSX,000205346,2022-06-04,7:00 PM,Other impacts,0,HAMPTON,SC,75.0,3,Dusk,Clear,Main,Freight Train,10,250,0,128590,H302,32.869393000000002,-81.107719000000003
CSX,000173412,2017-12-13,10:55 AM,Side collision,0,CONNELLSVILLE,PA,23.0,2,Day,Cloudy,Yard,Yard/switching,10,5078,0,41627,H399,40.015495999999999,-79.591662999999997
NS,116184,2015-06-22,5:00 PM,Other (describe in narrative),0,CHATTANOOGA,TN,72.0,3,Dusk,Clear,Yard,Yard/switching,10,60000,0,60000,S016,35.100949999999997,-85.233074000000002
NS,129945,2018-06-24,4:33 PM,Derailment,0,SAXON,SC,98.0,3,Dusk,Clear,Yard,Freight Train,10,72849,1258,74107,H518,34.961174999999997,-81.957445000000007
NS,120560,2016-05-18,8:46 PM,Derailment,0,MONACA,PA,51.0,4,Dark,Cloudy,Yard,Freight Train,9,843,0,45414,M405,40.692371000000001,-80.262046999999995
IC,926399,2017-06-18,2:49 PM,Other impacts,0,MEMPHIS,TN,73.0,2,Day,Rain,Yard,Yard/switching,0,36000,25,36025,M105,35.073141999999997,-90.072361000000001
NS,124244,2017-03-08,3:15 PM,Derailment,0,NORTH CHARLESTON,SC,70.0,2,Day,Clear,Industry,Freight Train,4,3098,10100,22098,T221,32.867713000000002,-79.999538000000001
UP,0220PN008,2020-02-10,8:55 AM,Hwy-rail crossing,0,CASCADE LOCKS,OR,32.0,2,Day,Clear,Main,Freight Train,31,7749,48069,55818,M304,45.679355000000001,-121.863165
UP,0322MA008,2022-03-10,5:43 AM,Derailment,0,MEMPHIS,TN,43.0,1,Dawn,Clear,Yard,Freight Train,6,42407,0,72028,H704,35.115377000000002,-89.965244999999996
CSX,000191677,2020-07-28,3:26 PM,Other impacts,0,NORTH CHARLESTON,SC,92.0,2,Day,Clear,Yard,Cut of cars,0,45617,97,55606,H993,32.857559999999999,-79.989058
ATK,180614,2024-06-06,5:03 AM,Other (describe in narrative),0,MORRISVILLE,PA,0.0,1,Dawn,Clear,Main,Passenger Train - Pulling,119,416885,0,416885,M404,40.193210999999998,-74.782081000000005
NS,123600,2017-01-17,1:15 AM,Derailment,0,BLAIRSVILLE,PA,36.0,4,Dark,Rain,Main,Yard/switching,10,3500,14781,18281,M599,40.429944999999996,-79.250669000000002
CSX,000207988,2022-10-25,11:10 AM,Derailment,0,COLUMBUS,OH,71.0,2,Day,Clear,Yard,Yard/switching,5,53617,1986,55603,H018,39.972310999999998,-83.021134000000004
TKEN,202102,2021-08-19,5:19 PM,Hwy-rail crossing,0,DYERSBURG,TN,92.0,2,Day,Clear,Main,Spec. MoW Equip.,0,59000,0,59000,M302,36.033349999999999,-89.44135
LI,79199,2023-02-28,6:30 PM,Raking collision,0,LONG ISLAND CITY,NY,37.0,2,Day,Cloudy,Yard,,0,0,0,236047,M599,40.743259000000002,-73.948870999999997
ATK,166602,2021-02-20,2:15 AM,Derailment,0,ELIZABETHTOWN,PA,18.0,4,Dark,Clear,Siding,,0,0,11311,11311,M101,40.057577000000002,-76.331146000000004
CSX,000140788,2015-01-31,1:40 AM,Derailment,0,PHILADELPHIA,PA,10.0,4,Dark,Clear,Industry,Yard/switching,4,38722,2000,40722,T221,39.898260999999998,-75.167681000000002
UP,0221PN004,2021-02-06,12:26 PM,Other impacts,0,PORTLAND,OR,42.0,2,Day,Cloudy,Yard,Yard/switching,7,33734,4332,38066,H318,45.550052999999998,-122.690056
NS,141537,2021-05-13,11:30 AM,Derailment,0,WEST FAIRVIEW,PA,72.0,2,Day,Clear,Yard,Yard/switching,5,24906,19402,44308,E30C,40.279806999999998,-76.922450999999995
UP,0420MA023,2020-04-24,7:27 AM,Derailment,0,SHREVEPORT,LA,58.0,2,Day,Clear,Main,Freight Train,1,107461,3296,121543,H524,32.514600000000002,-93.744517999999999
BNSF,KS0316201,2016-03-08,2:56 PM,Hwy-rail crossing,0,SLATON,TX,81.0,2,Day,Clear,Main,Freight Train,40,300,20000,20300,M302,33.453406999999999,-101.65741800000001
BNSF,GC0816112,2016-08-27,5:00 AM,Raking collision,0,THOMPSONS,TX,78.0,1,Dawn,Clear,Industry,Freight Train,2,70000,0,3301798,M501,29.476026000000001,-95.639562999999995
UP,0818PD041,2018-08-31,2:28 PM,Fire/violent rupture,0,ARLINGTON,OR,80.0,2,Day,Clear,Main,Freight Train,60,15191,0,15191,E74L,45.715806000000001,-120.25235499999999
BNSF,SW0217113,2017-02-26,12:45 AM,Derailment,0,CARLSBAD,NM,48.0,4,Dark,Clear,Industry,Freight Train,7,101856,27000,128856,T216,32.535032000000001,-104.04013
CSX,000194667,2020-12-26,4:06 PM,Derailment,0,MURFREESBORO,TN,45.0,3,Dusk,Clear,Yard,Yard/switching,7,134547,8157,142704,H303,35.800593999999997,-86.389259999999993
UP,0916ST010,2016-09-07,7:07 PM,Hwy-rail crossing,0,VALENTINE,TX,85.0,2,Day,Cloudy,Main,Freight Train,69,20907,0,20907,M308,30.890841000000002,-104.782234
BNSF,RD0417119,2017-04-21,10:40 PM,Derailment,0,FRISCO,TX,60.0,4,Dark,Rain,Industry,Freight Train,3,28000,46300,74300,E04C,33.146591000000001,-96.830983000000003
SEPA,SEPA072124,2024-07-21,7:30 PM,Derailment,0,PHILADELPHIA,PA,85.0,2,Day,Clear,Yard,EMU,5,26550,33359,59909,E46C,40.018270000000001,-75.163041000000007
TXPF,03112016,2016-03-11,12:20 PM,Obstruction,0,ALPINE,TX,51.0,2,Day,Clear,Yard,Spec. MoW Equip.,15,24079,0,24079,H997,30.566882,-103.487505
BNSF,TX1115201,2015-11-12,5:15 PM,Hwy-rail crossing,0,CROWLEY,TX,49.0,3,Dusk,Cloudy,Main,Freight Train,21,200,50000,50200,M302,32.552953000000002,-97.364686000000006
NS,129375,2018-05-06,8:41 AM,Derailment,0,WEST FAIRVIEW,PA,61.0,2,Day,Cloudy,Yard,Yard/switching,10,29515,2054,31569,H316,40.279806999999998,-76.922450999999995
NS,155933,2024-03-04,9:11 PM,Other impacts,0,WEST FAIRVIEW,PA,55.0,4,Dark,Clear,Yard,Light loco(s),10,25000,0,37039,H302,40.279833000000004,-76.922471999999999
CSX,000203564,2022-03-11,7:00 AM,Side collision,0,NASHVILLE,TN,40.0,1,Dawn,Clear,Yard,Yard/switching,10,18250,3000,75250,H305,36.112136,-86.770713000000001
CRSH,133780,2019-05-01,3:00 AM,Raking collision,0,MARCUS HOOK,PA,55.0,4,Dark,Clear,Yard,Yard/switching,3,16065,0,29930,H318,39.827097000000002,-75.393783999999997
UP,0121GC038,2021-01-31,2:44 AM,Other (describe in narrative),0,LAKE CHARLES,LA,65.0,4,Dark,Cloudy,Yard,Freight Train,5,0,28264,28264,H303,30.229673999999999,-93.149045999999998
SEPA,SEPA051122,2022-05-11,8:00 AM,Other (describe in narrative),0,BRISTOL,PA,65.0,2,Day,Clear,Main,EMU,0,19863,0,19863,E64C,40.104810000000001,-74.855059999999995
CLNA,06031901,2019-06-03,2:50 PM,Derailment,0,NASHVILLE,NC,81.0,2,Day,Clear,Main,Freight Train,10,99022,31000,130022,T220,35.967936000000002,-77.957631000000006
TRRA,22029OR,2022-07-22,12:50 AM,Derailment,0,EAST ST LOUIS,IL,84.0,4,Dark,Clear,Main,,0,0,199551,199738,M204,38.613852999999999,-90.180436999999998
CSX,000194611,2020-12-17,7:15 AM,Other impacts,0,SELKIRK,NY,16.0,1,Dawn,Snow,Yard,Single Car,8,10761,0,17361,M101,42.565902999999999,-73.854184000000004
CSX,000199753,2021-08-28,1:20 AM,Derailment,0,VONORE,TN,80.0,4,Dark,Clear,Industry,Light loco(s),0,0,0,105483,H307,35.581271000000001,-84.268054000000006
CSX,000184859,2019-08-20,12:47 PM,Hwy-rail crossing,0,FAIRFIELD,PA,85.0,2,Day,Clear,Main,Freight Train,21,12700,1775,14475,M302,39.850042999999999,-77.353091000000006
NS,121300,2016-07-18,4:25 AM,Derailment,0,MOUNTAIN TOP,PA,65.0,1,Dawn,Clear,Yard,Freight Train,3,15000,0,15000,H306,41.166764999999998,-75.864478000000005
NS,144858,2022-04-01,4:00 AM,Raking collision,0,WORMLEYSBURG,PA,48.0,1,Dawn,Clear,Yard,Freight Train,5,26083,0,26083,H306,40.267671999999997,-76.912509999999997
WE,170127,2017-11-13,12:45 AM,Derailment,0,CLAIRTON,PA,30.0,4,Dark,Rain,Yard,Yard/switching,5,23763,4360,28123,H702,40.299782999999998,-79.880894999999995
BNSF,GC0716108,2016-07-13,4:57 PM,Derailment,0,SAN ANTONIO,TX,95.0,2,Day,Clear,Yard,Yard/switching,4,25524,1000,26524,H303,29.325202000000001,-98.625845999999996
NS,142825,2021-09-12,11:30 PM,Other impacts,0,CONWAY,PA,72.0,4,Dark,Clear,Yard,Single Car,5,35000,11538,57438,H312,40.672361000000002,-80.251825999999994
UP,0318SA006,2018-03-14,7:00 AM,Derailment,0,SAN ANTONIO,TX,50.0,4,Dark,Clear,Main,Freight Train,17,12501,12774,25275,E67C,29.435915999999999,-98.507620000000003
NS,130590,2018-08-15,8:30 AM,Other impacts,0,CALHOUN,TN,76.0,2,Day,Fog,Industry,Freight Train,6,16150,0,16150,H302,35.296593999999999,-84.749088999999998
NERR,11232017,2017-11-23,3:13 AM,Derailment,0,NASHVILLE,TN,31.0,4,Dark,Clear,Yard,,0,0,51716,51716,H503,0.0,0.0
NS,136739,2020-01-04,4:40 PM,Side collision,0,CHATTANOOGA,TN,41.0,3,Dusk,Rain,Yard,Yard/switching,3,13837,0,15753,H306,35.061525000000003,-85.265991999999997
BNSF,KS0316106,2016-03-21,1:15 AM,Side collision,0,AMARILLO,TX,38.0,4,Dark,Clear,Yard,Light loco(s),0,19853,0,24038,H607,35.191656000000002,-101.831324
RJCP,RJCP1904,2019-03-26,3:45 PM,Derailment,0,COMMODORE,PA,50.0,2,Day,Clear,Main,Freight Train,9,22000,23700,45700,T221,40.723801000000002,-78.423051000000001
IC,967254,2018-07-24,10:15 PM,Side collision,0,SOUTH FULTON,TN,86.0,4,Dark,Clear,Yard,Cut of cars,6,102750,0,146099,H099,36.497472000000002,-88.889326999999994
NS,151478,2022-11-16,1:15 AM,Other impacts,0,CHATTANOOGA,TN,40.0,4,Dark,Clear,Yard,Single Car,0,19000,0,50551,H308,35.007198000000002,-85.375513999999995
PTRA,2016000014,2016-04-11,8:32 PM,Derailment,0,HOUSTON,TX,73.0,4,Dark,Clear,Yard,Freight Train,7,10199,25000,35199,H523,29.716623999999999,-95.267183000000003
PNWR,PNW055219D,2019-05-22,2:30 PM,Derailment,0,ALBANY,OR,68.0,2,Day,Clear,Yard,Yard/switching,6,12341,9070,21411,H301,44.649050000000003,-123.066731
NS,153967,2023-08-19,8:30 AM,Other (describe in narrative),0,MEMPHIS,TN,74.0,2,Day,Clear,Yard,Freight Train,3,20000,150,20150,H702,35.115577000000002,-89.974209999999999
CSX,000178321,2018-08-22,8:35 PM,Other impacts,0,NORTH CHARLESTON,SC,80.0,4,Dark,Clear,Yard,Single Car,5,24452,0,27749,H318,32.842903,-79.956641000000005
ATK,148808,2017-08-06,2:31 AM,Hwy-rail crossing,0,HARDEEVILLE,SC,70.0,4,Dark,Clear,Main,Passenger Train - Pulling,69,34330,0,34330,M301,32.293497000000002,-81.077271999999994
NS,125272,2017-05-31,1:50 PM,Raking collision,0,IRONDALE,AL,80.0,2,Day,Clear,Yard,Yard/switching,4,10750,0,10750,H316,33.548904999999998,-86.67801
CSX,000210343,2023-03-15,3:25 PM,Hwy-rail crossing,0,STANTON,TN,53.0,2,Day,Clear,Main,Freight Train,46,21601,1628,23229,M303,35.435881000000002,-89.470431000000005
BNSF,SF1114113,2014-11-22,10:47 PM,Derailment,0,REPUBLIC,MO,54.0,4,Dark,Rain,Main,Freight Train,41,3587,73376,76963,E35C,37.188330000000001,-93.406608000000006
CSX,000219119,2024-07-07,1:55 PM,Derailment,0,MEMPHIS,TN,90.0,2,Day,Clear,Yard,Freight Train,6,21093,5097,37290,M503,35.16816,-89.962618000000006
ATK,151818,2018-02-04,2:27 AM,Head on collision,0,WEST COLUMBIA,SC,39.0,4,Dark,Cloudy,Yard,Passenger Train - Pulling,52,16994885,0,17364967,H702,33.911284999999999,-81.065320999999997
CSX,000189525,2020-04-06,2:35 AM,Hwy-rail crossing,0,WAVERLY,TN,51.0,4,Dark,Clear,Main,Freight Train,48,600,10911,11511,M308,36.086387000000002,-87.788730999999999
UP,0216LK016,2016-02-18,6:51 PM,Derailment,0,GILMER,TX,69.0,3,Dusk,Clear,Main,Freight Train,30,35171,303679,338850,E51L,32.676423999999997,-94.994302000000005
BNSF,TC1218111,2018-12-13,5:40 AM,Derailment,0,DILWORTH,MN,25.0,1,Dawn,Fog,Yard,Yard/switching,4,40000,10000,50000,H607,46.874479999999998,-96.678959000000006
CSX,000208896,2022-12-20,2:20 AM,Derailment,0,NASHVILLE,TN,35.0,4,Dark,Clear,Yard,Yard/switching,5,8609,1998,10607,E21C,36.112136,-86.770713000000001
BNSF,KS1217107,2017-12-31,11:15 PM,Other (describe in narrative),0,KANSAS CITY,KS,-2.0,4,Dark,Clear,Yard,Freight Train,5,31510,2200,33710,H704,39.088149000000001,-94.698684
NS,140709,2021-02-22,6:30 PM,Derailment,0,NEWPORT,PA,30.0,3,Dusk,Clear,Main,Freight Train,55,1167855,837721,2005576,E61C,40.498714999999997,-77.135367000000002
NS,120883,2016-06-15,1:01 PM,Derailment,0,FOUNTAIN HILL,PA,83.0,2,Day,Clear,Yard,Yard/switching,0,12893,15258,28151,H702,40.611930000000001,-75.426705999999996
IC,977006,2018-10-26,2:15 AM,Derailment,0,MEMPHIS,TN,48.0,4,Dark,Clear,Yard,,0,0,107552,127382,H702,35.149500000000003,-90.049000000000007
ATK,169666,2022-02-02,9:15 AM,Hwy-rail crossing,0,SIDON,MS,56.0,2,Day,Rain,Main,Passenger Train - Pulling,80,41000,0,41000,M302,33.390616000000001,-90.214845999999994
NS,154850,2023-11-21,6:05 PM,Hwy-rail crossing,0,HOMESTEAD,PA,44.0,3,Dusk,Clear,Main,Freight Train,36,44038,0,44038,M302,40.408051,-79.911945000000003
UP,1115FW012,2015-11-12,3:45 PM,Hwy-rail crossing,0,MIDLAND,TX,60.0,2,Day,Clear,Main,Freight Train,62,11141,1565,12706,M304,31.944579999999998,-102.17292
CSX,000216484,2024-01-24,3:00 AM,Other impacts,0,NASHVILLE,TN,37.0,4,Dark,Clear,Yard,Cut of cars,0,47105,0,47105,M204,36.112136,-86.770713000000001
CSX,000211254,2023-05-08,11:15 PM,Other impacts,0,NASHVILLE,TN,60.0,4,Dark,Clear,Yard,Single Car,2,15631,0,15680,E69C,36.112157000000003,-86.770728000000005
UP,0923PN018,2023-09-16,7:40 AM,Other impacts,0,PORTLAND,OR,62.0,2,Day,Clear,Yard,Yard/switching,6,6289,99,11765,H307,45.555492999999998,-122.69423
NS,137847,2020-04-30,11:19 AM,Other impacts,0,WEST FAIRVIEW,PA,61.0,2,Day,Rain,Yard,Single Car,10,4000,0,13516,M407,40.279806999999998,-76.922450999999995
NS,152781,2023-04-10,4:45 PM,Hwy-rail crossing,0,MACUNGIE,PA,65.0,3,Dusk,Clear,Main,Freight Train,52,17109,5064,22173,M303,40.516907000000003,-75.557961000000006
UP,1122PN019,2022-11-17,9:07 PM,Derailment,0,EUGENE,OR,34.0,4,Dark,Clear,Yard,,0,0,132,60560,H607,44.065778999999999,-123.125857
KCS,22062703,2022-06-27,12:01 PM,Hwy-rail crossing,0,SALLISAW,OK,85.0,2,Day,Clear,Main,Freight Train,40,78501,0,78501,M302,35.442360000000001,-94.761089999999996
UP,1216NP005,2016-12-09,9:03 PM,Derailment,0,NORTH PLATTE,NE,12.0,4,Dark,Cloudy,Yard,Yard/switching,8,28967,2000,30967,M405,41.143596000000002,-100.79198599999999
UP,0421PN017,2021-04-15,12:12 AM,Derailment,0,UNION,OR,50.0,4,Dark,Cloudy,Main,Cut of cars,0,1170,0,3427992,H508,45.081715000000003,-117.821995
CSX,000184770,2019-08-15,11:05 PM,Derailment,0,KINGSPORT,TN,72.0,4,Dark,Clear,Siding,Freight Train,6,18960,2752,21712,H704,36.552087,-82.582514000000003
RCPE,826918D,2018-10-23,11:15 AM,Derailment,0,NEW UNDERWOOD,SD,50.0,2,Day,Clear,Main,Freight Train,38,2500,10950,13450,E53C,44.046978000000003,-102.66125099999999
UP,0517FW027,2017-05-25,1:30 PM,Other impacts,0,FORT WORTH,TX,91.0,2,Day,Clear,Yard,Cut of cars,1,13528,0,27650,S007,32.725358999999997,-97.370789000000002
UP,0921GL007,2021-09-07,12:01 PM,Hwy-rail crossing,0,FREMONT,NE,79.0,2,Day,Clear,Main,Freight Train,22,19459,427505,446964,M302,41.440401000000001,-96.367414999999994
CSX,000171965,2017-08-01,12:01 AM,Other (describe in narrative),0,SELKIRK,NY,76.0,4,Dark,Clear,Yard,Single Car,8,26000,0,26000,M407,42.565902999999999,-73.854184000000004
NS,132521,2019-01-21,5:09 AM,Other impacts,0,COLUMBIA,SC,40.0,1,Dawn,Clear,Yard,Freight Train,10,53717,2919,56636,H306,33.972535999999998,-81.001444000000006
CSS,CSS0305171,2017-03-05,3:40 PM,Side collision,0,MICHIGAN CITY,IN,60.0,2,Day,Clear,Industry,Single Car,0,125000,0,153000,H307,41.711089999999999,-86.861934000000005
CORP,COR725318D,2018-07-12,2:03 PM,Derailment,0,WINSTON,OR,92.0,2,Day,Clear,Main,Freight Train,11,10000,35000,45000,M599,43.120683999999997,-123.383869
UP,1217HO019,2017-12-23,5:35 AM,Derailment,0,ROBSTOWN,TX,45.0,1,Dawn,Clear,Siding,,0,0,13090,13090,H702,27.782356,-97.666447000000005
NS,154779,2023-11-14,8:45 PM,Other (describe in narrative),0,GREENVILLE,SC,58.0,4,Dark,Clear,Yard,Work train,9,5400,36107,41507,H702,34.858969999999999,-82.413874000000007
RBMN,L06172401,2024-06-17,7:00 PM,Derailment,0,PITTSTON,PA,96.0,3,Dusk,Clear,Yard,Freight Train,4,7810,35577,43387,H306,41.351858999999997,-75.797582000000006
NS,120150,2016-04-15,8:30 AM,Derailment,0,CONWAY,PA,59.0,2,Day,Clear,Yard,Yard/switching,8,32738,1672,34410,H306,40.672361000000002,-80.251825999999994
NS,139462,2020-10-19,3:30 AM,Derailment,0,ONEIDA,TN,52.0,4,Dark,Clear,Main,Freight Train,26,750,40581,41331,E61C,36.497214,-84.516765000000007
NS,124654,2017-04-09,8:14 AM,Other impacts,0,CONWAY,PA,65.0,2,Day,Clear,Yard,Cut of cars,4,13933,0,13933,E99C,40.672356000000001,-80.251823000000002
NS,155613,2024-01-30,2:10 AM,Other (describe in narrative),0,WEST FAIRVIEW,PA,35.0,4,Dark,Clear,Yard,Work train,5,37150,4000,41150,H702,40.279833000000004,-76.922471999999999
NS,138947,2020-08-23,10:50 PM,Derailment,0,LIMESTONE,TN,70.0,4,Dark,Cloudy,Main,Freight Train,28,285229,193249,478478,E21C,36.245806000000002,-82.562608999999995
NS,152507,2023-03-10,12:15 PM,Other (describe in narrative),0,LOCKBOURNE,OH,37.0,2,Day,Cloudy,Siding,Yard/switching,5,3744,31937,35681,H702,39.807205000000003,-82.962097
CSX,000192478,2020-09-07,7:26 AM,Derailment,0,NORTH CHARLESTON,SC,75.0,1,Dawn,Clear,Main,Freight Train,1,17227,97,17324,H514,32.871941,-79.994298000000001
BNSF,KS0616200,2016-06-08,1:20 PM,Hwy-rail crossing,0,PANHANDLE,TX,85.0,2,Day,Clear,Main,Freight Train,32,11592,87164,98756,M302,35.325246999999997,-101.41712800000001
BNSF,TC0218116,2018-02-24,3:00 AM,Other impacts,0,MCLEAN,NE,17.0,4,Dark,Fog,Industry,Cut of cars,8,33498,0,33498,H018,42.371707000000001,-97.425512999999995
UP,0124HL002,2024-01-07,11:49 AM,Derailment,0,TOPEKA,KS,34.0,2,Day,Clear,Yard,Yard/switching,6,87047,58380,145427,H503,39.074812000000001,-95.690371999999996
UP,0122PN026,2022-01-18,5:35 PM,Derailment,0,PENDLETON,OR,33.0,2,Day,Rain,Main,Freight Train,15,7115,52346,59461,E67C,45.479844999999997,-118.303178
CSX,000163900,2016-10-28,8:22 AM,Head on collision,0,CHESTER,PA,50.0,2,Day,Clear,Main,Freight Train,25,32319,2275,128163,H221,39.847014000000001,-75.394248000000005