reportingrailroadcode,accidentnumber,date,time,accidenttype,hazmatreleasedcars,station,stateabbr,temperature,visibility_code,visibility,weathercondition,tracktype,equipmenttype,trainspeed,equipmentdamagecost,trackdamagecost,totaldamagecost,primaryaccidentcausecode,latitude,longitude
ATK,138884,2015-08-22,6:03 AM,Other (describe in narrative),0,CHESTER,PA,75.0,1,Dawn,Clear,Main,,0,0,14235,25362,E78L,39.842072000000002,-75.375608999999997
PTRA,2015000034,2015-09-01,1:00 PM,Raking collision,0,HOUSTON,TX,79.0,2,Day,Rain,Yard,Cut of cars,4,13000,0,13000,E08C,29.713297000000001,-95.256898000000007
UP,1117FW039,2017-11-16,9:58 PM,Other (describe in narrative),0,FORT WORTH,TX,60.0,2,Day,Clear,Yard,Freight Train,0,78695,33,78728,M507,32.719346999999999,-97.385975000000002
LC,20190723D,2019-07-23,11:00 AM,Derailment,0,RICHBURG,SC,88.0,2,Day,Clear,Main,Freight Train,8,156033,5100,161133,E25C,34.684415000000001,-80.950896
NS,139161,2020-09-15,6:57 AM,Other impacts,0,CONWAY,PA,66.0,1,Dawn,Clear,Yard,Single Car,0,31905,0,32205,M411,40.672356000000001,-80.251823000000002
NS,135743,2019-10-07,12:30 PM,Hwy-rail crossing,0,SUMMERVILLE,SC,76.0,2,Day,Cloudy,Main,Freight Train,48,3148,14000,17148,M308,33.040782,-80.213091000000006
UP,1116SA007,2016-11-11,1:00 PM,Derailment,0,SAN ANTONIO,TX,75.0,2,Day,Clear,Yard,Yard/switching,4,10000,10000,20000,H307,29.321176000000001,-98.645780999999999
NS,113644,2014-12-26,10:00 AM,Derailment,0,PROSPERITY,SC,55.0,2,Day,Clear,Siding,,0,0,107685,112353,H307,34.217678999999997,-81.497163
RCPE,RCP147516D,2016-11-28,10:00 AM,Derailment,0,DE SMET,SD,36.0,2,Day,Snow,Main,Freight Train,3,27500,1000,28500,H503,44.389099000000002,-97.558121999999997
BNSF,KS0616108,2016-06-28,8:21 AM,Head on collision,0,PANHANDLE,TX,70.0,1,Dawn,Clear,Main,Freight Train,33,8036734,1393841,15828190,H220,35.360987999999999,-101.334873
TXN,160522001,2016-05-22,1:35 AM,Derailment,0,MONAHANS,TX,68.0,4,Dark,Clear,Industry,Yard/switching,4,126402,2000,128402,H702,31.638864000000002,-102.984739
NS,126934,2017-10-08,9:15 PM,Derailment,0,CHATTANOOGA,TN,70.0,4,Dark,Rain,Yard,Yard/switching,8,1226,0,28983,H305,35.060735999999999,-85.266797999999994
UP,1023PN028,2023-10-18,8:26 PM,Other impacts,0,STANFIELD,OR,68.0,4,Dark,Clear,Yard,Yard/switching,2,42459,0,58078,E30C,45.796421000000002,-119.26537
NJTR,201612593,2016-11-10,9:30 PM,Other (describe in narrative),0,KEARNY,NJ,52.0,2,Day,Clear,Yard,Yard/switching,5,12390,0,12390,H999,40.743924999999997,-74.109876
CSX,000151771,2015-09-04,11:15 PM,Derailment,0,NASHVILLE,TN,75.0,4,Dark,Clear,Yard,Yard/switching,4,243968,22100,266068,E30C,36.092170000000003,-86.760616999999996
SEPA,23959,2017-06-11,3:00 AM,Other (describe in narrative),0,PHILADELPHIA,PA,72.0,4,Dark,Clear,Main,Passenger Train - Pulling,40,0,0,58582,E75L,40.035837000000001,-75.020224999999996
MQT,MQT984216S,2016-05-29,1:35 PM,Other impacts,0,BALDWIN,MI,75.0,2,Day,Clear,Yard,Yard/switching,4,28000,0,28000,H302,43.897165000000001,-85.879664000000005
UP,1020HL003,2020-10-03,11:38 AM,Other impacts,0,KANSAS CITY,MO,60.0,2,Day,Clear,Yard,Yard/switching,4,25949,1338,28183,E34C,39.122684,-94.533422000000002
BPRR,BPR767724A,2024-04-12,4:20 AM,Other (describe in narrative),0,BUTLER,PA,54.0,4,Dark,Rain,Yard,Cut of cars,0,66712,0,66712,M103,40.878450000000001,-79.877510000000001
CSX,000141666,2015-02-17,9:20 PM,Derailment,0,NORTH CHARLESTON,SC,36.0,4,Dark,Clear,Yard,Yard/switching,2,1920,0,27943,H306,32.828510000000001,-79.980185000000006
CSX,000175788,2018-04-13,6:10 AM,Derailment,0,SELKIRK,NY,47.0,1,Dawn,Cloudy,Yard,Freight Train,10,6800,7000,13800,E46L,42.565902999999999,-73.854184000000004
CSX,000174907,2018-02-26,11:16 PM,Hwy-rail crossing,0,FLORENCE,SC,47.0,4,Dark,Clear,Main,,0,0,0,16714,M308,34.202413999999997,-79.704566999999997
BLE,1142934,2023-12-27,9:30 PM,Derailment,0,BUTLER,PA,45.0,4,Dark,Cloudy,Yard,Cut of cars,0,414,120000,740376,H704,40.891407999999998,-79.878018999999995
BNSF,TC0219206,2019-02-25,6:00 AM,Hwy-rail crossing,0,MILBANK,SD,-5.0,1,Dawn,Snow,Main,Freight Train,0,304114,0,1846661,M302,45.224438999999997,-96.624436000000003
NS,152416,2023-02-23,10:30 PM,Other impacts,0,PORTSMOUTH,OH,32.0,4,Dark,Cloudy,Yard,Yard/switching,7,102264,409,102673,H318,38.736784,-82.971002999999996
BNSF,RD0718137,2018-07-29,12:15 AM,Derailment,0,SILSBEE,TX,75.0,4,Dark,Clear,Yard,Freight Train,8,2159,23505,25664,H307,30.358820999999999,-94.200605999999993
BNSF,RD0418110,2018-04-10,9:01 PM,Other impacts,0,HOUSTON,TX,70.0,4,Dark,Clear,Yard,Yard/switching,6,88000,0,131894,H607,29.683319999999998,-95.039597999999998
CSX,000181536,2019-02-24,8:30 AM,Derailment,0,FLORENCE,SC,60.0,2,Day,Clear,Yard,Yard/switching,4,17218,97,17315,E31C,34.198275000000002,-79.762501999999998
NS,132323,2019-01-07,1:30 AM,Derailment,0,DETROIT,MI,33.0,4,Dark,Cloudy,Yard,Cut of cars,9,13675,20313,33988,E49C,42.282789999999999,-83.154903000000004
NS,133603,2019-04-17,5:50 PM,Derailment,0,SOUTHMONT,NC,78.0,3,Dusk,Clear,Yard,Yard/switching,4,13200,0,13200,M408,35.739919,-80.331677999999997
URR,6109,2016-06-26,6:00 PM,Derailment,0,DUQUESNE,PA,80.0,2,Day,Clear,Main,Freight Train,17,2800,27500,30300,M405,40.368290999999999,-79.875758000000005
NS,136739,2020-01-04,4:40 PM,Side collision,0,CHATTANOOGA,TN,41.0,3,Dusk,Rain,Yard,Yard/switching,3,450,1466,15753,H306,35.061525000000003,-85.265991999999997
LI,EQ20150401,2015-04-01,11:09 PM,Derailment,0,JAMAICA,NY,33.0,4,Dark,Clear,Yard,Light loco(s),5,10901,500,11401,M507,40.697066999999997,-73.822562000000005
PNWR,PNW726918D,2018-07-17,4:05 PM,Derailment,0,ALBANY,OR,89.0,2,Day,Clear,Main,Freight Train,24,118258,59298,177556,T215,44.790655999999998,-123.091099
CSX,000165759,2017-01-09,3:00 AM,Obstruction,0,ERIE,PA,15.0,4,Dark,Snow,Main,Freight Train,49,1772,16646,18418,M402,42.132258999999998,-80.048984000000004
NS,152466,2023-03-04,5:15 PM,Derailment,0,SPRINGFIELD,OH,52.0,3,Dusk,Clear,Main,Freight Train,36,2081879,320219,2402098,H504,39.904421999999997,-83.731129999999993
NS,134832,2019-07-23,6:30 PM,Derailment,0,WAYNESBURG,PA,80.0,3,Dusk,Clear,Main,Freight Train,0,686,17549,18235,H019,39.754990999999997,-80.311355000000006
UP,1020MA016,2020-10-09,11:21 PM,Derailment,0,MEMPHIS,TN,66.0,4,Dark,Rain,Main,Freight Train,1,10800,0,103422,E48C,35.127007999999996,-90.063511000000005
IC,868247,2015-10-14,3:20 AM,Derailment,0,SOUTH FULTON,TN,48.0,4,Dark,Clear,Main,Freight Train,11,4829,36610,41439,E67C,36.484347999999997,-88.900216999999998
CSX,000170707,2017-08-05,1:03 AM,Other impacts,0,LUGOFF,SC,75.0,4,Dark,Cloudy,Main,Freight Train,38,284998,71990,356988,M501,34.209018999999998,-80.692695999999998
UP,0217FW047,2017-02-16,2:35 PM,Other impacts,0,FORT WORTH,TX,68.0,2,Day,Clear,Yard,Yard/switching,4,13144,18556,41001,M407,32.728093000000001,-97.366263000000004
CSX,000178321,2018-08-22,8:35 PM,Other impacts,0,NORTH CHARLESTON,SC,80.0,4,Dark,Clear,Yard,Single Car,5,3200,97,27749,H318,32.842903,-79.956641000000005
IC,906083,2016-11-10,2:15 PM,Derailment,0,MEMPHIS,TN,65.0,2,Day,Clear,Yard,Yard/switching,4,3117,22996,26113,M408,35.072375000000001,-90.079603000000006
NS,114013,2015-01-22,2:00 PM,Raking collision,0,BLAIRSVILLE,PA,30.0,2,Day,Cloudy,Siding,Freight Train,0,38939,0,38939,M507,40.428804,-79.251580000000004
KCS,16111901,2016-11-19,8:25 PM,Derailment,0,LAREDO,TX,53.0,4,Dark,Clear,Yard,Freight Train,7,4683,7800,12483,M405,27.499117999999999,-99.395075000000006
ATK,137404,2015-05-12,9:20 PM,Derailment,0,PHILADELPHIA,PA,70.0,4,Dark,Clear,Main,Passenger Train - Pulling,106,27140000,3630962,31538754,H999,39.957106000000003,-75.184915000000004
UP,0516FW002,2016-05-02,9:41 AM,Derailment,0,WESTBROOK,TX,50.0,2,Day,Clear,Main,Freight Train,45,44843,239781,284624,E53C,32.356563999999999,-101.002296
NS,144812,2022-01-02,5:15 AM,Other impacts,0,WEST FAIRVIEW,PA,72.0,1,Dawn,Clear,Yard,Single Car,0,72990,0,91737,E31C,40.279806999999998,-76.922450999999995
NS,140282,2021-01-17,12:05 AM,Side collision,0,CONWAY,PA,30.0,4,Dark,Snow,Yard,Yard/switching,1,10148,0,59532,E30C,40.672361000000002,-80.251825999999994
MRL,2016116,2016-09-08,8:30 PM,Other impacts,0,BILLINGS,MT,72.0,4,Dark,Clear,Yard,Yard/switching,4,44000,0,44000,H018,45.773170999999998,-108.52037799999999
NS,141571,2021-05-16,4:45 AM,Derailment,0,ALLENTOWN,PA,60.0,1,Dawn,Clear,Yard,Yard/switching,5,15562,4132,19694,H504,40.611933999999998,-75.426704000000001
NS,155668,2024-02-05,3:30 AM,Derailment,0,WEST FAIRVIEW,PA,35.0,4,Dark,Clear,Yard,Yard/switching,4,39000,4000,43000,H702,40.279833000000004,-76.922471999999999
ATK,146647,2017-03-10,9:10 PM,Obstruction,0,LANCASTER,PA,20.0,4,Dark,Clear,Main,Passenger Train - Pulling,107,27927,0,27927,M404,40.045596000000003,-76.262334999999993
CSX,000212220,2023-07-10,3:50 PM,Hwy-rail crossing,0,ALCOLU,SC,72.0,2,Day,Rain,Main,Freight Train,38,12083,9494,21577,M302,33.784657000000003,-80.241399000000001
NS,139366,2020-10-05,12:25 PM,Hwy-rail crossing,0,MORRISTOWN,TN,70.0,2,Day,Clear,Main,Freight Train,35,28,119120,119148,M302,36.201675000000002,-83.328607000000005
BJRY,101220201,2020-10-12,11:31 AM,Derailment,0,QUINCY,IL,59.0,2,Day,Clear,Yard,Yard/switching,8,140000,61750,201750,T220,39.897678999999997,-91.407813000000004
UP,0618PR023,2018-06-19,11:35 AM,Other impacts,0,ROCHELLE,IL,80.0,2,Day,Cloudy,Yard,Yard/switching,7,63524,132,63656,H601,41.915264999999998,-89.087065999999993
UP,0816HO040,2016-08-21,5:55 AM,Hwy-rail crossing,0,TEXAS CITY,TX,90.0,4,Dark,Cloudy,Main,Freight Train,0,1487,93769,95256,M308,29.337287,-94.931061999999997
NS,129368,2018-05-05,2:27 PM,Side collision,0,CONWAY,PA,72.0,2,Day,Cloudy,Yard,Yard/switching,2,300,0,15028,H399,40.672356000000001,-80.251823000000002
NS,157269,2024-07-05,2:20 PM,Derailment,0,BETHLEHEM,PA,86.0,2,Day,Clear,Main,Freight Train,8,25900,109500,135400,H525,40.614213999999997,-75.381665999999996
NS,142591,2021-08-18,11:25 PM,Derailment,0,CHATTANOOGA,TN,72.0,4,Dark,Rain,Industry,Freight Train,3,3537,53500,57037,H306,35.020584999999997,-85.300370999999998
NS,121366,2016-07-23,9:00 AM,Derailment,0,CONWAY,PA,86.0,2,Day,Cloudy,Yard,Yard/switching,4,135948,2679,138627,H702,40.672356000000001,-80.251823000000002
UP,0716FW033,2016-07-27,2:00 PM,Other (describe in narrative),0,MURCHISON,TX,99.0,2,Day,Clear,Main,Freight Train,35,91984,0,91984,E34C,32.305095999999999,-95.636716000000007
UP,0817HO029,2017-08-17,3:38 AM,Other impacts,0,HOUSTON,TX,85.0,4,Dark,Cloudy,Yard,Single Car,0,1087,0,68980,S007,29.795490999999998,-95.295204999999996
NS,133594,2019-04-16,9:00 PM,Derailment,0,WYOMISSING,PA,51.0,4,Dark,Clear,Main,Freight Train,21,149810,395682,545492,E47C,40.331468000000001,-75.970423999999994
CSX,000210017,2023-02-23,9:20 AM,Hwy-rail crossing,0,HAVERSTRAW,NY,37.0,2,Day,Cloudy,Main,Freight Train,33,12128,8865,20993,M302,41.194906000000003,-73.969189
CSX,000163261,2016-10-01,3:34 AM,Hwy-rail crossing,0,PORTLAND,TN,65.0,4,Dark,Clear,Main,Freight Train,45,71412,0,71412,M301,36.516392000000003,-86.472673
CSX,000193560,2020-10-30,12:13 PM,Derailment,0,TERRE HAUTE,IN,55.0,2,Day,Clear,Siding,Freight Train,4,130927,57,133484,E4BC,39.410786999999999,-87.381777
UP,0916HO042,2016-09-28,4:48 PM,Other impacts,0,ANGLETON,TX,84.0,2,Day,Clear,Yard,Freight Train,8,5114,114,20958,H307,29.154457000000001,-95.437835000000007
BNSF,HL0318109,2018-03-12,1:00 PM,Side collision,0,MEMPHIS,TN,43.0,2,Day,Clear,Yard,Yard/switching,0,10500,0,11000,H018,35.099260000000001,-89.993790000000004
CSX,000210462,2023-03-26,11:45 AM,Other impacts,0,GETTYSBURG,PA,60.0,2,Day,Clear,Siding,Freight Train,5,21771,0,40126,H306,39.852240999999999,-77.286648
CSX,000185377,2019-09-17,10:38 AM,Side collision,0,NASHVILLE,TN,93.0,2,Day,Cloudy,Yard,Yard/switching,7,23006,0,27437,H306,36.112141999999999,-86.770736999999997
NS,151218,2022-10-20,4:38 AM,Other impacts,0,CHATTANOOGA,TN,29.0,1,Dawn,Clear,Yard,Single Car,3,150,0,12251,M411,35.007198000000002,-85.375513999999995
CSX,000186662,2019-11-19,9:00 PM,Derailment,0,KINGSPORT,TN,41.0,4,Dark,Rain,Yard,Yard/switching,1,14000,50,14050,H306,36.542749999999998,-82.559675999999996
UP,0318PD027,2018-03-18,3:55 PM,Derailment,0,PORTLAND,OR,51.0,2,Day,Clear,Main,Freight Train,6,50666,1192,51858,H518,45.524448999999997,-122.66478499999999
BNSF,SF1214117,2014-12-17,10:09 PM,Other (describe in narrative),0,MEMPHIS,TN,33.0,4,Dark,Rain,Yard,Yard/switching,19,38600,500,39100,M411,35.016891999999999,-89.886329000000003
CSX,000170337,2017-07-19,12:27 AM,Derailment,0,CONFLUENCE,PA,68.0,4,Dark,Clear,Main,Freight Train,18,141223,11774,152997,H503,39.809452,-79.317079000000007
ARR,2023086,2023-06-04,11:54 AM,RR grade crossing,0,SEWARD,AK,62.0,2,Day,Clear,Main,Passenger Train - Pushing,3,0,0,0,M304,60.124200000000002,-149.43039999999999
UP,0221PN020,2021-02-16,8:05 AM,Hwy-rail crossing,0,SALEM,OR,40.0,2,Day,Cloudy,Main,Freight Train,35,12395,150,12545,M303,44.937403000000003,-123.0269
UP,0921GP017,2021-09-20,4:30 AM,Other impacts,0,NORTH PLATTE,NE,60.0,1,Dawn,Cloudy,Yard,Yard/switching,3,100,0,12959,E09C,41.152641000000003,-100.824932
UP,0516FW016,2016-05-16,9:00 AM,Other (describe in narrative),0,FORT WORTH,TX,71.0,2,Day,Cloudy,Yard,Single Car,0,2787,0,14111,M411,32.717103999999999,-97.388544999999993
CRSH,146887,2024-07-12,1:30 AM,Derailment,0,PHILADELPHIA,PA,80.0,4,Dark,Clear,Main,,0,0,17955,28707,H702,39.904637999999998,-75.139701000000002
SEPA,38242,2020-01-02,9:58 AM,Hwy-rail crossing,0,WYNCOTE,PA,35.0,2,Day,Clear,Main,EMU,40,12754,0,12754,M308,40.095706999999997,-75.139272000000005
NS,154034,2023-08-25,12:40 AM,Side collision,0,ELKHART,IN,72.0,4,Dark,Clear,Yard,Yard/switching,13,48,0,56535,H306,41.677391999999998,-85.978437
NS,141294,2021-04-20,9:45 AM,Derailment,0,CONWAY,PA,64.0,2,Day,Clear,Yard,Light loco(s),5,27742,50,27792,S011,40.672361000000002,-80.251825999999994
CSX,000152197,2015-09-17,1:58 PM,Other impacts,0,AVON,IN,80.0,2,Day,Clear,Yard,Single Car,5,9633,0,25642,S016,39.759222000000001,-86.353898999999998
CSX,000176207,2018-05-04,12:50 AM,Other impacts,0,MCKEESPORT,PA,66.0,4,Dark,Cloudy,Yard,Single Car,4,9200,0,31140,H318,40.352516999999999,-79.860431000000005
NS,114129,2015-02-02,1:44 AM,Derailment,0,WEST FAIRVIEW,PA,30.0,4,Dark,Sleet,Yard,Yard/switching,1,76953,960,82713,H306,40.279833000000004,-76.922471000000002
CSX,000205346,2022-06-04,7:00 PM,Other impacts,0,HAMPTON,SC,75.0,3,Dusk,Clear,Main,Cut of cars,0,128340,0,128590,H302,32.869393000000002,-81.107719000000003
NS,114249,2015-02-06,8:35 PM,Derailment,0,MILL CREEK,PA,15.0,4,Dark,Clear,Main,Freight Train,58,2000,55504,57504,E61C,40.418495,-77.931216000000006
CSX,000209011,2022-12-29,9:54 PM,Side collision,0,NASHVILLE,TN,60.0,4,Dark,Clear,Yard,Yard/switching,0,5923,0,19231,H307,36.112136,-86.770713000000001
UP,0217FW011,2017-02-07,1:50 PM,Other impacts,0,FORT WORTH,TX,79.0,2,Day,Clear,Yard,Single Car,2,8881,0,47069,S015,32.728093000000001,-97.366263000000004
NS,157626,2022-09-17,10:20 PM,Derailment,0,MEMP COO 2,TN,80.0,4,Dark,Clear,Yard,,0,0,0,17406,H503,35.123390000000001,-90.023392999999999
NS,141385,2021-04-29,4:30 AM,Side collision,0,ALLENTOWN,PA,63.0,1,Dawn,Rain,Yard,Yard/switching,0,12700,0,13450,H399,40.611933999999998,-75.426704000000001
CSX,000203485,2022-03-07,8:05 AM,Other impacts,0,FLORENCE,SC,65.0,2,Day,Clear,Yard,Freight Train,0,30000,0,36468,M599,34.198270000000001,-79.762484999999998
UP,0616HO040,2016-06-24,2:00 PM,Other impacts,0,HOUSTON,TX,92.0,2,Day,Cloudy,Yard,Cut of cars,0,10736,132,11527,M204,29.807804999999998,-95.292334999999994
ATK,164102,2020-04-13,6:39 AM,Obstruction,0,GREENVILLE,SC,62.0,1,Dawn,Rain,Main,Passenger Train - Pulling,29,16542,0,16542,M404,34.862699999999997,-82.413899999999998
UP,0516WH009,2016-05-24,10:05 AM,Obstruction,0,MULDROW,OK,68.0,2,Day,Cloudy,Main,Spec. MoW Equip.,1,0,0,45250,H995,35.417727999999997,-94.668762000000001
NIRC,9419000636,2022-01-21,6:35 AM,Hwy-rail crossing,0,CHICAGO,IL,6.0,4,Dark,Cloudy,Main,Commuter Train - Pushing,70,30000,0,30000,M308,41.689349999999997,-87.662180000000006
UP,0816FW028,2016-08-29,4:30 AM,Other impacts,0,FORT WORTH,TX,74.0,4,Dark,Clear,Yard,Single Car,9,37516,0,40119,M407,32.723973000000001,-97.376630000000006
NS,134447,2019-06-22,11:25 AM,Derailment,0,CONWAY,PA,74.0,2,Day,Clear,Yard,Yard/switching,5,7150,8936,16086,E89C,40.672356000000001,-80.251823000000002
UP,0619GP020,2019-06-17,3:30 AM,Derailment,0,NORTH PLATTE,NE,59.0,4,Dark,Cloudy,Yard,Single Car,0,6071,10758,16829,S007,41.147221999999999,-100.83380699999999
NS,129971,2018-06-26,7:50 AM,Derailment,0,CHATTANOOGA,TN,72.0,1,Dawn,Clear,Yard,Yard/switching,7,40910,42833,83743,S011,36.135151,-84.649386000000007
CSX,000143287,2015-03-19,4:35 AM,Other impacts,0,SELKIRK,NY,11.0,1,Dawn,Clear,Yard,Yard/switching,7,118407,6884,162445,H702,42.564653999999997,-73.85257
CSX,000197078,2021-04-15,8:10 PM,Hwy-rail crossing,0,GREENVILLE,SC,48.0,4,Dark,Cloudy,Main,Freight Train,25,13430,97,13527,M302,34.908974999999998,-82.340614000000002
CSX,000164300,2016-11-10,7:24 AM,Derailment,0,HANOVER,PA,50.0,2,Day,Clear,Industry,Freight Train,5,48469,275,48744,M506,39.813499999999998,-77.000620999999995
ATK,169314,2021-12-27,12:44 PM,Hwy-rail crossing,0,HAVERHILL,MA,32.0,2,Day,Clear,Main,Passenger Train - Pulling,57,15000,0,18185,M308,42.803928999999997,-71.110338999999996
NS,114221,2015-02-05,11:15 AM,Derailment,0,MONACA,PA,15.0,2,Day,Clear,Main,Yard/switching,5,4800,148127,152927,H309,40.692371000000001,-80.262046999999995
NS,137274,2020-02-24,1:35 AM,Derailment,0,GALLITZIN,PA,20.0,4,Dark,Cloudy,Main,Light loco(s),8,33,6032,32498,E05C,40.477075999999997,-78.549385000000001
UP,1015SA010,2015-10-15,9:22 AM,Hwy-rail crossing,0,PEARSALL,TX,80.0,2,Day,Clear,Main,Freight Train,55,6605,120000,126605,M302,28.841640000000002,-99.111450000000005
UP,0619PN013,2019-06-14,10:20 AM,Other impacts,0,EUGENE,OR,62.0,2,Day,Clear,Yard,Cut of cars,0,1046,0,39484,H601,44.070830000000001,-123.130493
BNSF,HL0424105,2024-04-06,11:09 PM,Derailment,0,SPRINGFIELD,MO,48.0,4,Dark,Clear,Yard,Cut of cars,1,1092,4211,12601,H018,37.227801999999997,-93.327382
ATK,160975,2019-09-08,5:25 PM,Obstruction,0,WASHINGTON,MO,79.0,2,Day,Cloudy,Main,Passenger Train - Pulling,33,52963,0,53563,M404,38.549061000000002,-90.985100000000003
CSX,000196634,2021-03-28,8:16 PM,Other impacts,0,FLORENCE,SC,60.0,4,Dark,Clear,Yard,Cut of cars,8,31960,0,31960,M599,34.198275000000002,-79.762501999999998
ATK,166256,2021-01-19,7:42 PM,Hwy-rail crossing,0,MARION,OR,39.0,4,Dark,Clear,Main,Passenger Train - Pushing,70,25000,0,25150,M399,44.748413999999997,-122.941726
CSX,000181142,2019-02-03,6:18 AM,Side collision,0,BUFFALO,NY,42.0,1,Dawn,Cloudy,Yard,Yard/switching,7,46310,0,111091,H305,42.901972999999998,-78.773441000000005
CSX,000170035,2017-07-05,3:00 AM,Other impacts,0,NORTH CHARLESTON,SC,80.0,4,Dark,Clear,Yard,Cut of cars,5,19347,8580,42927,H020,32.856969999999997,-80.022953999999999
IC,1070705,2021-05-16,4:26 PM,Fire/violent rupture,0,TIPTON,TN,60.0,2,Day,Clear,Main,Freight Train,35,277350,0,277350,E72L,35.509242,-89.710207999999994
BNSF,KS0915104,2015-09-08,1:59 PM,Derailment,0,AMARILLO,TX,98.0,2,Day,Clear,Yard,Yard/switching,10,61991,3500,65491,H318,35.194260999999997,-101.83089099999999
GLC,062724,2024-06-27,8:45 AM,Derailment,0,DURAND,MI,70.0,2,Day,Cloudy,Yard,Freight Train,10,3000,500,3500,T212,42.919600000000003,-84.002708999999996
NS,129313,2018-04-30,1:20 PM,Other (describe in narrative),0,LANCING,TN,72.0,2,Day,Clear,Main,Spec. MoW Equip.,15,25000,22500,47500,H997,36.122275000000002,-84.652412999999996
NS,138782,2020-08-07,4:20 AM,Other impacts,0,CHATTANOOGA,TN,72.0,1,Dawn,Clear,Yard,Single Car,2,23969,500,46922,M411,35.049475000000001,-85.278327000000004
KCS,17092702,2017-09-27,11:20 AM,Derailment,0,CONVERSE,LA,90.0,2,Day,Clear,Main,Spec. MoW Equip.,2,25000,0,25000,M299,31.761354999999998,-93.696664999999996
UP,0518PD016,2018-05-08,6:42 AM,Other (describe in narrative),0,STANFIELD,OR,50.0,4,Dark,Clear,Yard,Single Car,0,63514,33,63547,M407,45.796308000000003,-119.268298
BNSF,HL1021106,2021-10-12,7:22 AM,Derailment,0,MEMPHIS,TN,75.0,1,Dawn,Clear,Yard,Yard/switching,6,13007,7000,20007,E32C,35.029243000000001,-89.898904000000002
UP,0923PN003,2023-09-04,5:54 PM,Derailment,0,PORTLAND,OR,66.0,2,Day,Clear,Yard,Freight Train,5,12761,8103,20864,H503,45.605885999999998,-122.75188900000001
UP,1120ES017,2020-11-06,1:55 PM,Hwy-rail crossing,0,ABBYVILLE,KS,73.0,2,Day,Clear,Main,Spec. MoW Equip.,20,2310,60784,63094,M302,37.955835999999998,-98.100584999999995
AWRR,160629001,2016-06-29,3:15 AM,Derailment,0,MANOR,TX,75.0,4,Dark,Clear,Main,Freight Train,6,112500,2500,115000,T222,30.326667,-97.594722000000004
NS,136044,2019-11-01,2:00 PM,Derailment,0,CONNEAUT LAKE,PA,37.0,2,Day,Clear,Industry,Freight Train,5,600,14258,14858,T221,41.563034999999999,-80.330430000000007
BNSF,RD1017104,2017-10-03,4:00 AM,Derailment,0,DAYTON,TX,80.0,1,Dawn,Cloudy,Yard,Freight Train,3,108882,11000,119882,H702,29.994250000000001,-94.907495999999995
CSX,000159414,2016-04-30,8:20 PM,Side collision,0,SELKIRK,NY,55.0,4,Dark,Clear,Yard,Yard/switching,8,55266,0,69232,H306,42.565902999999999,-73.854184000000004
CSX,000188437,2020-02-13,6:54 AM,Derailment,2,ELKHORN CITY,KY,57.0,1,Dawn,Rain,Main,Freight Train,24,2232901,58530,2291431,M103,37.338256000000001,-82.396022000000002
BNSF,HL0719101,2019-07-01,11:45 AM,Derailment,0,MEMPHIS,TN,65.0,2,Day,Clear,Yard,Yard/switching,9,16120,0,16120,H511,35.017184999999998,-89.882529000000005
DAIR,022015,2015-09-30,9:48 AM,Hwy-rail crossing,0,ELK POINT,SD,69.0,2,Day,Clear,Main,Freight Train,36,59000,0,59000,M302,42.649462999999997,-96.625499000000005
BNSF,RD1019106,2019-10-07,6:19 AM,Side collision,0,TULSA,OK,52.0,1,Dawn,Clear,Yard,Light loco(s),0,8200,0,18900,H607,36.131182000000003,-96.010185000000007
BNSF,HL0221102,2021-02-04,6:45 AM,Side collision,0,MEMPHIS,TN,36.0,1,Dawn,Clear,Yard,Yard/switching,4,48781,0,48781,M408,35.026983000000001,-89.893918999999997
UP,0216HO029,2016-02-24,5:52 PM,Raking collision,0,GALENA PARK,TX,65.0,2,Day,Clear,Industry,Yard/switching,5,8494,66,15132,H318,29.732035,-95.256489999999999
NS,121375,2016-07-24,7:40 AM,Derailment,0,CHATTANOOGA,TN,75.0,1,Dawn,Clear,Yard,Yard/switching,2,7500,4850,12350,E51C,35.060735000000001,-85.266800000000003
NS,144037,2022-01-16,8:50 AM,Other impacts,0,LINWOOD,NC,34.0,2,Day,Snow,Yard,Yard/switching,5,25018,25288,50306,H312,35.740859999999998,-80.330498000000006
BNSF,GC0416105,2016-04-10,8:15 AM,Derailment,0,TEMPLE,TX,71.0,2,Day,Cloudy,Yard,Yard/switching,7,3999,275000,278999,H601,31.108612000000001,-97.348618999999999
CSX,000185377,2019-09-17,10:38 AM,Side collision,0,NASHVILLE,TN,93.0,2,Day,Cloudy,Yard,Freight Train,6,953,3478,27437,H306,36.112141999999999,-86.770736999999997
TIBR,M541115,2015-11-24,12:06 AM,Raking collision,0,SILSBEE,TX,42.0,4,Dark,Clear,Yard,Yard/switching,5,25000,0,25000,H018,30.210578000000002,-94.110247000000001
CSX,000171891,2017-09-27,12:29 PM,Derailment,0,MCKEESPORT,PA,92.0,2,Day,Clear,Main,Freight Train,20,203402,76995,280397,E46C,40.350892000000002,-79.870363999999995