reportingrailroadcode,accidentnumber,date,time,accidenttype,hazmatreleasedcars,station,stateabbr,temperature,visibility_code,visibility,weathercondition,tracktype,equipmenttype,trainspeed,equipmentdamagecost,trackdamagecost,totaldamagecost,primaryaccidentcausecode,latitude,longitude
UP,0718PD034,2018-07-18,12:00 PM,Other impacts,0,HERMISTON,OR,70.0,2,Day,Clear,Yard,Single Car,0,11769,0,11769,M411,45.798088999999997,-119.320876
CSX,000175366,2018-03-22,4:10 AM,Obstruction,0,CHESTER,SC,40.0,1,Dawn,Clear,Main,Maint./inspect Car,0,2500,0,18200,H997,34.733961000000001,-81.147240999999994
CSX,000179097,2018-10-02,9:50 AM,Rear end collision,0,CORNERSVILLE,TN,65.0,2,Day,Clear,Main,Freight Train,0,49283,64,51505,H994,35.331665000000001,-86.844092000000003
NJTR,201510583,2015-10-21,1:15 AM,Derailment,0,MORRISVILLE,PA,48.0,4,Dark,Clear,Yard,Yard/switching,4,12000,682,12682,H702,40.194631999999999,-74.791203999999993
NS,130176,2018-07-12,4:30 PM,Derailment,0,FAYETTE CITY,PA,80.0,3,Dusk,Clear,Main,Freight Train,4,49524,46408,96432,M507,40.036667000000001,-79.874176000000006
CSX,000195035,2021-01-17,4:19 AM,Other impacts,0,FLORENCE,SC,28.0,1,Dawn,Clear,Yard,Freight Train,5,8328,0,81971,H601,34.197231000000002,-79.763242000000005
BNSF,RD1117117,2017-11-17,10:10 AM,Derailment,0,EAGLE PASS,TX,70.0,2,Day,Clear,Yard,Freight Train,10,1500,0,11148,H607,28.779358999999999,-100.47076
CSX,000152141,2015-09-17,10:50 AM,Head on collision,0,SPRINGFIELD,TN,74.0,2,Day,Clear,Main,Spec. MoW Equip.,10,25159,0,25159,H099,36.479241999999999,-86.855655999999996
CSX,000190186,2020-05-13,7:30 AM,Other impacts,0,NASHVILLE,TN,55.0,2,Day,Rain,Yard,Cut of cars,9,17558,96,17654,M408,36.112141999999999,-86.770736999999997
NS,134886,2019-07-26,4:09 PM,Derailment,0,TUNNELHILL,PA,80.0,3,Dusk,Clear,Main,Freight Train,10,187267,167657,354924,H506,40.496941999999997,-78.486025999999995
BNSF,HL1120108,2020-11-13,2:29 AM,Side collision,0,MEMPHIS,TN,68.0,4,Dark,Clear,Yard,Cut of cars,3,8866,1000,14654,H021,35.026649999999997,-89.892557999999994
NS,133283,2019-03-20,4:34 AM,Derailment,0,DUNEAN,SC,36.0,1,Dawn,Clear,Siding,Light loco(s),1,12279,0,12279,H607,34.788584,-82.425872999999996
NS,151966,2023-01-10,1:00 AM,Derailment,0,EUREKA,SC,39.0,4,Dark,Clear,Industry,Freight Train,7,65927,13603,79530,H702,33.662168999999999,-81.806010999999998
CSX,000200999,2021-10-30,2:35 AM,Hwy-rail crossing,0,CHARLESTON,SC,54.0,4,Dark,Clear,Main,,0,0,8680,48581,M308,32.899892000000001,-80.011778000000007
SEPA,32772,2019-04-08,9:23 AM,Hwy-rail crossing,0,YEADON,PA,70.0,2,Day,Clear,Main,EMU,40,19439,0,19439,M308,39.938257,-75.265218000000004
UP,0416HO042,2016-04-23,3:00 PM,Derailment,0,DAYTON,TX,80.0,2,Day,Clear,Main,,0,0,151692,157727,H607,29.993233,-94.907470000000004
CSX,000150388,2015-08-10,3:00 PM,Raking collision,0,NASHVILLE,TN,87.0,2,Day,Clear,Yard,Cut of cars,7,12500,0,61048,E06C,36.092170000000003,-86.760616999999996
CSX,000180793,2019-01-16,1:10 PM,Side collision,0,ASHTABULA,OH,30.0,2,Day,Cloudy,Yard,Freight Train,0,31213,0,31755,H306,41.858629000000001,-80.830794999999995
ATK,168158,2021-08-23,1:00 PM,Derailment,0,PHILADELPHIA,PA,95.0,2,Day,Clear,Yard,Yard/switching,8,17185,23696,40881,H605,39.962307000000003,-75.183576000000002
NS,137274,2020-02-24,1:35 AM,Derailment,0,GALLITZIN,PA,20.0,4,Dark,Cloudy,Main,Freight Train,8,26433,0,32498,E05C,40.477075999999997,-78.549385000000001
NJTR,202210396,2022-09-26,4:20 PM,Fire/violent rupture,0,TETERBORO,NJ,56.0,2,Day,Cloudy,Main,Commuter Train - Pulling,43,17587,0,17587,E74L,40.863947000000003,-74.063394000000002
SVRR,SVRR092718,2018-09-27,8:51 AM,Other (describe in narrative),0,NORTHUMBERLAND,PA,57.0,2,Day,Clear,Main,Freight Train,14,0,0,19322,H221,40.876592000000002,-76.786392000000006
AVR,AVR152211,2015-11-22,4:30 AM,Derailment,0,PITTSBURGH,PA,34.0,4,Dark,Clear,Siding,,0,0,19150,44150,H099,40.319138000000002,-79.979370000000003
WE,230032L,2023-05-01,1:45 AM,Head on collision,0,BRUCETON,PA,41.0,4,Dark,Cloudy,Main,Light loco(s),11,34209,0,34209,H211,40.318125000000002,-79.979772999999994
NS,123037,2016-12-06,5:45 PM,Derailment,0,NORTH CHARLESTON,SC,64.0,3,Dusk,Cloudy,Yard,Yard/switching,6,1367,31449,32816,H702,32.867713000000002,-79.999538000000001
CSX,000155474,2015-12-24,1:37 AM,Derailment,0,COLUMBUS,OH,50.0,4,Dark,Rain,Yard,Yard/switching,6,16415,1100,17515,H704,39.972333999999996,-83.021122000000005
BNSF,RD0916208,2016-09-30,2:01 PM,Hwy-rail crossing,0,SANGER,TX,85.0,2,Day,Clear,Main,Freight Train,40,6000,10000,16000,M302,33.362136,-97.169236999999995
URR,8125,2018-11-07,5:28 PM,Derailment,0,BRADDOCK,PA,43.0,3,Dusk,Clear,Main,Freight Train,11,4947,22950,27897,E07C,40.392349000000003,-79.837644999999995
UP,1122PN029,2022-11-27,11:00 PM,Derailment,0,PORTLAND,OR,42.0,4,Dark,Cloudy,Yard,Yard/switching,10,229943,228015,457958,H307,45.551440999999997,-122.690782
UP,1023PN019,2023-10-14,12:30 AM,Derailment,0,EUGENE,OR,54.0,4,Dark,Rain,Yard,Yard/switching,4,1571,2250,22139,H607,44.067622999999998,-123.126229
CSS,CSS1116191,2019-11-16,6:38 PM,Head on collision,0,MICHIGAN CITY,IN,35.0,4,Dark,Clear,Yard,Freight Train,8,128000,0,178000,H017,41.714633999999997,-86.871229999999997
CSX,000199202,2021-07-30,3:31 AM,Other impacts,0,CHATTANOOGA,TN,79.0,4,Dark,Clear,Yard,Cut of cars,4,31395,116,31511,H601,35.012658000000002,-85.371482999999998
BNSF,GC1015111,2015-10-26,11:00 AM,Derailment,0,SWEETWATER,TX,70.0,2,Day,Clear,Yard,Yard/switching,6,25000,250,25250,H607,32.503312000000001,-100.39864900000001
NS,142485,2021-08-10,12:35 AM,Other (describe in narrative),0,COLUMBIA,SC,81.0,4,Dark,Clear,Yard,Yard/switching,4,380,75127,75507,H702,33.985295999999998,-81.039106000000004
NS,124377,2017-03-18,12:30 AM,Other impacts,0,ALLENTOWN,PA,35.0,4,Dark,Cloudy,Yard,Yard/switching,6,1100,4275,12625,H305,40.611930000000001,-75.426705999999996
BNSF,RD0317113,2017-03-15,1:45 PM,Other (describe in narrative),0,DECATUR,TX,69.0,2,Day,Clear,Main,Light loco(s),7,0,11000,11000,H702,33.220402,-97.571376000000001
NS,125114,2017-05-19,5:10 AM,Derailment,0,CHATTANOOGA,TN,71.0,1,Dawn,Clear,Yard,Yard/switching,4,45774,500,46274,H312,35.090918000000002,-85.238234000000006
UP,0515SA006,2015-05-12,11:00 PM,Hwy-rail crossing,0,TAYLOR,TX,67.0,4,Dark,Cloudy,Main,Freight Train,40,5622,21768,27390,M302,30.557653999999999,-97.452309
BNSF,TX0716101,2016-07-02,11:15 AM,Derailment,0,DALLAS,TX,88.0,2,Day,Clear,Main,Freight Train,6,319014,391755,710769,E61C,32.750539000000003,-96.777303000000003
ATK,157513,2019-02-06,6:30 PM,Obstruction,0,PHILADELPHIA,PA,45.0,4,Dark,Rain,Yard,Light loco(s),3,13630,3331,16961,H999,39.958922000000001,-75.186413999999999
CSX,000215383,2024-01-05,12:00 AM,Other impacts,0,NEW CASTLE,PA,32.0,4,Dark,Cloudy,Yard,Cut of cars,5,500,0,42626,H318,40.969831999999997,-80.372766999999996
BNSF,TC0916121,2016-09-04,3:13 AM,Derailment,0,ST PAUL,MN,60.0,4,Dark,Clear,Main,,0,0,10000,39390,E46C,44.945469000000003,-93.059892000000005
UP,0322PN017,2022-03-21,11:29 PM,Derailment,0,STANFIELD,OR,50.0,4,Dark,Cloudy,Yard,Yard/switching,7,2044,15422,17466,H704,45.794817000000002,-119.25462899999999
NS,134848,2019-07-25,1:15 AM,Other (describe in narrative),0,CONWAY,PA,57.0,4,Dark,Clear,Yard,Yard/switching,5,3050,19419,22469,H702,40.672356000000001,-80.251823000000002
UP,0921PN011,2021-09-12,9:27 PM,Obstruction,0,SALEM,OR,71.0,4,Dark,Cloudy,Main,,0,0,150,94211,M402,44.90692,-123.01594900000001
FRR,240601,2024-06-06,12:04 PM,Hwy-rail crossing,0,FANCHER,NY,73.0,2,Day,Cloudy,Main,Freight Train,25,7732,37162,44894,M303,43.244593000000002,-78.090958999999998
ARR,2015054,2015-03-12,12:55 PM,Other (describe in narrative),0,ANCHORAGE,AK,5.0,2,Day,Clear,Main,Work train,59,31802,0,31802,M599,61.168084999999998,-149.44539399999999
UP,0519PN003,2019-05-02,8:53 PM,Fire/violent rupture,0,BAKER,OR,61.0,4,Dark,Clear,Main,Freight Train,29,39871,0,39871,E73L,44.690688000000002,-117.681888
CSX,000211166,2023-05-02,11:04 AM,Other impacts,0,NASHVILLE,TN,65.0,2,Day,Clear,Yard,Single Car,5,638,0,23423,S016,36.112157000000003,-86.770728000000005
IC,894841,2016-07-16,10:10 AM,Other impacts,0,HATTIESBURG,MS,98.0,2,Day,Cloudy,Yard,Yard/switching,5,54508,495,55003,H310,31.310078000000001,-89.281675000000007
BNSF,HL1018116,2018-10-24,7:50 AM,Derailment,0,MEMPHIS,TN,56.0,1,Dawn,Clear,Yard,Freight Train,5,25000,250,25250,H704,35.039575999999997,-89.914310999999998
SEPA,0717222164,2022-07-17,12:17 PM,Obstruction,0,PHILADELPHIA,PA,80.0,2,Day,Clear,Yard,Maint./inspect Car,20,12800,0,12800,H101,40.060062000000002,-75.089665999999994
RCPE,RCP490523G,2023-08-01,9:15 AM,Hwy-rail crossing,0,CAVOUR,SD,77.0,2,Day,Cloudy,Main,Freight Train,40,846000,250000,1096000,M302,44.368178,-98.013324999999995
NS,126934,2017-10-08,9:15 PM,Derailment,0,CHATTANOOGA,TN,70.0,4,Dark,Rain,Yard,Single Car,0,7175,20582,28983,H305,35.060735999999999,-85.266797999999994
CSX,000219119,2024-07-07,1:55 PM,Derailment,0,MEMPHIS,TN,90.0,2,Day,Clear,Yard,Single Car,0,11100,0,37290,M503,35.16816,-89.962618000000006
BNSF,HL0824114,2024-08-31,8:45 AM,Derailment,0,MEMPHIS,TN,81.0,1,Dawn,Cloudy,Yard,Yard/switching,3,303029,0,615149,M408,35.023994999999999,-89.890366
NS,132419,2019-01-14,9:30 PM,Derailment,0,KNOXVILLE,TN,37.0,4,Dark,Cloudy,Industry,Freight Train,8,22842,0,22842,H306,35.994318999999997,-83.950540000000004
CSX,000191201,2020-07-04,7:00 AM,Other impacts,0,NASHVILLE,TN,76.0,1,Dawn,Clear,Yard,Yard/switching,6,14030,32,26042,M408,36.112141999999999,-86.770736999999997
CSX,000205343,2022-05-28,10:30 PM,Derailment,0,NASHVILLE,TN,70.0,4,Dark,Clear,Yard,Cut of cars,7,30896,1217,32113,M407,36.112136,-86.770713000000001
CSX,000157413,2016-02-23,4:30 AM,Other impacts,0,MCKEES ROCKS,PA,25.0,4,Dark,Clear,Main,Freight Train,32,29646,0,39692,M201,40.351731000000001,-79.867346999999995
MNCW,2016012406,2016-01-24,9:09 AM,Hwy-rail crossing,0,STAMFORD,CT,32.0,2,Day,Snow,Main,EMU,38,21650,0,21650,M399,41.045793000000003,-73.311024000000003
UP,1018LK009,2018-10-08,10:45 PM,Derailment,0,MEMPHIS,TN,80.0,4,Dark,Clear,Main,Cut of cars,0,4784,0,98806,H702,35.125430999999999,-90.029563999999993
RCPE,RCP706024D,2024-02-20,7:30 PM,Derailment,0,OELRICHS,SD,35.0,4,Dark,Clear,Siding,Freight Train,2,100000,20000,120000,E46C,42.990588000000002,-103.240252
UP,0116SA004,2016-01-09,10:46 AM,Hwy-rail crossing,0,COTULLA,TX,55.0,2,Day,Clear,Main,Freight Train,57,12102,0,12102,M303,28.623944000000002,-99.183094999999994
NS,130957,2018-09-15,4:55 PM,Other impacts,0,WEST FAIRVIEW,PA,72.0,3,Dusk,Clear,Yard,Yard/switching,2,14585,641,16538,H312,40.279806999999998,-76.922450999999995
UP,0723GP004,2023-07-03,6:30 AM,Derailment,0,NORTH PLATTE,NE,66.0,1,Dawn,Clear,Yard,Yard/switching,9,254385,622228,1025688,S102,41.149844000000002,-100.810169
BNSF,TC0119113,2019-01-17,12:03 PM,Derailment,0,TULARE,SD,5.0,2,Day,Clear,Main,Freight Train,40,15504,137264,152768,E53C,44.728154000000004,-98.504733000000002
ATK,174454,2023-04-20,4:45 AM,Derailment,0,MARCUS HOOK,PA,50.0,1,Dawn,Clear,Siding,,0,0,20150,27350,H706,39.821300999999998,-75.419203999999993
BNSF,NE0115100,2015-01-03,8:05 PM,Other (describe in narrative),0,ST JOSEPH,MO,21.0,3,Dusk,Snow,Main,Freight Train,36,2151,9000,11151,E61C,39.708252000000002,-94.878551000000002
UP,0324PN028,2024-03-29,4:45 AM,Other impacts,0,STANFIELD,OR,40.0,1,Dawn,Clear,Yard,Yard/switching,10,21379,10080,143112,H316,45.796534000000001,-119.268289
UP,0816SA008,2016-08-08,2:30 PM,Hwy-rail crossing,0,LAREDO,TX,100.0,2,Day,Clear,Main,Freight Train,46,3422,80359,83781,M304,27.669208999999999,-99.469189999999998
UP,1220PN027,2020-12-28,4:30 AM,Derailment,0,PORTLAND,OR,40.0,1,Dawn,Cloudy,Yard,Freight Train,4,190792,124482,315274,S104,45.544004000000001,-122.684724
ATK,155257,2018-09-11,7:37 PM,Obstruction,0,PHILADELPHIA,PA,73.0,4,Dark,Cloudy,Yard,Light loco(s),5,9955,1912,11867,T214,39.933280000000003,-75.162763999999996
RBMN,R11292301,2023-11-29,4:15 PM,Derailment,0,TAMAQUA,PA,27.0,2,Day,Clear,Main,Freight Train,7,3174,21296,24470,T221,40.808149,-75.942458999999999
CSX,000205508,2022-06-13,2:25 AM,Derailment,0,NASHVILLE,TN,80.0,4,Dark,Clear,Yard,Yard/switching,6,21891,30400,52291,M411,36.112136,-86.770713000000001
SLWC,170401001,2017-04-01,2:00 AM,Derailment,0,OKLAHOMA CITY,OK,50.0,4,Dark,Clear,Siding,Freight Train,4,19111,500,19611,H303,35.411084000000002,-97.631392000000005
KCS,16061301,2016-06-13,8:15 AM,Derailment,0,LAREDO,TX,85.0,2,Day,Clear,Yard,Yard/switching,4,85823,0,85823,H704,27.500758000000001,-99.402389999999997
CSX,000202736,2022-01-27,9:40 PM,Other impacts,0,NASHVILLE,TN,31.0,4,Dark,Cloudy,Yard,Single Car,2,9500,0,17000,H018,36.112136,-86.770713000000001
NS,152860,2023-04-19,11:45 AM,Derailment,0,ALTOONA,PA,57.0,2,Day,Clear,Yard,Freight Train,5,29511,12858,42369,H506,40.535505999999998,-78.380109000000004
IC,1091513,2022-01-01,6:01 PM,Derailment,0,MEMPHIS,TN,58.0,4,Dark,Rain,Yard,Cut of cars,5,9000,0,182153,H316,35.066958999999997,-90.097156999999996
NS,156607,2024-05-05,10:45 PM,Other impacts,0,ALTON,IL,62.0,4,Dark,Rain,Yard,Yard/switching,7,93000,0,186000,H020,38.886747999999997,-90.167968999999999
ATK,153605,2018-06-05,10:32 AM,Hwy-rail crossing,0,MOUNT JOY,PA,70.0,2,Day,Clear,Main,Passenger Train - Pushing,79,23100,0,23100,M302,40.107992000000003,-76.474098999999995
UP,0816LK033,2016-08-28,4:00 AM,Other impacts,0,LONGVIEW,TX,75.0,4,Dark,Clear,Yard,Yard/switching,4,95500,0,95500,H318,32.495953999999998,-94.722308999999996
NS,120728,2016-06-03,5:30 AM,Derailment,0,CHATTANOOGA,TN,72.0,1,Dawn,Clear,Yard,Yard/switching,4,28399,1096,29495,M408,35.090918000000002,-85.238234000000006
URR,22115,2022-08-02,6:12 PM,Derailment,0,WEST MIFFLIN,PA,80.0,2,Day,Clear,Industry,Yard/switching,3,13000,6500,19500,H514,40.340933,-79.901304999999994
CSX,000202948,2022-02-07,5:00 AM,Other impacts,0,NORTH CHARLESTON,SC,41.0,1,Dawn,Rain,Yard,Cut of cars,10,26141,918,41945,H018,32.856924999999997,-80.022907000000004
TIBR,IN20160111,2016-01-11,9:00 PM,Side collision,0,SILSBEE,TX,30.0,4,Dark,Clear,Yard,Yard/switching,5,16416,0,28004,H020,30.210571999999999,-94.110229000000004
CSX,000200015,2021-09-12,8:50 AM,Derailment,0,NASHVILLE,TN,80.0,2,Day,Clear,Yard,Single Car,9,13367,0,14017,M408,36.112141999999999,-86.770736999999997
CSX,000204122,2022-04-09,4:35 PM,Derailment,0,NASHVILLE,TN,58.0,2,Day,Clear,Yard,Yard/switching,2,11146,350,11496,E41C,36.112136,-86.770713000000001
PTO,111122,2022-11-11,1:50 PM,Derailment,0,PORTLAND,OR,47.0,2,Day,Cloudy,Yard,Yard/switching,0,170292,4500,174792,H312,45.552570000000003,-122.71751999999999
CSX,000179273,2018-10-11,7:20 PM,Other impacts,0,PHILADELPHIA,PA,70.0,4,Dark,Rain,Yard,Single Car,3,119926,0,145126,H318,39.898302000000001,-75.167339999999996
NS,155915,2024-03-02,7:11 AM,Rear end collision,0,MIDDLETOWN,PA,40.0,1,Dawn,Rain,Main,Freight Train,31,1857380,0,2452654,H220,40.632286000000001,-75.305355000000006
CSX,000177188,2018-06-25,9:35 AM,Hwy-rail crossing,0,ESTILL,SC,95.0,2,Day,Clear,Main,Freight Train,50,13022,254,13276,M303,32.755442000000002,-81.241551000000001
NS,138308,2020-06-22,6:40 PM,Other (describe in narrative),0,GEORGETOWN,KY,83.0,3,Dusk,Clear,Main,Freight Train,2,281954,31578,313532,H303,38.273609,-84.548536999999996
LVRX,231201,2023-12-06,11:50 AM,Derailment,0,BETHLEHEM,PA,39.0,2,Day,Rain,Yard,Yard/switching,4,15000,6500,21500,H704,40.618600000000001,-75.350800000000007
SEPA,SEPA110322,2022-11-03,5:41 PM,Other (describe in narrative),0,PHILADELPHIA,PA,60.0,2,Day,Clear,Main,EMU,0,15000,0,15000,M101,39.954239000000001,-75.167720000000003
UP,0317LK022,2017-03-15,9:15 AM,Derailment,0,QUEEN CITY,TX,40.0,2,Day,Clear,Industry,Yard/switching,1,63611,6930,70541,H522,33.271064000000003,-94.099742000000006
CSX,000199753,2021-08-28,1:20 AM,Derailment,0,VONORE,TN,80.0,4,Dark,Clear,Industry,Single Car,0,100000,1483,105483,H307,35.581271000000001,-84.268054000000006
CSX,000171966,2017-08-05,7:34 AM,Other (describe in narrative),0,SELKIRK,NY,81.0,2,Day,Clear,Yard,Cut of cars,6,26000,0,26000,M407,42.565902999999999,-73.854184000000004
NS,137183,2020-02-14,10:15 PM,Other impacts,0,GREER,SC,37.0,4,Dark,Clear,Yard,Light loco(s),12,2110,0,32110,H306,34.935265000000001,-82.225496000000007
UP,0322GL021,2022-03-19,4:30 PM,Derailment,0,MISSOURI VALLEY,IA,28.0,2,Day,Cloudy,Main,Freight Train,6,11293,285025,296318,H705,41.55762,-95.990740000000002
RCPE,RCP779518D,2018-09-08,11:15 PM,Derailment,0,HURON,SD,80.0,4,Dark,Clear,Yard,Freight Train,5,11000,4150,15150,H702,44.479734999999998,-98.221298000000004
BNSF,TC0317100,2017-03-13,1:00 PM,Derailment,0,WOLSEY,SD,11.0,2,Day,Clear,Main,Yard/switching,11,71000,250,71250,H307,44.631503000000002,-98.504868999999999
UP,1215SA003,2015-12-02,9:00 AM,Obstruction,0,NEW BRAUNFELS,TX,65.0,2,Day,Cloudy,Main,Spec. MoW Equip.,0,20036,0,20330,H404,29.702770999999998,-98.129185000000007
RCPE,RCP346523R,2023-03-02,11:45 AM,Derailment,0,MILLER,SD,19.0,2,Day,Clear,Industry,Freight Train,10,30450,0,30450,H306,44.522230999999998,-99.014782999999994
NJTR,202405225,2024-05-01,10:07 AM,Derailment,0,MORRISVILLE,PA,78.0,2,Day,Cloudy,Yard,Yard/switching,5,13281,668,13949,H704,40.195400999999997,-74.788482999999999
NS,118643,2015-11-27,6:50 PM,Other (describe in narrative),0,SANDUSKY,OH,51.0,3,Dusk,Clear,Yard,Cut of cars,2,36000,0,36000,M407,41.290520000000001,-82.788126000000005
UP,0516HO005,2016-05-06,9:00 PM,Side collision,0,LA PORTE,TX,68.0,4,Dark,Cloudy,Yard,Freight Train,5,202350,0,317215,M409,29.685855,-95.039827000000002
ATK,165274,2020-09-01,8:45 AM,Hwy-rail crossing,0,RIDGELAND,SC,88.0,2,Day,Clear,Main,Passenger Train - Pulling,77,17802,0,17802,M302,32.435917000000003,-81.004971999999995
BNSF,HL0918128,2018-09-27,6:55 AM,Other impacts,0,MEMPHIS,TN,58.0,1,Dawn,Cloudy,Yard,Light loco(s),3,122500,0,122500,H022,35.021715,-89.892410999999996
BNSF,RD0317117,2017-03-22,4:00 PM,Derailment,0,GALVESTON,TX,80.0,2,Day,Clear,Yard,Yard/switching,7,39279,0,40279,H607,29.295399,-94.835864999999998
UP,1016FW003,2016-10-05,3:02 PM,Hwy-rail crossing,0,AUBREY,TX,90.0,2,Day,Clear,Main,Freight Train,30,14615,14563,29178,M303,33.341489000000003,-96.969481999999999
UP,0323GC031,2023-03-29,6:30 AM,Derailment,0,PORT ALLEN,LA,53.0,1,Dawn,Clear,Industry,Yard/switching,3,701269,72500,773769,S103,30.48518,-91.211774000000005
NJTR,201811517,2018-10-27,12:30 PM,Other impacts,0,KEARNY,NJ,50.0,2,Day,Clear,Yard,Cut of cars,0,13312,0,27343,H212,40.7438,-74.106333000000006
NS,145383,2022-05-27,5:45 PM,Other impacts,0,CONWAY,PA,72.0,3,Dusk,Clear,Yard,Single Car,3,250,213,81129,M411,40.672361000000002,-80.251825999999994
TIBR,160727001,2016-07-27,2:00 AM,Derailment,0,SILSBEE,TX,78.0,4,Dark,Clear,Yard,Yard/switching,4,22000,0,22000,H306,30.211442000000002,-94.112633000000002
NS,138782,2020-08-07,4:20 AM,Other impacts,0,CHATTANOOGA,TN,72.0,1,Dawn,Clear,Yard,Single Car,0,22453,0,46922,M411,35.049475000000001,-85.278327000000004
NS,151317,2022-10-30,1:45 AM,Other impacts,0,ALLENTOWN,PA,55.0,4,Dark,Clear,Yard,Single Car,3,1800,5992,40842,H312,40.611935000000003,-75.426704000000001
NS,151317,2022-10-30,1:45 AM,Other impacts,0,ALLENTOWN,PA,55.0,4,Dark,Clear,Yard,Single Car,0,13300,0,40842,H312,40.611935000000003,-75.426704000000001
NS,136248,2019-11-20,3:45 AM,Other (describe in narrative),0,WEST FAIRVIEW,PA,35.0,4,Dark,Clear,Yard,Freight Train,6,11195,1193,12388,H702,40.279806999999998,-76.922450999999995
ATK,171313,2022-07-14,8:40 AM,Derailment,0,PHILADELPHIA,PA,80.0,2,Day,Clear,Yard,Light loco(s),3,25000,0,25000,H799,39.956409999999998,-75.184349999999995
PDRR,20154,2015-11-13,1:10 PM,Derailment,0,BENNETTSVILLE,SC,70.0,2,Day,Clear,Main,Freight Train,10,300,10364,10664,T220,34.582565000000002,-79.750264999999999
NS,115206,2015-04-10,9:00 PM,Derailment,0,TRENTON,SC,70.0,4,Dark,Cloudy,Main,Freight Train,39,2253127,315222,2568349,M404,33.771357999999999,-81.839367999999993
FWWR,15111601,2015-11-16,12:20 PM,Derailment,0,DE LEON,TX,68.0,2,Day,Cloudy,Main,Freight Train,19,18000,27770,45770,T215,32.089849000000001,-98.493089999999995
IC,1138664,2023-09-07,2:40 PM,Other impacts,0,MEMPHIS,TN,78.0,2,Day,Clear,Yard,,0,0,0,32474,H302,35.063119,-90.049172999999996
NS,154547,2023-10-20,6:30 PM,Derailment,0,CONWAY,PA,55.0,3,Dusk,Cloudy,Yard,Work train,0,0,33646,33646,S011,40.672362,-80.251825999999994
BNSF,RD0717112,2017-07-16,3:44 AM,Derailment,0,SILSBEE,TX,78.0,4,Dark,Cloudy,Yard,Yard/switching,7,11916,0,11916,H318,30.351278000000001,-94.183443999999994
EEC,151,2015-10-23,5:00 PM,Other (describe in narrative),0,ERIE,PA,53.0,2,Day,Clear,Industry,Yard/switching,3,2000,15000,17000,H399,42.141889999999997,-80.031610000000001
BLF,20190250,2019-06-25,4:43 PM,Hwy-rail crossing,0,LANTANA,FL,95.0,2,Day,Clear,Main,Passenger Train - Pulling,76,15285,0,31675,M308,26.343518,-80.031334000000001
SEPA,SEPA070521,2021-07-05,1:04 AM,Derailment,0,WARMINSTER,PA,80.0,4,Dark,Clear,Main,EMU,10,19550,0,19550,H310,40.195180000000001,-75.089077000000003
NS,145515,2022-06-08,9:00 PM,Other (describe in narrative),0,PHILADELPHIA,TN,84.0,4,Dark,Cloudy,Main,Freight Train,18,275,20000,20275,M404,35.706156999999997,-84.372044000000002
CSX,000147962,2015-06-17,3:24 PM,Hwy-rail crossing,0,COLUMBIA,SC,100.0,2,Day,Clear,Main,Freight Train,41,14185,0,14185,M302,34.027588999999999,-81.117714000000007
NS,120560,2016-05-18,8:46 PM,Derailment,0,MONACA,PA,51.0,4,Dark,Cloudy,Yard,Yard/switching,5,4071,40500,45414,M405,40.692371000000001,-80.262046999999995
UP,1020PR022,2020-10-25,5:47 PM,Side collision,0,GURNEE,IL,42.0,2,Day,Cloudy,Industry,Cut of cars,0,15504,0,36634,M501,42.379325000000001,-87.896953999999994
ATK,157867,2019-03-02,3:28 PM,Fire/violent rupture,0,CROYDON,PA,37.0,2,Day,Cloudy,Main,,0,0,0,13000,E71L,40.093558999999999,-74.906799000000007
NS,118367,2015-11-25,11:22 AM,Derailment,0,HARRISBURG,PA,45.0,2,Day,Clear,Main,Freight Train,8,6250,81000,87250,H506,40.267775,-76.879717999999997
ATK,159053,2019-05-17,4:50 PM,Other (describe in narrative),0,CROYDON,PA,78.0,2,Day,Cloudy,Main,Passenger Train - Pulling,0,10633,2815,13448,E78L,40.092570000000002,-74.914120999999994
CSX,000145479,2015-04-27,6:50 PM,Derailment,0,FLORENCE,SC,70.0,2,Day,Clear,Yard,Yard/switching,6,46571,25857,72428,H702,34.199162000000001,-79.761381999999998
UP,0320PN017,2020-03-22,5:49 PM,Other impacts,0,HERMISTON,OR,64.0,2,Day,Clear,Yard,Yard/switching,2,37723,0,37823,H305,45.795518000000001,-119.257261
NS,113757,2015-01-09,10:20 PM,Derailment,0,CONWAY,PA,10.0,4,Dark,Clear,Yard,Yard/switching,3,8600,4040,12640,E04C,40.672361000000002,-80.251825999999994
NS,152398,2023-02-09,7:00 PM,Side collision,0,CREIGHTON,PA,68.0,3,Dusk,Cloudy,Yard,Light loco(s),3,60,0,104707,H302,40.592418000000002,-79.770673000000002
SEPA,Y227,2022-09-28,11:09 AM,Derailment,0,TRENTON,NJ,70.0,2,Day,Clear,Main,EMU,10,1500000,2234583,3734583,T222,40.216940000000001,-74.755829000000006
UP,0417HO009,2017-04-09,11:09 AM,Other impacts,0,HOUSTON,TX,75.0,2,Day,Cloudy,Yard,Yard/switching,4,287687,55258,418401,H307,29.810248999999999,-95.288652999999996
NS,141124,2021-04-04,10:30 AM,Derailment,0,PHILADELPHIA,PA,66.0,2,Day,Clear,Yard,,0,0,3646,13245,H702,40.009690999999997,-75.204296999999997