reportingrailroadcode,accidentnumber,date,time,accidenttype,hazmatreleasedcars,station,stateabbr,temperature,visibility_code,visibility,weathercondition,tracktype,equipmenttype,trainspeed,equipmentdamagecost,trackdamagecost,totaldamagecost,primaryaccidentcausecode,latitude,longitude
CSX,000194614,2020-12-22,11:00 AM,Derailment,0,FAIRFIELD,PA,41.0,2,Day,Cloudy,Main,Freight Train,2,543045,0,590552,H021,39.752257,-77.453422000000003
CSX,000179097,2018-10-02,9:50 AM,Rear end collision,0,CORNERSVILLE,TN,65.0,2,Day,Clear,Main,Freight Train,15,2158,0,51505,H994,35.331665000000001,-86.844092000000003
NS,136228,2019-11-18,10:20 AM,Other (describe in narrative),0,LEXINGTON,SC,52.0,2,Day,Cloudy,Yard,Freight Train,7,10114,600,10714,H702,33.934910000000002,-81.302758999999995
NS,140624,2021-02-16,1:25 PM,Other impacts,0,CONWAY,PA,25.0,2,Day,Snow,Yard,Single Car,0,3000,0,17736,M411,40.672361000000002,-80.251825999999994
NS,154045,2023-08-28,2:09 AM,Derailment,0,ALLENTOWN,PA,55.0,4,Dark,Clear,Yard,Light loco(s),5,19771,165,19936,H703,40.611935000000003,-75.426704000000001
KCS,15102502,2015-10-25,4:00 PM,Other impacts,0,PORT ARTHUR,TX,70.0,2,Day,Rain,Yard,Light loco(s),5,5000,0,25239,H702,29.857579999999999,-93.945125000000004
UP,0524PN022,2024-05-31,5:00 AM,Derailment,0,PORTLAND,OR,52.0,1,Dawn,Clear,Yard,Yard/switching,8,81823,71444,153267,H607,45.598261000000001,-122.729822
BNSF,NW0618114,2018-06-16,12:49 PM,Derailment,0,PORTLAND,OR,75.0,2,Day,Clear,Yard,Freight Train,7,9900,0,38635,H702,45.552225999999997,-122.69463
ATK,173196,2022-12-13,11:17 AM,Hwy-rail crossing,0,PORTLAND,OR,36.0,2,Day,Clear,Main,Passenger Train - Pushing,34,12430,0,12529,M308,45.512251999999997,-122.664888
CSX,000208409,2022-11-16,2:30 PM,Other impacts,0,SPARTANBURG,SC,53.0,2,Day,Clear,Main,Freight Train,0,2484,0,19984,H018,34.949145999999999,-81.936775999999995
UP,0616PR003,2016-06-04,8:00 PM,Fire/violent rupture,0,MELROSE PARK,IL,70.0,3,Dusk,Cloudy,Yard,Light loco(s),0,98319,0,98319,E74L,41.897163999999997,-87.89716
BNSF,HL0319109,2019-03-10,5:45 AM,Derailment,0,MEMPHIS,TN,53.0,1,Dawn,Clear,Yard,,0,0,4200,22690,E08C,35.093366000000003,-89.981714999999994
ATK,180148,2024-05-11,1:00 AM,Obstruction,0,BETHUNE,SC,0.0,4,Dark,Clear,Main,Passenger Train - Pulling,54,40160,0,40160,M404,34.428004999999999,-80.325027000000006
UP,1119PN019,2019-11-24,3:43 AM,Derailment,0,LA GRANDE,OR,37.0,4,Dark,Rain,Main,Freight Train,24,10512,56196,66708,E67C,45.350985999999999,-118.198609
UP,0717HO038,2017-07-21,10:00 PM,Obstruction,0,DAYTON,TX,85.0,4,Dark,Clear,Yard,Single Car,0,17720,0,17720,M404,30.004966,-94.904289000000006
NS,145891,2022-07-19,4:47 PM,Hwy-rail crossing,0,MOSHEIM,TN,88.0,3,Dusk,Clear,Main,Freight Train,34,1507,15000,16507,M303,36.18694,-82.959720000000004
RJCP,RJCP2002,2020-11-25,8:45 AM,Derailment,0,COMMODORE,PA,40.0,2,Day,Cloudy,Main,Freight Train,10,151000,95000,246000,T212,40.675004000000001,-78.962770000000006
UP,0619PN013,2019-06-14,10:20 AM,Other impacts,0,EUGENE,OR,62.0,2,Day,Clear,Yard,Yard/switching,4,565,37873,39484,H601,44.070830000000001,-123.130493
NS,142123,2021-07-07,11:10 AM,Derailment,0,WEST FAIRVIEW,PA,72.0,2,Day,Clear,Yard,Yard/switching,8,115054,3558,118612,E07C,40.279806999999998,-76.922450999999995
NS,128839,2018-03-14,11:57 AM,Hwy-rail crossing,0,SPRINGDALE,PA,30.0,2,Day,Clear,Main,Freight Train,30,5,26587,26592,M303,40.536304999999999,-79.783294999999995
BNSF,KS0515107,2015-05-14,8:00 PM,Derailment,0,LUBBOCK,TX,58.0,3,Dusk,Rain,Yard,Freight Train,8,110724,1650,112374,H307,33.567284999999998,-101.821343
CSX,000179321,2018-10-15,10:35 PM,Derailment,0,NASHVILLE,TN,51.0,4,Dark,Clear,Yard,Yard/switching,4,25301,12520,37821,E45C,36.112141999999999,-86.770736999999997
CSX,000190674,2020-06-06,9:15 PM,Derailment,0,CHATTANOOGA,TN,83.0,4,Dark,Clear,Main,Freight Train,18,167506,55323,222829,M405,34.985115,-85.406413999999998
NS,142825,2021-09-12,11:30 PM,Other impacts,0,CONWAY,PA,72.0,4,Dark,Clear,Yard,Cut of cars,0,10900,0,57438,H312,40.672361000000002,-80.251825999999994
NS,136225,2019-11-17,10:00 PM,Other (describe in narrative),0,WEST FAIRVIEW,PA,38.0,4,Dark,Clear,Yard,Light loco(s),5,210759,500,211259,H306,40.279806999999998,-76.922450999999995
NS,143888,2021-12-31,7:00 AM,Derailment,0,CHATTANOOGA,TN,68.0,1,Dawn,Cloudy,Yard,Light loco(s),5,39170,24520,63690,H017,35.082988999999998,-85.244258000000002
NS,154856,2023-11-22,10:00 PM,Side collision,0,CONWAY,PA,45.0,4,Dark,Clear,Yard,Cut of cars,6,25000,0,25000,H702,40.672362,-80.251825999999994
NJTR,202306221,2023-06-10,2:03 PM,Derailment,0,MORRISVILLE,PA,65.0,2,Day,Clear,Yard,Commuter Train - Pushing,5,25933,683,26616,H704,40.195374999999999,-74.789985999999999
BNSF,RD1119102,2019-11-01,12:05 PM,Derailment,0,MOORE,OK,65.0,2,Day,Clear,Yard,Yard/switching,4,36000,300,36300,H514,35.374327000000001,-97.483029999999999
NS,144180,2022-01-28,8:03 AM,Other (describe in narrative),0,MASCOT,TN,41.0,2,Day,Cloudy,Yard,Freight Train,5,792,11339,12131,H702,36.033043999999997,-83.817204000000004
BNSF,GC0216116,2016-02-29,11:30 AM,Other (describe in narrative),0,GOLDTHWAITE,TX,60.0,2,Day,Clear,Main,Maint./inspect Car,0,150000,0,190000,H402,31.471447000000001,-98.572867000000002
BNSF,HL0524115,2024-05-24,1:24 AM,Derailment,0,MEMPHIS,TN,73.0,4,Dark,Clear,Yard,Cut of cars,0,13733,0,14185,H306,35.036771000000002,-89.913781999999998
NS,117623,2015-10-04,11:05 AM,Derailment,0,READING,PA,54.0,2,Day,Clear,Yard,Freight Train,8,16100,3000,19100,H702,40.345781000000002,-75.923080999999996
CSX,000215024,2023-12-09,6:00 PM,Derailment,0,MADISON,TN,55.0,3,Dusk,Rain,Main,Freight Train,0,195059,0,195059,M102,36.276685999999998,-86.709129000000004
NS,131385,2018-10-20,11:55 AM,Other (describe in narrative),0,ELIZABETH,NJ,62.0,2,Day,Clear,Yard,Freight Train,8,5910,10802,23177,H306,40.661290999999999,-74.180401000000003
CSX,000203356,2022-03-01,7:45 AM,Derailment,0,NASHVILLE,TN,39.0,1,Dawn,Clear,Yard,Yard/switching,4,170340,50800,221140,H504,36.112136,-86.770713000000001
UP,0224HL005,2024-02-07,7:12 PM,Derailment,0,KANSAS CITY,KS,55.0,3,Dusk,Cloudy,Yard,Yard/switching,4,12373,5400,17773,E45C,39.096753999999997,-94.662272999999999
NS,118658,2015-12-22,11:45 AM,Derailment,0,FOUNTAIN HILL,PA,46.0,2,Day,Rain,Main,Yard/switching,4,24700,33500,58200,S011,40.611936999999998,-75.426702000000006
UP,1017HO034,2017-10-31,10:58 AM,Fire/violent rupture,0,OAKWOOD,TX,72.0,2,Day,Cloudy,Main,Freight Train,20,88649,9184,97833,M506,31.555655000000002,-95.876459999999994
NRTX,111017,2017-11-10,3:25 PM,Hwy-rail crossing,0,LEBANON,TN,70.0,2,Day,Clear,Main,Commuter Train - Pushing,36,12500,0,12500,M302,36.21895,-86.320030000000003
UP,0516HO026,2016-05-21,10:51 AM,Other (describe in narrative),0,HOUSTON,TX,72.0,2,Day,Cloudy,Yard,Single Car,0,13419,0,13419,M507,29.818455,-95.288968999999994
CSX,000191201,2020-07-04,7:00 AM,Other impacts,0,NASHVILLE,TN,76.0,1,Dawn,Clear,Yard,Single Car,7,11980,0,26042,M408,36.112141999999999,-86.770736999999997
UP,0417LK016,2017-04-18,11:44 AM,Derailment,0,MEMPHIS,TN,80.0,2,Day,Cloudy,Yard,Freight Train,6,477,0,11620,H524,35.072927999999997,-90.051755999999997
UP,0322PN009,2022-03-10,8:02 AM,Other impacts,0,PORTLAND,OR,32.0,2,Day,Cloudy,Yard,Yard/switching,6,6478,1400,24698,H306,45.555888000000003,-122.694496
NS,152713,2023-03-30,2:48 AM,Other (describe in narrative),0,READING,PA,40.0,4,Dark,Clear,Yard,Freight Train,9,29503,3238,32741,H307,40.345500999999999,-75.927458000000001
BNSF,RD0718131,2018-07-21,6:00 PM,Other (describe in narrative),0,HOUSTON,TX,90.0,3,Dusk,Clear,Main,Light loco(s),7,0,0,49150,H403,29.720661,-95.279983000000001
PICK,Z242,2021-01-27,1:30 PM,Derailment,0,BELTON,SC,61.0,2,Day,Clear,Yard,Freight Train,10,0,34050,34050,T221,34.520499999999998,-82.532799999999995
CSX,000177687,2018-07-19,10:05 AM,Derailment,0,NASHVILLE,TN,89.0,2,Day,Clear,Yard,Yard/switching,4,22795,7548,30343,H315,36.112141999999999,-86.770736999999997
BNSF,NW0322118,2022-03-30,2:36 PM,Derailment,0,KLAMATH FALLS,OR,55.0,2,Day,Clear,Yard,Yard/switching,7,12312,7704,20016,M409,42.191529000000003,-121.765231
NS,128906,2018-03-20,6:45 AM,Derailment,0,WEST FAIRVIEW,PA,28.0,1,Dawn,Cloudy,Yard,Light loco(s),7,19488,500,19988,H306,40.279806999999998,-76.922450999999995
BNSF,RD0117121,2017-01-28,10:55 AM,Derailment,0,TEMPLE,TX,55.0,2,Day,Clear,Yard,Yard/switching,4,52410,23000,75410,E30C,31.111363999999998,-97.349506000000005
BNSF,SF0116109,2016-01-19,1:15 PM,Derailment,0,MEMPHIS,TN,32.0,2,Day,Cloudy,Yard,Yard/switching,5,9386,1250,10636,S006,35.021932,-89.886369999999999
NS,155915,2024-03-02,7:11 AM,Rear end collision,0,MIDDLETOWN,PA,40.0,1,Dawn,Rain,Main,Freight Train,0,35000,0,2452654,H220,40.632286000000001,-75.305355000000006
UP,0616FW014,2016-06-16,10:26 AM,Fire/violent rupture,0,EASTLAND,TX,84.0,2,Day,Clear,Main,Freight Train,30,25714,0,25714,E73L,32.406675999999997,-98.821805999999995
CSX,000150399,2015-08-10,9:30 PM,Side collision,0,NASHVILLE,TN,87.0,4,Dark,Clear,Yard,Single Car,0,0,0,12458,M408,36.112147999999998,-86.770741000000001
UP,0416SA024,2016-04-25,12:30 AM,Obstruction,0,BRYAN,TX,60.0,4,Dark,Clear,Main,Freight Train,35,11655,0,11655,M403,30.662310999999999,-96.547073999999995
LC,20180604,2018-06-04,3:00 PM,Derailment,0,LANCASTER,SC,78.0,2,Day,Clear,Main,Freight Train,10,124988,17600,142588,E20C,34.71846,-80.820954999999998
CSX,000206788,2022-08-20,2:01 PM,Other impacts,0,CHATTANOOGA,TN,72.0,2,Day,Cloudy,Yard,Cut of cars,7,17000,0,17068,H318,35.012656999999997,-85.371486000000004
CSX,000211185,2023-05-04,12:30 AM,Derailment,0,NASHVILLE,TN,58.0,4,Dark,Clear,Yard,Single Car,3,500,1547,23389,M503,36.112157000000003,-86.770728000000005
NS,129346,2018-05-02,11:22 PM,Derailment,0,CRUM LYNNE,PA,62.0,4,Dark,Clear,Main,Freight Train,17,5231,0,2728864,E85C,39.860785,-75.338189
NS,140282,2021-01-17,12:05 AM,Side collision,0,CONWAY,PA,30.0,4,Dark,Snow,Yard,Cut of cars,0,49384,0,59532,E30C,40.672361000000002,-80.251825999999994
AWRR,160802001,2016-08-02,2:00 AM,Derailment,0,LIBERTY HILL,TX,80.0,4,Dark,Clear,Main,Freight Train,34,358423,21000,379423,T220,30.700555000000001,-97.958611000000005
SEPA,38738,2020-02-26,8:34 PM,Hwy-rail crossing,0,AMBLER,PA,46.0,4,Dark,Rain,Main,EMU,45,25000,0,25000,M302,40.159433,-75.231212999999997
NS,142011,2021-06-26,4:28 AM,Other (describe in narrative),0,CHATTANOOGA,TN,72.0,1,Dawn,Clear,Yard,Yard/switching,2,952,11113,12065,E04C,35.082988999999998,-85.244258000000002
NS,141539,2021-05-13,7:00 PM,Derailment,0,MAPLETON,PA,50.0,3,Dusk,Clear,Main,Freight Train,45,13844,2091,15935,H503,40.396318999999998,-77.942828000000006
UP,0923PN027,2023-09-23,5:25 AM,Other impacts,0,PORTLAND,OR,57.0,1,Dawn,Cloudy,Yard,Cut of cars,1,26856,0,27008,H021,45.553373000000001,-122.693198
UP,0122PN041,2022-01-28,5:25 PM,Derailment,0,BAKER,OR,26.0,2,Day,Clear,Siding,Freight Train,17,78026,103424,181450,E99C,44.714773000000001,-117.76196299999999
CRSH,117833,2015-10-18,12:00 AM,Raking collision,0,PHILADELPHIA,PA,36.0,4,Dark,Clear,Yard,Cut of cars,0,64703,1000,125377,H306,39.902887,-75.139810999999995
ATK,160174,2019-07-20,9:17 PM,Hwy-rail crossing,0,HARDEEVILLE,SC,78.0,4,Dark,Clear,Main,Passenger Train - Pulling,38,11398,0,11495,M301,32.259346999999998,-81.107491999999993
BNSF,GC0816200,2016-08-22,8:52 AM,Hwy-rail crossing,0,BANGS,TX,80.0,1,Dawn,Cloudy,Main,Maint./inspect Car,10,15000,0,15000,M302,31.715592999999998,-99.132731000000007
BNSF,HL0919107,2019-09-10,11:34 AM,Derailment,0,MEMPHIS,TN,85.0,2,Day,Cloudy,Yard,Yard/switching,10,20000,500,20500,H993,35.022345999999999,-89.886765999999994
RCPE,RCP109319S,2019-07-10,10:15 AM,Raking collision,0,VOLGA,SD,85.0,2,Day,Clear,Industry,Freight Train,7,79645,0,79645,H302,44.325156999999997,-96.905473999999998
CSX,000201050,2021-11-02,7:15 AM,Derailment,0,NASHVILLE,TN,58.0,1,Dawn,Cloudy,Yard,Cut of cars,0,5040,0,845367,M411,36.112141999999999,-86.770736999999997
UP,0519PN018,2019-05-18,7:01 PM,Derailment,0,PORTLAND,OR,73.0,3,Dusk,Rain,Yard,Yard/switching,4,8177,70050,78227,H702,45.544448000000003,-122.68387199999999
ARR,2015206,2015-09-12,8:00 AM,Hwy-rail crossing,0,ANCHORAGE,AK,42.0,2,Day,Cloudy,Main,Passenger Train - Pulling,2,31489,0,31489,M303,61.222755999999997,-149.888214
SWP,191114SWP,2019-11-14,12:55 PM,Derailment,0,SCOTTDALE,PA,0.0,2,Day,Clear,Siding,Single Car,0,40455,0,40455,M502,40.078690000000002,-79.602795999999998
NS,123949,2017-02-13,8:53 AM,Derailment,0,CONWAY,PA,32.0,2,Day,Cloudy,Yard,Yard/switching,4,33675,2564,36239,S006,40.672356000000001,-80.251823000000002
ATK,145293,2016-11-23,7:15 AM,Other (describe in narrative),0,RAHWAY,NJ,40.0,2,Day,Clear,Main,Passenger Train - Pulling,60,20000,1500,21500,E78L,40.621651,-74.260233999999997
URR,20240708,2024-07-08,10:20 AM,Derailment,0,BRADDOCK,PA,82.0,2,Day,Clear,Yard,Freight Train,2,30000,70500,100500,H503,40.387259999999998,-79.847547000000006
BNSF,TX1115108,2015-11-19,12:10 PM,Derailment,0,FORT WORTH,TX,64.0,2,Day,Clear,Yard,Yard/switching,3,18000,3000,21000,H607,32.812466999999998,-97.321205000000006
CSX,000151780,2015-09-06,10:08 AM,Side collision,0,ERWIN,TN,75.0,2,Day,Clear,Yard,Single Car,6,0,0,19015,T217,36.146937000000001,-82.416002000000006
UP,0217SA015,2017-02-20,12:30 AM,Derailment,0,THRALL,TX,58.0,4,Dark,Rain,Main,Freight Train,0,142879,1392,144271,M102,30.59327,-97.282895999999994
BNSF,HL1118105,2018-11-06,5:10 AM,Side collision,0,MEMPHIS,TN,55.0,1,Dawn,Clear,Yard,Yard/switching,1,9540,0,12040,H316,35.023032999999998,-89.887978000000004
CSX,000196995,2021-03-12,4:52 AM,Obstruction,0,WASHINGTON,MA,53.0,1,Dawn,Cloudy,Main,,0,0,0,21989,M404,42.372523999999999,-73.109928999999994
UP,1022PN014,2022-10-13,12:08 PM,Other impacts,0,PORTLAND,OR,61.0,2,Day,Clear,Yard,Single Car,0,2986,0,39659,H312,45.549951999999998,-122.690225
BNSF,GC0116109,2016-01-21,11:30 AM,Side collision,0,HOUSTON,TX,65.0,2,Day,Rain,Yard,Yard/switching,5,11018,0,11268,H318,29.701858000000001,-95.327702000000002
NS,135191,2019-08-22,2:35 AM,Hwy-rail crossing,0,SINKING SPRING,PA,71.0,4,Dark,Clear,Main,Freight Train,46,523,0,12823,M308,40.322867000000002,-76.051948999999993
NS,115345,2015-04-20,3:01 PM,Derailment,0,GREENCASTLE,PA,72.0,2,Day,Cloudy,Yard,Freight Train,4,41800,1870,43670,H702,39.794184000000001,-77.728122999999997
UP,0716LV011,2016-07-12,4:30 PM,Obstruction,0,LUFKIN,TX,95.0,2,Day,Cloudy,Main,Freight Train,4,0,37950,37950,M208,31.339099999999998,-94.730283
NS,133441,2019-04-02,9:05 AM,Other impacts,0,LEETSDALE,PA,35.0,2,Day,Cloudy,Main,Spec. MoW Equip.,3,7500,0,15000,H997,40.569214000000002,-80.215064999999996
NS,151533,2022-11-22,10:55 PM,Other (describe in narrative),0,CHATTANOOGA,TN,43.0,4,Dark,Clear,Yard,Light loco(s),5,14160,873,15033,H306,35.007198000000002,-85.375513999999995
NS,152959,2023-04-30,12:10 PM,Other impacts,0,CHATTANOOGA,TN,65.0,2,Day,Clear,Yard,Yard/switching,7,50547,0,106774,H706,35.072249999999997,-85.255534999999995
NS,121070,2016-06-29,10:15 PM,Hwy-rail crossing,0,SENECA,SC,80.0,4,Dark,Clear,Main,Freight Train,42,3642,10353,13995,M303,34.712691999999997,-82.917297000000005
UP,0516HO005,2016-05-06,9:00 PM,Side collision,0,LA PORTE,TX,68.0,4,Dark,Cloudy,Yard,Freight Train,5,92385,22480,317215,M409,29.685855,-95.039827000000002
LC,LC032023,2023-03-20,2:10 PM,Derailment,0,RICHBURG,SC,49.0,2,Day,Cloudy,Main,Freight Train,12,283076,192494,475570,T215,34.719019000000003,-81.044694000000007
UP,0816FW028,2016-08-29,4:30 AM,Other impacts,0,FORT WORTH,TX,74.0,4,Dark,Clear,Yard,Yard/switching,5,568,2035,40119,M407,32.723973000000001,-97.376630000000006
NJTR,201604199,2016-04-04,5:30 PM,Derailment,0,MORRISVILLE,PA,40.0,3,Dusk,Clear,Yard,Commuter Train - Pushing,3,8500,4895,13395,H704,40.195511000000003,-74.785443999999998
UP,0321GP036,2021-03-22,2:30 PM,Obstruction,0,NORTH PLATTE,NE,49.0,2,Day,Cloudy,Yard,Yard/switching,4,63354,399,64212,M411,41.150002000000001,-100.81497899999999
NS,142749,2021-09-03,12:40 PM,Other impacts,0,LEIPSIC,OH,72.0,2,Day,Clear,Industry,Cut of cars,4,10350,0,12100,H302,41.105119999999999,-83.967359999999999
SEPA,24218,2017-07-07,9:45 AM,Other impacts,0,ARDSLEY,PA,81.0,2,Day,Cloudy,Main,Passenger Train - Pulling,50,76528,0,76528,M402,40.108415999999998,-75.151916
URR,9104,2019-03-17,5:30 PM,Derailment,0,DUQUESNE,PA,42.0,2,Day,Clear,Main,Freight Train,9,9000,18800,27800,M405,40.386921999999998,-79.855151000000006
NJTR,201909530,2019-09-24,10:45 PM,Other impacts,0,MORRISVILLE,PA,65.0,4,Dark,Clear,Yard,EMU,3,16845,8020,84865,H020,40.194350999999997,-74.792629000000005
UP,0817HO038,2017-08-25,8:44 PM,Hwy-rail crossing,0,COLLEGE STATION,TX,80.0,4,Dark,Rain,Main,Freight Train,29,6773,96831,103604,M304,30.578579999999999,-96.319695999999993
BNSF,GC0216116,2016-02-29,11:30 AM,Other (describe in narrative),0,GOLDTHWAITE,TX,60.0,2,Day,Clear,Main,Maint./inspect Car,20,40000,0,190000,H402,31.471447000000001,-98.572867000000002
UP,1018PD025,2018-10-28,12:00 PM,Other impacts,0,STANFIELD,OR,45.0,2,Day,Cloudy,Yard,Single Car,0,12546,33,12579,M407,45.797466,-119.294488
NS,153916,2023-08-13,5:00 PM,Obstruction,0,CHEWALLA,TN,85.0,3,Dusk,Cloudy,Main,Freight Train,35,1355618,1594700,2950318,M199,35.046647999999998,-88.760473000000005
UP,0316LK015,2016-03-18,2:19 PM,Other (describe in narrative),0,LONGVIEW,TX,70.0,2,Day,Clear,Yard,Single Car,0,29712,0,29712,M201,32.495389000000003,-94.722932999999998
UP,0923PN024,2023-09-18,6:00 PM,Hwy-rail crossing,0,HALSEY,OR,67.0,3,Dusk,Cloudy,Main,,0,0,0,33670,M303,44.359807000000004,-123.108154
NS,145001,2022-04-18,4:10 AM,Side collision,0,CONWAY,PA,35.0,1,Dawn,Clear,Yard,Yard/switching,3,3626,0,22326,H307,40.672361000000002,-80.251825999999994
BNSF,HL0219114,2019-02-17,9:32 PM,Derailment,0,MEMPHIS,TN,38.0,4,Dark,Clear,Yard,Yard/switching,4,16715,215000,231715,M411,35.022852,-89.888869999999997
ATK,136161,2015-02-03,4:45 PM,Other (describe in narrative),0,DARBY,PA,22.0,2,Day,Clear,Main,Passenger Train - Pulling,110,9502,3968,13470,E77L,39.893554999999999,-75.296474000000003
BPRR,BPR648523R,2023-12-27,9:30 PM,Derailment,0,BUTLER,PA,45.0,4,Dark,Fog,Yard,Yard/switching,8,619962,0,740376,H704,40.891407999999998,-79.878018999999995
BNSF,KS1116204,2016-11-24,9:12 PM,Hwy-rail crossing,0,FRIONA,TX,45.0,4,Dark,Clear,Main,Freight Train,37,2500,16000,18500,M302,34.599387,-102.775851
CSX,000219542,2024-07-24,10:45 PM,Derailment,0,CHATTANOOGA,TN,79.0,4,Dark,Cloudy,Yard,Yard/switching,10,31176,3570,34746,E39C,35.012656999999997,-85.371486000000004
UP,1120GC016,2020-11-14,8:25 AM,Other impacts,0,MARINGOUIN,LA,60.0,2,Day,Clear,Yard,Single Car,2,38955,0,56506,H312,30.541589999999999,-91.566946999999999
NS,130467,2018-08-06,2:15 AM,Other impacts,0,CONWAY,PA,72.0,4,Dark,Clear,Yard,Freight Train,0,50,0,35557,H306,40.672356000000001,-80.251823000000002
CRSH,122194,2016-09-26,3:10 AM,Derailment,0,MORRISVILLE,PA,54.0,4,Dark,Clear,Yard,Yard/switching,5,16702,0,16702,H503,40.194038999999997,-74.805739000000003
RJCP,RJCP0002,2016-11-14,1:15 PM,Derailment,0,CLEARFIELD,PA,55.0,2,Day,Clear,Industry,Freight Train,7,11200,7500,18700,M507,41.002336,-78.397912000000005
LC,20230808,2023-08-08,8:15 AM,Side collision,0,KERSHAW,SC,79.0,2,Day,Clear,Industry,Freight Train,4,24000,8000,32000,H704,34.551820999999997,-80.581936999999996
BNSF,SW0217106,2017-02-13,2:30 AM,Derailment,0,BELEN,NM,37.0,4,Dark,Rain,Yard,Freight Train,5,4060,9000,13060,H607,34.637610000000002,-106.771838
UP,0416HO008,2016-04-06,3:30 AM,Derailment,0,HOUSTON,TX,68.0,4,Dark,Cloudy,Yard,Yard/switching,7,333367,201370,534737,E24C,29.809155000000001,-95.296045000000007
NS,146025,2022-07-30,9:40 AM,Derailment,0,WEST FAIRVIEW,PA,84.0,2,Day,Clear,Yard,Yard/switching,2,37761,0,37761,E4BC,40.279831999999999,-76.922471999999999
WTNN,515,2015-10-05,10:20 AM,Derailment,0,JACKSON,TN,86.0,2,Day,Clear,Main,Freight Train,20,120000,40000,160000,T212,35.745207999999998,-88.859570000000005
BNSF,PR1218101,2018-12-01,1:50 AM,Other (describe in narrative),0,PROVO,SD,28.0,4,Dark,Fog,Main,Freight Train,4,0,35192,35192,H705,43.152467000000001,-103.732313
SEPA,Y236,2022-12-21,1:45 PM,Hwy-rail crossing,0,LANSDOWNE,PA,40.0,2,Day,Clear,Main,EMU,40,35000,232054,267054,M303,39.938288,-75.265193999999994
CSX,000180293,2018-12-12,6:10 AM,Derailment,0,NASHVILLE,TN,29.0,4,Dark,Clear,Yard,Yard/switching,10,25010,20210,45220,S007,36.112141999999999,-86.770736999999997
CSX,000201287,2021-11-12,3:00 PM,Other impacts,0,PHILADELPHIA,PA,68.0,2,Day,Clear,Yard,Freight Train,0,36999,0,41389,H318,39.898302000000001,-75.167339999999996
UP,1016ES003,2016-10-07,8:57 AM,Obstruction,0,WEATHERFORD,TX,60.0,2,Day,Clear,Main,Spec. MoW Equip.,40,1020,0,20103,H402,32.776358999999999,-97.814672000000002
CSX,000204311,2022-04-15,12:00 PM,Obstruction,0,PHILADELPHIA,PA,70.0,2,Day,Clear,Industry,Freight Train,5,0,14550,14550,H307,39.898701000000003,-75.166960000000003
RCPE,RCP770015R,2015-07-08,1:00 PM,Derailment,0,ONIDA,SD,78.0,2,Day,Clear,Siding,Yard/switching,25,200000,0,200000,H022,44.707709999999999,-100.061735
CSX,000200470,2021-10-03,10:20 PM,Hwy-rail crossing,0,HANAHAN,SC,72.0,4,Dark,Cloudy,Main,,0,0,4199,27280,M302,32.975464000000002,-80.040751
NS,137847,2020-04-30,11:19 AM,Other impacts,0,WEST FAIRVIEW,PA,61.0,2,Day,Rain,Yard,Yard/switching,5,8000,1516,13516,M407,40.279806999999998,-76.922450999999995
ATK,159984,2019-07-10,11:00 AM,Derailment,0,PHILADELPHIA,PA,85.0,2,Day,Clear,Yard,Yard/switching,5,37600,50000,87600,M201,39.962305999999998,-75.183576000000002
BNSF,HL1217121,2017-12-27,4:30 PM,Derailment,0,ASHLAND,NE,6.0,2,Day,Clear,Main,Freight Train,51,4000,181321,185321,E61C,41.047769000000002,-96.336000999999996
NS,155541,2024-01-24,1:20 PM,Other impacts,0,ALLENTOWN,PA,37.0,2,Day,Cloudy,Yard,Single Car,0,700,0,25700,H312,40.601252000000002,-75.441087999999993
BNSF,HL0722109,2022-07-16,2:00 PM,Derailment,0,MEMPHIS,TN,100.0,2,Day,Clear,Yard,Yard/switching,4,27745,6900,34645,H503,35.026339,-89.893168000000003
NS,141451,2021-05-05,10:39 AM,Derailment,0,CHATTANOOGA,TN,72.0,2,Day,Clear,Yard,Freight Train,6,153064,64219,217283,T213,35.071562999999998,-85.215220000000002
NS,124279,2017-03-12,10:30 AM,Other impacts,0,CONWAY,PA,23.0,2,Day,Clear,Yard,Yard/switching,5,35000,0,35000,M206,40.672356000000001,-80.251823000000002
NS,124554,2017-04-01,3:53 AM,Rear end collision,0,DEPAUW,IN,42.0,4,Dark,Cloudy,Main,Freight Train,11,30,7943,67973,H222,38.336354999999998,-86.243071999999998
SEPA,17429,2015-02-07,11:01 AM,Fire/violent rupture,0,VILLANOVA,PA,35.0,2,Day,Cloudy,Main,Passenger Train - Pulling,0,14319,0,14319,E74L,40.038366000000003,-75.341126000000003
PR,2023120206,2023-12-15,9:00 PM,Derailment,0,NORTH CHARLESTON,SC,48.0,4,Dark,Clear,Yard,Freight Train,4,10500,500,11000,H306,32.904429999999998,-79.967600000000004
UP,0117LK027,2017-01-23,6:30 AM,Fire/violent rupture,0,JEFFERSON,TX,50.0,4,Dark,Clear,Main,Freight Train,30,26786,0,26786,E72L,32.859571000000003,-94.284037999999995
NS,120304,2016-04-29,12:54 AM,Derailment,0,FOUNTAIN HILL,PA,46.0,4,Dark,Clear,Yard,Yard/switching,1,47850,2000,49850,E85C,40.611936999999998,-75.426702000000006