reportingrailroadcode,accidentnumber,date,time,accidenttype,hazmatreleasedcars,station,stateabbr,temperature,visibility_code,visibility,weathercondition,tracktype,equipmenttype,trainspeed,equipmentdamagecost,trackdamagecost,totaldamagecost,primaryaccidentcausecode,latitude,longitude
CSX,000163387,2016-10-05,6:07 PM,Derailment,0,CHATTANOOGA,TN,85.0,3,Dusk,Clear,Yard,Cut of cars,0,6100,0,143825,H518,35.012658000000002,-85.371482999999998
NS,121102,2016-07-04,2:00 PM,Derailment,0,HIXSON,TN,93.0,2,Day,Clear,Yard,Yard/switching,4,729,9804,10533,M411,35.090919,-85.238234000000006
ATK,162589,2019-12-31,11:31 PM,Hwy-rail crossing,0,ARCADIA,SC,42.0,4,Dark,Clear,Main,Passenger Train - Pulling,57,22239,0,22239,M303,34.961174,-81.983647000000005
BNSF,TC0715116,2015-07-24,10:00 AM,Derailment,0,ABERDEEN,SD,80.0,2,Day,Clear,Yard,Yard/switching,7,15852,800,16652,E64C,45.465752999999999,-98.489157000000006
CSX,000150388,2015-08-10,3:00 PM,Raking collision,0,NASHVILLE,TN,87.0,2,Day,Clear,Yard,Cut of cars,0,48548,0,61048,E06C,36.092170000000003,-86.760616999999996
NS,126532,2017-09-06,8:25 PM,Derailment,0,OBERLIN,PA,60.0,4,Dark,Rain,Yard,Yard/switching,7,12227,585,12812,H702,40.256385999999999,-76.802177999999998
NS,121777,2016-08-21,10:46 PM,Derailment,0,SHEPHERD,TN,80.0,4,Dark,Clear,Yard,Yard/switching,10,6466,6767,13233,M408,35.085648999999997,-85.225965000000002
ATK,160023,2019-07-12,8:12 AM,Derailment,0,ODENTON,MD,75.0,2,Day,Clear,Main,Work train,2,64700,0,64700,M299,38.901479999999999,-77.004577999999995
PTRA,2016000017,2016-05-21,3:00 AM,Derailment,0,HOUSTON,TX,73.0,4,Dark,Clear,Yard,Freight Train,15,20000,0,20000,H318,29.711586,-95.250204999999994
UP,0920HL026,2020-09-28,12:39 PM,Hwy-rail crossing,0,TIPTON,MO,61.0,2,Day,Clear,Main,Freight Train,40,11353,750,12103,M302,38.663055999999997,-92.815786000000003
NS,121260,2016-07-14,8:18 AM,Hwy-rail crossing,0,CHATTANOOGA,TN,80.0,2,Day,Clear,Main,Freight Train,40,1656996,432023,2089019,M304,35.008119999999998,-85.374669999999995
NS,143101,2021-10-08,8:20 PM,Side collision,0,CHATTANOOGA,TN,69.0,4,Dark,Cloudy,Yard,Yard/switching,3,23201,0,63982,H706,35.072248999999999,-85.255533999999997
NS,156049,2024-03-14,11:55 PM,Other (describe in narrative),0,ROSSVILLE,TN,66.0,4,Dark,Rain,Yard,Light loco(s),2,3,14729,14732,H702,35.048717000000003,-89.545090000000002
CSX,000163387,2016-10-05,6:07 PM,Derailment,0,CHATTANOOGA,TN,85.0,3,Dusk,Clear,Yard,Freight Train,5,97482,0,143825,H518,35.012658000000002,-85.371482999999998
UP,1123PN001,2023-11-05,5:54 AM,Derailment,0,PORTLAND,OR,52.0,1,Dawn,Cloudy,Yard,Freight Train,6,29887,600,30487,H503,45.542876999999997,-122.68410900000001
NS,153552,2023-07-07,6:20 PM,Hwy-rail crossing,0,MEMPHIS,TN,80.0,3,Dusk,Clear,Main,Freight Train,26,0,20000,20000,M303,35.11551,-89.909508000000002
CSX,000173700,2017-12-29,11:00 PM,Side collision,0,FLORENCE,SC,35.0,4,Dark,Cloudy,Yard,Yard/switching,5,1500,114,11780,H021,34.198275000000002,-79.762501999999998
ARR,2015126,2015-07-03,7:55 AM,Other (describe in narrative),0,ANCHORAGE,AK,0.0,1,Dawn,Clear,Yard,Light loco(s),20,187943,687,188630,H017,61.222755999999997,-149.888214
CSX,000191677,2020-07-28,3:26 PM,Other impacts,0,NORTH CHARLESTON,SC,92.0,2,Day,Clear,Yard,Yard/switching,10,9892,0,55606,H993,32.857559999999999,-79.989058
PTRA,2018000030,2018-07-21,6:00 PM,Other (describe in narrative),0,HOUSTON,TX,90.0,2,Day,Clear,Main,,0,0,500,49150,H403,29.719450999999999,-95.274764000000005
UP,0317HO054,2017-03-23,1:30 AM,Derailment,0,HOUSTON,TX,68.0,4,Dark,Clear,Yard,Yard/switching,4,24512,16851,41363,M404,29.822151999999999,-95.288923999999994
CRSH,141129,2021-04-04,10:30 AM,Derailment,0,PHILADELPHIA,PA,66.0,2,Day,Clear,Main,Freight Train,3,9599,0,13245,H702,40.009690999999997,-75.204296999999997
ATK,147361,2017-05-05,3:00 AM,Obstruction,0,SENECA,SC,58.0,4,Dark,Clear,Main,Passenger Train - Pulling,57,65362,0,65362,M404,34.677692999999998,-83.022531999999998
UP,0319PN026,2019-03-29,8:08 PM,Obstruction,0,PORTLAND,OR,59.0,4,Dark,Cloudy,Main,Freight Train,5,0,48800,48800,M402,45.540154000000001,-122.67796199999999
NS,139995,2020-12-12,6:10 PM,Derailment,0,WEST FAIRVIEW,PA,42.0,3,Dusk,Clear,Main,Freight Train,6,68914,281,69195,H503,40.279806999999998,-76.922450999999995
UP,0923MA010,2023-09-07,2:40 PM,Other impacts,0,MEMPHIS,TN,83.0,2,Day,Clear,Yard,Freight Train,3,14023,0,32474,H302,35.063119,-90.049172999999996
MNCW,73705,2020-12-04,11:45 AM,Other impacts,0,CROTON ON HUDSON,NY,45.0,2,Day,Cloudy,Yard,EMU,0,24969,0,49938,H399,41.195397999999997,-73.885921999999994
BNSF,RD0518105,2018-05-05,2:05 AM,Side collision,0,TULSA,OK,60.0,4,Dark,Clear,Yard,Yard/switching,7,550,0,15148,H607,36.131531000000003,-96.010114999999999
IC,991030,2019-03-13,6:40 PM,Other impacts,0,MEMPHIS,TN,73.0,3,Dusk,Cloudy,Yard,Yard/switching,4,45000,1500,46500,H702,35.083160999999997,-89.988861
BNSF,TC1218205,2018-12-28,5:55 PM,Hwy-rail crossing,0,ANOKA,MN,9.0,3,Dusk,Cloudy,Main,,0,0,8614,18614,M302,45.186968999999998,-93.345449000000002
WE,CA22002,2022-06-27,3:00 PM,RR grade crossing,0,CARROLLTON,OH,80.0,2,Day,Clear,Main,Freight Train,10,169531,16139,185670,M304,40.618188000000004,-81.090543999999994
CSX,000208972,2022-12-26,3:40 AM,Derailment,0,GALLATIN,TN,12.0,4,Dark,Cloudy,Main,Freight Train,25,93047,10738,103785,M404,36.475574999999999,-86.467636999999996
CSX,000149531,2015-07-22,6:27 AM,Hwy-rail crossing,0,EAST RIDGE,TN,78.0,1,Dawn,Clear,Main,Freight Train,33,1318,18100,19418,M399,35.002780999999999,-85.181763000000004
NS,121275,2016-07-15,9:15 AM,Derailment,0,CONWAY,PA,85.0,2,Day,Clear,Yard,Light loco(s),4,11675,8495,20170,H306,40.672356000000001,-80.251823000000002
CSX,000154107,2015-11-09,6:19 AM,Hwy-rail crossing,0,CASSATT,SC,48.0,1,Dawn,Rain,Main,,0,0,0,34615,M302,34.370967,-80.427058000000002
NS,127115,2017-10-21,10:08 PM,Derailment,0,KNOXVILLE,TN,57.0,4,Dark,Clear,Main,Freight Train,28,657860,378106,1035966,H519,36.011152000000003,-83.962674000000007
UP,0516WH009,2016-05-24,10:05 AM,Obstruction,0,MULDROW,OK,68.0,2,Day,Cloudy,Main,Maint./inspect Car,15,45250,0,45250,H995,35.417727999999997,-94.668762000000001
UP,0316HO010,2016-03-08,9:00 PM,Hwy-rail crossing,0,DAYTON,TX,60.0,4,Dark,Rain,Main,Freight Train,28,271,18920,19191,M308,30.040348000000002,-94.897717999999998
CSX,000181853,2019-03-16,3:48 AM,Derailment,0,NASHVILLE,TN,34.0,4,Dark,Clear,Yard,Freight Train,4,87934,19000,106934,E31C,36.112141999999999,-86.770736999999997
MCRL,MC220112B,2022-01-12,12:15 PM,Derailment,0,ROCHESTER,MA,13.0,2,Day,Cloudy,Yard,Yard/switching,4,55463,0,55463,M501,41.798679999999997,-70.784374999999997
NS,139730,2020-11-13,10:35 AM,Hwy-rail crossing,0,CLINTON,TN,72.0,2,Day,Clear,Main,Freight Train,19,1016,20000,21016,M303,36.099896999999999,-84.141818000000001
CSX,000195035,2021-01-17,4:19 AM,Other impacts,0,FLORENCE,SC,28.0,1,Dawn,Clear,Yard,Cut of cars,5,73643,0,81971,H601,34.197231000000002,-79.763242000000005
NS,134437,2019-06-21,2:51 PM,Hwy-rail crossing,0,HUMMELSTOWN,PA,75.0,2,Day,Clear,Main,Freight Train,45,169,11077,11246,M302,40.267322,-76.724763999999993
CSX,000194687,2020-12-27,8:21 PM,Derailment,0,NORTH CHARLESTON,SC,41.0,4,Dark,Clear,Yard,Freight Train,8,9450,2449,11899,H505,32.889353999999997,-79.980003999999994
BNSF,TX1115104,2015-11-14,7:20 AM,Derailment,0,SAGINAW,TX,55.0,1,Dawn,Clear,Industry,Yard/switching,4,13599,2500,16099,H307,32.873027,-97.365620000000007
BNSF,TC0915202,2015-09-30,9:50 AM,Hwy-rail crossing,0,ELK POINT,SD,70.0,2,Day,Clear,Main,,0,0,0,59000,M302,42.649462999999997,-96.625499000000005
UP,0816SA006,2016-08-03,5:00 AM,Derailment,0,EAGLE PASS,TX,85.0,4,Dark,Clear,Yard,Freight Train,6,5342,121488,126830,T212,28.697257,-100.50156699999999
SCRF,SCR752721,2021-03-22,11:22 AM,Hwy-rail crossing,0,DARLINGTON,SC,65.0,2,Day,Clear,Industry,Freight Train,10,152500,15000,167500,M308,34.268979000000002,-79.817115999999999
NS,114129,2015-02-02,1:44 AM,Derailment,0,WEST FAIRVIEW,PA,30.0,4,Dark,Sleet,Yard,Freight Train,3,4800,0,82713,H306,40.279833000000004,-76.922471000000002
UP,1120HL015,2020-11-26,10:38 PM,Hwy-rail crossing,0,KANSAS CITY,MO,43.0,4,Dark,Clear,Main,Freight Train,36,500,18197,18697,M303,38.940249999999999,-94.567563000000007
SEPA,SEPA012024,2024-01-20,12:42 AM,Head on collision,0,FEASTERVILLE,PA,20.0,4,Dark,Snow,Main,EMU,68,75000,20291,95291,M402,40.143709000000001,-74.973410999999999
ATK,170671,2022-05-21,5:45 AM,Obstruction,0,ULMER,SC,77.0,4,Dark,Rain,Main,Passenger Train - Pulling,68,11588,0,11588,M404,33.072761999999997,-81.213829000000004
UP,0723GP031,2023-07-22,3:23 AM,Derailment,0,NORTH PLATTE,NE,66.0,4,Dark,Clear,Yard,Yard/switching,4,30537,10522,41059,H607,41.147697000000001,-100.834695
UP,0618PD019,2018-06-16,12:49 PM,Derailment,0,PORTLAND,OR,75.0,2,Day,Clear,Yard,,0,0,28735,38635,H702,45.552225999999997,-122.69463
BNSF,CH1018113,2018-10-19,4:00 PM,Obstruction,0,CARROLLTON,MO,67.0,2,Day,Clear,Main,Spec. MoW Equip.,1,30000,0,60000,H997,39.351888000000002,-93.490654000000006
UP,0320PN017,2020-03-22,5:49 PM,Other impacts,0,HERMISTON,OR,64.0,2,Day,Clear,Yard,Single Car,1,100,0,37823,H305,45.795518000000001,-119.257261
UP,0216ST007,2016-02-15,5:31 PM,Side collision,0,EL PASO,TX,75.0,3,Dusk,Clear,Yard,Yard/switching,4,18592,99,67493,H306,31.747857,-106.381681
DGNO,DGN370017R,2017-07-18,11:50 PM,Derailment,0,IRVING,TX,83.0,4,Dark,Clear,Main,Freight Train,1,10000,0,33457,M405,32.816882999999997,-96.945886000000002
UP,0817HO029,2017-08-17,3:38 AM,Other impacts,0,HOUSTON,TX,85.0,4,Dark,Cloudy,Yard,Single Car,0,67827,66,68980,S007,29.795490999999998,-95.295204999999996
NS,151852,2022-12-27,3:15 AM,Side collision,0,COLUMBIA,SC,51.0,4,Dark,Clear,Yard,Freight Train,6,14230,0,14230,H302,33.985295999999998,-81.039107000000001
NS,152053,2023-01-18,3:45 AM,Derailment,0,HAZELTON,PA,41.0,4,Dark,Cloudy,Yard,,0,0,27769,37415,T221,40.931212000000002,-76.002742999999995
UP,0616SA006,2016-06-05,10:00 PM,Other (describe in narrative),0,SAN ANTONIO,TX,75.0,4,Dark,Clear,Yard,Yard/switching,7,0,14196,14196,H706,29.359279000000001,-98.571291000000002
CRSH,117833,2015-10-18,12:00 AM,Raking collision,0,PHILADELPHIA,PA,36.0,4,Dark,Clear,Yard,Freight Train,4,30702,0,125377,H306,39.902887,-75.139810999999995
UP,1217HO009,2017-12-11,3:10 AM,Derailment,0,HOUSTON,TX,46.0,4,Dark,Clear,Yard,Yard/switching,0,13586,0,25145,S007,29.795598999999999,-95.295249999999996
NS,152661,2023-03-25,6:30 AM,Derailment,0,CONWAY,PA,40.0,1,Dawn,Rain,Yard,Light loco(s),1,80703,450,81153,H017,40.672362,-80.251825999999994
CSX,000214560,2023-11-19,12:20 PM,Other impacts,0,CHATTANOOGA,TN,70.0,2,Day,Clear,Yard,Cut of cars,4,15433,0,25886,H318,35.012656999999997,-85.371486000000004
NS,132820,2019-02-12,3:20 PM,Other (describe in narrative),0,WEST FAIRVIEW,PA,30.0,2,Day,Sleet,Yard,Yard/switching,4,2256,16182,18438,H702,40.279806999999998,-76.922450999999995
MRL,2016118,2016-09-20,2:30 PM,Other impacts,0,BOZEMAN,MT,65.0,2,Day,Cloudy,Yard,Yard/switching,10,16700,0,16700,H318,45.687851999999999,-111.02535
UP,0517HO033,2017-05-18,9:42 PM,Derailment,0,BLOOMINGTON,TX,80.0,4,Dark,Clear,Main,Freight Train,5,54629,109740,164369,S011,28.647002000000001,-96.892392999999998
BNSF,RD0722116,2022-07-19,12:24 PM,Derailment,0,TULSA,OK,110.0,2,Day,Clear,Yard,Freight Train,10,20000,40000,60000,E03C,36.133364,-96.009219999999999
URR,21112,2021-09-21,10:15 AM,Derailment,0,CLAIRTON,PA,74.0,2,Day,Cloudy,Yard,Yard/switching,5,64370,50000,114370,E65C,40.296917000000001,-79.868699000000007
UP,0517FW020,2017-05-17,4:44 PM,Other impacts,0,ARLINGTON,TX,90.0,2,Day,Clear,Yard,Yard/switching,4,6544,5773,29560,H307,32.742570999999998,-97.065960000000004
ATK,169218,2021-12-06,8:59 AM,Obstruction,0,PHILADELPHIA,PA,54.0,2,Day,Clear,Main,Passenger Train - Pulling,109,32062,0,32062,M404,40.023845000000001,-75.038212000000001
NS,153185,2023-05-26,1:00 PM,Other (describe in narrative),0,SAVANNAH,GA,65.0,2,Day,Cloudy,Yard,Single Car,0,51493,1524,53017,H995,32.080316000000003,-81.115314999999995
UP,0918LV016,2018-09-23,6:20 PM,Derailment,0,ALEXANDRIA,LA,90.0,3,Dusk,Clear,Yard,Yard/switching,10,30069,1576,31645,E67C,31.262416000000002,-92.437922999999998
ESPN,ESPN1801,2018-03-02,12:42 PM,Derailment,0,OXFORD,PA,30.0,2,Day,Snow,Main,Freight Train,9,80000,50000,130000,M105,39.798267000000003,-75.940985999999995
NS,120241,2016-04-23,6:30 AM,Other impacts,0,WEST FAIRVIEW,PA,60.0,1,Dawn,Cloudy,Yard,Light loco(s),2,34863,100,34963,H702,40.279806999999998,-76.922450999999995
ATK,136922,2015-04-02,6:31 PM,Other (describe in narrative),0,PHILADELPHIA,PA,61.0,2,Day,Clear,Main,Passenger Train - Pulling,35,15611,60,15671,E78L,40.004640000000002,-75.089535999999995
CSX,000181608,2019-02-27,5:29 PM,Derailment,0,CLARKS HILL,SC,61.0,3,Dusk,Clear,Main,Freight Train,9,21480,525,22005,E22C,33.663257999999999,-82.168188999999998
URR,21117,2021-11-18,5:29 PM,Derailment,0,WEST MIFFLIN,PA,44.0,4,Dark,Cloudy,Industry,Yard/switching,7,11629,6500,18129,H503,40.337724000000001,-79.899524
UP,0217FW047,2017-02-16,2:35 PM,Other impacts,0,FORT WORTH,TX,68.0,2,Day,Clear,Yard,Single Car,10,9301,0,41001,M407,32.728093000000001,-97.366263000000004
BNSF,HL0523104,2023-05-14,1:00 AM,Other (describe in narrative),0,MEMPHIS,TN,67.0,4,Dark,Clear,Yard,Yard/switching,3,1700,0,13391,H310,35.022737999999997,-89.888248000000004
CSX,000169340,2016-11-10,12:29 PM,Fire/violent rupture,0,VARNVILLE,SC,67.0,2,Day,Clear,Industry,Freight Train,40,100000,0,100000,M599,32.830846999999999,-81.052334999999999
NS,131680,2018-11-14,8:00 AM,Derailment,0,ALTOONA,PA,28.0,2,Day,Clear,Main,Freight Train,20,10098,9241,19339,E67C,40.542028000000002,-78.375783999999996
IC,944557,2017-12-16,3:15 AM,Derailment,0,MEMPHIS,TN,25.0,4,Dark,Clear,Yard,Yard/switching,13,35000,4475,39475,H503,35.072169000000002,-90.070573999999993
BNSF,PR1117110,2017-11-25,3:52 AM,Derailment,0,MCCOOK,NE,36.0,4,Dark,Cloudy,Yard,Freight Train,4,500,14600,15100,H307,40.197384999999997,-100.630759
BNSF,TC0620107,2020-06-30,10:37 AM,Rear end collision,0,HAWLEY,MN,80.0,2,Day,Clear,Main,Spec. MoW Equip.,0,450000,0,680000,H402,46.902970000000003,-96.216583
BNSF,TX0516103,2016-05-14,3:00 AM,Derailment,0,FORT WORTH,TX,72.0,4,Dark,Cloudy,Yard,Yard/switching,6,40133,289215,329348,H607,32.819819000000003,-97.327087000000006
IC,1108639,2022-07-17,8:40 AM,Side collision,0,MEMPHIS,TN,80.0,2,Day,Clear,Yard,Yard/switching,2,21000,0,21000,H318,35.068607999999998,-90.089178000000004
CSX,000141548,2015-02-14,8:15 PM,Hwy-rail crossing,0,HOMESTEAD,PA,0.0,4,Dark,Snow,Main,Freight Train,36,6192,6788,12980,M306,40.409602,-79.910240999999999
CSX,000140155,2015-01-16,2:43 AM,Other impacts,0,NASHVILLE,TN,30.0,4,Dark,Clear,Yard,Cut of cars,0,0,0,15100,M407,36.169386000000003,-86.785302000000001
NS,115966,2015-06-05,1:00 PM,Other impacts,0,MARCUS HOOK,PA,73.0,2,Day,Clear,Yard,Freight Train,2,29100,100,29200,H312,39.827821999999998,-75.405681999999999
NS,122815,2016-11-18,9:09 PM,Other (describe in narrative),0,EHRENFELD,PA,45.0,4,Dark,Clear,Yard,Light loco(s),0,70000,0,70000,E74L,40.369466000000003,-78.780890999999997
NS,117126,2015-08-25,11:40 PM,Other impacts,0,WEST FAIRVIEW,PA,72.0,4,Dark,Clear,Yard,Yard/switching,1,32073,0,32073,E08C,40.279833000000004,-76.922471000000002
MNA,MNA705315D,2015-03-06,9:58 AM,Derailment,0,BRANSON,MO,45.0,2,Day,Clear,Main,Freight Train,10,15000,4737,19737,M204,36.640717000000002,-93.214187999999993
ATK,172257,2022-07-05,4:30 PM,Other (describe in narrative),0,VILLANOVA,PA,85.0,2,Day,Clear,Main,,0,0,7682,23119,M599,40.038772999999999,-75.342488000000003
NS,122997,2016-12-04,3:02 PM,Derailment,0,PEAK,SC,51.0,2,Day,Rain,Main,Freight Train,33,415134,291920,707054,H704,34.250950000000003,-81.323188999999999
IC,1091513,2022-01-01,6:01 PM,Derailment,0,MEMPHIS,TN,58.0,4,Dark,Rain,Yard,Yard/switching,0,163512,9641,182153,H316,35.066958999999997,-90.097156999999996
UP,0816HO038,2016-08-14,5:45 PM,Other (describe in narrative),0,HOUSTON,TX,90.0,2,Day,Clear,Main,,0,0,3664,26764,E79L,29.737145999999999,-95.313252000000006
SEPA,HAZ3840,2018-02-02,10:15 PM,Other impacts,0,PHILADELPHIA,PA,21.0,4,Dark,Clear,Yard,EMU,2,0,35075,35075,H307,40.019936000000001,-75.163121000000004
UP,1017FW014,2017-10-14,12:35 PM,Derailment,0,BIG SPRING,TX,75.0,2,Day,Clear,Main,Yard/switching,7,51932,1297,53229,H508,32.250225,-101.52719
CSX,000161793,2016-08-02,7:21 PM,Derailment,0,WYOMING,MI,83.0,2,Day,Clear,Yard,Yard/switching,4,12414,3975,16389,H702,42.952672999999997,-85.684184000000002
CSX,000159599,2016-05-08,2:30 AM,Derailment,0,CINCINNATI,OH,56.0,4,Dark,Cloudy,Yard,Cut of cars,4,18820,500,19320,M411,39.104289000000001,-84.538797000000002
NS,132549,2019-01-19,11:00 AM,Derailment,0,SPARTANBURG,SC,42.0,2,Day,Cloudy,Industry,Freight Train,4,14642,0,14642,H018,34.951694000000003,-81.944102999999998
ATK,173434,2023-01-16,9:39 AM,Derailment,0,NEW YORK,NY,41.0,2,Day,Clear,Yard,Yard/switching,7,10763,4182,14945,H607,40.450001999999998,-73.550081000000006
ATK,139007,2015-08-15,11:47 AM,Other (describe in narrative),0,BRISTOL,PA,90.0,2,Day,Clear,Main,Passenger Train - Pulling,70,20000,1800,21800,E75L,40.100709000000002,-74.863478999999998
NS,155541,2024-01-24,1:20 PM,Other impacts,0,ALLENTOWN,PA,37.0,2,Day,Cloudy,Yard,Single Car,4,25000,0,25700,H312,40.601252000000002,-75.441087999999993
BNSF,TC1015100,2015-10-01,12:50 PM,Derailment,0,JEFFERSON,SD,60.0,2,Day,Clear,Main,,0,0,45021,53759,E53C,42.603057999999997,-96.560941999999997
NS,125510,2017-06-20,2:00 PM,Derailment,0,FOUNTAIN HILL,PA,80.0,2,Day,Clear,Yard,Yard/switching,4,26894,1873,28767,H306,40.611930000000001,-75.426705999999996
ATK,140625,2016-01-01,1:38 PM,Other (describe in narrative),0,CORNWELLS HEIGHTS,PA,40.0,2,Day,Cloudy,Main,Passenger Train - Pulling,0,10000,1000,11000,E78L,40.093376999999997,-74.907995
NERR,NERR2205,2022-03-21,12:40 PM,Derailment,0,MOUNT JULIET,TN,70.0,2,Day,Clear,Main,Freight Train,0,75000,0,75000,M201,36.201680000000003,-86.566119999999998
KCS,19121503,2019-12-15,9:21 PM,Derailment,0,GRANDVIEW,MO,26.0,4,Dark,Snow,Yard,Freight Train,6,17666,94,17760,H703,38.863446000000003,-94.558310000000006
NERR,11102017,2017-11-10,3:25 PM,Hwy-rail crossing,0,LEBANON,TN,70.0,2,Day,Clear,Main,,0,0,0,12500,M302,36.21895,-86.320030000000003
ATK,146911,2017-03-16,10:17 AM,Other (describe in narrative),0,NEWARK,NJ,30.0,2,Day,Cloudy,Main,,0,0,0,12980,H599,40.711868000000003,-74.189464000000001
NS,136048,2019-11-02,1:00 AM,Other impacts,0,CONWAY,PA,30.0,4,Dark,Clear,Yard,Cut of cars,4,5000,2074,17374,H309,40.666555000000002,-80.249177000000003
RLGX,RLGX372016,2016-03-07,5:25 PM,Derailment,0,LA PORTE,TX,64.0,3,Dusk,Cloudy,Yard,Yard/switching,3,21541,0,21541,H306,29.642966999999999,-95.038083
UP,1123PN002,2023-11-07,12:45 AM,Derailment,0,PORTLAND,OR,51.0,4,Dark,Rain,Yard,Freight Train,7,2838,10942,13780,H607,45.482695,-122.64162
CSX,000153698,2015-10-28,9:31 AM,Other impacts,0,PHILADELPHIA,PA,65.0,2,Day,Rain,Yard,Freight Train,0,10474,0,11317,H018,39.898268000000002,-75.173760000000001
NS,152403,2023-02-23,5:00 PM,Other (describe in narrative),0,BELLEVUE,OH,63.0,3,Dusk,Clear,Yard,Light loco(s),4,4000,16720,20720,H702,41.273330999999999,-82.834591000000003
BNSF,HL0722102,2022-07-03,1:00 AM,Derailment,0,MEMPHIS,TN,82.0,4,Dark,Clear,Yard,Yard/switching,3,27556,85000,112556,H503,35.023487000000003,-89.889351000000005
UP,0219GP009,2019-02-07,1:10 PM,Derailment,0,MARYSVILLE,KS,14.0,2,Day,Cloudy,Main,Freight Train,5,37624,66,37690,E21C,39.886788000000003,-96.694753000000006
CSX,000176207,2018-05-04,12:50 AM,Other impacts,0,MCKEESPORT,PA,66.0,4,Dark,Cloudy,Yard,Single Car,4,21844,96,31140,H318,40.352516999999999,-79.860431000000005
UP,0217PD065,2017-02-24,10:30 AM,Other (describe in narrative),0,PORTLAND,OR,55.0,2,Day,Cloudy,Yard,Yard/switching,4,126375,0,126375,M201,45.535915000000003,-122.58737000000001
SNJX,03042018,2018-03-04,12:12 AM,Fire/violent rupture,0,BORDENTOWN,NJ,38.0,4,Dark,Clear,Main,DMU,20,75000,0,75000,M406,40.148032000000001,-74.716181000000006
CSX,000164420,2016-11-17,1:05 AM,Derailment,0,NASHVILLE,TN,48.0,4,Dark,Clear,Yard,Yard/switching,6,24508,12200,36708,E4BC,36.112141999999999,-86.770736999999997
CSX,000187302,2019-12-22,7:14 PM,Other impacts,0,NASHVILLE,TN,44.0,3,Dusk,Rain,Yard,Yard/switching,6,26833,0,27153,H999,36.112141999999999,-86.770736999999997
NS,134540,2019-06-30,3:24 AM,Other impacts,0,KNOXVILLE,TN,69.0,4,Dark,Clear,Main,Freight Train,2,15000,0,15000,H302,35.960245,-83.940702999999999
NS,130952,2018-09-14,9:32 AM,Derailment,0,KING OF PRUSSIA,PA,70.0,2,Day,Cloudy,Yard,Yard/switching,6,1333,15934,17267,H704,40.108798,-75.412198000000004
NS,138650,2020-07-26,7:50 PM,Raking collision,0,CONWAY,PA,80.0,3,Dusk,Clear,Yard,Yard/switching,1,795,0,62272,H306,40.672356000000001,-80.251823000000002
CSX,000196440,2021-03-17,4:30 AM,Fire/violent rupture,0,ROCKY MOUNT,NC,35.0,4,Dark,Clear,Yard,Cut of cars,0,31535,0,31535,M406,35.918852999999999,-77.804446999999996
BNSF,GC0316116,2016-03-29,1:40 PM,Derailment,0,TENAHA,TX,75.0,2,Day,Cloudy,Main,Freight Train,6,8000,8000,16000,E31C,31.947505,-94.254356999999999
NS,128010,2018-01-05,9:15 AM,Derailment,0,BELLEVUE,OH,-3.0,2,Day,Clear,Yard,Yard/switching,10,20628,0,20628,H306,41.296571,-82.766994999999994
CSX,000189471,2020-03-09,7:46 PM,Other impacts,0,NASHVILLE,TN,65.0,3,Dusk,Clear,Yard,Yard/switching,6,52230,0,52230,M507,36.112141999999999,-86.770736999999997
NS,157750,2024-08-16,3:10 PM,Other impacts,0,CHATTANOOGA,TN,82.0,2,Day,Clear,Yard,Yard/switching,3,275,0,24967,M408,35.072249999999997,-85.255534999999995
UP,0823RM010,2023-08-08,6:59 PM,Other impacts,0,POCATELLO,ID,76.0,3,Dusk,Clear,Yard,Cut of cars,5,11860,0,19992,H021,42.857142000000003,-112.441363
IC,894442,2016-07-12,8:20 AM,Hwy-rail crossing,0,NEW AUGUSTA,MS,73.0,2,Day,Clear,Main,Freight Train,50,27000,25,27025,M302,31.202185,-89.018935999999997
UP,1221GC029,2021-12-31,11:50 PM,Derailment,0,DONALDSONVILLE,LA,75.0,4,Dark,Clear,Industry,Freight Train,5,16682,2028,18710,H303,30.080179999999999,-90.962896999999998
NS,127406,2017-11-14,2:05 AM,Derailment,0,HARRISBURG,PA,34.0,4,Dark,Cloudy,Yard,Yard/switching,8,53000,0,55353,H704,40.258557000000003,-76.872595000000004
SEPA,SEPA072622,2022-07-26,6:35 AM,Other (describe in narrative),0,PHILADELPHIA,PA,85.0,2,Day,Clear,Yard,EMU,0,100000,0,100000,E78L,39.981805000000001,-75.236574000000005
CSX,000203485,2022-03-07,8:05 AM,Other impacts,0,FLORENCE,SC,65.0,2,Day,Clear,Yard,Cut of cars,2,6468,0,36468,M599,34.198270000000001,-79.762484999999998
TNTX,20161024TN,2016-10-24,6:00 PM,Derailment,0,TYNER,TN,80.0,3,Dusk,Cloudy,Yard,Yard/switching,3,40000,1000,57000,H704,35.072930999999997,-85.149749999999997
NS,117172,2015-08-30,8:15 AM,Derailment,0,CHATTANOOGA,TN,66.0,2,Day,Cloudy,Yard,Light loco(s),3,25086,1159,26245,H303,35.100949999999997,-85.233074000000002
NJTR,201909530,2019-09-24,10:45 PM,Other impacts,0,MORRISVILLE,PA,65.0,4,Dark,Clear,Yard,EMU,10,60000,0,84865,H020,40.194350999999997,-74.792629000000005