reportingrailroadcode,accidentnumber,date,time,accidenttype,hazmatreleasedcars,station,stateabbr,temperature,visibility_code,visibility,weathercondition,tracktype,equipmenttype,trainspeed,equipmentdamagecost,trackdamagecost,totaldamagecost,primaryaccidentcausecode,latitude,longitude
UP,1215SA003,2015-12-02,9:00 AM,Obstruction,0,NEW BRAUNFELS,TX,65.0,2,Day,Cloudy,Main,Freight Train,15,294,0,20330,H404,29.702770999999998,-98.129185000000007
CSX,000171075,2017-08-18,7:00 AM,Hwy-rail crossing,0,PATRICK,SC,80.0,1,Dawn,Clear,Main,,0,0,51454,85115,M302,34.575125,-80.045794999999998
CSX,000179785,2018-11-10,11:15 PM,Derailment,0,BRUCETON,TN,30.0,4,Dark,Clear,Yard,Freight Train,7,183605,9072,192677,H702,36.039782000000002,-88.252180999999993
SLWC,170306003,2017-03-06,3:25 PM,Derailment,0,TUTTLE,OK,78.0,2,Day,Clear,Main,Freight Train,13,55000,72012,127012,T221,34.985509,-98.079712000000001
NS,151317,2022-10-30,1:45 AM,Other impacts,0,ALLENTOWN,PA,55.0,4,Dark,Clear,Yard,Single Car,0,19000,0,40842,H312,40.611935000000003,-75.426704000000001
NS,141196,2021-04-09,9:15 PM,Derailment,0,KNOXVILLE,TN,67.0,4,Dark,Cloudy,Main,Freight Train,7,50490,100551,151041,H518,36.021904999999997,-83.852586000000002
SLWC,190128001,2019-01-28,10:45 PM,Derailment,0,OKLAHOMA CITY,OK,22.0,4,Dark,Clear,Siding,Freight Train,8,11500,100,11600,H503,35.471899999999998,-97.443100000000001
UP,0317FW033,2017-03-20,1:15 PM,Hwy-rail crossing,0,STANTON,TX,85.0,2,Day,Clear,Main,Freight Train,33,26982,51598,78580,M303,32.124603999999998,-101.80146000000001
NS,135191,2019-08-22,2:35 AM,Hwy-rail crossing,0,SINKING SPRING,PA,71.0,4,Dark,Clear,Main,Freight Train,46,12300,0,12823,M308,40.322867000000002,-76.051948999999993
NS,138795,2020-08-08,9:30 PM,Other (describe in narrative),0,WEST FAIRVIEW,PA,77.0,4,Dark,Clear,Yard,Freight Train,6,36887,0,95545,H702,40.279806999999998,-76.922450999999995
CORP,COR648520D,2020-12-23,3:40 PM,Derailment,0,OAKLAND,OR,45.0,2,Day,Cloudy,Main,Freight Train,11,9160,82000,91160,E4BC,43.489258,-123.293629
OHRY,15040601,2015-04-06,11:56 AM,Derailment,0,NORTH TOWANDA,PA,68.0,2,Day,Clear,Main,,0,0,0,132000,M203,41.81474,-76.502899999999997
RCPE,RCP919521D,2021-10-31,12:50 AM,Derailment,0,HURON,SD,35.0,4,Dark,Clear,Yard,Yard/switching,9,140606,48866,189472,T212,44.371808000000001,-98.243319
UP,0216ST007,2016-02-15,5:31 PM,Side collision,0,EL PASO,TX,75.0,3,Dusk,Clear,Yard,Yard/switching,4,48802,0,67493,H306,31.747857,-106.381681
FEC,T19060319,2019-06-03,2:48 PM,Other (describe in narrative),0,BOYNTON BEACH,FL,81.0,2,Day,Clear,Main,,0,0,0,15285,M599,26.325503999999999,-80.032291999999998
UP,0418FW028,2018-04-18,2:40 AM,Derailment,0,WILLS POINT,TX,65.0,4,Dark,Clear,Main,Freight Train,40,8881,3426,12307,E29C,32.710602000000002,-96.045713000000006
CSX,000143139,2015-03-10,12:10 AM,Other impacts,0,SELKIRK,NY,28.0,4,Dark,Clear,Yard,Single Car,2,189,0,24333,H019,42.564653999999997,-73.85257
CSX,000211971,2023-06-21,5:00 PM,Obstruction,0,CROSS HILL,SC,70.0,3,Dusk,Rain,Main,Freight Train,20,31340,0,31340,M404,34.290202000000001,-81.986756
NS,156607,2024-05-05,10:45 PM,Other impacts,0,ALTON,IL,62.0,4,Dark,Rain,Yard,Cut of cars,2,93000,0,186000,H020,38.886747999999997,-90.167968999999999
KCS,15102502,2015-10-25,4:00 PM,Other impacts,0,PORT ARTHUR,TX,70.0,2,Day,Rain,Yard,Cut of cars,0,17739,2500,25239,H702,29.857579999999999,-93.945125000000004
CSX,000171857,2017-09-21,10:40 AM,Other (describe in narrative),0,ERIE,PA,70.0,2,Day,Clear,Yard,Single Car,0,17700,192,17892,M599,42.119867999999997,-80.084316999999999
NJTR,202209375,2022-09-09,10:19 AM,Derailment,0,KEARNY,NJ,81.0,2,Day,Clear,Yard,Yard/switching,5,39475,2909,42384,H704,40.744076999999997,-74.104737
UP,0217FW055,2017-02-23,2:47 PM,Hwy-rail crossing,0,ANGUS,TX,84.0,2,Day,Clear,Main,Freight Train,48,10126,2050,12176,M304,31.973603000000001,-96.423314000000005
CSX,000216684,2024-03-11,1:10 PM,Other impacts,0,NASHVILLE,TN,60.0,2,Day,Clear,Yard,Cut of cars,10,13304,0,13304,H399,36.112136,-86.770713000000001
NS,151799,2022-12-21,10:00 AM,Derailment,0,HARRISBURG,PA,45.0,2,Day,Clear,Yard,Freight Train,6,0,40502,40502,T221,40.294961000000001,-76.891716000000002
BNSF,HL0424105,2024-04-06,11:09 PM,Derailment,0,SPRINGFIELD,MO,48.0,4,Dark,Clear,Yard,Freight Train,5,7298,0,12601,H018,37.227801999999997,-93.327382
CSX,000216112,2024-02-09,3:02 AM,Other impacts,0,NASHVILLE,TN,55.0,4,Dark,Clear,Yard,Freight Train,5,29301,0,71309,H510,36.112136,-86.770713000000001
MRL,2016115,2016-09-11,6:44 PM,Derailment,0,WHITEHALL,MT,64.0,2,Day,Rain,Main,Work train,18,150000,636133,786133,M101,45.871366999999999,-112.120152
UP,0116SA006,2016-01-13,9:45 AM,Other (describe in narrative),0,SAN ANTONIO,TX,61.0,2,Day,Clear,Yard,Yard/switching,4,0,25001,25001,H706,29.359110000000001,-98.571413000000007
UP,1117SA004,2017-11-05,1:30 AM,Derailment,0,SAN ANTONIO,TX,72.0,4,Dark,Cloudy,Yard,Yard/switching,9,47853,103469,151322,M405,29.435480999999999,-98.459958
CSX,000185821,2019-10-07,10:00 AM,Other impacts,0,PHILADELPHIA,PA,73.0,2,Day,Cloudy,Yard,Single Car,3,45554,0,54511,H318,39.898302000000001,-75.167339999999996
CRSH,137379,2020-03-04,12:10 AM,Derailment,0,CAMDEN,NJ,51.0,4,Dark,Clear,Yard,Yard/switching,5,10576,2000,12576,H706,39.950254999999999,-75.093177999999995
UP,0119PN038,2019-01-13,1:14 PM,Other (describe in narrative),0,PENDLETON,OR,31.0,2,Day,Clear,Main,Freight Train,11,13344,348,13692,E79L,45.532384,-118.354141
NS,151587,2022-11-30,5:14 AM,Other (describe in narrative),0,CHATTANOOGA,TN,52.0,1,Dawn,Rain,Yard,Light loco(s),5,15969,9099,25068,H702,35.007198000000002,-85.375513999999995
NS,143972,2022-01-09,7:50 PM,Other impacts,0,WEST FAIRVIEW,PA,22.0,3,Dusk,Clear,Yard,Cut of cars,5,32680,0,36026,H312,40.279806999999998,-76.922450999999995
UP,0216HO043,2016-02-29,3:45 PM,Fire/violent rupture,0,NEW WAVERLY,TX,75.0,2,Day,Clear,Main,Freight Train,45,21723,0,21723,E74L,30.537725999999999,-95.482144000000005
IC,1108639,2022-07-17,8:40 AM,Side collision,0,MEMPHIS,TN,80.0,2,Day,Clear,Yard,Cut of cars,0,0,0,21000,H318,35.068607999999998,-90.089178000000004
UP,0321HL001,2021-03-02,2:20 AM,Derailment,0,WICHITA,KS,29.0,4,Dark,Clear,Yard,Yard/switching,7,1414,36766,38180,H702,37.729807999999998,-97.322680000000005
RCPE,RCP960319D,2019-02-20,2:07 PM,Derailment,0,WESSINGTON,SD,25.0,2,Day,Clear,Main,Freight Train,40,1555000,262391,1817391,E53C,44.458736000000002,-98.707723999999999
CSX,000185889,2019-10-10,6:49 PM,Side collision,0,NASHVILLE,TN,88.0,3,Dusk,Clear,Yard,Cut of cars,7,110,48,25069,M408,36.112141999999999,-86.770736999999997
NS,135080,2019-08-13,12:02 PM,Derailment,0,WEST FAIRVIEW,PA,82.0,2,Day,Cloudy,Yard,Yard/switching,4,14982,1151,16133,H504,40.279806999999998,-76.922450999999995
NS,120610,2016-05-23,12:15 AM,Derailment,0,WALKERTOWN,NC,60.0,4,Dark,Clear,Main,Freight Train,2,5150,56731,61881,H525,36.172578999999999,-80.166503000000006
BNSF,MT1121104,2021-11-12,2:55 AM,Derailment,0,ABERDEEN,SD,20.0,4,Dark,Snow,Yard,Freight Train,4,8200,32000,40200,M101,45.465640999999998,-98.498709000000005
UP,0316HO018,2016-03-22,7:55 AM,Hwy-rail crossing,0,HOUSTON,TX,65.0,2,Day,Clear,Main,Freight Train,25,1015,26950,27965,M302,29.81813,-95.483472000000006
IORY,IOR237022D,2022-10-30,3:45 PM,Derailment,0,LIMA,OH,54.0,2,Day,Clear,Yard,Yard/switching,4,15000,100,15100,E40C,40.763205999999997,-84.089122000000003
BNSF,HL0923113,2023-09-18,9:00 AM,Derailment,0,MEMPHIS,TN,90.0,2,Day,Clear,Yard,Yard/switching,4,1419,18925,20344,M411,35.025832999999999,-89.892701000000002
DAIR,032015,2015-10-01,12:50 PM,Derailment,0,JEFFERSON,SD,60.0,2,Day,Clear,Main,Freight Train,24,8738,0,53759,E53C,42.577933000000002,-96.540165000000002
NS,152978,2023-05-01,9:00 PM,Side collision,0,MACON,GA,70.0,4,Dark,Clear,Yard,Yard/switching,2,530,0,462998,H310,32.81373,-83.622793999999999
NS,152082,2023-01-24,4:30 AM,Derailment,0,LOUISVILLE,TN,24.0,1,Dawn,Clear,Industry,Freight Train,3,2518,29546,32064,H303,35.906393999999999,-84.045162000000005
NJTR,201507418,2015-07-18,12:14 PM,Derailment,0,MORRISVILLE,PA,78.0,2,Day,Clear,Yard,Work train,5,28070,1029,29099,H704,40.195712,-74.784548000000001
UP,0318PD013,2018-03-09,4:45 PM,Derailment,0,PORTLAND,OR,36.0,2,Day,Clear,Yard,Light loco(s),4,18546,4400,22946,M410,45.545399000000003,-122.681173
NS,138477,2020-07-09,7:45 PM,Hwy-rail crossing,0,LANGHORNE,PA,83.0,3,Dusk,Clear,Yard,Freight Train,0,400,0,400,M303,40.191006000000002,-74.846243999999999
UP,1015HO002,2015-10-01,7:35 AM,Derailment,0,HOUSTON,TX,77.0,2,Day,Clear,Main,,0,0,237295,301070,H503,29.810558,-95.262275000000002
NS,136152,2019-11-08,2:17 PM,Rear end collision,0,GEORGES STATION,PA,36.0,2,Day,Clear,Main,Freight Train,16,62673,328510,1495922,H222,40.317328000000003,-79.489320000000006
NS,141385,2021-04-29,4:30 AM,Side collision,0,ALLENTOWN,PA,63.0,1,Dawn,Rain,Yard,Single Car,3,750,0,13450,H399,40.611933999999998,-75.426704000000001
LC,20180111,2018-01-11,6:45 PM,Derailment,0,RICHBURG,SC,44.0,4,Dark,Clear,Siding,Freight Train,5,3480,13550,17030,T220,34.718269999999997,-81.01258
UP,0822GL034,2022-08-27,11:30 AM,Other impacts,0,SAVAGE,MN,75.0,2,Day,Rain,Industry,Single Car,0,5620,0,17478,H607,44.782525,-93.354693999999995
UP,0221PN027,2021-02-20,10:55 AM,Other impacts,0,STANFIELD,OR,29.0,2,Day,Cloudy,Yard,Yard/switching,2,92616,10560,168514,E30C,45.795178,-119.257077
CSX,000174454,2018-01-31,4:42 PM,Derailment,0,NASHVILLE,TN,45.0,3,Dusk,Clear,Yard,Yard/switching,4,25587,1524,27111,E4BC,36.112141999999999,-86.770736999999997
UP,1223MA032,2023-12-29,8:45 PM,Other (describe in narrative),0,MEMPHIS,TN,34.0,4,Dark,Clear,Yard,Light loco(s),7,0,29692,29692,H607,35.126998,-90.060834
FWWR,17021101,2017-02-11,1:53 PM,Other impacts,0,FORT WORTH,TX,71.0,2,Day,Clear,Yard,Yard/switching,5,11991,0,11991,H601,32.796076999999997,-97.379367000000002
RJCS,RJCS2301,2023-01-21,5:50 AM,Derailment,0,ALLSBROOK,SC,48.0,4,Dark,Clear,Main,Freight Train,8,30000,12000,42000,T220,34.010708999999999,-78.962626999999998
CSX,000195091,2021-01-17,12:26 PM,Fire/violent rupture,0,WHITESIDE,TN,41.0,2,Day,Cloudy,Main,Freight Train,15,63846,192,64038,M406,34.992787,-85.482530999999994
NS,141373,2021-04-28,8:45 AM,Hwy-rail crossing,0,SPRINGDALE,PA,72.0,2,Day,Clear,Main,Freight Train,34,7921,20682,28603,M303,40.536301000000002,-79.783861000000002
UP,0322PN009,2022-03-10,8:02 AM,Other impacts,0,PORTLAND,OR,32.0,2,Day,Cloudy,Yard,Yard/switching,0,16820,0,24698,H306,45.555888000000003,-122.694496
UP,0318NP030,2018-03-25,2:50 AM,Fire/violent rupture,0,LEXINGTON,NE,32.0,4,Dark,Cloudy,Main,Freight Train,45,11698,0,11698,E73L,40.758645999999999,-99.663289000000006
NS,156741,2024-05-16,11:12 PM,Other (describe in narrative),0,ROSSVILLE,TN,68.0,4,Dark,Clear,Yard,Yard/switching,4,0,1200,1200,H702,35.048717000000003,-89.545090000000002
NS,152866,2023-04-20,4:45 AM,Derailment,0,CHESTER,PA,50.0,1,Dawn,Clear,Siding,Freight Train,7,7200,0,27350,H706,39.821300999999998,-75.419203999999993
CSX,000202736,2022-01-27,9:40 PM,Other impacts,0,NASHVILLE,TN,31.0,4,Dark,Cloudy,Yard,Light loco(s),2,7500,0,17000,H018,36.112136,-86.770713000000001
UP,0821PN003,2021-08-02,9:50 PM,Derailment,0,PORTLAND,OR,81.0,4,Dark,Cloudy,Yard,Yard/switching,3,191430,56000,247430,H522,45.544066999999998,-122.684602
BPRR,BPR847218D,2018-11-08,3:12 PM,Derailment,0,BUTLER,PA,44.0,2,Day,Cloudy,Yard,Freight Train,10,16000,36500,52500,E53C,40.875973000000002,-79.854662000000005
BNSF,RD1117119,2017-11-20,6:20 PM,Derailment,0,HOUSTON,TX,60.0,3,Dusk,Clear,Yard,Yard/switching,10,14418,7400,21818,M501,29.914269000000001,-95.508707000000001
CSX,000216337,2024-02-23,5:50 AM,Derailment,0,PHILADELPHIA,PA,39.0,1,Dawn,Cloudy,Yard,Yard/switching,4,30385,434,30819,H503,39.898701000000003,-75.166960000000003
UP,0923MA010,2023-09-07,2:40 PM,Other impacts,0,MEMPHIS,TN,83.0,2,Day,Clear,Yard,Cut of cars,3,18451,0,32474,H302,35.063119,-90.049172999999996
NS,142346,2021-07-25,1:30 PM,Other impacts,0,BADEN,PA,88.0,2,Day,Clear,Industry,Yard/switching,2,32000,0,32000,M408,40.646386999999997,-80.235146999999998
NS,136694,2019-12-31,11:31 PM,Hwy-rail crossing,0,SAXON,SC,42.0,4,Dark,Clear,Main,,0,0,0,22239,M303,34.956609999999998,-81.997238999999993
CSX,000207917,2022-10-19,6:57 PM,Other impacts,0,KINGSPORT,TN,38.0,3,Dusk,Cloudy,Yard,Cut of cars,9,180426,112,205394,E04C,36.551380000000002,-82.574088000000003
CSX,000185198,2019-09-06,1:00 PM,Hwy-rail crossing,0,CAMERON,SC,85.0,2,Day,Clear,Main,Freight Train,24,165869,32100,197969,M304,33.594667000000001,-80.644439000000006
BNSF,SF0915102,2015-09-02,5:09 PM,Derailment,0,MEMPHIS,TN,84.0,3,Dusk,Clear,Main,,0,0,0,33000,H503,35.023150999999999,-89.893862999999996
UP,1016ES003,2016-10-07,8:57 AM,Obstruction,0,WEATHERFORD,TX,60.0,2,Day,Clear,Main,Spec. MoW Equip.,0,19083,0,20103,H402,32.776358999999999,-97.814672000000002
ATK,180235,2024-05-16,9:00 AM,Obstruction,0,STAATSBURG,NY,0.0,2,Day,Cloudy,Main,Passenger Train - Pulling,49,18893,0,18893,M404,41.867626000000001,-73.927547000000004
NS,118770,2016-01-03,12:58 PM,Derailment,0,WEST FAIRVIEW,PA,40.0,2,Day,Clear,Yard,Light loco(s),1,26663,0,26663,H306,40.279806999999998,-76.922450999999995
UP,0118ST005,2018-01-09,1:03 AM,Hwy-rail crossing,0,PECOS,TX,35.0,4,Dark,Clear,Main,Freight Train,50,29589,900,30489,M303,31.382867999999998,-103.626268
NS,118255,2015-11-18,6:54 AM,Derailment,0,YORK HAVEN,PA,40.0,1,Dawn,Clear,Industry,Freight Train,6,93000,100,93100,H514,40.101021000000003,-76.706308000000007
BNSF,HL1021101,2021-10-01,6:05 AM,Derailment,0,MEMPHIS,TN,70.0,1,Dawn,Cloudy,Yard,Light loco(s),2,15500,33000,48500,H702,35.029876000000002,-89.900739999999999
UP,0922MA027,2022-09-17,10:20 PM,Derailment,0,MEMPHIS,TN,80.0,4,Dark,Cloudy,Yard,,0,0,4220,17406,H503,35.122919000000003,-90.019681000000006
ISRR,ISR504923R,2023-08-14,2:15 PM,Derailment,0,LYNNVILLE,IN,81.0,2,Day,Cloudy,Industry,Freight Train,1,0,16060,16060,E85C,38.18065,-87.318989999999999
UP,0723PN004,2023-07-05,3:25 PM,Derailment,0,PORTLAND,OR,88.0,2,Day,Clear,Yard,Yard/switching,7,42841,46288,89129,E39C,45.544448000000003,-122.68387199999999
NS,125332,2017-06-06,3:05 PM,Derailment,0,ALLENTOWN,PA,72.0,2,Day,Cloudy,Yard,Yard/switching,2,2548,14219,16767,M411,40.611930000000001,-75.426705999999996
BNSF,SF0915106,2015-09-15,3:25 PM,Other (describe in narrative),0,MEMPHIS,TN,80.0,2,Day,Clear,Yard,Yard/switching,17,45000,0,45000,S014,35.023153000000001,-89.887360999999999
CSX,000219243,2024-07-12,1:30 AM,Derailment,0,PHILADELPHIA,PA,78.0,4,Dark,Clear,Yard,Freight Train,10,9797,955,28707,H702,39.898701000000003,-75.166960000000003
IC,967254,2018-07-24,10:15 PM,Side collision,0,SOUTH FULTON,TN,86.0,4,Dark,Clear,Yard,Freight Train,0,40150,3199,146099,H099,36.497472000000002,-88.889326999999994
UP,0618LK003,2018-06-04,6:30 AM,Derailment,0,MEMPHIS,TN,87.0,1,Dawn,Clear,Main,Freight Train,10,4796,9987,14783,H501,35.126902999999999,-90.057087999999993
UP,0516FW016,2016-05-16,9:00 AM,Other (describe in narrative),0,FORT WORTH,TX,71.0,2,Day,Cloudy,Yard,Yard/switching,4,11324,0,14111,M411,32.717103999999999,-97.388544999999993
NS,126530,2017-09-06,6:55 PM,Hwy-rail crossing,0,N SHORE,LA,79.0,3,Dusk,Clear,Main,,0,0,0,22635,M302,30.223967999999999,-89.819524000000001
BNSF,HL0523104,2023-05-14,1:00 AM,Other (describe in narrative),0,MEMPHIS,TN,67.0,4,Dark,Clear,Yard,Yard/switching,4,11691,0,13391,H310,35.022737999999997,-89.888248000000004
CSX,000220230,2024-08-29,11:44 PM,Side collision,0,ALIQUIPPA,PA,71.0,4,Dark,Clear,Industry,Freight Train,4,57201,76,76541,H307,40.617086999999998,-80.242335999999995
PNWR,PNW259119A,2019-11-29,8:57 PM,Fire/violent rupture,0,ALBANY,OR,28.0,4,Dark,Clear,Main,Freight Train,0,50000,0,50000,E74L,44.647590000000001,-123.10186
NS,133551,2019-04-12,11:45 AM,Derailment,0,CHARLOTTE,NC,72.0,2,Day,Rain,Yard,Yard/switching,5,9988,5562,15550,H306,35.228141999999998,-80.852528000000007
IC,871186,2015-11-12,11:30 PM,Other impacts,0,MEMPHIS,TN,45.0,4,Dark,Clear,Yard,Yard/switching,4,20295,25,20320,H306,35.069650000000003,-90.085601999999994
NS,131337,2018-10-15,5:53 AM,Rear end collision,0,NEW GALILEE,PA,58.0,1,Dawn,Rain,Main,Freight Train,0,54569,15123,69724,H222,40.817160000000001,-80.397622999999996
UP,0118ST023,2018-01-25,9:46 PM,Hwy-rail crossing,0,PECOS,TX,48.0,4,Dark,Clear,Main,Freight Train,44,56910,500,57410,M304,31.373857999999998,-103.65231900000001
CSX,000211166,2023-05-02,11:04 AM,Other impacts,0,NASHVILLE,TN,65.0,2,Day,Clear,Yard,Single Car,5,22785,0,23423,S016,36.112157000000003,-86.770728000000005
NS,139594,2020-10-27,4:27 PM,Obstruction,0,MONT CLARE,PA,57.0,3,Dusk,Clear,Main,Spec. MoW Equip.,0,1286,0,16884,H997,40.149219000000002,-75.521770000000004
IHB,2194,2016-03-12,6:00 PM,Other impacts,0,RIVERDALE,IL,49.0,2,Day,Clear,Yard,Yard/switching,8,15647,0,15647,H019,41.639557000000003,-87.656525000000002
BNSF,KS0820104,2020-08-10,8:17 PM,Derailment,0,GAGE,OK,80.0,3,Dusk,Rain,Main,Freight Train,46,1516051,632984,2149035,M105,36.305219000000001,-99.790407000000002
HRRC,0117,2017-01-03,12:50 PM,Derailment,0,BROOKFIELD,CT,38.0,2,Day,Fog,Main,Freight Train,23,30000,15000,45000,T220,41.482593999999999,-73.409569000000005
ARR,2016246,2016-11-20,12:40 PM,Obstruction,0,GIRDWOOD,AK,2.0,2,Day,Snow,Main,Spec. MoW Equip.,6,70000,0,70000,H516,60.790087,-148.813334
NS,114078,2015-01-28,11:30 AM,Hwy-rail crossing,0,MASSILLON,OH,23.0,2,Day,Clear,Main,Freight Train,39,9798,93477,103275,M399,40.792307999999998,-81.516114999999999
KAW,240201004,2024-02-01,2:35 PM,Derailment,0,KANSAS CITY,KS,50.0,2,Day,Clear,Yard,Yard/switching,3,17171,9600,86771,H993,39.078648000000001,-94.626008999999996
NS,134314,2019-06-13,6:30 AM,Derailment,0,HAGERSTOWN,MD,50.0,1,Dawn,Rain,Yard,Freight Train,6,10371,7482,17853,H306,39.659317000000001,-77.727008999999995
BNSF,HL0324101,2024-03-04,8:30 AM,Derailment,0,SPRINGFIELD,MO,66.0,1,Dawn,Cloudy,Yard,Yard/switching,3,290,180111,180401,E32C,37.230910000000002,-93.291077000000001
UP,1118NP016,2018-11-11,7:20 PM,Other impacts,0,NORTH PLATTE,NE,38.0,3,Dusk,Clear,Yard,Light loco(s),10,30737,0,30837,H307,41.143957,-100.798294
CSX,000143139,2015-03-10,12:10 AM,Other impacts,0,SELKIRK,NY,28.0,4,Dark,Clear,Yard,Single Car,0,24144,0,24333,H019,42.564653999999997,-73.85257
NS,151832,2022-12-27,8:44 AM,Hwy-rail crossing,0,LEXINGTON,NC,25.0,2,Day,Clear,Main,,0,0,0,16574,M304,35.808669999999999,-80.269181000000003
BNSF,RD0718134,2018-07-24,1:40 PM,Obstruction,0,TULSA,OK,90.0,2,Day,Clear,Main,Spec. MoW Equip.,0,10000,0,20000,H402,36.183188999999999,-95.879210999999998
SW,SWW060115D,2015-06-01,4:30 PM,Derailment,0,HURLEY,NM,89.0,2,Day,Cloudy,Yard,Yard/switching,5,8055,5400,13455,H702,32.6997,-108.12860000000001
NJTR,202303082,2023-02-28,6:27 AM,Derailment,0,GLADSTONE,NJ,31.0,1,Dawn,Snow,Yard,Commuter Train - Pulling,5,106495,62094,168589,H702,40.719298000000002,-74.665012000000004
FEC,D23052919,2019-05-29,1:20 AM,Derailment,0,BOCA RATON,FL,75.0,4,Dark,Clear,Main,Freight Train,37,3123,194228,197351,E53C,26.417228000000001,-80.077420000000004
BNSF,CH1215105,2015-12-10,12:15 PM,Other (describe in narrative),0,GALESBURG,IL,56.0,2,Day,Cloudy,Yard,Yard/switching,14,56995,0,56995,M407,40.906903999999997,-90.384979999999999
CSX,000198760,2021-07-10,5:15 PM,Derailment,0,MOUNT STERLING,OH,72.0,3,Dusk,Clear,Main,Freight Train,2,8725,0,11225,E89C,39.681218000000001,-83.308772000000005
ATK,144953,2016-11-07,7:24 AM,Hwy-rail crossing,0,AURORA,OR,65.0,2,Day,Clear,Main,Passenger Train - Pulling,39,53662,0,85066,M302,45.232804999999999,-122.75592
NS,140191,2021-01-01,12:30 PM,Derailment,0,KEENSBURG,IN,44.0,2,Day,Cloudy,Industry,Freight Train,1,12017,0,12017,M101,38.364956999999997,-87.787158000000005
NS,124861,2017-04-28,4:05 AM,Derailment,0,GREENSBORO,NC,72.0,1,Dawn,Cloudy,Yard,Freight Train,4,5401,16366,21767,H702,36.059513000000003,-79.843760000000003
BRC,14242,2019-03-07,4:00 AM,Derailment,0,CHICAGO,IL,18.0,4,Dark,Clear,Yard,Yard/switching,5,1323,18900,20223,H702,41.767454999999998,-87.741376000000002
NS,125203,2017-05-25,1:30 AM,Other impacts,0,CHEEKTOWAGA,NY,55.0,4,Dark,Rain,Yard,Yard/switching,3,18536,0,18536,H318,42.893512000000001,-78.767262000000002
NJTR,201601029,2016-01-07,7:30 PM,Hwy-rail crossing,0,PATERSON,NJ,40.0,4,Dark,Clear,Main,Commuter Train - Pulling,58,5649,17468,23117,M308,40.935560000000002,-74.158229000000006
SNJX,20190225,2019-02-25,12:01 PM,Derailment,0,TRENTON,NJ,44.0,2,Day,Cloudy,Industry,DMU,63,80000,25000,105000,M404,40.182391000000003,-74.729145000000003
NYA,022016,2016-02-20,3:35 PM,Raking collision,0,NEW YORK -QUEENS,NY,65.0,2,Day,Clear,Yard,Yard/switching,5,19050,0,19050,H302,40.706505999999997,-73.886073999999994
ATK,166702,2021-03-25,12:40 AM,Obstruction,0,NEWARK,NJ,57.0,4,Dark,Rain,Main,Spec. MoW Equip.,10,0,0,32006,H607,40.715136000000001,-74.177267000000001
UP,0620MA031,2020-06-25,8:21 PM,Derailment,0,EVANSVILLE,IL,71.0,4,Dark,Clear,Main,Freight Train,10,169767,96419,266186,E41C,38.091583,-89.874250000000004
UP,0823GP016,2023-08-04,8:00 AM,Other (describe in narrative),0,NORTH PLATTE,NE,68.0,2,Day,Cloudy,Yard,Single Car,0,13226,0,13226,M507,41.142367,-100.776296
LI,68713,2018-11-07,1:15 PM,Derailment,0,BROOKLYN,NY,57.0,2,Day,Clear,Yard,EMU,5,161069,10670,171739,H221,40.682077999999997,-73.971598999999998
UP,0322PR025,2022-03-28,12:00 PM,Other (describe in narrative),0,BELLWOOD,IL,33.0,2,Day,Clear,Yard,Single Car,0,13414,0,13414,M201,41.890968000000001,-87.869767999999993
CSX,000170848,2017-08-10,6:30 PM,Raking collision,0,SELKIRK,NY,74.0,3,Dusk,Clear,Yard,Single Car,9,13200,0,16860,S014,42.565902999999999,-73.854184000000004
CSX,000176020,2018-04-18,6:09 AM,Other impacts,0,SELKIRK,NY,36.0,4,Dark,Cloudy,Yard,Single Car,8,0,50,28650,E46C,42.565902999999999,-73.854184000000004
BNSF,RD0723120,2023-07-23,1:48 AM,Derailment,0,HENRYETTA,OK,85.0,4,Dark,Clear,Siding,Freight Train,4,22203,19802,42005,H306,35.449064999999997,-95.975913000000006
ATK,145918,2017-01-13,12:26 PM,Other (describe in narrative),0,PLAINSBORO,NJ,45.0,2,Day,Clear,Main,Passenger Train - Pulling,0,23013,1000,24013,E78L,40.338129000000002,-74.596497999999997
BNSF,TC0222110,2022-02-23,2:14 PM,Derailment,0,NOYES,MN,-10.0,2,Day,Clear,Main,Freight Train,6,13778,7500,21278,M101,48.959786999999999,-97.174571999999998
GRYR,MC230324A,2023-03-24,1:49 AM,Derailment,0,GRENADA,MS,70.0,4,Dark,Cloudy,Siding,Freight Train,6,3293982,17000,3310982,E64C,33.858448000000003,-89.821877000000001
UP,0616NP016,2016-06-15,2:20 AM,Derailment,0,PROSSER,NE,68.0,4,Dark,Clear,Industry,Yard/switching,1,139,12336,12475,M201,40.667059999999999,-98.595676999999995
IHB,2032,2014-11-24,6:30 AM,Derailment,0,EAST CHICAGO,IN,49.0,4,Dark,Rain,Yard,Freight Train,6,4109,6636,10745,H522,41.693201999999999,-87.454763999999997
CSX,000212457,2023-07-22,2:47 PM,Hwy-rail crossing,0,NEW LONDON,OH,78.0,2,Day,Rain,Main,Freight Train,58,114,14547,14661,M308,41.088003,-82.394807999999998
UP,0917LV016,2017-09-25,3:23 AM,Derailment,0,ALEXANDRIA,LA,77.0,4,Dark,Fog,Yard,Yard/switching,2,7764,13694,21458,E30C,31.251086999999998,-92.434619999999995
CSX,000165202,2016-12-14,5:19 AM,Derailment,0,ASHTABULA,OH,30.0,1,Dawn,Snow,Industry,Freight Train,3,13921,420,14341,H702,41.882536000000002,-80.782454000000001