reportingrailroadcode,accidentnumber,date,time,accidenttype,hazmatreleasedcars,station,stateabbr,temperature,visibility_code,visibility,weathercondition,tracktype,equipmenttype,trainspeed,equipmentdamagecost,trackdamagecost,totaldamagecost,primaryaccidentcausecode,latitude,longitude
BNSF,SF0215111,2015-02-26,5:30 AM,Derailment,0,HANNIBAL,MO,10.0,1,Dawn,Snow,Main,Freight Train,7,11979,707584,719563,H607,39.929929999999999,-91.434118999999995
BNSF,SW1219107,2019-12-13,2:35 PM,Other (describe in narrative),0,BELEN,NM,47.0,2,Day,Clear,Main,Freight Train,23,0,20000,20000,H220,34.772824999999997,-106.85957999999999
BNSF,RD1018126,2018-10-19,1:49 PM,Side collision,0,TULSA,OK,58.0,2,Day,Cloudy,Yard,Yard/switching,7,12831,0,22681,H308,36.126071000000003,-96.011193000000006
NS,130488,2018-08-07,3:00 AM,Other impacts,0,TOLEDO,OH,78.0,4,Dark,Cloudy,Yard,Single Car,0,38980,0,39583,H312,41.640174000000002,-83.575265000000002
UP,0615PD007,2015-06-10,11:30 AM,Derailment,0,PORTLAND,OR,65.0,2,Day,Clear,Main,Freight Train,5,7474,11167,18641,H508,45.522446000000002,-122.664824
SW,SWC061616D,2016-06-16,2:55 PM,Derailment,0,PORTALES,NM,105.0,2,Day,Clear,Siding,Freight Train,6,9000,30120,39120,T220,34.075400000000002,-103.49250000000001
CSX,000138974,2014-12-16,4:41 AM,Side collision,0,WILLARD,OH,46.0,4,Dark,Rain,Yard,Yard/switching,1,49902,500,50402,H307,41.065438,-82.756545000000003
NS,125782,2017-07-11,5:00 PM,Derailment,0,SOUTH SHORE,OH,86.0,3,Dusk,Rain,Yard,Freight Train,4,37795,0,37795,H306,38.73498,-82.966767000000004
CSX,000215100,2023-12-15,4:09 AM,Other impacts,0,WILLARD,OH,38.0,1,Dawn,Clear,Yard,Yard/switching,1,25000,618,119721,H318,41.059877,-82.724069999999998
NS,142197,2021-07-15,3:15 AM,Other impacts,0,BELLEVUE,OH,65.0,4,Dark,Clear,Yard,Single Car,2,1871,200,41207,M411,41.29034,-82.788150999999999
UP,0218NP068,2018-02-11,9:00 AM,Other impacts,0,NORTH PLATTE,NE,16.0,2,Day,Cloudy,Yard,Single Car,0,5653,528,12003,M411,41.146628999999997,-100.814609
IC,927796,2017-06-30,11:30 PM,Side collision,0,BATON ROUGE,LA,80.0,4,Dark,Cloudy,Main,Yard/switching,5,12538,100,15638,H018,30.472348,-91.188300999999996
CSX,000211028,2023-04-27,6:30 AM,Side collision,0,GRAND RAPIDS,MI,64.0,1,Dawn,Clear,Yard,Yard/switching,0,4985,0,26284,H306,42.952655,-85.684179
BNSF,RD0420114,2020-04-25,11:30 AM,Derailment,0,OKLAHOMA CITY,OK,65.0,2,Day,Clear,Yard,Freight Train,6,15909,69677,85586,H607,35.386566000000002,-97.484343999999993
CRSH,132085,2018-12-16,12:34 PM,Broken train collision,0,CAMDEN,NJ,41.0,2,Day,Cloudy,Yard,Yard/switching,3,18300,0,28092,M507,39.945131000000003,-75.103401000000005
BNSF,RD1018126,2018-10-19,1:49 PM,Side collision,0,TULSA,OK,58.0,2,Day,Cloudy,Yard,Yard/switching,4,9850,0,22681,H308,36.126071000000003,-96.011193000000006
KCS,16100901,2016-10-09,1:30 AM,Derailment,0,HEAVENER,OK,48.0,4,Dark,Clear,Yard,Yard/switching,4,16558,29270,45828,H307,34.908504000000001,-94.603235999999995
IHB,2637,2020-10-26,7:20 AM,Derailment,0,RIVERDALE,IL,36.0,1,Dawn,Clear,Main,,0,0,88307,437064,H503,41.642142,-87.650441999999998
CSX,000217111,2024-03-31,9:00 PM,Derailment,0,SAVANNAH,GA,62.0,4,Dark,Clear,Yard,Yard/switching,2,55683,3455,59138,H306,32.02769,-81.148831999999999
LI,68419,2018-09-06,9:11 PM,Derailment,0,HOLLIS,NY,74.0,4,Dark,Clear,Siding,EMU,7,165120,14220,179340,H702,40.707248999999997,-73.776495999999995
BNSF,HL1118101,2018-11-01,5:40 PM,Derailment,0,LINCOLN,NE,59.0,3,Dusk,Clear,Yard,Yard/switching,3,12000,0,12000,E46L,40.809685000000002,-96.731127999999998
UP,0718LV015,2018-07-19,9:50 AM,Other impacts,0,ALEXANDRIA,LA,93.0,2,Day,Clear,Yard,Yard/switching,7,6112,0,25150,H318,31.260908000000001,-92.437173999999999
NS,118638,2015-12-21,7:30 AM,Derailment,0,LORDSTOWN,OH,43.0,1,Dawn,Cloudy,Yard,Yard/switching,3,12871,500,13371,H303,41.156103999999999,-80.860821999999999
UP,0120GL002,2020-01-04,1:28 PM,Hwy-rail crossing,0,KENNARD,NE,39.0,2,Day,Clear,Main,Freight Train,48,291,11255,11546,M302,41.472526999999999,-96.200975
ATK,172381,2022-10-14,2:12 PM,Hwy-rail crossing,0,INDEPENDENCE,LA,87.0,2,Day,Clear,Main,Passenger Train - Pulling,79,583668,0,583668,M304,30.692492999999999,-90.508114000000006
NS,144953,2022-04-12,8:55 AM,Other (describe in narrative),0,EAST CANTON,OH,65.0,2,Day,Clear,Yard,Yard/switching,8,127495,10284,137779,H702,40.818928999999997,-81.313845999999998
BNSF,KS0520201,2020-05-06,5:42 PM,Hwy-rail crossing,0,FOLSOM,NM,76.0,3,Dusk,Clear,Main,Freight Train,34,21642,1400,23042,M302,36.820697000000003,-103.887461
BNSF,CH1215111,2015-12-14,8:40 AM,Derailment,0,GALESBURG,IL,22.0,1,Dawn,Clear,Yard,Yard/switching,8,10864,3000,13864,H702,40.914910999999996,-90.380065000000002
UP,0321PN004,2021-03-07,10:30 PM,Other impacts,0,STANFIELD,OR,42.0,4,Dark,Cloudy,Yard,Yard/switching,4,32517,1560,78408,H312,45.795938999999997,-119.2633
LI,68495,2018-09-24,11:13 AM,Obstruction,0,HOLLIS,NY,62.0,2,Day,Clear,Yard,EMU,8,11000,0,60744,H607,40.709490000000002,-73.768991
UP,1021GP043,2021-10-27,5:30 PM,Other impacts,0,NORTH PLATTE,NE,60.0,2,Day,Clear,Yard,Cut of cars,8,30417,155636,244485,M411,41.149572999999997,-100.808944
NS,141471,2021-05-07,4:09 AM,Side collision,0,BELLEVUE,OH,38.0,1,Dawn,Cloudy,Yard,Yard/switching,3,0,0,55884,H318,41.288212999999999,-82.798855000000003
NJTR,202309396,2023-08-30,11:05 AM,Other (describe in narrative),0,KEARNY,NJ,85.0,4,Dark,Clear,Main,Yard/switching,3,11729,0,11729,H599,40.743504999999999,-74.111665000000002
UP,0223GC019,2023-02-28,11:27 AM,Other (describe in narrative),0,MARINGOUIN,LA,76.0,2,Day,Clear,Yard,Single Car,0,24293,0,24293,S016,30.525321999999999,-91.552395000000004
NS,142682,2021-08-28,2:35 AM,Hwy-rail crossing,0,OLD FORT,OH,80.0,4,Dark,Clear,Main,Freight Train,53,6000,10500,16500,M308,41.237532000000002,-83.168098000000001
NS,141976,2021-06-23,11:35 PM,Other impacts,0,NEW BOSTON,OH,55.0,4,Dark,Clear,Yard,Cut of cars,0,38747,1236,40016,H018,38.745812999999998,-82.940280999999999
BNSF,CH0317120,2017-03-26,9:35 PM,Other impacts,0,GALESBURG,IL,50.0,4,Dark,Cloudy,Yard,Yard/switching,10,17450,250,17700,M411,40.907069999999997,-90.384798000000004
CSX,000170829,2017-08-02,8:00 PM,Other (describe in narrative),0,SELKIRK,NY,73.0,4,Dark,Cloudy,Yard,Cut of cars,6,11200,0,11200,M407,42.565902999999999,-73.854184000000004
LIRC,LIRC00053F,2023-06-05,6:29 PM,Hwy-rail crossing,0,JEFFERSONVILLE,IN,84.0,3,Dusk,Clear,Main,,0,0,209341,222358,M308,38.340085000000002,-85.747882000000004
UP,0815WH005,2015-08-12,11:05 PM,Derailment,0,WICHITA,KS,85.0,4,Dark,Clear,Yard,Freight Train,8,247266,13949,261215,T211,37.736953,-97.311910999999995
BNSF,HL1220115,2020-12-26,8:44 AM,Derailment,0,GRAND ISLAND,NE,45.0,1,Dawn,Clear,Yard,Freight Train,8,221227,200,221427,H503,40.970027000000002,-98.462322
MBTA,7068,2017-09-09,11:42 PM,Other (describe in narrative),0,COHASSET,MA,60.0,4,Dark,Rain,Main,Passenger Train - Pulling,45,28043,0,28043,M404,42.230728999999997,-70.796242000000007
BNSF,MT0824201,2024-08-08,2:39 PM,Hwy-rail crossing,0,BAINVILLE,MT,71.0,2,Day,Clear,Main,Freight Train,68,13000,0,13000,M308,48.143065,-104.374155
NS,132261,2019-01-02,7:20 PM,Side collision,0,BELLEVUE,OH,32.0,3,Dusk,Clear,Yard,Yard/switching,6,2054,10248,15678,H607,41.288305999999999,-82.801342000000005
CSX,000182143,2019-04-03,7:13 AM,Derailment,0,NEWBURG,MD,56.0,1,Dawn,Clear,Industry,Freight Train,5,29801,1000,30801,M506,38.366357000000001,-76.957879000000005
BNSF,KS1023105,2023-10-13,3:43 AM,Derailment,0,BOISE CITY,OK,42.0,4,Dark,Clear,Main,Freight Train,20,22737,9000,31737,E22C,36.837406999999999,-102.52086300000001
BNSF,SW0422101,2022-04-01,12:14 PM,Derailment,0,CLOVIS,NM,65.0,2,Day,Clear,Yard,Yard/switching,8,900,15136,16036,H209,34.396746999999998,-103.205955
NS,137357,2020-03-02,8:00 PM,Other impacts,0,DECATUR,IL,45.0,4,Dark,Clear,Yard,Cut of cars,4,102963,0,278603,H018,39.862597999999998,-88.881304999999998
KO,IN200822,2020-08-22,10:00 PM,Hwy-rail crossing,0,ROZEL,KS,75.0,4,Dark,Clear,Main,Freight Train,5,16800,0,16800,M302,38.189844999999998,-99.351678000000007
CSX,000162625,2016-09-02,7:27 PM,Side collision,0,RIVERDALE,IL,73.0,2,Day,Clear,Yard,Yard/switching,2,8528,0,14300,H307,41.650201000000003,-87.645272000000006
ATK,177929,2024-01-06,2:14 PM,Other (describe in narrative),0,CARBONDALE,IL,39.0,2,Day,Cloudy,Main,Passenger Train - Pushing,6,0,0,25000,H702,37.728205000000003,-89.216399999999993
ALS,201126,2020-11-26,6:20 PM,Derailment,0,EAST ST LOUIS,IL,45.0,3,Dusk,Clear,Yard,Yard/switching,4,8500,11113,19613,H525,38.587569000000002,-90.129170999999999
MNCW,2019169,2019-11-13,3:58 AM,Other impacts,0,CROTON ON HUDSON,NY,22.0,4,Dark,Clear,Yard,EMU,1,24000,0,25000,E31C,41.195723999999998,-73.886481000000003
CSX,000169393,2017-06-05,1:58 AM,Derailment,0,ABERDEEN,NC,68.0,4,Dark,Cloudy,Main,Freight Train,34,39772,268722,308494,E53C,35.078592,-79.461731
BNSF,TC1019104,2019-10-09,7:50 AM,Derailment,0,DILWORTH,MN,45.0,1,Dawn,Clear,Yard,Light loco(s),5,15000,3000,18000,H607,46.874130999999998,-96.704464999999999
NJTR,201911592,2019-10-29,12:45 PM,Rear end collision,0,HOBOKEN,NJ,59.0,2,Day,Clear,Yard,Light loco(s),9,8090,1549,173829,H306,40.734451,-74.035336000000001
LI,70431,2019-09-08,8:57 PM,Derailment,0,RICHMOND HILL,NY,70.0,4,Dark,Cloudy,Yard,Yard/switching,3,9050,2566,11616,H607,40.696041999999998,-73.822342000000006
BNSF,MT1115105,2015-11-21,5:50 PM,Derailment,0,GLENDIVE,MT,28.0,3,Dusk,Clear,Yard,Yard/switching,4,25000,268616,293616,H307,47.111204999999998,-104.705445
UP,1121MA047,2021-11-17,2:53 PM,Obstruction,0,MAPLEWOOD,MO,50.0,2,Day,Rain,Main,,0,0,0,55483,M404,38.624144000000001,-90.271642999999997
ITHR,210921001,2021-09-21,9:15 AM,Obstruction,0,ITHACA,NY,65.0,2,Day,Clear,Main,Spec. MoW Equip.,7,50000,0,50000,H207,42.359496999999998,-76.553662000000003
BNSF,TX0615112,2015-06-18,11:00 AM,Other (describe in narrative),0,ARKANSAS CITY,KS,93.0,2,Day,Clear,Yard,Yard/switching,7,20922,0,20922,H318,37.059570999999998,-97.032148000000007
NYSW,150528B,2015-05-28,5:25 AM,Derailment,0,CHENANGO FORKS,NY,65.0,1,Dawn,Cloudy,Main,Freight Train,10,0,1914395,1914395,M405,42.237958999999996,-75.848656000000005
NS,124505,2017-03-28,9:18 PM,Derailment,0,LEXINGTON,NC,57.0,4,Dark,Cloudy,Yard,Yard/switching,7,27000,9442,36442,E86C,35.750635000000003,-80.318237999999994
KO,160217002,2016-02-16,1:00 PM,Fire/violent rupture,0,WICHITA,KS,75.0,2,Day,Clear,Main,Freight Train,9,0,20000,20000,H599,37.707754000000001,-97.392802000000003
IC,1104916,2022-06-07,8:35 AM,Derailment,0,BROOKHAVEN,MS,87.0,2,Day,Clear,Main,Freight Train,32,2024,235521,237545,E51C,31.567713000000001,-90.448036000000002
CSX,000211497,2023-05-25,8:07 AM,Derailment,0,SELKIRK,NY,60.0,2,Day,Clear,Yard,Yard/switching,1,139857,4059,143916,E64C,42.566077999999997,-73.854462999999996
CSX,000198101,2021-06-07,6:30 PM,Derailment,0,SENECA,IL,78.0,2,Day,Rain,Industry,Freight Train,3,45093,900,45993,H306,41.322161999999999,-88.603632000000005
NS,152581,2023-03-19,7:30 AM,Side collision,0,BELLEVUE,OH,30.0,1,Dawn,Cloudy,Yard,Yard/switching,3,300,0,115908,H399,41.288345,-82.801972000000006
NS,121283,2016-07-16,2:15 AM,Derailment,0,PORT DICKINSON,NY,62.0,4,Dark,Cloudy,Yard,Yard/switching,7,1300,300,51800,H306,42.098658999999998,-75.856665000000007
BRC,14281,2019-07-20,5:55 PM,Derailment,0,BEDFORD PARK,IL,90.0,2,Day,Clear,Yard,,0,0,5596,17600,H503,41.764046,-87.727245999999994
BNSF,HL0224102,2024-02-01,4:25 PM,Derailment,0,AMORY,MS,54.0,2,Day,Clear,Yard,Yard/switching,5,3000,481000,484000,H607,33.988379999999999,-88.493865
IHB,2680,2021-05-07,8:45 PM,Other impacts,0,RIVERDALE,IL,50.0,4,Dark,Clear,Yard,Yard/switching,2,12644,0,12644,H318,41.641423000000003,-87.654292999999996
WC,864340,2015-09-01,7:13 PM,Other impacts,0,JOLIET,IL,72.0,3,Dusk,Clear,Yard,Yard/switching,3,35840,75,35915,H310,41.531992000000002,-88.059021000000001
BNSF,NW1016110,2016-10-07,10:00 AM,Other (describe in narrative),0,BEND,OR,45.0,2,Day,Clear,Main,Maint./inspect Car,4,41400,0,41400,H997,43.953570999999997,-121.37066799999999
NJTR,202311458,2023-10-09,8:23 PM,Derailment,0,KEARNY,NJ,64.0,4,Dark,Clear,Yard,Yard/switching,6,25250,0,25250,H704,40.743692000000003,-74.102754000000004
PTO,08081501,2015-08-08,6:00 AM,Derailment,0,PORTLAND,OR,65.0,1,Dawn,Clear,Yard,Yard/switching,6,8500,2500,11000,H703,45.5486,-122.7109
UP,0922HL006,2022-09-02,3:30 PM,Other impacts,0,GUYMON,OK,95.0,2,Day,Clear,Main,Cut of cars,5,21169,0,21268,H302,36.678170999999999,-101.484409
UP,0417PR005,2017-04-03,2:00 PM,Other impacts,0,NORTHLAKE,IL,40.0,2,Day,Rain,Yard,Single Car,5,79623,0,79892,M411,41.899692000000002,-87.908587999999995
NS,144107,2022-01-21,11:00 PM,Derailment,0,PORTSMOUTH,OH,72.0,4,Dark,Clear,Yard,Yard/switching,7,12200,861,13061,E32C,38.736825000000003,-82.957245999999998
CRSH,146813,2023-12-22,10:46 AM,Other impacts,0,NEWARK,NJ,34.0,2,Day,Clear,Yard,Yard/switching,5,126052,0,128166,M407,40.706501000000003,-74.133751000000004
LI,80145,2023-07-09,8:20 PM,Derailment,0,RICHMOND HILL,NY,73.0,3,Dusk,Cloudy,Yard,Light loco(s),5,30048,0,30048,H303,40.698019000000002,-73.817965000000001
NS,140864,2021-03-08,3:25 PM,Side collision,0,BUFFALO,NY,45.0,2,Day,Clear,Yard,Yard/switching,3,0,0,24500,H306,42.876891999999998,-78.832408000000001
CSX,000212475,2023-07-24,8:10 AM,Derailment,0,WALBRIDGE,OH,70.0,2,Day,Clear,Yard,Yard/switching,6,8096,28524,36620,H702,41.571469,-83.492326000000006
CSX,000162625,2016-09-02,7:27 PM,Side collision,0,RIVERDALE,IL,73.0,2,Day,Clear,Yard,Yard/switching,7,5772,0,14300,H307,41.650201000000003,-87.645272000000006
BNSF,TC0817101,2017-08-06,4:00 AM,Derailment,0,MINNEAPOLIS,MN,62.0,1,Dawn,Cloudy,Yard,Light loco(s),7,10000,1000,11000,H307,45.031875999999997,-93.271546999999998
ATK,152899,2018-04-16,5:30 PM,Other (describe in narrative),0,NEWARK,NJ,50.0,2,Day,Cloudy,Main,,0,0,0,13197,H999,40.710096999999998,-74.194181999999998
BNSF,HL0323113,2023-03-11,9:51 AM,Obstruction,0,TUPELO,MS,60.0,2,Day,Clear,Industry,Freight Train,2,24686,0,24686,H307,34.233336000000001,-88.689479000000006
NS,133903,2019-05-11,3:00 AM,Derailment,0,BELLEVUE,OH,42.0,4,Dark,Clear,Yard,Freight Train,7,5310,30716,36026,S011,41.292310000000001,-82.784211999999997
BNSF,RD0923122,2023-09-14,6:20 AM,Derailment,0,DAVIS,OK,80.0,1,Dawn,Cloudy,Industry,Freight Train,10,8933,20000,28933,M203,34.492750999999998,-97.116990999999999
UP,0515NP015,2015-05-13,5:45 PM,Other impacts,0,NORTH PLATTE,NE,60.0,2,Day,Rain,Yard,Yard/switching,3,0,2165,12319,S007,41.150601000000002,-100.84558699999999
NS,131415,2018-10-23,1:40 PM,Other impacts,0,CLEVELAND,OH,54.0,2,Day,Cloudy,Yard,Yard/switching,5,10978,315,22084,H099,41.422254000000002,-81.798125999999996
BNSF,HL0219103,2019-02-18,6:44 PM,Other impacts,0,LINCOLN,NE,20.0,3,Dusk,Clear,Yard,Yard/switching,5,50680,0,50680,H316,40.808138,-96.754424999999998
UP,0221GP007,2021-02-07,11:22 AM,Other impacts,0,NORTH PLATTE,NE,2.0,2,Day,Snow,Yard,Single Car,4,0,240600,253326,S007,41.148570999999997,-100.84716
CSX,000208300,2022-11-11,5:40 AM,Hwy-rail crossing,0,JERSEY CITY,NJ,52.0,1,Dawn,Cloudy,Main,Freight Train,9,0,0,15245,M302,40.739348,-74.069433000000004
UP,0116PD017,2016-01-30,9:02 AM,Derailment,0,UNION,OR,32.0,2,Day,Cloudy,Main,Freight Train,49,12654,134065,146719,E53C,45.234617,-117.943893
PNRW,PN160718A,2016-07-18,1:17 PM,Hwy-rail crossing,0,RANLO,NC,84.0,2,Day,Clear,Main,Freight Train,26,112203,27477,139680,M302,35.277275000000003,-81.120739
CSX,000179778,2018-11-10,7:05 AM,Hwy-rail crossing,0,CUMBERLAND,MD,36.0,1,Dawn,Clear,Main,Light loco(s),10,400,15520,15920,M303,39.655982999999999,-78.766153000000003
MNCW,73250,2020-09-30,3:08 AM,Other impacts,0,BREWSTER,NY,58.0,4,Dark,Rain,Yard,EMU,0,10789,0,10789,H018,41.408220999999998,-73.621851000000007
BNSF,SW0919109,2019-09-21,10:28 PM,Derailment,0,GRANTS,NM,72.0,4,Dark,Clear,Main,Freight Train,58,2000,314582,316582,E4TC,35.110657000000003,-107.786974
BRC,14364,2020-04-29,7:27 AM,Derailment,0,BEDFORD PARK,IL,59.0,1,Dawn,Rain,Yard,,0,0,1000,52479,H303,41.769030999999998,-87.759378999999996
NS,151553,2022-11-25,3:30 AM,Derailment,0,GREENSBORO,NC,46.0,4,Dark,Rain,Yard,Freight Train,5,12003,8900,20903,H306,36.059097999999999,-79.845506999999998
NS,138641,2020-07-25,7:30 AM,Other impacts,0,BELLEVUE,OH,75.0,1,Dawn,Clear,Yard,Single Car,0,8388,1500,20356,H312,41.288297999999998,-82.797780000000003
CFE,CFE677815S,2015-01-08,2:00 PM,Other impacts,0,LIMA,OH,5.0,2,Day,Snow,Yard,Freight Train,4,155538,0,155538,H302,40.757161000000004,-84.139657999999997
WE,CA23005,2023-10-19,10:06 AM,Hwy-rail crossing,0,KIDRON,OH,60.0,2,Day,Cloudy,Main,Freight Train,33,11402,465,11867,M304,40.759903000000001,-81.703565999999995
UP,0517CB005,2017-05-08,5:30 AM,Obstruction,0,COLUMBUS,NE,60.0,1,Dawn,Clear,Main,Freight Train,50,60,46708,46768,M402,41.409883000000001,-97.443956
FEC,X07021418,2018-02-14,8:11 PM,Hwy-rail crossing,0,BOCA RATON,FL,75.0,4,Dark,Clear,Main,,0,0,160,20692,M303,26.340083,-80.089584000000002
BNSF,CH0720110,2020-07-14,4:00 PM,Rear end collision,0,ORRICK,MO,92.0,2,Day,Clear,Main,Spec. MoW Equip.,18,187500,0,375000,H997,39.191445999999999,-94.137935999999996
KCS,15010402,2015-01-04,1:45 PM,Other impacts,0,HEAVENER,OK,29.0,2,Day,Clear,Yard,Yard/switching,5,23127,0,23127,H018,34.889000000000003,-94.603999999999999
UP,0319GC050,2019-03-20,10:03 PM,Derailment,0,MANSFIELD,LA,56.0,4,Dark,Cloudy,Main,Freight Train,0,180011,116111,406974,E64C,32.136164000000001,-93.479861
UP,0422GC002,2022-04-02,8:00 AM,Other impacts,0,LOTTIE,LA,59.0,2,Day,Clear,Yard,Single Car,10,0,0,16317,M201,30.517555999999999,-91.545199999999994
CSX,000198642,2021-07-03,11:38 AM,Side collision,0,LIMA,OH,74.0,2,Day,Cloudy,Yard,Light loco(s),2,55608,6734,109342,H017,40.792597000000001,-84.091229999999996
BNSF,SW1219108,2019-12-14,7:57 AM,Derailment,0,BELEN,NM,23.0,1,Dawn,Cloudy,Main,Freight Train,20,5000,77339,82339,H607,34.772894999999998,-106.85938
BNSF,PR1222106,2022-12-15,5:26 AM,Other (describe in narrative),0,HARRISON,NE,24.0,1,Dawn,Snow,Main,Freight Train,45,93547,0,93547,E32C,42.839215000000003,-103.526709
UP,0322GL001,2022-03-01,12:30 AM,Derailment,0,DES MOINES,IA,46.0,4,Dark,Cloudy,Yard,Yard/switching,10,659,92800,93459,T221,41.589571999999997,-93.562562
NS,154393,2023-10-03,5:30 PM,Other impacts,0,MELVINDALE,MI,78.0,3,Dusk,Clear,Yard,Single Car,3,5000,15000,20000,H312,42.274369,-83.189284000000001
UP,1219HL019,2019-12-23,6:00 PM,Derailment,0,COFFEYVILLE,KS,50.0,3,Dusk,Clear,Yard,Yard/switching,3,86734,57816,144550,H704,37.022345000000001,-95.624566999999999
BNSF,RD0417122,2017-04-27,5:49 PM,Derailment,0,ENID,OK,70.0,3,Dusk,Clear,Yard,Freight Train,8,37814,125136,162950,M204,36.412236999999998,-97.858512000000005
CSX,000169505,2017-06-10,10:30 PM,Derailment,0,KEARNY,NJ,85.0,4,Dark,Clear,Yard,Freight Train,10,74668,818,75486,H704,40.743020000000001,-74.100027999999995
BNSF,HL0117113,2017-01-16,9:19 PM,Derailment,0,OMAHA,NE,33.0,4,Dark,Rain,Yard,Yard/switching,4,1250,0,30950,H318,41.217914,-95.927959000000001
KCS,18021201,2018-02-12,3:00 AM,Side collision,0,MOSSVILLE,LA,38.0,4,Dark,Clear,Yard,Yard/switching,1,7024,0,22062,H318,30.259581000000001,-93.306702000000001
CFE,CFE902921D,2021-10-07,7:41 PM,Derailment,0,FORT WAYNE,IN,75.0,4,Dark,Cloudy,Yard,Yard/switching,6,12317,40818,53135,E41C,41.055317000000002,-85.083412999999993
UP,0219HL004,2019-02-07,7:31 PM,Derailment,0,KANSAS CITY,KS,13.0,3,Dusk,Clear,Yard,Yard/switching,4,3081,15657,18738,H702,39.096228000000004,-94.668384000000003
LIRC,0103201901,2019-01-03,12:38 AM,Hwy-rail crossing,0,CLARKSVILLE,IN,41.0,4,Dark,Clear,Main,,0,0,25000,33493,M399,38.341977999999997,-85.747524999999996
NS,123774,2017-01-31,3:00 AM,Derailment,0,SHINROCK,OH,27.0,4,Dark,Snow,Yard,Freight Train,6,16404,14084,30488,H702,41.340150999999999,-82.546879000000004
BNSF,KS0415101,2015-04-02,4:55 AM,Derailment,0,WICHITA,KS,60.0,4,Dark,Clear,Main,,0,0,25741,295505,H607,37.711488000000003,-97.330357000000006
NS,114072,2015-01-28,9:40 AM,Other impacts,0,BELLEVUE,OH,18.0,2,Day,Clear,Yard,Yard/switching,3,16000,0,16000,M408,41.286172999999998,-82.810423999999998
LSRC,D230203,2023-02-03,7:47 AM,Derailment,0,KAWKAWLIN,MI,22.0,4,Dark,Clear,Main,Freight Train,10,65914,0,94738,M405,43.650911000000001,-83.937709999999996
BNSF,KS0516112,2016-05-18,12:45 PM,Other (describe in narrative),0,ALVA,OK,81.0,2,Day,Clear,Main,Maint./inspect Car,5,20000,0,20000,H997,36.812359999999998,-98.696789999999993
LI,69826,2019-05-25,3:02 AM,Side collision,0,SPEONK,NY,56.0,4,Dark,Clear,Main,Passenger Train - Pulling,30,245702,32566,450301,S009,40.820376000000003,-72.698667
UP,1015PR018,2015-10-19,8:44 PM,Other (describe in narrative),0,NORTHLAKE,IL,60.0,3,Dusk,Cloudy,Yard,Single Car,10,54271,0,54271,H601,41.895952999999999,-87.907422999999994
CSX,000156726,2016-02-02,1:00 AM,Other impacts,0,CINCINNATI,OH,35.0,4,Dark,Clear,Yard,Cut of cars,11,45126,0,45126,M407,39.104322000000003,-84.538946999999993
CSX,000185306,2019-09-11,7:30 PM,Derailment,0,ROCKINGHAM,NC,80.0,3,Dusk,Cloudy,Industry,Freight Train,5,38374,85097,123471,M501,34.921756999999999,-79.813601000000006
CSX,000180439,2018-12-20,6:45 PM,Fire/violent rupture,0,MARK CENTER,OH,38.0,3,Dusk,Rain,Main,Freight Train,41,155000,0,155000,E74L,41.288899000000001,-84.621769999999998
NS,142583,2021-08-11,6:30 PM,Other impacts,0,OSCEOLA,IN,72.0,3,Dusk,Clear,Yard,Light loco(s),5,10000,894,17894,H305,41.666583000000003,-86.033423999999997
UP,0824GP008,2024-08-06,2:20 AM,Other (describe in narrative),0,NORTH PLATTE,NE,64.0,4,Dark,Clear,Yard,Yard/switching,4,59941,0,59941,E29C,41.146504,-100.836862
UP,1122HL027,2022-11-29,10:30 AM,Other impacts,0,OKLAHOMA CITY,OK,61.0,2,Day,Clear,Yard,Cut of cars,0,0,0,11704,E21C,35.468124000000003,-97.495301999999995
BNSF,PR1220110,2020-12-31,4:50 PM,Derailment,0,SCOTTSBLUFF,NE,33.0,2,Day,Clear,Main,Freight Train,45,57000,80200,137200,E51C,41.844405000000002,-103.621672
UP,0720PR020,2020-07-19,12:25 AM,Other impacts,0,NORTHLAKE,IL,82.0,4,Dark,Clear,Yard,Cut of cars,1,4903,0,20682,M105,41.926834999999997,-87.915205
LI,70992,2019-11-22,9:27 PM,Derailment,0,JAMAICA,NY,42.0,4,Dark,Clear,Main,EMU,13,300000,96769,396769,T211,40.700733,-73.804125999999997
BNSF,RD0123114,2023-01-20,3:06 AM,Derailment,0,TULSA,OK,30.0,4,Dark,Clear,Yard,Yard/switching,9,425137,0,990636,H307,36.132241999999998,-96.009901999999997
CSX,000183970,2019-07-07,4:48 PM,Obstruction,0,SAVANNAH,NY,86.0,3,Dusk,Cloudy,Main,,0,0,0,12875,M402,43.066451999999998,-76.802251999999996
ATK,164550,2020-06-05,1:16 PM,Obstruction,0,KENTWOOD,LA,86.0,2,Day,Rain,Main,Passenger Train - Pulling,79,12721,0,12721,M404,30.976054999999999,-90.485512
CSX,000199787,2021-08-31,12:35 AM,Other impacts,0,INDIANAPOLIS,IN,72.0,4,Dark,Clear,Yard,Yard/switching,0,125618,500,132991,H020,39.762937999999998,-86.106987000000004
UP,0420GC008,2020-04-08,12:28 AM,Other impacts,0,LIVONIA,LA,73.0,4,Dark,Cloudy,Yard,Yard/switching,3,38788,3327,42874,E06C,30.531828999999998,-91.560668000000007