reportingrailroadcode,accidentnumber,date,time,accidenttype,hazmatreleasedcars,station,stateabbr,temperature,visibility_code,visibility,weathercondition,tracktype,equipmenttype,trainspeed,equipmentdamagecost,trackdamagecost,totaldamagecost,primaryaccidentcausecode,latitude,longitude
CRSH,127709,2017-12-08,2:07 PM,Derailment,0,UNION,NJ,36.0,2,Day,Clear,Main,,0,0,930044,2047522,T220,40.681342999999998,-74.242453999999995
CRSH,132769,2019-01-15,11:31 AM,Raking collision,0,NEWARK,NJ,36.0,2,Day,Clear,Yard,Cut of cars,3,56481,0,56481,S016,40.706612,-74.134557999999998
BRS,210928004,2021-09-28,4:45 PM,Other impacts,0,BATON ROUGE,LA,80.0,2,Day,Clear,Yard,Cut of cars,5,77685,0,77685,H018,30.577766,-91.223410999999999
GTW,1134842,2023-06-27,12:30 PM,Side collision,0,BATTLE CREEK,MI,72.0,2,Day,Cloudy,Yard,Yard/switching,2,224,0,27866,H301,42.335284000000001,-85.143471000000005
CSX,000180431,2018-12-20,10:27 PM,Derailment,0,BUFFALO,NY,41.0,4,Dark,Rain,Yard,Yard/switching,9,8417,2500,10917,E86C,42.901972999999998,-78.773441000000005
AGR,AGR148217,2017-12-28,4:00 PM,Head on collision,0,PICKENSVILLE,AL,40.0,2,Day,Cloudy,Main,Light loco(s),24,65000,0,140000,H607,33.213881000000001,-88.273623000000001
NIRC,9419001921,2023-12-28,3:13 PM,Hwy-rail crossing,0,HAINESVILLE,IL,41.0,2,Day,Cloudy,Main,Commuter Train - Pushing,60,18415,0,18415,M308,42.339162000000002,-88.058366000000007
UP,0219MA011,2019-02-07,9:04 AM,Derailment,0,DEXTER,MO,66.0,2,Day,Rain,Main,Freight Train,20,610116,183870,793986,M105,36.794431000000003,-89.961851999999993
NS,119484,2015-05-30,3:20 AM,Other (describe in narrative),0,BRADY LAKE,OH,63.0,4,Dark,Clear,Main,Passenger Train - Pulling,50,20480,0,20480,M208,41.177506999999999,-81.326804999999993
CSX,000162810,2016-09-09,2:15 AM,Derailment,0,ROSE HILL,NC,70.0,4,Dark,Clear,Industry,Freight Train,6,15879,328,16207,H303,34.804102999999998,-78.021557000000001
CSX,000187621,2020-01-01,9:30 AM,Side collision,0,NORTH BALTIMORE,OH,31.0,2,Day,Cloudy,Yard,Light loco(s),8,53430,12100,135451,H306,41.182015999999997,-83.684342000000001
KCS,20042906,2020-04-29,11:05 AM,Derailment,0,SHREVEPORT,LA,75.0,2,Day,Clear,Yard,Light loco(s),4,11208,276634,377313,H607,32.542838000000003,-93.845760999999996
LI,GR20170802,2017-08-30,9:01 AM,Hwy-rail crossing,0,CENTRAL ISLIP,NY,68.0,2,Day,Clear,Main,EMU,40,22000,0,22000,M302,40.790323999999998,-73.201772000000005
BNSF,SW1215103,2015-12-27,1:38 AM,Derailment,0,MELROSE,NM,27.0,4,Dark,Snow,Main,Freight Train,0,34992,60000,94992,M105,34.420594000000001,-103.579633
BNSF,RD0124108,2024-01-11,3:19 AM,Derailment,0,ENID,OK,25.0,4,Dark,Clear,Yard,Yard/switching,9,343831,97999,441830,T220,36.412241999999999,-97.857033000000001
ATK,144521,2016-10-05,9:31 AM,Hwy-rail crossing,0,CRUGER,MS,70.0,2,Day,Clear,Main,Passenger Train - Pulling,79,120613,0,120638,M302,33.278488000000003,-90.222153000000006
MQT,MQT178516A,2016-12-19,10:00 PM,Other (describe in narrative),0,STRONACH,MI,19.0,4,Dark,Clear,Main,Freight Train,19,24166,0,24166,E74L,44.210289000000003,-86.267910000000001
UP,0119ST045,2019-01-20,8:35 AM,Other impacts,0,LA MESA,NM,30.0,2,Day,Clear,Yard,Freight Train,16,2500,100,56800,H702,31.913215999999998,-106.758476
UP,0417KC024,2017-04-30,5:30 AM,Other impacts,0,KANSAS CITY,MO,50.0,1,Dawn,Rain,Yard,Yard/switching,4,15416,0,41626,S012,39.123171999999997,-94.512679000000006
BRC,14752,2024-02-28,12:23 AM,Derailment,0,CHICAGO,IL,23.0,4,Dark,Cloudy,Yard,Yard/switching,7,15464,0,15464,T221,41.767580000000002,-87.742779999999996
BNSF,HL0724102,2024-07-02,10:15 AM,Derailment,0,LINCOLN,NE,85.0,2,Day,Clear,Yard,Yard/switching,4,310,18686,18996,H312,40.861761000000001,-96.635668999999993
BNSF,HL0918119,2018-09-22,2:45 AM,Derailment,0,SPRINGFIELD,MO,72.0,4,Dark,Cloudy,Yard,Yard/switching,4,23147,0,23147,E30C,37.226793999999998,-93.328641000000005
BNSF,TC1223203,2023-12-18,3:08 PM,Hwy-rail crossing,0,ASHLAND,NE,40.0,2,Day,Clear,Main,Freight Train,45,15000,0,15000,M302,41.074162000000001,-96.355383000000003
UP,0424HL019,2024-04-17,12:15 AM,Derailment,0,NORTH KANSAS CITY,MO,65.0,4,Dark,Clear,Yard,Freight Train,4,14480,0,23459,H702,39.146341999999997,-94.550787
NICD,N1500026,2015-10-13,5:15 PM,Hwy-rail crossing,0,MICHIGAN CITY,IN,60.0,2,Day,Clear,Main,Passenger Train - Pulling,40,12723,0,12723,M308,41.713154000000003,-86.87764
BNSF,HL0524116,2024-05-21,9:07 AM,Derailment,0,CHEROKEE,KS,80.0,2,Day,Cloudy,Main,Spec. MoW Equip.,0,500000,0,500000,H993,37.336354,-94.820656999999997
BNSF,KS0515101,2015-05-01,12:30 PM,Derailment,0,KANSAS CITY,KS,75.0,2,Day,Cloudy,Yard,Yard/switching,4,45304,0,45304,H702,39.084333000000001,-94.678272000000007
UP,0316WH005,2016-03-10,7:21 PM,Derailment,0,SALLISAW,OK,60.0,4,Dark,Cloudy,Main,Freight Train,39,3408,13150,16558,M404,35.482233999999998,-94.885003999999995
NS,137193,2020-02-16,6:45 AM,Other impacts,0,CHICAGO,IL,23.0,1,Dawn,Cloudy,Industry,Freight Train,3,35000,0,35000,H302,41.822220000000002,-87.654617999999999
NS,141484,2021-05-08,8:56 AM,Other impacts,0,BELLEVUE,OH,45.0,2,Day,Clear,Yard,Single Car,0,2000,0,12618,H312,41.29034,-82.788150999999999
UP,0724GP002,2024-07-03,4:30 AM,Other impacts,0,NORTH PLATTE,NE,57.0,1,Dawn,Clear,Yard,Cut of cars,9,994,0,18522,E06C,41.15213,-100.82503199999999
UP,0218LK007,2018-02-03,2:20 PM,Other impacts,0,SHREVEPORT,LA,64.0,2,Day,Cloudy,Yard,Yard/switching,6,45311,0,47925,H020,32.424774999999997,-93.889393999999996
UP,0818KC023,2018-08-28,5:20 PM,Other impacts,0,KANSAS CITY,KS,78.0,2,Day,Rain,Yard,Cut of cars,7,414,0,92236,H607,39.145308999999997,-94.603318999999999
NS,146213,2022-08-17,7:00 AM,Other (describe in narrative),0,PETAL,MS,80.0,1,Dawn,Clear,Siding,Freight Train,6,11821,2438,14259,H702,31.373624,-89.267509000000004
NS,155720,2024-02-09,4:30 PM,Raking collision,0,ELKHART,IN,60.0,3,Dusk,Clear,Yard,Yard/switching,7,771,0,22769,M408,41.677391999999998,-85.978437
BNSF,RD0618120,2018-06-27,9:45 AM,Derailment,0,TULSA,OK,95.0,2,Day,Clear,Yard,Yard/switching,9,159208,359739,518947,M409,36.130693999999998,-96.010356000000002
BNSF,HL0123113,2023-01-18,3:28 AM,Derailment,0,SPRINGFIELD,MO,37.0,4,Dark,Rain,Yard,Yard/switching,4,37241,94168,131409,H021,37.227243999999999,-93.329735999999997
MCER,20220609,2022-06-09,12:50 PM,Derailment,0,PALMER,MA,79.0,2,Day,Cloudy,Main,Freight Train,22,20000,17513,37513,M405,42.209372000000002,-72.313130000000001
IC,902836,2016-10-05,9:31 AM,Hwy-rail crossing,0,CRUGER,MS,70.0,2,Day,Clear,Main,,0,0,25,120638,M302,33.278488000000003,-90.222153000000006
RSR,RSR511220A,2020-08-05,10:10 AM,Other (describe in narrative),0,ROCHESTER,NY,73.0,2,Day,Clear,Yard,Single Car,0,38442,0,38442,M599,43.135995999999999,-77.669600000000003
BNSF,RD0520104,2020-05-04,8:03 PM,Derailment,0,ENID,OK,85.0,3,Dusk,Clear,Yard,Cut of cars,0,2025,0,32900,H307,36.412427999999998,-97.852114999999998
NYA,072018,2018-07-20,3:30 PM,Derailment,0,NEW YORK -QUEENS,NY,80.0,2,Day,Clear,Yard,Yard/switching,2,39894,71127,111021,H506,40.707968000000001,-73.889500999999996
UP,0818ES008,2018-08-06,11:30 AM,Obstruction,0,ARKADELPHIA,AR,100.0,2,Day,Clear,Main,Spec. MoW Equip.,0,40000,0,40000,H997,34.060164999999998,-93.089248999999995
ATK,156136,2018-11-05,4:40 PM,Hwy-rail crossing,0,GAITHERSBURG,MD,54.0,3,Dusk,Rain,Main,Passenger Train - Pulling,53,19265,0,27490,M308,39.142195000000001,-77.203230000000005
IC,1043646,2020-08-03,1:19 PM,Hwy-rail crossing,0,TICKFAW,LA,93.0,2,Day,Clear,Main,,0,0,0,77386,M302,30.557091,-90.477028000000004
BNSF,RD0218114,2018-02-15,3:10 PM,Other impacts,0,TULSA,OK,69.0,2,Day,Clear,Yard,Yard/switching,8,34168,0,34168,M407,36.119475000000001,-96.011831000000001
NS,145042,2022-02-26,8:15 PM,Hwy-rail crossing,0,THOMASVILLE,NC,41.0,4,Dark,Rain,Main,,0,0,12000,23778,M302,35.889851999999998,-80.066648999999998
NS,133381,2019-03-28,2:45 PM,Derailment,0,MINGO JUNCTION,OH,58.0,2,Day,Clear,Industry,Freight Train,4,32861,0,32861,M404,40.310679,-80.610466000000002
NECR,NEC152322A,2022-08-01,5:00 PM,Raking collision,0,THREE RIVERS,MA,87.0,2,Day,Clear,Main,Spec. MoW Equip.,10,71677,0,71677,H997,42.180599999999998,-72.365136000000007
NMRX,24072022,2022-07-24,10:52 AM,Hwy-rail crossing,0,ALGODONES,NM,80.0,2,Day,Clear,Main,Commuter Train - Pulling,76,21076,0,21076,M308,35.388382999999997,-106.466263
UP,0322GL024,2022-03-23,7:44 PM,Other impacts,0,ST PAUL,MN,36.0,3,Dusk,Cloudy,Yard,Yard/switching,1,8453,99,30889,H318,44.907967999999997,-93.047139999999999
LSI,67748,2017-10-30,6:00 PM,Derailment,0,PALMER,MI,36.0,3,Dusk,Cloudy,Main,Freight Train,16,189000,56821,245821,T220,46.502997999999998,-87.562821999999997
PNWR,PNW964816G,2016-05-05,8:39 AM,Hwy-rail crossing,0,SCAPPOOSE,OR,59.0,2,Day,Clear,Main,Freight Train,10,463,11120,11583,M302,45.780234999999998,-122.87361900000001
NS,141479,2021-05-07,7:45 AM,Derailment,0,BROOKLYN,MO,58.0,1,Dawn,Clear,Main,Freight Train,5,1500,0,18182,H503,38.654376999999997,-90.187217000000004
UP,1223HL017,2023-12-20,2:00 PM,Derailment,0,KANSAS CITY,KS,55.0,2,Day,Cloudy,Industry,Yard/switching,4,7994,10867,18861,H306,39.142792,-94.603588999999999
NS,124273,2017-03-11,1:30 AM,Derailment,0,VANCE,AL,50.0,4,Dark,Clear,Industry,Freight Train,2,4862,29742,34604,H306,33.172840000000001,-87.255280999999997
CSX,000173605,2017-12-21,2:47 PM,Hwy-rail crossing,0,AUBURNDALE,FL,81.0,2,Day,Cloudy,Main,,0,0,4483,28031,M303,28.054169999999999,-81.817599999999999
IC,1097598,2022-03-21,3:03 PM,Hwy-rail crossing,0,TICKFAW,LA,77.0,2,Day,Clear,Main,,0,0,0,29362,M302,30.557091,-90.477028000000004
NJTR,202104139,2021-03-26,10:35 AM,Other (describe in narrative),0,HOBOKEN,NJ,50.0,2,Day,Clear,Yard,Commuter Train - Pulling,5,12734,0,12734,H599,40.734124999999999,-74.031737000000007
BNSF,TC0616111,2016-06-14,9:45 PM,Derailment,0,FRIDLEY,MN,75.0,4,Dark,Rain,Yard,Light loco(s),5,500,12844,13344,S104,45.043033000000001,-93.271994000000007
NJTR,201801018,2017-12-04,3:48 AM,Derailment,0,PORT JERVIS,NY,32.0,4,Dark,Clear,Yard,Commuter Train - Pulling,7,19947,0,20766,H607,41.375109999999999,-74.694980000000001
CSX,000142524,2015-03-05,9:53 PM,Derailment,0,AVON,IN,9.0,4,Dark,Clear,Yard,Cut of cars,18,0,0,14812,M407,39.759341999999997,-86.347116
UP,1015SL004,2015-10-06,9:40 PM,Derailment,0,SALEM,IL,65.0,4,Dark,Clear,Yard,Freight Train,3,11000,528,11528,H607,38.648698000000003,-88.919118999999995
BNSF,RD0123114,2023-01-20,3:06 AM,Derailment,0,TULSA,OK,30.0,4,Dark,Clear,Yard,Light loco(s),5,529999,35500,990636,H307,36.132241999999998,-96.009901999999997
UP,1023PR015,2023-10-22,7:45 PM,Other impacts,0,BELLWOOD,IL,50.0,3,Dusk,Clear,Yard,Freight Train,0,9389,0,11841,H307,41.891331999999998,-87.871814000000001
GTW,956107,2018-04-18,8:20 PM,Derailment,0,DETROIT,MI,41.0,4,Dark,Clear,Main,Freight Train,10,32680,0,33680,E00C,42.327038999999999,-83.098265999999995
CSX,000217175,2024-03-17,3:00 PM,Other impacts,0,INDIANAPOLIS,IN,60.0,2,Day,Clear,Yard,Cut of cars,18,31627,0,31627,M407,39.759798000000004,-86.327516000000003
CSX,000147274,2015-06-04,10:20 PM,Derailment,0,AVON,IN,78.0,4,Dark,Clear,Yard,Light loco(s),4,27557,500,28057,H701,39.759222000000001,-86.353898999999998
UP,0224HL011,2024-02-17,5:40 AM,Other impacts,0,KANSAS CITY,KS,12.0,1,Dawn,Clear,Yard,Yard/switching,5,31603,83100,114703,H312,39.094802000000001,-94.653233
CSX,000196473,2021-03-19,8:30 PM,Derailment,0,LOUISVILLE,KY,49.0,4,Dark,Clear,Yard,Yard/switching,10,12330,1224,13554,M405,38.160708999999997,-85.749173999999996
LI,80249,2023-07-19,6:30 PM,Derailment,0,FAR ROCKAWAY,NY,81.0,3,Dusk,Cloudy,Main,EMU,9,160062,0,160062,M599,40.610061000000002,-73.749377999999993
KCS,21020802,2021-02-08,8:30 PM,Derailment,0,EAST ST LOUIS,IL,20.0,4,Dark,Snow,Main,Freight Train,7,1892,191,2083,T212,38.597397000000001,-90.158260999999996
NYSW,200521A,2020-05-21,1:10 PM,Side collision,0,KIRKWOOD,NY,64.0,2,Day,Clear,Yard,Freight Train,0,60410,2249,83847,H210,42.103895000000001,-75.889809999999997
NS,156020,2024-03-12,5:45 PM,Derailment,0,CINCINNATI,OH,65.0,3,Dusk,Clear,Yard,Freight Train,4,3750,13875,17625,H507,39.169243000000002,-84.474700999999996
NS,153897,2023-08-11,9:15 PM,Other (describe in narrative),0,MELVINDALE,MI,72.0,4,Dark,Cloudy,Yard,Yard/switching,5,1680,33270,34950,H702,42.273904999999999,-83.191023999999999
ATK,166693,2021-03-24,1:30 AM,Derailment,0,RENSSELAER,NY,52.0,4,Dark,Clear,Yard,Yard/switching,5,10913,13768,24681,H702,42.64405,-73.742080000000001
UP,0417PD005,2017-04-05,7:15 PM,Derailment,0,PORTLAND,OR,48.0,2,Day,Clear,Yard,Yard/switching,4,37241,500,37741,E64L,45.606707999999998,-122.764098
BNSF,CH0721113,2021-07-24,11:49 PM,Derailment,0,CICERO,IL,80.0,4,Dark,Clear,Yard,Freight Train,6,52600,16000,68600,H607,41.840961999999998,-87.754966999999994
LI,EQ20170903,2017-09-18,8:00 AM,Obstruction,0,LONG ISLAND CITY,NY,69.0,2,Day,Rain,Yard,EMU,3,64887,0,64887,M199,40.741320999999999,-73.958475000000007
UP,1117NP037,2017-11-22,7:18 PM,Other impacts,0,NORTH PLATTE,NE,38.0,4,Dark,Clear,Yard,Single Car,0,100,0,27477,M411,41.146756000000003,-100.83584500000001
CSX,000199472,2021-08-12,9:32 PM,Other impacts,0,CLEVELAND,OH,81.0,4,Dark,Cloudy,Industry,Cut of cars,2,32988,0,42588,H020,41.472878999999999,-81.679302000000007
NS,120712,2016-06-01,2:05 PM,Derailment,0,MIDDLETOWN,OH,92.0,2,Day,Clear,Yard,Freight Train,12,22209,1729,23938,H210,39.513084999999997,-84.392493000000002
CSX,000193992,2020-11-22,10:20 AM,Other impacts,0,SELKIRK,NY,35.0,2,Day,Cloudy,Yard,Single Car,2,995,0,12356,E99C,42.565902999999999,-73.854184000000004
UP,1121HL007,2021-11-14,8:11 AM,Other impacts,0,PARSONS,KS,39.0,2,Day,Clear,Yard,Freight Train,5,30714,0,59960,H306,37.362986999999997,-95.275672999999998
OSRR,OSR824521D,2021-07-07,7:50 PM,Derailment,0,ZANESVILLE,OH,85.0,3,Dusk,Cloudy,Main,Freight Train,10,17237,114891,132128,M204,39.941194000000003,-82.010193999999998
NS,129148,2018-04-13,4:15 PM,Other impacts,0,BELLEVUE,OH,78.0,3,Dusk,Clear,Yard,Single Car,0,1862,0,10862,M411,41.274422999999999,-82.833569999999995
MDS,040623MEWA,2023-04-06,11:10 AM,Derailment,0,SHUBUTA,MS,76.0,2,Day,Clear,Main,Freight Train,8,104849,81000,185849,T222,31.933700000000002,-88.712440000000001
NIRC,MRI108,2015-12-23,9:15 AM,Derailment,0,CHICAGO,IL,0.0,2,Day,Rain,Yard,Light loco(s),3,15000,0,15000,H303,41.893915,-87.696866999999997
NS,141840,2021-06-09,5:10 PM,Raking collision,0,EVENDALE,OH,82.0,3,Dusk,Rain,Yard,Cut of cars,0,60000,802,82135,H309,39.264108999999998,-84.420351999999994
NS,129148,2018-04-13,4:15 PM,Other impacts,0,BELLEVUE,OH,78.0,3,Dusk,Clear,Yard,Single Car,3,9000,0,10862,M411,41.274422999999999,-82.833569999999995
UP,1016PD022,2016-10-15,2:47 PM,Obstruction,0,SALEM,OR,61.0,2,Day,Clear,Main,,0,0,150,23433,M404,44.859095000000003,-122.9654
BNSF,RD0318104,2018-03-03,1:15 PM,Derailment,0,TULSA,OK,60.0,2,Day,Clear,Yard,Yard/switching,7,26034,18000,44034,H308,36.121074999999998,-96.010390999999998
BNSF,CH0318109,2018-02-25,5:30 AM,Obstruction,0,PEKIN,IL,38.0,1,Dawn,Clear,Main,Freight Train,10,500,0,11180,M404,40.621985000000002,-89.626412999999999
BNSF,KS0115102,2015-01-04,6:05 AM,Derailment,0,KANSAS CITY,KS,10.0,1,Dawn,Snow,Yard,Yard/switching,4,10695,12000,22695,M411,39.082295000000002,-94.691059999999993
BNSF,HL1218122,2018-12-26,12:15 AM,Derailment,0,ST LOUIS,MO,37.0,4,Dark,Clear,Yard,Freight Train,6,11000,800,16800,H607,38.602702000000001,-90.312251000000003
CSX,000156961,2016-02-09,9:54 AM,Other impacts,0,MARYSVILLE,OH,25.0,2,Day,Snow,Industry,Cut of cars,0,0,189045,648905,M501,40.201847999999998,-83.316180000000003
UP,0515NP015,2015-05-13,5:45 PM,Other impacts,0,NORTH PLATTE,NE,60.0,2,Day,Rain,Yard,Cut of cars,0,4452,0,12319,S007,41.150601000000002,-100.84558699999999
UP,0120HL037,2020-01-24,3:41 AM,Fire/violent rupture,0,WHITEWATER,KS,27.0,4,Dark,Cloudy,Main,Freight Train,30,17570,0,17570,E74L,37.928570999999998,-97.178128000000001
UP,0219HL034,2019-02-26,3:59 AM,Derailment,0,KANSAS CITY,MO,24.0,4,Dark,Cloudy,Yard,Yard/switching,2,10907,34911,45818,E06C,39.114004999999999,-94.481487000000001
CP,1001279933,2020-07-13,10:10 AM,Hwy-rail crossing,0,ROCHESTER,MN,73.0,2,Day,Clear,Main,Spec. MoW Equip.,5,60000,0,60000,M399,44.033242000000001,-92.558265000000006
MNCW,2017112411,2017-11-24,9:45 AM,Obstruction,0,NEW HAVEN,CT,42.0,2,Day,Clear,Yard,Yard/switching,1,19000,1000,20000,H999,41.29663,-72.925690000000003
LI,74125,2021-02-18,11:45 PM,Derailment,0,RICHMOND HILL,NY,28.0,4,Dark,Clear,Yard,Yard/switching,3,18779,0,18779,H702,40.697097999999997,-73.822024999999996
BNSF,SW1115104,2015-11-27,10:15 AM,Derailment,0,SOCORRO,NM,64.0,2,Day,Cloudy,Main,Freight Train,17,450000,5000,455000,M105,34.450268000000001,-106.501891
BNSF,KS1217100,2017-12-07,5:15 AM,Side collision,0,KANSAS CITY,KS,15.0,1,Dawn,Clear,Yard,Yard/switching,6,340689,0,388193,H307,39.087248000000002,-94.697770000000006
UP,0721HL008,2021-07-13,9:17 PM,Derailment,0,VINITA,OK,82.0,4,Dark,Clear,Main,Freight Train,43,3434,171600,175034,E62C,36.728721,-95.094077999999996
BNSF,SW0724112,2024-07-23,8:32 AM,Derailment,0,BELEN,NM,80.0,1,Dawn,Clear,Main,Freight Train,20,3500,15868,19368,H705,34.520958999999998,-106.64404
NS,122147,2016-09-22,1:30 PM,Other impacts,0,BROOK PARK,OH,86.0,2,Day,Clear,Yard,Yard/switching,2,21500,0,21500,H601,41.423470999999999,-81.807458999999994
CSX,000139829,2015-01-11,2:05 AM,Other (describe in narrative),0,WALBRIDGE,OH,17.0,4,Dark,Clear,Yard,Yard/switching,5,13157,250,13407,H702,41.586402,-83.538082000000003
WC,1071147,2021-05-21,5:48 PM,Derailment,0,GARY,IN,82.0,2,Day,Clear,Yard,Yard/switching,3,3656,28000,31656,H702,41.629555000000003,-87.406436999999997
FEC,D59112320,2020-11-23,7:43 AM,Derailment,0,NEW SMYRNA BEACH,FL,70.0,1,Dawn,Clear,Yard,Yard/switching,10,1250,10209,11459,E4BC,29.015087999999999,-80.923726000000002
NS,144227,2022-02-01,8:48 AM,Other impacts,0,BELLEVUE,OH,37.0,2,Day,Clear,Yard,Cut of cars,0,400,0,89707,H312,41.292920000000002,-82.783218000000005
SLWC,200102003,2020-01-02,9:15 AM,Side collision,0,OKLAHOMA CITY,OK,50.0,2,Day,Clear,Yard,Yard/switching,5,66300,0,132600,H306,35.454940999999998,-97.496655000000004
CSX,000216302,2024-02-20,3:56 PM,Hwy-rail crossing,0,GULFPORT,MS,66.0,2,Day,Clear,Main,Freight Train,44,2347,60144,62491,M302,30.367159999999998,-89.101506000000001
IHB,2126,2015-08-05,9:08 AM,Side collision,0,HAMMOND,IN,85.0,2,Day,Clear,Yard,Yard/switching,9,106722,2863,219170,H306,41.611977000000003,-87.499146999999994
UP,0417KC024,2017-04-30,5:30 AM,Other impacts,0,KANSAS CITY,MO,50.0,1,Dawn,Rain,Yard,Single Car,4,26210,0,41626,S012,39.123171999999997,-94.512679000000006
NS,155733,2024-02-11,10:00 AM,Derailment,0,BELLEVUE,OH,37.0,2,Day,Cloudy,Yard,Yard/switching,7,33500,1400,46900,H504,41.288376,-82.803218999999999
BRC,14452,2021-05-07,8:45 PM,Derailment,0,BEDFORD PARK,IL,50.0,4,Dark,Clear,Yard,,0,0,4750,5277,H702,41.766432999999999,-87.774707000000006
BNSF,CH1018117,2018-10-25,4:15 AM,Obstruction,0,CICERO,IL,45.0,1,Dawn,Clear,Main,Freight Train,10,0,30000,30000,M404,41.836291000000003,-87.780451999999997
UP,0321GP006,2021-03-05,11:00 AM,Other impacts,0,NORTH PLATTE,NE,52.0,2,Day,Clear,Yard,Single Car,0,603,1976,114882,M407,41.143700000000003,-100.795497
ATK,166660,2021-03-19,4:46 PM,Hwy-rail crossing,0,ELKHART,IL,51.0,2,Day,Clear,Main,Passenger Train - Pulling,77,14039,0,29124,M303,40.020899,-89.483378999999999
NIRC,2020071966,2020-09-14,6:58 AM,Other (describe in narrative),0,CHICAGO,IL,65.0,1,Dawn,Cloudy,Main,EMU,65,15534,1953,17487,M404,41.75873,-87.589571000000007
WE,150013,2015-01-30,10:20 AM,Rear end collision,0,JEWETT,OH,25.0,2,Day,Snow,Main,Freight Train,0,30000,0,307126,H607,40.349336999999998,-80.964623000000003
BNSF,RD0423207,2023-04-29,12:35 PM,Hwy-rail crossing,0,PERRY,OK,62.0,2,Day,Clear,Main,Freight Train,50,1200,12000,13200,M302,36.297072,-97.273912999999993
NJTR,202310419,2023-09-25,2:50 AM,Derailment,0,KEARNY,NJ,59.0,4,Dark,Rain,Yard,Light loco(s),3,48000,0,48000,H704,40.743786,-74.103796000000003
NJTR,201708324,2017-08-03,11:25 AM,Other (describe in narrative),0,KEARNY,NJ,78.0,2,Day,Clear,Yard,Yard/switching,5,17521,0,17521,H599,40.744518999999997,-74.106427999999994
BNSF,KS1015203,2015-10-20,12:30 PM,Hwy-rail crossing,0,STAFFORD,KS,91.0,2,Day,Clear,Main,Freight Train,41,20000,0,20000,M302,37.968688,-98.582072999999994
UP,0515NP015,2015-05-13,5:45 PM,Other impacts,0,NORTH PLATTE,NE,60.0,2,Day,Rain,Yard,Single Car,0,313,0,12319,S007,41.150601000000002,-100.84558699999999
CSX,000209882,2023-02-18,4:16 AM,Side collision,0,WILLARD,OH,23.0,1,Dawn,Clear,Yard,Light loco(s),8,11392,0,55449,H607,41.059899999999999,-82.724084000000005
NYA,NYA00088F,2023-02-07,8:37 PM,Derailment,0,BAY SHORE,NY,45.0,4,Dark,Rain,Yard,Freight Train,6,0,36455,36455,M507,40.773617999999999,-73.275887999999995
BNSF,TC0522102,2022-05-05,2:30 AM,Derailment,0,FRIDLEY,MN,47.0,4,Dark,Clear,Yard,Yard/switching,10,750,21217,21967,M411,45.039073999999999,-93.272895000000005
BNSF,SF0316100,2016-03-01,9:40 AM,Other impacts,0,HOLLY SPRINGS,MS,39.0,2,Day,Rain,Main,Freight Train,10,11264,0,11264,H307,34.775478,-89.434899999999999
BNSF,RD1220113,2020-12-21,4:45 AM,Derailment,0,TULSA,OK,40.0,1,Dawn,Clear,Yard,Yard/switching,7,46329,465000,511329,S011,36.130322999999997,-96.010231000000005
UP,0716PC009,2016-07-12,10:30 AM,Obstruction,0,FORT HALL,ID,70.0,2,Day,Clear,Main,Freight Train,60,532,0,13032,H997,42.880156999999997,-112.658811
NS,140085,2020-12-22,6:18 PM,Derailment,0,ST LOUIS,MO,72.0,3,Dusk,Clear,Yard,Freight Train,9,46882,10878,57760,H503,38.685944999999997,-90.210691999999995
UP,0724GP002,2024-07-03,4:30 AM,Other impacts,0,NORTH PLATTE,NE,57.0,1,Dawn,Clear,Yard,Yard/switching,9,4030,0,18522,E06C,41.15213,-100.82503199999999
NS,138108,2020-05-31,10:27 PM,Other (describe in narrative),0,CHARLOTTE,NC,78.0,4,Dark,Clear,Yard,Cut of cars,10,12351,2405,14756,H018,35.228141999999998,-80.852528000000007
CSX,000142084,2015-02-25,7:30 PM,Derailment,0,TONAWANDA,NY,8.0,4,Dark,Snow,Yard,Yard/switching,7,15105,212,15317,M101,42.985340000000001,-78.925717000000006
LI,75516,2021-09-01,11:50 PM,Obstruction,0,COLD SPRING HARBOR,NY,65.0,4,Dark,Rain,Main,Passenger Train - Pulling,40,53455,0,53455,M404,40.837716999999998,-73.449303999999998
CSX,000218605,2024-06-10,11:24 PM,Hwy-rail crossing,0,CARTERSVILLE,GA,72.0,4,Dark,Clear,Main,Freight Train,39,20558,55392,75950,M303,34.113391999999997,-84.731438999999995
BNSF,RD0217200,2017-02-02,4:30 PM,Hwy-rail crossing,0,MADILL,OK,46.0,2,Day,Clear,Main,Maint./inspect Car,2,11000,0,11000,M302,33.972886000000003,-96.663005999999996
CSX,000166274,2017-01-25,11:06 AM,Derailment,0,SELKIRK,NY,36.0,2,Day,Cloudy,Yard,Cut of cars,19,29771,314,30085,M407,42.565902999999999,-73.854184000000004
CRSH,146716,2023-01-31,11:35 PM,Derailment,0,DETROIT,MI,14.0,4,Dark,Cloudy,Main,,0,0,5215,241247,E00C,42.326844999999999,-83.097548000000003
IC,1108121,2022-06-22,7:00 AM,Other (describe in narrative),0,MCCOMB,MS,95.0,1,Dawn,Clear,Yard,Cut of cars,0,43434,0,43434,H399,31.246269000000002,-90.451126000000002
BNSF,SW1218104,2018-12-08,2:26 PM,Head on collision,0,BELEN,NM,53.0,2,Day,Clear,Yard,Yard/switching,0,66000,0,401094,H221,34.661608000000001,-106.766901