reportingrailroadcode,accidentnumber,date,time,accidenttype,hazmatreleasedcars,station,stateabbr,temperature,visibility_code,visibility,weathercondition,tracktype,equipmenttype,trainspeed,equipmentdamagecost,trackdamagecost,totaldamagecost,primaryaccidentcausecode,latitude,longitude
UP,0420GC008,2020-04-08,12:28 AM,Other impacts,0,LIVONIA,LA,73.0,4,Dark,Cloudy,Yard,Single Car,0,759,0,42874,E06C,30.531828999999998,-91.560668000000007
UP,0824PN012,2024-08-12,6:50 PM,Derailment,0,KLAMATH FALLS,OR,84.0,3,Dusk,Clear,Yard,Freight Train,4,6681,256332,263013,M501,42.229604999999999,-121.774074
CP,1000997254,2019-05-22,5:20 PM,Derailment,0,KANSAS CITY,MO,75.0,2,Day,Cloudy,Yard,Yard/switching,6,9538,0,18745,H702,39.125686999999999,-94.502067999999994
PCIR,PCR233298,2023-04-07,6:30 PM,Derailment,0,CATOOSA,OK,50.0,3,Dusk,Clear,Industry,Freight Train,7,6000,0,6000,H503,36.226739999999999,-95.757859999999994
ATK,177173,2023-11-16,10:03 PM,Hwy-rail crossing,0,THREE OAKS,MI,60.0,4,Dark,Clear,Main,Passenger Train - Pulling,86,772665,250000,1022665,M302,41.799988999999997,-86.668474000000003
WATX,240123004,2024-01-23,3:20 PM,Other impacts,0,PLAQUEMINE,LA,61.0,2,Day,Clear,Yard,Yard/switching,3,22832,0,26153,H302,30.332062000000001,-91.246155999999999
NS,130787,2018-08-31,11:30 PM,Other (describe in narrative),0,PAINTED POST,NY,72.0,4,Dark,Clear,Yard,Freight Train,6,50987,91706,145510,H702,42.147629000000002,-77.106746000000001
LI,72701,2020-07-31,12:40 PM,Obstruction,0,WOODSIDE,NY,73.0,2,Day,Clear,Main,EMU,23,32113,0,52113,H402,40.73798,-73.892871999999997
BNSF,KS1019101,2019-10-04,2:56 PM,Derailment,0,CLAYTON,NM,65.0,2,Day,Clear,Siding,Freight Train,10,15127,0,15127,H503,36.485061999999999,-103.302351
NJTR,201707225,2017-06-16,11:10 PM,Other impacts,0,KEARNY,NJ,75.0,4,Dark,Clear,Yard,Yard/switching,2,10900,448,26595,H212,40.744292000000002,-74.101748000000001
SLWC,190923002,2019-09-23,10:50 AM,Derailment,0,LAWTON,OK,80.0,2,Day,Clear,Yard,Freight Train,5,0,20005,20005,H704,34.607590999999999,-98.529270999999994
UP,0419MA001,2019-04-01,1:45 PM,Derailment,0,LITTLE ROCK,AR,51.0,2,Day,Clear,Siding,Yard/switching,8,34100,17220,51320,H702,34.713889999999999,-92.283749
SKOL,IN200625,2020-06-24,6:00 PM,Fire/violent rupture,0,INDEPENDENCE,KS,95.0,2,Day,Clear,Main,Freight Train,10,0,3500000,3500000,M406,37.237972999999997,-95.687402000000006
ATK,169376,2022-01-02,10:36 AM,Rear end collision,0,BOSTON,MA,30.0,4,Dark,Clear,Yard,Passenger Train - Pulling,6,29457,0,29899,H605,42.333030000000001,-71.059984
KCS,20081201,2020-08-12,2:00 AM,Derailment,0,WESTLAKE,LA,85.0,4,Dark,Clear,Yard,Yard/switching,10,8543,36015,44558,H607,30.250875000000001,-93.303247999999996
BRC,014527,2022-03-21,5:35 PM,Other impacts,0,BEDFORD PARK,IL,65.0,2,Day,Cloudy,Yard,Cut of cars,6,558,0,15690,H019,41.767899999999997,-87.756990000000002
UP,0817KC018,2017-08-16,7:11 PM,Derailment,0,EL RENO,OK,88.0,2,Day,Clear,Yard,Cut of cars,0,10536,0,133037,H303,35.549301999999997,-97.964967999999999
BNSF,HL0118200,2018-01-02,3:36 PM,Hwy-rail crossing,0,ST JOSEPH,MO,24.0,2,Day,Cloudy,Main,Freight Train,44,10000,300068,310068,M308,39.712229999999998,-94.874848
NS,151180,2022-10-16,4:40 PM,Derailment,0,LIMAVILLE,OH,61.0,3,Dusk,Cloudy,Main,Freight Train,20,3648,12488,16136,H518,40.956887999999999,-81.127979999999994
BNSF,RD0722224,2022-07-28,9:10 AM,Hwy-rail crossing,0,YEAGER,OK,90.0,2,Day,Cloudy,Main,Freight Train,50,15000,0,15000,M302,35.198081000000002,-96.300252
ATK,155203,2018-09-10,2:10 AM,Derailment,0,LONG ISLAND CITY,NY,53.0,4,Dark,Rain,Yard,Yard/switching,5,40080,740,40820,H399,40.745158000000004,-73.939066999999994
UP,0117NP008,2017-01-10,2:30 AM,Derailment,0,KIMBALL,NE,29.0,4,Dark,Cloudy,Industry,Freight Train,5,16219,38527,54746,H702,41.240628000000001,-103.682757
NS,142455,2021-08-06,8:37 AM,Other impacts,0,BELLEVUE,OH,78.0,2,Day,Clear,Yard,Single Car,3,16610,0,18110,M411,41.288344000000002,-82.803528999999997
BNSF,NW1115103,2015-11-07,7:00 PM,Derailment,0,RATHDRUM,ID,46.0,3,Dusk,Rain,Main,Freight Train,3,13741,35000,48741,H702,47.762411999999998,-116.981956
BNSF,HL1220111,2020-12-17,9:54 AM,Side collision,0,SPRINGFIELD,MO,40.0,2,Day,Clear,Yard,Freight Train,0,16445,500,26945,H607,37.226888000000002,-93.331320000000005
UP,1018LV011,2018-10-07,5:00 PM,Hwy-rail crossing,0,BUNKIE,LA,82.0,2,Day,Clear,Main,Freight Train,17,24942,600,25542,M302,30.952760000000001,-92.182094000000006
NS,124717,2017-04-14,4:19 PM,Derailment,0,ELKHART,IN,70.0,3,Dusk,Clear,Siding,Freight Train,15,13328,103968,117296,S011,41.680903999999998,-85.970584000000002
CSX,000162507,2016-08-30,1:00 PM,Derailment,0,EAST ST LOUIS,IL,90.0,2,Day,Clear,Yard,Yard/switching,4,21939,2586,24525,H306,38.642252999999997,-90.098853000000005
BNSF,RD0724125,2024-07-24,2:12 AM,Derailment,0,TULSA,OK,90.0,4,Dark,Cloudy,Yard,Freight Train,4,9286,14044,23330,H514,36.124017000000002,-96.012450999999999
CSX,000181740,2019-03-09,5:53 AM,Side collision,0,WILLARD,OH,30.0,1,Dawn,Cloudy,Yard,Light loco(s),5,31391,0,79682,H017,41.059857000000001,-82.723963999999995
BNSF,HL0119129,2019-01-23,2:35 AM,Derailment,0,LINCOLN,NE,15.0,4,Dark,Snow,Yard,Freight Train,5,12123,7500,19623,H307,40.807780000000001,-96.778103000000002
LSRC,D160712,2016-07-12,2:10 PM,Derailment,0,SAGINAW,MI,90.0,2,Day,Clear,Yard,Freight Train,5,68296,3500,71796,H702,43.443407999999998,-83.914270000000002
NS,124854,2017-04-27,8:35 PM,Other impacts,0,HATTIESBURG,MS,72.0,4,Dark,Clear,Yard,Cut of cars,0,702,0,26908,H018,31.330836999999999,-89.282983000000002
CRSH,132085,2018-12-16,12:34 PM,Broken train collision,0,CAMDEN,NJ,41.0,2,Day,Cloudy,Yard,Freight Train,0,9792,0,28092,M507,39.945131000000003,-75.103401000000005
CSX,000172350,2017-10-22,9:40 AM,Derailment,0,SELKIRK,NY,70.0,2,Day,Clear,Yard,Freight Train,5,60152,697,60849,M405,42.565902999999999,-73.854184000000004
CSX,000168588,2017-04-29,11:09 AM,Derailment,0,BIRMINGHAM,AL,80.0,2,Day,Clear,Yard,Freight Train,8,127398,20978,148376,E35C,33.543607000000002,-86.790088999999995
NS,139696,2020-11-10,1:45 PM,Other impacts,0,SHELBYVILLE,KY,72.0,2,Day,Clear,Yard,Single Car,0,27997,0,28847,H318,38.209811000000002,-85.289676
BNSF,CH1115106,2015-11-11,1:10 AM,Derailment,0,BEDFORD PARK,IL,45.0,4,Dark,Clear,Yard,Freight Train,8,11112,0,11112,H307,41.767021,-87.794006999999993
NS,137263,2020-02-23,1:12 AM,Hwy-rail crossing,0,COLUMBIANA,OH,26.0,4,Dark,Clear,Main,,0,0,0,10856,M302,40.882832000000001,-80.692071999999996
UP,0121PN019,2021-01-19,7:42 PM,Hwy-rail crossing,0,TURNER,OR,47.0,3,Dusk,Cloudy,Main,,0,0,150,25150,M303,44.748382999999997,-122.94173600000001
NS,120942,2016-06-20,7:20 AM,Other (describe in narrative),0,FREMONT,OH,75.0,1,Dawn,Clear,Main,Freight Train,11,13386,14081,27467,E29C,41.348488000000003,-83.113219999999998
LI,EQ20160702,2016-07-17,3:13 PM,Derailment,0,NEW YORK -QUEENS,NY,85.0,2,Day,Clear,Main,Freight Train,10,0,29280,29280,M201,40.699868000000002,-73.806673000000004
CSX,000170237,2017-07-15,10:55 PM,Derailment,0,SELKIRK,NY,75.0,4,Dark,Clear,Yard,Yard/switching,2,24000,40896,64896,M405,42.565902999999999,-73.854184000000004
BNSF,RD0523114,2023-05-20,9:47 AM,Derailment,0,SAPULPA,OK,74.0,2,Day,Clear,Main,Freight Train,20,46719,156956,203675,E33C,36.005457,-96.100864999999999
BNSF,HL0524110,2024-05-15,6:30 AM,Derailment,0,SPRINGFIELD,MO,70.0,1,Dawn,Clear,Industry,Single Car,4,15209,1760,16969,M504,37.233691999999998,-93.224044000000006
CSX,000176024,2018-04-25,9:45 PM,Derailment,0,SELKIRK,NY,55.0,4,Dark,Rain,Yard,Single Car,11,25896,0,194744,M407,42.565902999999999,-73.854184000000004
UP,1214PD014,2014-12-22,11:20 PM,Derailment,0,PORTLAND,OR,50.0,4,Dark,Cloudy,Industry,Yard/switching,2,13258,81434,94692,H523,45.604875,-122.74367100000001
KCS,19022802,2019-02-28,10:00 AM,Other impacts,0,KANSAS CITY,MO,23.0,2,Day,Cloudy,Yard,,0,0,0,36000,H020,39.128760999999997,-94.517204000000007
CORP,COR786615G,2015-08-13,1:25 AM,Hwy-rail crossing,0,RIDDLE,OR,60.0,4,Dark,Clear,Main,Freight Train,23,10000,2350,12350,M302,42.940680999999998,-123.38648999999999
CSX,000212286,2023-07-13,9:10 AM,Derailment,0,CLEVELAND,OH,72.0,2,Day,Cloudy,Yard,Freight Train,10,7742,100447,108189,E4BC,41.556215999999999,-81.590608000000003
CRSH,132349,2019-01-08,4:50 AM,Raking collision,0,NEWARK,NJ,31.0,1,Dawn,Sleet,Yard,Yard/switching,8,29453,0,30157,M204,40.709578,-74.141095000000007
BNSF,HL0523109,2023-05-17,2:00 PM,Derailment,0,LINCOLN,NE,83.0,2,Day,Clear,Yard,Freight Train,4,35234,15000,50234,H504,40.808871000000003,-96.744125999999994
BNSF,SF0816115,2016-08-30,11:31 AM,Derailment,0,TULSA,OK,94.0,2,Day,Clear,Yard,Yard/switching,10,636958,28000,664958,H018,36.130450000000003,-96.010103000000001
BNSF,SF0415120,2015-04-28,1:00 PM,Other impacts,0,TULSA,OK,70.0,2,Day,Clear,Yard,Yard/switching,10,19361,0,19361,S016,36.124946000000001,-96.011409999999998
ARR,2021177,2021-12-13,1:00 PM,Obstruction,0,SEWARD,AK,-3.0,2,Day,Clear,Main,Spec. MoW Equip.,15,11000,0,11000,E04C,60.628500000000003,-149.24719999999999
BNSF,TC0815113,2015-08-11,3:00 AM,Derailment,0,FRIDLEY,MN,65.0,4,Dark,Clear,Yard,Light loco(s),5,12500,42471,54971,H704,45.048129000000003,-93.273561000000001
BNSF,HL1019123,2019-10-28,2:10 AM,Derailment,0,HANNIBAL,MO,45.0,4,Dark,Clear,Yard,Freight Train,10,19500,500,20000,M599,39.906571999999997,-91.445982999999998
UP,0721TO004,2021-07-04,9:40 AM,Other impacts,0,MUSKOGEE,OK,74.0,2,Day,Cloudy,Yard,Yard/switching,5,36923,0,69248,E30C,35.765312999999999,-95.354482000000004
KAW,190830006,2019-08-30,11:10 PM,Derailment,0,NORTH KANSAS CITY,MO,68.0,4,Dark,Clear,Industry,Freight Train,8,16845,0,16845,H306,39.133640999999997,-94.557518999999999
BNSF,SF0516100,2016-05-02,7:30 PM,Other impacts,0,TULSA,OK,55.0,3,Dusk,Clear,Yard,Yard/switching,4,9600,0,10700,M408,36.122692999999998,-96.011908000000005
IR,IR151327,2015-11-25,9:17 PM,Other impacts,0,OTTAWA,IL,35.0,4,Dark,Clear,Industry,Yard/switching,6,51521,0,51521,H302,41.346387999999997,-88.874722000000006
NJTR,201708275,2017-07-13,2:14 AM,Other (describe in narrative),0,KEARNY,NJ,82.0,4,Dark,Cloudy,Yard,Light loco(s),2,17514,0,17514,H999,40.743862999999997,-74.101275999999999
UP,0118PR011,2018-01-15,3:00 PM,Other (describe in narrative),0,MELROSE PARK,IL,5.0,2,Day,Snow,Yard,Single Car,0,12902,0,12902,M411,41.898851999999998,-87.907897000000006
NMRX,01242016,2016-01-24,6:30 AM,Other impacts,0,ALGODONES,NM,30.0,1,Dawn,Clear,Main,Spec. MoW Equip.,12,57000,0,57000,M599,35.370815,-106.495231
CSX,000194370,2020-12-10,8:08 PM,Derailment,0,CLEVELAND,OH,34.0,4,Dark,Cloudy,Yard,Freight Train,5,14407,400,14807,E34C,41.563675000000003,-81.573652999999993
ATK,150338,2017-10-26,2:05 PM,Obstruction,0,SOUTH SCHODACK,NY,56.0,2,Day,Rain,Main,Spec. MoW Equip.,0,30335,0,58225,H605,42.502156999999997,-73.700384999999997
BNSF,RD0618109,2018-06-04,3:30 AM,Derailment,0,ENID,OK,85.0,4,Dark,Clear,Yard,,0,0,65000,68750,E64L,36.404600000000002,-97.892427999999995
BNSF,HL1123115,2023-11-23,6:30 AM,Other (describe in narrative),0,OMAHA,NE,22.0,1,Dawn,Clear,Yard,Freight Train,0,20308,0,23703,H307,41.229945999999998,-95.914634000000007
NS,136407,2019-12-04,5:20 AM,Hwy-rail crossing,0,BELLEVUE,OH,35.0,1,Dawn,Cloudy,Main,Spec. MoW Equip.,0,25000,0,25000,M302,41.282961999999998,-82.887928000000002
UP,0422GC002,2022-04-02,8:00 AM,Other impacts,0,LOTTIE,LA,59.0,2,Day,Clear,Yard,Single Car,5,16317,0,16317,M201,30.517555999999999,-91.545199999999994
UP,0121PN003,2021-01-04,9:19 PM,Derailment,0,DURKEE,OR,39.0,4,Dark,Cloudy,Main,Freight Train,19,492436,214896,707332,H503,44.633656999999999,-117.524475
NJTR,202303083,2023-02-22,10:02 PM,Derailment,0,RARITAN,NJ,37.0,4,Dark,Cloudy,Yard,Commuter Train - Pushing,6,16554,939,17493,H303,40.570514000000003,-74.642290000000003
CSX,000206536,2022-08-05,3:43 AM,Derailment,0,CLEVELAND,OH,80.0,4,Dark,Clear,Yard,Yard/switching,4,10131,10752,20883,M204,41.556215999999999,-81.590608000000003
CSX,000212341,2023-07-15,1:15 PM,Derailment,0,EAST CHICAGO,IN,85.0,2,Day,Cloudy,Yard,Yard/switching,4,6022,6554,12576,E64C,41.630628999999999,-87.466931000000002
CSX,000152411,2015-09-25,4:00 PM,Other impacts,0,WILLARD,OH,70.0,2,Day,Cloudy,Yard,Single Car,4,13440,0,13589,S099,41.058951,-82.718557000000004
NS,153477,2023-06-29,4:30 PM,Derailment,0,ALBION,MI,80.0,2,Day,Clear,Industry,Freight Train,10,151,0,16401,H303,42.257904000000003,-84.785442000000003
UP,0316ES017,2016-03-31,4:00 PM,Other (describe in narrative),0,AMERICAN FALLS,ID,56.0,2,Day,Cloudy,Main,Spec. MoW Equip.,10,100000,0,100000,E99C,42.774056999999999,-112.88158199999999
NIRC,9419000163,2021-03-28,4:11 PM,Other (describe in narrative),0,UNIVERSITY PARK,IL,40.0,2,Day,Cloudy,Yard,EMU,0,20905,17001,37906,M105,41.457680000000003,-87.724350000000001
UP,1121GC007,2021-11-04,1:07 AM,Other (describe in narrative),0,LENA,LA,65.0,4,Dark,Clear,Industry,Single Car,1,34069,0,34069,M299,31.405503,-92.714000999999996
UP,0922HL016,2022-09-16,9:39 PM,Obstruction,0,SANTA ROSA,NM,75.0,4,Dark,Clear,Main,Freight Train,43,11353,0,11353,M501,34.996060999999997,-104.54076000000001
LI,80124,2023-07-03,9:13 AM,Other (describe in narrative),0,NEW HYDE PARK,NY,79.0,2,Day,Clear,Main,EMU,65,12346,0,12346,M509,40.730241999999997,-73.682891999999995
BRC,14134,2018-06-26,11:00 PM,Derailment,0,BEDFORD PARK,IL,70.0,4,Dark,Clear,Industry,Freight Train,4,27181,0,27181,M405,41.761825999999999,-87.728898999999998
CRSH,135850,2019-10-16,2:55 AM,Raking collision,0,NEWARK,NJ,55.0,4,Dark,Clear,Yard,Yard/switching,0,1588,0,13872,S016,40.706395999999998,-74.133990999999995
CSX,000169025,2017-05-21,3:07 PM,Other impacts,0,HAMLET,NC,79.0,2,Day,Cloudy,Yard,Yard/switching,7,33846,0,33968,H601,34.925491000000001,-79.646586999999997
KCS,16032803,2016-03-28,9:05 AM,Hwy-rail crossing,0,CALHOUN,LA,53.0,2,Day,Clear,Main,Freight Train,42,11318,877,12195,M302,32.504109999999997,-92.283519999999996
LI,EQ20161007,2016-10-31,10:00 AM,Obstruction,0,NEW YORK-KINGS,NY,59.0,2,Day,Clear,Yard,EMU,5,0,13962,13962,M402,40.682214000000002,-73.972318000000001
CSX,000160297,2016-06-05,9:24 AM,Side collision,0,CINCINNATI,OH,82.0,2,Day,Cloudy,Yard,Yard/switching,0,55076,0,131576,H607,39.104289000000001,-84.538797000000002
CSX,000182476,2019-04-19,12:30 PM,Other impacts,0,CUMBERLAND,MD,70.0,2,Day,Rain,Yard,Cut of cars,4,3431,0,15811,H018,39.644503999999998,-78.760839000000004
NS,142683,2021-08-28,6:15 AM,Other (describe in narrative),1,DANVILLE,KY,72.0,1,Dawn,Clear,Yard,Freight Train,5,60636,0,85235,H702,37.641092,-84.783207000000004
NS,121283,2016-07-16,2:15 AM,Derailment,0,PORT DICKINSON,NY,62.0,4,Dark,Cloudy,Yard,Cut of cars,0,50200,0,51800,H306,42.098658999999998,-75.856665000000007
NJTR,201912652,2019-11-28,9:25 PM,Derailment,0,RARITAN,NJ,40.0,4,Dark,Clear,Yard,Light loco(s),10,19215,0,19215,H017,40.570202000000002,-74.644720000000007
UP,0815ES004,2015-08-06,7:30 AM,Obstruction,0,KIRKPATRICK,OR,60.0,2,Day,Clear,Main,Spec. MoW Equip.,15,13852,0,23545,H212,45.696997000000003,-118.399321
NS,152791,2023-04-11,10:15 PM,Other impacts,0,SOUTHMONT,NC,58.0,4,Dark,Clear,Yard,Single Car,0,8800,0,52275,H312,35.738906,-80.332949999999997
UP,0422GL009,2022-04-06,8:00 AM,Derailment,0,CLINTON,IA,44.0,2,Day,Cloudy,Main,Freight Train,32,93648,443000,919032,E61C,41.800108000000002,-90.333527000000004
IAIS,2022034,2022-08-29,1:50 PM,Hwy-rail crossing,0,MENLO,IA,84.0,2,Day,Clear,Main,Light loco(s),38,5000,0,5000,M308,41.524701,-94.414073999999999
CSX,000205288,2022-05-31,7:25 PM,Other impacts,0,CLEVELAND,OH,80.0,3,Dusk,Clear,Yard,Cut of cars,12,60000,0,246000,H318,41.563361,-81.573774999999998
UP,0321HL015,2021-03-24,1:05 AM,Derailment,0,INDEPENDENCE,MO,51.0,4,Dark,Rain,Main,Freight Train,4,30677,0,66938,M203,39.076093,-94.603320999999994
CSX,000175144,2018-03-07,2:35 AM,Other impacts,0,SELKIRK,NY,30.0,4,Dark,Snow,Yard,Cut of cars,18,0,0,57350,S016,42.565902999999999,-73.854184000000004
MBTA,YR2022102,2022-08-25,3:32 PM,Fire/violent rupture,0,LINCOLN,MA,84.0,2,Day,Clear,Main,Passenger Train - Pulling,27,20513,0,20513,E71L,42.414093000000001,-71.325688999999997
UP,0815PD015,2015-08-24,1:40 PM,Derailment,0,STANFIELD,OR,87.0,2,Day,Clear,Yard,Light loco(s),10,56165,0,56165,H303,45.793622999999997,-119.251014
AA,D451215,2015-05-01,7:47 AM,Derailment,0,TOLEDO,OH,65.0,1,Dawn,Cloudy,Main,,0,0,1336,91336,H503,41.679968000000002,-83.502189000000001
CSX,000162962,2016-09-18,10:35 AM,Derailment,0,RIVERDALE,IL,79.0,2,Day,Clear,Yard,Yard/switching,4,12304,11508,23812,H523,41.649265999999997,-87.624049999999997
MBTA,YR2022161,2022-12-23,7:11 PM,Obstruction,0,BRIDGEWATER,MA,34.0,4,Dark,Clear,Main,Passenger Train - Pushing,57,14847,0,14847,M404,42.001491999999999,-70.979828999999995
CSX,000206782,2022-08-20,1:25 AM,Other impacts,0,CINCINNATI,OH,70.0,4,Dark,Clear,Yard,Single Car,2,28086,0,28086,M204,39.137604000000003,-84.543604000000002
UP,0522GP025,2022-05-30,9:00 AM,Other impacts,0,NORTH PLATTE,NE,59.0,2,Day,Cloudy,Yard,Single Car,4,53719,150,55130,M411,41.150885000000002,-100.823291
UP,0520PR012,2020-05-20,2:00 AM,Other (describe in narrative),0,MELROSE PARK,IL,55.0,4,Dark,Cloudy,Yard,Yard/switching,5,40880,0,40880,H318,41.895747,-87.888902999999999
BNSF,CH0116105,2016-01-16,6:28 PM,Rear end collision,0,LISLE,IL,5.0,3,Dusk,Clear,Main,Maint./inspect Car,0,50000,0,81000,H402,41.795068000000001,-88.088561999999996
CSX,000164041,2016-11-01,4:48 PM,Other impacts,0,HAMLET,NC,70.0,2,Day,Clear,Yard,Single Car,5,0,0,24000,S016,34.925491000000001,-79.646586999999997
UP,1216PD009,2016-12-21,5:00 AM,Derailment,0,HERMISTON,OR,19.0,4,Dark,Clear,Main,Freight Train,20,18644,300,18944,H503,45.815102000000003,-119.29396199999999
MBTA,7072,2017-11-20,8:22 AM,Derailment,0,WILMINGTON,MA,38.0,2,Day,Clear,Main,Passenger Train - Pushing,12,42696,1657,44353,H605,42.581217000000002,-71.168537999999998
ATK,162564,2019-12-30,7:35 PM,Hwy-rail crossing,0,WILLOW SPRINGS,IL,31.0,4,Dark,Cloudy,Main,Passenger Train - Pulling,79,243612,0,244105,M302,41.733114999999998,-87.878701000000007
BNSF,RD0723103,2023-07-06,4:15 AM,Other (describe in narrative),0,TULSA,OK,70.0,1,Dawn,Rain,Yard,Yard/switching,5,12940,0,23780,M408,36.122317000000002,-96.010940000000005
BNSF,HL0118116,2018-01-20,1:27 AM,Derailment,0,NORTH KANSAS CITY,MO,40.0,4,Dark,Clear,Yard,Yard/switching,5,13093,3000,16093,H703,39.135357999999997,-94.585069000000004
BNSF,RD0917112,2017-09-17,1:19 AM,Other impacts,0,TULSA,OK,84.0,4,Dark,Clear,Yard,Yard/switching,4,54503,0,54503,H316,36.125804000000002,-96.011345000000006
NJTR,202310410,2023-09-30,1:20 AM,Derailment,0,BAY HEAD,NJ,63.0,4,Dark,Cloudy,Yard,Work train,3,11100,1065,12165,H704,40.076011999999999,-74.046874000000003
UP,0615PD021,2015-06-27,3:00 PM,Derailment,0,HERMISTON,OR,111.0,2,Day,Clear,Yard,Light loco(s),2,54167,0,54167,H303,45.794969999999999,-119.294433
BNSF,HL0918108,2018-09-12,3:34 AM,Derailment,0,ST LOUIS,MO,68.0,4,Dark,Cloudy,Yard,,0,0,6500,12090,M204,38.629669,-90.237553000000005
MNCW,73250,2020-09-30,3:08 AM,Other impacts,0,BREWSTER,NY,58.0,4,Dark,Rain,Yard,EMU,2,0,0,10789,H018,41.408220999999998,-73.621851000000007
CRSH,131914,2018-12-02,10:50 AM,Raking collision,0,NEWARK,NJ,55.0,2,Day,Rain,Yard,Yard/switching,2,37094,4500,41594,S016,40.706515000000003,-74.134021000000004
BNSF,HL0123123,2023-01-28,2:44 AM,Derailment,0,MANSFIELD,MO,40.0,4,Dark,Clear,Main,Freight Train,25,16762,70000,86762,E53C,37.096283,-92.538708999999997
CRSH,127026,2017-10-16,12:15 AM,Derailment,0,CAMDEN,NJ,65.0,4,Dark,Clear,Yard,Yard/switching,3,17716,0,17716,H021,39.94764,-75.097251999999997
BNSF,TX1114111,2014-11-24,1:00 PM,Other (describe in narrative),0,MOORE,OK,50.0,2,Day,Clear,Yard,Maint./inspect Car,7,15000,1000,16000,H997,35.376252000000001,-97.480851000000001
LI,68134,2018-06-22,2:10 PM,Other impacts,0,RICHMOND HILL,NY,69.0,2,Day,Clear,Yard,Yard/switching,5,15349,0,43991,H307,40.697333999999998,-73.823729
CCET,042301,2023-04-04,3:30 PM,Derailment,0,SARDINIA,OH,63.0,2,Day,Cloudy,Main,Freight Train,10,250000,250000,500000,T221,39.013150000000003,-83.832040000000006
CSX,000175538,2018-03-29,9:15 PM,Derailment,0,BUFFALO,NY,40.0,4,Dark,Rain,Yard,Freight Train,12,8253,9619,17872,H503,42.901972999999998,-78.773441000000005
UP,0216PR013,2016-02-21,4:30 AM,Derailment,0,NORTHLAKE,IL,30.0,4,Dark,Clear,Yard,Yard/switching,4,159564,73962,233526,H703,41.894928999999998,-87.898257999999998
BNSF,HL0721104,2021-07-06,9:32 PM,Obstruction,0,SPRINGFIELD,MO,72.0,4,Dark,Clear,Yard,Freight Train,10,225044,870500,1182100,M402,37.230254000000002,-93.294042000000005
NS,144822,2022-03-29,3:27 AM,Other impacts,0,BELLEVUE,OH,19.0,4,Dark,Clear,Yard,Single Car,0,7650,1249,59156,H312,41.291944000000001,-82.784807999999998
UP,0120HL030,2020-01-21,7:29 AM,Derailment,0,NORTH ENID,OK,20.0,2,Day,Cloudy,Yard,Cut of cars,0,0,0,326274,H503,36.433914999999999,-97.862847000000002
CSX,000191266,2020-07-10,1:25 AM,Side collision,0,SELKIRK,NY,79.0,4,Dark,Clear,Yard,Freight Train,0,84213,112,89574,H607,42.565902999999999,-73.854184000000004
UP,0918KC014,2018-09-21,4:31 AM,Derailment,0,LIBERAL,KS,64.0,1,Dawn,Clear,Siding,Freight Train,4,41142,13581,54723,H702,37.039391999999999,-100.919758
BNSF,MT1219103,2019-12-08,1:19 PM,Derailment,0,STANLEY,ND,5.0,2,Day,Snow,Yard,Freight Train,10,115971,7800,123771,H307,48.318956999999997,-102.393066
UP,0822GC022,2022-08-27,11:30 PM,Other impacts,0,MARINGOUIN,LA,74.0,4,Dark,Clear,Yard,Light loco(s),0,51384,0,51384,H702,30.519815999999999,-91.548197000000002
BNSF,TX0615101,2015-06-05,11:20 AM,Derailment,0,ARKANSAS CITY,KS,87.0,2,Day,Clear,Yard,,0,0,239454,239732,H307,37.052878999999997,-97.032871
WC,1700952,2024-08-05,5:24 PM,Hwy-rail crossing,0,PLAINFIELD,IL,82.0,2,Day,Rain,Main,Freight Train,15,0,40000,40000,M308,41.613880000000002,-88.200000000000003
CSX,000185538,2019-09-25,4:48 AM,Other impacts,0,SELKIRK,NY,70.0,1,Dawn,Clear,Yard,Cut of cars,14,60022,0,60022,M407,42.565902999999999,-73.854184000000004
NS,154800,2023-11-17,6:00 AM,Derailment,0,IUKA,MS,60.0,1,Dawn,Cloudy,Industry,Freight Train,4,4800,15768,20568,M204,34.826228999999998,-88.228521999999998
NS,151477,2022-11-15,9:00 PM,Hwy-rail crossing,0,MIDDLESEX,NJ,51.0,4,Dark,Rain,Main,Freight Train,40,300,0,300,M303,40.579959000000002,-74.478371999999993
CSX,000161469,2016-07-21,4:30 AM,Other impacts,0,SELKIRK,NY,58.0,1,Dawn,Clear,Yard,Single Car,7,100,0,24000,S014,42.565902999999999,-73.854184000000004
IC,895343,2016-07-21,8:58 AM,Hwy-rail crossing,0,GLENDORA,MS,94.0,2,Day,Clear,Main,,0,0,25,46056,M302,33.918239999999997,-90.286124999999998
UP,0322PR026,2022-03-31,12:40 AM,Derailment,0,NORTHLAKE,IL,45.0,4,Dark,Rain,Yard,Freight Train,9,127843,70617,198460,E63C,41.929533999999997,-87.914252000000005
NS,116480,2015-07-12,3:32 PM,Derailment,0,NORTH KANSAS CITY,MO,93.0,2,Day,Clear,Yard,,0,0,5399,34714,H607,39.133915999999999,-94.566568000000004
NS,143513,2021-11-19,2:40 PM,Other impacts,0,DECATUR,IL,40.0,2,Day,Clear,Yard,Single Car,3,2072,7649,11356,H312,39.852181999999999,-88.918342999999993
CSX,000138698,2014-12-10,11:28 AM,Derailment,0,CINCINNATI,OH,41.0,2,Day,Cloudy,Yard,Yard/switching,7,50055,12000,62055,E07C,39.102276000000003,-84.542438000000004