reportingrailroadcode,accidentnumber,date,time,accidenttype,hazmatreleasedcars,station,stateabbr,temperature,visibility_code,visibility,weathercondition,tracktype,equipmenttype,trainspeed,equipmentdamagecost,trackdamagecost,totaldamagecost,primaryaccidentcausecode,latitude,longitude
BNSF,RD0219126,2019-02-26,10:00 PM,Derailment,0,TULSA,OK,36.0,4,Dark,Clear,Yard,Yard/switching,8,11078,0,11078,M411,36.118442000000002,-96.011808000000002
UP,0916PD012,2016-09-25,4:51 PM,Derailment,0,EUGENE,OR,81.0,2,Day,Clear,Yard,Yard/switching,10,481566,36200,517766,E76L,44.060386000000001,-123.113809
CSX,000155246,2015-12-16,2:32 PM,Derailment,0,CLEVELAND,OH,58.0,2,Day,Cloudy,Yard,Freight Train,8,15899,1050,16949,H702,41.571339000000002,-81.556841000000006
BNSF,NW1216113,2016-12-22,2:10 AM,Other (describe in narrative),0,PORTLAND,OR,34.0,4,Dark,Fog,Yard,Freight Train,8,21044,0,21044,H310,45.624707000000001,-122.729928
CSX,000212423,2023-07-20,9:10 AM,Derailment,0,WALBRIDGE,OH,75.0,2,Day,Clear,Yard,Yard/switching,10,15297,464,15761,E07C,41.558326999999998,-83.489124000000004
NS,133848,2019-05-06,6:35 PM,Derailment,0,CINCINNATI,OH,69.0,3,Dusk,Clear,Yard,Yard/switching,3,12855,0,12855,H021,39.102493000000003,-84.540064999999998
LI,69734,2019-05-08,5:44 PM,Hwy-rail crossing,0,FARMINGDALE,NY,64.0,2,Day,Clear,Main,EMU,60,88965,40358,129323,M304,40.731758999999997,-73.459419999999994
KO,180915,2018-09-15,3:00 PM,Hwy-rail crossing,0,HAVEN,KS,70.0,2,Day,Clear,Main,Freight Train,20,139206,60000,199206,M302,37.891981999999999,-97.756424999999993
MSE,2401DERAIL,2024-03-12,8:00 AM,Derailment,0,MOSS POINT,MS,45.0,2,Day,Clear,Industry,Freight Train,2,45000,43869,88869,M101,30.531943999999999,-88.559167000000002
CSX,000195435,2021-02-01,8:00 PM,Raking collision,0,FLATWOODS,KY,28.0,4,Dark,Snow,Yard,Cut of cars,4,9000,196,15993,H318,38.540045999999997,-82.712368999999995
BNSF,RD0923128,2023-09-17,6:45 PM,Derailment,0,OKLAHOMA CITY,OK,78.0,3,Dusk,Clear,Yard,Freight Train,8,3270,42585,45855,H307,35.387314000000003,-97.484352000000001
NS,142860,2021-09-16,1:40 AM,Rear end collision,0,TOLEDO,OH,64.0,4,Dark,Clear,Yard,Work train,6,21210,0,23784,H307,41.638047999999998,-83.553991999999994
CIND,CIN359017D,2017-07-12,8:15 AM,Derailment,0,CINCINNATI,OH,90.0,2,Day,Clear,Main,Freight Train,5,20758,1300,22058,H704,39.088436000000002,-84.565051999999994
UP,0424MA026,2024-04-16,6:04 AM,Derailment,0,ST LOUIS,MO,66.0,1,Dawn,Cloudy,Yard,Freight Train,4,83683,60542,144225,H306,38.612296999999998,-90.190640999999999
NS,142583,2021-08-11,6:30 PM,Other impacts,0,OSCEOLA,IN,72.0,3,Dusk,Clear,Yard,Light loco(s),2,7000,0,17894,H305,41.666583000000003,-86.033423999999997
UP,0119GP017,2019-01-08,6:32 AM,Derailment,0,FREMONT,NE,36.0,1,Dawn,Clear,Main,Freight Train,40,1018913,1080780,2099693,E53C,41.381779999999999,-96.432135000000002
BNSF,SW0920102,2020-09-08,11:47 PM,Derailment,0,BELEN,NM,43.0,4,Dark,Rain,Main,Freight Train,17,1325120,122604,1447724,M105,34.463625999999998,-106.50668899999999
NS,156302,2024-04-08,10:00 PM,Other impacts,0,PORTSMOUTH,OH,50.0,4,Dark,Clear,Yard,Yard/switching,4,38000,585,46585,H306,38.736826000000001,-82.957245999999998
CSX,000199176,2021-07-30,11:39 AM,Rear end collision,0,RUSSIA,OH,75.0,2,Day,Clear,Main,Freight Train,0,0,0,66166,H993,40.240516999999997,-84.382739000000001
IC,949113,2018-02-05,2:55 AM,Derailment,0,CONVENT,LA,46.0,4,Dark,Clear,Industry,Freight Train,0,34700,0,96541,H703,30.048076999999999,-90.829601999999994
BNSF,SF0815111,2015-08-27,3:00 AM,Derailment,0,SPRINGFIELD,MO,70.0,4,Dark,Clear,Yard,Cut of cars,0,97765,0,131945,T220,37.227632,-93.328078000000005
NS,137460,2020-03-11,5:34 PM,Other impacts,0,DECATUR,IL,45.0,3,Dusk,Clear,Yard,Cut of cars,2,21052,0,66088,H309,39.848103999999999,-88.939046000000005
UP,0721TO004,2021-07-04,9:40 AM,Other impacts,0,MUSKOGEE,OK,74.0,2,Day,Cloudy,Yard,Freight Train,8,32325,0,69248,E30C,35.765312999999999,-95.354482000000004
CSX,000194613,2020-12-18,7:00 AM,Other impacts,0,FEURA BUSH,NY,12.0,1,Dawn,Cloudy,Yard,Single Car,8,585,0,18776,S015,42.565902999999999,-73.854184000000004
BNSF,HL1118125,2018-11-26,7:25 AM,Derailment,0,LINCOLN,NE,23.0,1,Dawn,Snow,Yard,Light loco(s),5,16004,3300,19304,H704,40.809286999999998,-96.734520000000003
MNCW,68416,2018-09-05,9:15 PM,Obstruction,0,NEW YORK -BRONX,NY,76.0,4,Dark,Clear,Yard,Maint./inspect Car,0,18000,0,18000,H607,40.838115000000002,-73.930605
CSX,000217225,2024-04-05,8:00 PM,Side collision,0,AUGUSTA,GA,62.0,3,Dusk,Clear,Yard,Yard/switching,4,37,0,60068,H306,33.455455000000001,-81.952475000000007
CSX,000153084,2015-10-11,1:50 AM,Other impacts,0,SENECA,IL,55.0,4,Dark,Clear,Yard,Cut of cars,0,9539,0,89878,H302,41.319101000000003,-88.611721000000003
NS,133236,2019-03-16,10:40 AM,Derailment,0,PATERSON,NJ,51.0,2,Day,Cloudy,Main,Freight Train,5,966,0,21698,H306,40.910268000000002,-74.167402999999993
NS,142250,2021-07-18,7:40 PM,Other impacts,0,BELLEVUE,OH,76.0,3,Dusk,Clear,Yard,Yard/switching,3,20341,0,20341,M408,41.288344000000002,-82.801972000000006
IC,1116190,2022-10-13,6:50 PM,Derailment,0,CONVENT,LA,85.0,4,Dark,Clear,Industry,Freight Train,3,36000,0,36000,S011,30.042845,-90.827292999999997
NS,153704,2023-07-24,9:00 AM,Other (describe in narrative),0,PRINCETON,IN,76.0,2,Day,Clear,Yard,Freight Train,5,43970,4000,47970,H702,38.342157999999998,-87.556993000000006
IC,1033723,2020-04-28,1:00 PM,Side collision,0,HARAHAN,LA,78.0,2,Day,Cloudy,Yard,Single Car,3,9500,0,11000,H302,29.973642999999999,-90.208871000000002
BNSF,MT0824101,2024-08-01,10:30 PM,Other impacts,0,LAUREL,MT,74.0,4,Dark,Clear,Yard,Yard/switching,4,39017,0,39017,H317,45.676720000000003,-108.736985
KCS,20042906,2020-04-29,11:05 AM,Derailment,0,SHREVEPORT,LA,75.0,2,Day,Clear,Yard,Yard/switching,4,89471,0,377313,H607,32.542838000000003,-93.845760999999996
BNSF,HL0721104,2021-07-06,9:32 PM,Obstruction,0,SPRINGFIELD,MO,72.0,4,Dark,Clear,Yard,Freight Train,10,86556,0,1182100,M402,37.230254000000002,-93.294042000000005
CSX,000203198,2022-02-20,12:18 AM,Obstruction,0,SPENCER,MA,25.0,4,Dark,Clear,Main,Freight Train,0,9597,0,946604,M501,42.200336999999998,-71.994189000000006
NS,152305,2023-02-16,8:35 AM,Derailment,0,BELLEVILLE,MI,35.0,2,Day,Cloudy,Main,Freight Train,29,216811,94240,311051,H519,42.208275,-83.459186000000003
BNSF,RD0718204,2018-07-05,5:17 PM,Hwy-rail crossing,0,EDMOND,OK,93.0,3,Dusk,Clear,Main,Freight Train,54,11000,0,11000,M302,35.614707000000003,-97.495946000000004
UP,0515NP015,2015-05-13,5:45 PM,Other impacts,0,NORTH PLATTE,NE,60.0,2,Day,Rain,Yard,Single Car,0,1605,0,12319,S007,41.150601000000002,-100.84558699999999
NS,138641,2020-07-25,7:30 AM,Other impacts,0,BELLEVUE,OH,75.0,1,Dawn,Clear,Yard,Single Car,2,10468,0,20356,H312,41.288297999999998,-82.797780000000003
KCS,17111902,2017-11-19,11:20 AM,Derailment,0,LAKE CHARLES,LA,65.0,2,Day,Clear,Yard,Yard/switching,10,180192,1745,181937,H306,30.247957,-93.301861000000002
BNSF,CH1215106,2015-12-10,1:07 AM,Derailment,0,EOLA,IL,42.0,4,Dark,Clear,Yard,Freight Train,7,16403,500,16903,E03C,41.772063000000003,-88.266999999999996
UP,1116PD016,2016-11-30,5:06 AM,Fire/violent rupture,0,HERMISTON,OR,36.0,4,Dark,Cloudy,Main,Freight Train,20,26987,0,26987,E73L,45.878824999999999,-119.16556799999999
NICD,N1500029,2015-10-26,4:07 PM,Other impacts,0,MICHIGAN CITY,IN,55.0,2,Day,Clear,Yard,Cut of cars,5,14077,0,14077,H399,41.713205000000002,-86.864495000000005
BNSF,SW0122105,2022-01-11,12:50 PM,Derailment,0,RINCON,NM,68.0,2,Day,Clear,Yard,Freight Train,10,150,11389,11539,H307,32.672355000000003,-107.064198
NS,137694,2020-04-08,3:00 PM,Other (describe in narrative),0,VENICE,MO,75.0,2,Day,Clear,Yard,Freight Train,0,900,3915,31001,H399,38.688211000000003,-90.212970999999996
UP,0721HL009,2021-07-14,9:50 AM,Derailment,0,HERINGTON,KS,77.0,2,Day,Cloudy,Yard,Yard/switching,1,26676,920,27596,E21C,38.679226999999997,-96.949084999999997
BNSF,CH0916111,2016-09-18,10:05 AM,Other impacts,0,HODGKINS,IL,78.0,2,Day,Clear,Yard,Yard/switching,10,25091,0,25091,H318,41.761896,-87.862380999999999
BNSF,CH0120114,2020-01-26,6:23 PM,Derailment,0,AURORA,IL,30.0,3,Dusk,Snow,Yard,Light loco(s),6,17500,0,17500,M101,41.729973999999999,-88.345097999999993
MNCW,2019169,2019-11-13,3:58 AM,Other impacts,0,CROTON ON HUDSON,NY,22.0,4,Dark,Clear,Yard,EMU,0,1000,0,25000,E31C,41.195723999999998,-73.886481000000003
UP,0516PR013,2016-05-14,3:15 AM,Derailment,0,CHICAGO,IL,45.0,4,Dark,Cloudy,Yard,Yard/switching,3,258,18238,18496,H303,41.862673000000001,-87.675253999999995
BNSF,HL1222105,2022-12-08,5:13 PM,Side collision,0,LINCOLN,NE,25.0,3,Dusk,Sleet,Yard,Cut of cars,0,62669,0,75733,M408,40.808083000000003,-96.742536999999999
IC,1113504,2022-09-09,11:16 AM,Obstruction,0,KENTWOOD,LA,88.0,2,Day,Clear,Main,Spec. MoW Equip.,18,25000,0,25000,E04C,30.880717000000001,-90.510863999999998
NJTR,201911592,2019-10-29,12:45 PM,Rear end collision,0,HOBOKEN,NJ,59.0,2,Day,Clear,Yard,Commuter Train - Pushing,0,164190,0,173829,H306,40.734451,-74.035336000000001
BNSF,SW0215112,2015-02-27,11:13 PM,Other impacts,0,CLOVIS,NM,22.0,4,Dark,Snow,Yard,Yard/switching,10,13356,0,13356,H307,34.398586999999999,-103.223522
NS,135750,2019-10-08,1:30 AM,Rear end collision,0,HAMILTON,OH,48.0,4,Dark,Clear,Main,Freight Train,2,53154,0,188196,H221,39.356991000000001,-84.517223000000001
BNSF,KS0724201,2024-07-01,10:51 AM,Hwy-rail crossing,0,RATON,NM,81.0,2,Day,Clear,Main,,0,0,0,12464,M302,36.862206,-104.457373
LI,EQ20170602,2017-06-10,10:12 AM,Other (describe in narrative),0,QUEENS VILLAGE,NY,81.0,2,Day,Clear,Main,EMU,78,29129,1138,30267,M599,40.717970000000001,-73.734519000000006
UP,0715DV003,2015-07-04,2:38 AM,Derailment,0,SALINA,KS,70.0,4,Dark,Cloudy,Yard,Yard/switching,6,55791,66,55857,H702,38.851557,-97.604483999999999
BNSF,SW0718107,2018-07-18,12:29 AM,Other (describe in narrative),0,FORT SUMNER,NM,75.0,4,Dark,Clear,Siding,Light loco(s),8,0,17000,17000,H605,34.400736000000002,-104.307011
IC,1022564,2019-12-30,7:37 PM,Hwy-rail crossing,0,WILLOW SPRINGS,IL,28.0,4,Dark,Snow,Main,,0,0,493,244105,M302,41.733114999999998,-87.878701000000007
BNSF,TC0222205,2022-02-22,3:40 PM,Hwy-rail crossing,0,NASHUA,MN,-10.0,2,Day,Snow,Main,Freight Train,25,5000,50000,55000,M305,46.035936999999997,-96.346406999999999
BNSF,TC0222103,2022-02-12,2:37 AM,Derailment,0,MINNEAPOLIS,MN,-7.0,4,Dark,Cloudy,Yard,Yard/switching,6,68022,55490,123512,S016,45.028702000000003,-93.269231000000005
NYSW,20062402,2020-06-24,8:35 AM,Derailment,0,SPARTA,NJ,73.0,2,Day,Clear,Main,Spec. MoW Equip.,0,84710,0,84710,H993,41.111249999999998,-74.630737999999994
BNSF,KS0624105,2024-06-14,10:52 AM,Other (describe in narrative),0,KANSAS CITY,KS,74.0,2,Day,Clear,Yard,Yard/switching,12,66838,0,66838,M407,39.084052999999997,-94.685554999999994
IHB,2105,2015-05-29,8:58 AM,Side collision,0,HAMMOND,IN,82.0,2,Day,Clear,Yard,Yard/switching,5,15186,0,33403,H305,41.612786999999997,-87.499555000000001
NS,144150,2022-01-25,4:30 AM,Other impacts,0,PORTSMOUTH,OH,25.0,1,Dawn,Clear,Yard,Single Car,0,32393,0,54684,H312,38.736825000000003,-82.957245999999998
EVWR,E2020OCT1D,2020-10-11,5:30 PM,Derailment,0,CARMI,IL,82.0,2,Day,Clear,Main,Freight Train,25,10000,196575,206575,E53C,38.09111,-88.217681999999996
LI,68246,2018-08-01,12:40 PM,Derailment,0,WOODSIDE,NY,83.0,2,Day,Clear,Main,EMU,13,162153,6195,168348,H705,40.750304,-73.916493000000003
CSX,000138974,2014-12-16,4:41 AM,Side collision,0,WILLARD,OH,46.0,4,Dark,Rain,Yard,Freight Train,0,0,0,50402,H307,41.065438,-82.756545000000003
NS,136451,2019-12-09,5:13 AM,Derailment,0,SALEM,OH,46.0,1,Dawn,Rain,Industry,Freight Train,4,13482,0,13482,H303,40.892107000000003,-80.856300000000005
NJTR,202007237,2020-07-03,7:25 AM,Other (describe in narrative),0,JERSEY CITY,NJ,80.0,2,Day,Clear,Main,Commuter Train - Pushing,19,13928,0,13928,H599,40.741627000000001,-74.066676999999999
SLWC,IN16083100,2016-08-31,12:25 AM,Derailment,0,OKLAHOMA CITY,OK,73.0,4,Dark,Clear,Yard,Yard/switching,9,9663,15500,25163,T220,35.476950000000002,-97.521625
NS,139860,2020-11-30,8:10 AM,Other (describe in narrative),0,HICKORY,NC,48.0,2,Day,Clear,Yard,Freight Train,2,13826,100,13926,H702,35.729543,-81.281825999999995
CSX,000161051,2016-07-05,1:50 AM,Side collision,0,SELKIRK,NY,68.0,4,Dark,Rain,Yard,Freight Train,5,0,0,404079,H020,42.565902999999999,-73.854184000000004
BNSF,RD0119110,2019-01-11,11:00 AM,Other impacts,0,TULSA,OK,35.0,2,Day,Rain,Yard,Yard/switching,3,11635,1500,13135,S016,36.117787999999997,-96.011632000000006
BNSF,RD0118124,2018-01-31,8:30 PM,Derailment,0,MOORE,OK,45.0,3,Dusk,Clear,Yard,Yard/switching,3,21751,55000,76751,S011,35.364359999999998,-97.484391000000002
ARR,2021118,2021-08-16,1:15 PM,Obstruction,0,WILLOW,AK,60.0,2,Day,Clear,Main,Spec. MoW Equip.,0,9949,0,15675,H102,62.050600000000003,-150.0763
HESR,HES869518D,2018-11-29,1:00 AM,Derailment,0,DURAND,MI,28.0,4,Dark,Cloudy,Yard,Yard/switching,6,6090,75000,81090,T221,42.916594000000003,-83.997033000000002
IORY,IOR942021D,2021-11-25,5:10 AM,Derailment,0,WASHINGTON COURT HOU,OH,50.0,4,Dark,Cloudy,Main,Freight Train,3,115865,51336,167201,H505,39.537019000000001,-83.445724999999996
PATH,I06202104,2021-06-14,5:30 AM,Other impacts,0,NEW YORK NEW YORK,NY,67.0,1,Dawn,Clear,Main,EMU,40,15238,14582,29820,M599,40.715089999999996,-74.018259999999998
BNSF,SF1214105,2014-12-05,1:17 AM,Raking collision,0,TULSA,OK,55.0,4,Dark,Fog,Yard,Light loco(s),6,4000,0,11946,H607,36.116365000000002,-96.010568000000006
BNSF,RD0220204,2020-02-15,12:20 AM,Hwy-rail crossing,0,FRANCIS,OK,36.0,4,Dark,Cloudy,Main,Freight Train,27,1000,10000,11000,M302,34.832357000000002,-96.622358000000006
BNSF,SW0623107,2023-06-18,4:33 AM,Derailment,0,VAUGHN,NM,60.0,1,Dawn,Clear,Yard,Single Car,0,24944,0,38756,H307,34.600957999999999,-105.197281
GTW,1079509,2021-08-11,3:30 PM,Derailment,0,WOODHAVEN,MI,80.0,2,Day,Rain,Yard,Single Car,0,48264,0,48264,M105,42.120386000000003,-83.248103
BNSF,RD0223115,2023-02-17,10:30 PM,Derailment,0,ENID,OK,25.0,4,Dark,Clear,Main,Freight Train,11,269708,373627,698633,H318,36.411119999999997,-97.845016999999999
WE,220012,2022-02-08,7:30 PM,Derailment,0,AKRON,OH,24.0,4,Dark,Clear,Yard,Yard/switching,7,12687,10965,23652,H702,41.065086999999998,-81.443819000000005
NS,151962,2023-01-09,12:15 PM,Broken train collision,0,NEW BOSTON,OH,45.0,2,Day,Clear,Yard,Freight Train,5,28087,29026,57113,H008,38.746476999999999,-82.938604999999995
BNSF,RD0621106,2021-06-06,8:45 PM,Derailment,0,TULSA,OK,74.0,3,Dusk,Clear,Yard,Freight Train,5,1500,41591,43091,E64L,36.136211000000003,-96.008798999999996
CSX,000217438,2024-04-15,1:20 PM,Head on collision,0,FOLKSTON,GA,82.0,2,Day,Clear,Main,Freight Train,29,223763,49732,413708,H702,30.849229000000001,-82.020653999999993
CP,1001839480,2023-01-31,7:50 PM,Derailment,0,MONTPELIER,OH,12.0,3,Dusk,Clear,Main,Freight Train,4,23511,0,26920,H307,41.577540999999997,-84.620045000000005
BNSF,RD1023114,2023-10-08,5:55 PM,Derailment,0,TULSA,OK,76.0,3,Dusk,Clear,Yard,Yard/switching,8,61293,6506,67799,H307,36.108314,-96.019343000000006
BNSF,RD0319119,2019-03-25,5:50 AM,Derailment,0,MOORE,OK,57.0,1,Dawn,Clear,Yard,Yard/switching,6,17358,1500,18858,E40C,35.374645000000001,-97.483134000000007
UP,1217UT021,2017-12-17,8:00 AM,Derailment,0,POCATELLO,ID,25.0,2,Day,Clear,Yard,Yard/switching,4,86885,22642,109527,H702,42.854891000000002,-112.438959
BNSF,KS0315110,2015-03-20,10:30 AM,Derailment,0,TOPEKA,KS,70.0,2,Day,Clear,Yard,Light loco(s),3,79122,50000,129122,H995,39.054434999999998,-95.643293
BNSF,RD0623110,2023-06-11,2:33 AM,Derailment,0,TULSA,OK,73.0,4,Dark,Clear,Yard,Yard/switching,10,284259,187365,471624,M409,36.128790000000002,-96.010508999999999
AGR,AGR148217,2017-12-28,4:00 PM,Head on collision,0,PICKENSVILLE,AL,40.0,2,Day,Cloudy,Main,Light loco(s),18,75000,0,140000,H607,33.213881000000001,-88.273623000000001
WE,210064,2021-09-14,8:10 PM,Derailment,0,BREWSTER,OH,80.0,3,Dusk,Clear,Yard,Yard/switching,7,15556,405,15961,H702,40.707003,-81.598179000000002
IC,988606,2019-02-21,6:20 PM,Other impacts,0,EAST HAZELCREST,IL,30.0,4,Dark,Cloudy,Yard,Freight Train,5,15500,585,43685,H020,41.581991000000002,-87.657700000000006
CSX,000173473,2017-12-16,1:30 AM,Derailment,0,SELKIRK,NY,10.0,4,Dark,Clear,Yard,Yard/switching,6,6800,5000,11800,M405,42.565902999999999,-73.854184000000004
NIRC,9419001953,2024-01-16,6:42 AM,Hwy-rail crossing,0,CHICAGO,IL,-5.0,1,Dawn,Cloudy,Main,Commuter Train - Pushing,63,20671,0,20671,M308,41.692140000000002,-87.66113
LI,GR20160102,2016-01-21,6:35 AM,Hwy-rail crossing,0,WYANDANCH,NY,28.0,4,Dark,Clear,Main,EMU,60,193309,0,193309,M303,40.749513,-73.381322999999995
LI,68495,2018-09-24,11:13 AM,Obstruction,0,HOLLIS,NY,62.0,2,Day,Clear,Yard,EMU,0,49744,0,60744,H607,40.709490000000002,-73.768991
UP,0823GP025,2023-08-11,12:30 PM,Other impacts,0,NORTH PLATTE,NE,82.0,2,Day,Clear,Yard,Single Car,6,14229,0,31467,M411,41.145921999999999,-100.836026
UP,1015PR017,2015-10-18,6:21 AM,Hwy-rail crossing,0,ELWOOD,IL,32.0,1,Dawn,Clear,Main,Freight Train,62,14851,0,43251,M309,41.325184999999998,-88.237437999999997
LI,EQ20161001,2016-10-08,9:00 PM,Derailment,0,NEW HYDE PARK,NY,67.0,4,Dark,Rain,Main,EMU,50,6000000,1465437,9665437,H702,40.733466,-73.669544000000002
CSX,000182476,2019-04-19,12:30 PM,Other impacts,0,CUMBERLAND,MD,70.0,2,Day,Rain,Yard,Yard/switching,4,12380,0,15811,H018,39.644503999999998,-78.760839000000004
ATK,176988,2023-10-30,11:49 AM,Hwy-rail crossing,0,PETAL,MS,62.0,2,Day,Clear,Main,Passenger Train - Pulling,79,19516,0,19516,M308,31.395586000000002,-89.271788000000001
UP,0921HL022,2021-09-28,2:02 AM,Derailment,0,KANSAS CITY,MO,69.0,4,Dark,Clear,Main,Freight Train,9,11202,63834,75036,H501,39.109470000000002,-94.502430000000004
UP,1220HL020,2020-12-27,3:30 PM,Derailment,0,PRYOR,OK,60.0,2,Day,Clear,Yard,Yard/switching,10,26722,44700,71422,E49C,36.243082999999999,-95.337703000000005
CSX,000168230,2017-04-12,7:58 AM,Derailment,0,ROCKY MOUNT,NC,70.0,2,Day,Clear,Yard,Freight Train,0,70815,7120,77935,H599,35.918852999999999,-77.804446999999996
BNSF,RD0517108,2017-05-12,9:50 AM,Derailment,0,TULSA,OK,62.0,2,Day,Cloudy,Yard,Yard/switching,10,30000,4200,34200,E64L,36.114601999999998,-96.011724999999998
CSX,000155656,2015-12-29,11:15 PM,Side collision,0,NEW ORLEANS,LA,55.0,4,Dark,Clear,Yard,Freight Train,3,2000,0,13041,H995,30.005989,-90.019452000000001
CSX,000191443,2020-07-17,9:20 AM,Derailment,0,RIVERDALE,IL,81.0,2,Day,Clear,Yard,Yard/switching,8,29708,800,30508,M405,41.643124,-87.615774999999999
UP,1121GC025,2021-11-20,2:20 PM,Other impacts,0,MARINGOUIN,LA,73.0,2,Day,Clear,Yard,Freight Train,6,269373,1630,311029,H306,30.542002,-91.567115999999999
ATK,171795,2022-08-24,10:24 AM,Hwy-rail crossing,0,WAYNE,MI,80.0,2,Day,Clear,Main,Passenger Train - Pulling,70,12799,0,12799,M308,42.284396000000001,-83.348661000000007
ATK,156403,2018-11-21,7:25 PM,Other (describe in narrative),0,STUYVESANT,NY,29.0,4,Dark,Snow,Main,Passenger Train - Pulling,100,19575,0,19575,E33C,42.384402999999999,-73.785472999999996
NS,143295,2021-10-27,11:55 PM,Side collision,0,EAST CANTON,OH,63.0,4,Dark,Cloudy,Yard,Freight Train,4,5000,0,66101,H020,40.818928999999997,-81.313845999999998
UP,0418KC003,2018-04-06,5:45 PM,Derailment,0,OKARCHE,OK,42.0,2,Day,Cloudy,Industry,Yard/switching,7,43383,17600,60983,M506,35.779161000000002,-97.952141999999995
CSX,000176021,2018-04-23,5:50 PM,Derailment,0,SELKIRK,NY,60.0,2,Day,Clear,Yard,Yard/switching,5,168042,46030,214072,M405,42.565902999999999,-73.854184000000004
SLWC,230430002,2023-04-30,11:20 PM,Derailment,0,FLETCHER,OK,55.0,4,Dark,Clear,Industry,Freight Train,5,10000,40000,50000,H306,34.833289999999998,-98.240437
UP,0318LK024,2018-03-13,7:47 AM,Hwy-rail crossing,0,BERNIE,MO,62.0,2,Day,Cloudy,Main,Freight Train,38,72009,396,72405,M302,36.658383000000001,-89.966792999999996
MNCW,2017082203,2017-08-22,12:45 AM,Derailment,0,PORT JERVIS,NY,78.0,4,Dark,Clear,Yard,,0,0,75875,128299,H704,41.378464999999998,-74.698398999999995
AOK,050420,2020-05-04,3:40 PM,Derailment,0,NICOMA PARK,OK,78.0,2,Day,Clear,Main,,0,0,164258,165794,E4BC,35.486559,-97.352165999999997
BNSF,HL0119116,2019-01-16,3:06 AM,Derailment,0,LINCOLN,NE,15.0,4,Dark,Clear,Yard,Freight Train,10,6129,9150,15279,H995,40.807119,-96.736810000000006
SLWC,210118003,2021-01-18,8:30 AM,Derailment,0,OKLAHOMA CITY,OK,55.0,2,Day,Clear,Yard,,0,0,20579,41158,H702,35.471535000000003,-97.445335999999998
UP,0417KC018,2017-04-03,9:00 PM,Other impacts,0,KANSAS CITY,MO,50.0,4,Dark,Clear,Yard,Yard/switching,3,15794,0,16918,S012,39.121903000000003,-94.506474999999995
CSX,000189868,2020-04-26,11:15 PM,Side collision,0,HAMILTON,OH,39.0,4,Dark,Clear,Yard,Yard/switching,3,14811,25552,46908,H302,37.850351000000003,-84.256836000000007
CSX,000200005,2021-09-11,1:20 AM,Hwy-rail crossing,0,INDIANAPOLIS,IN,64.0,4,Dark,Clear,Main,Yard/switching,3,11608,0,11608,M302,39.896692999999999,-86.242767000000001
SNJX,20190201,2019-02-01,11:36 AM,Other (describe in narrative),0,TRENTON,NJ,22.0,2,Day,Clear,Main,EMU,0,40000,0,40000,M406,40.255268000000001,-74.703925999999996
IMRR,IMR559823A,2023-10-04,11:20 AM,Other impacts,0,PETERSBURG,IL,76.0,2,Day,Clear,Main,Freight Train,23,14000,0,14000,M404,40.01811,-89.862363999999999
BNSF,KS0315107,2015-03-08,11:30 PM,Derailment,0,KANSAS CITY,KS,44.0,4,Dark,Clear,Yard,Yard/switching,8,35000,500,35500,H305,39.084491,-94.685147999999998
UP,0918LK002,2018-09-02,9:21 AM,Hwy-rail crossing,0,BOSSIER CITY,LA,86.0,2,Day,Cloudy,Main,Freight Train,34,144241,33,144274,M302,32.602691999999998,-93.735281999999998
LI,80146,2023-07-08,11:20 PM,Other (describe in narrative),0,LINDENHURST,NY,78.0,4,Dark,Clear,Main,EMU,55,23696,0,23696,M599,40.688288999999997,-73.369287999999997
UP,1023HL016,2023-10-18,8:36 AM,Derailment,0,BUCYRUS,KS,50.0,2,Day,Clear,Main,Freight Train,16,11482,2795,14277,E27C,38.763066999999999,-94.657730000000001
BNSF,RD0119129,2019-01-26,8:30 AM,Derailment,0,TULSA,OK,34.0,1,Dawn,Clear,Yard,Yard/switching,10,11609,0,11609,H316,36.117825000000003,-96.012047999999993
NS,155811,2024-02-20,3:10 PM,Hwy-rail crossing,0,N/A,IN,50.0,2,Day,Clear,Main,Freight Train,34,795,35000,35795,M302,39.905043999999997,-85.162544999999994
NS,140864,2021-03-08,3:25 PM,Side collision,0,BUFFALO,NY,45.0,2,Day,Clear,Yard,Freight Train,0,24500,0,24500,H306,42.876891999999998,-78.832408000000001
CIC,GCA202203,2022-08-21,1:36 AM,Hwy-rail crossing,0,CEDAR RAPIDS,IA,65.0,4,Dark,Clear,Yard,,0,0,0,0,M301,41.972667999999999,-91.660696000000002
BNSF,TC0119110,2019-01-14,2:56 PM,Derailment,0,MANDAN,ND,25.0,2,Day,Clear,Yard,Light loco(s),4,15000,1500,16500,H307,46.828049999999998,-100.872803
LI,69826,2019-05-25,3:02 AM,Side collision,0,SPEONK,NY,56.0,4,Dark,Clear,Siding,Passenger Train - Pulling,0,100000,72033,450301,S009,40.820376000000003,-72.698667
BNSF,RD0418109,2018-04-09,6:49 AM,Derailment,0,DAVIS,OK,50.0,1,Dawn,Clear,Main,Freight Train,31,2290,21500,23790,E09C,34.48948,-97.115350000000007
NS,142418,2021-08-02,9:44 AM,Other impacts,0,BELLEVUE,OH,75.0,2,Day,Clear,Yard,Yard/switching,4,70326,328,70654,H504,41.288344000000002,-82.803528999999997