reportingrailroadcode,accidentnumber,date,time,accidenttype,hazmatreleasedcars,station,stateabbr,temperature,visibility_code,visibility,weathercondition,tracktype,equipmenttype,trainspeed,equipmentdamagecost,trackdamagecost,totaldamagecost,primaryaccidentcausecode,latitude,longitude
LI,74509,2021-04-24,11:00 AM,Raking collision,0,ELMONT,NY,66.0,2,Day,Clear,Main,Work train,1,0,140686,140686,M204,40.720466000000002,-73.724632999999997
GSM,08222017,2017-08-22,11:48 AM,RR grade crossing,0,BRYSON CITY,NC,80.0,2,Day,Cloudy,Main,Passenger Train - Pulling,9,24000,0,24000,M304,35.332939000000003,-83.591271000000006
BNSF,HL0818125,2018-08-30,10:35 PM,Derailment,0,COLUMBUS,KS,70.0,4,Dark,Clear,Yard,Freight Train,7,24000,15000,39000,H307,37.177670999999997,-94.836474999999993
WE,210055,2021-08-23,2:30 PM,Raking collision,0,BREWSTER,OH,85.0,2,Day,Clear,Yard,Yard/switching,8,51464,0,51464,H310,40.714458,-81.608528000000007
NS,156061,2024-03-16,4:15 AM,Derailment,0,BELLEVUE,OH,48.0,1,Dawn,Fog,Yard,Single Car,4,500,18000,18500,M101,41.288345,-82.801972000000006
MNCW,73705,2020-12-04,11:45 AM,Other impacts,0,CROTON ON HUDSON,NY,45.0,2,Day,Cloudy,Yard,EMU,2,24969,0,49938,H399,41.195397999999997,-73.885921999999994
CTHS,20220222,2022-02-22,9:45 PM,Obstruction,0,LONGMEADOW,MA,28.0,4,Dark,Rain,Main,Passenger Train - Pulling,58,14212,0,14212,M404,42.066032999999997,-72.589243999999994
NS,133432,2019-03-29,5:50 PM,Other (describe in narrative),0,PAINTED POST,NY,72.0,3,Dusk,Clear,Yard,Freight Train,4,65000,407,65407,E21C,42.149504,-77.101922999999999
BNSF,KS1223120,2023-12-29,8:39 AM,Derailment,0,KANSAS CITY,KS,33.0,1,Dawn,Clear,Yard,Yard/switching,6,20345,45514,65859,M411,39.083587999999999,-94.680971
NJTR,202310416,2023-09-08,10:00 AM,Other impacts,0,KEARNY,NJ,90.0,2,Day,Clear,Yard,Commuter Train - Pulling,0,59732,0,59732,H607,40.743786,-74.103796000000003
WE,160009,2016-02-01,5:10 PM,Derailment,1,BREWSTER,OH,41.0,2,Day,Clear,Yard,Yard/switching,12,404000,26010,430010,H702,40.714824999999998,-81.619457999999995
KCT,UP121222,2022-12-12,7:08 PM,Derailment,0,KANSAS CITY,MO,46.0,3,Dusk,Rain,Main,,0,0,0,98455,H503,39.081983000000001,-94.606613999999993
PW,PWR859221A,2021-08-19,1:00 PM,Other (describe in narrative),0,WORCESTER,MA,82.0,2,Day,Rain,Industry,Cut of cars,0,20000,0,20000,M103,42.249760000000002,-71.808817000000005
WE,230036,2023-05-16,11:50 PM,Derailment,0,SPENCER,OH,57.0,4,Dark,Cloudy,Yard,Yard/switching,7,24580,4135,28715,H503,41.099325999999998,-82.123305999999999
BNSF,PR1021106,2021-10-14,10:04 AM,Derailment,0,ALLIANCE,NE,50.0,2,Day,Clear,Yard,Freight Train,3,24750,20325,45075,H601,42.083056999999997,-102.887871
NJTR,201702039,2017-01-31,8:30 PM,Other impacts,0,KEARNY,NJ,32.0,4,Dark,Cloudy,Yard,Yard/switching,9,36142,718,73002,H306,40.744315,-74.107928000000001
CSX,000140370,2015-01-21,5:37 PM,Side collision,0,SELKIRK,NY,17.0,3,Dusk,Cloudy,Yard,Light loco(s),0,325,0,62974,H607,42.566588000000003,-73.852295999999996
CSX,000181006,2019-01-27,9:00 AM,Side collision,0,CURTIS BAY,MD,39.0,2,Day,Clear,Yard,Cut of cars,0,812,0,14267,H307,39.233061999999997,-76.588719999999995
NS,142472,2021-08-08,5:15 PM,Derailment,0,CINCINNATI,OH,90.0,3,Dusk,Clear,Yard,Single Car,0,0,0,13336,H503,39.105834000000002,-84.539912000000001
CSX,000170319,2017-07-18,6:28 PM,Derailment,0,BIRMINGHAM,AL,88.0,2,Day,Clear,Yard,Yard/switching,8,2000,0,19820,H607,33.543607000000002,-86.790088999999995
CSX,000210273,2023-03-12,11:00 AM,Side collision,0,WAYCROSS,GA,75.0,2,Day,Clear,Yard,Yard/switching,6,763,0,44362,H306,31.213529999999999,-82.353567999999996
CFE,CFE618623D,2023-11-27,10:15 PM,Derailment,0,LIMA,OH,25.0,4,Dark,Clear,Yard,Yard/switching,2,15961,250,16211,H306,40.753259999999997,-84.13158
SNJX,20190131,2019-01-31,5:38 AM,Fire/violent rupture,0,PENNSAUKEN,NJ,15.0,4,Dark,Clear,Main,DMU,0,100000,0,100000,M406,39.977789999999999,-75.061976999999999
BNSF,SW0119107,2019-01-06,1:41 AM,Side collision,0,GALLUP,NM,23.0,4,Dark,Cloudy,Yard,Freight Train,0,55446,0,82625,H306,35.525798000000002,-108.75241800000001
MNCW,2017021329,2017-02-13,11:58 AM,Obstruction,0,HAWTHORNE,NY,32.0,2,Day,Clear,Main,EMU,55,92500,24235,116735,M404,41.115045000000002,-73.790368000000001
LI,EQ20180302,2018-03-23,7:50 PM,Obstruction,0,MINEOLA,NY,45.0,4,Dark,Clear,Main,EMU,80,212636,39168,251804,M402,40.741264000000001,-73.637020000000007
INRD,644281,2021-10-07,8:25 AM,Derailment,0,CARLISLE,IN,75.0,2,Day,Clear,Industry,Freight Train,7,26000,30235,56235,M599,39.003098000000001,-87.277642999999998
CSX,000187621,2020-01-01,9:30 AM,Side collision,0,NORTH BALTIMORE,OH,31.0,2,Day,Cloudy,Yard,Freight Train,5,69921,0,135451,H306,41.182015999999997,-83.684342000000001
BNSF,SF0115101,2015-01-01,1:57 PM,Derailment,0,TULSA,OK,33.0,2,Day,Rain,Yard,Yard/switching,10,16380,250,16630,M411,36.116365000000002,-96.010568000000006
BNSF,HL0320103,2020-03-03,6:26 PM,Derailment,0,THAYER,MO,45.0,3,Dusk,Clear,Yard,Work train,8,5919,30000,35919,E64C,36.526277999999998,-91.538636999999994
BNSF,RD0217122,2017-02-28,10:40 PM,Derailment,0,TULSA,OK,52.0,4,Dark,Clear,Yard,Yard/switching,4,33842,36123,69965,S104,36.116365000000002,-96.010568000000006
NS,140840,2021-03-05,6:45 PM,Side collision,0,GREENSBORO,NC,45.0,3,Dusk,Clear,Yard,Freight Train,0,25000,0,25000,H018,36.079922000000003,-79.785819000000004
CP,1000152790,2014-12-13,5:55 AM,Derailment,0,ALBANY,NY,28.0,4,Dark,Clear,Industry,Single Car,4,28000,0,58540,H020,42.665981000000002,-73.740041000000005
TXN,220328003,2022-03-28,4:50 PM,Other (describe in narrative),0,LOVINGTON,NM,88.0,2,Day,Clear,Main,Freight Train,0,11561,0,11561,M402,32.898496000000002,-103.316526
LI,GR20150601,2015-06-18,1:44 PM,Hwy-rail crossing,0,RIVERHEAD,NY,70.0,2,Day,Clear,Main,DMU,37,14922,26284,41206,M303,40.917923999999999,-72.689812000000003
UP,0516PR001,2016-05-02,2:45 AM,Derailment,0,NORTHLAKE,IL,40.0,4,Dark,Clear,Yard,Yard/switching,7,18452,3490,21942,E40C,41.909337000000001,-87.915128999999993
CSX,000170600,2017-08-01,2:27 AM,Derailment,0,ELIZABETH,NJ,75.0,4,Dark,Clear,Industry,Yard/switching,5,26441,1780,28221,H210,40.663404999999997,-74.179807999999994
UP,0119ST045,2019-01-20,8:35 AM,Other impacts,0,LA MESA,NM,30.0,2,Day,Clear,Yard,Cut of cars,0,54200,0,56800,H702,31.913215999999998,-106.758476
BRC,14410,2021-01-07,3:55 PM,Derailment,0,CHICAGO,IL,35.0,2,Day,Clear,Yard,,0,0,25000,41040,H702,41.762461999999999,-87.726247000000001
NS,156302,2024-04-08,10:00 PM,Other impacts,0,PORTSMOUTH,OH,50.0,4,Dark,Clear,Yard,Cut of cars,0,8000,0,46585,H306,38.736826000000001,-82.957245999999998
CSX,000186505,2019-11-09,1:03 AM,Other impacts,0,RIVERDALE,IL,30.0,4,Dark,Clear,Yard,Cut of cars,2,19926,50,19976,E35C,41.649836000000001,-87.634367999999995
CSX,000170848,2017-08-10,6:30 PM,Raking collision,0,SELKIRK,NY,74.0,3,Dusk,Clear,Yard,Cut of cars,0,884,2776,16860,S014,42.565902999999999,-73.854184000000004
BNSF,PR0319114,2019-03-19,6:15 PM,Obstruction,0,EDGAR,MT,42.0,3,Dusk,Clear,Main,Freight Train,22,220000,0,220000,M404,45.486635999999997,-108.849789
CSX,000186347,2019-10-31,9:30 PM,Other impacts,0,CLEVELAND,OH,37.0,4,Dark,Sleet,Yard,Yard/switching,0,10719,0,11141,M105,41.571337999999997,-81.556839999999994
CSX,000191296,2020-07-11,1:04 PM,Side collision,0,NORTH BERGEN,NJ,85.0,2,Day,Cloudy,Yard,Single Car,2,11512,0,11562,H318,40.806953999999998,-74.021372
BNSF,HL0415100,2015-04-04,5:10 PM,Other (describe in narrative),0,EUREKA,MO,54.0,3,Dusk,Clear,Main,Freight Train,25,42467,5000,47467,E29C,38.502572000000001,-90.623339000000001
CSX,000204715,2022-05-05,2:15 AM,Derailment,0,SELKIRK,NY,50.0,4,Dark,Clear,Yard,Yard/switching,6,20500,2262,22762,E34C,42.566077999999997,-73.854462999999996
UP,0323RM050,2023-03-27,6:00 AM,Derailment,0,POCATELLO,ID,20.0,1,Dawn,Snow,Main,Freight Train,4,166158,35806,403558,M405,42.896560999999998,-112.493171
CRSH,146813,2023-12-22,10:46 AM,Other impacts,0,NEWARK,NJ,34.0,2,Day,Clear,Yard,Single Car,5,2114,0,128166,M407,40.706501000000003,-74.133751000000004
MNCW,79810,2023-05-24,11:10 AM,Other impacts,0,CROTON ON HUDSON,NY,70.0,2,Day,Clear,Yard,EMU,2,14034,0,14034,M507,41.194569999999999,-73.885356000000002
GTW,957273,2018-04-28,1:00 PM,Derailment,0,FLAT ROCK,MI,47.0,2,Day,Clear,Yard,Freight Train,10,41729,11637,53366,M409,42.116207000000003,-83.256504000000007
KCS,17111502,2017-11-15,1:32 PM,Hwy-rail crossing,0,SINGER,LA,74.0,2,Day,Clear,Main,Freight Train,44,106173,712,106885,M308,30.715191999999998,-93.353542000000004
UP,1221GP011,2021-12-15,2:30 AM,Derailment,0,GIBBON,NE,42.0,4,Dark,Cloudy,Main,Freight Train,50,4041,136800,140841,E86C,40.724744999999999,-98.949267000000006
BNSF,TC0915111,2015-09-20,9:00 PM,Other impacts,0,FRIDLEY,MN,64.0,4,Dark,Clear,Yard,Yard/switching,8,30500,0,30500,M411,45.040303999999999,-93.273555000000002
NS,130825,2018-09-05,4:27 AM,Hwy-rail crossing,0,OSCEOLA,IN,73.0,1,Dawn,Clear,Main,Freight Train,55,1890,23505,25395,M308,41.663747000000001,-86.061072999999993
UP,1223PN003,2023-12-02,9:30 AM,Derailment,0,NAMPA,ID,36.0,2,Day,Cloudy,Yard,Freight Train,3,7395,80610,88005,H702,43.583784999999999,-116.564572
NS,152671,2023-03-29,6:15 AM,Derailment,0,PORTSMOUTH,OH,35.0,1,Dawn,Clear,Yard,Yard/switching,4,11450,797,12247,E32C,38.737209999999997,-82.973107999999996
NS,142911,2021-09-22,12:57 AM,Hwy-rail crossing,0,ARCHBOLD,OH,72.0,4,Dark,Rain,Main,Freight Train,55,2140,36292,38432,M303,41.528682000000003,-84.258073999999993
BRC,13745,2016-07-02,8:45 AM,Derailment,0,BEDFORD PARK,IL,70.0,2,Day,Cloudy,Yard,Cut of cars,0,13429,0,13429,M411,41.767234000000002,-87.753124
CSX,000210735,2023-04-10,6:38 PM,Derailment,0,GRAND RAPIDS,MI,50.0,2,Day,Clear,Yard,Yard/switching,9,25293,7180,32473,M405,42.952655,-85.684179
BNSF,HL0123115,2023-01-22,5:33 AM,Derailment,0,KANSAS CITY,MO,36.0,1,Dawn,Sleet,Yard,Freight Train,5,13933,0,13933,M101,39.133744,-94.567318999999998
UP,0117CB002,2017-01-07,4:56 PM,Derailment,0,COLUMBUS,NE,9.0,2,Day,Clear,Yard,Freight Train,3,35994,18641,54635,E48C,41.427644000000001,-97.363698999999997
BNSF,PR0119116,2019-01-17,10:34 PM,Derailment,0,ALLIANCE,NE,35.0,4,Dark,Clear,Yard,Yard/switching,5,63029,0,63029,H307,42.091327,-102.87324700000001
NJTR,202007231,2020-07-07,5:25 AM,Other (describe in narrative),0,KEARNY,NJ,75.0,1,Dawn,Clear,Main,Commuter Train - Pulling,25,13150,0,13150,E78L,40.743127000000001,-74.128739999999993
UP,0115WH008,2015-01-15,10:30 AM,Hwy-rail crossing,0,BENEDICT,KS,50.0,2,Day,Clear,Main,Freight Train,40,3771894,97686,3869580,M308,37.631779000000002,-95.746782999999994
UP,0221GP005,2021-02-04,9:00 AM,Other impacts,0,NORTH PLATTE,NE,27.0,2,Day,Clear,Yard,Single Car,0,54723,0,56555,M407,41.146541999999997,-100.834532
CRSH,131635,2018-11-12,12:44 AM,Derailment,0,JERSEY CITY,NJ,30.0,4,Dark,Clear,Main,,0,0,2000,94484,E00C,40.729233000000001,-74.051563999999999
UP,0820HL009,2020-08-06,5:16 PM,Derailment,0,WICHITA,KS,79.0,2,Day,Cloudy,Main,Freight Train,7,290644,125940,416584,E07C,37.750312999999998,-97.309607999999997
CRSH,146801,2023-10-16,8:15 AM,Other impacts,0,DETROIT,MI,50.0,2,Day,Clear,Industry,Cut of cars,5,28544,0,49750,M501,42.384461000000002,-83.033670999999998
KCS,17061203,2017-06-12,12:00 PM,Derailment,0,PEARL,MS,80.0,2,Day,Clear,Yard,Yard/switching,4,6764,8293,15057,H702,32.257559999999998,-90.149282999999997
NS,132261,2019-01-02,7:20 PM,Side collision,0,BELLEVUE,OH,32.0,3,Dusk,Clear,Yard,Yard/switching,2,3376,0,15678,H607,41.288305999999999,-82.801342000000005
CSX,000205204,2022-05-27,7:59 AM,Derailment,0,HAMILTON,OH,62.0,1,Dawn,Clear,Main,Freight Train,13,94686,14399,109085,H518,39.397112,-84.555750000000003
UP,1215PD014,2015-12-29,11:53 AM,Derailment,0,KLAMATH FALLS,OR,25.0,2,Day,Cloudy,Yard,Light loco(s),5,38468,7833,46301,E59L,42.205576999999998,-121.771033
NS,136165,2019-11-12,5:15 AM,Other (describe in narrative),0,CHICAGO,IL,11.0,1,Dawn,Clear,Yard,Freight Train,6,9004,4179,13183,M101,41.702706999999997,-87.568866
NS,121213,2016-07-11,9:30 AM,Obstruction,0,HARRISBURG,NC,84.0,2,Day,Clear,Main,Work train,4,3200,0,63200,H306,35.314253000000001,-80.696141999999995
UP,1222ES018,2022-12-09,2:00 PM,Obstruction,0,CANEY,OK,63.0,2,Day,Cloudy,Main,Spec. MoW Equip.,10,3485,0,22579,H402,34.236794000000003,-96.209884000000002
UP,1021GC025,2021-10-10,8:16 PM,Fire/violent rupture,0,CHENEYVILLE,LA,75.0,4,Dark,Cloudy,Main,Freight Train,20,13588,0,13588,E74L,31.015912,-92.301783
BNSF,CH0721116,2021-07-28,10:14 AM,Derailment,0,CHICAGO,IL,90.0,2,Day,Clear,Yard,Yard/switching,4,7000,6000,13000,H306,41.820391999999998,-87.715618000000006
NJTR,201703105,2017-03-24,9:00 AM,Derailment,0,NEW YORK NEW YORK,NY,42.0,2,Day,Clear,Main,Commuter Train - Pulling,5,53271,0,342031,T217,40.751730999999999,-73.996881999999999
ATK,160104,2019-07-16,2:49 PM,Other (describe in narrative),0,EDGEWOOD,MD,94.0,2,Day,Clear,Main,Passenger Train - Pulling,124,10409,4406,14815,E78L,39.421208,-76.280169999999998
UP,1022GP029,2022-10-18,4:32 AM,Other (describe in narrative),0,NORTH PLATTE,NE,38.0,1,Dawn,Cloudy,Yard,Single Car,0,13129,0,13129,M411,41.151429,-100.871932
WC,851526,2015-05-28,7:20 PM,Derailment,0,GARY,IN,65.0,2,Day,Clear,Yard,Yard/switching,2,30469,11300,41769,H306,41.609223999999998,-87.351079999999996
BNSF,SW0919110,2019-09-13,9:10 AM,Obstruction,0,LAGUNA,NM,77.0,2,Day,Clear,Main,,0,0,0,16246,M404,35.045153999999997,-107.39423499999999
MBTA,7031,2016-11-04,1:00 AM,Obstruction,0,BOSTON,MA,45.0,4,Dark,Clear,Main,Passenger Train - Pushing,6,32704,0,32704,H222,42.351529999999997,-71.054993999999994
UP,0321PN025,2021-03-30,12:36 PM,Fire/violent rupture,0,CRESCENT,OR,22.0,2,Day,Clear,Main,Freight Train,35,14464,0,14464,M406,43.512473,-121.973066
CSX,000196697,2021-03-30,12:00 PM,Hwy-rail crossing,0,COLUMBIA STATION,OH,60.0,2,Day,Clear,Main,Freight Train,40,14897,10018,24915,M304,41.313581999999997,-81.983704000000003
CWRO,201514,2015-02-10,11:13 AM,Derailment,0,CLEVELAND,OH,20.0,2,Day,Cloudy,Industry,Yard/switching,2,7500,6000,13500,H701,41.280000000000001,-81.799999999999997
UP,0818PD027,2018-08-24,5:30 PM,Other impacts,0,EUGENE,OR,76.0,2,Day,Clear,Yard,Single Car,1,14461,0,14461,H318,44.070461000000002,-123.13207
CSX,000146138,2015-05-13,8:50 AM,Hwy-rail crossing,0,DEFIANCE,OH,50.0,2,Day,Clear,Main,Light loco(s),47,37111,0,37111,M304,41.278630999999997,-84.474306999999996
CSX,000197988,2021-06-02,2:00 AM,Other impacts,0,CINCINNATI,OH,63.0,4,Dark,Rain,Yard,Cut of cars,13,69004,0,69004,M407,39.137560000000001,-84.543610000000001
NS,145701,2022-06-29,10:05 AM,Derailment,0,NEW LONDON,NC,80.0,2,Day,Clear,Siding,Freight Train,0,65241,1552,66793,H020,35.421219999999998,-80.211061999999998
NS,116437,2015-07-09,12:48 PM,Hwy-rail crossing,0,SANDUSKY,OH,72.0,2,Day,Rain,Main,Freight Train,51,10193,4800,14993,M303,41.436267000000001,-82.674368999999999
NJTR,201911640,2019-11-20,12:50 AM,Derailment,0,RARITAN,NJ,43.0,4,Dark,Cloudy,Yard,Yard/switching,5,18550,42634,61184,H704,40.570362000000003,-74.646319000000005
CSX,000194493,2020-12-16,4:00 AM,Hwy-rail crossing,0,PEWEE VALLEY,KY,31.0,4,Dark,Sleet,Main,Freight Train,18,15651,2356,18007,M308,38.302408,-85.496618999999995
NMRX,01042016,2016-04-01,4:30 AM,Rear end collision,0,SANTO DOMINGO PUEBLO,NM,39.0,4,Dark,Cloudy,Main,Spec. MoW Equip.,0,0,0,59442,M599,35.511364,-106.32573499999999
ATK,171032,2022-06-12,3:15 AM,Obstruction,0,SHARON,MA,60.0,4,Dark,Clear,Main,Spec. MoW Equip.,0,125000,0,425000,H607,42.138668000000003,-71.171135000000007
NS,142455,2021-08-06,8:37 AM,Other impacts,0,BELLEVUE,OH,78.0,2,Day,Clear,Yard,Single Car,0,1500,0,18110,M411,41.288344000000002,-82.803528999999997
CDOT,157688,2019-02-19,8:40 PM,Derailment,0,NEW HAVEN,CT,26.0,4,Dark,Clear,Yard,Commuter Train - Pulling,1,18580,0,18580,H992,41.294007999999998,-72.927843999999993
UP,0319GC050,2019-03-20,10:03 PM,Derailment,0,MANSFIELD,LA,56.0,4,Dark,Cloudy,Main,Freight Train,0,110852,0,406974,E64C,32.136164000000001,-93.479861
LI,68712,2018-11-07,10:35 AM,Derailment,0,RICHMOND HILL,NY,57.0,2,Day,Clear,Yard,Yard/switching,5,22802,0,22802,M507,40.703339,-73.800194000000005
BNSF,RD0418108,2018-04-09,12:45 AM,Derailment,0,TULSA,OK,65.0,4,Dark,Clear,Yard,Light loco(s),4,15000,2000,17000,H607,36.127481000000003,-96.012451999999996
BNSF,HL0522202,2022-05-20,2:20 PM,Hwy-rail crossing,0,OLIVE BRANCH,MS,87.0,2,Day,Clear,Main,Freight Train,42,20000,1500,21500,M302,34.962166000000003,-89.824742999999998
UP,0817KC018,2017-08-16,7:11 PM,Derailment,0,EL RENO,OK,88.0,2,Day,Clear,Yard,Freight Train,3,112463,10038,133037,H303,35.549301999999997,-97.964967999999999
BNSF,RD1223121,2023-12-22,11:55 PM,Derailment,0,MADILL,OK,55.0,4,Dark,Rain,Yard,Freight Train,5,17448,7813,25261,H307,34.086390000000002,-96.762895999999998
UP,0520PR011,2020-05-20,3:20 PM,Derailment,0,MELROSE PARK,IL,63.0,2,Day,Cloudy,Yard,Yard/switching,5,114859,1190,116049,H318,41.895747,-87.888902999999999
BNSF,HL1216114,2016-12-31,9:05 PM,Derailment,0,ADAMS,NE,21.0,4,Dark,Clear,Main,Freight Train,30,13874,3200513,3214387,E62C,40.504845000000003,-96.567712999999998
BNSF,SW0719105,2019-07-25,5:04 AM,Derailment,0,CLOVIS,NM,68.0,1,Dawn,Clear,Yard,Yard/switching,7,21000,82000,103000,H607,34.396687999999997,-103.195564
BNSF,KS0524104,2024-05-14,8:40 PM,Derailment,0,DODGE CITY,KS,71.0,3,Dusk,Clear,Main,Freight Train,4,256290,331302,587592,H503,37.752246,-100.01662
BNSF,KS0715101,2015-07-04,10:15 PM,Rear end collision,0,WELLINGTON,KS,88.0,4,Dark,Clear,Yard,Freight Train,6,24620,0,68674,H307,37.261181000000001,-97.389680999999996
CSX,000140370,2015-01-21,5:37 PM,Side collision,0,SELKIRK,NY,17.0,3,Dusk,Cloudy,Yard,Yard/switching,4,59461,3188,62974,H607,42.566588000000003,-73.852295999999996
CSX,000170528,2017-07-27,4:00 AM,Other impacts,0,ALBANY,NY,68.0,1,Dawn,Cloudy,Yard,Single Car,10,21200,0,47730,M407,42.565902999999999,-73.854184000000004
UP,0420GC010,2020-04-10,12:22 PM,Other impacts,0,LAKE CHARLES,LA,70.0,2,Day,Clear,Yard,Yard/switching,8,7658,99,134460,H510,30.238330000000001,-93.198886999999999
CSX,000164041,2016-11-01,4:48 PM,Other impacts,0,HAMLET,NC,70.0,2,Day,Clear,Yard,Single Car,9,24000,0,24000,S016,34.925491000000001,-79.646586999999997
NS,154997,2023-12-08,10:20 PM,Derailment,0,MINGO JUNCTION,OH,45.0,4,Dark,Clear,Main,Yard/switching,3,42000,15804,57804,M204,40.309626000000002,-80.610951999999997
BNSF,RD0617118,2017-06-16,3:30 PM,Derailment,0,TULSA,OK,96.0,2,Day,Clear,Yard,Freight Train,8,6786,16500,23286,S011,36.125784000000003,-96.010745999999997
UP,0517PD023,2017-05-23,2:15 PM,Hwy-rail crossing,0,ALBANY,OR,82.0,2,Day,Clear,Main,,0,0,264,24308,M302,44.577615000000002,-123.108357
BNSF,SF0716106,2016-07-10,6:00 AM,Derailment,0,TULSA,OK,73.0,1,Dawn,Clear,Yard,,0,0,85000,119341,E40C,36.125703000000001,-96.012043000000006
LI,72462,2020-06-23,1:59 PM,Derailment,0,RICHMOND HILL,NY,80.0,2,Day,Clear,Yard,Light loco(s),5,10648,300,10948,H303,40.697471999999998,-73.819558999999998
KCS,21122202,2021-12-22,2:14 PM,Hwy-rail crossing,0,POTEAU,OK,60.0,2,Day,Clear,Main,Freight Train,40,3044,69597,72641,M308,35.040692,-94.622163999999998
NJTR,201708329,2017-08-23,4:10 AM,Raking collision,0,LONG ISLAND CITY,NY,72.0,4,Dark,Clear,Yard,Commuter Train - Pushing,5,7291,0,17291,H220,40.748151,-73.932485999999997
NS,153080,2023-05-12,7:35 PM,Other (describe in narrative),0,SHARONVILLE,OH,65.0,3,Dusk,Clear,Yard,Yard/switching,6,1993,14934,16927,E30C,39.276508,-84.410708
CSX,000171060,2017-08-19,10:30 AM,Other impacts,0,CUMBERLAND,MD,75.0,2,Day,Clear,Main,Freight Train,10,23132,0,23132,H508,39.652030000000003,-78.770942000000005
UP,0419MA021,2019-04-11,2:45 AM,Other impacts,0,PINE BLUFF,AR,70.0,4,Dark,Cloudy,Yard,Yard/switching,6,12584,33,19070,H702,34.252158999999999,-91.937698999999995
NJTR,201708274,2017-07-18,8:30 PM,Other (describe in narrative),0,KEARNY,NJ,75.0,2,Day,Clear,Yard,Light loco(s),4,17666,0,17666,H999,40.743298000000003,-74.106319999999997
IMRR,IMR028622D,2022-03-08,1:45 PM,Derailment,0,PEKIN,IL,33.0,2,Day,Clear,Main,Freight Train,5,14000,0,14000,M299,40.543129999999998,-89.673789999999997
BNSF,HL0320115,2020-03-23,2:03 AM,Derailment,0,MONETT,MO,48.0,4,Dark,Cloudy,Main,Freight Train,21,858742,436000,1294742,H519,36.920873999999998,-93.947665000000001
BNSF,RD0223115,2023-02-17,10:30 PM,Derailment,0,ENID,OK,25.0,4,Dark,Clear,Main,Yard/switching,8,55298,0,698633,H318,36.411119999999997,-97.845016999999999
NS,138676,2020-07-28,7:59 AM,Derailment,0,DURHAM,NC,88.0,1,Dawn,Clear,Yard,Freight Train,2,36600,16415,53015,H306,35.956563000000003,-78.853431
NS,138744,2020-08-04,7:00 AM,Other impacts,0,BELLEVUE,OH,72.0,1,Dawn,Rain,Yard,Single Car,4,50000,0,165636,H312,41.292310000000001,-82.784211999999997
NS,123977,2017-02-15,1:41 AM,Derailment,0,ROSSFORD,OH,31.0,4,Dark,Clear,Yard,Yard/switching,4,1200,13494,14694,H702,41.636940000000003,-83.588410999999994
UP,0118LK043,2018-01-24,11:13 AM,Fire/violent rupture,0,NORTH LITTLE ROCK,AR,50.0,2,Day,Clear,Main,Freight Train,45,26125,33,26158,E71L,34.808548000000002,-92.307001999999997
IHB,2126,2015-08-05,9:08 AM,Side collision,0,HAMMOND,IN,85.0,2,Day,Clear,Yard,Yard/switching,9,106722,2863,219170,H306,41.611977000000003,-87.499146999999994
CSX,000161469,2016-07-21,4:30 AM,Other impacts,0,SELKIRK,NY,58.0,1,Dawn,Clear,Yard,Single Car,11,23900,0,24000,S014,42.565902999999999,-73.854184000000004
BNSF,RD0915200,2015-09-09,1:00 PM,Hwy-rail crossing,0,MARIETTA,OK,80.0,2,Day,Clear,Main,Maint./inspect Car,8,58500,0,58500,M302,34.064653999999997,-97.138000000000005
NS,121213,2016-07-11,9:30 AM,Obstruction,0,HARRISBURG,NC,84.0,2,Day,Clear,Main,Spec. MoW Equip.,0,60000,0,63200,H306,35.314253000000001,-80.696141999999995
BNSF,PR0816114,2016-08-11,12:26 PM,Obstruction,0,WATROUS,NM,90.0,2,Day,Clear,Main,,0,0,0,16600,M404,35.819291999999997,-104.86163500000001
KYLE,KYL795821L,2021-06-08,5:30 PM,Obstruction,0,SIMPSON,KS,85.0,2,Day,Clear,Main,Spec. MoW Equip.,10,25000,0,25000,H402,39.393895999999998,-97.950173000000007
IHB,2153,2015-10-11,1:30 AM,Side collision,0,HAMMOND,IN,48.0,4,Dark,Clear,Yard,Yard/switching,3,36588,1313,37901,H702,41.611446000000001,-87.497606000000005
NS,152128,2023-01-27,10:52 AM,Derailment,0,DELAWARE,OH,37.0,2,Day,Clear,Main,Freight Train,4,1188629,96685,1285314,H503,40.262518,-83.035286999999997
UP,1018NP013,2018-10-13,9:10 PM,Derailment,0,NORTH PLATTE,NE,42.0,4,Dark,Cloudy,Yard,Yard/switching,4,2094,10494,12588,M409,41.148108999999998,-100.837537
GU,1224221,2022-12-24,1:26 AM,Derailment,0,NORTH GRAFTON,MA,10.0,4,Dark,Cloudy,Yard,,0,0,21474,1028374,H303,42.239795999999998,-71.712890999999999
NS,144822,2022-03-29,3:27 AM,Other impacts,0,BELLEVUE,OH,19.0,4,Dark,Clear,Yard,Single Car,10,200,0,59156,H312,41.291944000000001,-82.784807999999998
ATK,174612,2023-05-04,11:57 AM,Hwy-rail crossing,0,PICAYUNE,MS,81.0,2,Day,Clear,Main,Passenger Train - Pulling,76,0,0,0,M303,30.510863000000001,-89.684411999999995
NS,152875,2023-04-21,1:00 AM,Derailment,0,BELLEVUE,OH,60.0,4,Dark,Cloudy,Yard,Yard/switching,5,7081,18650,25731,E04C,41.275840000000002,-82.832224999999994