reportingrailroadcode,accidentnumber,date,time,accidenttype,hazmatreleasedcars,station,stateabbr,temperature,visibility_code,visibility,weathercondition,tracktype,equipmenttype,trainspeed,equipmentdamagecost,trackdamagecost,totaldamagecost,primaryaccidentcausecode,latitude,longitude
TSWS,287202301,2023-01-31,11:30 PM,Derailment,0,KANSAS CITY,MO,26.0,4,Dark,Clear,Yard,Freight Train,3,10000,25000,35000,H503,38.833488000000003,-94.565326999999996
UP,0117WH010,2017-01-19,5:00 PM,Derailment,0,PONDCREEK,OK,53.0,2,Day,Clear,Main,Freight Train,49,3744,28869,32613,E53C,36.714801000000001,-97.790396000000001
HESR,HES319823O,2023-02-03,7:50 AM,Derailment,0,KAWKAWLIN,MI,6.0,4,Dark,Clear,Main,,0,0,28824,94738,M204,43.650911000000001,-83.937709999999996
BNSF,TC1019116,2019-10-25,9:33 AM,Derailment,0,FRIDLEY,MN,50.0,2,Day,Clear,Yard,Yard/switching,5,14540,3500,18040,M411,45.038902999999998,-93.272255000000001
BNSF,TC1016111,2016-10-18,1:55 AM,Other impacts,0,MINNEAPOLIS,MN,60.0,4,Dark,Rain,Yard,Yard/switching,10,0,10723,10723,M407,45.034550000000003,-93.270571000000004
UP,0421PR009,2021-04-29,6:15 PM,Derailment,0,DOLTON,IL,62.0,3,Dusk,Cloudy,Yard,Yard/switching,5,3434,20008,23442,H307,41.620040000000003,-87.611970999999997
UP,1120GC039,2020-11-26,6:40 PM,Other impacts,0,LAKE CHARLES,LA,64.0,3,Dusk,Cloudy,Yard,Yard/switching,4,33224,150,33540,H318,30.238329,-93.198386999999997
CSX,000169025,2017-05-21,3:07 PM,Other impacts,0,HAMLET,NC,79.0,2,Day,Cloudy,Yard,Yard/switching,4,122,0,33968,H601,34.925491000000001,-79.646586999999997
CSX,000181740,2019-03-09,5:53 AM,Side collision,0,WILLARD,OH,30.0,1,Dawn,Cloudy,Yard,Freight Train,5,47891,400,79682,H017,41.059857000000001,-82.723963999999995
NS,122894,2016-11-26,5:25 PM,Hwy-rail crossing,0,DUNKIRK,NY,36.0,3,Dusk,Sleet,Main,Freight Train,45,12257,760,13017,M303,42.496805000000002,-79.285561999999999
UP,1017LV003,2017-10-03,5:40 AM,Side collision,0,PORT ALLEN,LA,70.0,1,Dawn,Cloudy,Industry,Yard/switching,7,3154,0,41154,H605,30.485242,-91.211775000000003
BNSF,SW0118102,2018-01-07,5:16 PM,Side collision,0,CLOVIS,NM,48.0,3,Dusk,Clear,Main,Freight Train,18,108,0,43108,H220,34.398606000000001,-103.223721
LI,EQ20180104,2018-01-29,8:30 PM,Derailment,0,HOLLIS,NY,41.0,4,Dark,Cloudy,Yard,EMU,5,337583,0,337583,H303,40.718013999999997,-73.771011000000001
CSX,000219704,2024-08-01,10:24 AM,Derailment,0,LOUISVILLE,KY,84.0,2,Day,Clear,Yard,Freight Train,4,17681,43564,61245,H525,38.160739999999997,-85.749135999999993
BNSF,TC0622105,2022-06-23,1:00 AM,Other (describe in narrative),0,DILWORTH,MN,75.0,4,Dark,Clear,Main,Light loco(s),6,0,27000,27000,H702,46.874001,-96.650592000000003
CRSH,136525,2019-12-13,4:00 PM,Other impacts,0,STATEN ISLAND,NY,45.0,3,Dusk,Rain,Yard,Cut of cars,5,15017,0,49672,H008,40.633215999999997,-74.181524999999993
GRYR,GR161028A,2016-10-28,4:20 PM,Derailment,0,GRENADA,MS,84.0,2,Day,Clear,Industry,Freight Train,5,184128,35300,219428,E04C,33.835237999999997,-89.817500999999993
CSX,000195435,2021-02-01,8:00 PM,Raking collision,0,FLATWOODS,KY,28.0,4,Dark,Snow,Yard,Single Car,0,6797,0,15993,H318,38.540045999999997,-82.712368999999995
ALS,20160117,2016-01-17,2:45 PM,Derailment,0,EAST ST LOUIS,IL,18.0,2,Day,Clear,Yard,Cut of cars,6,4050,8427,12477,M411,38.589613999999997,-90.140265999999997
LI,EQ20150101,2015-01-27,12:20 PM,Derailment,0,JAMAICA,NY,25.0,2,Day,Snow,Yard,EMU,9,331533,22675,354208,M101,40.699655,-73.809804
LSRC,D240616,2024-06-16,7:04 AM,Derailment,0,FLINT,MI,65.0,1,Dawn,Cloudy,Yard,Yard/switching,7,9206,56025,65231,H306,43.080992000000002,-83.676983000000007
CSX,000196145,2021-03-07,9:10 PM,Derailment,0,EAST SYRACUSE,NY,8.0,4,Dark,Cloudy,Yard,Yard/switching,7,36479,500,36979,T221,43.067112000000002,-76.048421000000005
NS,141499,2021-05-10,2:16 AM,Other (describe in narrative),0,CLEVELAND,OH,36.0,4,Dark,Cloudy,Yard,Freight Train,5,16694,74078,90772,H704,41.428567000000001,-81.816166999999993
CSX,000161321,2016-07-14,9:40 AM,Derailment,0,WAXHAW,NC,90.0,2,Day,Clear,Main,Freight Train,24,95710,44914,140624,E54C,34.921402999999998,-80.790452999999999
WE,180093,2018-10-04,8:30 PM,Derailment,0,MINGO JUNCTION,OH,70.0,2,Day,Clear,Yard,Yard/switching,5,76221,8693,84914,H704,40.303486999999997,-80.612033999999994
CP,1000298233,2015-11-06,10:45 PM,Other impacts,0,ST PAUL,MN,35.0,4,Dark,Clear,Yard,Yard/switching,2,6200,0,17534,H212,44.926569000000001,-93.022441999999998
ATK,138587,2015-08-04,12:00 PM,Derailment,0,NEW YORK -QUEENS,NY,84.0,2,Day,Clear,Yard,Yard/switching,5,13000,0,13000,H303,40.741177,-73.955754999999996
NS,120856,2016-06-13,9:35 PM,Derailment,0,CAMDEN,OH,72.0,4,Dark,Clear,Siding,Freight Train,6,20329,4348,24677,H702,39.648848999999998,-84.630516999999998
UP,1018PR008,2018-10-06,2:28 AM,Derailment,0,MELROSE PARK,IL,61.0,4,Dark,Rain,Yard,Yard/switching,5,12922,22000,34922,T220,41.896957999999998,-87.916067999999996
UP,0819ST006,2019-08-05,1:45 PM,Derailment,0,LORDSBURG,NM,89.0,2,Day,Cloudy,Siding,Light loco(s),4,60811,22002,82813,H702,32.344324999999998,-108.684173
CSX,000211509,2023-05-24,5:40 PM,Derailment,0,GRAND RAPIDS,MI,60.0,2,Day,Clear,Yard,Yard/switching,5,22302,1727,24029,M405,42.952632000000001,-85.684162999999998
UP,0524GP003,2024-05-02,8:23 PM,Derailment,0,BREMEN,KS,61.0,4,Dark,Cloudy,Main,Freight Train,32,681,1057500,1058181,E62L,39.895921000000001,-96.752630999999994
MNCW,74933,2021-06-04,6:40 AM,Other impacts,0,SOUTHEAST,NY,67.0,2,Day,Cloudy,Yard,EMU,1,1436,0,15954,H399,41.407820000000001,-73.622622000000007
CSX,000215542,2024-01-14,1:30 AM,Derailment,0,NEW ORLEANS,LA,37.0,4,Dark,Clear,Main,Freight Train,4,369372,59853,429225,H524,30.005993,-90.019454999999994
LI,EQ20150704,2015-07-17,6:03 PM,Side collision,0,JAMAICA,NY,73.0,2,Day,Clear,Main,EMU,13,25000,0,75789,H221,40.700310000000002,-73.806025000000005
NS,141840,2021-06-09,5:10 PM,Raking collision,0,EVENDALE,OH,82.0,3,Dusk,Rain,Yard,Light loco(s),6,21333,0,82135,H309,39.264108999999998,-84.420351999999994
CUOH,CUO471423G,2023-07-11,11:40 AM,Hwy-rail crossing,0,HANOVER,OH,80.0,2,Day,Clear,Main,Freight Train,30,13847,2262,16109,M303,40.086108000000003,-82.214941999999994
CRSH,132349,2019-01-08,4:50 AM,Raking collision,0,NEWARK,NJ,31.0,1,Dawn,Sleet,Yard,Cut of cars,0,704,0,30157,M204,40.709578,-74.141095000000007
UP,0120GP053,2020-01-27,3:50 AM,Derailment,0,NORTH PLATTE,NE,25.0,4,Dark,Clear,Yard,Yard/switching,4,10738,10892,21630,E69L,41.153064999999998,-100.871942
UP,0420GC010,2020-04-10,12:22 PM,Other impacts,0,LAKE CHARLES,LA,70.0,2,Day,Clear,Yard,Yard/switching,3,126703,0,134460,H510,30.238330000000001,-93.198886999999999
WC,1077357,2021-07-21,12:37 AM,Derailment,0,GARY,IN,67.0,4,Dark,Clear,Yard,Yard/switching,5,38694,26509,331493,H399,41.629506999999997,-87.406373000000002
ATK,175871,2023-08-10,2:15 AM,Side collision,0,NEW YORK,NY,60.0,4,Dark,Clear,Yard,Yard/switching,3,16000,0,16944,H702,40.748950000000001,-73.931470000000004
NS,124949,2017-05-05,1:39 AM,Hwy-rail crossing,0,CHINA GROVE,NC,70.0,4,Dark,Rain,Main,,0,0,0,25370,M302,35.601716000000003,-80.542248000000001
IC,903217,2016-10-09,6:15 PM,Hwy-rail crossing,0,WESSON,MS,80.0,2,Day,Clear,Main,Freight Train,35,30,19357,19387,M308,31.700520000000001,-90.396584000000004
UP,0417PR016,2017-04-17,12:00 PM,Other (describe in narrative),0,NORTHLAKE,IL,75.0,2,Day,Clear,Yard,Single Car,0,35431,0,35431,M411,41.899777999999998,-87.907617000000002
BLU,170417001,2017-04-17,5:30 AM,Derailment,0,CANTON,NC,51.0,4,Dark,Clear,Yard,Yard/switching,3,10503,5578,16081,E85C,35.315905999999998,-82.502714999999995
BNSF,PR0723102,2023-07-17,11:52 PM,Derailment,0,BRIDGEPORT,NE,69.0,4,Dark,Clear,Yard,Light loco(s),5,12000,0,12000,H607,41.663620000000002,-103.10000700000001
KCS,16031901,2016-03-19,11:50 AM,Other impacts,0,MONROE,LA,58.0,2,Day,Clear,Yard,Single Car,0,84135,9298,130989,H318,32.497774999999997,-92.094516999999996
GRS,20161206X1,2016-12-06,3:40 PM,Derailment,0,NEW BRITAIN,CT,56.0,2,Day,Clear,Main,Freight Train,10,79500,104614,184114,M203,41.668841,-72.771431000000007
BNSF,TC0620107,2020-06-30,10:37 AM,Rear end collision,0,HAWLEY,MN,80.0,2,Day,Clear,Main,Spec. MoW Equip.,25,230000,0,680000,H402,46.902970000000003,-96.216583
NJTR,201707224,2017-06-17,8:30 PM,Derailment,0,KEARNY,NJ,70.0,3,Dusk,Clear,Yard,Light loco(s),9,34479,300,34779,H704,40.744357999999998,-74.102376000000007
UP,0121HL026,2021-01-31,4:40 PM,Derailment,0,LOGAN,NM,55.0,2,Day,Clear,Main,Freight Train,50,58122,2790,60912,E33C,35.386144000000002,-103.394614
UP,0720GC014,2020-07-03,12:30 AM,Derailment,0,AVONDALE,LA,85.0,4,Dark,Rain,Yard,Yard/switching,3,4013,9660,13673,H703,29.918248999999999,-90.192982999999998
BRC,14441,2021-03-17,12:20 PM,Other impacts,0,BEDFORD PARK,IL,39.0,2,Day,Cloudy,Yard,Cut of cars,0,9132,0,12116,H702,41.767983000000001,-87.777623000000006
CSX,000179025,2018-09-29,2:13 AM,Other impacts,0,JACKSONVILLE,FL,80.0,4,Dark,Clear,Industry,Freight Train,4,15650,97,15747,H996,30.430057999999999,-81.554907
GTW,908807,2016-12-14,10:15 PM,Obstruction,0,FERNDALE,MI,11.0,4,Dark,Snow,Main,Freight Train,40,30,33815,33845,M402,42.465389999999999,-83.128005000000002
UP,1215ST006,2015-12-11,7:20 PM,Derailment,0,SANTA TERESA,NM,59.0,4,Dark,Clear,Yard,Yard/switching,4,500,32369,32869,H995,31.891016,-106.73063500000001
BNSF,TX0215200,2015-02-02,9:20 PM,Hwy-rail crossing,0,OKLAHOMA CITY,OK,33.0,4,Dark,Clear,Main,,0,0,20000,20000,M302,35.580154,-97.523910999999998
LI,EQ20150503,2015-05-13,11:51 PM,Derailment,0,RONKONKOMA,NY,55.0,4,Dark,Clear,Yard,EMU,5,151958,4000,155958,M507,40.808473999999997,-73.096587
UP,0121PN009,2021-01-13,1:59 AM,Obstruction,0,CLACKAMAS,OR,57.0,4,Dark,Rain,Main,Freight Train,35,0,82640,82640,M404,45.422542,-122.571298
BNSF,HL1023122,2023-10-28,11:00 PM,Derailment,0,LINCOLN,NE,31.0,4,Dark,Clear,Industry,Yard/switching,5,28395,1500,29895,H703,40.867063000000002,-96.614526999999995
UP,1117KC005,2017-11-07,6:32 PM,Derailment,0,ST JOSEPH,MO,36.0,4,Dark,Cloudy,Yard,Yard/switching,5,14476,3098,17574,T212,39.736736000000001,-94.863555000000005
UP,1116PD002,2016-11-07,7:24 AM,Hwy-rail crossing,0,AURORA,OR,65.0,2,Day,Clear,Main,,0,0,31404,85066,M302,45.23272,-122.75603599999999
MNNR,0615001,2015-06-04,9:05 AM,Derailment,0,MINNEAPOLIS,MN,70.0,2,Day,Cloudy,Industry,Single Car,10,56319,1707,58026,E0HC,44.980490000000003,-93.230286000000007
WC,856683,2015-06-25,5:20 PM,Other impacts,0,GARY,IN,78.0,2,Day,Cloudy,Yard,Yard/switching,4,125444,0,140598,H310,41.626449999999998,-87.394049999999993
BNSF,TC1117106,2017-11-20,4:30 PM,Side collision,0,MINNEAPOLIS,MN,30.0,2,Day,Clear,Yard,Yard/switching,4,40881,0,60258,H307,45.031163999999997,-93.272143999999997
BNSF,PR0620201,2020-06-06,7:05 AM,Hwy-rail crossing,0,ALLIANCE,NE,83.0,1,Dawn,Clear,Main,Freight Train,50,18588,500,19088,M302,42.133290000000002,-102.91200000000001
UP,0922GL007,2022-09-05,2:40 AM,Derailment,5,SHEFFIELD,IA,61.0,4,Dark,Clear,Main,Freight Train,45,1880851,532200,2413051,H504,42.815162999999998,-93.231745000000004
UPME,0224CM004,2024-02-24,9:53 AM,Derailment,0,CRYSTAL LAKE,IL,21.0,2,Day,Clear,Main,Commuter Train - Pulling,12,250,47032,47282,H702,42.240735000000001,-88.310580999999999
CPKC,1002093201,2024-05-04,12:53 PM,Derailment,0,CHILLICOTHE,MO,67.0,2,Day,Cloudy,Main,Freight Train,20,6275,101220,107495,T214,39.728503000000003,-93.584480999999997
UP,0421GL021,2021-04-30,7:15 PM,Derailment,0,DES MOINES,IA,72.0,3,Dusk,Cloudy,Industry,Yard/switching,1,17758,150,17908,S012,41.590803000000001,-93.554446999999996
UP,1019PR012,2019-10-08,3:06 PM,Derailment,0,MORRISON,IL,73.0,2,Day,Clear,Main,Freight Train,12,41119,62726,103845,H519,41.860691000000003,-90.067541000000006
BRC,13794,2016-11-19,3:14 AM,Derailment,0,BEDFORD PARK,IL,45.0,4,Dark,Clear,Yard,Freight Train,7,108060,100542,208602,E30C,41.768788000000001,-87.753854000000004
UP,0717NP037,2017-07-09,12:30 PM,Other (describe in narrative),0,NORTH PLATTE,NE,98.0,2,Day,Clear,Yard,Single Car,0,43799,0,43799,E29C,41.147438000000001,-100.804256
UP,0322GL016,2022-03-10,1:29 PM,Hwy-rail crossing,0,DENISON,IA,23.0,2,Day,Cloudy,Main,Freight Train,67,1651816,1297959,2949775,M303,42.010553000000002,-95.355366000000004
BNSF,KS0617116,2017-06-30,12:50 AM,Derailment,0,CAPRON,OK,75.0,4,Dark,Rain,Main,Freight Train,0,64593,1500,66093,M105,36.869179000000003,-98.592917
NS,143611,2021-12-01,3:00 AM,Side collision,0,DANVILLE,KY,34.0,4,Dark,Clear,Yard,Freight Train,0,39775,800,41575,H021,37.625456,-84.784591000000006
NS,152584,2023-03-19,9:37 PM,Hwy-rail crossing,0,MAPLE HEIGHTS,OH,30.0,4,Dark,Cloudy,Main,Freight Train,50,19658,13652,33310,M303,41.423760000000001,-81.585104000000001
NS,135644,2019-09-27,10:00 AM,Other impacts,0,EVENDALE,OH,85.0,2,Day,Clear,Main,Freight Train,0,6211,0,11004,H306,39.264558999999998,-84.433216999999999
NS,145532,2022-06-13,9:40 AM,Other impacts,0,LEXINGTON,NC,72.0,2,Day,Clear,Yard,Single Car,0,260,10857,11377,H312,35.750594,-80.318288999999993
NS,151658,2022-12-07,8:30 PM,Other impacts,0,GREENSBORO,NC,56.0,4,Dark,Fog,Yard,Single Car,3,1500,0,31500,H312,36.059927999999999,-79.842014000000006
UP,0422GL009,2022-04-06,8:00 AM,Derailment,0,CLINTON,IA,44.0,2,Day,Cloudy,Main,Freight Train,0,382384,0,919032,E61C,41.800108000000002,-90.333527000000004
ATK,157344,2019-01-27,1:04 AM,Derailment,0,ROSEDALE,MD,21.0,4,Dark,Clear,Main,,0,0,215330,492905,E69C,39.305138999999997,-76.508415999999997
KCS,21030502,2021-03-05,9:05 PM,Other (describe in narrative),0,KANSAS CITY,MO,40.0,4,Dark,Clear,Yard,,0,0,2990,39617,H702,39.128878999999998,-94.521243999999996
UP,0623HL024,2023-06-28,12:15 AM,Derailment,0,HIAWATHA,KS,68.0,4,Dark,Cloudy,Main,Freight Train,40,202464,230894,433358,H513,39.880344000000001,-95.564953000000003
CSX,000159846,2016-05-18,7:23 AM,Raking collision,0,SELKIRK,NY,55.0,1,Dawn,Cloudy,Yard,Cut of cars,0,12642,0,14642,H607,42.565902999999999,-73.854184000000004
BNSF,NW0715103,2015-07-08,6:40 AM,Derailment,0,CULVER,OR,50.0,1,Dawn,Clear,Main,Freight Train,50,5000,490962,495962,E61C,44.5169,-121.21604000000001
BNSF,KS0715101,2015-07-04,10:15 PM,Rear end collision,0,WELLINGTON,KS,88.0,4,Dark,Clear,Yard,Cut of cars,0,44054,0,68674,H307,37.261181000000001,-97.389680999999996
UP,0120HL030,2020-01-21,7:29 AM,Derailment,0,NORTH ENID,OK,20.0,2,Day,Cloudy,Yard,Freight Train,2,260168,66106,326274,H503,36.433914999999999,-97.862847000000002
GDLK,231206005,2023-12-06,11:15 PM,Derailment,0,WHITE PIGEON,MI,37.0,4,Dark,Clear,Industry,Yard/switching,5,35000,24000,59000,H702,41.767273000000003,-85.689218999999994
UP,0817PD012,2017-08-16,3:20 AM,Derailment,0,STANFIELD,OR,61.0,4,Dark,Clear,Yard,Single Car,1,19592,0,33500,S007,45.797635999999997,-119.31563300000001
IHB,2046,2014-12-18,1:30 AM,Other (describe in narrative),0,HAMMOND,IN,18.0,4,Dark,Clear,Yard,Cut of cars,0,49159,0,49159,M507,41.612363000000002,-87.498520999999997
UP,0515NP015,2015-05-13,5:45 PM,Other impacts,0,NORTH PLATTE,NE,60.0,2,Day,Rain,Yard,Cut of cars,0,3784,0,12319,S007,41.150601000000002,-100.84558699999999
ATK,147712,2017-05-31,7:07 PM,Hwy-rail crossing,0,HUBBARD,OR,69.0,2,Day,Clear,Main,Passenger Train - Pulling,20,0,0,20150,M302,45.193601000000001,-122.792798
BNSF,RD0723104,2023-07-06,4:45 AM,Derailment,0,TULSA,OK,70.0,1,Dawn,Rain,Yard,Light loco(s),7,14754,1000,15754,M409,36.116115999999998,-96.012557999999999
BNSF,KS0818108,2018-08-23,7:00 PM,Other impacts,0,DODGE CITY,KS,91.0,3,Dusk,Clear,Yard,Yard/switching,3,10900,0,10900,H318,37.750776000000002,-99.995129000000006
UP,1222HL009,2022-12-12,7:15 PM,Derailment,0,KANSAS CITY,MO,42.0,3,Dusk,Cloudy,Main,Freight Train,5,98455,0,98455,H503,39.082234,-94.601574999999997
WE,150013,2015-01-30,10:20 AM,Rear end collision,0,JEWETT,OH,25.0,2,Day,Snow,Main,Freight Train,16,268847,8279,307126,H607,40.349336999999998,-80.964623000000003
NS,127460,2017-11-18,8:45 AM,Derailment,0,BELLEVUE,OH,44.0,2,Day,Rain,Yard,Yard/switching,9,27355,3761,31116,E04C,41.288305999999999,-82.801342000000005
CSX,000161862,2016-08-03,1:45 PM,Other impacts,0,LANSING,MI,90.0,2,Day,Clear,Yard,Single Car,0,14107,0,14207,M599,42.728707999999997,-84.540647000000007
NYSW,08012301,2018-01-23,9:30 AM,Derailment,0,NORTH BERGEN,NJ,54.0,2,Day,Clear,Siding,Freight Train,9,10000,55000,65000,H306,40.819119000000001,-74.014870999999999
BNSF,SF0815106,2015-08-10,7:30 PM,Derailment,0,TULSA,OK,92.0,3,Dusk,Clear,Yard,Cut of cars,0,30200,0,31377,M408,36.122737999999998,-96.010940000000005
UP,1223HL001,2023-12-03,1:46 AM,Other impacts,0,WICHITA,KS,29.0,4,Dark,Fog,Yard,Yard/switching,3,45710,1707,53098,E22C,37.726643000000003,-97.325102000000001
CSX,000166099,2017-01-18,4:20 AM,Derailment,0,WALBRIDGE,OH,35.0,1,Dawn,Cloudy,Yard,Single Car,4,611,196,18303,M411,41.573729999999998,-83.513593999999998
LSRC,D230706,2023-07-06,10:20 PM,Derailment,0,BAY CITY,MI,69.0,4,Dark,Cloudy,Yard,Freight Train,3,20389,34110,54499,M405,43.614344000000003,-83.857286999999999
UP,0515SL011,2015-05-26,10:12 AM,Hwy-rail crossing,0,GOODWINE,IL,67.0,2,Day,Rain,Main,Freight Train,49,19112,5022,24134,M304,40.560015,-87.790184999999994
WE,240004,2024-01-05,12:50 AM,Derailment,0,LODI,OH,14.0,4,Dark,Cloudy,Main,Freight Train,29,3800,210321,214121,E62C,41.037864999999996,-82.034379000000001
NYA,122619,2019-12-26,7:35 PM,Derailment,0,NEW YORK -QUEENS,NY,40.0,4,Dark,Clear,Yard,Yard/switching,5,31083,4630,35713,T220,40.710203999999997,-73.894884000000005
UP,0922MA001,2022-09-01,1:45 PM,Derailment,0,SHREVEPORT,LA,88.0,2,Day,Cloudy,Yard,Freight Train,1,22523,0,22523,H503,32.426648,-93.894309000000007
BNSF,TC1219205,2019-12-18,11:11 AM,Hwy-rail crossing,0,BUXTON,ND,15.0,2,Day,Clear,Main,Freight Train,48,25000,0,25000,M302,47.570639999999997,-97.091170000000005
CSX,000155556,2015-12-28,2:05 PM,Derailment,0,CLEVELAND,OH,37.0,2,Day,Rain,Yard,Freight Train,8,213642,5060,218702,T220,41.575262000000002,-81.548488000000006
ATK,177431,2023-12-02,4:49 AM,Hwy-rail crossing,0,NORTHWOOD,OH,44.0,4,Dark,Rain,Main,Passenger Train - Pulling,78,14075,0,14075,M308,41.587994000000002,-83.461198999999993
IC,1148654,2024-03-25,4:12 PM,Obstruction,0,BENTON,MS,13.0,2,Day,Clear,Main,,0,0,0,0,M404,32.649951999999999,-90.371823000000006
BPRR,BPR015919D,2019-04-08,8:30 PM,Derailment,0,MACHIAS,NY,59.0,3,Dusk,Clear,Main,Freight Train,10,15000,500,15500,E53C,42.408056000000002,-78.483056000000005
BNSF,SW0824109,2024-08-29,3:00 PM,Derailment,0,BELEN,NM,71.0,2,Day,Clear,Main,Freight Train,30,167677,160000,327677,M505,34.679118000000003,-106.77483700000001
UP,0718LV015,2018-07-19,9:50 AM,Other impacts,0,ALEXANDRIA,LA,93.0,2,Day,Clear,Yard,Yard/switching,7,19038,0,25150,H318,31.260908000000001,-92.437173999999999
NJTR,202302044,2023-01-18,12:26 AM,Derailment,0,DOVER,NJ,28.0,4,Dark,Clear,Yard,Yard/switching,5,53247,25976,79223,H704,40.883626999999997,-74.548901000000001
NS,151513,2022-11-20,6:04 AM,Other (describe in narrative),0,CINCINNATI,OH,24.0,1,Dawn,Clear,Yard,Freight Train,5,5588,23245,45184,H702,39.106122999999997,-84.539968999999999
CSX,000201631,2021-12-03,2:51 AM,Derailment,0,ROCKY MOUNT,NC,45.0,4,Dark,Clear,Yard,Yard/switching,7,22124,5708,27832,E39C,35.918852999999999,-77.804446999999996
NS,155728,2024-02-10,12:22 PM,Other impacts,0,EVENDALE,OH,50.0,2,Day,Cloudy,Yard,Yard/switching,5,11800,350,12150,H318,39.264110000000002,-84.420353000000006
BNSF,SW0522102,2022-05-21,8:45 AM,Derailment,0,CLOVIS,NM,75.0,1,Dawn,Clear,Yard,Light loco(s),10,300,12580,12880,H607,34.395654999999998,-103.21555600000001
NIRC,2020071964,2020-09-09,8:08 PM,Derailment,0,JOLIET,IL,63.0,4,Dark,Clear,Yard,Yard/switching,11,14000,0,14000,H602,41.525073999999996,-88.071997999999994
ATK,143737,2016-08-11,12:26 PM,Obstruction,0,VALMORA,NM,90.0,2,Day,Clear,Main,Passenger Train - Pulling,70,16600,0,16600,M404,35.819291999999997,-104.86163000000001
CUOH,CUO681315D,2015-01-15,3:13 AM,Derailment,0,NEWCOMERSTOWN,OH,10.0,4,Dark,Clear,Main,Freight Train,32,40500,14000,54500,E52C,40.279184000000001,-81.585612999999995
NS,135729,2019-10-05,2:35 AM,Other impacts,0,COLUMBUS,OH,64.0,4,Dark,Clear,Yard,Cut of cars,3,0,2000,41297,H399,39.916496000000002,-82.946988000000005
BLF,20180420,2018-12-26,8:42 PM,Obstruction,0,FORT LAUDERDALE,FL,70.0,4,Dark,Clear,Main,Passenger Train - Pulling,40,22332,0,22455,M402,26.113160000000001,-80.145216000000005
IC,1022239,2019-12-27,7:44 PM,Hwy-rail crossing,0,ROMEOVILLE,IL,28.0,4,Dark,Cloudy,Main,,0,0,18624,67330,M308,41.663350000000001,-88.033885999999995
EIRR,160110003,2016-01-10,12:05 PM,Derailment,0,BURLEY,ID,25.0,2,Day,Clear,Industry,Freight Train,4,17000,0,17000,H307,42.32479,-113.481404
GRW,23,2016-07-08,11:00 AM,Derailment,0,GARY,IN,88.0,2,Day,Clear,Industry,Yard/switching,2,357,10810,11167,E68C,41.621326000000003,-87.329338000000007
UP,1121GC025,2021-11-20,2:20 PM,Other impacts,0,MARINGOUIN,LA,73.0,2,Day,Clear,Yard,Yard/switching,6,40026,0,311029,H306,30.542002,-91.567115999999999
MNCW,79256,2023-02-28,6:30 PM,Raking collision,0,NEW YORK -QUEENS,NY,37.0,2,Day,Cloudy,Yard,EMU,2,236047,0,236047,M599,40.743259000000002,-73.948870999999997
UP,0820GC045,2020-08-30,10:20 PM,Derailment,0,KINDER,LA,78.0,4,Dark,Clear,Main,Freight Train,2,114199,20544,134743,H701,30.490985999999999,-92.836838
MNCW,2015012852,2015-01-28,5:20 PM,Derailment,0,NEW YORK NEW YORK,NY,30.0,4,Dark,Clear,Yard,Commuter Train - Pulling,11,149178,146736,295914,T220,40.752997999999998,-73.997056000000001
NS,137460,2020-03-11,5:34 PM,Other impacts,0,DECATUR,IL,45.0,3,Dusk,Clear,Yard,Cut of cars,0,45036,0,66088,H309,39.848103999999999,-88.939046000000005
ATK,144059,2016-08-31,9:30 PM,Hwy-rail crossing,0,GILMAN,IL,65.0,4,Dark,Clear,Main,Passenger Train - Pulling,73,10542,0,12964,M308,40.737068000000001,-88.001491000000001
BNSF,MT1115103,2015-11-17,6:00 AM,Obstruction,0,TROY,MT,30.0,1,Dawn,Clear,Main,Freight Train,0,11000,0,11000,M404,48.570079,-115.98179
CRSH,138545,2020-07-15,6:00 PM,Derailment,0,JERSEY CITY,NJ,80.0,3,Dusk,Clear,Yard,Yard/switching,5,38380,1200,39580,H306,40.677351000000002,-74.077607999999998
CSX,000166694,2017-02-10,4:46 PM,Derailment,0,SELKIRK,NY,24.0,3,Dusk,Clear,Yard,Yard/switching,4,31431,0,31431,E44C,42.565902999999999,-73.854184000000004
CFE,CFE853018D,2018-11-14,7:24 AM,Derailment,0,HAMLET,IN,20.0,1,Dawn,Clear,Siding,Freight Train,14,448489,140000,588489,H699,41.378245999999997,-86.555012000000005
UP,1223HL008,2023-12-09,9:04 AM,Derailment,0,SALINA,KS,40.0,2,Day,Cloudy,Yard,Single Car,0,9535,0,172707,H318,38.851913000000003,-97.603502000000006
NS,138685,2020-07-29,9:12 AM,Derailment,0,EVENDALE,OH,81.0,2,Day,Clear,Yard,Freight Train,3,2368,12802,15170,H525,39.264113999999999,-84.420348000000004
CSX,000199472,2021-08-12,9:32 PM,Other impacts,0,CLEVELAND,OH,81.0,4,Dark,Cloudy,Industry,Single Car,2,9600,0,42588,H020,41.472878999999999,-81.679302000000007
UP,0323GC003,2023-03-07,1:02 AM,Other impacts,0,MARINGOUIN,LA,70.0,4,Dark,Clear,Yard,Light loco(s),0,21126,0,49908,H306,30.519815999999999,-91.548197000000002
CSX,000203187,2022-02-18,9:46 PM,Other (describe in narrative),0,COLUMBUS,OH,28.0,4,Dark,Cloudy,Yard,Yard/switching,7,23378,2996,26374,M599,39.972310999999998,-83.021134000000004