reportingrailroadcode,accidentnumber,date,time,accidenttype,hazmatreleasedcars,station,stateabbr,temperature,visibility_code,visibility,weathercondition,tracktype,equipmenttype,trainspeed,equipmentdamagecost,trackdamagecost,totaldamagecost,primaryaccidentcausecode,latitude,longitude
MNCW,71668,2020-01-21,6:04 PM,Hwy-rail crossing,0,SLOATSBURG,NY,21.0,4,Dark,Clear,Main,,0,0,31995,829899,M304,41.167997999999997,-74.191415000000006
UP,0120HL013,2020-01-01,4:20 PM,Fire/violent rupture,0,RENICK,MO,53.0,2,Day,Clear,Main,Freight Train,41,20343,66,20409,E73L,39.131774999999998,-94.106741
CSX,000217384,2024-04-15,7:00 AM,Hwy-rail crossing,0,GARY,IN,58.0,1,Dawn,Clear,Main,Freight Train,35,5604,10747,16351,M302,41.624220000000001,-87.393990000000002
UP,0420PR015,2020-04-23,10:02 AM,Hwy-rail crossing,0,NORTHLAKE,IL,55.0,2,Day,Cloudy,Industry,Yard/switching,10,14274,0,14274,M303,41.916623000000001,-87.912914000000001
ATK,151971,2018-02-09,7:41 AM,Other (describe in narrative),0,LONG ISLAND CITY,NY,29.0,2,Day,Clear,Yard,Light loco(s),5,0,16437,16437,H305,40.751809000000002,-73.926905000000005
BNSF,TC0615201,2015-06-07,12:05 PM,Hwy-rail crossing,0,ST PAUL PARK,MN,77.0,2,Day,Clear,Main,Freight Train,23,7700,6000,13700,M302,44.855148,-92.996634
CSX,000217438,2024-04-15,1:20 PM,Head on collision,0,FOLKSTON,GA,82.0,2,Day,Clear,Main,Freight Train,0,140213,0,413708,H702,30.849229000000001,-82.020653999999993
UP,0319ST030,2019-03-13,12:01 PM,Derailment,0,LOGAN,NM,54.0,2,Day,Cloudy,Main,Freight Train,35,1338424,36446,1374870,M105,35.332774999999998,-103.41517399999999
BNSF,CH0322109,2022-03-14,8:32 AM,Derailment,0,GALESBURG,IL,45.0,1,Dawn,Clear,Yard,Yard/switching,4,400,14392,14792,M411,40.928195000000002,-90.37303
CSX,000206874,2022-08-25,4:46 PM,Derailment,0,CINCINNATI,OH,80.0,3,Dusk,Clear,Main,,0,0,1884,13830,E46C,39.150736000000002,-84.542574999999999
CSX,000176766,2018-06-03,11:30 PM,Derailment,0,EAST SYRACUSE,NY,59.0,4,Dark,Cloudy,Yard,Freight Train,10,27551,7324,34875,E46C,43.067112000000002,-76.048421000000005
UP,0120GP014,2020-01-01,10:35 AM,Other impacts,0,CHAPPELL,NE,30.0,2,Day,Sleet,Industry,Freight Train,2,12075,0,32302,H302,41.092944000000003,-102.47596900000001
BNSF,TC1217101,2017-12-04,5:30 PM,Obstruction,0,COON RAPIDS,MN,35.0,3,Dusk,Cloudy,Main,,0,0,0,30000,M402,45.156683000000001,-93.302998000000002
NS,135892,2019-10-20,9:30 AM,Other impacts,0,HAMMOND,IL,62.0,2,Day,Cloudy,Main,Freight Train,3,1450,0,1450,H307,41.612081000000003,-87.498283000000001
CSX,000216641,2024-03-09,3:53 AM,Hwy-rail crossing,0,MCCORDSVILLE,IN,47.0,4,Dark,Rain,Main,Freight Train,30,28198,0,28198,M301,39.909047000000001,-85.895948000000004
BNSF,RD0319115,2019-03-14,2:40 PM,Derailment,0,OKLAHOMA CITY,OK,55.0,2,Day,Cloudy,Yard,Freight Train,6,24994,40000,64994,H607,35.386522999999997,-97.484340000000003
CSX,000196280,2021-03-13,11:49 PM,Derailment,0,CHANNAHON,IL,41.0,4,Dark,Cloudy,Yard,Yard/switching,2,13692,204,13896,M203,41.445238000000003,-88.181095999999997
BNSF,KS0224106,2024-02-12,5:05 AM,Derailment,0,HAZELTON,KS,27.0,1,Dawn,Clear,Main,Freight Train,59,1431861,95839,1527700,T213,37.111583000000003,-98.384484999999998
CSX,000212280,2023-07-08,5:56 AM,Hwy-rail crossing,0,CLEVELAND,OH,65.0,1,Dawn,Clear,Main,,0,0,0,15185,M308,41.519807999999998,-81.667143999999993
MQT,MQT598018D,2018-03-06,12:45 PM,Derailment,0,LUDINGTON,MI,32.0,2,Day,Snow,Yard,Yard/switching,7,26273,15379,41652,T220,43.949607,-86.421565999999999
FEC,X20060719,2019-06-07,9:54 PM,Hwy-rail crossing,0,BOCA RATON,FL,80.0,4,Dark,Clear,Main,,0,0,14061,43086,M303,26.330134000000001,-80.092851999999993
CSX,000209357,2023-01-19,7:04 PM,Other impacts,0,WILLARD,OH,40.0,3,Dusk,Rain,Yard,Yard/switching,1,17888,0,17888,M105,41.059877,-82.724069999999998
BNSF,CH0521105,2021-05-08,10:50 PM,Derailment,0,CICERO,IL,39.0,4,Dark,Rain,Yard,Freight Train,4,20582,20000,45572,H704,41.837173999999997,-87.776391000000004
BNSF,CH0424107,2024-04-11,4:30 PM,Derailment,0,CARROLLTON,MO,65.0,2,Day,Clear,Industry,Freight Train,4,1492,12700,14192,H607,39.367735000000003,-93.455421000000001
KCT,UP220411,2022-04-11,7:53 AM,Derailment,0,KANSAS CITY,MO,55.0,1,Dawn,Clear,Main,Freight Train,10,180279,151722,771921,M204,39.109000000000002,-94.504000000000005
BNSF,TC0220105,2020-02-05,12:30 PM,Other impacts,0,VIRGINIA,MN,15.0,2,Day,Clear,Industry,Freight Train,5,100000,0,100000,H607,47.494118999999998,-92.552972999999994
PATH,I120118,2018-12-01,1:47 PM,Other impacts,0,JERSEY CITY,NJ,45.0,2,Day,Clear,Yard,EMU,6,6802,18427,25229,H199,40.732199999999999,-74.062899999999999
UP,0716PC009,2016-07-12,10:30 AM,Obstruction,0,FORT HALL,ID,70.0,2,Day,Clear,Main,Spec. MoW Equip.,0,12500,0,13032,H997,42.880156999999997,-112.658811
SKOL,D521415,2015-04-07,1:08 PM,Derailment,0,THAYER,KS,80.0,2,Day,Clear,Main,Freight Train,13,475838,14000,489838,H599,37.440883999999997,-95.300612000000001
BNSF,TC0919110,2019-09-20,1:01 AM,Derailment,0,FALCON HEIGHTS,MN,65.0,4,Dark,Clear,Yard,Freight Train,10,103062,490781,593843,H607,44.972042999999999,-93.185925999999995
UP,0217LV032,2017-02-15,2:00 PM,Other impacts,0,LIVONIA,LA,55.0,2,Day,Clear,Yard,Single Car,0,48,0,15810,S006,30.523976999999999,-91.552850000000007
UP,0522GP015,2022-05-20,4:58 PM,Other impacts,0,NORTH PLATTE,NE,54.0,2,Day,Cloudy,Yard,Cut of cars,0,0,0,16606,M411,41.152912999999998,-100.824316
NS,139293,2020-09-29,2:35 AM,Side collision,0,BELLEVUE,OH,45.0,4,Dark,Cloudy,Yard,Yard/switching,7,1850,0,12600,H302,41.288305999999999,-82.801342000000005
BNSF,RD0423122,2023-04-25,5:45 PM,Other (describe in narrative),0,TULSA,OK,56.0,3,Dusk,Rain,Yard,Yard/switching,4,16790,0,18965,M408,36.124839000000001,-96.011037999999999
CSX,000191266,2020-07-10,1:25 AM,Side collision,0,SELKIRK,NY,79.0,4,Dark,Clear,Yard,Light loco(s),10,5249,0,89574,H607,42.565902999999999,-73.854184000000004
UP,0817FW017,2017-08-12,10:00 PM,Fire/violent rupture,0,MUSKOGEE,OK,79.0,4,Dark,Cloudy,Main,Freight Train,10,232920,0,232920,E73L,35.697051000000002,-95.398082000000002
UP,0720GP006,2020-07-03,3:15 PM,Derailment,0,NORTH PLATTE,NE,93.0,2,Day,Clear,Yard,Freight Train,13,61325,1032,62357,H605,41.154313000000002,-100.832511
UP,1218HL022,2018-12-31,12:38 PM,Derailment,0,GUYMON,OK,36.0,2,Day,Cloudy,Industry,Freight Train,2,419,97325,97744,M101,36.703888999999997,-101.451419
BNSF,HL1222105,2022-12-08,5:13 PM,Side collision,0,LINCOLN,NE,25.0,3,Dusk,Sleet,Yard,Yard/switching,5,13064,0,75733,M408,40.808083000000003,-96.742536999999999
UP,0615KC016,2015-06-15,5:24 PM,Fire/violent rupture,0,TOPEKA,KS,82.0,2,Day,Clear,Main,Freight Train,60,47895,0,47895,E79L,39.09111,-95.756397000000007
BNSF,SF0915116,2015-09-30,1:00 PM,Derailment,0,FAIRLAND,OK,80.0,2,Day,Clear,Main,Spec. MoW Equip.,10,11000,0,11000,H402,36.746065000000002,-94.855123000000006
CRSH,146743,2023-04-18,12:14 AM,Derailment,0,DETROIT,MI,35.0,4,Dark,Snow,Yard,Freight Train,5,3347,14672,18019,H702,42.323709000000001,-83.116347000000005
NYA,021919,2019-02-19,4:15 PM,Derailment,0,NEW YORK -QUEENS,NY,40.0,2,Day,Clear,Industry,Freight Train,4,13954,0,23954,M101,40.698546999999998,-73.829442999999998
UP,1221GL005,2021-12-05,1:30 AM,Derailment,0,ST. PAUL,MN,31.0,4,Dark,Cloudy,Yard,Yard/switching,4,14700,1300,16000,H307,44.932065000000001,-93.044760999999994
NS,135316,2019-08-29,3:42 PM,Derailment,0,WENTZVILLE,MO,86.0,2,Day,Cloudy,Yard,Freight Train,4,18666,3683,22349,M405,38.809845000000003,-90.810653000000002
BNSF,RD0221118,2021-02-20,12:27 AM,Derailment,0,TULSA,OK,10.0,4,Dark,Clear,Yard,Yard/switching,6,15284,63757,79041,S011,36.107976999999998,-96.019672
BNSF,KS0124111,2024-01-23,3:09 AM,Derailment,0,KANSAS CITY,KS,32.0,4,Dark,Rain,Main,Freight Train,10,49373,5000,54373,E06L,39.070717000000002,-94.736497
BNSF,SW0718112,2018-07-22,7:03 PM,Derailment,0,ARTESIA,NM,105.0,3,Dusk,Clear,Siding,Freight Train,8,301897,115000,416897,T216,32.916321000000003,-104.39101700000001
BNSF,HL0317104,2017-03-03,4:48 PM,Derailment,0,LINCOLN,NE,50.0,2,Day,Clear,Yard,Light loco(s),0,23300,0,23300,H017,40.80941,-96.730310000000003
ATK,155182,2018-09-07,11:30 PM,Other (describe in narrative),0,NEW YORK NEW YORK,NY,50.0,4,Dark,Clear,Main,,0,0,198415,540835,E78L,40.757562,-74.009282999999996
CSX,000142524,2015-03-05,9:53 PM,Derailment,0,AVON,IN,9.0,4,Dark,Clear,Yard,Cut of cars,18,14712,100,14812,M407,39.759341999999997,-86.347116
BNSF,SF1214105,2014-12-05,1:17 AM,Raking collision,0,TULSA,OK,55.0,4,Dark,Fog,Yard,Freight Train,6,7946,0,11946,H607,36.116365000000002,-96.010568000000006
UP,0618PR012,2018-06-06,3:45 PM,Other impacts,0,JOLIET,IL,65.0,2,Day,Clear,Yard,Cut of cars,0,0,0,109139,H601,41.479806000000004,-88.102278999999996
LI,EQ20170403,2017-04-07,7:42 PM,Obstruction,0,RICHMOND HILL,NY,44.0,4,Dark,Rain,Yard,Passenger Train - Pulling,5,26597,0,26597,M402,40.697893000000001,-73.825211999999993
ATK,149132,2017-08-23,4:10 AM,Raking collision,0,LONG ISLAND CITY,NY,72.0,4,Dark,Clear,Yard,Light loco(s),5,10000,0,17291,H220,40.748151,-73.932485999999997
BNSF,PR0119110,2019-01-13,3:15 AM,Derailment,0,ALLIANCE,NE,12.0,4,Dark,Fog,Yard,Yard/switching,8,32556,0,32556,H318,42.094597999999998,-102.852566
NS,142627,2021-08-23,12:10 PM,Derailment,0,GEORGETOWN,KY,88.0,2,Day,Clear,Yard,Freight Train,4,18983,51330,70313,H506,38.245992999999999,-84.555282000000005
UP,0923RM010,2023-09-09,1:30 AM,Derailment,0,IDAHO FALLS,ID,63.0,4,Dark,Clear,Yard,Freight Train,3,17398,2400,19798,H307,43.447862999999998,-112.071663
NS,134492,2019-06-22,9:10 PM,Other (describe in narrative),0,NEW HOPE,OH,70.0,4,Dark,Clear,Main,Freight Train,48,50000,0,50000,E73L,39.798203000000001,-84.790232000000003
MNBR,MNB098617,2017-09-02,1:20 AM,Derailment,0,LINDEN,AL,67.0,4,Dark,Clear,Main,Freight Train,2,7624,44208,51832,T222,32.292921999999997,-87.83784
CUOH,CUO456620R,2020-06-17,6:15 AM,Derailment,0,AMSTERDAM,OH,69.0,1,Dawn,Clear,Industry,Yard/switching,5,107141,16700,123841,E64C,40.428097000000001,-80.904447000000005
CSX,000194161,2020-11-28,7:15 AM,Other impacts,0,COLUMBUS,OH,50.0,1,Dawn,Clear,Yard,Cut of cars,0,37247,0,40747,M599,39.972332999999999,-83.021122000000005
CSX,000152411,2015-09-25,4:00 PM,Other impacts,0,WILLARD,OH,70.0,2,Day,Cloudy,Yard,Single Car,4,0,149,13589,S099,41.058951,-82.718557000000004
CSX,000179805,2018-11-12,12:44 AM,Derailment,0,JERSEY CITY,NJ,30.0,4,Dark,Clear,Main,Freight Train,7,92484,0,94484,E00C,40.729233000000001,-74.051563999999999
BNSF,MT0824203,2024-08-31,5:13 PM,Hwy-rail crossing,0,SPRINGDALE,MT,90.0,3,Dusk,Clear,Main,Freight Train,55,12500,500,13000,M302,45.701155,-110.26200300000001
NS,142556,2021-08-17,2:20 AM,Side collision,0,BELLEVUE,OH,64.0,4,Dark,Clear,Yard,Yard/switching,0,99,11190,12442,M408,41.288344000000002,-82.803528999999997
ATK,150338,2017-10-26,2:05 PM,Obstruction,0,SOUTH SCHODACK,NY,56.0,2,Day,Rain,Main,Spec. MoW Equip.,6,27890,0,58225,H605,42.502156999999997,-73.700384999999997
BNSF,SW1220203,2020-12-12,10:00 AM,Hwy-rail crossing,0,ARTESIA,NM,66.0,2,Day,Clear,Main,Freight Train,14,3500,24400,27900,M302,32.836060000000003,-104.3961
UP,1123GP037,2023-11-29,8:30 AM,Derailment,0,SIDNEY,NE,16.0,2,Day,Clear,Yard,Yard/switching,6,44796,4208,49004,H306,41.146374999999999,-102.968766
IC,1116262,2022-10-14,2:12 PM,Hwy-rail crossing,0,INDEPENDENCE,LA,87.0,2,Day,Clear,Main,,0,0,0,583668,M302,30.692492999999999,-90.508114000000006
BNSF,SW0623107,2023-06-18,4:33 AM,Derailment,0,VAUGHN,NM,60.0,1,Dawn,Clear,Yard,Freight Train,9,9962,3850,38756,H307,34.600957999999999,-105.197281
KCS,22092002,2022-09-20,6:20 PM,Derailment,0,WATTS,OK,85.0,2,Day,Clear,Siding,Freight Train,5,137631,35016,172647,H306,36.09975,-94.584795999999997
MNCW,69634,2019-03-16,5:11 AM,Rear end collision,0,NEW YORK -BRONX,NY,33.0,4,Dark,Clear,Main,Maint./inspect Car,16,50000,0,50000,H607,40.826169999999998,-73.914505000000005
BNSF,TC0320106,2020-03-12,4:30 AM,Other (describe in narrative),0,BROOKSTON,MN,30.0,1,Dawn,Rain,Main,Freight Train,30,2000,23800,25800,E07C,47.016030000000001,-92.590486999999996
UP,0816PD006,2016-08-11,4:23 PM,Fire/violent rupture,0,BONNERS FERRY,ID,75.0,2,Day,Cloudy,Main,Freight Train,25,32254,0,32254,E73L,48.532082000000003,-116.405833
KCS,16061002,2016-06-10,3:00 PM,Derailment,0,JACKSON,MS,95.0,2,Day,Clear,Yard,Yard/switching,2,65453,35297,100750,H702,32.257663999999998,-90.151546999999994
NS,132026,2018-12-11,5:40 PM,Hwy-rail crossing,0,WHITING,IN,25.0,3,Dusk,Clear,Main,,0,0,0,24770,M304,41.679816000000002,-87.485799999999998
CSX,000209925,2023-02-20,1:15 PM,Other impacts,0,COLUMBUS,OH,55.0,2,Day,Clear,Yard,Cut of cars,5,25544,0,32792,M204,39.972333999999996,-83.021146999999999
NS,124375,2017-03-17,6:15 PM,Derailment,0,PORT DICKINSON,NY,30.0,3,Dusk,Clear,Yard,Freight Train,7,15000,0,15000,H702,42.098658999999998,-75.856665000000007
CSX,000209925,2023-02-20,1:15 PM,Other impacts,0,COLUMBUS,OH,55.0,2,Day,Clear,Yard,Cut of cars,2,7248,0,32792,M204,39.972333999999996,-83.021146999999999
BNSF,RD0223101,2023-02-01,1:12 PM,Derailment,0,TULSA,OK,30.0,2,Day,Cloudy,Yard,Light loco(s),5,2500,14000,16500,M404,36.117919999999998,-96.012848000000005
RALI,RAI540420,2020-01-14,7:45 PM,Derailment,0,MARINGOUIN,LA,74.0,4,Dark,Clear,Yard,Freight Train,3,15220,0,15220,H307,30.500548999999999,-91.562978000000001
IORY,IOR044122R,2022-03-28,9:35 PM,Derailment,0,SOUTH CHARLESTON,OH,25.0,4,Dark,Clear,Industry,Freight Train,5,95868,25224,121092,E4BC,39.818621999999998,-83.636005999999995
LI,70255,2019-08-07,2:35 AM,Other impacts,0,NEW YORK NEW YORK,NY,72.0,4,Dark,Cloudy,Yard,EMU,5,4793,17986,22779,H607,40.754344000000003,-74.001163000000005
GTW,1108173,2022-04-11,3:40 PM,Other impacts,0,KALAMAZOO,MI,45.0,2,Day,Clear,Industry,,0,0,0,170500,H021,42.272278999999997,-85.548652000000004
IC,1033723,2020-04-28,1:00 PM,Side collision,0,HARAHAN,LA,78.0,2,Day,Cloudy,Yard,Yard/switching,4,1500,0,11000,H302,29.973642999999999,-90.208871000000002
ATN,ATN171790,2017-07-12,4:50 PM,Derailment,0,GADSDEN,AL,0.0,2,Day,Clear,Main,Freight Train,3,40500,1500,42000,H506,34.005375000000001,-85.987866999999994
ATK,157895,2019-03-05,7:50 AM,Other (describe in narrative),0,RHINECLIFF,NY,25.0,2,Day,Clear,Main,Passenger Train - Pulling,52,107610,0,107610,E59C,41.741813999999998,-73.935785999999993
NS,134299,2019-06-12,3:19 AM,Side collision,0,EVENDALE,OH,57.0,4,Dark,Cloudy,Yard,Freight Train,0,98440,1418,314007,H702,39.261471999999998,-84.422821999999996
CSX,000182501,2019-04-21,9:00 PM,Derailment,1,BALTIMORE,MD,68.0,4,Dark,Clear,Yard,Yard/switching,2,142020,750,142770,M502,39.264325999999997,-76.644660999999999
BNSF,RD0320101,2020-03-02,1:45 PM,Derailment,0,TULSA,OK,60.0,2,Day,Clear,Yard,Yard/switching,2,1000,12912,13912,M411,36.119822999999997,-96.012381000000005
MRL,2015153,2015-11-19,3:55 AM,Derailment,0,MISSOULA,MT,38.0,4,Dark,Clear,Main,Freight Train,1,19795,10900,30695,H503,46.881839999999997,-114.004181
GDLK,230407001,2023-04-07,8:15 AM,Hwy-rail crossing,0,WHITE PIGEON,MI,40.0,2,Day,Clear,Main,Freight Train,35,350,35000,35350,M302,41.797384000000001,-85.657563999999994
BNSF,TC0919106,2019-09-14,6:19 AM,Derailment,0,FRIDLEY,MN,60.0,1,Dawn,Clear,Yard,Freight Train,4,9266,32972,42238,H599,45.043897999999999,-93.272659000000004
UP,0216PC007,2016-02-19,3:27 AM,Derailment,0,WEISER,ID,48.0,4,Dark,Cloudy,Siding,Freight Train,15,71355,323608,394963,E61C,44.319795999999997,-117.197259
BNSF,TC0415106,2015-04-07,5:00 AM,Derailment,0,MINNEAPOLIS,MN,45.0,1,Dawn,Clear,Yard,Light loco(s),5,7449,3600,11049,H307,45.045243999999997,-93.273837
CSX,000178763,2018-09-12,3:01 AM,Other impacts,0,SELKIRK,NY,59.0,4,Dark,Cloudy,Yard,Single Car,25,27445,96,27541,M407,42.565902999999999,-73.854184000000004
SEPA,SEPA121720,2020-12-17,1:40 AM,Other (describe in narrative),0,EWING TOWNSHIP,NJ,26.0,4,Dark,Snow,Yard,EMU,0,21116,5948,27064,E78L,40.259749999999997,-74.814068000000006
CSX,000175624,2018-04-01,5:30 AM,Raking collision,0,SELKIRK,NY,35.0,4,Dark,Clear,Yard,Single Car,0,15562,50,15612,S016,42.575130999999999,-73.862527999999998
NS,142200,2021-07-11,6:00 PM,Other impacts,0,NEW ORLEANS,LA,72.0,3,Dusk,Rain,Yard,Single Car,0,0,0,126000,H312,29.975954000000002,-90.044582000000005
BNSF,CH0816119,2016-08-28,4:52 PM,Derailment,0,GALESBURG,IL,78.0,2,Day,Clear,Yard,Freight Train,6,88114,80718,168832,S011,40.933138999999997,-90.371463000000006
LI,EQ20170202,2017-02-08,3:51 AM,Derailment,0,JAMAICA,NY,41.0,4,Dark,Rain,Main,EMU,14,11000,300000,311000,H999,40.698647000000001,-73.811251999999996
HESR,HES603018G,2018-03-13,2:30 AM,Hwy-rail crossing,0,SAGINAW,MI,31.0,4,Dark,Cloudy,Main,Freight Train,8,14000,0,14000,M301,43.437154,-83.941720000000004
LSRC,D230211,2023-02-11,6:00 AM,Derailment,0,ESSEXVILLE,MI,21.0,1,Dawn,Cloudy,Industry,Freight Train,8,11474,6860,18334,H524,43.618839000000001,-83.837988999999993
BNSF,HL1021123,2021-10-29,11:20 AM,Derailment,0,NORWOOD,MO,40.0,2,Day,Rain,Main,Freight Train,1,178316,0,178316,M101,37.104064000000001,-92.440301000000005
BNSF,SF0815111,2015-08-27,3:00 AM,Derailment,0,SPRINGFIELD,MO,70.0,4,Dark,Clear,Yard,Yard/switching,10,14180,20000,131945,T220,37.227632,-93.328078000000005
BNSF,CH0420116,2020-04-30,9:45 AM,Derailment,0,CICERO,IL,50.0,2,Day,Clear,Yard,Light loco(s),5,765,15154,15919,H704,41.836916000000002,-87.774445999999998
UP,0617LV005,2017-06-04,4:20 AM,Other impacts,0,SHREVEPORT,LA,80.0,4,Dark,Clear,Yard,Yard/switching,4,30895,264,55197,H306,32.366487999999997,-93.643587999999994
CSX,000186347,2019-10-31,9:30 PM,Other impacts,0,CLEVELAND,OH,37.0,4,Dark,Sleet,Yard,Single Car,3,397,25,11141,M105,41.571337999999997,-81.556839999999994
CSX,000211864,2023-06-19,11:50 AM,Derailment,0,CORFU,NY,80.0,2,Day,Clear,Main,Freight Train,55,88446,100,88546,H993,42.950068000000002,-78.444878000000003
NS,144150,2022-01-25,4:30 AM,Other impacts,0,PORTSMOUTH,OH,25.0,1,Dawn,Clear,Yard,Single Car,4,21805,486,54684,H312,38.736825000000003,-82.957245999999998
BNSF,RD1116103,2016-11-07,5:05 PM,Derailment,0,TULSA,OK,60.0,2,Day,Rain,Yard,Yard/switching,5,7400,5000,12400,H607,36.116117000000003,-96.012566000000007
CSX,000198066,2021-06-07,8:40 AM,Other impacts,0,CINCINNATI,OH,78.0,2,Day,Rain,Yard,Single Car,19,30721,0,60653,M407,39.136434000000001,-84.542417999999998
UP,1217KC012,2017-12-11,11:00 PM,Derailment,0,HOOKER,OK,30.0,4,Dark,Clear,Industry,Freight Train,9,15813,99,15912,H306,36.807915000000001,-101.288574
SLWC,191030001,2019-10-30,12:15 AM,Derailment,0,OKLAHOMA CITY,OK,36.0,4,Dark,Sleet,Industry,Freight Train,6,48000,11993,59993,M404,35.473560999999997,-97.440653999999995
UP,0415PD004,2015-04-02,12:30 PM,Derailment,0,OAKRIDGE,OR,65.0,2,Day,Clear,Siding,Maint./inspect Car,3,8463,3148,11611,H702,43.746963000000001,-122.45271
MNCW,69480,2019-03-25,12:48 PM,Hwy-rail crossing,0,PAWLING,NY,55.0,2,Day,Clear,Main,Commuter Train - Pushing,57,550000,31267,581267,M304,41.574815000000001,-73.594427999999994
BRC,014527,2022-03-21,5:35 PM,Other impacts,0,BEDFORD PARK,IL,65.0,2,Day,Cloudy,Yard,Cut of cars,6,15132,0,15690,H019,41.767899999999997,-87.756990000000002
CSX,000175144,2018-03-07,2:35 AM,Other impacts,0,SELKIRK,NY,30.0,4,Dark,Snow,Yard,Single Car,0,57300,50,57350,S016,42.565902999999999,-73.854184000000004
NS,137357,2020-03-02,8:00 PM,Other impacts,0,DECATUR,IL,45.0,4,Dark,Clear,Yard,Yard/switching,4,174213,1427,278603,H018,39.862597999999998,-88.881304999999998
CSX,000217650,2024-04-25,11:01 AM,Hwy-rail crossing,0,HAMLER,OH,62.0,2,Day,Clear,Main,Freight Train,29,400,13976,14376,M302,41.225414999999998,-84.007240999999993
UP,0919MA033,2019-09-17,12:50 PM,Derailment,0,NORTH LITTLE ROCK,AR,93.0,2,Day,Clear,Yard,Freight Train,4,262,11173,11435,T221,34.770088000000001,-92.235353000000003
MCCP,3202020,2020-03-20,7:45 AM,Derailment,0,MUSKOGEE,OK,45.0,2,Day,Clear,Industry,Yard/switching,5,0,21000,21000,H703,35.471010999999997,-95.180860999999993
MNCW,72767,2020-08-08,1:45 PM,Obstruction,0,PATTERSON,NY,78.0,2,Day,Cloudy,Main,Spec. MoW Equip.,0,20000,0,23495,H607,41.484690999999998,-73.610990999999999
GTW,1099934,2022-04-15,8:30 PM,Derailment,0,TOLEDO,OH,46.0,4,Dark,Cloudy,Yard,Freight Train,5,84512,12755,97267,H307,41.730490000000003,-83.503900999999999
WE,230024,2023-04-01,2:55 PM,Obstruction,0,CHATFIELD,OH,59.0,2,Day,Rain,Main,Freight Train,36,89748,16588,106336,M102,40.964879000000003,-83.016810000000007
NS,126733,2017-09-22,7:40 AM,Derailment,0,MELVINDALE,MI,72.0,1,Dawn,Clear,Yard,Work train,4,12310,0,12310,E39C,42.273713999999998,-83.191676999999999
BNSO,CH1115105,2015-11-13,8:32 AM,Derailment,0,CHICAGO,IL,47.0,1,Dawn,Clear,Yard,Light loco(s),5,50000,0,180500,H307,41.871896999999997,-87.638174000000006
UP,0220HL001,2020-02-02,6:23 PM,Hwy-rail crossing,0,KINGFISHER,OK,64.0,3,Dusk,Clear,Main,Freight Train,40,13195,0,13195,M302,35.798713999999997,-97.944593999999995
ATK,161078,2019-09-13,9:10 AM,Obstruction,0,LAGUNA,NM,77.0,2,Day,Clear,Main,Passenger Train - Pulling,58,16246,0,16246,M404,35.045099999999998,-107.3935
BNSF,NW0516112,2016-05-29,2:15 AM,Derailment,0,PORTLAND,OR,60.0,4,Dark,Clear,Yard,Yard/switching,3,385,20000,20385,H702,45.560020999999999,-122.74056899999999
NS,135326,2019-08-30,3:10 PM,Other impacts,0,BALTIMORE,MD,72.0,2,Day,Clear,Yard,Freight Train,6,70011,0,70011,H996,39.286565000000003,-76.559736999999998
NS,151858,2022-12-29,12:00 AM,Other impacts,0,DES MOINES,MO,38.0,4,Dark,Clear,Yard,Single Car,0,11558,0,16043,H302,39.446489,-92.435278999999994
ARR,2021075,2021-04-26,3:00 PM,Raking collision,0,FAIRBANKS,AK,50.0,2,Day,Clear,Industry,Yard/switching,5,60000,0,60000,H307,64.75,-147.36000000000001
LI,74126,2021-02-20,2:50 PM,Derailment,0,JAMAICA,NY,34.0,2,Day,Clear,Yard,Single Car,3,15814,13365,29179,M507,40.698028000000001,-73.815880000000007
UP,0820GC027,2020-08-14,3:10 PM,Derailment,0,WESTLAKE,LA,93.0,2,Day,Clear,Industry,Freight Train,6,18053,92594,110647,T221,30.238054000000002,-93.270880000000005
CSX,000170507,2017-07-25,11:33 PM,Derailment,0,BIRMINGHAM,AL,74.0,4,Dark,Cloudy,Yard,Yard/switching,3,122462,13553,136015,H999,33.543607000000002,-86.790088999999995
BNSF,CH0521114,2021-05-28,4:10 AM,Derailment,0,HARDIN,MO,55.0,1,Dawn,Cloudy,Main,Freight Train,50,1000,50000,51000,E60C,39.287103999999999,-93.760035000000002
BLF,20190198,2019-05-18,3:10 PM,Other (describe in narrative),0,LAKE WORTH,FL,80.0,2,Day,Clear,Main,Passenger Train - Pulling,79,11632,0,11632,M599,26.506195999999999,-80.054772
BNSF,SW0119107,2019-01-06,1:41 AM,Side collision,0,GALLUP,NM,23.0,4,Dark,Cloudy,Yard,Yard/switching,10,22179,5000,82625,H306,35.525798000000002,-108.75241800000001
NS,121560,2016-08-04,10:30 PM,Derailment,0,CHICAGO,IL,78.0,4,Dark,Clear,Yard,Freight Train,5,60000,38552,98552,H702,41.772866999999998,-87.617148999999998
UP,0515NP015,2015-05-13,5:45 PM,Other impacts,0,NORTH PLATTE,NE,60.0,2,Day,Rain,Yard,Cut of cars,0,0,0,12319,S007,41.150601000000002,-100.84558699999999
CSX,000173652,2017-12-26,8:40 PM,Derailment,0,UTICA,NY,12.0,4,Dark,Clear,Yard,Freight Train,7,26310,0,78286,H702,43.106118000000002,-75.227385999999996