reportingrailroadcode,accidentnumber,date,time,accidenttype,hazmatreleasedcars,station,stateabbr,temperature,visibility_code,visibility,weathercondition,tracktype,equipmenttype,trainspeed,equipmentdamagecost,trackdamagecost,totaldamagecost,primaryaccidentcausecode,latitude,longitude
CSX,000198066,2021-06-07,8:40 AM,Other impacts,0,CINCINNATI,OH,78.0,2,Day,Rain,Yard,Single Car,18,29932,0,60653,M407,39.136434000000001,-84.542417999999998
NS,113940,2015-01-21,1:45 AM,Derailment,0,MORAINE,OH,38.0,4,Dark,Clear,Yard,Freight Train,4,31649,6133,37782,H302,39.706190999999997,-84.218682999999999
GRW,57,2014-12-12,12:30 AM,Derailment,0,GARY,IN,27.0,4,Dark,Cloudy,Yard,Freight Train,2,5795,5174,16143,E34C,41.612594999999999,-87.354414000000006
CSX,000169140,2017-05-24,8:20 PM,Derailment,0,CUMBERLAND,MD,59.0,4,Dark,Rain,Yard,Yard/switching,5,24390,0,24390,E34C,39.638815000000001,-78.766830999999996
UP,1216WH005,2016-12-15,5:39 PM,Fire/violent rupture,0,ROLAND,OK,37.0,2,Day,Cloudy,Main,Freight Train,40,20264,0,20264,E79L,35.415832999999999,-94.543696999999995
CSX,000166658,2017-02-09,3:45 AM,Other impacts,0,SELKIRK,NY,24.0,4,Dark,Snow,Yard,Yard/switching,1,55772,0,68910,H607,42.565902999999999,-73.854184000000004
NS,140289,2021-01-18,12:15 AM,Other (describe in narrative),0,BELLEVUE,OH,27.0,4,Dark,Clear,Yard,Cut of cars,5,0,13782,20066,E30C,41.29034,-82.788150999999999
BNSF,CH0618120,2018-06-02,12:15 PM,Fire/violent rupture,0,LA PLATA,MO,78.0,2,Day,Clear,Main,,0,0,0,326281,E79L,40.012371000000002,-92.561922999999993
ATK,180943,2024-07-01,10:51 AM,Hwy-rail crossing,0,RATON,NM,78.0,2,Day,Clear,Main,Passenger Train - Pulling,74,12464,0,12464,M302,36.862490999999999,-104.45735000000001
NJTR,201806316,2018-01-31,6:15 AM,Obstruction,0,NEW BRUNSWICK,NJ,35.0,1,Dawn,Clear,Yard,EMU,5,13609,0,13609,M507,0.0,0.0
CRSH,128011,2018-01-04,7:52 PM,Derailment,0,CAMDEN,NJ,15.0,3,Dusk,Cloudy,Yard,Yard/switching,8,61554,1500,63054,M101,39.950659000000002,-75.092427999999998
UP,0323GC003,2023-03-07,1:02 AM,Other impacts,0,MARINGOUIN,LA,70.0,4,Dark,Clear,Yard,Light loco(s),5,28782,0,49908,H306,30.519815999999999,-91.548197000000002
NS,129146,2018-04-13,10:20 AM,Derailment,0,PORTAGE,IN,57.0,2,Day,Clear,Main,Freight Train,43,775,15881,16656,E53C,41.610666000000002,-87.221324999999993
ATK,155211,2018-09-09,8:30 AM,Hwy-rail crossing,0,OKLAHOMA CITY,OK,63.0,2,Day,Rain,Main,Passenger Train - Pulling,40,30,0,200030,M304,35.435296999999998,-97.508767000000006
UP,0815KC003,2015-08-04,6:04 AM,Hwy-rail crossing,0,LEAVENWORTH,KS,75.0,1,Dawn,Cloudy,Main,Freight Train,38,11397,50,11447,M303,39.355991000000003,-94.913489999999996
CRSH,146694,2022-12-18,9:15 PM,Derailment,0,NEWARK,NJ,30.0,4,Dark,Clear,Siding,Freight Train,9,6346,75025,81371,T211,40.712091000000001,-74.185762999999994
MNCW,74933,2021-06-04,6:40 AM,Other impacts,0,SOUTHEAST,NY,67.0,2,Day,Cloudy,Yard,EMU,0,14518,0,15954,H399,41.407820000000001,-73.622622000000007
KCS,16062402,2016-06-24,12:49 PM,Hwy-rail crossing,0,WESTVILLE,OK,75.0,2,Day,Clear,Main,Freight Train,36,24815,10001,34816,M303,36.045839999999998,-94.58023
CRSH,138524,2020-07-13,10:36 PM,Derailment,0,CAMDEN,NJ,79.0,4,Dark,Clear,Yard,Yard/switching,3,22900,1000,23900,E30C,39.950699999999998,-75.093514999999996
CSX,000170820,2017-08-09,6:20 PM,Derailment,0,SELKIRK,NY,73.0,3,Dusk,Cloudy,Yard,Freight Train,1,9889,948,10837,E23C,42.565902999999999,-73.854184000000004
UP,1215WH002,2015-12-02,9:40 AM,Hwy-rail crossing,0,LENAPAH,OK,50.0,2,Day,Clear,Main,Freight Train,41,13396,600,13996,M308,36.901846999999997,-95.637095000000002
BNSF,CH0818107,2018-08-14,2:30 PM,Derailment,0,HODGKINS,IL,83.0,2,Day,Clear,Yard,Freight Train,2,15264,1500,16764,H704,41.753951000000001,-87.870481999999996
BNSF,CH1015202,2015-10-18,6:21 AM,Hwy-rail crossing,0,ELWOOD,IL,32.0,1,Dawn,Clear,Main,,0,0,28400,43251,M302,41.325184999999998,-88.237437999999997
CSX,000191296,2020-07-11,1:04 PM,Side collision,0,NORTH BERGEN,NJ,85.0,2,Day,Cloudy,Yard,Yard/switching,6,50,0,11562,H318,40.806953999999998,-74.021372
NJTR,201708331,2017-08-22,12:45 AM,Derailment,0,PORT JERVIS,NY,78.0,4,Dark,Clear,Yard,Yard/switching,4,52424,0,128299,H704,41.378464999999998,-74.698398999999995
MNCW,69390,2018-11-16,5:30 PM,Obstruction,0,NEW YORK NEW YORK,NY,39.0,2,Day,Cloudy,Main,EMU,3,43999,0,43999,H025,40.751365999999997,-73.973174
BNSF,TC0222108,2022-02-17,8:55 AM,Derailment,0,FRAZEE,MN,-15.0,1,Dawn,Cloudy,Main,Freight Train,59,1603343,347989,2317435,T221,46.745069000000001,-95.749155000000002
IHB,2340,2017-08-20,2:30 AM,Other impacts,0,HAMMOND,IN,62.0,4,Dark,Clear,Yard,Cut of cars,4,24250,0,24250,H316,41.604595000000003,-87.508921000000001
WE,210059,2021-08-27,9:30 PM,Derailment,0,LEESVILLE,OH,90.0,2,Day,Clear,Industry,Freight Train,5,31250,0,31250,M101,40.350472000000003,-80.912430000000001
NS,156490,2024-04-25,5:24 PM,Other (describe in narrative),0,HATTIESBURG,MS,70.0,3,Dusk,Clear,Siding,Freight Train,25,3200,284000,287200,E89C,31.330838,-89.282983000000002
BNSF,CH0224106,2024-02-13,10:50 PM,Derailment,0,GALESBURG,IL,48.0,4,Dark,Clear,Yard,Yard/switching,5,14900,24982,39882,E36C,40.902574000000001,-90.386399999999995
NS,142313,2021-07-22,5:05 PM,Derailment,0,HARRODSBURG,KY,75.0,3,Dusk,Clear,Main,Freight Train,2,253668,2984,256652,H505,37.746727,-84.821929999999995
NS,154912,2023-11-30,3:47 PM,Hwy-rail crossing,0,N/A,OH,52.0,2,Day,Clear,Main,Freight Train,50,2793,941,3734,M303,41.077688000000002,-84.803347000000002
ATK,178974,2024-03-25,4:12 PM,Obstruction,0,BENTONIA,MS,13.0,2,Day,Clear,Main,Passenger Train - Pulling,64,26870,0,26870,M404,32.649951999999999,-90.059740000000005
WC,1075097,2021-06-28,5:57 PM,Other impacts,0,GARY,IN,81.0,2,Day,Cloudy,Yard,Single Car,3,11960,0,11996,S016,41.629483,-87.406394000000006
BNSF,HL0724124,2024-07-31,5:29 PM,Derailment,0,LINCOLN,NE,80.0,3,Dusk,Rain,Yard,Cut of cars,8,34491,2000,36491,M105,40.864432999999998,-96.628371999999999
UP,0316WH007,2016-03-17,2:15 PM,Fire/violent rupture,0,FORT GIBSON,OK,65.0,2,Day,Cloudy,Main,Freight Train,30,39604,0,39604,E73L,35.739074000000002,-95.215174000000005
ATK,152821,2018-04-18,11:52 AM,Hwy-rail crossing,0,PONCHATOULA,LA,75.0,2,Day,Clear,Main,Passenger Train - Pulling,40,299,0,16649,M308,30.438804000000001,-90.441322
NS,155852,2024-02-23,12:23 PM,Other impacts,0,BELLEVUE,OH,50.0,2,Day,Cloudy,Yard,Single Car,17,2834,0,47392,M411,41.288395999999999,-82.797309999999996
ATK,168692,2021-10-15,7:05 PM,Hwy-rail crossing,0,THACKERVILLE,OK,70.0,3,Dusk,Clear,Main,Passenger Train - Pulling,69,133480,0,197778,M303,33.838749,-97.130776999999995
MNCW,73468,2020-10-06,8:15 PM,Other impacts,0,CROTON ON HUDSON,NY,65.0,4,Dark,Clear,Yard,Cut of cars,0,2158,0,32926,E39C,41.194932000000001,-73.885424999999998
NS,135644,2019-09-27,10:00 AM,Other impacts,0,EVENDALE,OH,85.0,2,Day,Clear,Main,Freight Train,16,4793,0,11004,H306,39.264558999999998,-84.433216999999999
NS,135722,2019-10-02,1:47 PM,Other impacts,0,CINCINNATI,OH,92.0,2,Day,Clear,Yard,Freight Train,8,5429,0,25429,H318,39.105024,-84.539754000000002
UP,0223MA033,2023-02-14,12:52 PM,Other (describe in narrative),0,MONROE,LA,64.0,2,Day,Cloudy,Yard,Single Car,0,12019,0,12019,M507,32.477431000000003,-92.106864000000002
BNSF,SW0321105,2021-03-13,8:45 PM,Derailment,0,CLOVIS,NM,55.0,3,Dusk,Clear,Yard,Yard/switching,8,9489,13500,32478,H306,34.396509999999999,-103.19772
MNCW,2017062530,2017-06-25,6:26 PM,Other impacts,0,NEW HAVEN,CT,74.0,2,Day,Cloudy,Yard,Cut of cars,1,16400,500,16900,E78L,41.298319999999997,-72.923824999999994
CSX,000173415,2017-12-13,11:35 AM,Derailment,0,BUFFALO,NY,18.0,2,Day,Cloudy,Yard,Yard/switching,3,115971,1528,117499,M101,42.901972999999998,-78.773441000000005
IHB,2153,2015-10-11,1:30 AM,Side collision,0,HAMMOND,IN,48.0,4,Dark,Clear,Yard,Yard/switching,3,0,0,37901,H702,41.611460000000001,-87.497606000000005
CSX,000217645,2024-04-26,10:40 PM,Other (describe in narrative),0,WAYCROSS,GA,65.0,4,Dark,Clear,Yard,Freight Train,10,44947,16901,64620,H702,31.213508999999998,-82.353556999999995
NS,152978,2023-05-01,9:00 PM,Side collision,0,MACON,GA,70.0,4,Dark,Clear,Yard,Yard/switching,2,227456,0,462998,H310,32.81373,-83.622793999999999
UP,0719PR034,2019-07-25,5:45 PM,Derailment,0,CHICAGO,IL,84.0,2,Day,Clear,Yard,Freight Train,3,159,0,17446,H306,41.820726999999998,-87.670096999999998
CSX,000198985,2021-07-20,9:00 PM,Derailment,0,ELIZABETHTOWN,KY,75.0,3,Dusk,Clear,Main,Freight Train,23,467212,107900,575112,H504,37.764355999999999,-85.794533999999999
UP,1222ES018,2022-12-09,2:00 PM,Obstruction,0,CANEY,OK,63.0,2,Day,Cloudy,Main,Spec. MoW Equip.,0,19094,0,22579,H402,34.236794000000003,-96.209884000000002
PW,PWR198117R,2017-01-24,7:11 PM,Derailment,0,GARDNER,MA,33.0,4,Dark,Rain,Yard,Yard/switching,3,0,0,18127,H704,42.253152999999998,-71.807863999999995
GTW,1136732,2023-07-22,4:20 AM,Obstruction,0,VALPARAISO,IN,64.0,4,Dark,Clear,Main,Freight Train,28,958267,279478,1237745,M402,41.476432000000003,-87.053946999999994
WE,220009,2022-02-06,11:45 PM,Other (describe in narrative),0,CADIZ,OH,32.0,4,Dark,Clear,Siding,Light loco(s),10,36549,0,36549,H299,40.259050000000002,-81.028739999999999
BRC,14234,2019-02-10,7:00 AM,Derailment,0,BEDFORD PARK,IL,18.0,1,Dawn,Clear,Yard,Cut of cars,3,15932,0,15932,M411,41.767327000000002,-87.773745000000005
UP,0121PN005,2021-01-06,1:24 AM,Obstruction,0,CANBY,OR,46.0,4,Dark,Rain,Main,Freight Train,32,765246,210927,976173,M404,45.295046999999997,-122.656993
ATK,144660,2016-10-15,2:47 PM,Obstruction,0,SALEM,OR,61.0,2,Day,Clear,Main,Passenger Train - Pulling,71,23283,0,23433,M404,44.859095000000003,-122.9654
IC,945949,2018-01-03,10:30 AM,Other (describe in narrative),0,CONVENT,LA,59.0,2,Day,Cloudy,Industry,Freight Train,5,26876,0,26876,M501,30.045161,-90.831704999999999
NS,117740,2015-10-11,6:30 PM,Other impacts,0,WHITING,IL,72.0,3,Dusk,Clear,Yard,Freight Train,5,22775,0,24375,H307,41.722569,-87.547236999999996
UP,1017LV003,2017-10-03,5:40 AM,Side collision,0,PORT ALLEN,LA,70.0,1,Dawn,Cloudy,Industry,Light loco(s),0,38000,0,41154,H605,30.485242,-91.211775000000003
NS,132608,2019-01-27,1:04 AM,Derailment,0,ROSEDALE,MD,25.0,4,Dark,Clear,Main,Freight Train,6,15331,262244,492905,M409,39.309497,-76.498541000000003
UP,0319HL028,2019-03-22,9:10 PM,Other impacts,0,KANSAS CITY,KS,54.0,4,Dark,Cloudy,Yard,Single Car,0,100,0,22018,H312,39.097709999999999,-94.667747000000006
ATK,149836,2017-10-08,11:59 AM,Obstruction,0,LEEDS,AL,75.0,2,Day,Rain,Main,Passenger Train - Pulling,49,27829,0,27829,M404,33.540934,-86.532617999999999
ATK,162161,2019-12-02,5:35 AM,Side collision,0,RENSSELAER,NY,28.0,4,Dark,Snow,Yard,Yard/switching,5,5337,0,12658,H212,42.641249999999999,-73.741186999999996
BNSF,RD1021205,2021-10-15,7:05 PM,Hwy-rail crossing,0,THACKERVILLE,OK,70.0,3,Dusk,Clear,Main,,0,0,64298,197778,M303,33.838749,-97.130776999999995
WC,920602,2017-04-26,2:10 PM,Other impacts,0,GARY,IN,76.0,2,Day,Clear,Yard,Yard/switching,8,21442,0,21442,H99B,41.616461000000001,-87.367188999999996
NJTR,201911620,2019-11-11,4:07 AM,Derailment,0,HOBOKEN,NJ,59.0,4,Dark,Clear,Yard,Yard/switching,8,13981,2587,16568,H704,40.735467,-74.035258999999996
BNSF,CH0620102,2020-06-07,3:03 AM,Derailment,0,SUGAR CREEK,MO,76.0,4,Dark,Clear,Main,Freight Train,10,271348,600000,871348,H607,39.116788999999997,-94.464169999999996
KCS,21050401,2021-05-04,5:40 AM,Derailment,0,MARSHALL,MO,55.0,4,Dark,Cloudy,Main,Freight Train,1,22507,485,22992,H707,39.122373000000003,-93.211600000000004
BNSF,CH0721106,2021-07-08,8:55 PM,Derailment,0,MARCELINE,MO,68.0,3,Dusk,Clear,Main,Freight Train,53,1884750,1520000,3404750,H504,39.742359,-92.925334000000007
MNCW,2015011327,2015-01-13,8:40 PM,Other (describe in narrative),0,PELHAM,NY,22.0,4,Dark,Clear,Main,Commuter Train - Pulling,30,14000,0,14000,E78L,40.910299000000002,-73.810188999999994
UP,0918KC012,2018-09-18,11:14 AM,Derailment,0,KANSAS CITY,MO,86.0,2,Day,Clear,Yard,Freight Train,1,18620,6178,24798,H702,39.119889999999998,-94.534949999999995
ITSL,ITSL1510,2015-12-11,7:20 PM,Derailment,0,SANTA TERESA,NM,59.0,4,Dark,Clear,Yard,Yard/switching,4,0,30000,30000,H702,31.891016,-106.73063500000001
CSX,000185069,2019-08-31,12:00 AM,Other impacts,0,CINCINNATI,OH,84.0,4,Dark,Clear,Yard,Light loco(s),4,11449,0,11449,H302,39.124550999999997,-84.542520999999994
UP,0121PN030,2021-01-24,10:00 PM,Derailment,0,EUGENE,OR,38.0,4,Dark,Clear,Yard,,0,0,12132,31922,H602,44.065595000000002,-123.125564
UP,0724GP031,2024-07-24,7:20 PM,Derailment,0,NORTH PLATTE,NE,91.0,3,Dusk,Clear,Yard,Yard/switching,4,75046,195086,270132,H702,41.146495999999999,-100.823763
CSX,000168585,2017-04-29,2:27 AM,Side collision,0,BIRMINGHAM,AL,75.0,4,Dark,Clear,Yard,Yard/switching,5,10000,0,13000,H607,33.543607000000002,-86.790090000000006
BNSF,SW1218103,2018-12-08,6:45 AM,Derailment,0,CLOVIS,NM,27.0,1,Dawn,Clear,Yard,Freight Train,6,1165,43698,44863,H607,34.395741000000001,-103.179479
IC,1068735,2021-04-28,1:25 PM,Derailment,0,CHICAGO,IL,48.0,2,Day,Rain,Yard,Yard/switching,3,31160,1493,32653,H317,41.812142000000001,-87.757540000000006
BNSF,GC0316113,2016-03-23,11:15 PM,Derailment,0,LAFAYETTE,LA,68.0,4,Dark,Clear,Yard,Yard/switching,7,61008,135937,196945,E04C,30.235441999999999,-92.058321000000007
BNSF,RD1221111,2021-12-15,1:20 PM,Derailment,0,CARMEN,OK,73.0,2,Day,Clear,Main,Freight Train,32,1003149,200000,1203149,M105,36.557014000000002,-98.408214999999998
NS,143295,2021-10-27,11:55 PM,Side collision,0,EAST CANTON,OH,63.0,4,Dark,Cloudy,Yard,Cut of cars,4,61101,0,66101,H020,40.818928999999997,-81.313845999999998
UP,0716ES008,2016-07-14,8:30 AM,Derailment,0,JEFFERSON,OR,65.0,2,Day,Clear,Main,Spec. MoW Equip.,3,30345,0,30345,E29C,44.719662,-123.006806
CRSH,146817,2023-12-29,3:11 AM,Other (describe in narrative),0,CAMDEN,NJ,39.0,4,Dark,Cloudy,Yard,Yard/switching,6,173644,91,173735,E30C,40.813054999999999,-75.310276999999999
UP,0417PR005,2017-04-03,2:00 PM,Other impacts,0,NORTHLAKE,IL,40.0,2,Day,Rain,Yard,Cut of cars,1,269,0,79892,M411,41.899692000000002,-87.908587999999995
CSX,000185069,2019-08-31,12:00 AM,Other impacts,0,CINCINNATI,OH,84.0,4,Dark,Clear,Yard,Cut of cars,0,0,0,11449,H302,39.124550999999997,-84.542520999999994
KO,20160218,2016-02-17,3:00 PM,Fire/violent rupture,0,RAGO,KS,78.0,2,Day,Clear,Main,Freight Train,9,0,12892,12892,H599,37.472335000000001,-98.090885
UP,0518LV015,2018-05-14,2:55 AM,Derailment,0,ALEXANDRIA,LA,85.0,4,Dark,Clear,Yard,Light loco(s),4,7000,7938,14938,H702,31.273453,-92.439561999999995
MNCW,75627,2021-09-27,7:50 PM,Other impacts,0,CROTON ON HUDSON,NY,71.0,4,Dark,Cloudy,Yard,EMU,0,24969,0,74907,M507,41.194062000000002,-73.885142999999999
BNSF,RD0118122,2018-01-25,9:11 AM,Derailment,0,TULSA,OK,60.0,2,Day,Clear,Yard,Yard/switching,17,52377,0,52377,S016,36.122667,-96.011156
CSX,000211017,2023-04-27,9:45 AM,Derailment,0,CINCINNATI,OH,57.0,2,Day,Cloudy,Yard,Yard/switching,3,32562,944,33506,H702,39.136431000000002,-84.542412999999996
SW,SWC42815DF,2015-04-28,6:24 AM,Head on collision,0,ROSWELL,NM,50.0,1,Dawn,Clear,Siding,Freight Train,37,1498000,286000,2386000,H702,33.262048,-104.418854
BNSF,RD0119127,2019-01-24,3:00 AM,Derailment,0,ENID,OK,35.0,4,Dark,Clear,Yard,Yard/switching,3,8000,4500,12500,H607,36.411549000000001,-97.866386000000006
WC,1056007,2020-12-05,3:30 PM,Derailment,0,PLAINFIELD,IL,40.0,2,Day,Clear,Main,,0,0,10053,10053,M503,41.608879999999999,-88.192499999999995
CSX,000161397,2016-07-17,1:20 AM,Derailment,0,CHICAGO,IL,78.0,4,Dark,Clear,Industry,Yard/switching,1,37106,125254,470393,S006,41.779542999999997,-87.679338000000001
CSX,000183732,2019-06-22,1:50 PM,Side collision,0,SELKIRK,NY,75.0,2,Day,Clear,Yard,Yard/switching,5,212107,250,212357,H306,42.565902999999999,-73.854184000000004
UP,0323HL024,2023-03-21,9:59 AM,Other impacts,0,HERINGTON,KS,42.0,2,Day,Cloudy,Yard,Yard/switching,4,1042,250,27232,H312,38.682017999999999,-96.948894999999993
CSX,000183222,2019-05-28,5:54 AM,Derailment,0,NEW LONDON,OH,60.0,1,Dawn,Clear,Main,Freight Train,40,1777307,437258,2214565,E59L,41.115208000000003,-82.329678000000001
NJTR,202007235,2020-07-10,3:20 PM,Obstruction,0,PARSIPPANY,NJ,85.0,2,Day,Rain,Main,Commuter Train - Pulling,40,14273,0,14273,M404,40.866416999999998,-74.476826000000003
UP,1223RM011,2023-12-14,2:31 PM,Derailment,0,POCATELLO,ID,30.0,2,Day,Cloudy,Yard,Yard/switching,7,11408,4814,16222,H306,42.866283000000003,-112.452586
BNSF,RD0923105,2023-09-04,2:05 AM,Derailment,0,TULSA,OK,80.0,4,Dark,Clear,Yard,Freight Train,9,22015,44000,66015,H505,36.135207000000001,-96.008899999999997
UP,0424MA015,2024-04-09,9:45 PM,Derailment,0,ST LOUIS,MO,64.0,4,Dark,Cloudy,Yard,Yard/switching,3,56399,0,56399,H703,38.605753,-90.194029
UP,1023GC027,2023-10-21,4:43 PM,Other impacts,0,MARINGOUIN,LA,89.0,2,Day,Clear,Yard,Single Car,5,41915,0,42488,M411,30.527479,-91.556528999999998
UP,0822GL014,2022-08-07,12:00 PM,Other (describe in narrative),0,BOONE,IA,81.0,2,Day,Cloudy,Yard,Single Car,0,28373,0,28373,M507,42.063408000000003,-93.866487000000006
UP,0820PR012,2020-08-20,11:55 PM,Other impacts,0,CHICAGO,IL,74.0,4,Dark,Cloudy,Yard,Freight Train,6,9187,99,14134,H307,41.861780000000003,-87.682362999999995
MNCW,2019131,2019-08-26,7:22 PM,Other impacts,0,CROTON ON HUDSON,NY,62.0,3,Dusk,Clear,Yard,Cut of cars,0,7865,0,15581,E29C,41.192472000000002,-73.885570999999999
UP,0520PN013,2020-05-19,4:36 AM,Derailment,0,PORTLAND,OR,53.0,1,Dawn,Cloudy,Yard,Yard/switching,4,102463,47798,150261,M101,45.606378999999997,-122.76649999999999
UP,1122GP016,2022-11-21,9:20 AM,Derailment,0,NORTH PLATTE,NE,21.0,2,Day,Clear,Yard,Yard/switching,5,7327,122314,129641,H702,41.146782000000002,-100.82788499999999
NS,138039,2020-05-25,11:00 AM,Other impacts,0,GREENSBORO,NC,66.0,2,Day,Clear,Yard,Yard/switching,3,70827,0,70827,H310,36.063025000000003,-79.815686999999997
WE,200069,2020-07-19,11:15 AM,Derailment,0,CANTON,OH,90.0,2,Day,Clear,Yard,Yard/switching,5,7942,5304,13246,H702,40.766728999999998,-81.422055999999998
UP,1217NP015,2017-12-24,5:33 AM,Derailment,0,SIDNEY,NE,-15.0,4,Dark,Cloudy,Main,Freight Train,36,752503,144690,897193,T221,41.152991,-103.042956
PAL,2022JAN3D,2022-01-29,2:00 PM,Derailment,0,MADISONVILLE,KY,32.0,2,Day,Clear,Industry,Freight Train,5,23108,250000,273108,E85C,37.316400000000002,-87.559799999999996
WE,160036,2016-04-04,4:15 AM,Derailment,0,BREWSTER,OH,40.0,4,Dark,Clear,Yard,Yard/switching,5,162000,3292,165292,H306,40.713816999999999,-81.606005999999994
CSX,000161051,2016-07-05,1:50 AM,Side collision,0,SELKIRK,NY,68.0,4,Dark,Rain,Yard,Cut of cars,2,147563,1060,404079,H020,42.565902999999999,-73.854184000000004
LI,72325,2020-05-11,2:59 PM,Obstruction,0,HOLLIS,NY,55.0,2,Day,Clear,Main,EMU,70,149,12021,12170,M404,40.712349000000003,-73.757948999999996
CSX,000202198,2020-05-21,3:35 PM,Obstruction,0,WEST SPRINGFIELD,MA,70.0,2,Day,Clear,Main,,0,0,0,12641,M404,42.101331999999999,-72.599463999999998
MCRL,MC211202B,2021-12-02,6:20 PM,Other (describe in narrative),0,WAREHAM,MA,53.0,4,Dark,Cloudy,Main,Freight Train,5,206950,0,206950,H601,41.791699999999999,-70.770750000000007
SKOL,180831004,2018-08-31,9:00 PM,Derailment,0,TULSA,OK,82.0,3,Dusk,Clear,Main,Freight Train,5,29000,40000,69000,H507,36.257123,-95.856278000000003
BNSF,TC0415108,2015-04-12,1:32 AM,Derailment,0,MINNEAPOLIS,MN,65.0,4,Dark,Clear,Yard,Freight Train,5,8000,142998,150998,H513,45.070354000000002,-93.271525999999994
NS,151513,2022-11-20,6:04 AM,Other (describe in narrative),0,CINCINNATI,OH,24.0,1,Dawn,Clear,Yard,Freight Train,5,5588,10763,45184,H702,39.106122999999997,-84.539968999999999
UP,0519HL045,2019-05-31,3:17 PM,Derailment,0,KANSAS CITY,MO,80.0,2,Day,Clear,Main,Freight Train,19,145966,201058,347024,E42C,39.121088999999998,-94.511078999999995
UP,0618KC030,2018-06-21,1:35 PM,Derailment,0,WICHITA,KS,85.0,2,Day,Clear,Yard,Yard/switching,7,9511,18135,27646,H505,37.735881999999997,-97.316897999999995
LI,EQ20171002,2017-10-30,1:15 AM,Obstruction,0,FARMINGDALE,NY,55.0,4,Dark,Rain,Main,EMU,70,88498,0,88498,M105,40.745029000000002,-73.400988999999996
NS,142472,2021-08-08,5:15 PM,Derailment,0,CINCINNATI,OH,90.0,3,Dusk,Clear,Yard,Single Car,0,0,0,13336,H503,39.105834000000002,-84.539912000000001
CSX,000170319,2017-07-18,6:28 PM,Derailment,0,BIRMINGHAM,AL,88.0,2,Day,Clear,Yard,Yard/switching,8,17600,220,19820,H607,33.543607000000002,-86.790088999999995
WC,1147194,2024-03-26,1:10 PM,Other impacts,0,GARY,IN,49.0,2,Day,Cloudy,Yard,Yard/switching,5,25000,0,25000,M599,41.618605000000002,-87.368741
BNSF,RD0918204,2018-09-09,8:30 AM,Hwy-rail crossing,0,OKLAHOMA CITY,OK,63.0,1,Dawn,Clear,Main,,0,0,200000,200030,M304,35.435296999999998,-97.508768000000003
NS,156602,2024-05-05,3:30 PM,Other impacts,0,MACON,GA,82.0,2,Day,Clear,Yard,Light loco(s),0,5005,0,37244,M411,32.81373,-83.622793999999999
ATK,177426,2023-12-01,6:05 PM,Derailment,0,WICKLIFFE,OH,40.0,4,Dark,Cloudy,Main,Passenger Train - Pulling,77,86330,0,86330,E79L,41.611780000000003,-81.4773
CSX,000210273,2023-03-12,11:00 AM,Side collision,0,WAYCROSS,GA,75.0,2,Day,Clear,Yard,Yard/switching,4,43599,0,44362,H306,31.213529999999999,-82.353567999999996
UP,1216DV013,2016-12-18,5:55 AM,Derailment,0,DORRANCE,KS,-16.0,1,Dawn,Cloudy,Main,Freight Train,36,1871040,195218,2066258,T221,38.836756000000001,-98.540420999999995
NJTR,201702069,2017-02-09,7:42 AM,Derailment,0,PORT JERVIS,NY,24.0,1,Dawn,Snow,Yard,Commuter Train - Pulling,3,29909,0,29909,M101,41.375532,-74.695449999999994
NS,141482,2021-05-08,1:40 AM,Side collision,0,BELLEVUE,OH,41.0,4,Dark,Rain,Yard,Single Car,2,60000,0,62949,M105,41.288260000000001,-82.800414000000004
CSX,000193674,2020-11-07,10:27 AM,Side collision,0,INDIANAPOLIS,IN,65.0,2,Day,Clear,Yard,Light loco(s),7,5589,0,58390,H607,39.759791,-86.327526000000006
IMRR,IMR283917D,2017-04-29,5:00 PM,Derailment,0,PAWNEE,IL,50.0,2,Day,Rain,Main,Freight Train,8,116000,1918,117918,M105,39.590029000000001,-89.590181000000001
BNSF,SF0516114,2016-05-25,5:00 PM,Other impacts,0,TULSA,OK,85.0,3,Dusk,Clear,Yard,Yard/switching,4,250,0,18750,M408,36.121265999999999,-96.010816000000005
NS,145530,2022-06-13,3:45 AM,Other impacts,0,LEXINGTON,NC,71.0,4,Dark,Clear,Yard,Yard/switching,2,53590,7884,61474,H312,35.750594,-80.318288999999993
MBTA,5709,2017-05-15,7:17 AM,Hwy-rail crossing,0,KINGSTON,MA,48.0,1,Dawn,Rain,Main,Passenger Train - Pushing,70,100859,0,100859,M305,42.003960999999997,-70.794764000000001
UP,0516PC004,2016-05-25,9:20 AM,Derailment,0,NAMPA,ID,61.0,2,Day,Cloudy,Yard,Single Car,0,883,0,187970,M405,43.561995000000003,-116.532532
CSX,000194963,2021-01-13,7:15 AM,Derailment,0,LOUISVILLE,KY,31.0,2,Day,Clear,Yard,Yard/switching,5,23015,8510,31525,E39C,38.160708999999997,-85.749173999999996
BNSF,HL1220111,2020-12-17,9:54 AM,Side collision,0,SPRINGFIELD,MO,40.0,2,Day,Clear,Yard,Yard/switching,8,10000,0,26945,H607,37.226888000000002,-93.331320000000005
NS,130818,2018-09-04,11:50 AM,Derailment,0,RAVENNA,OH,90.0,2,Day,Clear,Main,Light loco(s),5,28,19188,19216,E71L,41.153837000000003,-81.264621000000005
CIND,CIN381317D,2017-07-28,2:30 AM,Derailment,0,CINCINNATI,OH,85.0,4,Dark,Rain,Main,Freight Train,7,21186,18227,39413,T221,39.101832999999999,-84.544663