reportingrailroadcode,accidentnumber,date,time,accidenttype,hazmatreleasedcars,station,stateabbr,temperature,visibility_code,visibility,weathercondition,tracktype,equipmenttype,trainspeed,equipmentdamagecost,trackdamagecost,totaldamagecost,primaryaccidentcausecode,latitude,longitude
BNSF,TC0515116,2015-05-30,5:41 AM,Derailment,0,MINNEAPOLIS,MN,49.0,1,Dawn,Clear,Yard,Yard/switching,3,90358,376865,467223,M411,45.027704999999997,-93.268711999999994
BNSF,SW0419107,2019-04-13,9:58 AM,Derailment,0,BELEN,NM,65.0,2,Day,Clear,Yard,Yard/switching,4,26276,13000,39276,H503,34.656485000000004,-106.76820600000001
BNSF,RD0720201,2020-07-09,1:42 PM,Hwy-rail crossing,0,SUMNER,OK,89.0,2,Day,Clear,Main,Freight Train,33,30000,100,30100,M302,36.309618,-97.085779000000002
UP,0221MA022,2021-02-13,5:02 AM,Derailment,0,NORMAL,IL,3.0,1,Dawn,Snow,Main,Freight Train,24,224106,711124,935230,E65C,40.509301999999998,-88.982777999999996
SLWC,201029003,2020-10-29,2:20 PM,Derailment,0,BRISTOW,OK,60.0,2,Day,Clear,Main,Freight Train,10,80000,50000,130000,M202,35.892753999999996,-96.316637
CSX,000155656,2015-12-29,11:15 PM,Side collision,0,NEW ORLEANS,LA,55.0,4,Dark,Clear,Yard,Light loco(s),3,11041,0,13041,H995,30.005989,-90.019452000000001
UP,0416PD005,2016-04-12,3:55 PM,Derailment,0,EUGENE,OR,43.0,2,Day,Cloudy,Yard,Freight Train,3,58770,26104,84874,M409,44.065120999999998,-123.12136
ATK,152216,2018-03-04,6:38 PM,Other (describe in narrative),0,LONG ISLAND CITY,NY,38.0,3,Dusk,Clear,Main,Passenger Train - Pulling,40,22985,0,22985,H799,40.744678999999998,-73.948542000000003
UP,1120GC039,2020-11-26,6:40 PM,Other impacts,0,LAKE CHARLES,LA,64.0,3,Dusk,Cloudy,Yard,Single Car,4,166,0,33540,H318,30.238329,-93.198386999999997
NS,157044,2023-12-02,4:49 AM,Hwy-rail crossing,0,TOLEDO,OH,44.0,1,Dawn,Rain,Main,,0,0,0,14075,M308,41.587994000000002,-83.461200000000005
BNSF,RD0323118,2023-03-18,5:05 PM,Derailment,0,MOORE,OK,45.0,3,Dusk,Clear,Yard,Yard/switching,8,39814,800,40614,H307,35.380704999999999,-97.482861
BNSF,RD0523108,2023-05-11,3:54 AM,Derailment,0,REDROCK,OK,75.0,4,Dark,Clear,Main,Freight Train,40,10077,49480,59557,E33C,36.447741999999998,-97.171257999999995
IHB,2630,2020-10-12,11:30 AM,Other impacts,0,ALSIP,IL,55.0,2,Day,Rain,Industry,Yard/switching,7,18500,8875,27375,H607,41.652943,-87.720133000000004
NIRC,9419000694,2022-02-10,6:45 PM,Obstruction,0,DEERFIELD,IL,30.0,4,Dark,Clear,Main,,0,0,0,11450,M402,42.147922999999999,-87.838683000000003
CSX,000160927,2016-06-27,7:10 PM,Other impacts,0,CHILLICOTHE,OH,85.0,2,Day,Clear,Yard,Cut of cars,5,42551,0,59966,H018,39.332635000000003,-82.964854000000003
UP,0717PR015,2017-07-07,3:45 AM,Derailment,0,WEST CHICAGO,IL,74.0,4,Dark,Cloudy,Yard,Freight Train,8,8284,7346,15630,H524,41.885168999999998,-88.215469999999996
BNSF,KS0515113,2015-05-24,7:00 AM,Derailment,0,KANSAS CITY,KS,55.0,1,Dawn,Rain,Yard,Yard/switching,8,11535,350,11885,M407,39.086410999999998,-94.695133999999996
CP,1000152790,2014-12-13,5:55 AM,Derailment,0,ALBANY,NY,28.0,4,Dark,Clear,Industry,Yard/switching,4,30000,540,58540,H020,42.665981000000002,-73.740041000000005
CSX,000189372,2020-03-28,8:00 PM,Derailment,0,SELKIRK,NY,40.0,4,Dark,Rain,Yard,Single Car,8,30235,0,30235,S099,42.565902999999999,-73.854184000000004
NS,153889,2023-08-11,11:55 AM,Derailment,0,BLOOMSBURY,NJ,82.0,2,Day,Clear,Siding,Single Car,0,1000,1280,52280,M201,40.661380999999999,-75.033704
BNSF,RD0820116,2020-08-15,7:15 PM,Derailment,0,MADILL,OK,95.0,3,Dusk,Clear,Siding,Freight Train,8,18113,10000,28113,E64C,34.099226999999999,-96.769243000000003
WE,170022,2017-02-27,9:00 AM,Derailment,0,CANTON,OH,37.0,2,Day,Cloudy,Yard,Light loco(s),6,1053,24794,25847,H702,40.767823,-81.417756999999995
LI,79684,2023-05-08,6:30 PM,Hwy-rail crossing,0,EASTPORT,NY,61.0,2,Day,Cloudy,Main,Passenger Train - Pulling,60,16552,0,16552,M399,40.822918999999999,-72.714691999999999
NS,142200,2021-07-11,6:00 PM,Other impacts,0,NEW ORLEANS,LA,72.0,3,Dusk,Rain,Yard,Single Car,6,63000,0,126000,H312,29.975954000000002,-90.044582000000005
NS,140025,2020-12-15,7:40 PM,Derailment,0,GREENSBORO,NC,36.0,3,Dusk,Rain,Yard,Yard/switching,6,39431,9959,49390,H504,36.06024,-79.840300999999997
IC,1039487,2020-06-23,11:10 PM,Derailment,0,MARKHAM,IL,65.0,4,Dark,Clear,Yard,Yard/switching,5,23624,9672,33296,H702,41.565804,-87.665244999999999
CSX,000179141,2018-10-05,10:15 PM,Raking collision,0,NORTH BALTIMORE,OH,61.0,4,Dark,Cloudy,Yard,Light loco(s),5,64,32,21412,H306,41.182015999999997,-83.684342000000001
CSX,000218575,2024-06-08,9:40 AM,Side collision,0,WAYCROSS,GA,90.0,2,Day,Clear,Yard,Yard/switching,5,152204,12443,165647,H702,31.213508999999998,-82.353556999999995
CSX,000161430,2016-07-19,1:36 AM,Derailment,0,SELKIRK,NY,68.0,4,Dark,Clear,Yard,Freight Train,2,5278,0,62675,M405,42.565902999999999,-73.854184000000004
CSX,000170246,2017-07-15,6:06 PM,Derailment,0,BIRMINGHAM,AL,90.0,3,Dusk,Clear,Main,Freight Train,5,113643,0,132847,H504,33.543607000000002,-86.790088999999995
KRR,KRR360619,2019-02-16,12:00 PM,Fire/violent rupture,0,HUGO,OK,38.0,2,Day,Cloudy,Main,Cut of cars,0,60000,1100,61100,M502,34.004564999999999,-95.503625999999997
MNCW,74145,2021-02-21,1:30 AM,Other impacts,0,CROTON ON HUDSON,NY,25.0,4,Dark,Clear,Yard,DMU,1,26060,0,26060,E31C,41.19247,-73.885525999999999
BNSF,SW1222104,2022-12-14,8:09 PM,Derailment,0,PREWITT,NM,17.0,3,Dusk,Clear,Main,Freight Train,5,100366,0,100366,E37C,35.379434000000003,-108.09284
CSX,000211028,2023-04-27,6:30 AM,Side collision,0,GRAND RAPIDS,MI,64.0,1,Dawn,Clear,Yard,Yard/switching,10,21210,89,26284,H306,42.952655,-85.684179
UP,0820PR012,2020-08-20,11:55 PM,Other impacts,0,CHICAGO,IL,74.0,4,Dark,Cloudy,Yard,Yard/switching,0,4848,0,14134,H307,41.861780000000003,-87.682336000000006
UP,0419ST035,2019-04-11,8:50 PM,Derailment,0,LORDSBURG,NM,62.0,4,Dark,Cloudy,Siding,Freight Train,9,55861,4806,60667,H303,32.334178999999999,-108.802645
BNSF,HL0524101,2024-05-02,4:30 AM,Other (describe in narrative),0,MENFRO,MO,71.0,1,Dawn,Cloudy,Main,Freight Train,40,12500,0,12500,M404,37.788452999999997,-89.747343000000001
CSX,000216871,2024-03-20,12:20 AM,Derailment,0,COLUMBUS,OH,45.0,4,Dark,Clear,Industry,Yard/switching,4,38828,2003,40831,M506,39.972310999999998,-83.021134000000004
PATH,I12202203,2022-12-25,4:18 PM,Rear end collision,0,HARRISON,NJ,27.0,2,Day,Cloudy,Yard,EMU,15,36200,0,36200,H210,40.740907999999997,-74.142076000000003
NS,118852,2016-01-09,4:10 PM,Side collision,0,BELLEVUE,OH,45.0,3,Dusk,Clear,Yard,Yard/switching,10,6164,0,11960,H607,41.274422999999999,-82.833569999999995
UP,0718LV004,2018-07-08,3:25 AM,Derailment,0,WESTWEGO,LA,80.0,4,Dark,Clear,Yard,Yard/switching,5,21838,76020,97858,H702,29.916561000000002,-90.178940999999995
UP,0118NP021,2018-01-19,1:31 AM,Derailment,0,GRAND ISLAND,NE,38.0,4,Dark,Clear,Yard,Yard/switching,5,18866,37841,56707,M405,40.932493000000001,-98.326943
UP,1217PD001,2017-12-01,5:23 AM,Derailment,0,PORTLAND,OR,45.0,1,Dawn,Rain,Yard,Freight Train,4,16672,5600,22272,H702,45.485182000000002,-122.642456
CSX,000208472,2022-11-22,7:08 AM,Derailment,0,COLUMBUS,OH,28.0,1,Dawn,Cloudy,Yard,Cut of cars,0,4550,137008,347934,E64C,39.972310999999998,-83.021134000000004
IHB,2114,2015-06-25,5:00 PM,Other impacts,0,EAST CHICAGO,IN,61.0,2,Day,Clear,Yard,Yard/switching,1,48238,0,48238,H018,41.632617000000003,-87.460031000000001
TRRA,22006,2022-02-17,6:50 PM,Derailment,0,VENICE,IL,22.0,3,Dusk,Sleet,Yard,Yard/switching,5,7990,4857,12847,H703,38.662233000000001,-90.159796
TSWS,2870301,2023-03-01,8:30 PM,Other impacts,0,KANSAS CITY,MO,34.0,4,Dark,Cloudy,Yard,Yard/switching,25,10000,0,10000,H022,38.844641000000003,-94.560457999999997
CSX,000181006,2019-01-27,9:00 AM,Side collision,0,CURTIS BAY,MD,39.0,2,Day,Clear,Yard,Yard/switching,2,13455,0,14267,H307,39.233061999999997,-76.588719999999995
LI,71838,2020-03-12,7:14 AM,Explosion-detonation,0,LINDENHURST,NY,41.0,2,Day,Cloudy,Main,EMU,50,36082,0,36082,M509,40.688445999999999,-73.220827
NICD,N2100019,2021-09-28,3:14 PM,Hwy-rail crossing,0,GARY,IN,78.0,2,Day,Clear,Main,Passenger Train - Pulling,75,238026,0,238026,M308,41.613647,-87.225316000000007
UP,0717PR025,2017-07-20,10:30 AM,Derailment,0,NORTHLAKE,IL,88.0,2,Day,Clear,Yard,Yard/switching,4,24848,11294,36142,M409,41.899225000000001,-87.908169999999998
UP,0922GL001,2022-09-02,6:25 PM,Derailment,0,BOONE,IA,84.0,3,Dusk,Clear,Yard,Freight Train,6,37369,154825,192194,H525,42.063217000000002,-93.865577000000002
CSX,000208347,2022-11-14,1:10 PM,Derailment,0,COLUMBUS,OH,46.0,2,Day,Clear,Yard,Yard/switching,7,14500,6132,20632,H702,39.907801999999997,-82.977977999999993
BNSF,SW1015104,2015-10-23,5:35 AM,Derailment,1,GALLUP,NM,38.0,1,Dawn,Clear,Main,Freight Train,43,1554835,1409409,2964244,H305,35.530886000000002,-108.677876
WTA,20150402,2015-04-02,4:55 AM,Derailment,0,WICHITA,KS,56.0,4,Dark,Cloudy,Main,Yard/switching,7,269764,0,295505,H607,37.711488000000003,-97.330357000000006
CFE,CFE319723O,2023-02-03,7:45 AM,Derailment,0,DELPHOS,OH,14.0,1,Dawn,Clear,Siding,Cut of cars,3,20000,2965,22965,M504,40.842455999999999,-84.351232999999993
UP,0917LV010,2017-09-17,8:15 PM,Other impacts,0,ADDIS,LA,75.0,4,Dark,Rain,Yard,Freight Train,11,20000,132,32922,H995,30.358988,-91.269232000000002
CSX,000158018,2016-03-12,8:50 PM,Other impacts,0,WILLARD,OH,50.0,4,Dark,Cloudy,Yard,Freight Train,4,75510,1020,95729,H399,41.059857000000001,-82.723963999999995
UP,0618PR012,2018-06-06,3:45 PM,Other impacts,0,JOLIET,IL,65.0,2,Day,Clear,Yard,Yard/switching,14,109040,99,109139,H601,41.479806000000004,-88.102278999999996
NOPB,D20180622T,2018-06-22,6:30 PM,Side collision,0,NEW ORLEANS,LA,90.0,3,Dusk,Clear,Yard,Freight Train,8,154560,65200,369760,H607,29.915469999999999,-90.117001000000002
CSX,000140780,2015-01-29,9:13 PM,Other impacts,0,WILLARD,OH,25.0,4,Dark,Cloudy,Yard,Cut of cars,4,47672,0,47672,M411,41.058951,-82.718557000000004
CSX,000183999,2019-07-08,6:37 AM,Derailment,0,BALTIMORE,MD,74.0,1,Dawn,Rain,Main,Freight Train,5,87320,500,87820,M506,39.279915000000003,-76.619873999999996
LI,EQ20170405,2017-04-16,7:47 PM,Other impacts,0,SYOSSET,NY,64.0,4,Dark,Clear,Main,EMU,35,27502,6500,34002,E85C,40.824043000000003,-73.501928000000007
LI,75012,2021-06-17,2:41 PM,Obstruction,0,COLD SPRING HARBOR,NY,74.0,2,Day,Clear,Main,Maint./inspect Car,40,42428,0,45836,H605,40.838599000000002,-73.447141000000002
BRC,14400,2020-10-22,7:10 PM,Derailment,0,BEDFORD PARK,IL,70.0,3,Dusk,Clear,Yard,Yard/switching,10,14714,0,14714,E35C,41.765230000000003,-87.442899999999995
BNSF,HL1121110,2021-11-13,11:51 PM,Obstruction,0,MONTROSE,IA,37.0,4,Dark,Cloudy,Main,Freight Train,30,786000,130000,916000,M404,40.506912,-91.376239999999996
NS,142556,2021-08-17,2:20 AM,Side collision,0,BELLEVUE,OH,64.0,4,Dark,Clear,Yard,Single Car,1,1153,0,12442,M408,41.288344000000002,-82.803528999999997
CSX,000166658,2017-02-09,3:45 AM,Other impacts,0,SELKIRK,NY,24.0,4,Dark,Snow,Yard,Freight Train,1,13138,0,68910,H607,42.565902999999999,-73.854184000000004
CSX,000161430,2016-07-19,1:36 AM,Derailment,0,SELKIRK,NY,68.0,4,Dark,Clear,Yard,Cut of cars,4,43176,14221,62675,M405,42.565902999999999,-73.854184000000004
LI,EQ20150704,2015-07-17,6:03 PM,Side collision,0,JAMAICA,NY,73.0,2,Day,Clear,Main,DMU,0,50789,0,75789,H221,40.700310000000002,-73.806025000000005
BNSF,RD0217106,2017-02-13,6:20 PM,Derailment,0,AVARD,OK,42.0,3,Dusk,Rain,Main,Freight Train,35,1332888,492748,1825636,H519,36.700394000000003,-98.769231000000005
UP,0515PD013,2015-05-28,12:36 AM,Derailment,0,HERMISTON,OR,54.0,4,Dark,Clear,Yard,Yard/switching,3,1129,221500,222629,M404,45.793934,-119.271697
UP,1115TC001,2015-11-01,3:25 PM,Hwy-rail crossing,0,WORTHINGTON,MN,65.0,2,Day,Clear,Main,Freight Train,36,339,30350,30689,M302,43.607964000000003,-95.610600000000005
BNSF,SW0819112,2019-08-26,6:10 AM,Derailment,0,GALLUP,NM,72.0,1,Dawn,Clear,Yard,Freight Train,5,17872,30000,47872,H607,35.519399999999997,-108.77199899999999
UP,0420PR024,2020-04-29,7:27 AM,Derailment,0,BEDFORD PARK,IL,55.0,2,Day,Rain,Yard,Light loco(s),3,51479,0,52479,H303,41.769030999999998,-87.759378999999996
NS,153207,2023-05-28,9:00 PM,Derailment,0,MELVINDALE,MI,69.0,4,Dark,Clear,Yard,Freight Train,5,15528,320,15848,M404,42.277397999999998,-83.177047000000002
BNSF,KS0515110,2015-05-16,5:36 PM,Derailment,0,EMPORIA,KS,61.0,2,Day,Rain,Main,Freight Train,0,1609251,0,1609251,M105,38.380476999999999,-96.044178000000002
UP,0221PR037,2021-02-22,11:50 PM,Fire/violent rupture,0,ELMHURST,IL,37.0,4,Dark,Cloudy,Main,Freight Train,0,18665,99,18764,E01L,41.899828999999997,-87.942397
BRC,13792,2016-11-16,8:30 PM,Derailment,0,BEDFORD PARK,IL,50.0,4,Dark,Clear,Yard,Yard/switching,2,6966,31527,38493,M405,41.766851000000003,-87.768895999999998
BNSF,HL0119109,2019-01-10,11:11 AM,Derailment,0,LINCOLN,NE,24.0,2,Day,Clear,Yard,Yard/switching,5,11750,500,12250,H307,40.808191999999998,-96.774552999999997
UP,1117NP037,2017-11-22,7:18 PM,Other impacts,0,NORTH PLATTE,NE,38.0,4,Dark,Clear,Yard,Single Car,0,27377,0,27477,M411,41.146756000000003,-100.83584500000001
MRL,2015052,2015-04-15,5:03 PM,Derailment,0,GARRISON,MT,42.0,2,Day,Clear,Siding,Freight Train,4,58000,0,58000,E46C,46.522454000000003,-112.808817
CSX,000168382,2017-04-18,9:46 AM,Derailment,0,SHELBY,NC,65.0,2,Day,Clear,Industry,Freight Train,5,39782,8900,48682,H018,35.317967000000003,-81.480149999999995
BNSF,KS0923110,2023-09-14,3:08 PM,Derailment,0,MAYFIELD,KS,75.0,2,Day,Clear,Main,Freight Train,30,827248,1292838,2120086,H519,37.260902999999999,-97.579300000000003
UP,0724GL011,2024-07-10,12:30 PM,Derailment,0,OMAHA,NE,84.0,2,Day,Clear,Yard,Freight Train,4,120275,396,120671,M204,41.318738000000003,-95.927898999999996
UP,0120GP014,2020-01-01,10:35 AM,Other impacts,0,CHAPPELL,NE,30.0,2,Day,Sleet,Industry,Cut of cars,0,20227,0,32302,H302,41.092944000000003,-102.47596900000001
BNSF,SF0815106,2015-08-10,7:30 PM,Derailment,0,TULSA,OK,92.0,3,Dusk,Clear,Yard,Yard/switching,2,1177,0,31377,M408,36.122737999999998,-96.010940000000005
WNYP,W2019026,2019-10-10,7:50 AM,Obstruction,0,OLEAN,NY,50.0,1,Dawn,Fog,Yard,Maint./inspect Car,0,75000,0,118000,H607,42.082917999999999,-78.482533000000004
BNSF,SW0619106,2019-06-25,10:40 AM,Derailment,0,ALBUQUERQUE,NM,80.0,2,Day,Clear,Industry,Yard/switching,6,46121,1500,47621,H210,35.170718000000001,-106.598105
NS,144227,2022-02-01,8:48 AM,Other impacts,0,BELLEVUE,OH,37.0,2,Day,Clear,Yard,Single Car,4,89307,0,89707,H312,41.292920000000002,-82.783218000000005
BNSF,MT0518101,2018-05-05,2:57 PM,Derailment,0,MINOT,ND,68.0,2,Day,Clear,Yard,Freight Train,5,20883,2000,22883,H607,48.239158000000003,-101.192019
UP,0124RM018,2024-01-23,8:21 PM,Derailment,0,IDAHO FALLS,ID,35.0,4,Dark,Rain,Yard,Freight Train,3,10724,0,19344,T221,43.501894,-112.03076799999999
CSX,000209357,2023-01-19,7:04 PM,Other impacts,0,WILLARD,OH,40.0,3,Dusk,Rain,Yard,Cut of cars,1,0,0,17888,M105,41.059877,-82.724069999999998
SLWC,230328004,2023-03-28,5:55 AM,Derailment,0,CYRIL,OK,35.0,4,Dark,Clear,Yard,Freight Train,4,5770,8952,14722,E64C,34.897686,-98.195284999999998
UP,1021HL018,2021-10-12,4:00 PM,Other (describe in narrative),0,SOUTH COFFEYVILLE,OK,75.0,2,Day,Clear,Main,Freight Train,0,39842,0,39842,H599,36.993474999999997,-95.626831999999993
CSX,000155769,2015-12-26,3:11 PM,Obstruction,0,WALBRIDGE,OH,42.0,2,Day,Cloudy,Yard,Cut of cars,4,23192,0,23192,M204,41.573731000000002,-83.513594999999995
BNSF,RD0423122,2023-04-25,5:45 PM,Other (describe in narrative),0,TULSA,OK,56.0,3,Dusk,Rain,Yard,Yard/switching,2,675,1500,18965,M408,36.124839000000001,-96.011037999999999
NS,136148,2019-11-10,6:27 PM,Other (describe in narrative),0,CHICAGO,IL,72.0,3,Dusk,Cloudy,Yard,Freight Train,6,0,27372,27372,H306,41.757648000000003,-87.668042
ARR,2019015,2019-01-15,3:14 AM,Derailment,0,CANTWELL,AK,6.0,4,Dark,Cloudy,Main,Freight Train,45,54000,1900000,1954000,E53C,63.391300000000001,-148.95150000000001
UP,1220GC002,2020-12-03,3:30 AM,Other impacts,0,LIVONIA,LA,52.0,4,Dark,Cloudy,Yard,Single Car,5,1627,0,92724,E09C,30.530647999999999,-91.559199000000007
UP,0818FW011,2018-08-10,2:45 AM,Fire/violent rupture,0,CHECOTAH,OK,70.0,4,Dark,Clear,Main,Freight Train,45,54839,0,54839,M406,35.480325000000001,-95.514858000000004
BNSF,HL0123101,2023-01-02,8:30 AM,Other (describe in narrative),0,FESTUS,MO,55.0,1,Dawn,Cloudy,Main,Freight Train,42,34856,2000,36856,E33C,38.267758999999998,-90.426506000000003
UP,0818LK028,2018-08-16,3:00 AM,Derailment,0,NORTH LITTLE ROCK,AR,81.0,4,Dark,Clear,Yard,Yard/switching,5,194303,189149,383452,M405,34.776088999999999,-92.218981999999997
NYA,021820,2020-02-18,12:25 AM,Derailment,0,NEW YORK-KINGS,NY,37.0,4,Dark,Clear,Yard,Single Car,10,10483,0,210483,E0HC,40.643839999999997,-74.032520000000005
UP,0221GP005,2021-02-04,9:00 AM,Other impacts,0,NORTH PLATTE,NE,27.0,2,Day,Clear,Yard,Single Car,19,1733,99,56555,M407,41.146541999999997,-100.834532
NS,153540,2023-07-06,6:45 AM,Derailment,0,ENTERPRISE,MS,84.0,1,Dawn,Clear,Siding,Freight Train,10,2041,42543,44584,E4BC,32.21434,-88.775985000000006
BNSF,PR0618106,2018-06-15,10:36 PM,Derailment,0,ALLIANCE,NE,65.0,4,Dark,Cloudy,Yard,Light loco(s),2,18000,0,18000,H017,42.092196999999999,-102.875241
BNSF,RD0417205,2017-04-29,3:05 PM,Hwy-rail crossing,0,PAWNEE,OK,60.0,2,Day,Rain,Main,Freight Train,38,10701,0,10701,M302,36.325090000000003,-96.889381
CSX,000178371,2018-08-24,4:00 PM,Derailment,0,SELKIRK,NY,75.0,2,Day,Clear,Yard,Yard/switching,10,82258,11248,93506,H303,42.565902999999999,-73.854184000000004
CSX,000180793,2019-01-16,1:10 PM,Side collision,0,ASHTABULA,OH,30.0,2,Day,Cloudy,Yard,Freight Train,4,542,0,31755,H306,41.858629000000001,-80.830794999999995
BNSF,SW0720109,2020-07-22,3:53 AM,Derailment,0,GALLUP,NM,60.0,4,Dark,Clear,Yard,Freight Train,7,18318,0,18318,M409,35.526904000000002,-108.74745900000001
MBTA,YR202176,2021-10-27,5:28 AM,Other (describe in narrative),0,LYNN,MA,55.0,1,Dawn,Rain,Main,Passenger Train - Pushing,60,50795,0,50795,M101,42.466698000000001,-70.937492000000006
NS,135729,2019-10-05,2:35 AM,Other impacts,0,COLUMBUS,OH,64.0,4,Dark,Clear,Yard,Cut of cars,0,39297,0,41297,H399,39.916496000000002,-82.946988000000005
IC,1070057,2021-05-11,8:00 PM,Derailment,0,PESOTUM,IL,62.0,3,Dusk,Clear,Main,Freight Train,30,417764,1668805,2086569,E53C,39.942138999999997,-88.268737999999999
BNSF,TC1019106,2019-10-12,12:05 PM,Derailment,0,ROSEVILLE,MN,45.0,2,Day,Cloudy,Yard,Freight Train,2,0,45000,45000,H704,44.970131000000002,-93.166741999999999
BNSF,RD0319121,2019-03-29,1:48 AM,Derailment,0,TULSA,OK,55.0,4,Dark,Clear,Yard,Yard/switching,3,284578,419454,704032,E85C,36.117781000000001,-96.012718000000007
BNSF,PR1016201,2016-10-14,8:42 AM,Hwy-rail crossing,0,AURORA,NE,45.0,1,Dawn,Clear,Main,Freight Train,26,7323,29614,36937,M302,40.824921000000003,-98.073344000000006
NS,154393,2023-10-03,5:30 PM,Other impacts,0,MELVINDALE,MI,78.0,3,Dusk,Clear,Yard,Single Car,3,0,0,20000,H312,42.274369,-83.189284000000001
UP,1220GC002,2020-12-03,3:30 AM,Other impacts,0,LIVONIA,LA,52.0,4,Dark,Cloudy,Yard,Cut of cars,10,4021,0,92724,E09C,30.530647999999999,-91.559199000000007
NJTR,202311477,2023-10-17,3:00 AM,Other (describe in narrative),0,KEARNY,NJ,53.0,4,Dark,Clear,Yard,Yard/switching,5,11729,0,11729,H599,40.744073999999998,-74.108815000000007
ATK,173229,2022-12-27,8:45 AM,Hwy-rail crossing,0,LEXINGTON,NC,24.0,2,Day,Clear,Main,Passenger Train - Pulling,66,16574,0,16574,M308,35.808675999999998,-80.269181000000003
CRSH,146803,2023-10-31,9:55 AM,Derailment,0,NEWARK,NJ,53.0,2,Day,Clear,Industry,Yard/switching,6,34012,0,34012,M501,40.674211,-74.154910999999998
CSX,000199176,2021-07-30,11:39 AM,Rear end collision,0,RUSSIA,OH,75.0,2,Day,Clear,Main,Maint./inspect Car,22,66166,0,66166,H993,40.240516999999997,-84.382739000000001
ATK,159918,2019-07-07,4:41 PM,Obstruction,0,CLYDE,NY,81.0,2,Day,Clear,Main,Passenger Train - Pulling,79,12875,0,12875,M402,43.066361999999998,-76.790451000000004
NS,142997,2021-09-30,1:00 AM,Other (describe in narrative),0,PORTSMOUTH,OH,68.0,4,Dark,Clear,Yard,Yard/switching,5,80209,5970,86179,H702,38.736825000000003,-82.957245999999998
NS,129857,2018-06-16,10:41 AM,Derailment,0,PORTSMOUTH,OH,85.0,2,Day,Clear,Yard,Yard/switching,6,13936,1000,14936,M405,38.736963000000003,-82.956996000000004
CSX,000200923,2021-07-18,12:00 PM,Obstruction,0,KENLY,NC,88.0,2,Day,Cloudy,Main,,0,0,0,12849,M404,35.578643999999997,-78.165445000000005
IC,962371,2018-06-12,8:00 PM,Other impacts,0,GEISMAR,LA,72.0,4,Dark,Rain,Yard,Yard/switching,4,17691,50,17741,H318,30.168451000000001,-90.966026999999997
UP,0923GP016,2023-09-14,12:00 PM,Explosion-detonation,1,NORTH PLATTE,NE,66.0,2,Day,Cloudy,Yard,Yard/switching,0,39113,85681,124794,H304,41.156801000000002,-100.860041
UP,0623PN018,2023-06-12,1:06 PM,Derailment,0,MOUNTAIN HOME,ID,74.0,2,Day,Clear,Industry,Single Car,10,14046,6450,20496,M504,43.13205,-115.696686
CSX,000167703,2017-03-27,12:45 AM,Other impacts,0,HAGERSTOWN,MD,45.0,4,Dark,Rain,Yard,Freight Train,4,6885,192,54801,H020,39.634459999999997,-77.763852999999997
CSX,000203197,2022-02-19,5:51 PM,Derailment,0,WILLARD,OH,17.0,2,Day,Clear,Yard,Yard/switching,6,22847,8997,31844,H312,41.059877,-82.724069999999998
UP,0516PR015,2016-05-16,12:52 PM,Obstruction,0,MELROSE PARK,IL,65.0,2,Day,Clear,Yard,Yard/switching,4,58415,5110,63525,M404,41.896931000000002,-87.896074999999996
CSX,000219285,2024-07-14,3:15 AM,Derailment,0,ROCKY HILL,KY,75.0,4,Dark,Clear,Main,Freight Train,55,12507,8712,21219,E4AC,37.069122999999998,-86.137146999999999
NS,143611,2021-12-01,3:00 AM,Side collision,0,DANVILLE,KY,34.0,4,Dark,Clear,Yard,Freight Train,0,1000,0,41575,H021,37.625456,-84.784591000000006
CSX,000167289,2017-03-08,1:05 PM,Derailment,0,BATAVIA,NY,49.0,2,Day,Cloudy,Main,Freight Train,57,1067796,144476,1212272,M105,42.988154999999999,-78.211804999999998
BNSF,TC0515110,2015-05-24,10:15 AM,Other (describe in narrative),0,MINNEAPOLIS,MN,64.0,2,Day,Rain,Yard,Yard/switching,4,11490,1000,12490,M411,45.030177000000002,-93.270527999999999
ACWR,100816,2016-10-08,12:30 AM,Derailment,0,AQUADALE,NC,68.0,4,Dark,Rain,Industry,Yard/switching,0,43025,1600,44625,H310,35.231540000000003,-80.247962999999999
UP,1015PR023,2015-10-21,5:28 AM,Derailment,0,JOLIET,IL,56.0,4,Dark,Clear,Yard,Freight Train,4,83088,100,83188,M501,41.531708999999999,-88.078787000000005
BNSF,RD0423121,2023-04-25,11:29 AM,Derailment,0,TULSA,OK,50.0,2,Day,Clear,Yard,Freight Train,10,35155,8460,43615,H503,36.132533000000002,-96.009838999999999
BNSF,KS0715111,2015-07-27,1:19 PM,Obstruction,0,KANSAS CITY,KS,97.0,2,Day,Clear,Yard,Yard/switching,7,60210,0,60210,M404,39.086345999999999,-94.694913999999997
WATX,240123004,2024-01-23,3:20 PM,Other impacts,0,PLAQUEMINE,LA,61.0,2,Day,Clear,Yard,Cut of cars,0,3321,0,26153,H302,30.332062000000001,-91.246155999999999
CSX,000210750,2023-04-12,12:25 AM,Side collision,0,CINCINNATI,OH,50.0,4,Dark,Clear,Yard,Yard/switching,5,3548,0,92299,H307,39.136408000000003,-84.542399000000003
UP,0420PN005,2020-04-09,2:40 PM,Other impacts,0,HERMISTON,OR,73.0,2,Day,Clear,Yard,Yard/switching,9,4653,44701,95810,H601,45.796258999999999,-119.268305