reportingrailroadcode,accidentnumber,date,time,accidenttype,hazmatreleasedcars,station,stateabbr,temperature,visibility_code,visibility,weathercondition,tracktype,equipmenttype,trainspeed,equipmentdamagecost,trackdamagecost,totaldamagecost,primaryaccidentcausecode,latitude,longitude
UP,0116PD004,2016-01-12,7:40 AM,Derailment,0,HERMISTON,OR,37.0,2,Day,Cloudy,Main,Spec. MoW Equip.,15,250000,0,250000,M404,45.834815999999996,-119.256123
UP,1216PD023,2016-12-20,2:58 PM,Hwy-rail crossing,0,CANBY,OR,34.0,2,Day,Fog,Main,,0,0,0,13013,M302,45.301456999999999,-122.662143
NS,143805,2021-12-20,2:15 PM,Other impacts,0,LOCKBOURNE,OH,72.0,2,Day,Clear,Yard,Cut of cars,4,5273,3459,11428,H307,39.782282000000002,-82.957921999999996
IC,1134344,2023-05-25,1:25 PM,Other (describe in narrative),0,MCCOMB,MS,88.0,2,Day,Clear,Yard,Yard/switching,5,23223,0,23223,H318,31.244213999999999,-90.450667999999993
MNCW,2017032812,2017-03-28,12:41 AM,Other impacts,0,CROTON ON HUDSON,NY,34.0,4,Dark,Clear,Yard,Cut of cars,8,17651,0,17651,H306,41.196305000000002,-73.886067999999995
CSX,000218575,2024-06-08,9:40 AM,Side collision,0,WAYCROSS,GA,90.0,2,Day,Clear,Yard,Yard/switching,2,1000,0,165647,H702,31.213508999999998,-82.353556999999995
MBTA,7048,2017-03-05,12:57 AM,Derailment,0,SOMERVILLE,MA,10.0,4,Dark,Clear,Yard,Passenger Train - Pulling,0,23947,1148,25095,H305,42.222358999999997,-71.041799999999995
NS,133822,2019-05-03,4:30 PM,Derailment,0,CANTON,OH,68.0,3,Dusk,Clear,Industry,Yard/switching,10,31351,63953,95304,E36C,40.802354000000001,-81.352148
CSX,000213534,2023-09-18,8:40 AM,Derailment,0,CLEVELAND,OH,70.0,2,Day,Cloudy,Yard,Yard/switching,4,26165,96172,122337,T220,41.570295999999999,-81.556448000000003
CSX,000187583,2019-12-27,5:20 PM,Derailment,0,MILFORD,IL,36.0,3,Dusk,Clear,Main,Freight Train,52,30222,384,30606,E33C,40.618662999999998,-87.694126999999995
UP,0818KC023,2018-08-28,5:20 PM,Other impacts,0,KANSAS CITY,KS,78.0,2,Day,Rain,Yard,Yard/switching,0,89622,2200,92236,H607,39.145308999999997,-94.603318999999999
NS,126244,2017-08-15,7:50 PM,Derailment,0,WINDSOR HEIGHTS,OH,80.0,3,Dusk,Clear,Siding,,0,0,0,37347,E64L,40.208862000000003,-80.670640000000006
SLWC,180312002,2018-03-12,12:38 AM,Obstruction,0,DEL CITY,OK,45.0,4,Dark,Clear,Yard,,0,0,5000,39799,H607,35.471935000000002,-97.444345999999996
UP,0517PD036,2017-05-31,7:07 PM,Hwy-rail crossing,0,HUBBARD,OR,70.0,2,Day,Cloudy,Main,,0,0,20150,20150,M302,45.193634000000003,-122.792755
UP,0818LK001,2018-08-01,2:30 PM,Derailment,0,MCNEIL,AR,90.0,2,Day,Clear,Yard,Yard/switching,6,6601,0,76867,H506,33.345799999999997,-93.211500000000001
CSX,000167990,2017-04-04,10:30 AM,Side collision,0,MOBILE,AL,75.0,2,Day,Clear,Yard,Yard/switching,0,33185,0,81785,H307,30.711373999999999,-88.046531999999999
UP,0115DV025,2015-01-27,12:12 PM,Hwy-rail crossing,0,MONUMENT,KS,75.0,2,Day,Clear,Main,Light loco(s),42,300423,38381,338804,M302,39.095500999999999,-101.10917600000001
KCT,UP240215,2024-02-15,11:30 AM,Derailment,0,KANSAS CITY,MO,46.0,2,Day,Clear,Main,Freight Train,0,0,67027,67027,E24C,39.108550000000001,-94.500519999999995
NS,146538,2022-09-20,9:00 AM,Derailment,0,SOUTH VIENNA,OH,72.0,2,Day,Clear,Main,Freight Train,14,88670,0,88670,S003,39.893099999999997,-83.575858999999994
CSX,000215211,2023-12-24,11:15 AM,Derailment,0,WILLARD,OH,53.0,2,Day,Clear,Yard,Freight Train,3,183535,64475,248010,H524,41.059877,-82.724069999999998
NS,139293,2020-09-29,2:35 AM,Side collision,0,BELLEVUE,OH,45.0,4,Dark,Cloudy,Yard,Cut of cars,0,10000,750,12600,H302,41.288305999999999,-82.801342000000005
UP,0215WH002,2015-02-02,9:22 PM,Hwy-rail crossing,0,OKLAHOMA CITY,OK,25.0,4,Dark,Clear,Main,Freight Train,38,0,0,20000,M304,35.580154,-97.523910999999998
SW,SWC082416D,2016-08-24,6:15 PM,Derailment,0,ELIDA,NM,85.0,2,Day,Clear,Main,Freight Train,46,450000,117000,567000,T215,33.842300000000002,-103.7719
BNSF,RD0723118,2023-07-21,5:00 AM,Derailment,0,FAIRMONT,OK,64.0,1,Dawn,Rain,Main,Freight Train,0,429620,2968,432588,M105,36.366134000000002,-97.717113999999995
BNSF,SW0216107,2016-02-24,3:00 PM,Derailment,0,PREWITT,NM,53.0,2,Day,Clear,Main,Maint./inspect Car,3,18000,0,18000,H402,35.356524999999998,-108.01995700000001
BNSF,KS0315200,2015-03-22,10:20 PM,Hwy-rail crossing,0,ROSE HILL,KS,62.0,4,Dark,Clear,Main,Freight Train,53,1500,32600,34100,M301,37.533707999999997,-97.173495000000003
CRSH,146772,2023-07-24,12:45 AM,Other impacts,0,DETROIT,MI,72.0,4,Dark,Clear,Yard,Single Car,2,32284,0,36609,H318,42.402191000000002,-83.041073999999995
NS,156104,2024-03-15,7:30 AM,Derailment,0,HATTIESBURG,MS,70.0,1,Dawn,Cloudy,Yard,Freight Train,6,26200,8900,35100,H701,31.327431000000001,-89.286272999999994
UP,0720GP010,2020-07-12,10:43 PM,Fire/violent rupture,0,NORTH PLATTE,NE,72.0,4,Dark,Clear,Yard,Cut of cars,0,153287,150,153437,M406,41.147964999999999,-100.841447
ATK,139863,2015-11-03,2:55 PM,Hwy-rail crossing,0,HAMMOND,LA,70.0,2,Day,Cloudy,Main,Passenger Train - Pulling,79,27148,0,27173,M302,30.407216999999999,-90.431708999999998
SKOL,180625003,2018-06-25,6:00 PM,Derailment,0,TULSA,OK,91.0,2,Day,Clear,Siding,Cut of cars,0,12000,0,12000,M599,36.176476000000001,-95.983324999999994
NS,151858,2022-12-29,12:00 AM,Other impacts,0,DES MOINES,MO,38.0,4,Dark,Clear,Yard,Single Car,2,4485,0,16043,H302,39.446489,-92.435278999999994
NS,144822,2022-03-29,3:27 AM,Other impacts,0,BELLEVUE,OH,19.0,4,Dark,Clear,Yard,Single Car,10,50057,0,59156,H312,41.291944000000001,-82.784807999999998
BNSF,HL1123101,2023-11-01,6:17 AM,Derailment,0,LINCOLN,NE,18.0,1,Dawn,Clear,Yard,Yard/switching,6,36370,0,83231,M407,40.808197,-96.743463000000006
CSX,000198103,2021-06-08,11:55 AM,Derailment,0,CLEVELAND,OH,82.0,2,Day,Clear,Yard,Freight Train,6,37724,7150,44874,M405,41.571337999999997,-81.556839999999994
BNSF,SW0718201,2018-07-18,11:15 AM,Hwy-rail crossing,0,LOVING,NM,89.0,2,Day,Clear,Main,Freight Train,20,16500,10000,26500,M302,32.32714,-104.13949
LI,69346,2019-02-26,7:21 PM,Hwy-rail crossing,0,WESTBURY,NY,25.0,4,Dark,Clear,Main,EMU,75,4000000,750000,4750000,M308,40.754562,-73.581253000000004
BNSF,PR0220102,2020-02-07,5:15 PM,Derailment,0,ALLIANCE,NE,20.0,3,Dusk,Clear,Yard,Light loco(s),5,31309,0,31309,E49L,42.092610999999998,-102.873608
WE,230001,2023-01-04,1:15 AM,Other impacts,0,BREWSTER,OH,58.0,4,Dark,Cloudy,Yard,Yard/switching,15,33797,0,33797,H212,40.707003,-81.598179000000002
CSX,000168816,2017-05-05,8:30 PM,Derailment,0,POINT OF ROCKS,MD,73.0,4,Dark,Cloudy,Main,,0,0,0,500000,M404,39.308691000000003,-77.560083000000006
UP,0722MA003,2022-07-01,2:40 PM,Derailment,0,EAST ST LOUIS,IL,95.0,2,Day,Clear,Yard,Freight Train,4,27594,0,27594,H525,38.585988999999998,-90.132104999999996
MNCW,2015020343,2015-02-03,6:27 PM,Hwy-rail crossing,0,VALHALLA,NY,16.0,4,Dark,Clear,Main,EMU,58,3600000,100000,3700000,M308,41.086275000000001,-73.788032000000001
CSX,000183732,2019-06-22,1:50 PM,Side collision,0,SELKIRK,NY,75.0,2,Day,Clear,Yard,Light loco(s),5,0,0,212357,H306,42.565902999999999,-73.854184000000004
BNSF,SW0622105,2022-06-06,6:00 AM,Derailment,0,JARALES,NM,75.0,1,Dawn,Clear,Yard,Light loco(s),5,6220,12000,18220,H607,34.659247999999998,-106.767321
UP,0618PR023,2018-06-19,11:35 AM,Other impacts,0,ROCHELLE,IL,80.0,2,Day,Cloudy,Yard,Single Car,0,0,0,63656,H601,41.915264999999998,-89.087065999999993
CSX,000211590,2023-05-27,2:30 AM,Other impacts,0,SYRACUSE,NY,70.0,4,Dark,Clear,Industry,Cut of cars,4,31000,0,66667,H302,43.051527999999998,-76.180903999999998
UP,1220GC002,2020-12-03,3:30 AM,Other impacts,0,LIVONIA,LA,52.0,4,Dark,Cloudy,Yard,Yard/switching,2,84180,2896,92724,E09C,30.530647999999999,-91.559199000000007
CSX,000192192,2020-08-23,6:50 PM,Side collision,0,CINCINNATI,OH,78.0,2,Day,Clear,Yard,Cut of cars,1,125,0,37544,H399,39.124550999999997,-84.542520999999994
UP,0516PC002,2016-05-14,11:15 AM,Derailment,0,POCATELLO,ID,70.0,2,Day,Cloudy,Yard,Yard/switching,6,4819,10000,14819,E21C,42.856690999999998,-112.44094
NJTR,202307275,2023-07-15,10:40 AM,Derailment,0,WALDWICK,NJ,84.0,2,Day,Cloudy,Yard,Spec. MoW Equip.,7,15754,0,15754,H017,41.017437000000001,-74.124229999999997
IC,1057268,2020-12-21,1:30 PM,Other impacts,0,CHICAGO,IL,45.0,2,Day,Cloudy,Yard,Single Car,3,25600,0,51050,H318,41.808822999999997,-87.765876000000006
CSX,000192192,2020-08-23,6:50 PM,Side collision,0,CINCINNATI,OH,78.0,2,Day,Clear,Yard,Yard/switching,5,37419,0,37544,H399,39.124550999999997,-84.542520999999994
ATK,159339,2019-06-03,11:20 PM,Raking collision,0,BALTIMORE,MD,50.0,4,Dark,Clear,Main,Spec. MoW Equip.,5,5000,7975,12975,E29C,39.297176,-76.551591000000002
BLE,1025852,2020-01-24,1:55 AM,Side collision,0,BUFFALO,NY,20.0,4,Dark,Clear,Yard,Freight Train,0,0,0,20250,H306,42.888942999999998,-78.826325999999995
ATK,147688,2017-05-28,3:19 PM,Obstruction,0,MIDDLE RIVER,MD,70.0,2,Day,Rain,Main,Passenger Train - Pulling,123,14304,0,14304,M402,39.349423999999999,-76.386712000000003
NS,144857,2022-04-01,6:15 AM,Other impacts,0,BELLEVUE,OH,32.0,1,Dawn,Clear,Yard,Single Car,0,17000,500,50131,H706,41.273330000000001,-82.834590000000006
LI,GR20150101,2015-01-07,1:15 PM,Hwy-rail crossing,0,WYANDANCH,NY,22.0,2,Day,Clear,Main,EMU,40,62939,0,62939,M304,40.754275999999997,-73.360384999999994
AOK,011821,2021-01-18,8:30 AM,Derailment,0,OKLAHOMA CITY,OK,55.0,2,Day,Clear,Yard,Freight Train,5,0,20579,41158,H702,35.471535000000003,-97.445335999999998
IC,1103241,2022-05-20,12:10 PM,Hwy-rail crossing,0,FLOWOOD,MS,91.0,2,Day,Clear,Main,Freight Train,10,19869,0,19869,M302,32.288336999999999,-90.146704999999997
BNSF,HL1121101,2021-11-03,9:30 AM,Derailment,0,KEOKUK,IA,48.0,2,Day,Clear,Yard,Freight Train,6,37174,8500,45674,T212,40.387734999999999,-91.391861000000006
UP,0715SL003,2015-07-10,5:07 AM,Fire/violent rupture,0,DRESDEN,MO,70.0,4,Dark,Cloudy,Main,Freight Train,35,51240,0,51240,E79L,38.725099,-93.281683000000001
UP,0918SL006,2018-09-12,3:34 AM,Derailment,0,ST LOUIS,MO,68.0,4,Dark,Clear,Yard,Freight Train,9,5590,0,12090,M204,38.629669,-90.237553000000005
UP,0322GL004,2022-03-04,5:07 AM,Derailment,0,MANKATO,MN,28.0,1,Dawn,Cloudy,Yard,Freight Train,6,227076,6412,233488,H702,44.203862000000001,-93.985703999999998
BNSF,KS0624108,2024-06-17,12:50 PM,Derailment,0,KANSAS CITY,KS,90.0,2,Day,Clear,Yard,Light loco(s),5,5000,18952,23952,M101,39.077762,-94.658737000000002
BNSF,RD0418128,2018-04-30,8:55 AM,Derailment,0,TULSA,OK,68.0,2,Day,Clear,Yard,,0,0,31500,81645,E46L,36.137009999999997,-96.008745000000005
CP,1000971076,2019-04-10,3:00 AM,Derailment,0,SAWYER,ND,21.0,4,Dark,Cloudy,Main,Freight Train,50,107065,6976,114041,E33C,48.147365999999998,-101.147707
BNSF,CH0322114,2022-03-19,3:10 PM,Other impacts,0,GALESBURG,IL,60.0,2,Day,Clear,Yard,Yard/switching,5,137923,0,137923,M407,40.909309999999998,-90.384191000000001
ATK,172266,2022-09-21,9:11 PM,Derailment,0,JACKSON,MI,64.0,4,Dark,Rain,Main,,0,0,395680,395680,E54C,42.248741000000003,-84.228683000000004
UP,0521PR016,2021-05-18,11:55 PM,Derailment,0,ELBURN,IL,63.0,4,Dark,Cloudy,Main,Freight Train,2,250,28808,29058,H705,41.891508000000002,-88.473598999999993
UP,0124HL023,2024-01-22,11:10 AM,Derailment,0,WICHITA,KS,32.0,2,Day,Cloudy,Yard,,0,0,43420,43420,M599,37.720505000000003,-97.330386000000004
HESR,HES485123O,2023-07-21,1:00 PM,Derailment,0,KAWKAWLIN,MI,78.0,2,Day,Clear,Main,,0,0,82651,144978,M405,43.651839000000002,-83.941647000000003
HESR,HES613018D,2018-03-23,4:40 PM,Derailment,0,BURT,MI,40.0,2,Day,Clear,Main,Freight Train,23,13585,49436,63021,E53C,43.306182,-83.916342
IC,1022191,2019-12-26,12:45 PM,Derailment,0,MARKHAM,IL,60.0,2,Day,Clear,Yard,Freight Train,5,15000,100,15100,H525,41.594726999999999,-87.665997000000004
BNSF,CH0317100,2017-03-02,12:50 AM,Obstruction,0,FORT MADISON,IA,28.0,4,Dark,Clear,Main,Freight Train,36,500,52750,53250,M402,40.614671999999999,-91.371193000000005
NS,131334,2018-10-14,11:15 PM,Other (describe in narrative),0,NEW ORLEANS,LA,80.0,4,Dark,Clear,Yard,Yard/switching,5,8222,11760,19982,H702,29.982192000000001,-90.043715000000006
NS,154644,2023-10-30,11:45 AM,Hwy-rail crossing,0,PETAL,MS,60.0,2,Day,Cloudy,Main,,0,0,0,19516,M308,31.364477000000001,-89.268822
ATK,152953,2018-04-25,8:00 AM,Other (describe in narrative),0,LONG ISLAND CITY,NY,55.0,2,Day,Rain,Yard,Light loco(s),0,60553,0,60553,H599,40.744678999999998,-73.948542000000003
IORY,IOR172922R,2022-08-25,4:46 PM,Derailment,0,CINCINNATI,OH,80.0,2,Day,Clear,Main,Freight Train,7,11946,0,13830,E46C,39.150736000000002,-84.542574999999999
NJTR,201703102,2017-03-16,10:17 AM,Other (describe in narrative),0,NEWARK,NJ,30.0,2,Day,Cloudy,Main,Work train,30,12980,0,12980,H599,40.711868000000003,-74.189464000000001
IC,878641,2016-02-05,8:30 AM,Derailment,0,CHICAGO,IL,30.0,2,Day,Snow,Yard,Yard/switching,5,17820,5838,23658,T220,41.916522000000001,-87.781001000000003
KCS,15080804,2015-08-08,1:45 PM,Derailment,0,HEAVENER,OK,102.0,2,Day,Clear,Yard,Yard/switching,4,12387,29670,42057,H318,34.891351,-94.602407999999997
BNSF,SW0819201,2019-08-22,4:44 PM,Hwy-rail crossing,0,PORTALES,NM,88.0,2,Day,Clear,Main,Freight Train,35,193307,436439,629746,M302,34.215310000000002,-103.30112
BNSF,CH0321105,2021-03-10,9:15 AM,Other impacts,0,GALESBURG,IL,45.0,2,Day,Clear,Yard,Yard/switching,4,23563,21000,44563,M105,40.914129000000003,-90.380521000000002
ITHR,210921001,2021-09-21,9:15 AM,Obstruction,0,ITHACA,NY,65.0,2,Day,Clear,Main,Spec. MoW Equip.,0,0,0,50000,H207,42.359496999999998,-76.553662000000003
UP,1219GC030,2019-12-30,8:54 PM,Other impacts,0,LIVONIA,LA,46.0,4,Dark,Clear,Yard,Single Car,1,650,0,38726,S015,30.522687999999999,-91.551980999999998
UP,0923HL025,2023-09-24,12:15 PM,Derailment,0,KANSAS CITY,MO,78.0,2,Day,Clear,Yard,Yard/switching,10,21282,219577,478551,T221,39.122008000000001,-94.523465000000002
UP,0515KC010,2015-05-27,8:50 PM,Hwy-rail crossing,0,MINNEOLA,KS,55.0,4,Dark,Rain,Main,Freight Train,52,14068,45795,59863,M399,37.451225000000001,-99.997561000000005
BNSF,RD0118121,2018-01-25,10:30 AM,Derailment,0,TULSA,OK,51.0,2,Day,Clear,Yard,Yard/switching,8,15711,2000,17711,H703,36.151570999999997,-96.000838000000002
WC,1078093,2021-07-26,10:15 PM,Other impacts,0,GARY,IN,67.0,4,Dark,Clear,Yard,Yard/switching,5,51786,0,51820,M599,41.629747999999999,-87.405986999999996
BNSF,SW1219106,2019-12-13,3:03 PM,Side collision,0,BELEN,NM,50.0,2,Day,Clear,Yard,Yard/switching,5,113604,0,355733,H305,34.660161000000002,-106.767077
BNSF,RD0620131,2020-06-26,3:25 AM,Obstruction,0,DAVIS,OK,80.0,4,Dark,Clear,Main,Freight Train,38,800,30000,30800,M402,34.491996,-97.116564999999994
NS,135722,2019-10-02,1:47 PM,Other impacts,0,CINCINNATI,OH,92.0,2,Day,Clear,Yard,Cut of cars,2,20000,0,25429,H318,39.105024,-84.539754000000002
CSX,000203198,2022-02-20,12:18 AM,Obstruction,0,SPENCER,MA,25.0,4,Dark,Clear,Main,Spec. MoW Equip.,21,936927,80,946604,M501,42.200336999999998,-71.994189000000006
UP,1016TC007,2016-10-24,11:29 AM,Derailment,0,SAVAGE,MN,50.0,2,Day,Clear,Yard,Freight Train,4,10592,15200,25792,E60C,44.779471999999998,-93.337667999999994
UP,0224HL010,2024-02-15,11:30 AM,Derailment,0,KANSAS CITY,MO,39.0,2,Day,Clear,Main,Freight Train,8,153657,40792,194449,M299,39.116346,-94.499798999999996
NS,156645,2024-05-09,1:40 PM,Derailment,0,GRANITE CITY,IL,76.0,2,Day,Clear,Yard,Yard/switching,7,13039,13000,26039,M405,38.717140999999998,-90.146225000000001
MRL,2017047,2017-04-08,8:00 AM,Other impacts,0,LAUREL,MT,48.0,2,Day,Cloudy,Yard,Cut of cars,4,190601,0,208109,H306,45.676327999999998,-108.73944400000001
CSX,000153084,2015-10-11,1:50 AM,Other impacts,0,SENECA,IL,55.0,4,Dark,Clear,Yard,Freight Train,4,80339,0,89878,H302,41.319101000000003,-88.611721000000003
UP,1222HL001,2022-12-03,10:48 AM,Derailment,0,KANSAS CITY,MO,22.0,2,Day,Cloudy,Yard,Freight Train,5,204488,72225,276713,T220,39.120970999999997,-94.545983000000007
BNSF,NE0915101,2015-09-08,12:15 AM,Derailment,0,LINCOLN,NE,75.0,4,Dark,Rain,Yard,Freight Train,5,18874,0,18874,M105,40.808052000000004,-96.725672000000003
CSX,000170967,2017-03-14,4:25 PM,Other impacts,0,ROCKY MOUNT,NC,51.0,3,Dusk,Cloudy,Main,Freight Train,45,20500,0,20500,M404,35.918852999999999,-77.804446999999996
IHB,2105,2015-05-29,8:58 AM,Side collision,0,HAMMOND,IN,82.0,2,Day,Clear,Yard,Yard/switching,5,18217,0,33403,H305,41.612786999999997,-87.499555000000001
NS,140840,2021-03-05,6:45 PM,Side collision,0,GREENSBORO,NC,45.0,3,Dusk,Clear,Yard,Yard/switching,3,0,0,25000,H018,36.079922000000003,-79.785819000000004
UP,0623TO004,2023-06-04,11:06 AM,Derailment,0,MARLOW,OK,78.0,2,Day,Clear,Main,Freight Train,48,1002469,158298,1160767,E62C,34.660539999999997,-97.954358999999997
IAIS,2022041,2022-09-25,4:00 AM,Derailment,0,DES MOINES,IA,76.0,4,Dark,Clear,Main,Yard/switching,10,600000,700000,1952971,H599,41.587400000000002,-93.589755999999994
NICD,N2260004,2022-02-13,11:15 PM,Other impacts,0,CHICAGO,IL,16.0,4,Dark,Cloudy,Main,Commuter Train - Pulling,65,0,0,39710,M599,41.800620000000002,-87.587090000000003
DQE,ID220080,2022-07-11,3:59 PM,Derailment,0,EAGLETOWN,OK,88.0,2,Day,Clear,Main,Freight Train,25,1200200,118060,1318260,E07C,34.021590000000003,-94.474249999999998
UP,0517KC021,2017-05-21,2:13 PM,Derailment,0,PONDCREEK,OK,69.0,2,Day,Clear,Main,Freight Train,43,224441,238378,462819,E61C,36.682032999999997,-97.799412000000004
SW,SWC826152D,2015-08-26,1:30 PM,Derailment,0,CARLSBAD,NM,82.0,2,Day,Clear,Industry,Freight Train,5,12500,0,12500,H306,32.499099999999999,-104.2634
CSX,000159846,2016-05-18,7:23 AM,Raking collision,0,SELKIRK,NY,55.0,1,Dawn,Cloudy,Yard,Yard/switching,5,2000,0,14642,H607,42.565902999999999,-73.854184000000004
UP,0124PR011,2024-01-15,3:19 PM,Hwy-rail crossing,0,FRANKLIN GROVE,IL,-1.0,2,Day,Clear,Main,Freight Train,30,7207,106875,114082,M303,41.848213999999999,-89.278353999999993
BNSF,SW0118102,2018-01-07,5:16 PM,Side collision,0,CLOVIS,NM,48.0,3,Dusk,Clear,Main,Freight Train,26,20000,23000,43108,H220,34.398606000000001,-103.223721
BNSF,NW0517117,2017-05-31,9:45 PM,Derailment,0,BEND,OR,50.0,4,Dark,Clear,Siding,Freight Train,9,1806,12052,13858,H307,44.050963000000003,-121.302678
UP,0115WH009,2015-01-20,9:40 PM,Other impacts,0,PRYOR,OK,30.0,3,Dusk,Fog,Industry,Freight Train,5,8629,3000,11629,H306,36.246836999999999,-95.336928
CSX,000199508,2021-08-16,6:51 PM,Hwy-rail crossing,0,COLUMBUS GROVE,OH,83.0,3,Dusk,Clear,Main,Freight Train,27,2000,34471,36471,M304,40.919966000000002,-84.059023999999994
KRR,KRR330617G,2017-06-14,4:35 AM,Hwy-rail crossing,0,DURANT,OK,71.0,4,Dark,Cloudy,Main,Freight Train,24,7000,7000,14000,M304,33.995702000000001,-96.401291999999998
CRSH,136525,2019-12-13,4:00 PM,Other impacts,0,STATEN ISLAND,NY,45.0,3,Dusk,Rain,Yard,Freight Train,5,34655,0,49672,H008,40.633215999999997,-74.181524999999993
NS,156229,2024-04-02,3:10 AM,Other (describe in narrative),0,OREGON,OH,42.0,4,Dark,Rain,Yard,Yard/switching,4,1710,37000,38710,H702,41.666977000000003,-83.474673999999993
CSX,000167219,2017-03-01,10:41 AM,Derailment,0,BIRMINGHAM,AL,70.0,2,Day,Clear,Yard,Cut of cars,7,31441,125,31566,E4BC,33.543607000000002,-86.790088999999995
UP,0823GL036,2023-08-16,11:34 AM,Derailment,0,GRAND ISLAND,NE,82.0,2,Day,Clear,Yard,Yard/switching,2,6475,66000,72475,H307,40.932932999999998,-98.324405999999996
UP,0817PD012,2017-08-16,3:20 AM,Derailment,0,STANFIELD,OR,61.0,4,Dark,Clear,Yard,Yard/switching,0,12148,1760,33500,S007,45.797635999999997,-119.31563300000001
BNSF,SF0215105,2015-02-15,2:25 PM,Derailment,0,WESTALTON,MO,19.0,2,Day,Clear,Siding,Freight Train,4,5924,5500,11424,H702,38.904266999999997,-90.328901999999999
BNSF,KS1217202,2017-12-27,1:27 PM,Hwy-rail crossing,0,PARTRIDGE,KS,19.0,2,Day,Clear,Main,Freight Train,56,13500,500,14000,M302,37.970965,-98.142206000000002
NS,123074,2016-12-09,6:50 AM,Hwy-rail crossing,0,WRIGHT CITY,MO,30.0,1,Dawn,Clear,Main,Spec. MoW Equip.,25,24547,0,24547,M302,38.826892999999998,-91.035876000000002
WC,1077357,2021-07-21,12:37 AM,Derailment,0,GARY,IN,67.0,4,Dark,Clear,Yard,Yard/switching,5,266290,0,331493,H399,41.629506999999997,-87.406373000000002
BNSF,SF0716103,2016-07-05,11:07 PM,Derailment,0,TULSA,OK,86.0,4,Dark,Clear,Yard,Freight Train,10,34729,5000,39729,E40C,36.110728999999999,-96.015660999999994
BNSF,CH0618105,2018-06-08,1:36 PM,Derailment,0,KAHOKA,MO,90.0,2,Day,Clear,Main,Cut of cars,0,6100,0,1427724,E53C,40.429374000000003,-91.787575000000004
ATK,177434,2023-11-21,11:55 AM,Derailment,0,NEW YORK,NY,48.0,2,Day,Cloudy,Main,,0,0,0,85960,E49C,40.750476999999997,-73.994748999999999
UP,0817LK020,2017-08-13,8:25 AM,Derailment,0,SALLISAW,OK,79.0,2,Day,Rain,Main,Freight Train,30,1072201,171036,1243237,M103,35.450839999999999,-94.707894999999994
KRR,KRR699915D,2015-02-27,2:50 PM,Derailment,0,HUGO,OK,30.0,2,Day,Snow,Yard,Freight Train,7,12757,1173,13930,M503,34.012390000000003,-95.527240000000006
MDS,16042001,2016-04-20,9:45 AM,Derailment,0,STONEWALL,MS,59.0,2,Day,Clear,Main,Freight Train,7,49000,35000,84000,E65C,32.138891999999998,-88.798044000000004
UP,1223HL001,2023-12-03,1:46 AM,Other impacts,0,WICHITA,KS,29.0,4,Dark,Fog,Yard,Single Car,5,5681,0,53098,E22C,37.726643000000003,-97.325102000000001
KCS,16031901,2016-03-19,11:50 AM,Other impacts,0,MONROE,LA,58.0,2,Day,Clear,Yard,Cut of cars,0,37556,0,130989,H318,32.497774999999997,-92.094516999999996
KCS,21041201,2021-04-12,2:30 PM,Derailment,0,SHREVEPORT,LA,85.0,2,Day,Clear,Yard,Yard/switching,7,14650,23213,37863,E40C,32.527749,-93.827226999999993
BNSF,CH0521105,2021-05-08,10:50 PM,Derailment,0,CICERO,IL,39.0,4,Dark,Rain,Yard,Cut of cars,0,4990,0,45572,H704,41.837173999999997,-87.776391000000004
ATK,160855,2019-08-26,9:40 AM,Derailment,0,NEW YORK,NY,75.0,2,Day,Clear,Yard,Yard/switching,6,57000,5000,62000,E4BC,40.739823999999999,-73.935415000000006
TRRA,24011I,2024-04-10,9:56 PM,Derailment,0,ST LOUIS,MO,53.0,4,Dark,Clear,Yard,Yard/switching,2,0,17538,17538,H704,38.644399,-90.182562000000004
CSX,000166099,2017-01-18,4:20 AM,Derailment,0,WALBRIDGE,OH,35.0,1,Dawn,Cloudy,Yard,Cut of cars,0,17496,0,18303,M411,41.573729999999998,-83.513593999999998
CSX,000209358,2023-01-19,10:42 AM,Hwy-rail crossing,0,WINGATE,NC,60.0,2,Day,Clear,Main,Freight Train,31,12866,8178,21044,M303,34.983367999999999,-80.449055999999999
UP,1015SL013,2015-10-20,8:15 PM,Derailment,0,EAST ST LOUIS,IL,65.0,4,Dark,Cloudy,Yard,Freight Train,3,65243,0,214259,H503,38.582855000000002,-90.135947999999999
UP,0719HL002,2019-07-03,11:36 AM,Fire/violent rupture,0,INDEPENDENCE,MO,81.0,2,Day,Clear,Main,,0,0,165,40165,E74L,39.061281000000001,-94.414978000000005
CP,1001444175,2021-03-05,9:05 PM,Other (describe in narrative),0,KANSAS CITY,MO,40.0,4,Dark,Clear,Yard,Light loco(s),4,36627,0,39617,H702,39.128878999999998,-94.521243999999996
UP,0522GP015,2022-05-20,4:58 PM,Other impacts,0,NORTH PLATTE,NE,54.0,2,Day,Cloudy,Yard,Yard/switching,4,15806,800,16606,M411,41.152912999999998,-100.824316
ATK,170886,2022-06-08,8:36 PM,Obstruction,0,ALTONA,IL,68.0,4,Dark,Clear,Main,Passenger Train - Pulling,68,117663,0,117663,M404,41.132734999999997,-90.118976000000004
OHCR,OHC303523D,2023-01-19,2:30 PM,Derailment,0,TRINWAY,OH,50.0,2,Day,Clear,Main,Yard/switching,3,2500000,0,2500000,H306,40.145125,-82.003226999999995