reportingrailroadcode,accidentnumber,date,time,accidenttype,hazmatreleasedcars,station,stateabbr,temperature,visibility_code,visibility,weathercondition,tracktype,equipmenttype,trainspeed,equipmentdamagecost,trackdamagecost,totaldamagecost,primaryaccidentcausecode,latitude,longitude
CSX,000179753,2018-11-08,10:39 AM,Hwy-rail crossing,0,PALATKA,FL,84.0,2,Day,Clear,Main,,0,0,97,35938,M304,29.745546999999998,-81.642086000000006
CUOH,CUO739724D,2024-03-19,3:48 AM,Derailment,0,AMSTERDAM,OH,30.0,4,Dark,Cloudy,Main,Freight Train,8,0,138520,138520,T221,40.400817000000004,-80.905167000000006
UP,0818KC026,2018-08-29,1:06 AM,Derailment,0,ENID,OK,65.0,4,Dark,Cloudy,Main,Freight Train,13,47009,73032,120041,E45C,36.408225999999999,-97.871032999999997
BNSF,HL0323104,2023-03-04,10:00 AM,Derailment,0,OMAHA,NE,42.0,2,Day,Clear,Yard,Yard/switching,5,3600,119649,123249,E21C,41.226526999999997,-95.916285999999999
BNSF,HL0724115,2024-07-20,4:50 PM,Other (describe in narrative),0,LINCOLN,NE,77.0,2,Day,Cloudy,Yard,Yard/switching,5,27558,0,27558,H995,40.808025999999998,-96.753759000000002
TPW,TPW572720S,2020-10-18,10:30 AM,Other impacts,0,SHELDON,IL,63.0,2,Day,Clear,Main,Cut of cars,0,46309,0,53019,H307,40.770277999999998,-87.538055999999997
LI,EQ20170201,2017-02-07,8:10 PM,Derailment,0,BABYLON,NY,41.0,4,Dark,Cloudy,Yard,EMU,5,0,57161,57161,M507,40.705101999999997,-73.313194999999993
ATK,167591,2021-07-02,11:50 PM,Derailment,0,NEW YORK,NY,60.0,4,Dark,Rain,Yard,Yard/switching,3,15720,2500,18220,E64C,40.747121999999997,-73.932321999999999
ATK,178950,2023-04-15,9:27 PM,Obstruction,0,LAUREL,MS,63.0,4,Dark,Clear,Main,Passenger Train - Pulling,30,24795,0,24795,M404,31.696936000000001,-89.124756000000005
BNSF,CH1119115,2019-11-21,6:45 AM,Derailment,0,ELWOOD,IL,30.0,1,Dawn,Cloudy,Yard,Freight Train,7,47293,8731,56024,H607,41.378546999999998,-88.154538000000002
BNSF,TC0222108,2022-02-17,8:55 AM,Derailment,0,FRAZEE,MN,-15.0,1,Dawn,Cloudy,Main,Freight Train,0,366103,0,2317435,T221,46.745069000000001,-95.749155000000002
CSX,000168199,2017-04-11,8:05 AM,Derailment,0,BEDFORD PARK,IL,51.0,2,Day,Cloudy,Yard,Freight Train,2,58200,0,75034,H702,41.765745000000003,-87.761230999999995
WE,210053NL,2021-08-13,8:55 AM,Side collision,0,CAREY,OH,80.0,2,Day,Clear,Yard,Yard/switching,12,75720,0,275720,H210,40.956404999999997,-83.344251999999997
ATK,177992,2024-01-12,8:15 AM,Other (describe in narrative),0,PLAINSBORO,NJ,46.0,2,Day,Cloudy,Main,Passenger Train - Pulling,108,20249,0,20249,E78L,40.347920000000002,-74.583749999999995
UP,0115KC005,2015-01-20,2:31 PM,Derailment,0,HERINGTON,KS,50.0,2,Day,Clear,Yard,Yard/switching,6,28340,3220,31560,E23C,38.692267999999999,-96.950413999999995
CAGY,CAG886316,2016-06-01,12:30 PM,Derailment,0,GREENWOOD,MS,86.0,2,Day,Cloudy,Main,,0,0,27723,32153,E4BC,33.484184999999997,-90.212132999999994
BNSF,SF0215112,2015-02-28,9:30 PM,Derailment,0,ST LOUIS,MO,27.0,4,Dark,Snow,Yard,Freight Train,9,103808,403685,507493,H504,38.605578999999999,-90.310046
BNSF,CH0123202,2023-01-25,10:27 AM,Hwy-rail crossing,0,GORIN,MO,32.0,2,Day,Cloudy,Main,Freight Train,26,13500,260000,273500,M302,40.360075999999999,-92.023656000000003
CSX,000191157,2020-07-02,8:15 AM,Raking collision,0,SELKIRK,NY,74.0,2,Day,Cloudy,Yard,Single Car,6,9105,0,17606,S014,42.565902999999999,-73.854184000000004
NS,134055,2019-05-24,2:00 PM,Other impacts,0,EVENDALE,OH,89.0,2,Day,Clear,Yard,Yard/switching,7,20090,0,20090,H601,39.264113999999999,-84.420348000000004
ATK,142489,2016-05-20,12:17 AM,Derailment,0,OLD SAYBROOK,CT,50.0,4,Dark,Clear,Main,,0,0,15200,15934,H018,41.298811000000001,-72.381573000000003
CFRC,19018,2019-01-18,7:56 PM,Obstruction,0,TAFT,FL,64.0,4,Dark,Clear,Main,Passenger Train - Pulling,57,4000,18855,22855,M402,28.458159999999999,-81.366979999999998
UP,0920GC034,2020-09-26,4:55 PM,Other impacts,0,MARINGOUIN,LA,81.0,2,Day,Clear,Yard,Yard/switching,3,11980,0,22084,M411,30.527573,-91.555701999999997
BNSF,PR0915202,2015-09-18,6:45 PM,Hwy-rail crossing,0,LODGE GRASS,MT,70.0,3,Dusk,Clear,Main,Freight Train,44,22359,200000,222359,M302,45.219478000000002,-107.38298899999999
BNSF,KS0415100,2015-04-03,3:00 AM,Derailment,0,VALLEY CENTER,KS,45.0,4,Dark,Cloudy,Main,Freight Train,1,124992,0,124992,M105,37.880294999999997,-97.404212999999999
CSX,000160290,2016-06-03,4:29 PM,Derailment,0,WALBRIDGE,OH,80.0,3,Dusk,Clear,Main,Freight Train,9,31389,40528,71917,M204,41.592266000000002,-83.499215000000007
UP,0720GP028,2020-07-26,1:01 PM,Fire/violent rupture,0,OGALLALA,NE,72.0,2,Day,Rain,Main,Freight Train,40,21405,0,21405,E73L,41.129617000000003,-101.686848
UP,0316PD003,2016-03-07,7:45 PM,Derailment,0,PORTLAND,OR,43.0,4,Dark,Clear,Yard,Light loco(s),10,37033,990,38023,H702,45.541930000000001,-122.68373699999999
CRSH,123002,2016-12-03,5:15 PM,Derailment,0,MELVINDALE,MI,38.0,3,Dusk,Cloudy,Yard,Freight Train,8,68415,0,68415,H312,42.269728000000001,-83.173340999999994
NS,121077,2016-07-01,5:05 PM,Derailment,0,RANDLEMAN,NC,83.0,3,Dusk,Clear,Main,Freight Train,21,19742,238765,258507,E40C,35.798651,-79.814684
BNSF,MT0915102,2015-09-10,2:40 PM,Other (describe in narrative),0,LIBBY,MT,77.0,2,Day,Clear,Main,Spec. MoW Equip.,10,250,40000,40250,H997,48.414240999999997,-115.48255899999999
UP,0120HL014,2020-01-04,1:43 AM,Derailment,0,OPTIMA,OK,31.0,4,Dark,Clear,Siding,Freight Train,3,18620,1425,20045,H211,36.804153999999997,-101.292514
UP,1122HL027,2022-11-29,10:30 AM,Other impacts,0,OKLAHOMA CITY,OK,61.0,2,Day,Clear,Yard,Yard/switching,2,11704,0,11704,E21C,35.468124000000003,-97.495301999999995
BNSF,SW0321105,2021-03-13,8:45 PM,Derailment,0,CLOVIS,NM,55.0,3,Dusk,Clear,Yard,Yard/switching,7,9489,0,32478,H306,34.396509999999999,-103.19772
NJTR,202402085,2024-01-03,9:03 PM,Derailment,0,BAY HEAD,NJ,32.0,2,Day,Clear,Yard,Commuter Train - Pushing,7,16554,8645,25199,E34C,40.075837,-74.047487000000004
UP,0223GC013,2023-02-17,1:41 PM,Other (describe in narrative),0,LOTTIE,LA,45.0,2,Day,Cloudy,Yard,Yard/switching,8,18709,0,18709,M507,30.520987999999999,-91.551672999999994
NS,122880,2016-11-24,4:00 PM,Other (describe in narrative),0,DADEVILLE,AL,60.0,3,Dusk,Clear,Industry,Cut of cars,0,33938,1500,35438,M406,32.849677,-85.754630000000006
CSX,000156408,2016-01-19,3:30 PM,Other impacts,0,NIAGARA FALLS,NY,30.0,2,Day,Cloudy,Yard,Light loco(s),8,15369,0,15369,H601,43.118651,-78.996527999999998
BNSF,HL0324109,2024-03-20,1:02 AM,Derailment,0,SPRINGFIELD,MO,45.0,4,Dark,Clear,Yard,Yard/switching,7,6890,433917,440807,H607,37.228745000000004,-93.316402999999994
NS,156493,2024-04-26,1:30 PM,Derailment,0,BRUNSWICK,GA,74.0,2,Day,Clear,Yard,Freight Train,10,90000,0,90097,H993,31.166779999999999,-81.501925999999997
BNSF,HL0119126,2019-01-21,2:30 AM,Derailment,0,LINCOLN,NE,16.0,4,Dark,Cloudy,Yard,Light loco(s),7,37500,0,37500,H307,40.807281000000003,-96.733788000000004
NS,135021,2019-08-03,8:00 PM,Other impacts,0,COLUMBUS,OH,72.0,4,Dark,Clear,Yard,Yard/switching,1,18000,0,18000,E29C,39.907871999999998,-82.947703000000004
CSX,000181844,2019-03-15,3:20 PM,Derailment,0,BALTIMORE,MD,40.0,2,Day,Clear,Main,Freight Train,4,259723,1000,260723,H514,39.313011000000003,-76.621768000000003
UP,0323HL024,2023-03-21,9:59 AM,Other impacts,0,HERINGTON,KS,42.0,2,Day,Cloudy,Yard,Cut of cars,0,25940,0,27232,H312,38.682017999999999,-96.948894999999993
BNSF,PR0222109,2022-02-13,1:06 PM,Derailment,0,ALLIANCE,NE,50.0,2,Day,Clear,Yard,Light loco(s),3,35749,80,35829,H307,42.092725000000002,-102.877917
NS,140289,2021-01-18,12:15 AM,Other (describe in narrative),0,BELLEVUE,OH,27.0,4,Dark,Clear,Yard,Cut of cars,0,6284,0,20066,E30C,41.29034,-82.788150999999999
IORY,IOR826021O,2021-07-10,5:15 PM,Derailment,0,BLOOMINGBURG,OH,72.0,2,Day,Clear,Main,,0,0,2500,11225,E89C,39.681182999999997,-83.308817000000005
ATK,155041,2018-08-25,7:40 PM,Derailment,0,NEW YORK NEW YORK,NY,72.0,3,Dusk,Clear,Yard,Yard/switching,5,33904,100000,133904,H704,42.660939999999997,-77.053650000000005
BNSF,HL0517120,2017-05-30,11:20 PM,Derailment,0,LINCOLN,NE,59.0,4,Dark,Clear,Yard,Freight Train,4,22000,2000,24000,H307,40.806801999999998,-96.733547000000002
UP,0818PD012,2018-08-10,10:55 PM,Derailment,0,PORTLAND,OR,70.0,4,Dark,Clear,Yard,Freight Train,2,13517,695,14212,H525,45.544505000000001,-122.684479
CSX,000194918,2021-01-10,8:40 PM,Derailment,0,WALTON,KY,29.0,4,Dark,Clear,Main,Freight Train,10,105610,6222,111832,E53C,38.893810999999999,-84.599149999999995
IHB,20242912,2024-06-22,2:40 AM,Derailment,0,HAMMOND,IN,75.0,4,Dark,Clear,Yard,Yard/switching,7,18910,4900,23810,M405,41.613590000000002,-87.501548
CRSH,125991,2017-07-27,1:01 AM,Derailment,0,NEWARK,NJ,66.0,4,Dark,Cloudy,Yard,,0,0,2500,18861,H702,40.713802000000001,-74.142775
BNSF,HL1021125,2021-10-30,11:43 AM,Derailment,0,KANSAS CITY,MO,55.0,2,Day,Clear,Yard,Freight Train,4,39264,99000,138264,T215,39.132761000000002,-94.585266000000004
LI,EQ20161001,2016-10-08,9:00 PM,Derailment,0,NEW HYDE PARK,NY,67.0,4,Dark,Rain,Main,Spec. MoW Equip.,15,2200000,0,9665437,H702,40.733466,-73.669544000000002
NJTR,201801016,2018-01-04,2:10 AM,Derailment,0,KEARNY,NJ,20.0,4,Dark,Clear,Yard,Light loco(s),3,34499,262,34761,H399,40.743755,-74.100305000000006
IC,949113,2018-02-05,2:55 AM,Derailment,0,CONVENT,LA,46.0,4,Dark,Clear,Industry,Freight Train,4,58041,3800,96541,H703,30.048076999999999,-90.829601999999994
GTW,1115004,2022-09-29,7:29 AM,Derailment,0,PORT HURON,MI,50.0,2,Day,Cloudy,Main,Freight Train,28,1424393,289112,1713505,E53C,42.460963999999997,-82.996516
WC,1138254,2023-08-25,5:00 PM,Other (describe in narrative),0,GARY,IN,70.0,2,Day,Clear,Yard,Yard/switching,3,75993,223000,298993,H307,41.623438999999998,-87.387281000000002
NJTR,201704123,2017-04-02,5:50 PM,Other (describe in narrative),0,LONG BRANCH,NJ,50.0,2,Day,Clear,Main,Work train,30,11784,0,11784,H599,40.282857,-73.989811000000003
CSX,000208676,2022-12-04,10:40 AM,Hwy-rail crossing,0,NORTH BERGEN,NJ,40.0,2,Day,Clear,Industry,Freight Train,7,39538,0,39538,M303,40.796224000000002,-74.027285000000006
BNSF,RD0219115,2019-02-15,4:00 AM,Derailment,0,TULSA,OK,32.0,1,Dawn,Clear,Yard,Light loco(s),10,3000,26000,29000,H702,36.127138000000002,-96.010715000000005
KCS,22101402,2022-10-14,1:15 PM,Derailment,0,ARTESIA,MS,79.0,2,Day,Clear,Yard,Yard/switching,7,33384,6491,39875,H704,33.424256999999997,-88.622720999999999
NYA,112717,2017-11-27,1:23 PM,Derailment,0,NEW YORK -QUEENS,NY,60.0,2,Day,Clear,Yard,Yard/switching,3,14846,35000,49846,H505,40.707880000000003,-73.890046999999996
KO,IN200910,2020-09-10,1:30 PM,Derailment,0,WICHITA,KS,60.0,2,Day,Rain,Main,Freight Train,8,4000,13200,17200,E53C,37.680478999999998,-97.366522000000003
BNSF,RD0820209,2020-08-29,11:55 AM,Hwy-rail crossing,0,PAULS VALLEY,OK,100.0,2,Day,Clear,Main,Freight Train,47,2433881,130927,2564808,M302,34.709519,-97.196815999999998
BNSF,HL0717109,2017-07-20,9:35 PM,Derailment,0,HANNIBAL,MO,90.0,3,Dusk,Clear,Main,Freight Train,11,11951,1000,12951,H506,39.928423000000002,-91.436706000000001
BNSF,MT1219107,2019-12-24,10:25 AM,Derailment,0,STANLEY,ND,29.0,2,Day,Fog,Main,Freight Train,53,27500,23500,51000,E61L,48.319271000000001,-102.392715
FEC,D14022417,2017-02-24,3:30 AM,Obstruction,0,NEW SMYRNA BEACH,FL,67.0,4,Dark,Clear,Main,Freight Train,52,21929,2049,23978,M402,29.020205000000001,-80.925633000000005
CSX,000170528,2017-07-27,4:00 AM,Other impacts,0,ALBANY,NY,68.0,1,Dawn,Cloudy,Yard,Single Car,10,26530,0,47730,M407,42.565902999999999,-73.854184000000004
CSX,000169545,2017-06-10,2:31 PM,Derailment,0,GALION,OH,85.0,2,Day,Clear,Main,Freight Train,3,249477,173000,422477,H525,40.766562,-82.749584999999996
ATK,152805,2018-04-16,2:41 PM,Other (describe in narrative),0,RAHWAY,NJ,62.0,2,Day,Rain,Main,Passenger Train - Pulling,120,41498,0,41498,E78L,40.608159000000001,-74.277646000000004
NS,124425,2017-03-22,10:55 AM,Derailment,0,ELKHART,IN,30.0,2,Day,Clear,Yard,Freight Train,6,37766,6587,44353,E64L,41.67736,-85.978494999999995
CSX,000181988,2019-03-27,6:20 AM,Raking collision,0,SAUGERTIES,NY,25.0,4,Dark,Clear,Main,Freight Train,45,3116,0,27207,E89C,42.116143000000001,-73.930161999999996
NS,137546,2020-03-22,1:00 AM,Other (describe in narrative),0,CHARLOTTE,NC,52.0,4,Dark,Clear,Yard,Yard/switching,5,6205,9339,15544,H306,35.228141999999998,-80.852528000000007
BNSO,CH0124118,2024-01-15,5:02 PM,Derailment,0,CHICAGO,IL,2.0,3,Dusk,Clear,Main,Commuter Train - Pulling,5,2200,0,15366,H221,41.876038000000001,-87.639474000000007
NS,155720,2024-02-09,4:30 PM,Raking collision,0,ELKHART,IN,60.0,3,Dusk,Clear,Yard,Cut of cars,0,19764,2234,22769,M408,41.677391999999998,-85.978437
NMRX,01042016,2016-04-01,4:30 AM,Rear end collision,0,SANTO DOMINGO PUEBLO,NM,39.0,4,Dark,Cloudy,Main,Spec. MoW Equip.,12,59442,0,59442,M599,35.511364,-106.32573499999999
CSX,000215100,2023-12-15,4:09 AM,Other impacts,0,WILLARD,OH,38.0,1,Dawn,Clear,Yard,Cut of cars,1,94103,0,119721,H318,41.059877,-82.724069999999998
NS,155852,2024-02-23,12:23 PM,Other impacts,0,BELLEVUE,OH,50.0,2,Day,Cloudy,Yard,Cut of cars,0,44558,0,47392,M411,41.288395999999999,-82.797309999999996
IC,1151290,2024-06-10,4:00 PM,Other impacts,0,DECATUR,IL,75.0,2,Day,Clear,Yard,Freight Train,0,206280,0,968945,H702,39.848305000000003,-88.945335
ALS,0124AS009,2024-01-24,9:26 AM,Derailment,0,EAST ST LOUIS,IL,43.0,2,Day,Clear,Yard,Yard/switching,8,876,46217,47093,S011,38.584256000000003,-90.134056000000001
UP,0219MA051,2019-02-26,5:52 PM,Hwy-rail crossing,0,LITTLE ROCK,AR,61.0,2,Day,Cloudy,Main,Work train,34,15925,0,15925,M302,34.686138,-92.236945000000006
NS,135690,2019-10-02,10:48 AM,Other (describe in narrative),0,CLEVELAND,OH,71.0,2,Day,Cloudy,Yard,Yard/switching,6,15181,27030,42211,H607,41.428762999999996,-81.816004000000007
NJTR,202308316,2023-07-30,5:11 PM,Fire/violent rupture,0,RED BANK,NJ,80.0,2,Day,Cloudy,Main,Commuter Train - Pushing,0,27522,0,27522,E06C,40.348393000000002,-74.074620999999993
UP,0718LK002,2018-07-02,5:46 AM,Derailment,0,SHREVEPORT,LA,90.0,1,Dawn,Clear,Yard,Yard/switching,4,38024,660,38684,M409,32.447398999999997,-93.801828999999998
GTW,869813,2015-10-30,12:30 AM,Derailment,0,DURAND,MI,44.0,4,Dark,Clear,Main,Freight Train,40,275578,151993,427571,E07C,42.909593000000001,-83.983230000000006
ATK,162152,2019-12-01,6:08 AM,Other (describe in narrative),0,NEW YORK,NY,34.0,1,Dawn,Clear,Yard,Passenger Train - Pulling,0,0,50000,50000,H212,40.743163000000003,-73.922891000000007
BNSF,SW1219106,2019-12-13,3:03 PM,Side collision,0,BELEN,NM,50.0,2,Day,Clear,Yard,Yard/switching,5,222129,20000,355733,H305,34.660161000000002,-106.767077
NS,118632,2015-12-20,3:25 PM,Derailment,0,TILTON,IL,49.0,2,Day,Clear,Yard,Yard/switching,5,17200,500,17700,H399,40.095660000000002,-87.652393000000004
BNSF,SW1220101,2020-12-02,4:26 AM,Derailment,0,VADO,NM,34.0,1,Dawn,Clear,Main,Freight Train,46,1400000,415000,1815000,M503,32.116069000000003,-106.666299
UP,0721MA023,2021-07-19,10:00 AM,Derailment,0,MONROE,LA,73.0,2,Day,Rain,Yard,Freight Train,0,30935,5330,36265,E22C,32.471224999999997,-92.106301999999999
CSX,000207251,2022-09-13,10:39 PM,Derailment,0,CINCINNATI,OH,70.0,4,Dark,Clear,Yard,Yard/switching,7,79245,1024,80269,H599,39.142302000000001,-84.544118999999995
MNCW,69634,2019-03-16,5:11 AM,Rear end collision,0,NEW YORK -BRONX,NY,33.0,4,Dark,Clear,Main,Maint./inspect Car,0,0,0,50000,H607,40.826169999999998,-73.914505000000005
NS,133774,2019-04-30,4:05 PM,Other impacts,0,BALTIMORE,MD,75.0,3,Dusk,Clear,Yard,Yard/switching,7,16500,0,16500,H312,39.286565000000003,-76.559736999999998
CSX,000189868,2020-04-26,11:15 PM,Side collision,0,HAMILTON,OH,39.0,4,Dark,Clear,Yard,Light loco(s),0,6545,0,46908,H302,37.850351000000003,-84.256836000000007
MNCW,2017062718,2017-06-27,1:40 PM,Obstruction,0,DARIEN,CT,78.0,2,Day,Clear,Main,Spec. MoW Equip.,0,4000,0,58306,H999,41.077190999999999,-73.468686000000005
NS,141484,2021-05-08,8:56 AM,Other impacts,0,BELLEVUE,OH,45.0,2,Day,Clear,Yard,Yard/switching,1,9568,1050,12618,H312,41.29034,-82.788150999999999
UP,1118NP016,2018-11-11,7:20 PM,Other impacts,0,NORTH PLATTE,NE,38.0,3,Dusk,Clear,Yard,Single Car,0,100,0,30837,H307,41.143957,-100.798294
NS,142472,2021-08-08,5:15 PM,Derailment,0,CINCINNATI,OH,90.0,3,Dusk,Clear,Yard,Single Car,2,0,13336,13336,H503,39.105834000000002,-84.539912000000001
LSRC,D230603,2023-06-03,9:05 PM,Derailment,0,SAGINAW,MI,71.0,4,Dark,Cloudy,Yard,Yard/switching,4,15635,0,15635,H306,43.443151,-83.915741999999995
CSX,000181988,2019-03-27,6:20 AM,Raking collision,0,SAUGERTIES,NY,25.0,4,Dark,Clear,Main,Freight Train,35,24091,0,27207,E89C,42.116143000000001,-73.930161999999996
PATH,I02042019,2019-02-04,7:15 PM,Other impacts,0,HARRISON,NJ,45.0,4,Dark,Clear,Yard,EMU,4,14053,0,14053,H399,40.740000000000002,-74.150000000000006
BNSF,SW1018108,2018-10-15,12:02 PM,Derailment,0,ALBUQUERQUE,NM,50.0,2,Day,Clear,Yard,Yard/switching,4,10501,19800,30301,H607,35.055821999999999,-106.65268500000001
CSX,000164591,2016-11-24,11:00 AM,Derailment,0,HAMLET,NC,58.0,2,Day,Clear,Main,Freight Train,19,235076,188,235264,E00C,34.876493000000004,-79.685490999999999
ATK,147618,2017-05-23,2:15 PM,Hwy-rail crossing,0,ALBANY,OR,82.0,2,Day,Clear,Main,Passenger Train - Pulling,79,24044,0,24308,M302,44.577615000000002,-123.108357
BNSF,CH0816115,2016-08-21,4:35 PM,Derailment,0,GALESBURG,IL,76.0,2,Day,Clear,Yard,Yard/switching,5,10600,15802,26402,M599,40.899706000000002,-90.387777
CSX,000193674,2020-11-07,10:27 AM,Side collision,0,INDIANAPOLIS,IN,65.0,2,Day,Clear,Yard,Yard/switching,7,51801,1000,58390,H607,39.759791,-86.327526000000006
MNCW,2015012411,2015-01-24,6:20 AM,Other (describe in narrative),0,RYE,NY,32.0,1,Dawn,Clear,Main,Commuter Train - Pulling,60,11500,200,11700,M404,40.985424999999999,-73.684415000000001
FEC,X10031018,2018-03-10,8:05 PM,Hwy-rail crossing,0,DEERFIELD BEACH,FL,75.0,4,Dark,Rain,Main,,0,0,200,21012,M303,26.304832999999999,-80.105029000000002
BNSF,SF0516100,2016-05-02,7:30 PM,Other impacts,0,TULSA,OK,55.0,3,Dusk,Clear,Yard,Yard/switching,0,1100,0,10700,M408,36.122692999999998,-96.011908000000005
NS,156602,2024-05-05,3:30 PM,Other impacts,0,MACON,GA,82.0,2,Day,Clear,Yard,Cut of cars,10,11600,0,37244,M411,32.81373,-83.622793999999999
NS,154642,2023-10-29,7:36 AM,Derailment,0,PIERRON,IL,39.0,1,Dawn,Cloudy,Main,Freight Train,44,2980,0,40363,E53C,38.778151000000001,-89.294026000000002
NS,119287,2016-02-09,12:01 AM,Other impacts,0,LEXINGTON,NC,29.0,4,Dark,Clear,Yard,Yard/switching,7,20650,0,20650,H601,35.750594,-80.318288999999993
BRC,14241,2019-03-04,5:35 PM,Derailment,0,BEDFORD PARK,IL,9.0,2,Day,Clear,Yard,Yard/switching,7,23810,11050,34860,M410,41.767991000000002,-87.777286000000004
NS,142200,2021-07-11,6:00 PM,Other impacts,0,NEW ORLEANS,LA,72.0,3,Dusk,Rain,Yard,Single Car,0,63000,0,126000,H312,29.975954000000002,-90.044582000000005
BNSF,CH0720110,2020-07-14,4:00 PM,Rear end collision,0,ORRICK,MO,92.0,2,Day,Clear,Main,Spec. MoW Equip.,0,187500,0,375000,H997,39.191445999999999,-94.137935999999996
UP,0320GL021,2020-03-24,3:58 PM,Derailment,0,SOUTH ST PAUL,MN,50.0,2,Day,Cloudy,Yard,Freight Train,3,29267,4049,33316,H702,44.912891999999999,-93.052160999999998
CP,1000449873,2016-08-06,1:00 PM,Obstruction,0,ROUSES POINT,NY,80.0,2,Day,Clear,Main,,0,0,0,12660,M503,44.882973,-73.455177000000006
CSX,000167261,2017-03-07,3:11 PM,Hwy-rail crossing,0,NEWBURGH,NY,52.0,2,Day,Cloudy,Main,Freight Train,31,563100,145087,1888187,M303,41.489400000000003,-74.009237999999996
BNSF,HL0117113,2017-01-16,9:19 PM,Derailment,0,OMAHA,NE,33.0,4,Dark,Rain,Yard,Cut of cars,0,29700,0,30950,H318,41.217914,-95.927959000000001
UP,0418ST004,2018-04-08,1:31 PM,Fire/violent rupture,0,LORDSBURG,NM,82.0,2,Day,Cloudy,Main,Freight Train,30,70100,0,70100,E74L,32.229818000000002,-108.992504
WE,210053NL,2021-08-13,8:55 AM,Side collision,0,CAREY,OH,80.0,2,Day,Clear,Yard,Yard/switching,9,200000,0,275720,H210,40.956404999999997,-83.344251999999997
MNCW,68416,2018-09-05,9:15 PM,Obstruction,0,NEW YORK -BRONX,NY,76.0,4,Dark,Clear,Yard,Spec. MoW Equip.,3,0,0,18000,H607,40.838115000000002,-73.930605
CSX,000165410,2016-12-22,12:30 PM,Derailment,0,WALBRIDGE,OH,36.0,2,Day,Clear,Yard,Yard/switching,5,98761,2546,101307,E34C,41.589264,-83.496701999999999
NS,144100,2022-01-21,1:35 PM,Other (describe in narrative),0,TOLEDO,OH,24.0,2,Day,Clear,Yard,Freight Train,10,1800,15465,17265,H704,41.633384,-83.610911000000002
CSX,000172938,2017-11-15,10:27 PM,Derailment,0,BIRMINGHAM,AL,65.0,4,Dark,Clear,Yard,Yard/switching,6,39106,25968,65074,M409,33.543607000000002,-86.790088999999995
CWRO,202376,2023-09-11,2:53 AM,Derailment,0,CLEVELAND,OH,67.0,4,Dark,Clear,Industry,Yard/switching,10,5000,36000,41000,H503,41.466135000000001,-81.676755999999997
BNSF,CH0418106,2018-04-06,8:00 PM,Other impacts,0,THOMSON,IL,30.0,3,Dusk,Clear,Industry,Cut of cars,4,16609,0,16609,H022,41.999467000000003,-90.108204999999998
GNBC,G12062014,2014-12-06,11:16 AM,Hwy-rail crossing,0,EAGLE CITY,OK,40.0,2,Day,Fog,Main,Freight Train,21,92000,0,92000,M302,35.860779000000001,-98.621713
MNCW,74145,2021-02-21,1:30 AM,Other impacts,0,CROTON ON HUDSON,NY,25.0,4,Dark,Clear,Yard,DMU,0,0,0,26060,E31C,41.19247,-73.885525999999999
IC,1047373,2020-09-07,12:15 PM,Derailment,0,CLINTON,IL,75.0,2,Day,Cloudy,Industry,Yard/switching,6,2541,16414,18955,H303,40.154907999999999,-88.956692000000004
CP,1000999769,2019-05-26,12:30 AM,Derailment,0,HARRIS,MO,65.0,4,Dark,Rain,Main,Freight Train,35,134428,41123,175551,M103,40.239763000000004,-93.340067000000005
CSX,000208965,2022-12-24,1:45 AM,Derailment,0,NORTH GRAFTON,MA,15.0,4,Dark,Clear,Yard,Freight Train,0,1006900,0,1028374,H303,42.239795999999998,-71.712890999999999
BRC,14328,2019-12-26,1:30 PM,Raking collision,0,CHICAGO,IL,50.0,2,Day,Clear,Industry,Yard/switching,0,14816,0,29632,H302,41.837659000000002,-87.738640000000004
BNSF,RD0319112,2019-03-14,2:21 AM,Derailment,0,TULSA,OK,42.0,4,Dark,Cloudy,Yard,Yard/switching,7,24982,4200,29182,H507,36.131436999999998,-96.010071999999994
BNSF,SW1222108,2022-12-20,10:20 PM,Derailment,0,ARTESIA,NM,40.0,4,Dark,Clear,Siding,Freight Train,3,36000,3000,39000,H303,32.931449999999998,-104.386894
BNSF,RD0520104,2020-05-04,8:03 PM,Derailment,0,ENID,OK,85.0,3,Dusk,Clear,Yard,Yard/switching,5,6075,24800,32900,H307,36.412427999999998,-97.852114999999998
ATK,174638,2023-05-05,12:41 PM,Hwy-rail crossing,0,SANDERSVILLE,MS,76.0,2,Day,Clear,Main,Passenger Train - Pulling,76,400,0,400,M303,31.786524,-89.034465999999995
UP,1122GP009,2022-11-08,10:15 PM,Derailment,0,LEXINGTON,NE,65.0,4,Dark,Clear,Main,Freight Train,50,11460,423000,434460,E53C,40.783630000000002,-99.777158999999997
CSX,000143227,2015-03-18,11:30 AM,Derailment,0,WALBRIDGE,OH,45.0,2,Day,Clear,Yard,Freight Train,7,4013,38474,42487,T220,41.589331000000001,-83.531707999999995
CSX,000176020,2018-04-18,6:09 AM,Other impacts,0,SELKIRK,NY,36.0,4,Dark,Cloudy,Yard,Single Car,0,28600,0,28650,E46C,42.565902999999999,-73.854184000000004
BNSF,RD1023209,2023-10-30,5:09 PM,Hwy-rail crossing,0,ADA,OK,46.0,3,Dusk,Clear,Main,Freight Train,40,19087,0,19087,M302,34.781621000000001,-96.670002999999994