reportingrailroadcode,accidentnumber,date,time,accidenttype,hazmatreleasedcars,station,stateabbr,temperature,visibility_code,visibility,weathercondition,tracktype,equipmenttype,trainspeed,equipmentdamagecost,trackdamagecost,totaldamagecost,primaryaccidentcausecode,latitude,longitude
NS,152614,2023-03-22,7:19 AM,Other (describe in narrative),0,CINCINNATI,OH,45.0,1,Dawn,Rain,Yard,Freight Train,5,6620,10790,17410,H702,39.110447999999998,-84.540813
BNSF,RD1016103,2016-10-19,2:50 AM,Derailment,0,KIEFER,OK,80.0,4,Dark,Clear,Main,Freight Train,55,33931,45000,78931,E33C,35.881101000000001,-96.061261000000002
ATK,165612,2020-10-12,6:53 AM,Obstruction,0,HALIFAX,NC,72.0,2,Day,Cloudy,Main,Passenger Train - Pulling,69,20882,0,20882,M404,36.301338000000001,-77.604812999999993
UP,0724GP002,2024-07-03,4:30 AM,Other impacts,0,NORTH PLATTE,NE,57.0,1,Dawn,Clear,Yard,Cut of cars,6,13498,0,18522,E06C,41.15213,-100.82503199999999
CRSH,146772,2023-07-24,12:45 AM,Other impacts,0,DETROIT,MI,72.0,4,Dark,Clear,Yard,Yard/switching,5,4325,0,36609,H318,42.402191000000002,-83.041073999999995
BRC,13784,2016-11-02,1:10 PM,Other impacts,0,BEDFORD PARK,IL,65.0,2,Day,Cloudy,Yard,Yard/switching,4,15367,0,15367,E09C,41.768258000000003,-87.755612999999997
NS,145481,2022-06-07,11:30 PM,Other (describe in narrative),0,PAW CREEK,NC,70.0,4,Dark,Clear,Yard,Yard/switching,3,22000,62102,84102,H702,35.230224,-80.967472000000001
BNSF,RD0123116,2023-01-23,9:04 AM,Derailment,0,ENID,OK,35.0,2,Day,Clear,Yard,Freight Train,6,550604,109000,659604,M505,36.420851999999996,-97.854619999999997
NIRC,2020071986,2020-10-12,6:18 PM,Side collision,0,UNIVERSITY PARK,IL,50.0,4,Dark,Clear,Yard,EMU,0,63059,0,337630,H399,41.436934999999998,-87.733542
UP,0318PD033,2018-03-24,4:40 AM,Derailment,0,STANFIELD,OR,38.0,4,Dark,Clear,Yard,Yard/switching,3,113783,8692,122475,H308,45.794941999999999,-119.258568
CRSH,146801,2023-10-16,8:15 AM,Other impacts,0,DETROIT,MI,50.0,2,Day,Clear,Main,Freight Train,5,21206,0,49750,M501,42.384461000000002,-83.033670999999998
NS,151443,2022-11-05,10:36 PM,Obstruction,0,STEUBENVILLE,OH,56.0,4,Dark,Clear,Main,Freight Train,34,1269303,320000,1589303,M404,40.431083000000001,-80.614980000000003
NS,123403,2017-01-03,8:45 PM,Derailment,0,CINCINNATI,OH,72.0,4,Dark,Rain,Yard,Yard/switching,4,14020,0,16634,H702,39.141446000000002,-84.544144000000003
ATK,170819,2022-05-30,8:56 PM,Hwy-rail crossing,0,INKSTER,MI,83.0,3,Dusk,Clear,Main,Passenger Train - Pulling,78,16519,0,16519,M308,42.292569,-83.300173999999998
UP,0321PN004,2021-03-07,10:30 PM,Other impacts,0,STANFIELD,OR,42.0,4,Dark,Cloudy,Yard,Single Car,0,44331,0,78408,H312,45.795938999999997,-119.2633
CSX,000199787,2021-08-31,12:35 AM,Other impacts,0,INDIANAPOLIS,IN,72.0,4,Dark,Clear,Yard,Cut of cars,1,6873,0,132991,H020,39.762937999999998,-86.106987000000004
ATK,160161,2019-07-19,11:40 AM,Other (describe in narrative),0,NEW YORK,NY,90.0,2,Day,Clear,Yard,Light loco(s),10,27364,0,27364,H399,40.739823999999999,-73.935415000000006
PATH,I01112018,2018-01-11,7:59 PM,Other impacts,0,JERSEY CITY,NJ,44.0,4,Dark,Rain,Yard,Yard/switching,9,321978,0,321978,H222,40.724955999999999,-74.055251999999996
IAIS,2022017,2022-05-13,7:20 AM,Hwy-rail crossing,0,DURANT,IA,69.0,1,Dawn,Clear,Main,Freight Train,34,75000,0,75000,M308,41.598267,-90.899814000000006
LI,68134,2018-06-22,2:10 PM,Other impacts,0,RICHMOND HILL,NY,69.0,2,Day,Clear,Yard,Yard/switching,5,28142,500,43991,H307,40.697333999999998,-73.823729
BNSF,KS1216100,2016-12-01,3:00 PM,Derailment,0,NEWTON,KS,49.0,2,Day,Clear,Yard,Freight Train,6,58359,358650,417009,H503,38.023778,-97.379407
NS,146193,2022-08-15,7:39 AM,Hwy-rail crossing,0,CANAL FULTON,OH,72.0,1,Dawn,Clear,Main,Freight Train,45,860927,189395,1050322,M308,40.838099999999997,-81.599817000000002
UP,0824GP003,2024-08-03,3:00 PM,Derailment,0,NORTH PLATTE,NE,95.0,2,Day,Clear,Yard,Yard/switching,7,560,26595,27155,H704,41.143948999999999,-100.795428
CSX,000139496,2015-01-02,8:36 PM,Obstruction,0,MARIETTA,OH,28.0,4,Dark,Clear,Main,Freight Train,24,38897,150,39047,M402,39.358350000000002,-81.547278000000006
CSX,000176897,2018-06-09,6:40 PM,Derailment,0,EAST SYRACUSE,NY,70.0,3,Dusk,Clear,Yard,Yard/switching,7,160798,9531,170329,E35C,43.067112000000002,-76.048421000000005
NS,131247,2018-10-08,9:30 PM,Derailment,0,CHICAGO,IL,72.0,4,Dark,Clear,Yard,Yard/switching,5,7762,3005,10767,M404,0.0,0.0
BNSF,HL0720117,2020-07-27,1:30 AM,Derailment,0,QUAPAW,OK,78.0,4,Dark,Clear,Main,Freight Train,41,11547,200,11747,E34C,36.989342000000001,-94.760686000000007
LI,75638,2021-09-29,12:01 AM,Derailment,0,JAMAICA,NY,57.0,4,Dark,Cloudy,Yard,EMU,7,169726,0,169726,H307,40.707441000000003,-73.776330000000002
UP,0216SL001,2016-02-06,4:27 AM,Derailment,0,TUSCOLA,IL,37.0,4,Dark,Clear,Siding,Freight Train,27,4830,28530,33360,M507,39.798769999999998,-88.281661999999997
ATK,178030,2024-01-15,5:02 PM,Derailment,0,CHICAGO,IL,2.0,3,Dusk,Clear,Main,,0,0,13166,15366,H221,41.876038000000001,-87.639474000000007
BNSF,CH0415111,2015-04-30,1:00 AM,Derailment,0,SIBLEY,MO,52.0,4,Dark,Clear,Industry,Freight Train,3,13460,0,13460,H503,39.175998999999997,-94.186037999999996
UP,0815PD002,2015-08-06,3:25 AM,Fire/violent rupture,0,TELOCASET,OR,55.0,4,Dark,Clear,Main,Freight Train,35,265503,0,265503,E79L,45.097102999999997,-117.819664
UP,0424HL037,2024-04-28,12:35 AM,Obstruction,0,UNITY VILLAGE,MO,62.0,4,Dark,Rain,Main,Freight Train,46,1248817,104074,1352891,M101,38.958710000000004,-94.400976
INRD,644211,2015-11-19,7:40 AM,Derailment,0,INDIANAPOLIS,IN,40.0,1,Dawn,Clear,Industry,Yard/switching,7,4000,18000,22000,H303,39.714910000000003,-86.177319999999995
UP,1023GC027,2023-10-21,4:43 PM,Other impacts,0,MARINGOUIN,LA,89.0,2,Day,Clear,Yard,Yard/switching,4,573,0,42488,M411,30.527479,-91.556528999999998
UP,0122PR011,2022-01-15,8:51 PM,Other (describe in narrative),0,MELROSE PARK,IL,23.0,4,Dark,Cloudy,Yard,Single Car,0,52329,0,52329,M406,41.894841999999997,-87.897540000000006
UP,0717PR021,2017-07-12,12:00 PM,Other (describe in narrative),0,BERKELEY,IL,75.0,2,Day,Clear,Yard,Cut of cars,0,24082,0,24082,M411,41.900159000000002,-87.911359000000004
NS,143267,2021-10-24,5:25 PM,Other impacts,0,BELLEVUE,OH,72.0,3,Dusk,Rain,Yard,Yard/switching,10,33519,700,34219,M411,41.289043999999997,-82.794257000000002
IHB,2613,2020-07-05,4:15 PM,Derailment,0,RIVERDALE,IL,88.0,2,Day,Clear,Yard,Yard/switching,9,101300,1500,102800,T217,41.639654999999998,-87.659383000000005
BNSF,RD0124202,2024-01-12,6:13 AM,Hwy-rail crossing,0,ADA,OK,23.0,1,Dawn,Clear,Main,Freight Train,28,15500,0,15500,M302,34.781621000000001,-96.670002999999994
ATK,141657,2016-01-20,4:30 PM,Fire/violent rupture,0,PORTLAND,OR,49.0,2,Day,Cloudy,Yard,Passenger Train - Pulling,0,500000,0,500000,M406,45.529091000000001,-122.67622799999999
NS,123714,2017-01-26,11:40 AM,Other impacts,0,AMHERST,OH,36.0,2,Day,Rain,Yard,Freight Train,1,9,0,40009,M599,41.405800999999997,-82.271137999999993
UP,0223ES016,2023-02-09,9:30 AM,Derailment,0,KIOWA,OK,39.0,2,Day,Clear,Siding,Cut of cars,10,30159,3800,33959,H021,34.720122000000003,-95.906970999999999
UP,0922HL006,2022-09-02,3:30 PM,Other impacts,0,GUYMON,OK,95.0,2,Day,Clear,Main,Freight Train,3,0,99,21268,H302,36.678170999999999,-101.484409
BRC,13670,2015-12-25,12:38 PM,Derailment,0,BEDFORD PARK,IL,35.0,2,Day,Clear,Yard,,0,0,900,16179,H702,41.760340999999997,-87.715590000000006
NS,137947,2020-05-14,2:25 AM,Derailment,0,DEPEW,NY,40.0,4,Dark,Clear,Yard,Yard/switching,4,8901,4000,12901,H506,42.904361000000002,-78.725306000000003
WE,220046,2022-06-27,9:35 PM,Derailment,0,CAREY,OH,75.0,3,Dusk,Clear,Main,Freight Train,6,36761,0,36761,T221,40.956249,-83.364011000000005
BNSF,CH0520108,2020-05-24,8:15 AM,Derailment,0,CHICAGO,IL,72.0,1,Dawn,Clear,Yard,Light loco(s),5,36000,5000,41000,H704,41.819842999999999,-87.717740000000006
MNCW,2019131,2019-08-26,7:22 PM,Other impacts,0,CROTON ON HUDSON,NY,62.0,3,Dusk,Clear,Yard,Yard/switching,3,7716,0,15581,E29C,41.192472000000002,-73.885570999999999
LSRC,D230721,2023-07-21,1:05 PM,Derailment,0,KAWKAWLIN,MI,78.0,2,Day,Clear,Main,Freight Train,10,62327,0,144978,M405,43.651839000000002,-83.941647000000003
CSX,000179141,2018-10-05,10:15 PM,Raking collision,0,NORTH BALTIMORE,OH,61.0,4,Dark,Cloudy,Yard,Light loco(s),5,21316,0,21412,H306,41.182015999999997,-83.684342000000001
MNCW,72767,2020-08-08,1:45 PM,Obstruction,0,PATTERSON,NY,78.0,2,Day,Cloudy,Main,Spec. MoW Equip.,10,3495,0,23495,H607,41.484690999999998,-73.610990999999999
BNSF,KS0219201,2019-02-12,2:45 AM,Hwy-rail crossing,0,PEABODY,KS,30.0,4,Dark,Clear,Main,,0,0,250,27385,M302,38.188172000000002,-97.045126999999994
ATK,147341,2017-05-05,1:38 AM,Hwy-rail crossing,0,CHINA GROVE,NC,65.0,4,Dark,Rain,Main,Passenger Train - Pulling,79,25370,0,25370,M302,35.601677000000002,-80.542278999999994
CSX,000156961,2016-02-09,9:54 AM,Other impacts,0,MARYSVILLE,OH,25.0,2,Day,Snow,Industry,Freight Train,35,459860,0,648905,M501,40.201847999999998,-83.316180000000003
UP,1121HL003,2021-11-09,12:45 PM,Derailment,0,COFFEYVILLE,KS,68.0,2,Day,Cloudy,Main,Freight Train,2,71678,600,72278,H505,37.032969999999999,-95.653480999999999
NS,122805,2016-11-18,10:30 AM,Hwy-rail crossing,0,MAPLESVILLE,AL,72.0,2,Day,Clear,Main,Freight Train,40,11995,194,12189,M308,32.793036999999998,-86.870914999999997
NS,142553,2021-08-16,7:16 PM,Derailment,0,OSSIAN,IN,72.0,3,Dusk,Clear,Main,Freight Train,56,26835,27790,54625,E4TC,40.875706999999998,-85.177302999999995
UP,0320ES017,2020-03-09,1:39 PM,Obstruction,0,GASCONADE,MO,59.0,2,Day,Rain,Main,Maint./inspect Car,3,14501,450,14951,H997,38.672859000000003,-91.546553000000003
NS,124877,2017-05-01,12:25 AM,Derailment,0,PORT DICKINSON,NY,56.0,4,Dark,Clear,Yard,Yard/switching,5,25600,71138,96738,H504,42.098658999999998,-75.856665000000007
CSX,000208859,2022-12-16,8:39 AM,Hwy-rail crossing,0,ATLANTA,GA,43.0,2,Day,Clear,Main,Light loco(s),30,9182,2712,11894,M302,33.622771999999998,-84.489575000000002
BNSO,CH1115105,2015-11-13,8:32 AM,Derailment,0,CHICAGO,IL,47.0,1,Dawn,Clear,Yard,Passenger Train - Pulling,0,130000,0,180500,H307,41.871896999999997,-87.638174000000006
UP,1018SL001,2018-10-02,11:35 AM,Hwy-rail crossing,0,GORHAM,IL,85.0,2,Day,Clear,Main,Freight Train,12,14096,1458,15554,M308,37.750244000000002,-89.450839999999999
UP,1021GP043,2021-10-27,5:30 PM,Other impacts,0,NORTH PLATTE,NE,60.0,2,Day,Clear,Yard,Yard/switching,0,11810,0,244485,M411,41.149572999999997,-100.808944
NS,141976,2021-06-23,11:35 PM,Other impacts,0,NEW BOSTON,OH,55.0,4,Dark,Clear,Yard,Yard/switching,9,33,0,40016,H018,38.745812999999998,-82.940280999999999
BNSF,RD0923103,2023-09-03,8:45 AM,Other (describe in narrative),0,TULSA,OK,79.0,1,Dawn,Clear,Yard,Yard/switching,3,1509,0,11509,M408,36.123520999999997,-96.01155
MNCW,80153,2023-07-08,11:53 AM,Obstruction,0,NEW YORK -BRONX,NY,85.0,2,Day,Clear,Main,EMU,3,16082,0,16082,M402,40.819893999999998,-73.924676000000005
CSX,000191361,2020-07-15,1:45 PM,Derailment,0,EAST SYRACUSE,NY,85.0,2,Day,Clear,Yard,Freight Train,11,56062,500,56562,E64C,43.067112000000002,-76.048421000000005
BNSF,CH0221106,2021-02-06,9:24 PM,Derailment,0,ELWOOD,IL,-8.0,4,Dark,Snow,Yard,Yard/switching,5,23313,0,23313,M101,41.378439999999998,-88.157304999999994
NICD,N2300011,2023-08-06,10:30 AM,Other (describe in narrative),0,GARY,IN,72.0,2,Day,Clear,Main,Cut of cars,0,75875,37052,112927,H599,41.602651999999999,-87.328868999999997
MBTA,YR202191,2021-11-10,6:14 PM,Fire/violent rupture,0,CONCORD,MA,52.0,4,Dark,Clear,Main,Passenger Train - Pulling,0,12830,0,12830,M399,42.456921999999999,-71.394015999999993
UP,0716WH001,2016-07-03,10:15 PM,Obstruction,0,BRAGGS,OK,90.0,4,Dark,Rain,Main,Freight Train,35,17329,0,17329,M404,35.661544999999997,-95.196691999999999
UP,0815PR001,2015-08-01,11:10 AM,Derailment,0,SOUTH HOLLAND,IL,85.0,2,Day,Clear,Yard,Yard/switching,5,36109,496,36605,E60L,41.621876,-87.611423000000002
CSX,000173631,2017-12-24,8:20 PM,Derailment,0,ALBANY,NY,34.0,4,Dark,Cloudy,Yard,Yard/switching,5,91095,29568,120663,E04C,42.565902999999999,-73.854184000000004
NS,153067,2023-05-11,5:20 PM,Derailment,0,MILLEN,GA,81.0,3,Dusk,Clear,Yard,Freight Train,4,66927,7213,74140,H701,32.800688000000001,-81.94914
NS,154825,2023-04-29,3:13 AM,Hwy-rail crossing,0,CAMDEN,OH,46.0,4,Dark,Cloudy,Main,Freight Train,50,1000,15000,16000,M308,39.646684999999998,-84.632228999999995
UP,0319HL028,2019-03-22,9:10 PM,Other impacts,0,KANSAS CITY,KS,54.0,4,Dark,Cloudy,Yard,Yard/switching,6,21318,600,22018,H312,39.097709999999999,-94.667747000000006
CSX,000165924,2017-01-12,12:50 PM,Derailment,0,HAMLET,NC,60.0,2,Day,Clear,Yard,Yard/switching,2,51702,4699,56401,E67C,34.925491000000001,-79.646586999999997
CSX,000167465,2017-03-14,10:05 AM,Derailment,0,SMITHFIELD,NC,54.0,2,Day,Rain,Main,Freight Train,41,34112,2256,36368,E32C,35.512504999999997,-78.324842000000004
FEC,D41091918,2018-09-19,6:54 AM,Obstruction,0,HALLANDALE,FL,75.0,1,Dawn,Clear,Main,,0,0,113,31497,M402,25.997253000000001,-80.148381999999998
ATK,150119,2017-10-22,11:20 PM,Other impacts,0,BOSTON,MA,62.0,4,Dark,Fog,Yard,Light loco(s),0,21673,0,25672,H522,42.331417999999999,-71.060254
ATK,162161,2019-12-02,5:35 AM,Side collision,0,RENSSELAER,NY,28.0,4,Dark,Snow,Yard,Yard/switching,0,7321,0,12658,H212,42.641249999999999,-73.741186999999996
UP,0516PC004,2016-05-25,9:20 AM,Derailment,0,NAMPA,ID,61.0,2,Day,Cloudy,Yard,Freight Train,8,43453,143634,187970,M405,43.561995000000003,-116.532532
NS,138744,2020-08-04,7:00 AM,Other impacts,0,BELLEVUE,OH,72.0,1,Dawn,Rain,Yard,Single Car,0,115636,0,165636,H312,41.292310000000001,-82.784211999999997
BNSF,SW1215102,2015-12-26,8:00 PM,Derailment,0,TOLAR,NM,27.0,3,Dusk,Snow,Main,Freight Train,0,326445,60000,386445,M105,34.450135000000003,-103.94211900000001
UP,0219ST002,2019-02-02,5:15 PM,Derailment,0,LORDSBURG,NM,61.0,2,Day,Cloudy,Main,Freight Train,48,14206,194528,208734,E39C,32.336596,-108.798331
CSX,000217097,2024-03-29,1:30 AM,Side collision,0,WAYCROSS,GA,54.0,4,Dark,Clear,Yard,Cut of cars,0,300,0,53704,H602,31.213508999999998,-82.353556999999995
CRSH,135824,2019-10-10,3:15 PM,Other (describe in narrative),0,NEWARK,NJ,70.0,2,Day,Clear,Yard,Cut of cars,2,19214,0,19214,M407,40.707790000000003,-74.136092000000005
MRL,2016055,2016-05-12,9:50 AM,Derailment,0,LAUREL,MT,62.0,2,Day,Clear,Yard,Yard/switching,4,65000,0,65000,H318,45.679766999999998,-108.723203
IHB,2109,2015-06-08,10:45 AM,Derailment,0,EAST CHICAGO,IN,71.0,2,Day,Clear,Yard,Yard/switching,4,14182,8870,23052,H312,41.639327999999999,-87.458843000000002
IORY,IOR305820D,2020-01-15,4:45 PM,Derailment,0,QUINCY,OH,46.0,2,Day,Rain,Main,Freight Train,20,4282,86448,90730,E53C,40.296546999999997,-83.971169000000003
UP,0915TC017,2015-09-28,5:20 PM,Hwy-rail crossing,0,MADELIA,MN,83.0,2,Day,Clear,Main,Freight Train,46,40356,800,41156,M304,44.064864999999998,-94.389799999999994
CSX,000168585,2017-04-29,2:27 AM,Side collision,0,BIRMINGHAM,AL,75.0,4,Dark,Clear,Yard,Yard/switching,0,3000,0,13000,H607,33.543607000000002,-86.790090000000006
NS,122062,2016-09-14,11:55 AM,Derailment,0,BROOK PARK,OH,68.0,2,Day,Cloudy,Yard,Yard/switching,2,93339,0,93339,H318,41.423470999999999,-81.807458999999994
BNSF,RD0622125,2022-06-27,2:18 PM,Derailment,0,TULSA,OK,87.0,2,Day,Clear,Yard,Yard/switching,4,11250,14000,25250,H607,36.125548000000002,-96.011492000000004
UP,0724GP005,2024-07-07,1:09 AM,Derailment,0,GIBBON,NE,56.0,4,Dark,Clear,Main,Freight Train,40,632537,327743,960280,T221,40.748733999999999,-98.848097999999993
BNSF,CH0116113,2016-01-25,6:30 AM,Derailment,0,GALESBURG,IL,30.0,1,Dawn,Clear,Main,Freight Train,10,236312,402837,639149,E71L,40.938941,-90.361389000000003
NS,139999,2020-12-13,5:20 AM,Other impacts,0,BELLEVUE,OH,28.0,1,Dawn,Clear,Yard,Single Car,0,800,0,36124,H312,41.289406999999997,-82.792542999999995
NS,144983,2022-04-14,10:45 PM,Other impacts,0,CORINTH,MS,49.0,4,Dark,Clear,Yard,,0,0,92822,92822,H312,34.939615000000003,-88.511966000000001
CSX,000214346,2023-11-02,9:30 AM,Derailment,0,ROMULUS,MI,45.0,2,Day,Clear,Main,Freight Train,39,454204,46105,500309,E62C,42.238602999999998,-83.395837999999998
UP,0218LK007,2018-02-03,2:20 PM,Other impacts,0,SHREVEPORT,LA,64.0,2,Day,Cloudy,Yard,Cut of cars,2,2614,0,47925,H020,32.424774999999997,-93.889393999999996
UP,1219MA041,2019-12-19,9:40 PM,Hwy-rail crossing,0,CAHOKIA,IL,32.0,4,Dark,Clear,Main,Freight Train,15,0,19200,19200,M308,38.570340000000002,-90.175162999999998
CMR,08142019,2019-08-14,3:00 PM,Derailment,0,ST ALBANS,MO,90.0,2,Day,Clear,Main,Freight Train,10,0,13110,13110,H503,38.23433,-91.080708999999999
UP,0617LV005,2017-06-04,4:20 AM,Other impacts,0,SHREVEPORT,LA,80.0,4,Dark,Clear,Yard,Cut of cars,0,24038,0,55197,H306,32.366487999999997,-93.643587999999994
WNYP,W2019026,2019-10-10,7:50 AM,Obstruction,0,OLEAN,NY,50.0,1,Dawn,Fog,Yard,Yard/switching,2,43000,0,118000,H607,42.082917999999999,-78.482533000000004
UP,0216PR017,2016-02-19,10:45 AM,Hwy-rail crossing,0,JOLIET,IL,61.0,2,Day,Clear,Main,,0,0,0,61000,M308,41.480524000000003,-88.090083000000007
GTW,1079509,2021-08-11,3:30 PM,Derailment,0,WOODHAVEN,MI,80.0,2,Day,Rain,Yard,Yard/switching,4,0,0,48264,M105,42.120386000000003,-83.248103
BNSF,HL0819107,2019-08-07,3:10 PM,Side collision,0,KANSAS CITY,MO,81.0,2,Day,Clear,Yard,Spec. MoW Equip.,5,15000,0,15790,H997,39.118583999999998,-94.589580999999995
CSX,000206782,2022-08-20,1:25 AM,Other impacts,0,CINCINNATI,OH,70.0,4,Dark,Clear,Yard,Single Car,0,0,0,28086,M204,39.137604000000003,-84.543604000000002
KCS,18101001,2018-10-10,1:36 PM,Hwy-rail crossing,0,DELHI,LA,70.0,2,Day,Cloudy,Main,Freight Train,48,8164,23128,31292,M304,32.445250000000001,-91.410290000000003
BNSF,SW1218104,2018-12-08,2:26 PM,Head on collision,0,BELEN,NM,53.0,2,Day,Clear,Yard,Freight Train,21,315094,20000,401094,H221,34.661608000000001,-106.766901
UP,0121PN036,2021-01-25,8:05 PM,Derailment,0,STANFIELD,OR,35.0,4,Dark,Cloudy,Yard,Yard/switching,8,43557,6684,50241,E34C,45.794536000000001,-119.25399899999999
NJTR,201703090,2017-03-06,4:26 PM,Derailment,0,KEARNY,NJ,38.0,2,Day,Clear,Yard,Yard/switching,3,24000,15780,39780,T222,40.744238000000003,-74.109746000000001
NS,130787,2018-08-31,11:30 PM,Other (describe in narrative),0,PAINTED POST,NY,72.0,4,Dark,Clear,Yard,Single Car,0,2817,0,145510,H702,42.147629000000002,-77.106746000000001
BNSF,RD0119117,2019-01-15,6:40 AM,Derailment,0,OKLAHOMA CITY,OK,40.0,1,Dawn,Cloudy,Yard,Yard/switching,3,384,162753,163137,S006,35.373690000000003,-97.483067000000005
IC,1146158,2024-03-09,10:47 AM,Fire/violent rupture,0,YAZOO CITY,MS,56.0,2,Day,Cloudy,Main,Maint./inspect Car,5,269176,0,269176,M599,32.837299999999999,-90.428604000000007
CP,1000198977,2015-04-14,5:40 AM,Derailment,0,KANSAS CITY,MO,51.0,4,Dark,Clear,Yard,Yard/switching,5,20000,0,21303,E39C,39.128967000000003,-94.521589000000006
NS,142683,2021-08-28,6:15 AM,Other (describe in narrative),0,DANVILLE,KY,72.0,1,Dawn,Clear,Yard,Single Car,0,966,23633,85235,H702,37.641092,-84.783207000000004
CSX,000175871,2018-04-10,7:35 PM,Other impacts,0,SELKIRK,NY,43.0,3,Dusk,Cloudy,Yard,Cut of cars,5,4697,0,19989,M101,42.565902999999999,-73.854184000000004
CSX,000204452,2022-04-23,7:00 AM,Derailment,0,WALBRIDGE,OH,55.0,1,Dawn,Clear,Yard,Yard/switching,4,40576,1000,41576,H702,41.589911000000001,-83.496928999999994
CP,1000809525,2018-05-04,9:25 PM,Obstruction,0,BALLSTON SPA,NY,50.0,4,Dark,Rain,Main,,0,0,0,10910,M404,42.992046000000002,-73.841975000000005
WC,851301,2015-05-27,12:40 AM,Other (describe in narrative),0,INTERNATIONAL FALLS,MN,55.0,4,Dark,Clear,Main,Freight Train,0,240199,3231596,3471795,M406,48.495987999999997,-93.334102999999999
CSX,000146308,2015-05-16,9:45 PM,Derailment,0,AVON,IN,70.0,4,Dark,Clear,Yard,Yard/switching,7,36484,1000,37484,E46C,39.758864000000003,-86.371503000000004
LI,69343,2019-02-26,7:20 PM,Hwy-rail crossing,0,WESTBURY,NY,25.0,4,Dark,Clear,Main,EMU,37,1000000,1000,1001000,M308,40.754562,-73.581253000000004
CMR,06252015,2015-06-25,11:30 AM,Side collision,0,OLIVETTE,MO,80.0,2,Day,Clear,Yard,Freight Train,5,3938,1200,13746,H307,38.684240000000003,-90.380589999999998
NCRC,OP11062016,2016-11-06,3:00 AM,Other impacts,0,COLUMBUS,NE,30.0,4,Dark,Clear,Siding,Cut of cars,0,20000,2525,22525,M599,41.500999999999998,-97.346000000000004
ATK,165800,2020-11-11,7:20 AM,Obstruction,0,OAKVILLE,MO,36.0,1,Dawn,Cloudy,Main,Passenger Train - Pulling,60,17799,0,17799,M404,38.429473000000002,-90.305802
CSX,000188911,2020-03-05,7:21 PM,Other impacts,0,ROCKY MOUNT,NC,54.0,4,Dark,Rain,Yard,Yard/switching,2,18146,100,21386,H020,35.918852999999999,-77.804446999999996
NS,153889,2023-08-11,11:55 AM,Derailment,0,BLOOMSBURY,NJ,82.0,2,Day,Clear,Siding,Single Car,2,50000,0,52280,M201,40.661380999999999,-75.033704
CSX,000209882,2023-02-18,4:16 AM,Side collision,0,WILLARD,OH,23.0,1,Dawn,Clear,Yard,Freight Train,5,44057,0,55449,H607,41.059899999999999,-82.724084000000005
UP,0120GP015,2020-01-02,7:07 AM,Derailment,0,NORTH PLATTE,NE,24.0,1,Dawn,Clear,Yard,Yard/switching,7,25989,5640,31629,H505,41.149968999999999,-100.809999
CSX,000158018,2016-03-12,8:50 PM,Other impacts,0,WILLARD,OH,50.0,4,Dark,Cloudy,Yard,Cut of cars,4,19199,0,95729,H399,41.059857000000001,-82.723963999999995
NS,151658,2022-12-07,8:30 PM,Other impacts,0,GREENSBORO,NC,56.0,4,Dark,Fog,Yard,Single Car,0,30000,0,31500,H312,36.059927999999999,-79.842014000000006
BNSF,RD1123113,2023-11-12,4:30 AM,Derailment,0,MADILL,OK,50.0,1,Dawn,Clear,Yard,Freight Train,13,12319,32038,44357,M204,34.099417000000003,-96.767058000000006
CSX,000194613,2020-12-18,7:00 AM,Other impacts,0,FEURA BUSH,NY,12.0,1,Dawn,Cloudy,Yard,Single Car,8,18191,0,18776,S015,42.565902999999999,-73.854184000000004
UP,0516PR005,2016-05-12,1:35 AM,Derailment,0,MORRISON,IL,62.0,4,Dark,Rain,Main,Freight Train,30,11713,264118,275831,E51C,41.815936999999998,-89.987447000000003
CSX,000160297,2016-06-05,9:24 AM,Side collision,0,CINCINNATI,OH,82.0,2,Day,Cloudy,Yard,Yard/switching,4,75000,1500,131576,H607,39.104289000000001,-84.538797000000002
FGLK,06172017,2017-06-17,11:15 AM,Other impacts,0,SOLVAY,NY,85.0,2,Day,Clear,Yard,Yard/switching,4,15000,0,15000,H302,43.065029000000003,-76.212394000000003
ATK,171032,2022-06-12,3:15 AM,Obstruction,0,SHARON,MA,60.0,4,Dark,Clear,Main,Spec. MoW Equip.,5,300000,0,425000,H607,42.138668000000003,-71.171135000000007
CSX,000195996,2021-02-28,3:18 PM,Derailment,0,WILLARD,OH,57.0,3,Dusk,Cloudy,Yard,Yard/switching,8,103860,7408,111268,H702,41.059877,-82.724069999999998
IC,891488,2016-06-13,11:18 AM,Derailment,0,METAIRIE,LA,81.0,2,Day,Clear,Main,,0,0,5000,19032,H605,29.581479999999999,-90.101269000000002
NS,142197,2021-07-15,3:15 AM,Other impacts,0,BELLEVUE,OH,65.0,4,Dark,Clear,Yard,Single Car,0,39136,0,41207,M411,41.29034,-82.788150999999999
MRL,2015039,2015-03-22,5:15 AM,Derailment,0,GARRISON,MT,40.0,4,Dark,Clear,Yard,Freight Train,10,183232,0,198232,H306,46.537500000000001,-112.82640000000001
UP,0420PN005,2020-04-09,2:40 PM,Other impacts,0,HERMISTON,OR,73.0,2,Day,Clear,Yard,Cut of cars,0,46456,0,95810,H601,45.796258999999999,-119.268305