reportingrailroadcode,accidentnumber,date,time,accidenttype,hazmatreleasedcars,station,stateabbr,temperature,visibility_code,visibility,weathercondition,tracktype,equipmenttype,trainspeed,equipmentdamagecost,trackdamagecost,totaldamagecost,primaryaccidentcausecode,latitude,longitude
IHB,2259,2016-11-01,1:39 AM,Other impacts,0,DIXMOOR,IL,60.0,4,Dark,Clear,Yard,Yard/switching,3,0,0,63000,H607,41.638987999999998,-87.670158999999998
CSX,000159804,2016-05-16,6:30 AM,Derailment,0,DANVILLE,IL,42.0,1,Dawn,Cloudy,Yard,Yard/switching,4,13136,50,13186,H318,40.140715,-87.614975000000001
NS,145532,2022-06-13,9:40 AM,Other impacts,0,LEXINGTON,NC,72.0,2,Day,Clear,Yard,Single Car,0,260,0,11377,H312,35.750594,-80.318288999999993
BNSF,HL0323108,2023-03-07,6:46 PM,Derailment,0,CATOOSA,OK,55.0,3,Dusk,Cloudy,Industry,Freight Train,10,12155,24273,36428,H506,36.228093000000001,-95.701520000000002
BNSF,RD0723103,2023-07-06,4:15 AM,Other (describe in narrative),0,TULSA,OK,70.0,1,Dawn,Rain,Yard,Yard/switching,5,10840,0,23780,M408,36.122317000000002,-96.010940000000005
MNCW,2017012608,2017-01-27,7:00 AM,Other (describe in narrative),0,BRIDGEPORT,CT,35.0,1,Dawn,Rain,Main,EMU,10,17400,0,17400,E78L,41.185277999999997,-73.165582999999998
UP,1117PD031,2017-11-23,8:30 PM,Derailment,0,EUGENE,OR,44.0,4,Dark,Cloudy,Main,Freight Train,3,2550,19429,21979,H403,44.078471,-123.14269899999999
BNSF,KS0318106,2018-03-20,2:14 AM,Derailment,0,KANSAS CITY,KS,42.0,4,Dark,Cloudy,Yard,Yard/switching,4,14248,250,14498,M103,39.087304000000003,-94.684494999999998
WE,170032,2017-03-13,6:15 PM,Fire/violent rupture,0,SMITHVILLE,OH,26.0,2,Day,Clear,Main,Freight Train,12,21290,0,21290,E74L,40.844503000000003,-81.820204000000004
NS,133529,2019-04-11,2:45 AM,Derailment,0,MINGO JUNCTION,OH,34.0,4,Dark,Clear,Yard,Yard/switching,5,1200,16331,17531,H306,40.310679,-80.610466000000002
UP,0218NP068,2018-02-11,9:00 AM,Other impacts,0,NORTH PLATTE,NE,16.0,2,Day,Cloudy,Yard,Single Car,0,5822,0,12003,M411,41.146628999999997,-100.814609
SLWC,160710001,2016-07-10,6:16 AM,Derailment,0,TULSA,OK,73.0,1,Dawn,Clear,Yard,Freight Train,7,34341,0,119341,E40C,36.125703000000001,-96.012043000000006
NS,151872,2022-12-31,10:00 AM,Hwy-rail crossing,0,WRIGHT CITY,MO,46.0,2,Day,Clear,Main,Freight Train,53,25000,0,25000,M302,38.820619000000001,-90.980630000000005
UP,1018LK007,2018-10-06,12:46 PM,Derailment,1,PINE BLUFF,AR,85.0,2,Day,Clear,Yard,Freight Train,5,150523,16160,166683,H525,34.231048000000001,-91.960362000000003
NS,123403,2017-01-03,8:45 PM,Derailment,0,CINCINNATI,OH,72.0,4,Dark,Rain,Yard,Freight Train,0,400,2214,16634,H702,39.141446000000002,-84.544144000000003
SKOL,210528001,2021-05-28,11:00 AM,Derailment,0,COFFEYVILLE,KS,65.0,2,Day,Clear,Industry,,0,0,38000,38954,H505,37.079509999999999,-95.602222999999995
RRVW,031519,2019-03-15,5:30 PM,Derailment,0,CASSELTON,ND,30.0,2,Day,Clear,Main,Freight Train,10,10760,8000,18760,M101,46.890664999999998,-97.221581999999998
LI,72701,2020-07-31,12:40 PM,Obstruction,0,WOODSIDE,NY,73.0,2,Day,Clear,Main,Maint./inspect Car,0,20000,0,52113,H402,40.73798,-73.892871999999997
NS,144750,2022-03-18,7:05 PM,Hwy-rail crossing,0,MELROSE,OH,72.0,3,Dusk,Rain,Main,Freight Train,30,1414,15574,16988,M303,41.092019999999998,-84.421695
BNSF,RD0122131,2022-01-29,5:10 PM,Derailment,0,TULSA,OK,55.0,3,Dusk,Clear,Yard,Freight Train,10,5334,459000,464334,E46C,36.116788999999997,-96.010842999999994
BNSF,RD0721208,2021-07-21,10:50 AM,Hwy-rail crossing,0,ADA,OK,82.0,2,Day,Clear,Main,Freight Train,25,2000,20000,22000,M302,34.781621000000001,-96.670002999999994
UP,0515DV005,2015-05-09,8:04 PM,Derailment,0,COLLYER,KS,65.0,2,Day,Cloudy,Siding,Cut of cars,0,194862,100,194962,M105,39.028975000000003,-100.13762
UP,0618FW007,2018-06-06,9:05 PM,Hwy-rail crossing,0,OKTAHA,OK,78.0,4,Dark,Clear,Main,Freight Train,0,33118,822,33940,M302,35.575423999999998,-95.481111999999996
BNSF,TC1119201,2019-11-07,10:58 AM,Hwy-rail crossing,0,NEW ROCKFORD,ND,32.0,2,Day,Cloudy,Main,Freight Train,59,300000,0,300000,M302,47.630847000000003,-99.005898000000002
WC,1075097,2021-06-28,5:57 PM,Other impacts,0,GARY,IN,81.0,2,Day,Cloudy,Yard,Single Car,3,36,0,11996,S016,41.629483,-87.406394000000006
CSX,000213822,2023-10-01,3:00 AM,Obstruction,0,OCEAN SPGS,MS,68.0,4,Dark,Clear,Main,Freight Train,40,0,46662,46662,M402,30.415413999999998,-88.820362000000003
UP,1223HL008,2023-12-09,9:04 AM,Derailment,0,SALINA,KS,40.0,2,Day,Cloudy,Yard,Yard/switching,7,42871,120301,172707,H318,38.851913000000003,-97.603502000000006
NJTR,202110416,2021-09-02,1:10 AM,Other (describe in narrative),0,MONTVALE,NJ,75.0,4,Dark,Rain,Main,Commuter Train - Pushing,15,54733,0,54733,M105,41.042236000000003,-74.028003999999996
LI,70848,2019-11-04,2:00 AM,Derailment,0,RICHMOND HILL,NY,44.0,4,Dark,Clear,Yard,EMU,3,184791,6586,191377,M405,40.696947999999999,-73.823880000000003
BNSF,RD0217115,2017-02-16,9:20 PM,Derailment,0,TULSA,OK,54.0,4,Dark,Clear,Yard,Yard/switching,7,80080,83000,163080,H514,36.108013,-96.019640999999993
BNSF,HL1018125,2018-10-29,5:00 AM,Derailment,0,LINCOLN,NE,38.0,1,Dawn,Clear,Yard,Yard/switching,6,25000,10340,35340,H307,40.807893999999997,-96.726147999999995
KAW,220528001,2022-05-28,12:15 AM,Obstruction,0,KANSAS CITY,MO,80.0,4,Dark,Clear,Industry,Spec. MoW Equip.,0,800000,0,869635,H499,39.09384,-94.540239999999997
CSX,000203394,2022-03-02,8:04 AM,Hwy-rail crossing,0,VERSAILLES,OH,35.0,2,Day,Clear,Main,Freight Train,58,20649,104441,125090,M303,40.223731000000001,-84.482135
CSX,000175871,2018-04-10,7:35 PM,Other impacts,0,SELKIRK,NY,43.0,3,Dusk,Cloudy,Yard,Cut of cars,5,15242,50,19989,M101,42.565902999999999,-73.854184000000004
NS,151165,2022-10-14,2:41 PM,Derailment,0,COLUMBUS,OH,65.0,2,Day,Clear,Main,Freight Train,4,101800,76910,178710,H504,39.917678000000002,-82.946889999999996
UP,0118NP007,2018-01-06,8:48 PM,Other impacts,0,NORTH PLATTE,NE,18.0,4,Dark,Cloudy,Yard,Yard/switching,4,5717,0,12855,M411,41.152209999999997,-100.81907200000001
WC,1069997,2021-05-07,8:45 PM,Derailment,0,BEDFORD PARK,IL,50.0,4,Dark,Clear,Yard,Light loco(s),4,527,0,5277,H702,41.804488999999997,-87.695727000000005
NS,124651,2017-04-09,8:55 AM,Derailment,0,ELKHART,IN,62.0,2,Day,Clear,Yard,Yard/switching,7,27568,1000,28568,M408,41.67736,-85.978494999999995
ATK,162530,2019-12-27,7:41 PM,Hwy-rail crossing,0,ROMEOVILLE,IL,32.0,4,Dark,Clear,Main,Passenger Train - Pulling,76,48706,0,67330,M308,41.663350000000001,-88.033885999999995
BNSF,CH1018118,2018-10-28,7:15 AM,Derailment,0,EOLA,IL,35.0,1,Dawn,Clear,Yard,Freight Train,5,15000,20000,35000,H607,41.772193000000001,-88.265000000000001
UP,1118LV020,2018-11-15,3:11 AM,Derailment,0,ADDIS,LA,32.0,4,Dark,Cloudy,Industry,Yard/switching,3,237200,15078,252278,T221,30.330597999999998,-91.243042000000003
EJR,10191,2020-10-19,2:00 PM,Side collision,0,BAYONNE,NJ,60.0,2,Day,Rain,Yard,Single Car,5,3500,0,23500,H021,40.658990000000003,-74.106409999999997
NS,144196,2022-01-30,1:50 AM,Derailment,0,BELLEVUE,OH,15.0,4,Dark,Snow,Yard,Yard/switching,4,970456,186354,1156810,M404,41.292920000000002,-82.783218000000005
CFE,CFE658814D,2014-11-23,4:50 PM,Derailment,0,LIMA,OH,54.0,2,Day,Cloudy,Yard,Freight Train,4,9088,7000,16088,T221,40.752487000000002,-84.129219000000006
CSX,000208294,2022-11-11,1:10 AM,Derailment,0,TOLEDO,OH,56.0,4,Dark,Cloudy,Main,Freight Train,17,97126,78754,198815,M204,41.667935999999997,-83.476894999999999
BNSO,BNSO072010,2020-07-29,10:30 PM,Other impacts,0,AURORA,IL,80.0,4,Dark,Clear,Yard,Spec. MoW Equip.,4,200000,0,200000,H018,41.763899000000002,-88.306050999999997
NJTR,202104138,2021-03-13,1:14 PM,Other (describe in narrative),0,NEWARK,NJ,40.0,2,Day,Clear,Main,Commuter Train - Pulling,0,14247,0,14247,S010,40.732737999999998,-74.165727000000004
CSX,000194161,2020-11-28,7:15 AM,Other impacts,0,COLUMBUS,OH,50.0,1,Dawn,Clear,Yard,Yard/switching,4,3500,0,40747,M599,39.972332999999999,-83.021122000000005
NS,117740,2015-10-11,6:30 PM,Other impacts,0,WHITING,IL,72.0,3,Dusk,Clear,Yard,Yard/switching,0,800,800,24375,H307,41.722569,-87.547236999999996
CFE,CFE335123D,2023-02-19,12:15 AM,Derailment,0,DELPHOS,OH,45.0,4,Dark,Cloudy,Industry,Freight Train,6,18000,1346,19346,T217,40.841380999999998,-84.346305999999998
NJTR,202205199,2022-05-01,8:12 PM,Other (describe in narrative),0,SECAUCUS,NJ,50.0,4,Dark,Cloudy,Main,Commuter Train - Pulling,35,13462,0,18270,E78L,40.770603999999999,-74.055284
CSX,000181142,2019-02-03,6:18 AM,Side collision,0,BUFFALO,NY,42.0,1,Dawn,Cloudy,Yard,Light loco(s),0,48711,16070,111091,H305,42.901972999999998,-78.773441000000005
IC,1044307,2020-08-10,2:59 PM,Hwy-rail crossing,0,PONCHATOULA,LA,90.0,2,Day,Clear,Main,,0,0,0,116000,M302,30.407216999999999,-90.431708999999998
BNSF,PR0724201,2024-07-16,2:47 PM,Hwy-rail crossing,0,HAIGLER,NE,93.0,2,Day,Cloudy,Main,Freight Train,50,20500,0,20500,M302,40.053983000000002,-102.015674
TPW,TPW572720S,2020-10-18,10:30 AM,Other impacts,0,SHELDON,IL,63.0,2,Day,Clear,Main,Yard/switching,2,6710,0,53019,H307,40.770277999999998,-87.538055999999997
KCS,16082902,2016-08-29,10:30 PM,Other impacts,0,ARTESIA,MS,79.0,4,Dark,Clear,Yard,Yard/switching,7,53123,2711,55834,H307,33.413017000000004,-88.642876000000001
BNSF,RD0520201,2020-05-05,10:35 AM,Hwy-rail crossing,0,RAVIA,OK,87.0,2,Day,Clear,Main,Freight Train,39,18671,2000,20671,M302,34.346922999999997,-96.800334000000007
CSX,000155493,2015-12-25,12:38 PM,Derailment,0,CHICAGO,IL,43.0,2,Day,Cloudy,Yard,Freight Train,5,15279,0,16179,H702,41.760340999999997,-87.715590000000006
UP,0524RM005,2024-05-07,7:35 AM,Derailment,0,POCATELLO,ID,38.0,2,Day,Sleet,Yard,Yard/switching,3,35792,4718,40510,E44C,42.847152999999999,-112.430047
CSX,000198642,2021-07-03,11:38 AM,Side collision,0,LIMA,OH,74.0,2,Day,Cloudy,Yard,Freight Train,2,47000,0,109342,H017,40.792597000000001,-84.091229999999996
NS,156676,2024-05-12,2:30 AM,Side collision,0,DETROIT,MI,60.0,4,Dark,Clear,Yard,Freight Train,3,26000,0,57530,H702,42.282905999999997,-83.154443999999998
NS,142616,2021-08-22,2:55 AM,Derailment,0,NEW ORLEANS,LA,72.0,4,Dark,Clear,Main,Freight Train,9,39500,21095,60595,H505,30.002479000000001,-90.045395999999997
CSX,000157545,2016-02-25,10:55 PM,Derailment,0,HARPSTER,OH,25.0,4,Dark,Snow,Siding,Freight Train,14,29642,12955,42597,E67C,40.739043000000002,-83.250928999999999
NS,144857,2022-04-01,6:15 AM,Other impacts,0,BELLEVUE,OH,32.0,1,Dawn,Clear,Yard,Single Car,5,32631,0,50131,H706,41.273330000000001,-82.834590000000006
LSRC,D230221,2023-02-21,9:15 AM,Derailment,0,FLINT,MI,35.0,2,Day,Clear,Yard,Yard/switching,4,20277,2250,22527,H020,43.079954999999998,-83.676450000000003
CSX,000205288,2022-05-31,7:25 PM,Other impacts,0,CLEVELAND,OH,80.0,3,Dusk,Clear,Yard,Freight Train,0,185000,1000,246000,H318,41.563361,-81.573774999999998
CSX,000189856,2020-04-25,4:45 PM,Derailment,0,SIDNEY,OH,54.0,2,Day,Rain,Industry,Freight Train,4,29041,0,29041,M501,40.273794000000002,-84.165385999999998
FEC,T17051819,2019-05-18,3:10 PM,Other (describe in narrative),0,LAKE WORTH,FL,80.0,2,Day,Clear,Main,,0,0,0,11632,M599,26.506195999999999,-80.054772
UP,0717TC022,2017-07-29,11:01 PM,Derailment,0,MADELIA,MN,65.0,4,Dark,Clear,Industry,Freight Train,5,20505,1078,21583,H704,44.079211000000001,-94.370007000000001
NS,152581,2023-03-19,7:30 AM,Side collision,0,BELLEVUE,OH,30.0,1,Dawn,Cloudy,Yard,Yard/switching,2,114758,850,115908,H399,41.288345,-82.801972000000006
UP,0823GP013,2023-08-04,9:00 PM,Derailment,0,NORTH PLATTE,NE,69.0,4,Dark,Rain,Yard,Light loco(s),5,12843,297,13140,H307,41.155079999999998,-100.851102
MBTA,19246,2019-12-06,11:31 PM,Derailment,0,BOSTON,MA,34.0,4,Dark,Clear,Yard,,0,0,0,0,H303,42.351802999999997,-71.113724000000005
NYSW,150528A,2015-05-28,7:05 AM,Derailment,0,MARATHON,NY,65.0,1,Dawn,Cloudy,Main,Freight Train,25,86456,394750,481206,M405,42.439202999999999,-76.037023000000005
BNSF,KS1217100,2017-12-07,5:15 AM,Side collision,0,KANSAS CITY,KS,15.0,1,Dawn,Clear,Yard,Yard/switching,2,20038,27466,388193,H307,39.087248000000002,-94.697770000000006
UP,0115WH015,2015-01-28,5:00 PM,Derailment,0,MUSKOGEE,OK,63.0,2,Day,Cloudy,Main,Freight Train,17,32673,5213,37886,E34C,35.573101999999999,-95.482174000000001
EIRR,240123007,2024-01-23,8:21 PM,Derailment,0,IDAHO FALLS,ID,35.0,4,Dark,Rain,Yard,,0,0,8620,19344,T221,43.501894,-112.03076799999999
UP,0117NP003,2017-01-05,9:55 AM,Derailment,0,KIMBALL,NE,-1.0,2,Day,Cloudy,Main,Freight Train,47,7882,58169,66051,E00C,41.235374,-103.740123
BNSF,CH0916114,2016-09-24,2:30 AM,Derailment,0,GALESBURG,IL,70.0,4,Dark,Clear,Yard,Yard/switching,7,35543,4600,40143,H307,40.923043999999997,-90.375133000000005
WC,1078093,2021-07-26,10:15 PM,Other impacts,0,GARY,IN,67.0,4,Dark,Clear,Yard,Single Car,5,34,0,51820,M599,41.629747999999999,-87.405986999999996
BNSF,RD0517100,2017-05-01,8:15 PM,Side collision,0,TULSA,OK,60.0,3,Dusk,Clear,Yard,Yard/switching,7,4000,0,20374,M408,36.122883999999999,-96.010654000000002
NS,120808,2016-06-09,9:09 PM,Derailment,0,SECAUCUS,NJ,71.0,4,Dark,Clear,Yard,Freight Train,4,21682,1500,23182,H702,40.763150000000003,-74.071005999999997
NS,122882,2016-11-25,1:26 AM,Other (describe in narrative),0,MUSCLE SHOALS,AL,50.0,4,Dark,Clear,Yard,Yard/switching,6,17235,0,17235,S007,34.712550999999998,-87.616781000000003
KCS,19020101,2019-02-01,12:05 AM,Derailment,0,KANSAS CITY,MO,22.0,4,Dark,Cloudy,Yard,Light loco(s),7,18767,2217,20984,H306,39.129221999999999,-94.533231999999998
ATK,175871,2023-08-10,2:15 AM,Side collision,0,NEW YORK,NY,60.0,4,Dark,Clear,Yard,Yard/switching,0,944,0,16944,H702,40.748950000000001,-73.931470000000004
UP,1021GP043,2021-10-27,5:30 PM,Other impacts,0,NORTH PLATTE,NE,60.0,2,Day,Clear,Yard,Yard/switching,7,46622,0,244485,M411,41.149572999999997,-100.808944
BNSF,TX0315108,2015-03-23,4:15 PM,Derailment,0,EDMOND,OK,65.0,2,Day,Clear,Industry,Freight Train,1,12345,0,12345,H702,35.613804999999999,-97.496696
CRSH,132750,2019-01-11,11:40 AM,Raking collision,0,NEWARK,NJ,48.0,2,Day,Clear,Yard,Cut of cars,0,47136,0,47136,S016,40.709414000000002,-74.141551000000007
CC,922957,2017-05-18,8:26 AM,Hwy-rail crossing,0,CEDAR FALLS,IA,60.0,2,Day,Cloudy,Main,Maint./inspect Car,10,15800,27,15827,M302,42.538151999999997,-92.449561000000003
CSX,000161397,2016-07-17,1:20 AM,Derailment,0,CHICAGO,IL,78.0,4,Dark,Clear,Industry,Cut of cars,0,308033,0,470393,S006,41.779542999999997,-87.679338000000001
CSX,000166293,2017-01-26,2:30 PM,Hwy-rail crossing,0,LODI,OH,35.0,2,Day,Cloudy,Main,Freight Train,58,16276,10131,26407,M303,41.018859999999997,-81.993835000000004
UP,0622GP015,2022-06-15,12:00 PM,Other impacts,0,NORTH PLATTE,NE,78.0,2,Day,Clear,Yard,Single Car,10,51328,99,51681,H707,41.143963999999997,-100.785995
CSX,000175122,2017-03-29,9:45 AM,Fire/violent rupture,0,BUFFALO,NY,44.0,2,Day,Cloudy,Main,Light loco(s),40,18767,50,18817,M406,42.854126999999998,-78.849208000000004
KCS,16031901,2016-03-19,11:50 AM,Other impacts,0,MONROE,LA,58.0,2,Day,Clear,Yard,Yard/switching,7,0,0,130989,H318,32.497774999999997,-92.094516999999996
NS,120654,2016-05-26,9:45 AM,Hwy-rail crossing,0,LUMBERTON,MS,78.0,2,Day,Clear,Main,Freight Train,54,60,35640,35700,M302,31.077121999999999,-89.436205000000001
BNSF,PR0617106,2017-06-12,7:55 PM,Derailment,0,ANGORA,NE,72.0,3,Dusk,Rain,Main,Freight Train,0,137479,19000,156479,M102,41.938363000000003,-103.024818
NS,131415,2018-10-23,1:40 PM,Other impacts,0,CLEVELAND,OH,54.0,2,Day,Cloudy,Yard,Yard/switching,2,10791,0,22084,H099,41.422254000000002,-81.798125999999996
NS,142860,2021-09-16,1:40 AM,Rear end collision,0,TOLEDO,OH,64.0,4,Dark,Clear,Yard,Yard/switching,1,235,2339,23784,H307,41.638047999999998,-83.553991999999994
UP,0417KC018,2017-04-03,9:00 PM,Other impacts,0,KANSAS CITY,MO,50.0,4,Dark,Clear,Yard,Single Car,0,1124,0,16918,S012,39.121903000000003,-94.506474999999995
SKOL,M522715,2015-09-01,8:50 AM,Other impacts,0,CATOOSA,OK,80.0,2,Day,Clear,Yard,Light loco(s),7,28350,0,28350,H018,36.152487999999998,-95.512134000000003
WC,1147815,2024-04-06,10:00 PM,Derailment,0,GARY,IN,35.0,4,Dark,Clear,Yard,Yard/switching,5,239368,29091,268459,E45C,41.621299999999998,-87.380242999999993
CP,1000609389,2017-08-24,2:25 AM,Other (describe in narrative),0,MINNEAPOLIS,MN,59.0,4,Dark,Cloudy,Main,Freight Train,6,0,0,36936,H702,45.016219,-93.260197000000005
NS,139195,2020-09-18,2:43 PM,Other (describe in narrative),0,EVENDALE,OH,72.0,2,Day,Clear,Yard,Yard/switching,5,12050,1863,13913,H306,39.252473999999999,-84.430853999999997
IC,1113504,2022-09-09,11:16 AM,Obstruction,0,KENTWOOD,LA,88.0,2,Day,Clear,Main,Spec. MoW Equip.,0,0,0,25000,E04C,30.880717000000001,-90.510863999999998
UP,0823GP025,2023-08-11,12:30 PM,Other impacts,0,NORTH PLATTE,NE,82.0,2,Day,Clear,Yard,Single Car,0,17238,0,31467,M411,41.145921999999999,-100.836026
UP,1117PD041,2017-11-29,5:30 AM,Derailment,0,PORTLAND,OR,41.0,4,Dark,Clear,Yard,Freight Train,5,43808,330,44138,E64L,45.553324000000003,-122.691862
BNSF,RD1118211,2018-11-24,8:15 AM,Hwy-rail crossing,0,KIEFER,OK,50.0,1,Dawn,Clear,Main,Freight Train,43,50000,4000,54000,M302,35.944634999999998,-96.062900999999997
UP,0816PD011,2016-08-25,2:09 AM,Derailment,0,PORTLAND,OR,67.0,4,Dark,Clear,Yard,Freight Train,2,18620,0,18620,H702,45.534255000000002,-122.67370699999999
NS,118852,2016-01-09,4:10 PM,Side collision,0,BELLEVUE,OH,45.0,3,Dusk,Clear,Yard,Yard/switching,1,5796,0,11960,H607,41.274422999999999,-82.833569999999995
BNSF,HL0224103,2024-02-05,10:10 PM,Derailment,0,CABOOL,MO,25.0,4,Dark,Clear,Main,Freight Train,17,74819,30000,104819,M501,37.130544,-92.133443999999997
UP,0920GL020,2020-09-16,9:50 AM,Other impacts,0,COLUMBUS,NE,62.0,2,Day,Clear,Yard,Cut of cars,0,265752,0,427722,H702,41.427644000000001,-97.363698999999997
BNSF,SW0423103,2023-04-14,4:50 PM,Derailment,0,BELEN,NM,74.0,2,Day,Clear,Yard,Yard/switching,5,4420,27585,32005,H607,34.639605000000003,-106.77155999999999
UP,0624TO022,2024-06-16,10:13 AM,Other (describe in narrative),0,MULDROW,OK,89.0,2,Day,Clear,Main,Freight Train,4,116280,0,116280,E27C,35.431928999999997,-94.690197999999995
BNSF,RD1023118,2023-10-11,7:52 AM,Derailment,0,TULSA,OK,75.0,1,Dawn,Clear,Yard,Single Car,0,154,0,13321,M408,36.122204000000004,-96.011403999999999
BNSF,HL0319106,2019-03-08,5:55 AM,Derailment,0,SPRINGFIELD,MO,40.0,1,Dawn,Clear,Yard,Light loco(s),4,500,28560,29060,H307,37.229782,-93.300982000000005
BNSF,GC0316104,2016-03-08,10:20 AM,Derailment,0,LACASSI,LA,72.0,2,Day,Cloudy,Yard,Yard/switching,10,71435,0,71435,H318,30.237793,-92.936824000000001
CSX,000177395,2018-07-04,10:15 PM,Derailment,0,WOODSTOCK,MD,85.0,4,Dark,Clear,Main,Freight Train,11,21305,500,21805,E05L,39.316467000000003,-76.841144
UP,1023PR015,2023-10-22,7:45 PM,Other impacts,0,BELLWOOD,IL,50.0,3,Dusk,Clear,Yard,Yard/switching,6,1952,500,11841,H307,41.891331999999998,-87.871814000000001
CSX,000191157,2020-07-02,8:15 AM,Raking collision,0,SELKIRK,NY,74.0,2,Day,Cloudy,Yard,Single Car,6,8501,0,17606,S014,42.565902999999999,-73.854184000000004
CSX,000211590,2023-05-27,2:30 AM,Other impacts,0,SYRACUSE,NY,70.0,4,Dark,Clear,Industry,Freight Train,4,35667,0,66667,H302,43.051527999999998,-76.180903999999998
BNSF,PR0915101,2015-09-08,12:55 PM,Other (describe in narrative),0,BALLANTINE,MT,85.0,2,Day,Clear,Main,Maint./inspect Car,13,70000,500,70500,H997,45.951703999999999,-108.12388300000001
NJTR,201912661,2019-11-29,5:53 AM,Other (describe in narrative),0,JERSEY CITY,NJ,25.0,4,Dark,Cloudy,Main,Work train,27,12777,0,12777,H599,40.741185999999999,-74.065918999999994
NS,135712,2019-10-03,11:45 PM,Derailment,0,MAPLE HEIGHTS,OH,65.0,4,Dark,Clear,Yard,Freight Train,4,293,18217,18510,H306,41.403610999999998,-81.560478000000003
MBTA,YR2022106,2022-08-05,3:22 PM,Obstruction,0,ACTON,MA,75.0,2,Day,Clear,Main,Passenger Train - Pulling,70,76756,0,76756,M404,42.494030000000002,-71.484060999999997
BNSF,RD1219201,2019-12-11,9:46 PM,Hwy-rail crossing,0,OKLAHOMA CITY,OK,43.0,4,Dark,Clear,Main,Freight Train,39,250,60000,60250,M302,35.594633999999999,-97.512608999999998
UP,0417PD022,2017-04-20,8:45 AM,Derailment,0,PORTLAND,OR,48.0,2,Day,Cloudy,Yard,Freight Train,8,16918,33534,50452,H702,45.492032999999999,-122.644734
CSX,000160927,2016-06-27,7:10 PM,Other impacts,0,CHILLICOTHE,OH,85.0,2,Day,Clear,Yard,Cut of cars,5,17415,0,59966,H018,39.332635000000003,-82.964854000000003
BNSF,RD0523133,2023-05-31,2:00 AM,Derailment,0,MILL CREEK,OK,72.0,4,Dark,Clear,Yard,Freight Train,5,3834,29000,32834,M505,34.466723999999999,-96.841808
UP,0724PN040,2024-07-30,8:29 AM,Derailment,0,DURKEE,OR,63.0,2,Day,Cloudy,Main,Freight Train,6,132056,0,132056,H519,44.629773,-117.51009999999999
LI,EQ20160706,2016-07-20,9:39 PM,Obstruction,0,WYANDANCH,NY,73.0,4,Dark,Clear,Main,EMU,70,30146,0,30146,M402,40.749378,-73.381867
CWRO,201646,2016-07-24,9:30 AM,Derailment,0,CLEVELAND,OH,82.0,2,Day,Clear,Industry,Yard/switching,5,15000,5000,20000,M405,41.275699000000003,-81.403677000000002
TRRA,21008OR,2021-02-08,8:30 PM,Derailment,0,EAST ST LOUIS,IL,8.0,4,Dark,Clear,Main,,0,0,22784,22784,T212,38.597397000000001,-90.158260999999996
BNSF,SF0516112,2016-05-24,1:10 AM,Other impacts,0,TULSA,OK,75.0,4,Dark,Clear,Yard,Yard/switching,5,21241,0,23741,H305,36.126009000000003,-96.011195000000001
ALS,202004042,2020-04-04,10:30 AM,Derailment,0,EAST ST LOUIS,IL,39.0,2,Day,Cloudy,Yard,Yard/switching,5,47150,87225,134375,H504,38.539115000000002,-90.152641000000003
BNSF,SW0116101,2016-01-16,3:45 PM,Derailment,0,CLOVIS,NM,60.0,2,Day,Clear,Yard,Freight Train,7,63661,680151,743812,H607,34.397990999999998,-103.219643
NYSW,150619A,2015-06-19,4:53 AM,Derailment,0,BINGHAMTON,NY,57.0,4,Dark,Clear,Yard,,0,0,16409,16708,E29L,42.106515000000002,-75.895617000000001
UP,1217NP001,2017-12-04,4:00 PM,Derailment,0,COLUMBUS,NE,38.0,2,Day,Cloudy,Yard,Yard/switching,5,20564,70413,90977,E40C,41.427810000000001,-97.364707999999993
UP,0815ES004,2015-08-06,7:30 AM,Obstruction,0,KIRKPATRICK,OR,60.0,2,Day,Clear,Main,Spec. MoW Equip.,0,9693,0,23545,H212,45.696997000000003,-118.399321
UP,0517FW023,2017-05-20,4:50 AM,Derailment,0,CANADIAN,OK,69.0,4,Dark,Rain,Main,Freight Train,4,248383,552766,801149,M103,35.163451999999999,-95.666160000000005
BNSF,HL0118118,2018-01-23,1:57 PM,Derailment,0,NORTH KANSAS CITY,MO,45.0,2,Day,Clear,Industry,Yard/switching,8,80000,0,80000,H307,39.155467999999999,-94.586096999999995
BNSF,HL0119119,2019-01-17,4:50 PM,Derailment,0,LINCOLN,NE,20.0,2,Day,Clear,Yard,Light loco(s),4,13422,5879,19301,T212,40.809216999999997,-96.730228999999994
WE,200035,2020-04-21,8:30 PM,Other (describe in narrative),0,DILLONVALE,OH,39.0,4,Dark,Rain,Main,Cut of cars,0,34632,0,34632,M199,40.192867999999997,-80.795118000000002
BNSF,RD1020119,2020-10-27,4:35 PM,Derailment,0,TULSA,OK,50.0,2,Day,Rain,Yard,Light loco(s),7,30000,300,30300,H607,36.131456999999997,-96.010067000000006
NS,124330,2017-03-15,10:55 PM,Derailment,0,BEALLSVILLE,OH,32.0,4,Dark,Snow,Main,Freight Train,7,165097,5000,170097,M101,39.898786999999999,-80.967102999999994
ATK,146813,2017-03-24,9:00 AM,Derailment,0,NEW YORK NEW YORK,NY,42.0,2,Day,Clear,Main,Passenger Train - Pulling,5,288760,0,342031,T217,40.751730999999999,-73.996881999999999