reportingrailroadcode,accidentnumber,date,time,accidenttype,hazmatreleasedcars,station,stateabbr,temperature,visibility_code,visibility,weathercondition,tracktype,equipmenttype,trainspeed,equipmentdamagecost,trackdamagecost,totaldamagecost,primaryaccidentcausecode,latitude,longitude
NS,143513,2021-11-19,2:40 PM,Other impacts,0,DECATUR,IL,40.0,2,Day,Clear,Yard,Single Car,0,306,0,11356,H312,39.852181999999999,-88.918342999999993
UP,0121MA021,2021-01-20,6:00 PM,Derailment,0,ST LOUIS,MO,45.0,3,Dusk,Clear,Yard,Yard/switching,8,6664,129647,136311,H307,38.615217999999999,-90.188468999999998
BNSF,HL0524112,2024-05-21,12:38 AM,Derailment,0,SPRINGFIELD,MO,68.0,4,Dark,Cloudy,Yard,Light loco(s),8,57600,0,57600,M101,37.230815999999997,-93.313890999999998
NS,155384,2024-01-17,1:45 PM,Hwy-rail crossing,0,N/A,IL,20.0,2,Day,Clear,Main,Freight Train,45,8000,9800,17800,M303,39.715791000000003,-90.894907000000003
NJTR,201708276,2017-07-22,12:36 PM,Hwy-rail crossing,0,HAZLET,NJ,94.0,2,Day,Clear,Main,Commuter Train - Pushing,25,18850,32799,51649,M308,40.414012,-74.180025999999998
UPME,0218CM015,2018-02-19,1:10 PM,Hwy-rail crossing,0,CHICAGO,IL,53.0,2,Day,Cloudy,Main,Passenger Train - Pushing,55,26660,66,26726,M308,41.985252000000003,-87.787670000000006
NS,155981,2024-03-08,2:30 AM,Other impacts,0,BELLEVUE,OH,48.0,4,Dark,Cloudy,Yard,Single Car,0,11295,0,16020,M411,41.288260000000001,-82.800414000000004
UP,0818LK009,2018-08-06,9:40 AM,Obstruction,0,MONTROSE,AR,89.0,2,Day,Clear,Main,Spec. MoW Equip.,5,86,33990,34076,H993,33.298008000000003,-91.493778000000006
NS,153801,2023-08-03,6:15 AM,Hwy-rail crossing,0,ARGOS,IN,60.0,1,Dawn,Clear,Main,Freight Train,25,12863,15000,27863,M303,41.234381999999997,-86.254328999999998
BNSF,KS0817101,2017-08-03,8:15 PM,Derailment,0,WELLINGTON,KS,81.0,3,Dusk,Clear,Yard,Yard/switching,3,17105,250,17355,E33C,37.261671999999997,-97.380606
MBTA,YR2022123,2022-10-23,12:12 PM,Derailment,0,SHERBORN,MA,56.0,2,Day,Cloudy,Industry,,0,0,40523,45558,H508,42.248952000000003,-71.416145
NOGC,OP10242016,2016-10-24,1:30 PM,Derailment,0,GRETNA,LA,75.0,2,Day,Cloudy,Yard,Yard/switching,5,30000,5300,35300,E64C,29.934272,-90.053617000000003
NS,155733,2024-02-11,10:00 AM,Derailment,0,BELLEVUE,OH,37.0,2,Day,Cloudy,Yard,Light loco(s),0,12000,0,46900,H504,41.288376,-82.803218999999999
CSX,000208757,2022-12-11,9:06 AM,Side collision,0,CLEVELAND,OH,37.0,2,Day,Cloudy,Yard,Yard/switching,10,7243,42132,118436,H306,41.570295999999999,-81.556448000000003
UP,0820GC007,2020-08-03,3:00 PM,Derailment,0,WAGGAMAN,LA,92.0,2,Day,Clear,Yard,Freight Train,8,8797,22585,31382,H503,29.928536000000001,-90.179893000000007
NS,151013,2022-10-01,2:00 PM,Side collision,0,BELLEVUE,OH,63.0,2,Day,Cloudy,Yard,Yard/switching,7,8244,1000,22726,H305,41.288345,-82.801972000000006
NS,135750,2019-10-08,1:30 AM,Rear end collision,0,HAMILTON,OH,48.0,4,Dark,Clear,Main,Freight Train,28,135042,0,188196,H221,39.356991000000001,-84.517223000000001
UP,0823HL020,2023-08-25,10:35 AM,Other impacts,0,KANSAS CITY,KS,89.0,2,Day,Clear,Yard,Yard/switching,4,4118,0,13085,H702,39.098401000000003,-94.671897000000001
LI,GR20170301,2017-03-13,7:12 AM,Hwy-rail crossing,0,MALVERNE,NY,30.0,1,Dawn,Clear,Main,EMU,35,57372,0,57372,M303,40.672333999999999,-73.674312
NICD,N2100017,2021-09-11,4:30 PM,Other (describe in narrative),0,MICHIGAN CITY,IN,70.0,2,Day,Clear,Yard,Light loco(s),5,0,14916,14916,S012,41.714213000000001,-86.863076000000007
CSX,000197900,2021-05-30,11:07 AM,Derailment,0,CHICAGO,IL,72.0,2,Day,Clear,Yard,Freight Train,7,36569,14935,51504,E4BC,41.786790000000003,-87.680088999999995
NJTR,202310449,2023-10-25,11:22 PM,Derailment,0,HOBOKEN,NJ,57.0,4,Dark,Cloudy,Yard,Yard/switching,8,39936,0,39936,H704,40.735464999999998,-74.039258000000004
ATK,151766,2018-01-30,3:02 PM,Hwy-rail crossing,0,MORRISVILLE,NC,40.0,2,Day,Clear,Main,Passenger Train - Pulling,50,17150,0,17150,M399,35.845818000000001,-78.836816999999996
BNSF,HL0123201,2023-01-05,2:37 PM,Hwy-rail crossing,0,IATAN,MO,50.0,2,Day,Cloudy,Main,Freight Train,42,3000,25290,28290,M302,39.474153000000001,-94.983958999999999
CSX,000169850,2017-06-25,1:59 PM,Derailment,0,PITTSFIELD,MA,73.0,2,Day,Cloudy,Yard,Freight Train,3,15835,1502,17337,E04C,42.453389000000001,-73.229018999999994
UP,0118LK051,2018-01-10,2:02 PM,Other (describe in narrative),0,SHREVEPORT,LA,60.0,2,Day,Clear,Yard,Light loco(s),0,49724,0,49724,E36L,32.430444999999999,-93.906420999999995
NS,134239,2019-06-06,10:15 PM,Obstruction,0,SWANTON,OH,60.0,4,Dark,Clear,Main,Freight Train,58,1062574,581964,1644538,M402,41.588554999999999,-83.890855999999999
NS,140232,2021-01-12,4:37 AM,Derailment,0,BELLEVUE,OH,23.0,1,Dawn,Clear,Yard,Freight Train,1,7005,7699,14704,T221,41.29034,-82.788150999999999
BNSF,SW0522101,2022-05-14,6:15 PM,Other (describe in narrative),0,CLOVIS,NM,80.0,3,Dusk,Cloudy,Yard,Freight Train,5,0,21470,21470,H607,34.398691999999997,-103.231539
BNSF,RD0718134,2018-07-24,1:40 PM,Obstruction,0,TULSA,OK,90.0,2,Day,Clear,Main,Spec. MoW Equip.,20,10000,0,20000,H402,36.183188999999999,-95.879210999999998
NS,124854,2017-04-27,8:35 PM,Other impacts,0,HATTIESBURG,MS,72.0,4,Dark,Clear,Yard,Freight Train,4,26206,0,26908,H018,31.330836999999999,-89.282983000000002
BNSF,RD0219122,2019-02-22,2:36 AM,Derailment,0,TULSA,OK,41.0,4,Dark,Cloudy,Yard,Yard/switching,7,12439,32000,44439,H507,36.112271,-96.015032000000005
LSRC,D160710,2016-07-10,5:56 AM,Derailment,0,BLACK RIVER,MI,70.0,1,Dawn,Clear,Main,Freight Train,10,21251,8259,29510,M405,44.830323,-83.306983000000002
CSX,000191552,2020-07-22,11:43 AM,Derailment,0,ULSTER PARK,NY,91.0,2,Day,Clear,Main,Freight Train,35,28674,0,28674,E33C,41.888401999999999,-73.986153000000002
LI,75525,2021-09-10,5:10 PM,Derailment,0,HOLLIS,NY,65.0,2,Day,Clear,Yard,EMU,7,51078,6544,57622,H303,40.707599999999999,-73.773499999999999
UP,0224HL011,2024-02-17,5:40 AM,Other impacts,0,KANSAS CITY,KS,12.0,1,Dawn,Clear,Yard,Single Car,5,0,0,114703,H312,39.094802000000001,-94.653233
UP,0115PD001,2015-01-02,12:00 PM,Derailment,0,PILOT ROCK,OR,23.0,2,Day,Cloudy,Main,Freight Train,15,10201,465,10666,M101,45.648451999999999,-118.872034
ATK,165031,2020-08-03,1:19 PM,Hwy-rail crossing,0,TICKFAW,LA,93.0,2,Day,Clear,Main,Passenger Train - Pulling,79,77386,0,77386,M302,30.557091,-90.477028000000004
NS,115144,2015-04-06,7:05 PM,Hwy-rail crossing,0,GREENSBORO,NC,67.0,3,Dusk,Clear,Main,,0,0,12267,12267,M302,36.083677999999999,-79.740504000000001
NS,154059,2023-08-29,9:55 AM,Derailment,0,MELVINDALE,MI,69.0,2,Day,Clear,Yard,Freight Train,4,18304,0,18304,E21C,42.278257000000004,-83.173548999999994
ATK,169902,2022-02-26,8:15 PM,Hwy-rail crossing,0,THOMASVILLE,NC,41.0,4,Dark,Rain,Main,Passenger Train - Pulling,75,11778,0,23778,M302,35.889853000000002,-80.066648999999998
BNSF,TC0223119,2023-02-25,10:04 AM,Derailment,0,MINNEAPOLIS,MN,10.0,2,Day,Clear,Yard,Single Car,0,1080,0,52173,M407,45.033768999999999,-93.271454000000006
CSX,000168222,2017-04-12,4:20 PM,Hwy-rail crossing,0,HAVERSTRAW,NY,70.0,2,Day,Clear,Main,Freight Train,30,1888,11995,13883,M399,41.194124000000002,-73.967982000000006
MCRL,MC240625A,2024-06-25,1:30 PM,Other (describe in narrative),0,NORTON,MA,80.0,2,Day,Clear,Main,Spec. MoW Equip.,1,0,51087,51087,M599,41.945759000000002,-71.231661000000003
CSX,000161862,2016-08-03,1:45 PM,Other impacts,0,LANSING,MI,90.0,2,Day,Clear,Yard,Single Car,4,100,0,14207,M599,42.728707999999997,-84.540647000000007
BNSF,KS0115118,2015-01-23,4:50 AM,Raking collision,0,KANSAS CITY,KS,29.0,1,Dawn,Clear,Yard,Light loco(s),5,8000,0,48995,H607,39.082295000000002,-94.691059999999993
ALS,20180420,2018-04-20,6:15 AM,Other impacts,0,EAST ST LOUIS,IL,50.0,1,Dawn,Clear,Yard,Yard/switching,9,25900,1150,27050,M407,38.595705000000002,-90.147812999999999
CSX,000200466,2021-10-03,4:09 PM,Side collision,0,HAMLET,NC,83.0,2,Day,Clear,Yard,Cut of cars,2,29415,0,42615,H020,34.925491000000001,-79.646586999999997
BNSF,SW1023103,2023-10-14,1:15 AM,Derailment,0,CLOVIS,NM,68.0,4,Dark,Clear,Yard,Freight Train,8,12665,6000,18665,H505,34.396065,-103.200647
UP,1219GC004,2019-12-06,2:16 AM,Derailment,0,LIVONIA,LA,56.0,4,Dark,Cloudy,Yard,Yard/switching,7,80151,162757,242908,H506,30.523178000000001,-91.550370999999998
NJTR,202401011,2023-12-31,10:00 PM,Derailment,0,DOVER,NJ,40.0,4,Dark,Clear,Yard,Commuter Train - Pulling,5,15000,0,15000,H704,40.883673999999999,-74.552475000000001
MBTA,YR2022153,2022-12-18,5:02 AM,Obstruction,0,FITCHBURG,MA,22.0,4,Dark,Clear,Main,Passenger Train - Pushing,40,13437,0,13437,M402,42.574793999999997,-71.834069
BNSF,MT1015100,2015-10-07,4:50 PM,Derailment,0,SIDNEY,MT,72.0,2,Day,Cloudy,Yard,Freight Train,3,3884,207335,211219,H607,47.718350000000001,-104.13965
EJR,10191,2020-10-19,2:00 PM,Side collision,0,BAYONNE,NJ,60.0,2,Day,Rain,Yard,Yard/switching,5,20000,0,23500,H021,40.658990000000003,-74.106409999999997
CSX,000189378,2020-03-29,9:45 AM,Derailment,0,RIVERDALE,IL,53.0,2,Day,Clear,Yard,Freight Train,5,18142,3050,21192,H702,41.649836000000001,-87.634367999999995
RCPE,RCP4393170,2017-09-25,2:15 AM,Derailment,0,FLORENCE,MN,54.0,4,Dark,Rain,Yard,,0,0,30000,118000,H503,44.267778,-96.013333000000003
BNSF,MT0415109,2015-04-30,4:25 PM,Derailment,0,SILVER BOW PARK,MT,57.0,2,Day,Clear,Main,Freight Train,17,117974,700196,818170,E46C,46.010491999999999,-112.75349900000001
CSX,000200670,2021-10-14,6:55 AM,Rear end collision,0,HAMLET,NC,70.0,1,Dawn,Clear,Yard,Freight Train,4,126002,97,138559,H306,34.925491000000001,-79.646586999999997
CSX,000175812,2018-04-13,1:43 PM,Other impacts,0,MONTGOMERY,AL,78.0,2,Day,Clear,Yard,Yard/switching,10,11700,0,13823,M201,32.375967000000003,-86.32647
UP,0922GP028,2022-09-28,6:00 PM,Obstruction,0,NORTH PLATTE,NE,77.0,3,Dusk,Clear,Yard,Yard/switching,5,11424,0,11424,M404,41.145307000000003,-100.832668
UP,0717TC002,2017-07-09,8:00 AM,Derailment,0,CARLIS,IA,73.0,2,Day,Cloudy,Yard,Freight Train,4,36906,14537,51443,H522,41.524994,-93.499464000000003
UP,0122GC055,2022-01-12,9:00 PM,Other impacts,0,MARINGOUIN,LA,44.0,4,Dark,Clear,Yard,Yard/switching,8,252,150,23238,H306,30.530387000000001,-91.557119
BRC,13734,2016-05-31,6:50 PM,Derailment,0,BEDFORD PARK,IL,72.0,3,Dusk,Rain,Yard,,0,0,29775,431269,T221,41.822200000000002,-87.684043000000003
ITHR,230718004,2023-07-18,6:00 PM,Derailment,0,LANSING,NY,67.0,3,Dusk,Rain,Main,Freight Train,9,40000,68000,108000,E64C,42.52178,-76.523573999999996
NJTR,201503152,2015-03-02,9:30 PM,Derailment,0,RARITAN,NJ,29.0,4,Dark,Clear,Yard,Yard/switching,5,24485,0,24485,H303,40.570354999999999,-74.646584000000004
CSX,000173606,2017-12-21,3:30 PM,Other impacts,0,CUMBERLAND,MD,41.0,2,Day,Clear,Yard,Yard/switching,10,56398,64,116462,H997,39.644503999999998,-78.760839000000004
ATK,164632,2020-06-16,4:49 AM,Obstruction,0,WADE,NC,60.0,4,Dark,Cloudy,Main,Passenger Train - Pulling,78,11933,0,11933,M404,35.166721000000003,-78.730987999999996
ARR,2022151,2022-09-20,12:00 PM,Other impacts,0,ANCHORAGE,AK,50.0,2,Day,Rain,Siding,Spec. MoW Equip.,20,35000,70000,105000,H999,61.143999999999998,-149.87299999999999
LI,68968,2019-01-03,1:01 PM,Derailment,0,RICHMOND HILL,NY,42.0,2,Day,Clear,Yard,Yard/switching,5,8000,7808,15808,H702,40.696956999999998,-73.821918999999994
ISRR,ISR805515G,2015-09-16,9:00 AM,Hwy-rail crossing,0,INDIANAPOLIS,IN,80.0,2,Day,Clear,Main,Freight Train,10,5000,55000,60000,M302,39.706130000000002,-86.256339999999994
CP,1001543600,2021-08-09,7:36 PM,Other impacts,0,BENSENVILLE,IL,75.0,3,Dusk,Rain,Yard,Freight Train,5,0,120,51315,H306,41.950989,-87.914855000000003
BNSF,PR0723109,2023-07-27,1:00 AM,Other (describe in narrative),0,HASTINGS,NE,81.0,4,Dark,Clear,Yard,Yard/switching,4,21628,0,21628,H318,40.583604000000001,-98.397575000000003
CSX,000163352,2016-10-05,11:55 AM,Derailment,0,CUMBERLAND,MD,65.0,2,Day,Cloudy,Yard,Cut of cars,4,17857,106,17963,M411,39.644503999999998,-78.760839000000004
BRC,14457,2021-05-18,9:00 AM,Derailment,0,BEDFORD PARK,IL,70.0,2,Day,Cloudy,Yard,Yard/switching,4,11393,250,11643,T220,41.767719,-87.742249999999999
BNSF,HL0320117,2020-03-27,5:29 PM,Derailment,0,LINCOLN,NE,54.0,3,Dusk,Clear,Yard,Yard/switching,4,148737,46599,277482,H599,40.808033000000002,-96.739126999999996
BNSF,TC0319128,2019-03-28,7:15 AM,Derailment,0,RUTHTON,MN,25.0,1,Dawn,Clear,Industry,Cut of cars,0,8933,0,156092,H704,44.169288999999999,-96.111237000000003
SNJX,20201005,2020-10-05,7:35 PM,Fire/violent rupture,0,PENNSAUKEN,NJ,66.0,4,Dark,Clear,Main,DMU,0,25000,0,25000,M406,39.978388000000002,-75.061947000000004
NS,121040,2016-06-28,5:04 PM,Other impacts,0,BALTIMORE,MD,72.0,3,Dusk,Cloudy,Industry,Freight Train,8,13200,0,25200,H302,39.258857999999996,-76.538016999999996
MBTA,2024079,2024-04-10,3:00 PM,Other impacts,0,WILMINGTON,MA,80.0,2,Day,Clear,Main,,10,0,39817,39817,H999,0.0,0.0
UP,0115TC007,2015-01-22,11:55 AM,Other impacts,0,SHAKOPEE,MN,33.0,2,Day,Clear,Yard,Cut of cars,2,6651,0,15284,H020,44.789214000000001,-93.418700000000001
NJTR,202002095,2020-01-26,4:48 PM,Other impacts,0,DOVER,NJ,41.0,2,Day,Cloudy,Yard,Light loco(s),0,71942,0,140596,H607,40.883684000000002,-74.550163999999995
BNSF,PR1217101,2017-12-03,6:00 PM,Derailment,0,ALLIANCE,NE,55.0,3,Dusk,Clear,Yard,Light loco(s),5,11943,500,12443,H019,42.092151000000001,-102.877769
BNSF,MT1217106,2017-12-31,4:00 PM,Derailment,0,GREAT FALLS,MT,-20.0,2,Day,Clear,Yard,Yard/switching,6,27494,10000,37494,M101,47.502457,-111.323475
CRSH,114343,2015-02-13,4:15 AM,Derailment,0,PORT READING,NJ,5.0,1,Dawn,Cloudy,Yard,Freight Train,5,28146,0,28146,H306,40.566578999999997,-74.250974999999997
NS,155560,2024-01-25,3:30 PM,Derailment,0,ELKHART,IN,36.0,2,Day,Clear,Yard,Yard/switching,4,3431,14969,18400,M411,41.677391999999998,-85.978437
NOPB,D20181103F,2018-11-03,1:50 PM,Derailment,0,METAIRIE,LA,72.0,2,Day,Clear,Main,,0,0,6000,65134,H503,29.970151000000001,-90.173805999999999
UPME,0220CM002,2020-02-03,11:58 PM,Derailment,0,CRYSTAL LAKE,IL,34.0,4,Dark,Cloudy,Yard,Commuter Train - Pulling,0,4438,0,38917,H303,42.24521,-88.318865000000002
CVR,CVR020321D,2021-02-03,7:00 PM,Side collision,0,ULYSSES,KS,51.0,3,Dusk,Cloudy,Industry,Freight Train,5,50855,0,82270,H399,37.539999999999999,-101.192222
UP,0823PR003,2023-08-05,5:35 PM,Derailment,0,BUDA,IL,81.0,2,Day,Cloudy,Main,Freight Train,36,13640,110568,251255,E53C,41.334814999999999,-89.700986999999998
UP,0818NP025,2018-08-11,8:49 PM,Other (describe in narrative),0,PINE BLUFFS,WY,85.0,4,Dark,Clear,Main,Freight Train,45,270902,0,270902,E73L,41.184243000000002,-104.06832799999999
BNSF,HL0518117,2018-05-28,1:21 AM,Derailment,0,LINCOLN,NE,72.0,4,Dark,Clear,Yard,Light loco(s),3,18000,4000,22000,H307,40.809437000000003,-96.735235000000003
CRSH,129192,2018-04-18,8:20 PM,Derailment,0,DETROIT,MI,41.0,4,Dark,Clear,Main,,0,0,1000,33680,E00C,42.327038999999999,-83.098265999999995
BNSF,PR0123202,2023-01-07,3:14 AM,Hwy-rail crossing,0,SCOTTSBLUFF,NE,43.0,4,Dark,Clear,Main,Freight Train,45,2656,22000,24656,M302,41.861922999999997,-103.665622
UP,1219MA022,2019-12-11,6:44 PM,Derailment,0,MADISON,IL,36.0,3,Dusk,Clear,Yard,Freight Train,7,2749,0,19491,H503,38.673023999999998,-90.162999999999997
UP,0317NP041,2017-03-19,9:01 PM,Other impacts,0,NORTH PLATTE,NE,50.0,4,Dark,Clear,Yard,Single Car,0,4241,0,12060,H522,41.147010999999999,-100.84159200000001
LI,EQ20150903,2015-09-15,1:10 PM,Derailment,0,HICKSVILLE,NY,80.0,2,Day,Clear,Main,,0,0,200000,250000,M599,40.760680000000001,-73.555530000000005
UP,0117SL006,2017-01-01,2:20 AM,Derailment,0,EAST ST LOUIS,IL,29.0,4,Dark,Cloudy,Yard,Freight Train,7,24096,0,72695,M405,38.586939000000001,-90.130195999999998
UP,0521GC019,2021-05-09,8:38 AM,Hwy-rail crossing,0,COUSHATTA,LA,74.0,2,Day,Cloudy,Main,Freight Train,43,37414,15000,52414,M304,31.980081999999999,-93.363477000000003
BNSF,TC0417105,2017-04-05,6:17 AM,Derailment,0,LAUREL,NE,40.0,1,Dawn,Clear,Main,Freight Train,10,100000,1655153,1755153,T221,42.431216999999997,-97.088442999999998
UP,0316SL001,2016-03-06,3:40 AM,Derailment,0,SPARTA,IL,40.0,4,Dark,Cloudy,Industry,Freight Train,2,80119,7500,87619,M101,38.161208000000002,-89.654308999999998
CPKC,24041006,2024-04-10,12:00 PM,Hwy-rail crossing,0,COUSHATTA,LA,75.0,2,Day,Rain,Main,Freight Train,47,13184,0,13184,M304,32.124690000000001,-93.433769999999996
UP,0823GC006,2023-08-09,6:00 PM,Derailment,0,MARINGOUIN,LA,95.0,3,Dusk,Clear,Yard,Yard/switching,10,2046,4455,103908,S016,30.523019000000001,-91.552747999999994
GTW,945462,2017-12-27,10:05 AM,Hwy-rail crossing,0,RIVERVIEW,MI,12.0,2,Day,Clear,Main,Maint./inspect Car,5,30000,0,30000,H402,42.170699999999997,-83.172202999999996
BNSF,HL1118126,2018-11-26,11:00 AM,Derailment,0,SPRINGFIELD,MO,25.0,2,Day,Clear,Yard,Yard/switching,5,22270,2000,24270,H307,37.212645999999999,-93.279452000000006
GRW,07,2017-03-14,1:00 PM,Derailment,0,GARY,IN,28.0,2,Day,Snow,Industry,Yard/switching,9,10547,4439,14986,H599,41.610779999999998,-87.327372999999994
LIRC,0805202001,2020-08-05,11:40 AM,Hwy-rail crossing,0,SELLERSBURG,IN,75.0,2,Day,Clear,Main,Freight Train,46,10336,8495,18831,M308,38.411586999999997,-85.752319
BNSF,CH0421102,2021-04-06,6:14 AM,Derailment,0,PLANO,IL,60.0,1,Dawn,Clear,Main,Freight Train,29,21600,1000,22600,E33C,41.670025000000003,-88.503200000000007
UP,0916PR017,2016-09-24,7:10 AM,Other impacts,0,NORTHLAKE,IL,65.0,2,Day,Clear,Yard,Single Car,10,23133,99,23232,H601,41.894936999999999,-87.898268000000002
UP,0317PD027,2017-03-15,7:19 AM,Derailment,0,MOYIE SPRINGS,ID,42.0,2,Day,Rain,Main,Freight Train,15,286523,109600,396123,M103,48.765770000000003,-116.170619
TRRA,21024OR,2021-05-07,7:14 AM,Derailment,0,MADISON,IL,47.0,1,Dawn,Clear,Yard,,0,0,16682,18182,H503,38.673749000000001,-90.160779000000005
UP,1018NP029,2018-10-25,2:30 AM,Derailment,0,NORTH PLATTE,NE,46.0,4,Dark,Rain,Yard,Yard/switching,3,43020,10766,53786,S011,41.152566,-100.813142
UP,0818NP030,2018-08-15,5:35 AM,Other impacts,0,NORTH PLATTE,NE,70.0,1,Dawn,Clear,Yard,Yard/switching,10,28413,56360,92717,M411,41.151564999999998,-100.814645
CSX,000147437,2015-06-08,6:39 PM,Derailment,0,CANASTOTA,NY,68.0,2,Day,Cloudy,Main,Freight Train,35,930,19102,20032,E61C,43.073967000000003,-75.793593999999999
UP,1114NP035,2014-11-28,6:38 AM,Derailment,0,NORTH PLATTE,NE,67.0,1,Dawn,Cloudy,Yard,Yard/switching,3,5088,100,12831,M411,41.149068999999997,-100.819498
BNSF,NE0216104,2016-02-03,2:00 AM,Other (describe in narrative),0,SOUTH BEND,NE,10.0,4,Dark,Clear,Main,Freight Train,2,0,38000,38000,H605,40.998511999999998,-96.238049000000004
NJTR,202401054,2023-12-03,7:15 PM,Derailment,0,MORRISTOWN,NJ,49.0,4,Dark,Rain,Main,Work train,29,1200000,130192,1330192,M201,40.863607999999999,-74.472019000000003
MBTA,YR202257,2022-04-22,11:55 PM,Obstruction,0,EVERETT,MA,50.0,4,Dark,Clear,Main,Passenger Train - Pushing,58,39880,0,39880,M402,42.400027999999999,-71.065691999999999
BNSF,HL0921202,2021-09-02,12:10 PM,Hwy-rail crossing,0,DIGGINS,MO,82.0,2,Day,Cloudy,Main,Freight Train,38,32000,16500,48500,M302,37.168914999999998,-92.827409000000003
ATK,143633,2016-08-04,8:08 PM,Other (describe in narrative),0,BALTIMORE,MD,76.0,4,Dark,Clear,Main,Passenger Train - Pulling,39,10463,25085,35548,E79L,38.901178000000002,-77.004513000000003
RLLX,RLLX42122,2022-04-21,3:00 PM,Raking collision,0,LACASSINE,LA,84.0,2,Day,Clear,Yard,Yard/switching,4,11300,0,11300,H302,30.238074999999998,-92.949729000000005
NS,142228,2021-07-16,2:50 PM,Side collision,0,NEW ORLEANS,LA,85.0,2,Day,Cloudy,Yard,Yard/switching,8,12500,46,20974,H020,29.975954000000002,-90.044582000000005
UP,0819RM012,2019-08-11,5:15 AM,Derailment,0,GREEN RIVER,WY,58.0,1,Dawn,Cloudy,Yard,Light loco(s),2,34319,0,34319,H303,41.526373,-109.46684999999999
CC,931391,2017-08-02,10:40 AM,Derailment,0,WATERLOO,IA,80.0,2,Day,Clear,Yard,Cut of cars,0,14000,0,234319,T221,42.507924000000003,-92.332665000000006
MBTA,202328,2023-03-14,3:58 PM,Obstruction,0,COHASSET,MA,36.0,2,Day,Rain,Main,Passenger Train - Pushing,55,88252,0,88252,M404,42.245116000000003,-70.846328999999997
UP,1217KC001,2017-12-02,4:10 PM,Other impacts,0,KANSAS CITY,MO,59.0,2,Day,Clear,Yard,Single Car,4,11505,0,26788,M411,39.122833,-94.514565000000005
UP,0816SL014,2016-08-16,3:30 PM,Obstruction,0,CYPRESS,IL,85.0,2,Day,Cloudy,Main,Freight Train,35,45528,0,45528,M404,37.374119999999998,-88.955360999999996
BNSF,SF0615115,2015-06-20,8:55 AM,Derailment,0,SPRINGFIELD,MO,80.0,1,Dawn,Clear,Yard,Yard/switching,6,4610,27000,31610,H525,37.226908000000002,-93.331006000000002
UP,0920GC035,2020-09-26,2:44 PM,Derailment,0,MARINGOUIN,LA,83.0,2,Day,Clear,Yard,Freight Train,6,27736,33106,60842,H607,30.512025000000001,-91.541065000000003
CRSH,146747,2023-04-30,3:41 PM,Derailment,0,LINDEN,NJ,53.0,2,Day,Rain,Yard,Freight Train,5,177190,4614,181804,H704,40.634571000000001,-74.209194999999994
WC,1142201,2023-12-06,9:40 PM,Side collision,0,GARY,IN,39.0,4,Dark,Cloudy,Yard,Freight Train,2,20000,0,30200,M411,41.628486000000002,-87.412000000000006
CSX,000158914,2016-04-11,6:00 AM,Derailment,0,CUMBERLAND,MD,42.0,4,Dark,Rain,Yard,Cut of cars,3,50674,0,50674,M411,39.628222999999998,-78.742531
ATK,167764,2021-07-18,12:00 AM,Obstruction,0,KENLY,NC,88.0,4,Dark,Cloudy,Main,Passenger Train - Pulling,0,12849,0,12849,M404,35.578643999999997,-78.165445000000005
LSRC,D220903,2022-09-03,1:00 PM,Derailment,0,BAY CITY,MI,85.0,2,Day,Cloudy,Main,Freight Train,6,13103,12000,25103,T221,43.629327000000004,-83.834450000000004
UP,0320GP029,2020-03-28,7:40 AM,Obstruction,0,SIDNEY,NE,32.0,2,Day,Snow,Siding,Cut of cars,20,500,5358,14383,M105,41.147505000000002,-102.935061
NS,118014,2015-10-31,6:05 PM,Other impacts,0,HALFWAY,MD,50.0,3,Dusk,Cloudy,Yard,Freight Train,6,5850,100,20650,H018,39.614314999999998,-77.740844999999993
IHB,2671,2021-03-09,2:10 AM,Side collision,0,RIVERDALE,IL,45.0,4,Dark,Cloudy,Yard,Single Car,0,5078,0,90961,S014,41.639710999999998,-87.645171000000005
CSX,000158689,2016-04-01,6:00 PM,Other impacts,0,BIRMINGHAM,AL,70.0,3,Dusk,Clear,Yard,Single Car,4,16505,350,17052,M408,33.513494000000001,-86.803837000000001
BNSF,CH0517108,2017-05-13,6:10 AM,Derailment,0,BOSWORTH,MO,53.0,1,Dawn,Clear,Main,Freight Train,18,391854,671062,1062916,H503,39.495749000000004,-93.284392999999994
CSX,000149182,2015-07-14,6:05 AM,Other impacts,0,AVON,IN,69.0,1,Dawn,Cloudy,Yard,Yard/switching,7,0,0,128906,S016,39.759779000000002,-86.328326000000004
CSX,000179456,2018-10-22,4:56 PM,Derailment,0,SHORTER,AL,60.0,2,Day,Clear,Main,Freight Train,45,11941,355,12296,E53C,32.416001999999999,-85.96463
UP,0822GL002,2022-08-04,8:07 PM,Derailment,0,COUNCIL BLUFFS,IA,82.0,4,Dark,Clear,Yard,Freight Train,2,40754,3332,44086,M501,41.253475000000002,-95.861885000000001
CSX,000215134,2023-12-18,7:30 AM,Derailment,0,EAST SYRACUSE,NY,40.0,1,Dawn,Rain,Yard,Freight Train,3,10964,22610,33574,M405,43.067062,-76.048430999999994
NIRC,9419000697,2022-02-13,11:15 PM,Other impacts,0,CHICAGO,IL,14.0,4,Dark,Cloudy,Main,,0,0,39710,39710,M599,41.800620000000002,-87.587090000000003
NOPB,D20181005F,2018-10-05,5:05 AM,Derailment,0,JEFFERSON,LA,75.0,4,Dark,Clear,Main,,0,0,19000,261084,H503,29.970714999999998,-90.170542999999995