reportingrailroadcode,accidentnumber,date,time,accidenttype,hazmatreleasedcars,station,stateabbr,temperature,visibility_code,visibility,weathercondition,tracktype,equipmenttype,trainspeed,equipmentdamagecost,trackdamagecost,totaldamagecost,primaryaccidentcausecode,latitude,longitude
BNSF,HL0624201,2024-06-03,9:29 AM,Hwy-rail crossing,0,WEST PLAINS,MO,82.0,2,Day,Cloudy,Main,Freight Train,41,30000,13353,43353,M302,36.732799,-91.854962999999998
ATK,140441,2015-12-17,10:35 AM,Hwy-rail crossing,0,TIPTON,MO,35.0,2,Day,Cloudy,Main,Passenger Train - Pulling,72,21342,0,21342,M302,38.663051000000003,-92.815779000000006
UP,0923HL018,2023-09-19,9:30 PM,Other impacts,0,KANSAS CITY,KS,69.0,4,Dark,Clear,Yard,Freight Train,4,51489,0,123981,H307,39.097105999999997,-94.669156999999998
UP,0319RM052,2019-03-03,12:10 AM,Other (describe in narrative),0,BUFORD,WY,-2.0,4,Dark,Snow,Main,Freight Train,32,11168,0,11168,E39C,41.123168,-105.33041799999999
NS,121690,2016-08-15,10:30 AM,Derailment,0,MONTPELIER,IN,72.0,2,Day,Rain,Industry,Freight Train,2,18459,0,18459,H306,40.538218000000001,-85.292150000000007
UP,0419RM039,2019-04-28,11:09 AM,Derailment,0,LARAMIE,WY,59.0,2,Day,Cloudy,Main,Freight Train,4,8691,18564,27255,H522,41.290824999999998,-105.59900399999999
BNSF,KS1223106,2023-12-08,12:30 PM,Other (describe in narrative),0,HOLCOMB,KS,48.0,2,Day,Clear,Yard,Yard/switching,4,31140,0,31140,H302,37.994145000000003,-101.03440999999999
NIRC,2020071986,2020-10-12,6:18 PM,Side collision,0,UNIVERSITY PARK,IL,50.0,4,Dark,Clear,Yard,EMU,9,261590,12981,337630,H399,41.436934999999998,-87.733542
ATK,166949,2021-04-29,12:02 PM,Derailment,0,CHICAGO,IL,54.0,2,Day,Clear,Yard,Yard/switching,7,10400,3028,13428,H702,41.862479999999998,-87.636049999999997
UP,0216LV009,2016-02-16,7:56 AM,Hwy-rail crossing,0,PALMETTO,LA,64.0,2,Day,Clear,Main,Freight Train,37,6376,29321,35697,M304,30.717587000000002,-91.890097999999995
NS,126213,2017-08-14,6:45 AM,Derailment,0,GREENSBORO,NC,72.0,1,Dawn,Rain,Yard,Freight Train,2,12442,5113,17555,H702,36.059927000000002,-79.842016999999998
CSX,000208040,2022-10-27,9:16 AM,Hwy-rail crossing,0,FORTVILLE,IN,39.0,2,Day,Clear,Main,Freight Train,40,15314,2447,17761,M308,39.916718000000003,-85.881136999999995
UP,0523HL014,2023-05-15,7:05 PM,Derailment,0,COFFEYVILLE,KS,69.0,3,Dusk,Cloudy,Industry,Yard/switching,5,800,0,28200,T220,37.036777999999998,-95.613541999999995
NJTR,202401035,2023-12-20,6:53 AM,Obstruction,0,CAMPBELL HALL,NY,25.0,2,Day,Clear,Main,Commuter Train - Pushing,77,116759,0,117447,M402,41.462052,-74.288009000000002
ARR,2021118,2021-08-16,1:15 PM,Obstruction,0,WILLOW,AK,60.0,2,Day,Clear,Main,Spec. MoW Equip.,15,5726,0,15675,H102,62.050600000000003,-150.0763
ATK,156888,2018-12-27,5:22 PM,Obstruction,0,JACKSON,MS,59.0,3,Dusk,Rain,Main,Passenger Train - Pulling,80,12009,0,12044,M404,32.169497999999997,-90.252243000000007
UP,0124GL018,2024-01-11,5:59 PM,Derailment,0,OMAHA,NE,13.0,2,Day,Snow,Main,Yard/switching,7,10191,56500,66691,H511,41.249733999999997,-95.921785999999997
UP,0818NP011,2018-08-05,5:10 PM,Other impacts,0,NORTH PLATTE,NE,76.0,2,Day,Cloudy,Yard,Yard/switching,3,7258,300,18717,H307,41.148049,-100.804333
UP,1019PR024,2019-10-29,8:25 AM,Derailment,0,NORTHLAKE,IL,37.0,2,Day,Cloudy,Yard,Yard/switching,7,42526,2000,44526,H703,41.923766999999998,-87.914672999999993
BNSF,MT0717109,2017-07-17,10:55 AM,Derailment,0,ESSEX,MT,64.0,2,Day,Clear,Main,Maint./inspect Car,35,70000,0,140000,H402,48.284751999999997,-113.61150600000001
NS,126759,2017-09-24,3:00 PM,Derailment,0,MOBILE,AL,80.0,2,Day,Clear,Yard,Cut of cars,0,400,0,25199,H312,30.703907000000001,-88.046943999999996
UP,0216PC006,2016-02-20,9:00 AM,Hwy-rail crossing,0,NAMPA,ID,47.0,2,Day,Clear,Main,Freight Train,48,0,12801,12801,M308,43.603206,-116.593141
UP,0117PR020,2017-01-30,8:00 AM,Other (describe in narrative),0,NORTHLAKE,IL,25.0,2,Day,Clear,Yard,Single Car,6,71312,0,71312,M411,41.909328000000002,-87.915139999999994
CSX,000162175,2016-08-16,10:40 AM,Derailment,0,BIRMINGHAM,AL,85.0,2,Day,Clear,Yard,Cut of cars,4,15858,210,16068,S013,33.543607000000002,-86.790088999999995
MRL,2017164,2017-12-29,4:37 AM,Other (describe in narrative),0,WINSTON,MT,-5.0,4,Dark,Snow,Main,Freight Train,5,0,13000,13000,H702,46.460000000000001,-111.64
KCS,21120803,2021-12-08,6:40 PM,Derailment,0,KANSAS CITY,MO,47.0,4,Dark,Cloudy,Yard,Freight Train,6,99961,104750,204711,H703,39.116697000000002,-94.565556000000001
BNSF,SW0623104,2023-06-10,9:05 AM,Derailment,0,BELEN,NM,72.0,2,Day,Clear,Yard,Yard/switching,3,37284,3000,40284,H503,34.642359999999996,-106.77124499999999
CSX,000172161,2017-10-12,2:50 PM,Derailment,0,BRIDGEPORT,AL,78.0,2,Day,Cloudy,Yard,Freight Train,7,25080,80024,105104,H303,34.930605999999997,-85.756463999999994
KCS,17111401,2017-11-14,2:01 AM,Other (describe in narrative),0,VICKSBURG,MS,47.0,4,Dark,Clear,Main,Freight Train,16,11000,500,11500,E22C,32.351590000000002,-90.736357999999996
NS,156868,2024-05-28,8:30 AM,Derailment,0,OSCEOLA,IN,62.0,2,Day,Clear,Yard,Yard/switching,4,32712,53340,86052,M409,41.666583000000003,-86.033423999999997
BNSF,TC0715120,2015-07-03,1:45 PM,Other (describe in narrative),0,LITTLE FALLS,MN,92.0,2,Day,Clear,Siding,Spec. MoW Equip.,0,25000,0,25250,H997,46.001489999999997,-94.385141000000004
NJTR,202009306,2020-09-04,11:07 PM,Derailment,0,KEARNY,NJ,60.0,4,Dark,Clear,Yard,Yard/switching,5,18150,0,18150,E64C,40.744275999999999,-74.102995000000007
NS,145806,2022-07-12,3:15 PM,Side collision,0,NEW ORLEANS,LA,90.0,2,Day,Clear,Yard,Single Car,0,14420,0,48907,H310,29.985592,-90.042207000000005
ATK,154196,2018-07-11,8:07 PM,Obstruction,0,NEW CARROLLTON,MD,80.0,3,Dusk,Clear,Main,Passenger Train - Pulling,122,21354,0,21354,M509,38.948179000000003,-76.871668
UP,0316LV015,2016-03-25,10:43 AM,Other impacts,0,AVONDALE,LA,75.0,2,Day,Cloudy,Yard,Yard/switching,8,6354,99,15218,H021,29.917998000000001,-90.184205000000006
KCS,19120101,2019-12-01,8:55 AM,Derailment,0,LEESVILLE,LA,60.0,2,Day,Clear,Yard,Yard/switching,10,8138,7727,15865,H018,31.123647999999999,-93.266677000000001
UP,0917NP039,2017-09-29,9:30 AM,Derailment,0,NORTH PLATTE,NE,58.0,2,Day,Cloudy,Yard,Yard/switching,7,10617,1416,12033,M409,41.151243000000001,-100.81533
UP,0521GL003,2021-05-05,3:00 AM,Derailment,0,COLUMBUS,NE,37.0,4,Dark,Cloudy,Yard,Yard/switching,5,14995,47878,62873,H307,41.426969,-97.379608000000005
BNSF,KS1114109,2014-11-17,8:30 PM,Derailment,0,AUGUSTA,KS,28.0,3,Dusk,Clear,Main,Freight Train,5,900,15450,16350,H702,37.692926,-96.953879000000001
UP,0419RM042,2019-04-30,4:00 PM,Other impacts,0,GREEN RIVER,WY,48.0,2,Day,Cloudy,Yard,Yard/switching,5,43273,8100,71388,H309,41.520662000000002,-109.45443
BNSF,MT0724107,2024-07-24,4:35 PM,Derailment,0,HAVRE,MT,110.0,2,Day,Clear,Yard,Yard/switching,10,9476,5242,14718,E46C,48.554273999999999,-109.668646
BNSF,HL1218118,2018-12-21,2:20 PM,Derailment,0,MARSTON,MO,35.0,2,Day,Clear,Industry,Freight Train,1,14634,0,14634,M501,36.521740999999999,-89.571641
EMRY,176462,2019-09-24,8:15 PM,Other impacts,0,BROWNVILLE,ME,52.0,4,Dark,Clear,Main,Cut of cars,2,12700,5000,32800,H008,45.335182000000003,-68.828393000000005
WC,1108867,2022-07-19,11:28 PM,Derailment,0,ESCANABA,MI,76.0,4,Dark,Clear,Main,Freight Train,23,46316,93000,139316,T211,45.780431999999998,-87.101742000000002
CSX,000218805,2024-06-22,11:15 AM,Derailment,0,LAFAYETTE,IN,84.0,2,Day,Clear,Yard,Freight Train,5,596455,30594,627049,H303,40.425044999999997,-86.893601000000004
BNSF,TC0917103,2017-09-17,6:00 AM,Derailment,0,FRIDLEY,MN,51.0,1,Dawn,Cloudy,Yard,Yard/switching,2,1335,12000,13335,M411,45.039558,-93.272998000000001
CSX,000199754,2021-08-28,8:20 AM,Derailment,0,DOLTON,IL,75.0,2,Day,Clear,Main,Freight Train,8,195738,16206,211944,E24C,41.644280999999999,-87.616979999999998
UP,1222GP001,2022-12-01,1:44 AM,Other impacts,0,NORTH PLATTE,NE,29.0,4,Dark,Clear,Yard,Single Car,0,0,0,24468,M407,41.148263999999998,-100.841374
CSX,000209272,2023-01-13,1:05 PM,Derailment,0,RUSSELL,KY,38.0,2,Day,Cloudy,Yard,Yard/switching,6,16700,100,16800,E59C,38.543407999999999,-82.730346999999995
UP,1220PR022,2020-12-08,4:30 AM,Other impacts,0,BEDFORD PARK,IL,35.0,4,Dark,Cloudy,Yard,Freight Train,0,79565,0,107602,H306,41.764749999999999,-87.679131999999996
UP,0819HL031,2019-08-19,4:31 AM,Derailment,0,INDEPENDENCE,MO,76.0,1,Dawn,Clear,Main,Freight Train,13,715306,239048,1051941,H508,39.112603,-94.476961000000003
NS,140400,2021-01-26,8:40 AM,Obstruction,0,WINSTON SALEM,NC,35.0,2,Day,Cloudy,Siding,Spec. MoW Equip.,3,0,0,14000,H997,36.146337000000003,-80.260140000000007
UP,0817KC033,2017-08-28,4:40 PM,Derailment,0,ST JOSEPH,MO,82.0,2,Day,Clear,Yard,Yard/switching,7,30383,3240,33623,T221,39.737845,-94.862481000000002
UP,1123GP012,2023-11-10,7:45 PM,Derailment,0,NORTH PLATTE,NE,41.0,3,Dusk,Clear,Yard,Yard/switching,4,8740,5280,14020,E67C,41.153953000000001,-100.871933
GRS,20210315G1,2021-03-15,11:45 PM,Hwy-rail crossing,0,NEW GLOUCESTER,ME,32.0,4,Dark,Clear,Main,Freight Train,25,0,15001,15001,M302,43.853870000000001,-70.244389999999996
CSX,000154935,2015-12-06,1:39 AM,Side collision,0,BIRMINGHAM,AL,42.0,4,Dark,Clear,Yard,Yard/switching,7,59683,0,63284,H607,33.513494999999999,-86.803837000000001
CSX,000202137,2022-01-01,1:04 AM,Derailment,0,ROMULUS,MI,45.0,4,Dark,Cloudy,Main,Freight Train,33,739426,430187,1169613,E62C,42.195543000000001,-83.394502000000003
CSX,000199555,2021-08-19,2:04 AM,Derailment,0,FEURA BUSH,NY,72.0,4,Dark,Rain,Yard,Freight Train,10,10878,500,11378,E07C,42.565902999999999,-73.854184000000004
UP,0719RM035,2019-07-27,6:50 PM,Derailment,0,GREEN RIVER,WY,77.0,3,Dusk,Clear,Main,Freight Train,13,18924,116940,135864,H503,41.529269999999997,-109.471031
TRRA,24006OR,2024-03-08,6:57 AM,Derailment,0,VENICE,IL,52.0,2,Day,Clear,Yard,Freight Train,0,0,63993,69693,H503,38.676144000000001,-90.164354000000003
NJTR,201702039,2017-01-31,8:30 PM,Other impacts,0,KEARNY,NJ,32.0,4,Dark,Cloudy,Yard,Light loco(s),3,36142,0,73002,H306,40.744315,-74.107928000000001
IC,903452,2016-10-12,9:20 AM,Other (describe in narrative),0,ARGO,IL,65.0,2,Day,Cloudy,Siding,Light loco(s),2,43127,0,43127,H318,41.767052,-87.830021000000002
BNSF,PR0123101,2023-01-02,4:00 PM,Derailment,0,ALLIANCE,NE,22.0,2,Day,Snow,Yard,Light loco(s),5,14476,1500,15976,M101,42.086544000000004,-102.88729600000001
WC,856683,2015-06-25,5:20 PM,Other impacts,0,GARY,IN,78.0,2,Day,Cloudy,Yard,Yard/switching,4,8204,6950,140598,H310,41.626449999999998,-87.394049999999993
CSX,000198833,2021-07-13,8:10 PM,Side collision,0,AVON,IN,82.0,2,Day,Clear,Yard,Light loco(s),0,152608,6128,283736,H401,39.759791,-86.327526000000006
NYSW,150721B,2015-07-21,5:36 PM,Derailment,0,UTICA,NY,76.0,2,Day,Clear,Yard,Single Car,28,17742,5000,22742,M502,43.104771999999997,-75.223337999999998
BNSF,NE1214112,2014-12-24,12:39 PM,Derailment,0,FREMONT,NE,31.0,2,Day,Cloudy,Yard,Freight Train,8,92476,163666,256142,T221,41.427698999999997,-96.495414999999994
UP,1123HL025,2023-11-23,1:20 AM,Derailment,0,PEABODY,KS,38.0,4,Dark,Clear,Main,,0,0,63927,136010,H019,38.163463,-97.110795999999993
CSX,000139288,2014-12-24,2:23 PM,Derailment,0,CINCINNATI,OH,45.0,2,Day,Rain,Yard,Yard/switching,9,20934,2000,22934,H307,39.102276000000003,-84.542438000000004
BNSF,CH0216115,2016-02-29,11:53 PM,Other (describe in narrative),0,CHICAGO,IL,38.0,4,Dark,Clear,Main,,0,0,35000,35000,H404,41.860405999999998,-87.641065999999995
GTW,1134842,2023-06-27,12:30 PM,Side collision,0,BATTLE CREEK,MI,72.0,2,Day,Cloudy,Yard,Light loco(s),2,27642,0,27866,H301,42.335284000000001,-85.143471000000005
CC,931391,2017-08-02,10:40 AM,Derailment,0,WATERLOO,IA,80.0,2,Day,Clear,Yard,Freight Train,5,24200,196119,234319,T221,42.507924000000003,-92.332665000000006
NS,132616,2019-01-27,8:45 PM,Other (describe in narrative),0,NORTH KANSAS CITY,MO,45.0,4,Dark,Clear,Yard,Light loco(s),5,17254,0,17254,H702,39.130755999999998,-94.569776000000005
NOPB,D20170319T,2017-03-19,4:15 AM,Side collision,0,NEW ORLEANS,LA,65.0,4,Dark,Cloudy,Siding,Freight Train,4,0,0,77000,H306,29.915469000000002,-90.117013999999998
UP,1223GC027,2023-12-19,7:54 PM,Other impacts,0,MARINGOUIN,LA,66.0,3,Dusk,Cloudy,Yard,Single Car,8,12556,0,12556,M411,30.525257,-91.553708
IC,900562,2016-09-12,11:00 AM,Other impacts,0,BATON ROUGE,LA,89.0,2,Day,Clear,Yard,Yard/switching,3,10005,25,21730,H318,30.474910999999999,-91.188372999999999
NS,128528,2018-02-14,1:14 PM,Derailment,0,SPENCER,NC,60.0,2,Day,Clear,Yard,Freight Train,12,90900,0,90900,H601,35.728973000000003,-80.345438999999999
CSX,000177377,2018-07-03,9:35 PM,Derailment,0,DEARBORN,MI,80.0,4,Dark,Clear,Yard,Cut of cars,5,4455,0,88876,H020,42.296850999999997,-83.145398
NS,126657,2017-09-16,4:25 PM,Derailment,0,MUSCLE SHOALS,AL,75.0,3,Dusk,Cloudy,Yard,Freight Train,7,12356,4930,17286,H210,34.712550999999998,-87.616781000000003
NS,128529,2018-02-14,8:01 AM,Hwy-rail crossing,0,SLIDELL,LA,72.0,2,Day,Clear,Main,,0,0,0,46296,M304,30.311568999999999,-89.769660000000002
NS,139414,2020-10-06,5:00 AM,Side collision,0,CHARLOTTE,NC,72.0,1,Dawn,Clear,Main,Freight Train,7,81370,0,81870,H306,35.228141999999998,-80.852528000000007
MNR,346845,2020-10-10,9:20 AM,Derailment,0,MASARDIS,ME,55.0,2,Day,Clear,Yard,Yard/switching,10,10248,7857,18105,T221,46.556978999999998,-68.375941999999995
BNSF,HL0423109,2023-04-21,8:10 PM,Derailment,0,OMAHA,NE,46.0,3,Dusk,Clear,Yard,Yard/switching,6,7010,8962,15972,H318,41.219315000000002,-95.926726000000002
ATK,169821,2022-02-21,4:46 PM,Hwy-rail crossing,0,JAMESTOWN,NC,64.0,2,Day,Cloudy,Main,Passenger Train - Pulling,56,28823,0,68823,M302,35.991844999999998,-79.938867999999999
IC,941599,2017-11-12,5:30 AM,Derailment,0,HOMEWOOD,IL,40.0,4,Dark,Cloudy,Yard,Freight Train,5,15000,59655,74655,H702,41.590755999999999,-87.646600000000007
BNSF,HL0521105,2021-05-14,10:45 PM,Derailment,0,LINCOLN,NE,60.0,4,Dark,Clear,Yard,Freight Train,10,46500,1000,47500,H607,40.80818,-96.777125999999996
BNSF,TC0715120,2015-07-03,1:45 PM,Other (describe in narrative),0,LITTLE FALLS,MN,92.0,2,Day,Clear,Siding,Spec. MoW Equip.,10,250,0,25250,H997,46.001049000000002,-94.385141000000004
CRSH,139148,2020-09-13,2:14 AM,Derailment,0,ELIZABETH,NJ,74.0,4,Dark,Clear,Yard,,0,0,17503,119041,H704,40.670051999999998,-74.175199000000006
NJTR,201501003,2015-01-04,12:56 AM,Obstruction,0,ATLANTIC CITY,NJ,51.0,4,Dark,Clear,Main,Commuter Train - Pushing,79,14496,15000,29496,M402,39.477145,-74.577323000000007
BRC,014544,2022-06-01,10:20 PM,Derailment,0,BEDFORD PARK,IL,79.0,4,Dark,Cloudy,Industry,,0,0,5000,46743,H704,41.768009999999997,-87.78116
UP,0723GP022,2023-07-15,4:42 AM,Derailment,0,NORTH PLATTE,NE,61.0,1,Dawn,Clear,Yard,Freight Train,10,12843,3432,16275,M501,41.152718,-100.881218
CSX,000175758,2018-04-11,3:05 AM,Other impacts,0,CUMBERLAND,MD,36.0,4,Dark,Cloudy,Yard,Cut of cars,4,20826,0,20826,H318,39.644503999999998,-78.760839000000004
IC,921033,2017-04-30,9:43 AM,Rear end collision,0,MONEY,MS,55.0,2,Day,Rain,Main,Freight Train,33,2242078,353072,4416059,H605,33.650754999999997,-90.208319000000003
UP,0116NP010,2016-01-26,10:12 AM,Derailment,0,NORTH PLATTE,NE,25.0,2,Day,Clear,Yard,Single Car,0,15026,0,224922,S016,41.150601000000002,-100.84558699999999
UP,0819HL006,2019-08-06,7:45 PM,Derailment,0,KANSAS CITY,MO,88.0,3,Dusk,Clear,Yard,Yard/switching,2,4799,19500,24299,M405,39.113855999999998,-94.480960999999994
BNSF,TC0318106,2018-03-07,1:00 PM,Derailment,0,FARGO,ND,18.0,2,Day,Clear,Yard,Yard/switching,10,77653,0,77653,H402,46.891942999999998,-96.825485999999998
ATK,172447,2022-10-22,12:15 AM,Other (describe in narrative),0,LINDEN,NJ,50.0,4,Dark,Clear,Main,Passenger Train - Pulling,43,18754,0,18754,E78L,40.621650000000002,-74.260232999999999
ARR,2023111,2023-07-14,11:30 AM,RR grade crossing,0,PALMER,AK,65.0,2,Day,Clear,Industry,Spec. MoW Equip.,3,0,0,0,M302,61.341500000000003,-149.0926
UP,0221GP007,2021-02-07,11:22 AM,Other impacts,0,NORTH PLATTE,NE,2.0,2,Day,Snow,Yard,Single Car,0,12726,0,253326,S007,41.148570999999997,-100.84716
IC,944788,2017-12-19,8:20 AM,Hwy-rail crossing,0,GLENDORA,MS,50.0,2,Day,Cloudy,Main,,0,0,25,24983,M302,34.014232999999997,-90.281498999999997
BNSF,KS0921102,2021-09-03,5:33 AM,Other impacts,0,KANSAS CITY,KS,80.0,1,Dawn,Clear,Yard,Yard/switching,10,55929,0,55929,M407,39.084249999999997,-94.690066999999999
CRSH,114267,2015-02-07,8:00 PM,Derailment,0,CAMDEN,NJ,35.0,4,Dark,Clear,Yard,Yard/switching,4,37806,300,38106,H601,39.949173000000002,-75.100639999999999
UP,1021GC001,2021-10-02,3:30 PM,Other impacts,0,LOTTIE,LA,83.0,2,Day,Rain,Yard,Yard/switching,0,14360,0,120184,H306,30.520731999999999,-91.549581000000003
IC,906029,2016-11-10,5:45 AM,Derailment,0,CRENSHAW,MS,38.0,4,Dark,Clear,Main,Freight Train,36,661660,1648713,2310373,E61C,34.50367,-90.195696999999996
MRL,2018028,2018-02-23,4:26 AM,Side collision,0,LAUREL,MT,0.0,4,Dark,Clear,Yard,Freight Train,0,21000,0,23000,H607,45.682000000000002,-108.715
SNJX,12012016,2016-12-01,6:09 AM,Obstruction,0,FLORENCE,NJ,51.0,1,Dawn,Clear,Main,DMU,55,30355,0,30355,M404,40.109752,-74.784750000000003
BNSF,GC0316112,2016-03-23,9:20 AM,Other (describe in narrative),0,LAFAYETTE,LA,65.0,2,Day,Clear,Yard,Yard/switching,8,12166,250,12416,H607,30.234878999999999,-92.055884000000006
BNSF,HL1022115,2022-10-24,10:30 AM,Other impacts,0,MONETT,MO,45.0,2,Day,Rain,Yard,,0,0,500000,500000,H021,36.920009,-93.920122000000006
ARR,2021177,2021-12-13,1:00 PM,Rear end collision,0,SEWARD,AK,-3.0,2,Day,Clear,Main,Spec. MoW Equip.,36,0,0,11000,H402,60.628500000000003,-149.24719999999999
CRSH,129162,2018-04-14,5:20 PM,Raking collision,0,RIVER ROUGE,MI,36.0,3,Dusk,Rain,Yard,Yard/switching,5,38998,0,40000,H318,42.261456000000003,-83.142938000000001
CSX,000207348,2022-09-19,6:00 PM,Other impacts,0,DEARBORN,MI,75.0,3,Dusk,Cloudy,Yard,Yard/switching,6,11351,2746,15789,H302,42.305450999999998,-83.151686999999995
UP,0723HL025,2023-07-25,9:31 AM,Fire/violent rupture,0,LIBERAL,KS,81.0,2,Day,Clear,Yard,Single Car,0,32712,0,32712,M406,37.047769000000002,-100.904146
BNSF,KS0723103,2023-07-07,12:20 PM,Other (describe in narrative),0,KANSAS CITY,KS,80.0,2,Day,Clear,Yard,Yard/switching,8,27014,0,74411,H607,39.087130000000002,-94.695712999999998
LI,68966,2018-12-31,12:31 AM,Derailment,0,PORT WASHINGTON,NY,34.0,4,Dark,Cloudy,Yard,EMU,2,135549,13784,149333,M507,40.827953999999998,-73.687033999999997
CSX,000201395,2021-11-18,12:50 PM,Derailment,0,LOUISVILLE,KY,48.0,2,Day,Cloudy,Yard,Freight Train,7,86078,46,86124,H306,38.279949999999999,-85.516779
BNSF,TC1122114,2022-11-24,5:40 PM,Derailment,0,MINNEAPOLIS,MN,40.0,3,Dusk,Clear,Main,Freight Train,5,39000,5000,44000,H525,45.000222999999998,-93.248604999999998
CSX,000193583,2020-11-02,7:35 PM,Derailment,0,INDIANAPOLIS,IN,41.0,3,Dusk,Clear,Yard,Yard/switching,5,27348,800,28148,E30C,39.762937999999998,-86.106987000000004
PATH,I020120,2020-02-01,11:19 AM,Other (describe in narrative),0,JERSEY CITY,NJ,42.0,2,Day,Cloudy,Main,EMU,50,28966,93958,122924,H995,40.724254999999999,-74.055107000000007
ATK,137920,2015-06-22,1:00 AM,Obstruction,0,EDGEWOOD,MD,73.0,4,Dark,Clear,Main,Spec. MoW Equip.,0,100000,0,140000,H699,39.416079000000003,-76.292833999999999
BNSF,SW0818102,2018-08-05,11:38 AM,Derailment,0,CLOVIS,NM,90.0,2,Day,Clear,Yard,Freight Train,6,12276,1300,13576,H307,34.401192999999999,-103.265946
BNSF,TC0117115,2017-01-16,6:28 PM,Derailment,0,MOORHEAD,MN,20.0,3,Dusk,Clear,Yard,Yard/switching,8,13000,500,13500,E34L,46.874220999999999,-96.739305000000002
CSX,000176587,2018-05-24,1:10 AM,Derailment,0,CUMBERLAND,MD,77.0,4,Dark,Clear,Yard,Yard/switching,9,53413,1000,54413,E46C,39.629593999999997,-78.747502999999995
NS,153809,2023-08-03,5:00 PM,Other impacts,0,ST LOUIS,MO,77.0,3,Dusk,Cloudy,Yard,Yard/switching,4,11591,0,12056,H302,38.697316000000001,-90.222123999999994
BNSF,CH0916106,2016-09-13,2:09 AM,Derailment,0,LOCKPORT,IL,61.0,4,Dark,Clear,Industry,Yard/switching,4,3000,0,78000,H306,41.591016000000003,-88.060940000000002
CERR,160701006,2016-07-01,2:30 PM,Raking collision,0,CICERO,IL,72.0,2,Day,Clear,Industry,Freight Train,2,45000,0,45000,H302,41.818350000000002,-87.751818999999998
TRRA,24007,2024-03-26,7:25 AM,Derailment,0,VENICE,IL,40.0,1,Dawn,Clear,Yard,Yard/switching,4,81900,5232,87132,M407,38.663333000000002,-90.160276999999994
GRW,13,2017-06-15,10:00 AM,Derailment,0,GARY,IN,75.0,2,Day,Cloudy,Yard,Yard/switching,9,11197,14343,25540,M599,41.609459999999999,-87.339220999999995
CSX,000199782,2021-08-29,11:28 AM,Derailment,0,FEURA BUSH,NY,68.0,2,Day,Clear,Yard,Yard/switching,3,33684,444,34128,M405,42.565902999999999,-73.854184000000004
NJTR,202401042,2023-12-29,4:36 PM,Other (describe in narrative),0,NEW YORK NEW YORK,NY,41.0,4,Dark,Clear,Main,Commuter Train - Pulling,5,12989,0,31843,E78L,40.753337999999999,-74.000026000000005
MNA,MNA459619,2019-07-03,11:36 AM,Fire/violent rupture,0,INDEPENDENCE,MO,74.0,2,Day,Clear,Main,Freight Train,33,40000,0,40165,E74L,39.061281000000001,-94.414978000000005
CSX,000148498,2015-06-29,10:11 AM,Derailment,0,SELKIRK,NY,67.0,2,Day,Clear,Yard,Yard/switching,4,13714,3486,17200,M411,42.566588000000003,-73.852295999999996
UP,0718NP005,2018-07-03,1:45 PM,Derailment,0,NORTH PLATTE,NE,91.0,2,Day,Clear,Yard,Cut of cars,8,3483,12200,15683,S006,41.150725000000001,-100.81344199999999
NJTR,202001001,2020-01-01,9:15 PM,Derailment,0,RARITAN,NJ,37.0,4,Dark,Clear,Yard,Commuter Train - Pushing,10,25674,36030,61704,H704,40.570323000000002,-74.650976999999997
NS,118543,2015-12-11,7:00 PM,Derailment,0,GENEVA,NY,50.0,3,Dusk,Clear,Yard,,0,0,3900,18396,H306,42.876646999999998,-76.962759000000005
NS,127263,2017-11-01,10:30 AM,Derailment,0,SOUTHMONT,NC,65.0,2,Day,Clear,Yard,Yard/switching,10,186424,0,295632,H306,35.736021999999998,-80.336566000000005
UP,0823GC006,2023-08-09,6:00 PM,Derailment,0,MARINGOUIN,LA,95.0,3,Dusk,Clear,Yard,Yard/switching,10,97407,0,103908,S016,30.523019000000001,-91.552747999999994
ATK,163105,2020-02-13,8:13 PM,Obstruction,0,LINWOOD,NC,54.0,4,Dark,Cloudy,Main,Passenger Train - Pulling,79,11116,0,11116,M404,35.720134999999999,-80.375220999999996
BNSF,NE0716201,2016-07-12,1:55 PM,Hwy-rail crossing,0,INDIANOLA,NE,91.0,2,Day,Clear,Main,Freight Train,58,13515,0,13515,M302,40.220104999999997,-100.518137
NS,140948,2021-03-17,4:50 PM,Derailment,0,ST LOUIS,MO,55.0,3,Dusk,Clear,Yard,Freight Train,5,7186,12400,19586,H518,38.696145000000001,-90.220946999999995
BNSF,TC1117106,2017-11-20,4:30 PM,Side collision,0,MINNEAPOLIS,MN,30.0,2,Day,Clear,Yard,Yard/switching,7,18377,1000,60258,H307,45.031163999999997,-93.272143999999997
NS,121040,2016-06-28,5:04 PM,Other impacts,0,BALTIMORE,MD,72.0,3,Dusk,Cloudy,Industry,Freight Train,0,12000,0,25200,H302,39.258857999999996,-76.538016999999996
UP,0918LK025,2018-09-14,11:34 PM,Derailment,0,SHREVEPORT,LA,90.0,4,Dark,Cloudy,Yard,Yard/switching,4,8368,3926,12294,H511,32.438411000000002,-93.924948999999998
UP,0816LK028,2016-08-29,8:47 AM,Hwy-rail crossing,0,BONITA,LA,88.0,2,Day,Clear,Main,Freight Train,50,50637,0,50637,M302,32.897686,-91.708455999999998
IANR,LCD0826222,2022-08-26,9:35 PM,Derailment,0,LA PORTE CITY,IA,70.0,4,Dark,Clear,Industry,Freight Train,8,2072,58917,60989,H704,42.315294999999999,-92.185767999999996