reportingrailroadcode,accidentnumber,date,time,accidenttype,hazmatreleasedcars,station,stateabbr,temperature,visibility_code,visibility,weathercondition,tracktype,equipmenttype,trainspeed,equipmentdamagecost,trackdamagecost,totaldamagecost,primaryaccidentcausecode,latitude,longitude
UP,0117PC010,2017-01-15,11:45 PM,Derailment,0,NAMPA,ID,-3.0,4,Dark,Snow,Yard,Light loco(s),4,18620,1018,19638,M101,43.586174,-116.567842
SNJX,05052016,2016-05-05,10:15 AM,Hwy-rail crossing,0,RIVERTON,NJ,55.0,2,Day,Cloudy,Main,DMU,30,12810,0,12810,M308,40.009647999999999,-75.011894999999996
UP,0718NP021,2018-07-14,9:00 PM,Derailment,0,NORTH PLATTE,NE,80.0,3,Dusk,Clear,Yard,Yard/switching,6,25124,13700,38824,M409,41.149579000000003,-100.809443
UP,0822GC022,2022-08-27,11:30 PM,Other impacts,0,MARINGOUIN,LA,74.0,4,Dark,Clear,Yard,Light loco(s),8,0,0,51384,H702,30.519815999999999,-91.548197000000002
NS,122099,2016-09-18,6:45 PM,Derailment,0,ELKHART,IN,74.0,3,Dusk,Clear,Yard,Yard/switching,2,330,14070,14400,M404,41.677391,-85.978436000000002
ATK,153869,2018-06-18,12:32 PM,Other (describe in narrative),0,NORTH BRUNSWICK,NJ,97.0,2,Day,Clear,Main,Passenger Train - Pulling,47,9798,1047,10845,E78L,40.379176999999999,-74.544039999999995
CSX,000157256,2016-02-20,12:26 PM,Side collision,0,CUMBERLAND,MD,64.0,2,Day,Clear,Yard,Yard/switching,5,13298,0,13491,H307,39.644503999999998,-78.760839000000004
UP,0923HL009,2023-09-08,6:01 PM,Derailment,0,GARNETT,KS,85.0,3,Dusk,Clear,Main,Freight Train,3,297755,282003,579758,E99C,38.333827999999997,-95.174003999999996
KCS,15080803,2015-08-08,11:20 AM,Hwy-rail crossing,0,JOPLIN,MO,90.0,2,Day,Clear,Main,Freight Train,40,30587,19726,50313,M303,37.175049999999999,-94.543310000000005
TRRA,21048,2021-12-17,7:15 AM,Obstruction,0,ST LOUIS,MO,40.0,1,Dawn,Cloudy,Main,,0,0,27041,153230,M402,38.674415000000003,-90.201115000000001
MBTA,YR2021104,2021-12-27,12:44 PM,Hwy-rail crossing,0,HAVERHILL,MA,32.0,2,Day,Clear,Main,,0,0,3185,18185,M308,42.803928999999997,-71.110338999999996
IC,1056419,2020-12-10,12:10 AM,Side collision,0,CAIRO,IL,60.0,4,Dark,Clear,Yard,Cut of cars,0,59456,0,114582,H306,37.021711000000003,-89.184162000000001
CSX,000155992,2016-01-11,3:00 AM,Derailment,0,CUMBERLAND,MD,20.0,4,Dark,Cloudy,Yard,Yard/switching,4,19903,460,20363,H399,39.644503999999998,-78.760839000000004
CRSH,128351,2018-02-01,3:40 AM,Derailment,0,DETROIT,MI,36.0,4,Dark,Cloudy,Yard,Cut of cars,0,13816,500,80865,H306,42.322147000000001,-83.127206999999999
MBTA,202350,2023-04-26,4:39 PM,Hwy-rail crossing,0,ABINGTON,MA,52.0,2,Day,Clear,Main,Passenger Train - Pushing,62,65483,0,65483,M304,42.126466000000001,-70.940804
CSX,000177377,2018-07-03,9:35 PM,Derailment,0,DEARBORN,MI,80.0,4,Dark,Clear,Yard,Yard/switching,6,84421,0,88876,H020,42.296850999999997,-83.145398
CFE,CFE729824D,2024-03-09,8:20 PM,Derailment,0,DECATUR,IN,40.0,4,Dark,Cloudy,Main,Freight Train,5,150000,6219,156219,H303,40.830646999999999,-84.930756000000002
NIRC,9419000800,2022-04-26,11:26 AM,Derailment,0,CHICAGO,IL,50.0,2,Day,Clear,Yard,Yard/switching,4,41635,13314,54949,T222,41.805675000000001,-87.629379999999998
BNSF,PR0123112,2023-01-22,6:19 AM,Derailment,0,SCOTTSBLUFF,NE,20.0,1,Dawn,Clear,Yard,Freight Train,3,12000,73665,85665,H607,41.850115000000002,-103.63979500000001
ALS,200703,2020-07-03,6:15 AM,Derailment,0,EAST ST LOUIS,IL,90.0,1,Dawn,Clear,Yard,Yard/switching,4,600,11058,11658,H503,38.589384000000003,-90.140682999999996
UP,0222HL004,2022-02-02,4:54 PM,Derailment,0,KANSAS CITY,MO,20.0,2,Day,Clear,Main,Freight Train,9,229198,0,287198,H503,39.082389999999997,-94.606960000000001
BNSF,PR1023201,2023-10-07,11:08 AM,Hwy-rail crossing,0,PARKS,NE,72.0,2,Day,Clear,Main,Freight Train,46,250000,200113,450113,M302,40.035150000000002,-101.749
UP,0115TC007,2015-01-22,11:55 AM,Other impacts,0,SHAKOPEE,MN,33.0,2,Day,Clear,Yard,Light loco(s),2,0,99,15284,H020,44.789214000000001,-93.418700000000001
NYSW,200521A,2020-05-21,1:10 PM,Side collision,0,KIRKWOOD,NY,64.0,2,Day,Clear,Yard,Freight Train,4,9549,1045,83847,H210,42.103895000000001,-75.889809999999997
BNSF,RD0921105,2021-09-04,12:20 PM,Derailment,0,RACELAND,LA,90.0,2,Day,Clear,Main,Freight Train,5,233094,100597,333691,H701,29.747357999999998,-90.609796000000003
UP,0617NP036,2017-06-29,3:00 AM,Derailment,0,NORTH PLATTE,NE,60.0,4,Dark,Rain,Yard,Cut of cars,0,12996,33,13029,M105,41.139299999999999,-100.757267
NJTR,201908431,2019-08-02,12:09 AM,Derailment,0,BAY HEAD,NJ,78.0,4,Dark,Clear,Yard,Yard/switching,5,6700,1106,7806,H702,40.075378000000001,-74.048167000000007
MDS,17072801,2017-07-28,9:40 AM,Derailment,0,LAUDERDALE,MS,83.0,2,Day,Clear,Main,Freight Train,7,3000,200000,203000,H503,32.252541999999998,-88.765863999999993
BNSF,HL0720203,2020-07-27,9:00 AM,Hwy-rail crossing,0,SALEM,NE,70.0,2,Day,Rain,Main,Spec. MoW Equip.,8,25000,0,25000,M302,40.081136000000001,-95.712650999999994
CSS,CSS0305171,2017-03-05,3:40 PM,Side collision,0,MICHIGAN CITY,IN,60.0,2,Day,Clear,Industry,Freight Train,6,28000,0,153000,H307,41.711089999999999,-86.861934000000005
MNCW,20344,2018-06-01,1:50 AM,Derailment,0,CROTON ON HUDSON,NY,66.0,4,Dark,Cloudy,Yard,Cut of cars,8,51637,4742,56379,H607,41.190674999999999,-73.885384999999999
CSX,000171098,2017-08-21,5:34 PM,Side collision,0,WILMINGTON,NC,80.0,2,Day,Clear,Industry,Freight Train,6,196990,0,205890,H702,34.362119,-77.862866999999994
CSX,000156361,2016-01-22,2:19 AM,Other impacts,0,WILLARD,OH,25.0,4,Dark,Clear,Yard,Single Car,4,13425,0,13425,M204,41.059857000000001,-82.723963999999995
BNSF,HL0320114,2020-03-21,5:08 PM,Derailment,0,LINCOLN,NE,33.0,3,Dusk,Clear,Yard,Yard/switching,9,155,40632,40787,H312,40.808287,-96.753151000000003
CSX,000200466,2021-10-03,4:09 PM,Side collision,0,HAMLET,NC,83.0,2,Day,Clear,Yard,Yard/switching,5,13200,0,42615,H020,34.925491000000001,-79.646586999999997
ATK,151371,2018-01-08,8:15 PM,Hwy-rail crossing,0,DURHAM,NC,41.0,4,Dark,Clear,Main,Passenger Train - Pulling,66,0,0,25268,M302,35.901563000000003,-78.852519999999998
CRSH,114308,2015-02-11,3:30 AM,Raking collision,0,NEWARK,NJ,21.0,4,Dark,Clear,Yard,Yard/switching,9,9550,2800,15653,H306,40.713686000000003,-74.142477
BNSF,CH0422101,2022-04-01,11:20 AM,Derailment,0,CICERO,IL,41.0,2,Day,Cloudy,Yard,Freight Train,10,38937,8016,46953,H514,41.844875000000002,-87.739940000000004
UP,1219GC022,2019-12-23,3:20 PM,Derailment,0,WAGGAMAN,LA,61.0,2,Day,Cloudy,Industry,Yard/switching,4,3963,7850,11813,T216,29.951463,-90.272335999999996
ATK,165546,2020-10-04,10:05 PM,Other (describe in narrative),0,MONMOUTH JUNCTION,NJ,60.0,4,Dark,Cloudy,Main,Passenger Train - Pulling,135,25865,21160,47025,E78L,40.337519999999998,-74.596975
BNSF,PR0717116,2017-07-27,3:50 AM,Derailment,0,HARDIN,MT,65.0,4,Dark,Clear,Main,Freight Train,40,3251,62000,65251,E86C,45.853271999999997,-107.95683099999999
BNSF,HL1217202,2017-12-07,10:53 AM,Hwy-rail crossing,0,JASPER,AL,68.0,2,Day,Clear,Main,Freight Train,28,15345,30000,45345,M308,33.814816,-87.356999000000002
MACZ,154508,2018-07-29,9:53 PM,Other (describe in narrative),0,BALTIMORE,MD,72.0,4,Dark,Cloudy,Main,Light loco(s),5,11594,0,11594,H999,39.307394000000002,-76.615656000000001
IC,1057268,2020-12-21,1:30 PM,Other impacts,0,CHICAGO,IL,45.0,2,Day,Cloudy,Yard,Single Car,3,25450,0,51050,H318,41.808822999999997,-87.765876000000006
CRSH,135850,2019-10-16,2:55 AM,Raking collision,0,NEWARK,NJ,55.0,4,Dark,Clear,Yard,Single Car,2,12284,0,13872,S016,40.706395999999998,-74.133990999999995
NS,142434,2021-08-03,1:30 PM,Derailment,0,SIMPSONVILLE,KY,88.0,2,Day,Clear,Yard,Freight Train,4,13000,4380,17380,H018,38.212595,-85.324124999999995
UP,0619RM017,2019-06-16,2:30 PM,Fire/violent rupture,0,WAMSUTTER,WY,70.0,2,Day,Cloudy,Main,Freight Train,50,326281,0,326281,E73L,41.649771000000001,-108.12916800000001
UP,0419RM006,2019-04-04,11:15 PM,Derailment,0,GREEN RIVER,WY,43.0,4,Dark,Cloudy,Yard,Freight Train,10,81003,135476,216479,H503,41.517119999999998,-109.43794
NS,152420,2023-02-25,10:56 AM,Derailment,0,LEXINGTON,NC,48.0,2,Day,Fog,Main,Freight Train,15,12164,100020,112184,E67C,35.793914999999998,-80.290488999999994
AM,AM08292015,2015-08-29,10:36 AM,Raking collision,0,BUTTERFIELD,MO,85.0,2,Day,Clear,Main,Freight Train,35,15000,7000,22000,H301,36.738878,-93.916272000000006
CSX,000149405,2015-07-18,1:40 AM,Derailment,0,AVON,IN,69.0,4,Dark,Cloudy,Yard,Cut of cars,5,1838,0,13432,S016,39.759222000000001,-86.353898999999998
LI,EQ20170302,2017-03-17,2:42 PM,Obstruction,0,MINEOLA,NY,40.0,2,Day,Clear,Main,Maint./inspect Car,5,70000,0,70000,H604,40.740927999999997,-73.638322000000002
CSX,000177562,2018-07-11,7:00 PM,Derailment,0,ATMORE,AL,90.0,3,Dusk,Cloudy,Main,Freight Train,34,224292,188047,412339,E00C,31.027853,-87.367258000000007
UP,0923MA028,2023-09-15,1:37 AM,Derailment,0,ORAN,MO,56.0,4,Dark,Clear,Main,Freight Train,39,824361,760590,1584951,E61C,37.111485999999999,-89.768152999999998
UP,1222GP034,2022-12-28,2:00 AM,Other impacts,0,NORTH PLATTE,NE,30.0,4,Dark,Cloudy,Yard,Yard/switching,5,7192,33750,87396,M411,41.147913000000003,-100.833679
NJTR,202006195,2020-05-29,10:30 PM,Derailment,0,KEARNY,NJ,75.0,4,Dark,Cloudy,Yard,Yard/switching,5,10188,2709,12897,H303,40.743364999999997,-74.100554000000002
BNSF,SW0922107,2022-09-19,2:15 AM,Derailment,0,BELEN,NM,65.0,4,Dark,Clear,Yard,Yard/switching,4,100781,20000,120781,H504,34.639626999999997,-106.771556
MACZ,1705052030,2017-05-05,8:30 PM,Derailment,0,POINT OF ROCKS,MD,60.0,3,Dusk,Clear,Main,Commuter Train - Pulling,38,500000,0,500000,M404,39.274399000000003,-77.543611999999996
ATK,164613,2020-06-16,12:50 AM,Obstruction,0,WADE,NC,63.0,4,Dark,Cloudy,Main,Passenger Train - Pulling,78,36627,0,36627,M404,35.166721000000003,-78.730987999999996
WC,1080422,2021-08-12,11:28 AM,Obstruction,0,ROMEOVILLE,IL,82.0,2,Day,Clear,Main,,0,0,0,21337,M404,41.644986000000003,-88.048634000000007
CSX,000155821,2016-01-07,3:38 AM,Side collision,0,NEW ORLEANS,LA,44.0,4,Dark,Clear,Yard,Freight Train,6,19387,814,242977,H607,30.005989,-90.019451000000004
BNSF,KS0323111,2023-03-16,7:23 PM,Derailment,0,PAULINE,KS,33.0,3,Dusk,Snow,Industry,Freight Train,6,19046,500,19546,H307,38.933152,-95.690759
BNSF,TC1122115,2022-11-26,4:36 AM,Derailment,0,FRIDLEY,MN,40.0,1,Dawn,Cloudy,Yard,Yard/switching,4,67119,0,67119,E30C,45.050497999999997,-93.272501000000005
CSX,000162481,2016-08-26,8:55 PM,Side collision,0,BIRMINGHAM,AL,85.0,4,Dark,Clear,Yard,Cut of cars,3,257175,0,303869,M502,33.537511000000002,-86.790457000000004
CSX,000137735,2014-11-18,1:40 AM,Other impacts,0,ROMULUS,MI,13.0,4,Dark,Clear,Industry,Freight Train,4,16253,500,16992,H302,42.223869000000001,-83.395345000000006
BNSF,PR0721203,2021-07-30,8:14 AM,Hwy-rail crossing,0,DUNNING,NE,80.0,1,Dawn,Clear,Main,Freight Train,49,31000,4500,35500,M302,41.743023000000001,-100.013689
CSX,000149182,2015-07-14,6:05 AM,Other impacts,0,AVON,IN,69.0,1,Dawn,Cloudy,Yard,Single Car,10,128906,0,128906,S016,39.759779000000002,-86.328326000000004
CPKC,1002077028,2024-04-08,3:38 AM,Derailment,0,HARVEY,ND,34.0,4,Dark,Cloudy,Yard,Freight Train,10,74508,1348,75856,E68C,47.771000999999998,-99.930999999999997
UP,0917LV021,2017-09-29,4:10 PM,Other impacts,0,MARINGOUIN,LA,86.0,2,Day,Cloudy,Yard,Yard/switching,0,126,0,15086,H302,30.503119999999999,-91.552600999999996
UP,0316NP014,2016-03-18,1:45 PM,Derailment,0,NORTH PLATTE,NE,43.0,2,Day,Cloudy,Yard,Light loco(s),4,17131,2475,19606,H305,41.152155,-100.830314
NS,123207,2016-12-19,5:45 AM,Derailment,0,WILLIAMSPORT,MD,22.0,1,Dawn,Clear,Industry,Freight Train,6,13634,0,13634,H704,39.593071000000002,-77.798963999999998
ATK,175174,2023-06-17,5:11 AM,Hwy-rail crossing,0,DODGE CITY,KS,66.0,4,Dark,Clear,Main,Passenger Train - Pulling,60,24670,0,24670,M308,37.774943999999998,-99.905899000000005
NS,133906,2019-05-11,8:10 AM,Derailment,0,BUFFALO,NY,45.0,2,Day,Clear,Yard,Freight Train,3,7941,23126,31067,H306,42.847251999999997,-78.844503000000003
CSX,000188049,2020-01-24,6:22 AM,Derailment,0,SCHILLER PARK,IL,37.0,1,Dawn,Fog,Yard,Freight Train,7,9676,0,70025,H702,41.974048000000003,-87.870144999999994
UP,0817SL021,2017-08-15,1:27 PM,Rear end collision,0,HERMANN,MO,72.0,2,Day,Cloudy,Main,Freight Train,29,672085,78460,965508,H605,38.675776999999997,-91.631411
CRSH,126448,2017-08-30,10:30 AM,Raking collision,0,NEWARK,NJ,75.0,2,Day,Clear,Yard,Cut of cars,3,30993,0,56245,S016,40.706021999999997,-74.132527999999994
BNSF,TC0117129,2017-01-29,9:35 PM,Derailment,0,FRIDLEY,MN,20.0,4,Dark,Clear,Yard,Yard/switching,5,2554,8500,11054,M411,45.040289000000001,-93.273566000000002
BNSF,KS0519107,2019-05-20,4:00 PM,Derailment,0,KANSAS CITY,KS,60.0,2,Day,Rain,Yard,Yard/switching,3,11016,500,11516,H312,39.082532999999998,-94.682265000000001
BRC,13930,2017-04-11,8:05 AM,Derailment,0,BEDFORD PARK,IL,44.0,2,Day,Clear,Yard,,0,0,16834,75034,H702,41.765745000000003,-87.761230999999995
UP,0519GP002,2019-05-02,9:40 AM,Derailment,0,CHEYENNE,WY,35.0,2,Day,Cloudy,Yard,Yard/switching,2,10781,1397,12178,H704,41.127276000000002,-104.818781
UP,1219PR005,2019-12-13,7:50 AM,Derailment,0,JOLIET,IL,35.0,2,Day,Cloudy,Main,Freight Train,9,8522,79387,87909,E67C,41.529094000000001,-88.078933000000006
BNSF,PR0118123,2018-01-31,10:25 PM,Derailment,0,MCCOOK,NE,22.0,4,Dark,Clear,Yard,Freight Train,5,40133,12000,52133,E4TC,40.196618999999998,-100.61448
GTW,953706,2018-03-24,8:37 PM,Hwy-rail crossing,0,POTTERVILLE,MI,29.0,4,Dark,Clear,Main,,0,0,45656,67785,M308,42.62567,-84.750870000000006
CP,1000442675,2016-08-30,5:10 PM,Hwy-rail crossing,0,PARKERS PRAIRIE,MN,78.0,2,Day,Clear,Main,Light loco(s),40,25577,120,25697,M304,46.180436,-95.336006999999995
BNSF,TC0415114,2015-04-23,8:35 AM,Other (describe in narrative),0,MINNEAPOLIS,MN,40.0,1,Dawn,Clear,Yard,Yard/switching,10,16954,0,16954,M411,45.036811999999998,-93.273777999999993
SKOL,160114001,2016-01-14,1:00 AM,Other impacts,0,CHERRYVALE,KS,40.0,4,Dark,Clear,Yard,Yard/switching,6,18600,0,18600,H301,37.327925999999998,-95.531587000000002
ATK,175508,2023-07-12,8:37 PM,Obstruction,0,CHAMOIS,MO,75.0,4,Dark,Cloudy,Main,Passenger Train - Pulling,32,20697,0,20697,M404,38.678161000000003,-91.651540999999995
UP,0815TC021,2015-08-28,10:00 AM,Other (describe in narrative),0,SOUTH ST PAUL,MN,80.0,2,Day,Clear,Yard,Light loco(s),4,50807,0,50807,M507,44.903145000000002,-93.042389
UP,0216PR022,2016-02-29,11:53 PM,Other (describe in narrative),0,CHICAGO,IL,28.0,4,Dark,Cloudy,Main,Light loco(s),10,0,0,35000,H702,41.860405999999998,-87.641065999999995
UP,0916PR009,2016-09-15,12:30 PM,Other impacts,0,NORTHLAKE,IL,87.0,2,Day,Clear,Yard,Yard/switching,3,44766,150,75912,M411,41.90945,-87.915287000000006
BNSF,PR1214103,2014-12-15,10:01 PM,Derailment,0,SCOTTSBLUFF,NE,13.0,4,Dark,Clear,Main,Freight Train,3,31520,1000,32520,H307,41.853181999999997,-103.650003
IC,945889,2018-01-03,11:00 AM,Hwy-rail crossing,0,JACKSON,MS,32.0,2,Day,Clear,Main,Maint./inspect Car,5,20000,1225,21225,M308,32.279246999999998,-90.186513000000005
BNSF,HL0719114,2019-07-20,5:59 PM,Derailment,0,ST LOUIS,MO,97.0,3,Dusk,Clear,Yard,Yard/switching,8,15000,0,15000,E07C,38.602387999999998,-90.312475000000006
CRSH,135328,2019-08-30,2:35 PM,Raking collision,0,MANVILLE,NJ,84.0,2,Day,Clear,Main,Freight Train,5,18668,0,35374,H302,40.649692999999999,-74.293335999999996
UP,0721HL024,2021-07-30,12:49 PM,Derailment,0,KANSAS CITY,KS,92.0,2,Day,Clear,Main,Freight Train,6,155123,0,160623,H506,39.084788000000003,-94.611618000000007
BNSF,SF0615114,2015-06-19,8:44 AM,Derailment,0,SPRINGFIELD,MO,71.0,1,Dawn,Rain,Main,Freight Train,10,82900,0,82900,M103,37.180442999999997,-93.149410000000003
BNSF,TC0215101,2015-02-05,1:07 PM,Derailment,0,MINNEAPOLIS,MN,20.0,2,Day,Clear,Yard,Yard/switching,5,5524,8000,13524,M411,45.034067999999998,-93.272857999999999
BNSF,MT0717109,2017-07-17,10:55 AM,Derailment,0,ESSEX,MT,64.0,2,Day,Clear,Main,Maint./inspect Car,0,70000,0,140000,H402,48.284751999999997,-113.61150600000001
UP,0819HL015,2019-08-13,8:31 PM,Fire/violent rupture,0,JAMESPORT,MO,80.0,4,Dark,Clear,Main,Freight Train,30,67737,0,67737,M406,39.953772000000001,-93.744269000000003
UP,0320GP029,2020-03-28,7:40 AM,Obstruction,0,SIDNEY,NE,32.0,2,Day,Snow,Siding,Cut of cars,0,8525,0,14383,M105,41.147505000000002,-102.935061
CSX,000192193,2020-08-23,9:26 PM,Other impacts,0,AVON,IN,70.0,4,Dark,Clear,Yard,Cut of cars,4,18426,0,26519,H316,39.758609,-86.338973999999993
TSWS,9122021003,2021-04-16,8:45 PM,Derailment,0,JOLIET,IL,47.0,4,Dark,Cloudy,Yard,Freight Train,10,350000,16000,366000,H306,41.445860000000003,-88.135050000000007
LSRC,D220720,2022-07-20,5:27 AM,Derailment,0,ALPENA,MI,80.0,1,Dawn,Clear,Main,Freight Train,8,19314,42076,61390,T221,45.037024000000002,-83.475785999999999
ATK,139330,2015-09-21,12:50 PM,Obstruction,0,RED HOOK,NY,85.0,2,Day,Clear,Main,Maint./inspect Car,0,101690,0,126987,H402,41.932836999999999,-73.944682999999998
UP,1216PC002,2016-12-02,10:15 PM,Hwy-rail crossing,0,MINIDOKA,ID,23.0,4,Dark,Cloudy,Main,Freight Train,67,71881,0,71881,M302,42.817883999999999,-113.757527
UP,1114KC005,2014-11-17,2:20 AM,Derailment,0,KANSAS CITY,KS,23.0,4,Dark,Clear,Yard,Yard/switching,4,12654,561,13215,H607,39.094081000000003,-94.653367000000003
BNSF,PR1218111,2018-12-20,3:30 PM,Derailment,0,MASON CITY,NE,20.0,2,Day,Clear,Main,Freight Train,40,20000,15000,35000,E71L,41.275035000000003,-99.376593
CSX,000175624,2018-04-01,5:30 AM,Raking collision,0,SELKIRK,NY,35.0,4,Dark,Clear,Yard,Single Car,10,0,0,15612,S016,42.575130999999999,-73.862527999999998
NJTR,202002096,2020-01-16,8:38 AM,Other (describe in narrative),0,PRINCETON JUNCTION,NJ,40.0,2,Day,Clear,Main,Commuter Train - Pulling,80,398974,0,398974,E07L,40.295976000000003,-74.634699999999995
ATK,175420,2023-07-07,5:40 AM,Other (describe in narrative),0,RAHWAY,NJ,75.0,1,Dawn,Clear,Main,,0,0,44590,44590,E78L,40.599527000000002,-74.284203000000005
NS,131626,2018-11-12,1:25 AM,Other impacts,0,IRONDALE,AL,49.0,4,Dark,Rain,Yard,Yard/switching,4,51138,13807,64945,S007,33.548904999999998,-86.67801
UP,1015NP020,2015-10-20,8:15 PM,Derailment,0,LEWELLEN,NE,60.0,4,Dark,Rain,Main,Work train,4,3971,51866,55837,H702,41.331688,-102.14113500000001
BNSF,PR0123114,2023-01-25,4:45 AM,Derailment,0,ALLIANCE,NE,18.0,1,Dawn,Cloudy,Yard,Light loco(s),5,25811,8250,34061,M404,42.064332,-102.901826
CSX,000206380,2022-07-28,10:40 AM,Side collision,0,GRAND RAPIDS,MI,80.0,2,Day,Clear,Yard,Yard/switching,0,29976,0,60000,H302,42.952632000000001,-85.684162999999998
CSX,000177865,2018-07-28,10:13 PM,Derailment,0,BESSEMER,AL,80.0,4,Dark,Clear,Main,Freight Train,9,194111,123638,317749,H518,33.411428000000001,-86.964956000000001
CSX,000153625,2015-10-23,6:58 PM,Other impacts,0,MONTGOMERY,AL,75.0,3,Dusk,Clear,Yard,Freight Train,7,29944,4440,150515,H519,32.375950000000003,-86.326295999999999
BNSF,HL1023113,2023-10-25,3:55 AM,Derailment,0,NORTH KANSAS CITY,MO,65.0,4,Dark,Rain,Industry,Yard/switching,3,40000,0,480000,H607,39.126863,-94.574734000000007
UP,0721GC022,2021-07-25,6:00 PM,Derailment,0,LIVONIA,LA,89.0,3,Dusk,Clear,Yard,Yard/switching,7,10087,2584,12671,M405,30.522449999999999,-91.549886000000001
CRSH,135038,2019-08-08,2:30 AM,Raking collision,0,ELIZABETH,NJ,73.0,4,Dark,Clear,Industry,Yard/switching,2,12007,0,12007,H302,40.684330000000003,-74.164320000000004
UP,0324MA029,2024-03-30,12:11 PM,Derailment,0,CAHOKIA,IL,74.0,2,Day,Clear,Main,,0,0,0,0,H501,38.595236999999997,-90.162674999999993
UP,0223GP030,2023-02-17,3:30 PM,Derailment,0,NORTH PLATTE,NE,39.0,2,Day,Clear,Yard,Yard/switching,3,19896,1008,20904,E49C,41.146845999999996,-100.82509
IC,940596,2017-11-01,11:50 AM,Hwy-rail crossing,0,DE SOTO,IL,46.0,2,Day,Rain,Main,,0,0,26429,61539,M302,37.781215000000003,-89.222926999999999
UP,0520GP022,2020-05-24,6:33 PM,Derailment,0,EDGAR,NE,74.0,3,Dusk,Rain,Main,Freight Train,36,485563,24084,509647,M102,40.338442000000001,-97.887022000000002
UP,1123HL013,2023-11-19,5:30 PM,Derailment,0,WICHITA,KS,53.0,2,Day,Rain,Yard,Freight Train,7,33476,84776,118252,T220,37.729919000000002,-97.322548999999995
BAWT,200905001,2020-09-05,12:05 PM,Derailment,0,LINDEN,NJ,80.0,2,Day,Clear,Yard,Yard/switching,2,3200,27250,30450,H306,40.639131999999996,-74.228909000000002
CRSH,126448,2017-08-30,10:30 AM,Raking collision,0,NEWARK,NJ,75.0,2,Day,Clear,Yard,Freight Train,4,22752,2500,56245,S016,40.706021999999997,-74.132527999999994
CSX,000138121,2014-11-27,2:10 PM,Derailment,0,WILLARD,OH,25.0,2,Day,Clear,Yard,Cut of cars,4,15021,0,15021,M101,41.063958,-82.750657000000004
NS,124296,2017-03-13,12:40 PM,Derailment,0,ATTALLA,AL,44.0,2,Day,Rain,Yard,Freight Train,8,750,12112,12862,H306,34.019778000000002,-86.089489999999998
CSX,000174994,2018-03-02,6:57 PM,Derailment,0,PERRYVILLE,MD,42.0,4,Dark,Cloudy,Main,Freight Train,0,171512,5000,176512,M105,39.567627999999999,-76.090569000000002
NIRC,2020071798,2020-01-21,5:38 PM,Hwy-rail crossing,0,CHICAGO,IL,29.0,4,Dark,Cloudy,Main,Commuter Train - Pulling,30,38517,0,38517,M303,41.997599999999998,-87.764446000000007
CSX,000155694,2016-01-04,4:30 PM,Other impacts,0,CINCINNATI,OH,30.0,3,Dusk,Clear,Yard,Cut of cars,18,32166,0,32166,M407,39.104322000000003,-84.538946999999993
CSX,000199554,2021-08-17,10:26 PM,Hwy-rail crossing,0,WADESBORO,NC,75.0,4,Dark,Rain,Main,Freight Train,10,2790,8807,11597,M302,34.975374000000002,-80.047742
BNSF,MT1019103,2019-10-11,12:57 AM,Derailment,0,GREAT FALLS,MT,18.0,4,Dark,Clear,Yard,Light loco(s),3,40930,0,40930,T223,47.506304999999998,-111.33814599999999
KCS,17032101,2017-03-21,7:35 AM,Derailment,0,JACKSON,MS,68.0,2,Day,Clear,Yard,Yard/switching,4,2530,12933,15463,S006,32.262900000000002,-90.158169999999998
ARR,2023004,2023-01-17,1:58 AM,Obstruction,0,GIRDWOOD,AK,35.0,4,Dark,Cloudy,Main,Freight Train,20,142000,134000,276000,M101,60.917999999999999,-149.119
BNSF,KS0115116,2015-01-24,11:53 PM,Derailment,0,KANSAS CITY,KS,31.0,4,Dark,Rain,Yard,Freight Train,5,48497,216000,264497,E25C,39.086545999999998,-94.709963999999999
BNSF,PR0221111,2021-02-28,4:00 AM,Other impacts,0,ALLIANCE,NE,40.0,1,Dawn,Clear,Yard,Yard/switching,9,15000,0,15000,H318,42.083660000000002,-102.887827
UP,0819RM002,2019-08-03,5:00 PM,Derailment,0,GREEN RIVER,WY,90.0,2,Day,Cloudy,Yard,Yard/switching,10,3149,6840,114246,E07C,41.519489,-109.447917
UP,0117PR010,2017-01-07,12:30 PM,Derailment,0,NORTHLAKE,IL,10.0,2,Day,Cloudy,Yard,Yard/switching,5,40792,1000,41792,M411,41.903095999999998,-87.917885999999996
UP,1021GC001,2021-10-02,3:30 PM,Other impacts,0,LOTTIE,LA,83.0,2,Day,Rain,Yard,Yard/switching,2,89389,16435,120184,H306,30.520731999999999,-91.549581000000003
UP,0316LV015,2016-03-25,10:43 AM,Other impacts,0,AVONDALE,LA,75.0,2,Day,Cloudy,Yard,Yard/switching,0,8765,0,15218,H021,29.917998000000001,-90.184205000000006
CSX,000155702,2016-01-03,10:22 AM,Derailment,0,DECATUR,AL,45.0,2,Day,Cloudy,Industry,Yard/switching,5,133743,0,133743,M404,34.614947000000001,-86.984469000000004
UP,0923HL018,2023-09-19,9:30 PM,Other impacts,0,KANSAS CITY,KS,69.0,4,Dark,Clear,Yard,Yard/switching,0,72492,0,123981,H307,39.097105999999997,-94.669156999999998