reportingrailroadcode,accidentnumber,date,time,accidenttype,hazmatreleasedcars,station,stateabbr,temperature,visibility_code,visibility,weathercondition,tracktype,equipmenttype,trainspeed,equipmentdamagecost,trackdamagecost,totaldamagecost,primaryaccidentcausecode,latitude,longitude
GDLK,180703004,2018-07-03,6:30 AM,Derailment,0,KALAMAZOO,MI,75.0,1,Dawn,Clear,Main,Freight Train,3,8000,3000,11000,H503,42.174368000000001,-85.344009999999997
UP,1223GP011,2023-12-06,4:50 PM,Other impacts,0,NORTH PLATTE,NE,30.0,2,Day,Clear,Yard,Freight Train,9,22765,0,22765,H601,41.155447000000002,-100.842527
NJTR,202003149,2020-03-24,7:52 PM,Derailment,0,GLADSTONE,NJ,43.0,4,Dark,Clear,Yard,Commuter Train - Pulling,6,21612,4419,26031,E69C,40.719301999999999,-74.664850000000001
IC,962102,2018-06-07,4:45 AM,Other impacts,0,GEISMAR,LA,75.0,4,Dark,Clear,Yard,Yard/switching,4,18387,50,18437,H318,30.168451000000001,-90.966026999999997
NS,139414,2020-10-06,5:00 AM,Side collision,0,CHARLOTTE,NC,72.0,1,Dawn,Clear,Main,Cut of cars,0,500,0,81870,H306,35.228141999999998,-80.852528000000007
BEAR,BER910424D,2024-08-28,12:30 AM,Derailment,0,AYER,MA,62.0,4,Dark,Clear,Yard,Freight Train,6,4694,285000,471501,M505,42.553832999999997,-71.590778
BNSF,PR0221202,2021-02-13,10:24 AM,Hwy-rail crossing,0,BRIDGEPORT,NE,-15.0,2,Day,Snow,Main,Freight Train,34,13138,1500,14638,M302,41.721420000000002,-103.196
ATK,169068,2021-11-21,4:42 PM,Obstruction,0,GREENSBORO,NC,59.0,2,Day,Cloudy,Main,Passenger Train - Pulling,69,13696,0,13696,M402,36.064200999999997,-79.806601999999998
UP,0515KC002,2015-05-08,2:40 AM,Derailment,0,KANSAS CITY,MO,62.0,4,Dark,Rain,Yard,Yard/switching,2,14436,1000,15436,M204,39.120010000000001,-94.534937999999997
GTW,1122128,2023-01-04,9:00 PM,Other (describe in narrative),0,FLINT,MI,21.0,4,Dark,Clear,Yard,Light loco(s),8,23564,0,23564,H607,42.966723999999999,-83.786201000000005
BNSF,TC0722103,2022-07-08,4:45 PM,Derailment,0,HITTERDAL,MN,82.0,2,Day,Clear,Yard,Freight Train,10,92391,88501,180892,H699,46.932817999999997,-96.259041999999994
PBVR,08262018,2018-08-26,10:58 AM,Other impacts,0,PEARLINGTON,MS,87.0,2,Day,Clear,Siding,Yard/switching,5,24984,0,24984,H525,30.227474000000001,-89.569074999999998
NS,123945,2017-02-12,4:34 AM,Derailment,0,ELKHART,IN,41.0,1,Dawn,Cloudy,Yard,Yard/switching,2,29170,300,29470,M411,41.67736,-85.978494999999995
UP,1120GC022,2020-11-16,9:50 AM,Other (describe in narrative),0,LOTTIE,LA,56.0,2,Day,Clear,Yard,Yard/switching,6,13547,0,13547,M411,30.525511999999999,-91.555721000000005
BNSF,MT0117103,2017-01-07,7:50 PM,Derailment,0,ROUNDUP,MT,5.0,3,Dusk,Clear,Industry,Freight Train,1,41134,1000,42134,M101,46.269789000000003,-108.432253
SKOL,160106002,2016-01-06,4:00 AM,Derailment,0,COFFEYVILLE,KS,33.0,4,Dark,Clear,Yard,Yard/switching,10,156019,2700,158719,T212,37.025948,-95.616738999999995
BRS,160329003,2016-03-29,5:30 AM,Derailment,0,BATON ROUGE,LA,60.0,4,Dark,Clear,Yard,Yard/switching,9,9600,15800,25400,H704,30.579386,-91.235562000000002
IANR,BUD1117211,2021-11-17,7:22 AM,Other (describe in narrative),0,SHELL ROCK,IA,40.0,1,Dawn,Cloudy,Main,Freight Train,0,17802,500,18302,H021,42.731259999999999,-92.615824000000003
PGBX,RAI895822,2022-01-04,6:30 AM,Derailment,0,PORT ALLEN,LA,40.0,1,Dawn,Clear,Industry,Yard/switching,5,5000,10000,15000,M101,30.433567,-91.206872000000004
BNSF,NW0517100,2017-05-01,6:16 AM,Derailment,0,COCOLALLA,ID,42.0,1,Dawn,Cloudy,Main,Freight Train,37,1526199,995770,2521969,E61C,48.070259,-116.636764
TRRA,19030,2019-12-11,6:44 PM,Derailment,0,MADISON,IL,30.0,2,Day,Clear,Yard,,0,0,16742,19491,H503,38.673023999999998,-90.162999999999997
IC,996125,2019-04-27,1:00 AM,Derailment,0,GEISMAR,LA,54.0,4,Dark,Clear,Yard,Yard/switching,7,253880,6000,259880,H306,30.179496,-90.982774000000006
WC,1105800,2022-06-16,11:34 AM,Derailment,0,PROCTOR,MN,69.0,2,Day,Clear,Yard,Yard/switching,6,17367,12000,29367,H309,46.785215999999998,-92.164306999999994
CRSH,140234,2021-01-12,2:00 AM,Other impacts,0,WOODBRIDGE,NJ,30.0,4,Dark,Clear,Yard,Yard/switching,5,33185,0,101539,H318,40.566409999999998,-74.251472000000007
NS,122906,2016-11-27,8:30 PM,Derailment,0,CENTRALIA,MO,42.0,4,Dark,Clear,Main,Freight Train,22,64605,914,65519,H601,39.212474,-92.135133999999994
ARR,2021164,2021-11-17,9:00 PM,Other impacts,0,ANCHORAGE,AK,-10.0,4,Dark,Clear,Industry,Yard/switching,10,15000,2000,17000,H018,61.219999999999999,-149.881
NJTR,202010351,2020-10-07,12:42 PM,Other (describe in narrative),0,HOBOKEN,NJ,65.0,2,Day,Clear,Yard,Yard/switching,5,12594,0,12594,H509,40.735315999999997,-74.033752000000007
BNSF,HL0517200,2017-05-05,11:20 AM,Hwy-rail crossing,0,FOLEY,MO,61.0,2,Day,Clear,Main,Freight Train,42,2033786,825387,2859173,M302,39.066465000000001,-90.743223999999998
UP,0316SL008,2016-03-25,8:29 AM,Hwy-rail crossing,0,GOODWINE,IL,41.0,2,Day,Cloudy,Main,Freight Train,45,13597,0,13597,M308,40.574443000000002,-87.783716999999996
NS,143817,2021-12-21,5:40 PM,Other (describe in narrative),0,LOUISVILLE,KY,47.0,3,Dusk,Clear,Yard,Yard/switching,2,28247,1470,29717,H702,38.263516000000003,-85.801423
UP,1020MA029,2020-10-24,6:36 AM,Derailment,0,EAST ST LOUIS,IL,43.0,1,Dawn,Cloudy,Yard,Freight Train,5,16273,0,19723,H210,38.584206999999999,-90.133405999999994
UP,0318PR002,2018-03-02,5:40 PM,Other impacts,0,MELROSE PARK,IL,38.0,3,Dusk,Cloudy,Yard,Yard/switching,5,66687,105750,173289,M411,41.900086000000002,-87.907171000000005
IC,914208,2017-02-21,11:35 PM,Other impacts,0,DECATUR,IL,53.0,4,Dark,Clear,Yard,Cut of cars,5,1000,0,36000,H020,39.855992000000001,-88.945290999999997
ATK,177740,2023-12-29,4:36 PM,Other (describe in narrative),0,NEW YORK,NY,65.0,2,Day,Clear,Main,,0,0,18854,31843,E78L,40.750230000000002,-73.993039999999993
BNSF,SW1022106,2022-10-12,9:30 PM,Derailment,0,CARLSBAD,NM,68.0,4,Dark,Cloudy,Yard,Freight Train,4,25500,22600,48100,H607,32.439957999999997,-104.213639
CSX,000154935,2015-12-06,1:39 AM,Side collision,0,BIRMINGHAM,AL,42.0,4,Dark,Clear,Yard,Light loco(s),7,3000,601,63284,H607,33.513494999999999,-86.803837000000001
CSX,000177765,2018-07-18,4:45 PM,Obstruction,0,HOOVER,AL,89.0,2,Day,Rain,Main,Maint./inspect Car,0,15000,0,15000,H997,33.337741000000001,-86.874410999999995
NS,140400,2021-01-26,8:40 AM,Obstruction,0,WINSTON SALEM,NC,35.0,2,Day,Cloudy,Siding,Spec. MoW Equip.,0,14000,0,14000,H997,36.146337000000003,-80.260140000000007
IMRR,IMR272919O,2019-12-09,6:45 AM,Derailment,0,PEKIN,IL,50.0,1,Dawn,Clear,Industry,Cut of cars,20,16917,3242,20159,M504,40.545409999999997,-89.671627000000001
BNSF,KS0723103,2023-07-07,12:20 PM,Other (describe in narrative),0,KANSAS CITY,KS,80.0,2,Day,Clear,Yard,Light loco(s),6,47397,0,74411,H607,39.087130000000002,-94.695712999999998
WC,1030125,2020-03-18,12:34 PM,Side collision,0,GARY,IN,45.0,2,Day,Rain,Yard,Single Car,4,81700,0,125150,H307,41.629327000000004,-87.391234999999995
LI,68154,2018-07-18,10:16 PM,Hwy-rail crossing,0,WYANDANCH,NY,75.0,4,Dark,Clear,Main,EMU,45,17479,0,17479,M303,40.754269999999998,-73.36036
NJTR,202008289,2020-08-20,8:11 PM,Hwy-rail crossing,0,DENVILLE,NJ,78.0,4,Dark,Clear,Main,Commuter Train - Pulling,45,2112,29929,32041,M303,40.875580999999997,-74.482078000000001
BNSF,TC0917101,2017-09-03,11:45 PM,Derailment,0,DILWORTH,MN,55.0,4,Dark,Clear,Yard,Freight Train,5,58071,50000,108071,H607,46.874082000000001,-96.653408999999996
CRSH,139102,2020-09-08,12:30 AM,Derailment,0,CAMDEN,NJ,70.0,4,Dark,Clear,Yard,Freight Train,4,1323,14780,16103,H704,39.945360999999998,-75.102780999999993
ATK,137920,2015-06-22,1:00 AM,Obstruction,0,EDGEWOOD,MD,73.0,4,Dark,Clear,Main,Spec. MoW Equip.,29,40000,0,140000,H699,39.416079000000003,-76.292833999999999
NS,146400,2022-09-01,9:25 AM,Other (describe in narrative),0,JENNINGS,MO,72.0,2,Day,Clear,Yard,Yard/switching,5,12780,350,13130,H704,38.696145000000001,-90.220946999999995
BNSF,SW0318107,2018-03-19,5:25 AM,Derailment,0,CARLSBAD,NM,50.0,1,Dawn,Clear,Yard,Freight Train,9,2000,17500,19500,H306,32.440081999999997,-104.19941
LSRC,A220401,2022-04-01,2:00 AM,Hwy-rail crossing,0,BURTON,MI,33.0,4,Dark,Clear,Main,Freight Train,25,7883,16054,23937,M302,42.974747000000001,-83.648199000000005
NS,127208,2017-10-28,9:50 AM,Derailment,0,IRONDALE,AL,45.0,2,Day,Rain,Yard,Yard/switching,5,2829,8222,11051,M411,33.548904999999998,-86.67801
BNSF,CH0416102,2016-04-09,7:00 AM,Derailment,0,PLANO,IL,24.0,1,Dawn,Clear,Main,Freight Train,34,48343,121283,169626,E53C,41.647844999999997,-88.599579000000006
NS,121364,2016-07-23,2:25 AM,Derailment,0,DECATUR,IL,75.0,4,Dark,Clear,Yard,Yard/switching,7,29056,28642,57698,H702,39.852181999999999,-88.918342999999993
NS,123241,2016-12-21,2:05 AM,Other impacts,0,MUSCLE SHOALS,AL,28.0,4,Dark,Clear,Yard,Yard/switching,2,89941,0,89941,E09C,34.712550999999998,-87.616781000000003
UP,0118NP005,2018-01-04,11:50 AM,Hwy-rail crossing,0,FAIRBURY,NE,32.0,2,Day,Clear,Main,Freight Train,40,40845,99,40944,M303,40.130906000000003,-97.177389000000005
ATK,178424,2024-02-14,6:05 PM,Hwy-rail crossing,0,NEOGA,IL,50.0,4,Dark,Clear,Main,Passenger Train - Pulling,79,15721,0,15721,M302,39.277482999999997,-88.472424000000004
CP,1000598597,2017-08-01,1:15 AM,Derailment,0,CALMAR,IA,68.0,4,Dark,Cloudy,Main,Freight Train,29,32850,500,33350,M204,43.190517999999997,-91.899117000000004
MBTA,YR2022144,2022-11-30,8:39 PM,Obstruction,0,ANDOVER,MA,45.0,4,Dark,Clear,Main,Passenger Train - Pushing,60,32018,0,32018,M404,42.642569999999999,-71.154889999999995
UP,0221GP019,2021-02-15,5:36 PM,Hwy-rail crossing,0,GOTHENBURG,NE,-1.0,2,Day,Cloudy,Main,Freight Train,40,643,13430,14073,M302,40.926202000000004,-100.163157
KCS,15091003,2015-09-10,2:00 PM,Obstruction,0,CURRYVILLE,MO,88.0,2,Day,Clear,Main,Spec. MoW Equip.,0,53650,0,72536,H099,39.343238999999997,-91.364782000000005
CRSH,129162,2018-04-14,5:20 PM,Raking collision,0,RIVER ROUGE,MI,36.0,3,Dusk,Rain,Yard,Single Car,0,1002,0,40000,H318,42.261456000000003,-83.142938000000001
BNSF,HL0819130,2019-08-26,4:39 AM,Derailment,0,NORTH KANSAS CITY,MO,75.0,1,Dawn,Clear,Yard,Freight Train,5,26475,174000,200475,M409,39.126102000000003,-94.585775999999996
NS,146199,2022-08-15,3:24 AM,Side collision,0,EAST CHICAGO,IN,72.0,4,Dark,Clear,Main,Freight Train,7,3518,0,58023,H221,41.518571999999999,-87.466414999999998
MBTA,YR2022146,2022-12-06,11:30 AM,Fire/violent rupture,0,BOSTON,MA,47.0,2,Day,Clear,Main,Passenger Train - Pulling,0,97510,0,97510,E71L,42.349257999999999,-71.056432000000001
CSX,000205088,2022-05-22,9:29 AM,Side collision,0,RIVERDALE,IL,58.0,2,Day,Clear,Yard,Single Car,4,310,0,73310,H702,41.649856999999997,-87.631208999999998
BNSF,HL1023202,2023-10-09,12:00 PM,Hwy-rail crossing,0,ADAMS,NE,73.0,2,Day,Clear,Main,Freight Train,41,89109,0,89109,M302,40.50902,-96.578000000000003
UP,0122HL015,2022-01-05,5:25 PM,Derailment,0,KANSAS CITY,MO,20.0,2,Day,Cloudy,Yard,Freight Train,4,17124,1575,18699,E64L,39.123313000000003,-94.507109999999997
NS,138370,2020-06-29,5:35 PM,Derailment,0,SOPHIA,NC,90.0,3,Dusk,Clear,Main,Freight Train,24,71502,71112,142614,M405,35.871896,-79.909283000000002
MRL,2017157,2017-12-18,7:40 AM,Derailment,0,LAUREL,MT,26.0,1,Dawn,Cloudy,Yard,Freight Train,7,12000,0,12000,H601,45.682000000000002,-108.717
BNSF,TC1122101,2022-11-02,5:15 AM,Derailment,0,MAYNARD,MN,60.0,1,Dawn,Clear,Industry,Yard/switching,6,54466,5000,59466,M504,44.907584,-95.466543000000001
ATK,154930,2018-07-29,9:53 PM,Other (describe in narrative),0,BALTIMORE,MD,72.0,4,Dark,Cloudy,Main,,0,0,0,11594,H999,39.307394000000002,-76.615656000000001
NS,154995,2023-12-08,4:47 AM,Hwy-rail crossing,0,N/A,IN,40.0,1,Dawn,Clear,Main,Freight Train,41,15000,25000,40000,M302,41.089156000000003,-85.664619999999999
NS,141256,2021-04-16,10:05 AM,Derailment,0,GREENSBORO,NC,70.0,2,Day,Clear,Yard,Freight Train,6,41069,88655,129724,H504,36.063025000000003,-79.815687999999994
ATK,140597,2015-12-30,5:30 AM,Other impacts,0,RENSSELAER,NY,40.0,1,Dawn,Clear,Yard,Light loco(s),4,1000,0,14000,H211,42.639650000000003,-73.742177999999996
BNSF,TC1114124,2014-11-21,3:00 PM,Other (describe in narrative),0,GRAND RAPIDS,MN,35.0,2,Day,Clear,Yard,Maint./inspect Car,5,20000,0,20000,H997,47.235216000000001,-93.538964000000007
CSX,000173873,2017-10-28,3:00 PM,Obstruction,0,ROANOKE RAPIDS,NC,75.0,2,Day,Clear,Industry,Yard/switching,4,26533,0,26533,H210,36.450398,-77.662540000000007
CP,1000617809,2017-09-11,12:08 AM,Hwy-rail crossing,0,ROSELLE,IL,56.0,4,Dark,Clear,Main,Freight Train,36,3390,0,28181,M302,41.983637000000002,-88.077658
UP,0921GC029,2021-09-18,5:00 AM,Derailment,0,WESTWEGO,LA,78.0,1,Dawn,Clear,Yard,,0,0,450825,470825,M405,29.917211999999999,-90.185702000000006
PATH,I11272020,2020-11-27,8:54 AM,Other impacts,0,JERSEY CITY,NJ,54.0,2,Day,Cloudy,Yard,EMU,6,0,26082,26082,H699,40.732221000000003,-74.062876000000003
CSX,000157256,2016-02-20,12:26 PM,Side collision,0,CUMBERLAND,MD,64.0,2,Day,Clear,Yard,Yard/switching,0,193,0,13491,H307,39.644503999999998,-78.760839000000004
NJTR,202307290,2023-06-30,6:40 PM,Other impacts,0,KEARNY,NJ,85.0,2,Day,Cloudy,Yard,Yard/switching,5,11870,0,23630,H302,40.743915999999999,-74.107895999999997
IHB,2674,2021-03-18,8:25 AM,Side collision,0,RIVERDALE,IL,37.0,2,Day,Rain,Yard,Cut of cars,10,30000,0,34100,M105,41.639498000000003,-87.654897000000005
UP,0522GP014,2022-05-20,10:31 AM,Other impacts,0,NORTH PLATTE,NE,51.0,2,Day,Cloudy,Yard,Yard/switching,5,41518,36172,107020,M411,41.143872999999999,-100.79465999999999
CSX,000149053,2015-07-10,3:45 PM,Derailment,0,AVON,IN,78.0,2,Day,Cloudy,Yard,Yard/switching,9,11933,12189,24122,S006,39.759779000000002,-86.328326000000004
UP,0419GP001,2019-04-01,1:30 AM,Other impacts,0,CHEYENNE,WY,29.0,4,Dark,Clear,Yard,Cut of cars,0,47221,0,74159,H310,41.129216999999997,-104.81168599999999
UP,0517NP034,2017-05-19,8:20 PM,Derailment,0,NORTH PLATTE,NE,60.0,3,Dusk,Cloudy,Yard,Yard/switching,7,184648,10450,195098,H702,41.146447000000002,-100.823173
CRSH,114609,2015-02-28,4:30 PM,Derailment,0,NEWARK,NJ,25.0,3,Dusk,Clear,Yard,Single Car,0,7637,25537,45266,S006,40.713667999999998,-74.142477
LI,68215,2018-07-28,10:20 AM,Derailment,0,RICHMOND HILL,NY,78.0,2,Day,Clear,Yard,Yard/switching,7,24969,3500,28469,M507,40.696952000000003,-73.821917999999997
UP,1223GC020,2023-12-20,1:45 AM,Other impacts,0,LOTTIE,LA,46.0,4,Dark,Clear,Yard,Single Car,5,8389,0,35469,S016,30.524144,-91.554429999999996
CSX,000173553,2017-12-18,8:32 PM,Derailment,0,ROCKY MOUNT,NC,50.0,4,Dark,Clear,Yard,Yard/switching,8,54417,10000,64417,T221,35.918852999999999,-77.804446999999996
MRL,2018026,2018-02-20,1:15 AM,Derailment,0,HELENA,MT,-17.0,4,Dark,Clear,Main,Freight Train,8,16800,0,16800,M101,46.646000000000001,-112.30200000000001
NJTR,202307290,2023-06-30,6:40 PM,Other impacts,0,KEARNY,NJ,85.0,2,Day,Cloudy,Yard,Cut of cars,0,11760,0,23630,H302,40.743915999999999,-74.107895999999997
UP,0218NP039,2018-02-16,12:00 PM,Fire/violent rupture,0,NORTH PLATTE,NE,33.0,2,Day,Clear,Yard,Light loco(s),0,16000,0,16000,E74L,41.145307000000003,-100.832668
BNSF,PR0215104,2015-02-15,4:30 PM,Derailment,0,ALLIANCE,NE,35.0,3,Dusk,Cloudy,Yard,Yard/switching,10,12072,500,12572,H318,42.094206999999997,-102.865613
KCS,17050403,2017-05-04,6:15 AM,Obstruction,0,LAUDERDALE,MS,63.0,1,Dawn,Cloudy,Main,Freight Train,34,10753,0,10753,M404,32.508856000000002,-88.574136999999993
UP,1221GL011,2021-12-09,1:12 AM,Other impacts,0,COUNCIL BLUFFS,IA,41.0,4,Dark,Cloudy,Yard,Cut of cars,3,106345,0,248349,H018,41.249018999999997,-95.886187000000007
UP,1222GP003,2022-12-04,10:30 AM,Obstruction,0,NORTH PLATTE,NE,28.0,2,Day,Clear,Yard,Yard/switching,5,46621,203521,250142,M409,41.145816000000003,-100.814103
BNSF,TC0315121,2015-03-16,7:19 PM,Other impacts,0,MINNEAPOLIS,MN,42.0,3,Dusk,Cloudy,Yard,Yard/switching,9,37299,0,37299,M407,45.027704999999997,-93.268711999999994
UP,0622GL022,2022-06-22,4:50 PM,Derailment,0,EAGLE GROVE,IA,85.0,2,Day,Clear,Main,Freight Train,10,3733,245584,249317,E51C,42.657904000000002,-93.900423000000004
UP,0320GP010,2020-03-13,7:53 PM,Other impacts,0,NORTH PLATTE,NE,33.0,3,Dusk,Sleet,Yard,Single Car,0,6032,1650,20327,M411,41.151128,-100.81308
BNSF,MT0418103,2018-04-07,6:08 AM,Derailment,0,OSWEGO,MT,12.0,1,Dawn,Clear,Main,Freight Train,52,1524279,961881,2486160,E61C,48.059936999999998,-105.85489200000001
ARR,2020027,2020-02-10,11:41 AM,Other (describe in narrative),0,CANTWELL,AK,-10.0,2,Day,Snow,Main,Spec. MoW Equip.,2,14835,0,14835,M101,63.391300000000001,-148.95150000000001
BNSF,KS0923104,2023-09-07,7:54 AM,Derailment,0,KANSAS CITY,KS,74.0,1,Dawn,Clear,Yard,Light loco(s),3,0,0,36572,H704,39.078121000000003,-94.660427999999996
BNSF,HL0523206,2023-05-27,10:30 AM,Hwy-rail crossing,0,FARLEY,MO,80.0,2,Day,Clear,Main,Freight Train,53,21265,0,21265,M308,39.270780999999999,-94.823950999999994
BNSF,HL1023109,2023-10-17,4:45 AM,Derailment,0,AURORA,NE,55.0,1,Dawn,Clear,Main,Freight Train,33,1126235,1475723,2601958,E62C,40.875804000000002,-98.093620000000001
NS,127299,2017-11-05,12:01 AM,Derailment,0,TUSCUMBIA,AL,67.0,4,Dark,Clear,Main,Freight Train,35,140388,1079871,1220259,T213,34.720529999999997,-87.725088999999997
NS,122112,2016-09-19,1:25 PM,Derailment,0,LAFAYETTE,IN,80.0,2,Day,Clear,Yard,Yard/switching,7,77732,0,77732,H312,40.448743,-86.853847999999999
NS,118318,2015-11-22,3:30 PM,Derailment,0,TUSCALOOSA,AL,72.0,2,Day,Clear,Yard,Freight Train,2,27300,8000,35300,H702,33.195188000000002,-87.559139000000002
UP,0319RM004,2019-03-06,2:33 AM,Derailment,0,LARAMIE,WY,32.0,4,Dark,Cloudy,Main,Freight Train,30,7163,49560,56723,E33C,41.294825000000003,-105.595682
UP,0717NP006,2017-07-06,12:40 PM,Derailment,0,NORTH PLATTE,NE,100.0,2,Day,Clear,Yard,Light loco(s),5,37241,150,37391,H207,41.144492999999997,-100.836237
NS,143782,2021-12-17,7:15 AM,Obstruction,0,VENICE,MO,72.0,1,Dawn,Rain,Main,Freight Train,6,6189,120000,153230,M402,38.674764000000003,-90.201010999999994
UP,0621GC003,2021-06-08,11:54 AM,Derailment,0,WESTWEGO,LA,87.0,2,Day,Cloudy,Yard,Yard/switching,2,2195,12734,14929,E40C,29.918248999999999,-90.192600999999996
ATK,161820,2019-11-02,11:53 PM,Obstruction,0,SHAWNEE,KS,36.0,4,Dark,Clear,Main,Passenger Train - Pulling,76,18624,0,18624,M402,39.04016,-94.870859999999993
CSX,000148244,2015-06-23,9:45 AM,Hwy-rail crossing,0,BUFFALO,NY,75.0,2,Day,Cloudy,Industry,Yard/switching,6,15382,0,15382,M302,42.864033999999997,-78.870275000000007
NJTR,202001004,2020-01-02,9:14 PM,Other (describe in narrative),0,NEW BRUNSWICK,NJ,42.0,4,Dark,Clear,Yard,EMU,10,11214,0,12827,E78L,40.477353000000001,-74.470789999999994
UP,1219PR010,2019-12-22,6:30 PM,Other impacts,0,STERLING,IL,40.0,3,Dusk,Clear,Main,Cut of cars,0,0,0,20652,H302,41.787666999999999,-89.711496999999994
CSX,000216306,2024-02-19,5:10 AM,Hwy-rail crossing,0,HAMMOND,IN,19.0,1,Dawn,Cloudy,Main,Freight Train,29,237,34502,34739,M308,41.630302999999998,-87.500106000000002
NS,114206,2015-02-05,11:44 AM,Other impacts,0,ELIZABETH,NJ,29.0,2,Day,Cloudy,Yard,Cut of cars,0,36700,0,40275,H704,40.660066,-74.181245000000004
ATK,180747,2024-06-18,10:25 PM,Derailment,0,MOUNT RAINIER,MD,74.0,4,Dark,Cloudy,Yard,Light loco(s),5,86864,8230,95094,H607,38.917400000000001,-76.988116000000005
UP,0617NP019,2017-06-12,7:30 PM,Derailment,0,NORTH PLATTE,NE,81.0,2,Day,Clear,Yard,Yard/switching,4,10480,89970,100450,H702,41.152655000000003,-100.831459
BNSF,PR0124107,2024-01-19,12:15 PM,Derailment,0,HARRISON,NE,13.0,2,Day,Clear,Main,Freight Train,45,8520,4989,13509,H019,42.898833000000003,-103.574951
UP,0818NP001,2018-08-01,6:45 PM,Derailment,0,HASTINGS,NE,82.0,3,Dusk,Clear,Main,Freight Train,49,2542,246857,249399,E54C,40.605279000000003,-98.391775999999993
BNSF,TC0415123,2015-04-21,11:30 AM,Other (describe in narrative),0,MINNEAPOLIS,MN,50.0,2,Day,Clear,Main,Spec. MoW Equip.,10,15000,0,15000,H997,45.006171000000002,-93.251816000000005
UP,0916PR009,2016-09-15,12:30 PM,Other impacts,0,NORTHLAKE,IL,87.0,2,Day,Clear,Yard,Cut of cars,0,30996,0,75912,M411,41.90945,-87.915287000000006
UP,0517UT023,2017-05-29,12:10 AM,Derailment,0,SODA SPRINGS,ID,40.0,4,Dark,Clear,Main,Freight Train,37,165199,193663,358862,E30C,42.659208,-111.61302000000001
NS,124390,2017-03-19,8:45 AM,Hwy-rail crossing,0,GREENSBORO,NC,64.0,2,Day,Clear,Main,,0,0,0,13065,M303,36.083697999999998,-79.740429000000006
UP,0718NP008,2018-07-06,8:50 AM,Derailment,0,OMAHA,NE,80.0,2,Day,Clear,Yard,Yard/switching,10,10704,1320,12024,H702,41.275084,-95.926367999999997
ATK,152305,2018-02-02,1:30 AM,Other impacts,0,LONG ISLAND CITY,NY,40.0,4,Dark,Rain,Yard,Passenger Train - Pushing,5,16580,0,16817,H302,40.745158000000004,-73.939066999999994
UP,0617UT013,2017-06-15,5:15 PM,Other impacts,0,POCATELLO,ID,76.0,2,Day,Clear,Yard,Single Car,0,2378,0,16267,H306,42.862689000000003,-112.447621
UP,1219GC030,2019-12-30,8:54 PM,Other impacts,0,LIVONIA,LA,46.0,4,Dark,Clear,Yard,Yard/switching,4,38076,0,38726,S015,30.522687999999999,-91.551980999999998
LAS,190625009,2019-06-25,9:00 PM,Derailment,0,MINDEN,LA,82.0,4,Dark,Clear,Main,Freight Train,9,815303,17971,833274,T220,32.603845,-93.292188999999993
UP,0915NP004,2015-09-04,8:30 AM,Derailment,0,NORTH PLATTE,NE,80.0,2,Day,Clear,Yard,Freight Train,6,5552,16715,22267,M409,41.144455999999998,-100.791352
NS,143559,2021-11-24,1:22 PM,Derailment,0,JENNINGS,MO,55.0,2,Day,Clear,Yard,Freight Train,6,17607,46920,64527,H520,38.696145000000001,-90.220946999999995
NS,123571,2017-01-15,1:10 AM,Hwy-rail crossing,0,VANCE,AL,45.0,4,Dark,Clear,Main,Freight Train,50,15,43065,43080,M303,33.160749000000003,-87.299859999999995
UP,0923HL001,2023-09-04,12:18 AM,Derailment,0,COFFEYVILLE,KS,82.0,4,Dark,Cloudy,Siding,Freight Train,2,127046,0,127046,H514,37.032969999999999,-95.653480999999999
GRS,20220110N1,2022-01-10,7:20 PM,Derailment,1,BIDDEFORD,ME,20.0,4,Dark,Clear,Siding,Freight Train,5,71000,6123,77123,H303,43.487299999999998,-70.476320000000001
CSX,000206783,2022-08-20,1:08 AM,Obstruction,0,FAYETTEVILLE,NC,71.0,4,Dark,Rain,Main,Freight Train,15,32808,207,33015,M402,35.058455000000002,-78.883177000000003
LSRC,D220311,2022-03-11,12:45 PM,Derailment,0,BAY CITY,MI,26.0,2,Day,Clear,Main,Freight Train,9,4267,11720,15987,M204,43.588388999999999,-83.850938999999997
ATK,152432,2018-03-24,8:37 PM,Hwy-rail crossing,0,POTTERVILLE,MI,29.0,4,Dark,Clear,Main,Passenger Train - Pulling,63,22129,0,67785,M308,42.62567,-84.750870000000006
CRSH,113847,2015-01-13,9:10 AM,Raking collision,0,NEWARK,NJ,23.0,2,Day,Cloudy,Yard,Yard/switching,1,7030,150,17253,S006,40.713667999999998,-74.142477
AGR,AGR984917,2017-01-05,12:15 PM,Other (describe in narrative),0,ALICEVILLE,AL,48.0,2,Day,Cloudy,Main,Freight Train,36,22635,0,22635,E32C,33.130029999999998,-88.157060000000001
BNSF,TC0215105,2015-02-11,9:25 PM,Other impacts,0,MINNEAPOLIS,MN,-12.0,4,Dark,Clear,Yard,Single Car,5,24805,0,24805,S016,45.034067999999998,-93.272857999999999
KCS,19010901,2019-01-09,1:00 PM,Other impacts,0,JACKSON,MS,57.0,2,Day,Clear,Yard,Cut of cars,3,9746,0,24186,H318,32.255760000000002,-90.145661000000004
CSX,000156714,2016-02-01,12:00 PM,Other impacts,0,CUMBERLAND,MD,45.0,2,Day,Rain,Yard,Cut of cars,0,670,0,12174,H318,39.630056000000003,-78.751448999999994