reportingrailroadcode,accidentnumber,date,time,accidenttype,hazmatreleasedcars,station,stateabbr,temperature,visibility_code,visibility,weathercondition,tracktype,equipmenttype,trainspeed,equipmentdamagecost,trackdamagecost,totaldamagecost,primaryaccidentcausecode,latitude,longitude
BNSF,HL1216110,2016-12-21,4:45 PM,Derailment,0,LINCOLN,NE,40.0,2,Day,Clear,Yard,Yard/switching,4,38329,7200,45529,H607,40.859853000000001,-96.635992000000002
NJTR,202002095,2020-01-26,4:48 PM,Other impacts,0,DOVER,NJ,41.0,2,Day,Cloudy,Yard,Light loco(s),8,68654,0,140596,H607,40.883684000000002,-74.550163999999995
BNSF,HL0819107,2019-08-07,3:10 PM,Side collision,0,KANSAS CITY,MO,81.0,2,Day,Clear,Yard,Freight Train,0,790,0,15790,H997,39.118583999999998,-94.589580999999995
MRL,2015098,2015-07-07,9:20 AM,Other impacts,0,BILLINGS,MT,71.0,2,Day,Clear,Yard,Yard/switching,3,21000,0,21000,H702,45.810600999999998,-108.43443600000001
UP,0819HL009,2019-08-05,3:42 PM,Derailment,0,KANSAS CITY,MO,90.0,2,Day,Cloudy,Main,Freight Train,25,100,18105,18205,E47C,38.995027,-94.529764
CSX,000193922,2020-11-18,3:30 PM,Derailment,0,HAMLET,NC,40.0,2,Day,Clear,Yard,Yard/switching,1,43889,4885,48774,E46C,34.925491000000001,-79.646586999999997
CSX,000175796,2017-11-16,1:41 PM,Fire/violent rupture,0,JESSUP,MD,59.0,2,Day,Cloudy,Main,Freight Train,0,38065,0,38065,E73L,39.142454999999998,-76.783353000000005
UP,0917LV021,2017-09-29,4:10 PM,Other impacts,0,MARINGOUIN,LA,86.0,2,Day,Cloudy,Yard,Single Car,4,14927,33,15086,H302,30.503119999999999,-91.552600999999996
BNSF,HL0320105,2020-03-05,6:00 AM,Derailment,0,LINCOLN,NE,42.0,1,Dawn,Clear,Yard,Yard/switching,5,8604,55000,63604,H316,40.807783999999998,-96.750612000000004
CRSH,140234,2021-01-12,2:00 AM,Other impacts,0,WOODBRIDGE,NJ,30.0,4,Dark,Clear,Yard,Single Car,0,68354,0,101539,H318,40.566409999999998,-74.251472000000007
BNSF,PR0717101,2017-07-03,8:00 AM,Derailment,0,ALLIANCE,NE,75.0,1,Dawn,Clear,Industry,Freight Train,5,18619,250,18869,H306,42.129111999999999,-102.90849300000001
IHB,2407,2018-03-13,4:30 AM,Side collision,0,RIVERDALE,IL,30.0,1,Dawn,Clear,Yard,Freight Train,0,5200,0,25200,H607,41.640098999999999,-87.643794999999997
UPME,0220CM002,2020-02-03,11:58 PM,Derailment,0,CRYSTAL LAKE,IL,34.0,4,Dark,Cloudy,Yard,Commuter Train - Pulling,7,31713,2766,38917,H303,42.24521,-88.318865000000002
UP,1221HL009,2021-12-07,10:00 AM,Other (describe in narrative),0,ST. JOSEPH,MO,30.0,2,Day,Cloudy,Industry,Single Car,0,19157,0,19157,M501,39.725484999999999,-94.874407000000005
CSX,000206380,2022-07-28,10:40 AM,Side collision,0,GRAND RAPIDS,MI,80.0,2,Day,Clear,Yard,Cut of cars,9,29976,48,60000,H302,42.952632000000001,-85.684162999999998
UP,0817SL021,2017-08-15,1:27 PM,Rear end collision,0,HERMANN,MO,72.0,2,Day,Cloudy,Main,Freight Train,0,214963,0,965508,H605,38.675776999999997,-91.631411
CSX,000214830,2023-11-30,4:00 PM,Derailment,0,GARY,IN,40.0,2,Day,Cloudy,Main,Freight Train,25,21353,6589,27942,E61C,41.617092,-87.373119000000003
KCS,15081802,2015-08-18,6:45 PM,Derailment,0,KANSAS CITY,MO,78.0,2,Day,Rain,Yard,Yard/switching,5,51000,3489,54489,H318,39.129092,-94.522501000000005
IC,1125643,2023-01-03,3:26 AM,Obstruction,0,CLINTON,KY,62.0,4,Dark,Rain,Main,,0,0,0,13260,M404,36.667299999999997,-88.993399999999994
BNSF,PR0118101,2018-01-05,9:50 AM,Derailment,0,HOLDREGE,NE,18.0,2,Day,Cloudy,Main,Freight Train,45,15000,8500,23500,H503,40.438090000000003,-99.360534000000001
BRC,14397,2020-09-20,12:02 PM,Raking collision,0,BEDFORD PARK,IL,68.0,2,Day,Clear,Yard,Yard/switching,5,1800000,23000,2142153,H306,41.768143000000002,-87.774452999999994
KCS,15062504,2015-06-25,8:00 PM,Derailment,0,LADDONIA,MO,83.0,4,Dark,Cloudy,Siding,Freight Train,0,6890,47634,54524,M105,39.247194,-91.634353000000004
UP,0415LK006,2015-04-01,10:40 PM,Fire/violent rupture,0,MALDEN,MO,55.0,4,Dark,Rain,Main,Freight Train,32,22011,0,22011,E99L,36.483384999999998,-90.089957999999996
UP,0719RM037,2019-07-29,5:15 AM,Other (describe in narrative),0,GREEN RIVER,WY,57.0,1,Dawn,Clear,Yard,Yard/switching,4,0,104100,104100,H307,41.523418999999997,-109.460053
BNSF,SW0124111,2024-01-21,1:45 PM,Derailment,0,CLOVIS,NM,41.0,2,Day,Cloudy,Yard,Yard/switching,5,11375,10527,21902,H503,34.39678,-103.20078100000001
NS,120363,2016-05-03,10:15 PM,Hwy-rail crossing,0,BIRMINGHAM,AL,62.0,4,Dark,Clear,Main,Freight Train,42,1010,198872,199882,M308,33.486908,-86.855613000000005
UP,1222GP024,2022-12-15,12:00 PM,Other impacts,0,NORTH PLATTE,NE,26.0,2,Day,Cloudy,Yard,Single Car,0,100,0,12260,M407,41.149075000000003,-100.839292
CSX,000164860,2016-12-02,1:55 PM,Derailment,0,DANVILLE,IL,42.0,2,Day,Clear,Yard,Freight Train,6,17992,150,18142,H702,40.140715,-87.614975000000001
UP,0815TC006,2015-08-16,8:24 AM,Derailment,0,ST PAUL,MN,77.0,2,Day,Cloudy,Yard,Freight Train,10,32787,82709,115496,H703,44.943351999999997,-93.052638999999999
ATK,144553,2016-10-03,12:55 AM,Derailment,0,CHICAGO,IL,59.0,4,Dark,Clear,Yard,Light loco(s),2,41700,0,41700,H220,41.866599000000001,-87.635862000000003
MRL,2017033,2017-03-01,3:44 AM,Derailment,0,HUNTLEY,MT,17.0,4,Dark,Clear,Main,,0,0,34000,50500,H704,45.891261999999998,-108.31190599999999
CSX,000177442,2018-07-07,4:18 PM,Derailment,0,MONTGOMERY,AL,85.0,3,Dusk,Cloudy,Industry,Freight Train,8,29722,627,30349,E42C,32.291452999999997,-86.309624999999997
CSX,000200876,2021-10-22,11:12 AM,Side collision,0,HAMLET,NC,73.0,2,Day,Clear,Yard,Yard/switching,4,4709,0,25729,H307,34.925491000000001,-79.646586999999997
GTW,949818,2018-02-12,2:00 PM,Obstruction,0,WARREN,MI,25.0,2,Day,Clear,Industry,Yard/switching,5,13011,0,13011,M501,42.456386999999999,-83.000314000000003
UP,1222GP030,2022-12-24,4:45 AM,Derailment,0,NORTH PLATTE,NE,5.0,1,Dawn,Clear,Yard,Yard/switching,4,22461,22000,44461,M409,41.152090999999999,-100.819102
NS,134680,2019-07-12,5:30 AM,Other (describe in narrative),0,ELIZABETH,NJ,80.0,1,Dawn,Clear,Yard,Freight Train,7,32,0,32,H702,40.681483999999998,-74.242326000000006
UP,0716PR006,2016-07-13,9:00 AM,Other impacts,0,NORTHLAKE,IL,75.0,2,Day,Clear,Yard,Cut of cars,5,98102,0,98102,H601,41.909441999999999,-87.915277000000003
UP,0521HL020,2021-05-28,11:03 AM,Derailment,0,COFFEYVILLE,KS,64.0,2,Day,Clear,Industry,Yard/switching,3,954,0,38954,H505,37.079509999999999,-95.602222999999995
UP,0623GC032,2023-06-26,9:30 PM,Other impacts,0,SULPHUR,LA,83.0,4,Dark,Clear,Yard,Cut of cars,2,13865,0,16530,H021,30.159739999999999,-93.342488000000003
BNSF,TC1117110,2017-11-20,9:45 AM,Other impacts,0,FRIDLEY,MN,45.0,2,Day,Cloudy,Yard,Freight Train,9,11026,0,11026,E30C,45.038167999999999,-93.269846000000001
UP,0115TC007,2015-01-22,11:55 AM,Other impacts,0,SHAKOPEE,MN,33.0,2,Day,Clear,Yard,Light loco(s),2,8534,0,15284,H020,44.789214000000001,-93.418700000000001
BNSF,TC0123121,2023-01-05,2:45 PM,Derailment,0,ST PAUL,MN,5.0,2,Day,Snow,Yard,,0,0,11720,62924,H503,44.952646000000001,-93.077113999999995
NS,132067,2018-12-15,6:00 PM,Hwy-rail crossing,0,BIRMINGHAM,AL,40.0,3,Dusk,Rain,Main,,0,0,0,15832,M308,33.481524999999998,-86.863943000000006
BVRR,IN-1810190,2018-10-19,8:55 AM,Derailment,0,CALDWELL,ID,55.0,2,Day,Clear,Industry,Freight Train,7,25000,1500,26500,H021,43.668599999999998,-116.7032
UP,1218GP017,2018-12-06,8:45 PM,Derailment,0,OMAHA,NE,24.0,4,Dark,Clear,Main,Freight Train,9,152960,494457,647417,M401,41.219645999999997,-95.956918999999999
RALI,RAI287918,2018-10-09,5:00 PM,Derailment,0,LIVONIA,LA,80.0,2,Day,Clear,Yard,Freight Train,5,161602,12000,173602,H306,30.559229999999999,-91.555750000000003
NOPB,D20181207F,2018-12-07,4:05 AM,Derailment,0,AVONDALE,LA,45.0,1,Dawn,Clear,Yard,,0,0,0,40159,H501,29.916346999999998,-90.179410000000004
BNSF,CH0919108,2019-09-24,12:15 PM,Broken train collision,0,BEVIER,MO,78.0,2,Day,Clear,Main,Freight Train,10,281439,40000,321439,E33C,39.695943999999997,-92.557710999999998
UP,0718NP029,2018-07-21,8:55 AM,Derailment,0,NORTH PLATTE,NE,73.0,2,Day,Clear,Yard,Yard/switching,8,280793,192294,473087,S007,41.147956999999998,-100.84434299999999
ARR,2024010,2024-01-13,7:30 AM,Derailment,0,DENALI,AK,-10.0,4,Dark,Clear,Main,Freight Train,26,11163,111163,122326,E71L,62.593398999999998,-150.03229999999999
UP,0316NP025,2016-03-14,2:30 PM,Other (describe in narrative),0,NORTH PLATTE,NE,45.0,2,Day,Rain,Yard,Work train,0,12000,0,12000,E29C,41.146681000000001,-100.843549
SNJX,20200804,2020-08-04,10:46 AM,Other (describe in narrative),0,ROEBLING,NJ,75.0,2,Day,Rain,Main,DMU,50,45000,0,45000,M404,40.120368999999997,-74.758092000000005
UP,1015NP005,2015-10-05,6:45 PM,Derailment,0,NORTH PLATTE,NE,65.0,2,Day,Cloudy,Yard,Yard/switching,10,14711,7394,22105,S007,41.146735999999997,-100.844666
ADCX,21092801D,2021-09-28,12:30 PM,Derailment,0,BIG MOOSE,NY,68.0,2,Day,Clear,Yard,Work train,10,0,15000,15000,M503,43.903224999999999,-74.909767000000002
BNSF,HL1123101,2023-11-01,6:17 AM,Derailment,0,LINCOLN,NE,18.0,1,Dawn,Clear,Yard,Yard/switching,5,29028,17833,83231,M407,40.808197,-96.743463000000006
NJTR,202311496,2023-11-14,12:30 AM,Derailment,0,KEARNY,NJ,55.0,4,Dark,Clear,Yard,Yard/switching,5,19016,0,19016,H704,40.74409,-74.103256000000002
UP,1123GL016,2023-11-23,6:30 AM,Other impacts,0,OMAHA,NE,29.0,1,Dawn,Clear,Industry,Yard/switching,4,3395,0,23703,H307,41.255972999999997,-95.922460000000001
CSX,000144488,2015-04-09,8:30 AM,Obstruction,0,NORTHVILLE,MI,41.0,2,Day,Fog,Main,Spec. MoW Equip.,18,63000,0,63000,H997,42.396017999999998,-83.549047000000002
BNSF,MT0717200,2017-07-30,4:45 PM,Hwy-rail crossing,0,TERRY,MT,95.0,2,Day,Clear,Main,Freight Train,54,873780,205000,1078780,M302,46.643279999999997,-105.52210700000001
NS,139589,2020-10-30,1:00 PM,Hwy-rail crossing,0,MOORESVILLE,NC,68.0,2,Day,Clear,Main,Freight Train,16,3802,10000,13802,M305,35.624585000000003,-80.798664000000002
LI,EQ20180401,2018-04-13,4:37 PM,Other impacts,0,SUNNY SIDE,NY,62.0,2,Day,Clear,Main,Passenger Train - Pulling,30,24262,9695,33957,M599,40.748660999999998,-73.926222999999993
NS,126795,2017-09-27,8:30 AM,Hwy-rail crossing,0,WILTON,AL,80.0,2,Day,Clear,Main,Freight Train,28,470976,150066,621042,M308,33.142519999999998,-86.684359000000001
NS,153809,2023-08-03,5:00 PM,Other impacts,0,ST LOUIS,MO,77.0,3,Dusk,Cloudy,Yard,Single Car,0,465,0,12056,H302,38.697316000000001,-90.222123999999994
LI,EQ20170302,2017-03-17,2:42 PM,Obstruction,0,MINEOLA,NY,40.0,2,Day,Clear,Main,Maint./inspect Car,5,0,0,70000,H604,40.740927999999997,-73.638322000000002
CRSH,115355,2015-04-20,8:20 AM,Raking collision,0,NEWARK,NJ,52.0,2,Day,Rain,Yard,,0,0,2000,13000,H302,40.713667999999998,-74.142477
UP,0717NP034,2017-07-31,9:06 PM,Derailment,0,COUNCIL BLUFFS,IA,85.0,2,Day,Clear,Yard,Cut of cars,0,8868,1854,10722,H312,41.250297000000003,-95.886002000000005
BEAR,BER910424D,2024-08-28,12:30 AM,Derailment,0,AYER,MA,62.0,4,Dark,Clear,Yard,Cut of cars,0,169956,0,471501,M505,42.552988999999997,-71.590873000000002
BNSF,HL0617202,2017-06-14,1:50 PM,Hwy-rail crossing,0,FESTUS,MO,89.0,2,Day,Clear,Main,Freight Train,33,4100,25000,29100,M308,38.265008000000002,-90.427802
ATK,174688,2023-05-12,4:30 AM,Obstruction,0,BOSTON,MA,50.0,4,Dark,Clear,Main,Spec. MoW Equip.,15,150000,0,1650000,H104,42.243105999999997,-71.131375000000006
UP,1123GP007,2023-11-05,9:00 AM,Derailment,0,NORTH PLATTE,NE,47.0,2,Day,Cloudy,Yard,Yard/switching,10,81345,396,81741,M407,41.147607999999998,-100.833736
NS,142644,2021-08-24,10:00 AM,Other impacts,0,CHARLOTTE,NC,80.0,2,Day,Clear,Yard,Yard/switching,4,41500,986,42486,H599,35.228062999999999,-80.852618000000007
CRSH,135328,2019-08-30,2:35 PM,Raking collision,0,MANVILLE,NJ,84.0,2,Day,Clear,Main,Cut of cars,0,16706,0,35374,H302,40.649692999999999,-74.293335999999996
CSX,000166517,2017-02-04,1:00 PM,Derailment,0,CUMBERLAND,MD,38.0,2,Day,Clear,Yard,Freight Train,5,32480,7780,40260,H702,39.629178000000003,-78.745833000000005
CMQX,06222019,2019-06-22,9:05 PM,Derailment,0,JACKMAN,ME,60.0,3,Dusk,Clear,Main,Freight Train,24,7100,125000,132100,E52C,45.576970000000003,-70.488825000000006
ATK,160757,2019-08-22,7:23 PM,Other (describe in narrative),0,SECAUCUS,NJ,80.0,2,Day,Clear,Main,Passenger Train - Pulling,0,23210,0,23210,E78L,40.760981000000001,-74.076740000000001
BNSF,SW0522103,2022-05-22,5:20 AM,Derailment,0,JARALES,NM,60.0,1,Dawn,Clear,Main,Freight Train,38,1590349,960000,2550349,M105,34.459946000000002,-106.504645
CSX,000206521,2022-05-21,8:00 PM,Obstruction,0,CARY,NC,72.0,4,Dark,Cloudy,Main,,0,0,0,26521,M404,35.770108999999998,-78.806162
LSRC,A220209,2022-02-09,11:00 AM,Hwy-rail crossing,0,MILFORD,MI,36.0,2,Day,Clear,Main,Freight Train,26,0,11707,11707,M302,42.579191999999999,-83.589519999999993
UP,1217KC001,2017-12-02,4:10 PM,Other impacts,0,KANSAS CITY,MO,59.0,2,Day,Clear,Yard,Yard/switching,4,11129,4154,26788,M411,39.122833,-94.514565000000005
IC,910610,2017-01-09,3:43 AM,Fire/violent rupture,0,MARKS,MS,26.0,4,Dark,Cloudy,Main,Freight Train,40,104500,2500,107000,M507,34.256450000000001,-90.272749000000005
ATK,172834,2022-02-22,9:45 PM,Obstruction,0,LONGMEADOW,MA,28.0,4,Dark,Rain,Main,,0,0,0,14212,M404,42.066032999999997,-72.589243999999994
UP,0419GP001,2019-04-01,1:30 AM,Other impacts,0,CHEYENNE,WY,29.0,4,Dark,Clear,Yard,Yard/switching,2,20928,6010,74159,H310,41.129216999999997,-104.81168599999999
CSX,000152880,2015-10-05,5:00 PM,Derailment,0,BALTIMORE,MD,68.0,2,Day,Clear,Yard,Yard/switching,6,24836,1511,26347,T221,39.235430000000001,-76.591320999999994
CRSH,140350,2021-01-21,2:15 PM,Derailment,0,NEWARK,NJ,30.0,2,Day,Clear,Yard,Yard/switching,6,24929,0,24929,H704,40.715100999999997,-74.172758000000002
ARR,2022195,2022-12-04,9:15 AM,Derailment,0,FAIRBANKS,AK,10.0,2,Day,Clear,Industry,Yard/switching,3,10000,5000,15000,H307,64.845299999999995,-147.72210000000001
BNSF,HL0620102,2020-06-02,9:39 PM,Derailment,0,LINCOLN,NE,78.0,4,Dark,Clear,Yard,Freight Train,6,15000,0,15000,H607,40.808309000000001,-96.776204000000007
IC,909648,2016-12-28,1:20 PM,Hwy-rail crossing,0,INDEPENDENCE,LA,73.0,2,Day,Clear,Main,,0,0,18025,24440,M303,30.444828000000001,-90.441199999999995
UP,0620GC028,2020-06-16,9:41 PM,Other (describe in narrative),0,LIVONIA,LA,78.0,4,Dark,Clear,Yard,Cut of cars,0,21149,0,21149,M411,30.524514,-91.557350999999997
BNSF,TC0518111,2018-05-21,11:57 AM,Rear end collision,0,PETERSBURG,ND,71.0,2,Day,Cloudy,Main,Maint./inspect Car,0,120000,0,130000,H402,48.020874999999997,-98.031993
CRSH,114609,2015-02-28,4:30 PM,Derailment,0,NEWARK,NJ,25.0,3,Dusk,Clear,Yard,Yard/switching,9,12092,0,45266,S006,40.713667999999998,-74.142477
UP,0316LK030,2016-03-29,3:50 AM,Derailment,0,SHREVEPORT,LA,50.0,4,Dark,Cloudy,Yard,Yard/switching,6,36036,3280,39316,T222,32.458539000000002,-93.790831999999995
UP,0822HL006,2022-08-08,10:26 AM,Other impacts,0,HERINGTON,KS,71.0,2,Day,Clear,Yard,Single Car,5,256,0,34915,H318,38.679220999999998,-96.948992000000004
KCT,UP210928,2021-09-28,2:02 AM,Derailment,0,KANSAS CITY,MO,73.0,4,Dark,Clear,Main,,0,0,0,75036,H501,39.109470000000002,-94.502430000000004
IC,902522,2016-10-01,9:40 PM,Side collision,0,HARVEY,IL,58.0,4,Dark,Cloudy,Yard,Freight Train,4,25057,0,36157,H503,41.577893000000003,-87.656049999999993
LI,73042,2020-08-28,1:20 AM,Other (describe in narrative),0,LONG BEACH,NY,73.0,4,Dark,Clear,Yard,EMU,7,0,18601,18601,H607,40.593682000000001,-73.663506999999996
NS,151496,2022-11-18,5:45 AM,Derailment,0,MELVINDALE,MI,30.0,1,Dawn,Clear,Yard,Freight Train,8,15500,0,15500,H307,42.276093000000003,-83.182289999999995
ATK,153689,2018-06-08,6:18 AM,Other (describe in narrative),0,PERRYVILLE,MD,74.0,2,Day,Clear,Main,Work train,10,0,25000,25000,H221,39.560113000000001,-76.071338999999995
BNSF,HL0221114,2021-02-17,3:54 AM,Derailment,0,NEBRASKA CITY,NE,-10.0,4,Dark,Clear,Industry,Freight Train,2,25744,0,25744,M101,40.631760999999997,-95.804524999999998
BNSF,TC0722108,2022-07-27,8:50 AM,Derailment,0,MINNEAPOLIS,MN,70.0,1,Dawn,Clear,Yard,Yard/switching,0,10312,0,26016,H306,45.028312999999997,-93.268919999999994
NS,127393,2017-11-13,7:30 AM,Derailment,0,IRONDALE,AL,58.0,1,Dawn,Clear,Yard,Yard/switching,9,16619,5324,21943,E99C,33.548904999999998,-86.67801
CSX,000189825,2020-04-22,3:19 PM,Other impacts,0,INDIANAPOLIS,IN,60.0,3,Dusk,Cloudy,Yard,Single Car,0,1300,0,16569,S016,39.759791,-86.327526000000006
NS,123902,2017-02-08,2:00 PM,Hwy-rail crossing,0,GARY,IN,33.0,2,Day,Cloudy,Main,,0,0,203932,225652,M302,41.624831,-87.393977000000007
PATH,I090717,2017-09-07,11:30 AM,Other impacts,0,HARRISON,NJ,75.0,2,Day,Cloudy,Yard,Cut of cars,7,25744,0,25744,H995,40.740873999999998,-74.142944
BNSF,KS1123111,2023-11-23,2:45 AM,Derailment,0,PEABODY,KS,30.0,4,Dark,Clear,Main,Freight Train,30,72083,0,136010,H019,38.141562,-97.119467
CSX,000198833,2021-07-13,8:10 PM,Side collision,0,AVON,IN,82.0,2,Day,Clear,Yard,Yard/switching,9,125000,0,283736,H401,39.759791,-86.327526000000006
UP,0923HL025,2023-09-24,12:15 PM,Derailment,0,KANSAS CITY,MO,78.0,2,Day,Clear,Yard,Yard/switching,10,18115,219577,478551,T221,39.122008000000001,-94.523465000000002
NS,127263,2017-11-01,10:30 AM,Derailment,0,SOUTHMONT,NC,65.0,2,Day,Clear,Yard,Yard/switching,10,30904,78304,295632,H306,35.736021999999998,-80.336566000000005
UP,1222GP024,2022-12-15,12:00 PM,Other impacts,0,NORTH PLATTE,NE,26.0,2,Day,Cloudy,Yard,Single Car,1,12160,0,12260,M407,41.149075000000003,-100.839292
SNJX,04072015,2015-04-07,7:19 AM,Other (describe in narrative),0,CAMDEN,NJ,57.0,1,Dawn,Rain,Main,DMU,0,14820,0,14820,M502,39.956159999999997,-75.083162000000002
IC,969963,2018-08-17,12:30 PM,Hwy-rail crossing,0,SARAH,MS,84.0,2,Day,Cloudy,Main,Freight Train,38,720,16693,17413,M399,34.569201999999997,-90.209783999999999
ALS,20160901,2016-09-01,9:30 AM,Other impacts,0,EAST ST LOUIS,IL,75.0,2,Day,Clear,Yard,Yard/switching,7,16700,76,16776,H312,38.586863000000001,-90.132850000000005
NS,138186,2020-06-09,9:50 AM,Derailment,0,JERSEY CITY,NJ,77.0,2,Day,Clear,Yard,Yard/switching,4,13210,0,13210,H303,40.750999999999998,-74.066175000000001
ALS,0224AS014,2024-02-25,9:13 AM,Derailment,0,EAST ST LOUIS,IL,50.0,2,Day,Clear,Yard,Freight Train,7,7644,0,16877,H503,38.597017000000001,-90.162255000000002
MRL,2018033,2018-03-05,7:15 PM,Derailment,0,DIXON,MT,26.0,4,Dark,Cloudy,Main,Yard/switching,10,12078,0,12078,E52C,47.912002000000001,-114.295643
KCS,15091003,2015-09-10,2:00 PM,Obstruction,0,CURRYVILLE,MO,88.0,2,Day,Clear,Main,Spec. MoW Equip.,20,18886,0,72536,H099,39.343238999999997,-91.364782000000005
BNSF,TC1018107,2018-10-15,10:30 PM,Other impacts,0,MANDAN,ND,35.0,4,Dark,Clear,Yard,Yard/switching,6,11433,0,11433,H702,46.823467000000001,-100.901167
UP,0819MA032,2019-08-19,6:13 AM,Hwy-rail crossing,0,MINERAL POINT,MO,71.0,1,Dawn,Clear,Main,,0,0,99,25758,M302,37.918726999999997,-90.719461999999993
UP,1223GC029,2023-12-28,9:50 AM,Other impacts,0,WESTWEGO,LA,70.0,2,Day,Clear,Yard,Yard/switching,2,33062,0,76943,H607,29.918033000000001,-90.195305000000005
MCRL,MC220516B,2022-05-16,7:17 PM,Obstruction,0,FALL RIVER,MA,62.0,3,Dusk,Clear,Main,Freight Train,10,15000,103972,118972,M599,41.743606999999997,-71.128676999999996
ATK,142980,2016-06-23,11:45 PM,Derailment,0,PERRYVILLE,MD,70.0,4,Dark,Clear,Main,Spec. MoW Equip.,25,40759,0,40759,E4BC,39.56447,-76.049306999999999
NJTR,201908463,2019-08-12,12:45 AM,Other (describe in narrative),0,HOBOKEN,NJ,68.0,4,Dark,Clear,Yard,Light loco(s),5,12729,0,12729,H999,40.735565999999999,-74.035392999999999
BNSF,NE0215108,2015-02-17,10:56 PM,Derailment,0,LOUISVILLE,NE,13.0,4,Dark,Clear,Main,Freight Train,35,2137340,1807398,3944738,E61C,40.992559,-96.215812
UP,0817NP033,2017-08-20,5:45 AM,Derailment,0,NORTH PLATTE,NE,72.0,4,Dark,Cloudy,Yard,Light loco(s),3,55861,2350,58211,E04L,41.148634999999999,-100.806398
BNSF,HL1217104,2017-12-07,12:20 PM,Other impacts,0,BIRMINGHAM,AL,45.0,2,Day,Cloudy,Yard,Yard/switching,4,78381,0,78381,H020,33.526671999999998,-86.850262000000001
NS,138341,2020-06-25,6:45 PM,Side collision,0,GREENSBORO,NC,87.0,3,Dusk,Clear,Yard,Single Car,4,27100,0,31650,H309,36.061757,-79.824574999999996
NS,139696,2020-11-10,1:45 PM,Other impacts,0,SHELBYVILLE,KY,72.0,2,Day,Clear,Yard,Single Car,3,350,500,28847,H318,38.209811000000002,-85.289676
UP,0219HL033,2019-02-21,2:28 PM,Fire/violent rupture,0,INDEPENDENCE,MO,26.0,2,Day,Cloudy,Main,Freight Train,0,112714,0,112714,E74L,39.139606000000001,-94.319292000000004
BNSF,SW0723103,2023-07-03,7:00 PM,Other impacts,0,ALBUQUERQUE,NM,95.0,3,Dusk,Clear,Yard,Yard/switching,4,17285,1898,102822,H318,35.055233999999999,-106.65271
GTW,942222,2017-11-18,7:24 AM,Side collision,0,JOLIET,IL,41.0,1,Dawn,Rain,Yard,Light loco(s),5,3500,0,22635,H307,41.540329999999997,-88.060288
CSX,000179687,2018-11-05,4:48 PM,Hwy-rail crossing,0,GAITHERSBURG,MD,51.0,2,Day,Rain,Main,,0,0,8225,27490,M303,39.142156999999997,-77.203076999999993
NS,143021,2021-10-01,4:05 PM,Other impacts,0,GREENSBORO,NC,80.0,3,Dusk,Clear,Yard,Cut of cars,0,8500,0,29126,H318,36.062078999999997,-79.821037000000004
BNSF,HL0923202,2023-09-13,1:17 AM,Hwy-rail crossing,0,DAWSON,NE,69.0,4,Dark,Clear,Main,Freight Train,30,1000,57520,58520,M308,40.126550000000002,-95.830640000000002
UP,0920GP027,2020-09-17,8:15 PM,Other (describe in narrative),0,NORTH PLATTE,NE,72.0,4,Dark,Clear,Yard,Single Car,0,33297,0,33297,M411,41.149262999999998,-100.80859700000001
CSX,000215253,2023-12-28,6:48 AM,Hwy-rail crossing,0,VALPARAISO,IN,55.0,1,Dawn,Rain,Main,Freight Train,30,5690,41791,47481,M310,41.575867000000002,-87.124436000000003
CSX,000190818,2020-06-16,4:49 AM,Obstruction,0,WADE,NC,60.0,1,Dawn,Cloudy,Main,,0,0,0,11933,M404,35.155873,-78.745616999999996
BNSF,HL1016125,2016-10-31,4:10 AM,Derailment,0,LINCOLN,NE,50.0,4,Dark,Clear,Yard,Freight Train,8,500,53474,53974,H995,40.807901999999999,-96.778548000000001
UP,0815LK005,2015-08-02,3:30 PM,Derailment,0,SHREVEPORT,LA,102.0,2,Day,Cloudy,Yard,Yard/switching,4,19931,2056,21987,T212,32.447510000000001,-93.801997999999998
BNSF,RD0818111,2018-08-11,2:30 AM,Derailment,0,LAFAYETTE,LA,75.0,4,Dark,Cloudy,Yard,Yard/switching,6,15321,9000,24321,H704,30.234922000000001,-92.055358999999996
BNSF,TC0715119,2015-07-30,9:24 AM,Other impacts,0,FRIDLEY,MN,80.0,2,Day,Clear,Yard,Yard/switching,2,13720,0,13720,M411,45.037053,-93.271567000000005
ATK,171545,2022-08-03,5:45 PM,Obstruction,0,DOWAGIAC,MI,72.0,2,Day,Rain,Main,Passenger Train - Pulling,84,19421,0,19421,M404,42.022953999999999,-86.067706999999999
NS,133421,2019-04-01,11:45 PM,Derailment,0,WENTZVILLE,MO,72.0,4,Dark,Clear,Industry,Yard/switching,6,300,12361,12661,H303,38.812783000000003,-90.836191999999997
BNSF,TC0621204,2021-06-29,5:53 AM,Hwy-rail crossing,0,DAKOTA CITY,NE,60.0,1,Dawn,Fog,Main,Freight Train,39,111597,0,111597,M302,42.379049999999999,-96.449299999999994
ATK,151874,2018-02-06,5:50 AM,Other (describe in narrative),0,HAVRE DE GRACE,MD,30.0,1,Dawn,Cloudy,Main,Passenger Train - Pulling,124,128374,0,128374,E59C,39.549278999999999,-76.091616999999999
IC,921033,2017-04-30,9:43 AM,Rear end collision,1,MONEY,MS,55.0,2,Day,Rain,Main,Freight Train,0,1820909,0,4416059,H605,33.650754999999997,-90.208319000000003
TZPR,TZP191619O,2019-09-29,6:45 PM,Derailment,0,CREVE COEUR,IL,84.0,3,Dusk,Clear,Main,,0,0,49971,50607,E46C,40.658655000000003,-89.604622000000006