reportingrailroadcode,accidentnumber,date,time,accidenttype,hazmatreleasedcars,station,stateabbr,temperature,visibility_code,visibility,weathercondition,tracktype,equipmenttype,trainspeed,equipmentdamagecost,trackdamagecost,totaldamagecost,primaryaccidentcausecode,latitude,longitude
CSX,000155865,2016-01-10,12:20 PM,Derailment,0,COLUMBUS,OH,19.0,2,Day,Snow,Yard,Yard/switching,7,290961,25000,315961,H702,39.970627999999998,-83.015089000000003
CSX,000149420,2015-07-19,8:15 AM,Derailment,0,INDIANAPOLIS,IN,75.0,2,Day,Clear,Yard,Freight Train,3,9818,1250,11068,H702,39.756183,-86.214116000000004
BNSF,CH0421104,2021-04-08,9:20 AM,Side collision,0,GALESBURG,IL,50.0,2,Day,Cloudy,Yard,Yard/switching,0,32600,0,59263,H307,40.906756999999999,-90.386408000000003
UP,0220PR026,2020-02-26,4:15 PM,Derailment,0,MELROSE PARK,IL,28.0,2,Day,Cloudy,Yard,Yard/switching,4,5210,7460,12670,M410,41.923811000000001,-87.914218000000005
CPKC,23080101,2023-08-01,4:14 PM,Hwy-rail crossing,0,BELTON,MO,93.0,2,Day,Clear,Main,Freight Train,50,21310,2910,24220,M305,38.788608000000004,-94.586380000000005
GRYR,GR180131A,2018-01-31,10:35 PM,Other (describe in narrative),0,TILLATOBA,MS,49.0,4,Dark,Clear,Main,Freight Train,10,27000,0,27000,E79L,33.984560999999999,-89.896062999999998
ATK,139330,2015-09-21,12:50 PM,Obstruction,0,RED HOOK,NY,85.0,2,Day,Clear,Main,Passenger Train - Pulling,59,25297,0,126987,H402,41.932836999999999,-73.944682999999998
UP,0519PR019,2019-05-09,3:00 AM,Other (describe in narrative),0,MELROSE PARK,IL,65.0,4,Dark,Cloudy,Yard,Single Car,4,17766,33,17799,M408,41.899459,-87.908061000000004
MQT,MQT645818H,2018-04-26,7:45 AM,Fire/violent rupture,0,GRANT,MI,29.0,1,Dawn,Clear,Main,Freight Train,0,42000,0,42000,E79L,43.350791999999998,-85.811593999999999
BNSF,HL0523202,2023-05-17,3:00 PM,Hwy-rail crossing,0,LOUISIANA,MO,76.0,2,Day,Clear,Main,Freight Train,30,15088,0,15088,M308,39.436813000000001,-91.031446000000003
ATK,157253,2019-01-19,12:20 PM,Obstruction,0,BROOKHAVEN,MS,63.0,2,Day,Cloudy,Main,Passenger Train - Pulling,68,19119,0,19119,M404,31.649439000000001,-90.416884999999994
NS,114206,2015-02-05,11:44 AM,Other impacts,0,ELIZABETH,NJ,29.0,2,Day,Cloudy,Yard,Yard/switching,3,3325,250,40275,H704,40.660066,-74.181245000000004
UP,1220MA031,2020-12-29,10:14 AM,Derailment,0,CHESTER,IL,30.0,2,Day,Cloudy,Siding,Freight Train,12,24776,111668,136444,H706,37.881390000000003,-89.785490999999993
CSX,000211508,2023-05-26,8:00 PM,Derailment,0,NEWARK,NJ,70.0,3,Dusk,Clear,Yard,Freight Train,4,33892,0,33892,H702,40.714238999999999,-74.144451000000004
CSX,000144214,2015-04-04,11:18 PM,Hwy-rail crossing,0,BANKS,AL,70.0,4,Dark,Clear,Main,Freight Train,39,20980,494,21474,M302,31.793714999999999,-85.824943000000005
UP,0619GL035,2019-06-06,2:30 PM,Other (describe in narrative),0,MINNEAPOLIS,MN,90.0,2,Day,Clear,Main,Light loco(s),15,0,0,21700,H702,44.992511999999998,-93.250636
CRSH,137693,2020-04-08,9:34 AM,Derailment,0,ELIZABETH,NJ,60.0,2,Day,Cloudy,Industry,Yard/switching,6,14493,0,14493,M101,40.674145000000003,-74.154897000000005
NIRC,9419002084,2024-03-25,3:23 AM,Other impacts,0,CHICAGO,IL,46.0,4,Dark,Clear,Yard,EMU,3,15706,5146,20852,H307,41.884369999999997,-87.623769999999993
IMRR,IMR487320O,2020-07-14,8:35 PM,Derailment,0,SPRINGFIELD,IL,80.0,3,Dusk,Clear,Yard,,0,0,1080,19700,E46L,39.815548999999997,-89.634332999999998
BNSF,SW0722104,2022-07-15,12:06 PM,Derailment,0,CLOVIS,NM,97.0,2,Day,Clear,Yard,Yard/switching,8,24702,238388,263090,H525,34.399031999999998,-103.23052800000001
UP,0219RM035,2019-02-28,2:10 AM,Other impacts,0,GREEN RIVER,WY,29.0,4,Dark,Cloudy,Yard,Cut of cars,0,6152,0,24587,H318,41.524230000000003,-109.462633
BNSF,PR0117110,2017-01-14,4:30 AM,Derailment,0,DECKER,MT,-6.0,1,Dawn,Clear,Industry,Freight Train,8,173718,161000,334718,E66C,45.004083000000001,-106.824782
KAW,231129006,2023-11-29,5:00 PM,Side collision,0,KANSAS CITY,KS,40.0,3,Dusk,Clear,Industry,Yard/switching,6,5000,6000,59663,H607,39.077553000000002,-94.635734999999997
NS,127214,2017-10-28,4:45 PM,Derailment,0,BIRMINGHAM,AL,50.0,3,Dusk,Clear,Main,Freight Train,5,2496,11202,13698,E61C,33.519410999999998,-86.791681999999994
BNSF,CH0416103,2016-04-11,7:54 PM,Derailment,0,CHICAGO,IL,39.0,3,Dusk,Clear,Main,Freight Train,5,25875,86158,112033,H504,41.843907000000002,-87.748451000000003
BNSF,HL0817107,2017-08-11,10:24 AM,Derailment,0,BIRMINGHAM,AL,82.0,2,Day,Cloudy,Yard,Yard/switching,5,25047,8500,33547,H525,33.535778999999998,-86.831382000000005
NOPB,D20180622T,2018-06-22,6:30 PM,Side collision,0,NEW ORLEANS,LA,90.0,3,Dusk,Clear,Yard,Freight Train,9,150000,0,369760,H607,29.915469999999999,-90.117001000000002
BNSF,PR0321102,2021-03-10,12:32 PM,Derailment,0,ALLIANCE,NE,50.0,2,Day,Cloudy,Yard,Light loco(s),3,36000,500,36500,H306,42.092647999999997,-102.87346599999999
BNSF,RD1120115,2020-11-18,1:45 PM,Other impacts,0,LACASSINE,LA,72.0,2,Day,Clear,Yard,Freight Train,6,20339,0,20339,H318,30.237811000000001,-92.958672000000007
UP,0522GP012,2022-05-13,12:00 PM,Other (describe in narrative),0,NORTH PLATTE,NE,70.0,2,Day,Clear,Yard,Single Car,0,35410,0,35410,M411,41.143706999999999,-100.795495
CRSH,146703,2023-01-11,7:56 PM,Derailment,0,DETROIT,MI,41.0,3,Dusk,Clear,Main,Freight Train,5,3423,45696,49119,H514,42.392408000000003,-83.047720999999996
CSX,000192193,2020-08-23,9:26 PM,Other impacts,0,AVON,IN,70.0,4,Dark,Clear,Yard,Single Car,10,8093,0,26519,H316,39.758609,-86.338973999999993
MNCW,2017120404,2017-12-04,3:48 AM,Derailment,0,PORT JERVIS,NY,32.0,4,Dark,Fog,Yard,,0,0,819,20766,H607,41.375109999999999,-74.694980000000001
BNSF,HL0819126,2019-08-23,5:40 AM,Derailment,0,WILLOW SPRINGS,MO,70.0,1,Dawn,Rain,Siding,Freight Train,8,100,26183,26283,H303,36.976655000000001,-91.954871999999995
BNSF,CH0916106,2016-09-13,2:09 AM,Derailment,0,LOCKPORT,IL,61.0,4,Dark,Clear,Industry,Maint./inspect Car,0,75000,0,78000,H306,41.591016000000003,-88.060940000000002
UP,0318PR002,2018-03-02,5:40 PM,Other impacts,0,MELROSE PARK,IL,38.0,3,Dusk,Cloudy,Yard,Single Car,0,852,0,173289,M411,41.900086000000002,-87.907171000000005
CSX,000201807,2021-12-10,11:50 PM,Derailment,0,MADISONVILLE,KY,70.0,4,Dark,Rain,Main,Freight Train,0,1374982,48,1375030,M102,37.259197999999998,-87.495458999999997
WC,855539,2015-06-16,12:01 PM,Broken train collision,0,GARY,IN,65.0,2,Day,Clear,Yard,Yard/switching,3,19677,1797,21474,H503,41.622599999999998,-87.383264999999994
UP,1223GC020,2023-12-20,1:45 AM,Other impacts,0,LOTTIE,LA,46.0,4,Dark,Clear,Yard,Yard/switching,10,27080,0,35469,S016,30.524144,-91.554429999999996
EVWR,E2020MAR1D,2020-03-29,3:30 AM,Derailment,0,MCLEANSBORO,IL,50.0,4,Dark,Cloudy,Main,Freight Train,24,7047,40949,47996,E53C,38.119667,-88.451643000000004
BNSF,CH1221105,2021-12-26,6:41 AM,Derailment,0,BARING,MO,34.0,1,Dawn,Clear,Main,Freight Train,38,3209920,500000,3709920,H504,40.213999999999999,-92.253297000000003
AZER,AZE107922D,2022-06-14,2:30 PM,Derailment,0,LORDSBURG,NM,95.0,2,Day,Clear,Yard,Yard/switching,4,9000,6000,15000,H704,32.359439000000002,-108.74914800000001
CSX,000174356,2018-01-29,12:02 AM,Derailment,0,GOLDSBORO,NC,40.0,4,Dark,Cloudy,Yard,Freight Train,5,22641,1820,24461,H702,35.361254000000002,-78.006725000000003
BNSF,SW1022105,2022-10-12,9:46 AM,Derailment,0,FORT SUMNER,NM,70.0,2,Day,Clear,Main,Freight Train,54,12022,26500,38522,E33C,34.397061999999998,-104.41328799999999
MRL,2017079,2017-06-29,12:10 AM,Derailment,0,ALBERTON,MT,59.0,4,Dark,Cloudy,Main,Freight Train,34,195000,192000,387000,E24C,47.012999999999998,-114.59099999999999
BNSF,CH0624101,2024-06-03,11:00 PM,Other (describe in narrative),0,HARDIN,MO,68.0,4,Dark,Rain,Main,Freight Train,3,63797,0,63797,H302,39.238365000000002,-93.918023000000005
BNSF,TC1116108,2016-11-26,7:30 PM,Other (describe in narrative),0,FRIDLEY,MN,40.0,3,Dusk,Rain,Yard,Light loco(s),4,0,35000,35000,H706,45.047041,-93.272332000000006
NS,146312,2022-08-29,1:00 AM,Other impacts,0,LEXINGTON,NC,72.0,4,Dark,Clear,Yard,Single Car,0,434,0,11964,H312,35.750594,-80.318288999999993
CSX,000192423,2020-09-02,4:16 PM,Derailment,0,PORT ELIZABETH,NJ,78.0,2,Day,Cloudy,Main,Freight Train,2,21500,0,29650,H524,40.714238999999999,-74.144451000000004
UP,0817TC025,2017-08-21,3:25 PM,Derailment,0,MINNEAPOLIS,MN,70.0,2,Day,Cloudy,Yard,,0,0,31968,37336,H511,44.982940999999997,-93.228286999999995
GDLK,220411006,2022-04-11,3:40 PM,Other impacts,0,KALAMAZOO,MI,45.0,2,Day,Clear,Main,Single Car,5,50000,0,170500,H021,42.272278999999997,-85.548652000000004
BNSF,KS0215203,2015-02-25,8:39 AM,Hwy-rail crossing,0,WICHITA,KS,38.0,1,Dawn,Clear,Main,Freight Train,26,15000,0,15000,M302,37.671672999999998,-97.328207000000006
NIRC,9419000785,2022-04-19,10:36 AM,Other impacts,0,CHICAGO,IL,40.0,2,Day,Cloudy,Yard,Yard/switching,5,13455,2702,16157,H999,41.892530000000001,-87.694940000000003
KCS,21043001,2021-04-30,12:15 PM,Obstruction,0,MANY,LA,75.0,2,Day,Rain,Main,Spec. MoW Equip.,4,0,0,13200,H402,31.563096000000002,-93.482883000000001
GRS,20210811N1,2021-08-11,4:56 PM,Obstruction,0,NORTH BERWICK,ME,87.0,2,Day,Cloudy,Main,,0,0,0,14324,M404,43.286594000000001,-70.752921999999998
NS,142603,2021-08-19,11:23 PM,Derailment,0,CHARLOTTE,NC,75.0,4,Dark,Clear,Yard,Freight Train,4,40,11980,12020,H506,35.228062999999999,-80.852618000000007
KCS,21022801,2021-02-28,1:15 PM,Rear end collision,0,ALEXANDRIA,LA,80.0,2,Day,Clear,Yard,Yard/switching,8,0,0,73498,H210,31.188641000000001,-92.341059000000001
UP,0519RM007,2019-05-03,1:30 PM,Derailment,0,GRANITE CANON,WY,44.0,2,Day,Clear,Main,Freight Train,38,22976,165350,188326,E61C,41.112389999999998,-105.274331
UP,0917NP026,2017-09-16,2:20 AM,Derailment,0,NORTH PLATTE,NE,60.0,4,Dark,Clear,Yard,Light loco(s),5,56384,850,57234,H702,41.145238999999997,-100.833563
CSX,000174785,2018-02-16,10:15 PM,Derailment,0,MONTGOMERY,AL,60.0,4,Dark,Clear,Yard,Yard/switching,4,18112,50,18162,H702,32.396608999999998,-86.307766999999998
NS,120306,2016-04-29,1:45 AM,Derailment,0,CHICAGO,IL,62.0,4,Dark,Rain,Yard,Yard/switching,4,147500,500,148000,H514,41.795347999999997,-87.635316000000003
NS,157264,2024-07-04,12:37 AM,Derailment,0,BALTIMORE,MD,85.0,4,Dark,Clear,Yard,Yard/switching,5,12650,2625,15275,M599,39.287421000000002,-76.559359000000001
KCS,19010901,2019-01-09,1:00 PM,Other impacts,0,PEARL,MS,57.0,2,Day,Clear,Yard,Yard/switching,4,14440,0,24186,H318,32.255760000000002,-90.145661000000004
BNSF,TC0815106,2015-08-14,10:50 PM,Derailment,0,MINNEAPOLIS,MN,78.0,4,Dark,Clear,Yard,Freight Train,10,25000,197084,222084,H506,45.028250999999997,-93.267846000000006
UP,0720PR015,2020-07-14,4:35 PM,Derailment,0,CHICAGO,IL,84.0,2,Day,Cloudy,Yard,Yard/switching,10,35453,99,35552,H307,41.860742999999999,-87.684426999999999
UP,0517CB018,2017-05-22,2:00 PM,Obstruction,0,OMAHA,NE,80.0,2,Day,Clear,Main,Spec. MoW Equip.,5,100,0,27326,M402,41.221510000000002,-96.077926000000005
UP,0920GC034,2020-09-26,4:55 PM,Other impacts,0,MARINGOUIN,LA,81.0,2,Day,Clear,Yard,Single Car,3,10104,0,22084,M411,30.527573,-91.555701999999997
BNSF,NE0616200,2016-06-13,5:00 PM,Hwy-rail crossing,0,ASHLAND,NE,85.0,3,Dusk,Clear,Main,Maint./inspect Car,25,11000,0,11000,M302,41.099620000000002,-96.355599999999995
WC,979925,2018-11-25,5:45 PM,Derailment,0,GARY,IN,40.0,4,Dark,Rain,Yard,Yard/switching,9,26048,44774,70822,H702,41.613349999999997,-87.356309999999993
WC,1142201,2023-12-06,9:40 PM,Side collision,0,GARY,IN,39.0,4,Dark,Cloudy,Yard,Single Car,3,10200,0,30200,M411,41.628486000000002,-87.412000000000006
BNSF,CH0421104,2021-04-08,9:20 AM,Side collision,0,GALESBURG,IL,50.0,2,Day,Cloudy,Yard,Yard/switching,4,23663,3000,59263,H307,40.906756999999999,-90.386408000000003
BNSF,MT0717105,2017-07-11,5:45 PM,Derailment,0,MALTA,MT,90.0,3,Dusk,Clear,Main,Freight Train,41,23269,141908,165177,M105,48.431818999999997,-107.514123
LI,GR20161101,2016-11-06,5:33 PM,Hwy-rail crossing,0,CENTRAL ISLIP,NY,50.0,4,Dark,Cloudy,Main,EMU,62,0,37879,37879,M303,40.790337000000001,-73.201702999999995
BNSF,KS0115118,2015-01-23,4:50 AM,Raking collision,0,KANSAS CITY,KS,29.0,1,Dawn,Clear,Yard,Yard/switching,3,40995,0,48995,H607,39.082295000000002,-94.691059999999993
GTW,1115267,2022-08-29,4:30 PM,Obstruction,0,DELTA TOWNSHIP,MI,70.0,2,Day,,Main,Freight Train,10,0,17000,17000,M402,42.661524999999997,-84.696314999999998
UP,0819HL008,2019-08-06,7:13 PM,Derailment,0,STRASBURG,MO,84.0,3,Dusk,Clear,Main,Freight Train,33,200,44016,44216,H504,38.758127000000002,-94.125215999999995
BNSF,TC0615119,2015-06-12,3:00 PM,Other (describe in narrative),0,BELLINGHAM,MN,90.0,2,Day,Clear,Main,Spec. MoW Equip.,10,15000,0,15000,H997,45.133781999999997,-96.285876999999999
UP,1218GP010,2018-12-04,11:00 PM,Derailment,0,NORTH PLATTE,NE,14.0,4,Dark,Cloudy,Yard,Yard/switching,4,8436,17216,25652,M411,41.146414,-100.835904
BNSF,NW1116110,2016-11-16,9:50 PM,Derailment,0,SANDPOINT,ID,36.0,4,Dark,Cloudy,Main,Freight Train,24,1359,275000,276359,E61C,48.237358,-116.524562
BRC,14111,2018-05-15,4:30 PM,Derailment,0,BEDFORD PARK,IL,70.0,2,Day,Clear,Yard,Freight Train,3,9820,2000,11820,M405,41.767122999999998,-87.764517999999995
CSX,000177958,2018-05-21,6:40 AM,Fire/violent rupture,0,FAYETTEVILLE,NC,72.0,1,Dawn,Cloudy,Main,,0,0,97,21328,M406,35.057001999999997,-78.883971000000003
NS,124040,2017-02-20,1:41 PM,Other impacts,0,DURHAM,NC,67.0,2,Day,Clear,Industry,Freight Train,4,27600,0,33900,H302,35.979892999999997,-78.879412000000002
UP,1121HL007,2021-11-14,8:11 AM,Other impacts,0,PARSONS,KS,39.0,2,Day,Clear,Yard,Yard/switching,3,11565,1060,59960,H306,37.362986999999997,-95.275672999999998
UP,1123GP034,2023-11-27,3:22 PM,Other impacts,0,NORTH PLATTE,NE,40.0,2,Day,Clear,Yard,Single Car,0,29369,0,32766,M407,41.147137000000001,-100.830229
NOPB,D20170329T,2017-03-29,4:30 AM,Other impacts,0,NEW ORLEANS,LA,55.0,4,Dark,Clear,Yard,Cut of cars,2,20000,1000,21000,H999,29.915545999999999,-90.118758
UP,0517CB018,2017-05-22,2:00 PM,Obstruction,0,OMAHA,NE,80.0,2,Day,Clear,Main,Freight Train,12,27226,0,27326,M402,41.221510000000002,-96.077926000000005
CRSH,146742,2023-04-17,9:14 AM,Hwy-rail crossing,0,NEWARK,NJ,68.0,2,Day,Cloudy,Main,,0,0,12349,13718,M304,40.709173,-74.145171000000005
BNSF,TC0519110,2019-05-20,7:10 AM,Derailment,0,STEELE,ND,41.0,1,Dawn,Clear,Main,Freight Train,45,10344,2000,12344,E34C,46.856741,-99.884953999999993
NJTR,202312549,2023-11-21,11:55 AM,Derailment,0,NEW YORK NEW YORK,NY,48.0,2,Day,Cloudy,Main,Commuter Train - Pushing,5,85960,0,85960,E49C,40.750476999999997,-73.994748999999999
KCS,19052202,2019-05-22,5:20 PM,Derailment,0,KANSAS CITY,MO,75.0,2,Day,Cloudy,Yard,,0,0,9207,18745,H702,39.125686999999999,-94.502067999999994
ATK,155849,2018-10-15,9:04 PM,Other (describe in narrative),0,BALTIMORE,MD,57.0,4,Dark,Clear,Main,,0,0,32784,32784,H702,39.284748999999998,-76.620474999999999
UP,0815KC006,2015-08-10,3:42 PM,Derailment,0,KANSAS CITY,MO,95.0,2,Day,Clear,Yard,Yard/switching,10,17642,38363,56005,H506,39.122950000000003,-94.516446000000002
CSX,000205088,2022-05-22,9:29 AM,Side collision,0,RIVERDALE,IL,58.0,2,Day,Clear,Yard,Cut of cars,4,73000,0,73310,H702,41.649856999999997,-87.631208999999998
UP,0219RM035,2019-02-28,2:10 AM,Other impacts,0,GREEN RIVER,WY,29.0,4,Dark,Cloudy,Yard,Yard/switching,2,17445,990,24587,H318,41.524230000000003,-109.462633
UP,0723HL010,2023-07-09,8:00 AM,Derailment,0,LEXINGTON,MO,61.0,2,Day,Clear,Main,Freight Train,30,10175,4500,14675,E53C,39.192667,-93.882441
CSX,000203163,2022-02-17,11:07 AM,Hwy-rail crossing,0,SHEPHERDSVILLE,KY,62.0,2,Day,Rain,Main,Freight Train,39,2769,21141,23910,M302,38.061273,-85.710177999999999
CSX,000206965,2022-08-30,9:35 AM,Derailment,0,MONROE,NC,79.0,2,Day,Fog,Yard,Freight Train,5,178108,4072,182180,H704,34.984836999999999,-80.548089000000004
IANR,CRD0609171,2017-06-09,5:45 AM,Derailment,0,CEDAR RAPIDS,IA,58.0,1,Dawn,Clear,Yard,Freight Train,2,82000,0,82000,H505,41.930492999999998,-91.683037999999996
CSX,000200670,2021-10-14,6:55 AM,Rear end collision,0,HAMLET,NC,70.0,1,Dawn,Clear,Yard,Yard/switching,2,12460,0,138559,H306,34.925491000000001,-79.646586999999997
UP,0819RM002,2019-08-03,5:00 PM,Derailment,0,GREEN RIVER,WY,90.0,2,Day,Cloudy,Yard,Cut of cars,0,104257,0,114246,E07C,41.519489,-109.447917
UP,0122GC055,2022-01-12,9:00 PM,Other impacts,0,MARINGOUIN,LA,44.0,4,Dark,Clear,Yard,Freight Train,0,22836,0,23238,H306,30.530387000000001,-91.557119
GDLK,220411006,2022-04-11,3:40 PM,Other impacts,0,KALAMAZOO,MI,45.0,2,Day,Clear,Industry,Yard/switching,5,120500,0,170500,H021,42.272278999999997,-85.548652000000004
CSX,000173606,2017-12-21,3:30 PM,Other impacts,0,CUMBERLAND,MD,41.0,2,Day,Clear,Yard,Spec. MoW Equip.,2,60000,0,116462,H997,39.644503999999998,-78.760839000000004
BNSF,SW0723204,2023-07-29,11:55 AM,Hwy-rail crossing,0,HAGERMAN,NM,92.0,2,Day,Clear,Main,Freight Train,45,13257,300,13557,M302,33.153942000000001,-104.340405
CP,1001543600,2021-08-09,7:36 PM,Other impacts,0,BENSENVILLE,IL,75.0,3,Dusk,Rain,Yard,Light loco(s),14,51075,120,51315,H306,41.950989,-87.914855000000003
UP,0217CB017,2017-02-28,5:16 AM,Fire/violent rupture,0,CENTRAL CITY,NE,37.0,1,Dawn,Clear,Main,Freight Train,50,21340,0,21340,E74L,41.094285999999997,-98.039474999999996
UP,0819PR033,2019-08-12,9:21 AM,Other (describe in narrative),0,NORTHLAKE,IL,78.0,2,Day,Cloudy,Yard,Single Car,0,41654,0,41654,M507,41.891328000000001,-87.871617000000001
CSX,000177151,2018-06-22,4:29 PM,Derailment,0,ROCKY MOUNT,NC,98.0,2,Day,Clear,Yard,Yard/switching,3,16570,1322,17892,E39C,35.918852999999999,-77.804446999999996
ATK,180820,2024-06-21,11:10 AM,Other (describe in narrative),0,BOSTON,MA,0.0,2,Day,Clear,Main,Passenger Train - Pulling,0,13341,0,13341,E78L,42.34695,-71.065382999999997
CSX,000149707,2015-07-25,1:05 AM,Other impacts,0,AVON,IN,73.0,4,Dark,Cloudy,Yard,Cut of cars,15,24333,0,24333,M407,39.759341999999997,-86.347116
BNSF,TC0319115,2019-03-13,3:20 PM,Derailment,0,FRIDLEY,MN,37.0,2,Day,Rain,Yard,Freight Train,4,35387,8000,43387,H702,45.058872000000001,-93.271921000000006
ARR,2023202,2023-11-26,4:15 PM,Other (describe in narrative),0,EIELSON,AK,12.0,4,Dark,Clear,Yard,Yard/switching,9,0,0,0,M308,64.828000000000003,-147.66300000000001
ATK,151033,2017-12-19,8:20 AM,Hwy-rail crossing,0,GLENDORA,MS,50.0,2,Day,Cloudy,Main,Passenger Train - Pulling,79,24958,0,24983,M302,34.014232999999997,-90.281498999999997
BNSF,TC0619103,2019-06-07,1:15 AM,Derailment,0,MANDAN,ND,50.0,4,Dark,Clear,Yard,Yard/switching,4,9787,1500,11287,H607,46.824874000000001,-100.885429
NS,153543,2023-07-07,1:05 AM,Other impacts,0,PRINCETON,IN,70.0,4,Dark,Clear,Industry,Freight Train,9,130000,3000,133000,H702,38.334975,-87.523604000000006
BNSF,PR0915120,2015-09-08,3:42 PM,Obstruction,0,BALLANTINE,MT,75.0,2,Day,Clear,Main,Spec. MoW Equip.,8,72000,0,72000,H402,45.951703999999999,-108.12388300000001
BNSF,CH0416107,2016-04-17,5:44 AM,Derailment,0,GALESBURG,IL,52.0,1,Dawn,Clear,Main,Freight Train,11,25126,0,25126,E27C,40.980356999999998,-90.327218000000002
BNSF,RD1021203,2021-10-08,8:00 AM,Hwy-rail crossing,0,RACELAND,LA,75.0,1,Dawn,Clear,Main,Maint./inspect Car,13,70000,0,70000,M302,29.749769000000001,-90.626544999999993
BNSF,TC0223111,2023-02-14,1:04 AM,Derailment,0,WILLMAR,MN,32.0,4,Dark,Clear,Yard,Freight Train,5,21034,140000,161034,E64C,45.12359,-95.045711999999995
CRSH,139055,2020-09-02,4:00 PM,Derailment,0,NEWARK,NJ,82.0,3,Dusk,Cloudy,Main,,0,0,8150,29650,H524,40.709743000000003,-74.148634000000001
CSX,000155821,2016-01-07,3:38 AM,Side collision,0,NEW ORLEANS,LA,44.0,4,Dark,Clear,Yard,Freight Train,0,222776,0,242977,H607,30.005989,-90.019451000000004
KCS,17051101,2017-05-11,5:50 AM,Other impacts,0,KANSAS CITY,MO,65.0,4,Dark,Cloudy,Yard,,0,0,8035,11903,H602,39.128900000000002,-94.519299000000004
NIRC,9419000691,2022-02-12,9:45 AM,Hwy-rail crossing,0,CHICAGO,IL,15.0,2,Day,Clear,Main,EMU,25,17075,3677,20752,M304,41.757309999999997,-87.558179999999993
UP,0818NP011,2018-08-05,5:10 PM,Other impacts,0,NORTH PLATTE,NE,76.0,2,Day,Cloudy,Yard,Yard/switching,0,11159,0,18717,H307,41.148049,-100.804333
CSX,000170434,2017-07-21,11:02 PM,Derailment,0,BIRMINGHAM,AL,85.0,4,Dark,Clear,Yard,Yard/switching,8,300908,92678,393586,E34C,33.543607000000002,-86.790088999999995
UP,0723MA006,2023-07-01,4:41 PM,Derailment,0,WASHINGTON,MO,74.0,2,Day,Cloudy,Main,,0,0,198568,198568,M404,38.602553,-91.090980999999999
UP,1023GL009,2023-10-11,9:33 AM,Hwy-rail crossing,0,SILVER CREEK,NE,55.0,2,Day,Clear,Main,Freight Train,66,12502,0,12502,M399,41.327396,-97.637174999999999
ARR,2023219,2023-12-24,7:00 PM,Hwy-rail crossing,0,ANCHORAGE,AK,20.0,4,Dark,Snow,Main,Spec. MoW Equip.,15,30751,0,30751,H402,61.1267,-149.87010000000001
BRC,14397,2020-09-20,12:02 PM,Raking collision,0,BEDFORD PARK,IL,68.0,2,Day,Clear,Yard,Yard/switching,6,319153,0,2142153,H306,41.768143000000002,-87.774452999999994
NOPB,D20210907T,2021-09-07,9:50 PM,Derailment,0,NEW ORLEANS,LA,70.0,4,Dark,Clear,Yard,Yard/switching,4,15000,0,15000,H307,29.915512,-90.107472000000001
ATK,142463,2016-05-18,6:11 PM,Hwy-rail crossing,0,FLORA,MS,75.0,2,Day,Cloudy,Main,Passenger Train - Pulling,67,22657,0,23450,M302,32.449314000000001,-90.121467999999993
BNSF,SW1214103,2014-12-09,11:50 AM,Derailment,0,CLOVIS,NM,54.0,2,Day,Clear,Yard,Yard/switching,8,11900,156969,168869,H607,34.412500000000001,-103.204611
NS,123807,2017-02-02,3:08 AM,Derailment,0,SOUTH BEND,IN,17.0,4,Dark,Clear,Main,,0,0,9500,16355,E33C,41.679088999999998,-86.290822000000006
MBTA,202337,2023-04-04,7:08 AM,Other (describe in narrative),0,BOSTON,MA,45.0,1,Dawn,Clear,Main,Passenger Train - Pulling,36,20763,0,20763,M404,42.356433000000003,-71.133972
IC,1056419,2020-12-10,12:10 AM,Side collision,0,CAIRO,IL,60.0,4,Dark,Clear,Yard,Yard/switching,9,55126,0,114582,H306,37.021711000000003,-89.184162000000001
CMR,06252015,2015-06-25,11:30 AM,Side collision,0,OLIVETTE,MO,80.0,2,Day,Clear,Yard,Freight Train,0,5808,2800,13746,H307,38.684240000000003,-90.380589999999998
CSS,CSS00049F,2023-12-05,9:48 AM,Derailment,0,MICHIGAN CITY,IN,37.0,2,Day,Rain,Industry,Freight Train,10,3543,45320,95946,H303,41.712870000000002,-86.861143999999996
UP,0319HL018,2019-03-07,10:45 AM,Derailment,0,JAMESPORT,MO,29.0,2,Day,Cloudy,Siding,Cut of cars,0,25864,0,25864,M201,39.932639999999999,-93.754341999999994
NJTR,202201059,2022-01-18,11:16 AM,Hwy-rail crossing,0,MT OLIVE,NJ,35.0,2,Day,Clear,Main,Commuter Train - Pulling,36,11355,22252,33607,M399,40.909956000000001,-74.744202999999999
IC,950110,2018-02-13,5:35 PM,Other impacts,0,JACKSON,MS,60.0,2,Day,Clear,Yard,Freight Train,4,11000,25,11025,H020,32.317563999999997,-90.190141999999994
BNSF,PR0823101,2023-08-01,3:00 AM,Derailment,0,ALLIANCE,NE,87.0,4,Dark,Rain,Yard,Yard/switching,4,83018,154,83172,H318,42.080970000000001,-102.891124
NS,126759,2017-09-24,3:00 PM,Derailment,0,MOBILE,AL,80.0,2,Day,Clear,Yard,Freight Train,4,5100,19699,25199,H312,30.703907000000001,-88.046943999999996
UP,0818KC032,2018-08-31,11:45 AM,Derailment,0,WEEPING WATER,NE,80.0,2,Day,Clear,Siding,Yard/switching,5,28184,80184,108368,H525,40.859884999999998,-96.117198999999999