reportingrailroadcode,accidentnumber,date,time,accidenttype,hazmatreleasedcars,station,stateabbr,temperature,visibility_code,visibility,weathercondition,tracktype,equipmenttype,trainspeed,equipmentdamagecost,trackdamagecost,totaldamagecost,primaryaccidentcausecode,latitude,longitude
NIRC,2019071757,2019-12-05,5:02 PM,Other (describe in narrative),0,CHICAGO,IL,38.0,3,Dusk,Cloudy,Main,EMU,50,23644,2601,26245,E78L,41.682231999999999,-87.612898999999999
CSX,000158689,2016-04-01,6:00 PM,Other impacts,0,BIRMINGHAM,AL,70.0,3,Dusk,Clear,Yard,Yard/switching,4,197,0,17052,M408,33.513494000000001,-86.803837000000001
UP,0320GP010,2020-03-13,7:53 PM,Other impacts,0,NORTH PLATTE,NE,33.0,3,Dusk,Sleet,Yard,Yard/switching,4,12645,0,20327,M411,41.151128,-100.81930800000001
NS,127229,2017-10-29,11:30 PM,Other (describe in narrative),0,MUSCLE SHOALS,AL,40.0,4,Dark,Cloudy,Yard,Yard/switching,4,0,24133,24133,M408,34.712550999999998,-87.616781000000003
NJTR,202007238,2020-07-06,6:24 PM,Other (describe in narrative),0,JERSEY CITY,NJ,89.0,2,Day,Rain,Main,Commuter Train - Pulling,15,12727,0,12727,H599,40.741123000000002,-74.065749999999994
NJTR,202311495,2023-11-08,12:04 PM,Derailment,0,KEARNY,NJ,51.0,2,Day,Clear,Yard,Yard/switching,5,38446,0,38446,H607,40.743707999999998,-74.098354
NICD,N2400002,2024-01-14,12:30 PM,Other (describe in narrative),0,GARY,IN,-4.0,2,Day,Clear,Main,Cut of cars,0,24141,0,24141,H599,41.603867000000001,-87.339724000000004
BNSF,MT0317100,2017-03-01,3:44 AM,Derailment,0,HUNTLEY,MT,17.0,4,Dark,Clear,Main,Freight Train,3,16500,0,50500,H605,45.891261999999998,-108.31190599999999
BNSF,HL0622201,2022-06-21,5:52 PM,Hwy-rail crossing,0,REPUBLIC,MO,88.0,3,Dusk,Clear,Main,Freight Train,30,350,26788,27138,M302,37.146979000000002,-93.430064000000002
ALS,200712,2020-07-12,9:45 PM,Derailment,0,EAST ST LOUIS,IL,85.0,4,Dark,Clear,Yard,Yard/switching,7,31250,7800,39050,H504,38.599761999999998,-90.151863000000006
CSX,000171748,2017-09-20,7:32 AM,Other impacts,0,BIRMINGHAM,AL,75.0,1,Dawn,Clear,Yard,Yard/switching,10,539,0,43534,H318,33.543607000000002,-86.790088999999995
NICD,N1600018,2016-07-28,2:59 PM,Other (describe in narrative),0,CHICAGO,IL,82.0,2,Day,Rain,Main,Passenger Train - Pulling,55,67605,8378,75983,M199,41.658223,-87.560496000000001
LI,EQ20161103,2016-11-21,3:00 AM,Derailment,0,JAMAICA,NY,38.0,4,Dark,Cloudy,Yard,EMU,5,10500,21271,31771,H702,40.696941000000002,-73.823831999999996
UP,0317NP041,2017-03-19,9:01 PM,Other impacts,0,NORTH PLATTE,NE,50.0,4,Dark,Clear,Yard,Yard/switching,4,7769,50,12060,H522,41.147010999999999,-100.84159200000001
CRSH,113847,2015-01-13,9:10 AM,Raking collision,0,NEWARK,NJ,23.0,2,Day,Cloudy,Yard,Single Car,0,10073,0,17253,S006,40.713667999999998,-74.142477
UP,1222GP029,2022-12-24,2:06 AM,Other impacts,0,NORTH PLATTE,NE,3.0,4,Dark,Clear,Yard,Single Car,0,10993,0,40986,S016,41.146780999999997,-100.832939
IHB,2206,2016-04-24,3:30 PM,Derailment,0,RIVERDALE,IL,0.0,2,Day,Clear,Yard,Cut of cars,5,11954,834,12788,M411,41.639257999999998,-87.652142999999995
IC,973922,2018-09-20,3:20 AM,Derailment,0,CONVENT,LA,80.0,4,Dark,Clear,Main,Freight Train,4,21150,1970,23120,M506,30.052928000000001,-90.831935000000001
NSCR,NS2017001,2017-12-04,5:30 PM,Obstruction,0,COON RAPIDS,MN,20.0,4,Dark,Cloudy,Main,Commuter Train - Pushing,79,30000,0,30000,M402,45.156683000000001,-93.302998000000002
UP,0617UT013,2017-06-15,5:15 PM,Other impacts,0,POCATELLO,ID,76.0,2,Day,Clear,Yard,Yard/switching,4,9499,1364,16267,H306,42.862689000000003,-112.447621
IC,996125,2019-04-27,1:00 AM,Derailment,0,GEISMAR,LA,54.0,4,Dark,Clear,Yard,Light loco(s),9,0,0,259880,H306,30.179496,-90.982774000000006
UP,0621GC016,2021-06-15,9:24 PM,Other impacts,0,MARINGOUIN,LA,80.0,4,Dark,Cloudy,Yard,Yard/switching,5,200,2014,88081,S016,30.530818,-91.559973999999997
NS,126898,2017-10-04,12:40 PM,Other impacts,0,CLINTON,NJ,71.0,2,Day,Clear,Main,Spec. MoW Equip.,10,13365,0,13365,H997,40.606847000000002,-74.914283999999995
WC,1149746,2024-05-09,9:55 AM,Derailment,0,GARY,IN,56.0,2,Day,Rain,Yard,Yard/switching,2,12000,37175,49175,E21C,41.627715999999999,-87.411828
BNSF,PR1217116,2017-12-29,11:55 AM,Derailment,0,ALLIANCE,NE,15.0,2,Day,Cloudy,Yard,Freight Train,10,1000,22460,23460,H707,42.083458,-102.889922
BNSF,HL1019103,2019-10-02,5:15 PM,Derailment,0,LINCOLN,NE,55.0,3,Dusk,Cloudy,Yard,Light loco(s),3,24000,0,24000,H607,40.807597999999999,-96.767841000000004
UP,0316LV013,2016-03-19,3:47 PM,Hwy-rail crossing,0,WESTLAKE,LA,69.0,2,Day,Cloudy,Main,Work train,31,0,12406,12406,M308,30.239702999999999,-93.283561000000006
CSX,000179246,2018-10-11,6:45 AM,Derailment,0,NEW ORLEANS,LA,70.0,1,Dawn,Cloudy,Yard,Yard/switching,4,15733,2164,17897,H702,30.005989,-90.019451000000004
UP,0623GP024,2023-06-21,12:53 AM,Other impacts,0,NORTH PLATTE,NE,72.0,4,Dark,Cloudy,Yard,Light loco(s),2,7269,0,16188,H306,41.149348000000003,-100.85296200000001
BNSF,KS0923104,2023-09-07,7:54 AM,Derailment,0,KANSAS CITY,KS,74.0,1,Dawn,Clear,Yard,Light loco(s),5,154,36418,36572,H704,39.078121000000003,-94.660427999999996
GTW,1090370,2021-12-11,11:53 AM,Obstruction,0,EAST LANSING,MI,48.0,2,Day,Cloudy,Main,Freight Train,12,152,32000,32152,M105,42.721089999999997,-84.462260000000001
BRC,13741,2016-06-13,8:30 AM,Derailment,0,BEDFORD PARK,IL,73.0,2,Day,Clear,Yard,Cut of cars,0,19398,895,20293,M411,41.767544000000001,-87.454729999999998
CRSH,146756,2023-06-10,6:45 PM,Derailment,0,CAMDEN,NJ,75.0,3,Dusk,Clear,Yard,Yard/switching,6,45983,30004,75987,H503,39.950301000000003,-75.093982999999994
CSX,000209433,2023-01-23,9:15 PM,Derailment,0,HOPKINSVILLE,KY,29.0,4,Dark,Clear,Yard,Cut of cars,10,27467,805,28272,H312,36.8187,-87.434858000000006
CSX,000190819,2020-06-16,12:50 AM,Obstruction,0,WADE,NC,60.0,4,Dark,Cloudy,Main,,0,0,0,36627,M404,35.156846999999999,-78.744311999999994
UP,0415PR023,2015-04-23,8:26 PM,Fire/violent rupture,0,NORTHLAKE,IL,44.0,4,Dark,Clear,Yard,Single Car,0,48936,1328,50264,M406,41.905340000000002,-87.915474000000003
UP,1222GP034,2022-12-28,2:00 AM,Other impacts,0,NORTH PLATTE,NE,30.0,4,Dark,Cloudy,Yard,Cut of cars,0,46454,0,87396,M411,41.147913000000003,-100.833679
NS,141137,2021-04-05,1:25 PM,Derailment,0,DECATUR,IL,64.0,2,Day,Clear,Yard,Yard/switching,4,11300,15135,26435,H524,39.858406000000002,-88.898383999999993
MACZ,155848,2018-10-15,9:04 PM,Other (describe in narrative),0,BALTIMORE,MD,57.0,4,Dark,Clear,Main,Commuter Train - Pulling,11,0,0,32784,H605,39.284748999999998,-76.620474999999999
NS,144554,2022-03-01,8:30 PM,Derailment,0,BROWNS,IL,72.0,4,Dark,Clear,Siding,Freight Train,11,2667,23368,26035,E64C,38.380636000000003,-87.953836999999993
BNSF,CH0917103,2017-09-01,5:00 PM,Other (describe in narrative),0,WILLOW SPRINGS,IL,51.0,3,Dusk,Cloudy,Main,Yard/switching,7,0,16250,16250,H403,41.720370000000003,-87.913196999999997
UP,1222GP029,2022-12-24,2:06 AM,Other impacts,0,NORTH PLATTE,NE,3.0,4,Dark,Clear,Yard,Yard/switching,21,29894,99,40986,S016,41.146780999999997,-100.832939
UP,0219GP075,2019-02-04,2:57 AM,Other (describe in narrative),0,NORTH PLATTE,NE,16.0,4,Dark,Cloudy,Yard,Single Car,0,17355,0,17355,M411,41.143822,-100.795463
GTW,1124027,2023-01-31,11:45 PM,Derailment,0,DETROIT,MI,12.0,4,Dark,Clear,Main,Freight Train,10,222602,13430,241247,E00C,42.324539000000001,-83.108825999999993
CRSH,137067,2020-02-06,6:00 AM,Derailment,0,BOUND BROOK,NJ,37.0,1,Dawn,Rain,Main,,0,0,541411,556768,E53C,40.562030999999998,-74.511450999999994
BNSF,TC0123201,2023-01-04,6:30 PM,Hwy-rail crossing,0,PLAINVIEW,NE,25.0,3,Dusk,Clear,Main,Freight Train,10,12000,0,12000,M306,42.349690000000002,-97.776300000000006
NS,144522,2022-02-26,9:55 AM,Other (describe in narrative),0,JERSEY CITY,NJ,34.0,2,Day,Clear,Yard,Freight Train,5,106477,12615,119092,H702,40.750841000000001,-74.066113999999999
CSX,000220149,2024-08-25,1:20 PM,Derailment,0,HAGERSTOWN,MD,89.0,2,Day,Clear,Yard,Yard/switching,1,51632,706,52338,M101,39.644075999999998,-77.729433
CSX,000149405,2015-07-18,1:40 AM,Derailment,0,AVON,IN,69.0,4,Dark,Cloudy,Yard,Single Car,5,11544,50,13432,S016,39.759222000000001,-86.353898999999998
UP,1019PR014,2019-10-15,1:10 AM,Derailment,0,ROCHELLE,IL,37.0,4,Dark,Clear,Yard,Freight Train,3,28626,860,29486,H310,41.903041000000002,-89.117625000000004
KCS,16113002,2016-11-30,4:30 AM,Other impacts,0,JACKSON,MS,50.0,4,Dark,Rain,Yard,Yard/switching,2,17947,0,17947,H302,32.251711999999998,-90.140742000000003
EMRY,176462,2019-09-24,8:15 PM,Other impacts,0,BROWNVILLE,ME,52.0,4,Dark,Clear,Main,Light loco(s),2,15100,0,32800,H008,45.335182000000003,-68.828393000000005
BNSF,HL0320117,2020-03-27,5:29 PM,Derailment,0,LINCOLN,NE,54.0,3,Dusk,Clear,Yard,Yard/switching,0,82146,0,277482,H599,40.808033000000002,-96.739126999999996
NYA,091515,2015-09-15,1:10 PM,Derailment,0,HICKSVILLE,NY,80.0,2,Day,Clear,Main,Freight Train,13,50000,0,250000,M405,40.760680000000001,-73.555530000000005
UP,1223GC029,2023-12-28,9:50 AM,Other impacts,0,WESTWEGO,LA,70.0,2,Day,Clear,Yard,Cut of cars,4,43881,0,76943,H607,29.918033000000001,-90.195305000000005
KYLE,KYL640923D,2023-12-18,7:55 PM,Derailment,0,DELPHOS,KS,32.0,4,Dark,Clear,Main,Freight Train,10,10000,15000,25000,E40C,39.269134999999999,-97.769294000000002
UP,1222GP001,2022-12-01,1:44 AM,Other impacts,0,NORTH PLATTE,NE,29.0,4,Dark,Clear,Yard,Yard/switching,2,24402,66,24468,M407,41.148263999999998,-100.841374
CSX,000162221,2016-08-18,11:09 AM,Derailment,0,CALERA,AL,89.0,2,Day,Clear,Yard,Freight Train,4,90869,615,91484,H702,33.117019999999997,-86.751194999999996
NS,138439,2020-07-07,12:50 AM,Other (describe in narrative),0,NORTH KANSAS CITY,MO,78.0,4,Dark,Clear,Yard,,0,0,75,75,H702,39.126499000000003,-94.574096999999995
UP,0921HL004,2021-09-05,7:45 PM,Derailment,0,KANSAS CITY,MO,79.0,4,Dark,Clear,Main,,0,0,206075,214075,E64L,39.110574,-94.588762000000003
PATH,I111617,2017-11-16,12:52 PM,Obstruction,0,JERSEY CITY,NJ,55.0,2,Day,Clear,Yard,Yard/switching,6,435,19332,19767,H995,40.723599999999998,-74.0548
NS,142421,2021-08-02,12:23 PM,Derailment,0,RENSSELAER,MO,81.0,2,Day,Clear,Main,Freight Train,44,3391094,857990,4249084,H518,39.660786999999999,-91.595765999999998
BNSF,SW0723103,2023-07-03,7:00 PM,Other impacts,0,ALBUQUERQUE,NM,95.0,3,Dusk,Clear,Yard,Yard/switching,0,83639,0,102822,H318,35.055233999999999,-106.65271
CSX,000194057,2020-10-12,6:53 AM,Obstruction,0,HALIFAX,NC,72.0,2,Day,Cloudy,Main,,69,0,0,20882,M404,36.295413000000003,-77.605797999999993
CSX,000153625,2015-10-23,6:58 PM,Other impacts,0,MONTGOMERY,AL,75.0,3,Dusk,Clear,Yard,Cut of cars,0,116131,0,150515,H519,32.375950000000003,-86.326295999999999
MRL,2018028,2018-02-23,4:26 AM,Side collision,0,LAUREL,MT,0.0,4,Dark,Clear,Yard,Light loco(s),8,2000,0,23000,H607,45.682000000000002,-108.715
NS,126729,2017-09-22,3:40 AM,Derailment,0,IRONDALE,AL,80.0,4,Dark,Clear,Yard,Yard/switching,4,7900,96304,104204,M411,33.548904999999998,-86.67801
CSX,000162481,2016-08-26,8:55 PM,Side collision,0,BIRMINGHAM,AL,85.0,4,Dark,Clear,Yard,Freight Train,2,46544,150,303869,M502,33.537511000000002,-86.790457000000004
CSX,000189825,2020-04-22,3:19 PM,Other impacts,0,INDIANAPOLIS,IN,60.0,3,Dusk,Cloudy,Yard,Single Car,6,15269,0,16569,S016,39.759791,-86.327526000000006
BNSF,PR0523106,2023-05-14,11:56 AM,Other (describe in narrative),0,MULLEN,NE,58.0,2,Day,Clear,Main,Freight Train,40,44942,0,44942,E33C,42.046823000000003,-100.946859
MNCW,75349,2021-08-06,10:33 AM,Fire/violent rupture,0,TARRYTOWN,NY,64.0,2,Day,Cloudy,Main,EMU,0,125337,0,125337,M406,41.076546,-73.864824999999996
NJTR,201502075,2015-02-15,9:22 AM,Derailment,0,JERSEY CITY,NJ,13.0,2,Day,Clear,Main,Commuter Train - Pulling,5,66684,0,66684,H221,40.743582000000004,-74.067676000000006
NJTR,201505301,2015-04-27,1:50 AM,Other (describe in narrative),0,HOBOKEN,NJ,59.0,4,Dark,Clear,Yard,Yard/switching,5,11000,0,11000,H999,40.735762000000001,-74.037628999999995
MNCW,81496,2023-12-20,6:53 AM,Obstruction,0,CAMPBELL HALL,NY,25.0,2,Day,Clear,Main,,0,0,688,117447,M402,41.462052,-74.388008999999997
NJTR,202010335,2020-09-23,11:59 PM,Other (describe in narrative),0,UNION,NJ,65.0,4,Dark,Clear,Main,Commuter Train - Pulling,50,12976,0,12976,H599,40.683366999999997,-74.239183999999995
ATK,176789,2023-10-14,9:01 PM,Other (describe in narrative),0,KEARNY,NJ,55.0,4,Dark,Rain,Main,,0,0,22686,22686,M505,40.746755,-74.114830999999995
UP,1123HL032,2023-11-30,11:19 PM,Derailment,0,WICHITA,KS,35.0,4,Dark,Rain,Industry,Freight Train,7,78055,86488,164543,T220,37.751001000000002,-97.276522
NS,145806,2022-07-12,3:15 PM,Side collision,0,NEW ORLEANS,LA,90.0,2,Day,Clear,Yard,Single Car,0,34487,0,48907,H310,29.985592,-90.042207000000005
CSX,000198980,2021-07-21,11:08 AM,Derailment,0,AUBURN,IN,77.0,2,Day,Clear,Main,Freight Train,51,1268128,225016,1493144,M202,41.344687999999998,-85.033642
BNSF,SW0216111,2016-02-24,11:45 AM,Derailment,0,GALLUP,NM,37.0,2,Day,Clear,Main,Maint./inspect Car,3,18000,0,18000,H997,35.354373000000002,-108.01590899999999
CSX,000171098,2017-08-21,5:34 PM,Side collision,0,WILMINGTON,NC,80.0,2,Day,Clear,Industry,Freight Train,0,0,8900,205890,H702,34.362119,-77.862866999999994
ATK,168043,2021-08-11,4:56 PM,Obstruction,0,NORTH BERWICK,ME,87.0,2,Day,Cloudy,Main,Passenger Train - Pulling,78,14324,0,14324,M404,43.286594000000001,-70.752921999999998
UP,0420PR017,2020-04-21,10:20 AM,Obstruction,0,CHICAGO,IL,38.0,2,Day,Clear,Yard,Freight Train,10,76663,132,76795,H996,41.885238000000001,-87.640423999999996
MNNR,0515001,2015-05-12,1:30 AM,Other impacts,0,ROSEVILLE,MN,45.0,4,Dark,Rain,Industry,Yard/switching,7,17425,2398,19823,H306,45.002020999999999,-93.122853000000006
BNSF,TC0518111,2018-05-21,11:57 AM,Rear end collision,0,PETERSBURG,ND,71.0,2,Day,Cloudy,Main,Maint./inspect Car,12,10000,0,130000,H402,48.020874999999997,-98.031993
BNSF,CH0916104,2016-09-07,3:00 AM,Obstruction,0,BROOKFIELD,IL,65.0,4,Dark,Clear,Yard,Maint./inspect Car,0,70000,0,70000,H997,41.819612999999997,-87.855630000000005
NS,138341,2020-06-25,6:45 PM,Side collision,0,GREENSBORO,NC,87.0,3,Dusk,Clear,Yard,Cut of cars,5,4450,100,31650,H309,36.061757,-79.824574999999996
BNSF,SF0315122,2015-03-25,7:45 PM,Other (describe in narrative),0,ST LOUIS,MO,53.0,3,Dusk,Rain,Main,Freight Train,8,0,154433,154533,H605,38.629660000000001,-90.237565000000004
BNSF,HL0620103,2020-06-04,10:45 PM,Derailment,0,OMAHA,NE,80.0,4,Dark,Clear,Main,,0,0,2000,49100,E46L,41.229049000000003,-95.915306999999999
NS,118014,2015-10-31,6:05 PM,Other impacts,0,HALFWAY,MD,50.0,3,Dusk,Cloudy,Yard,Freight Train,0,14700,0,20650,H018,39.614314999999998,-77.740844999999993
CSX,000176006,2018-04-24,6:30 AM,Derailment,0,NEW ORLEANS,LA,70.0,4,Dark,Clear,Yard,,0,0,200,32356,T220,30.005989,-90.019451000000004
BNSF,MT0517104,2017-05-26,12:19 AM,Derailment,0,GREAT FALLS,MT,60.0,4,Dark,Clear,Industry,Yard/switching,9,50338,104000,154338,H307,47.519168999999998,-111.30786500000001
MBTA,YR202273,2022-06-08,4:05 PM,Derailment,0,BEVERLY,MA,78.0,2,Day,Clear,Yard,Passenger Train - Pushing,5,96146,34037,130183,H605,42.552689999999998,-70.885243000000003
CSX,000207522,2022-09-27,5:45 PM,Hwy-rail crossing,0,SEBREE,KY,72.0,3,Dusk,Clear,Main,Freight Train,28,9645,8178,17823,M304,37.596764,-87.531795000000002
IR,212951,2021-05-17,11:00 AM,Other impacts,0,WEDRON,IL,60.0,2,Day,Clear,Industry,Yard/switching,4,63000,0,63000,H318,41.423425999999999,-88.776477
DD,042719,2019-04-27,2:00 PM,Raking collision,0,PHILLIPSBURG,NJ,65.0,2,Day,Clear,Main,,0,0,0,15000,H996,40.687964999999998,-75.200577999999993
CRSH,114308,2015-02-11,3:30 AM,Raking collision,0,NEWARK,NJ,21.0,4,Dark,Clear,Yard,Single Car,0,3303,0,15653,H306,40.713686000000003,-74.142477
CSX,000201258,2021-11-11,10:17 AM,Derailment,0,GRANDVILLE,MI,51.0,2,Day,Cloudy,Industry,Freight Train,6,13638,50,13688,H303,42.914478000000003,-85.749639999999999
BNSF,PR0419113,2019-04-13,3:45 AM,Other impacts,0,BILL,WY,20.0,4,Dark,Clear,Main,Freight Train,5,87919,0,87919,H302,42.948973000000002,-105.256642
BNSF,HL0221117,2021-02-20,6:56 PM,Derailment,0,LINCOLN,NE,25.0,3,Dusk,Clear,Yard,Freight Train,10,38744,0,38744,H607,40.807572,-96.774163000000001
KCS,18052801,2018-05-28,12:25 PM,Derailment,0,LOUISVILLE,MS,80.0,2,Day,Clear,Main,Freight Train,10,31050,7797,38847,T221,32.886558999999998,-89.103729000000001
MRL,2017047,2017-04-08,8:00 AM,Other impacts,0,LAUREL,MT,48.0,2,Day,Cloudy,Yard,Yard/switching,4,17008,500,208109,H306,45.676327999999998,-108.73944400000001
BNSF,TC0317115,2017-03-21,8:30 PM,Other (describe in narrative),0,NOYES,MN,27.0,3,Dusk,Clear,Siding,Freight Train,10,0,25570,25570,H704,48.962451999999999,-97.183195999999995
BNSF,TC0722108,2022-07-27,8:50 AM,Derailment,0,MINNEAPOLIS,MN,70.0,1,Dawn,Clear,Yard,Yard/switching,7,15204,500,26016,H306,45.028312999999997,-93.268919999999994
NS,146312,2022-08-29,1:00 AM,Other impacts,0,LEXINGTON,NC,72.0,4,Dark,Clear,Yard,Single Car,4,11000,530,11964,H312,35.750594,-80.318288999999993
ATK,153351,2018-05-21,6:40 AM,Fire/violent rupture,0,FAYETTEVILLE,NC,72.0,2,Day,Cloudy,Main,Passenger Train - Pulling,43,21231,0,21328,M406,35.057001999999997,-78.883971000000003
CSX,000170246,2017-07-15,6:06 PM,Derailment,0,BIRMINGHAM,AL,90.0,3,Dusk,Clear,Main,Freight Train,0,16000,3204,132847,H504,33.543607000000002,-86.790088999999995
KCT,UP081919,2019-08-19,4:31 AM,Derailment,0,INDEPENDENCE,MO,76.0,1,Dawn,Clear,Main,,0,0,97587,1051941,H508,39.112603,-94.476961000000003
UP,1114WH010,2014-11-25,7:08 PM,Hwy-rail crossing,0,YATES CENTER,KS,37.0,4,Dark,Cloudy,Main,Freight Train,50,74117,0,74117,M303,37.806516000000002,-95.688896999999997
UP,1123GP034,2023-11-27,3:22 PM,Other impacts,0,NORTH PLATTE,NE,40.0,2,Day,Clear,Yard,Yard/switching,1,100,3297,32766,M407,41.147137000000001,-100.830229
BNSF,KS0921203,2021-09-29,10:16 AM,Hwy-rail crossing,0,AUGUSTA,KS,73.0,2,Day,Clear,Main,Freight Train,40,25000,0,25000,M302,37.670048000000001,-96.981088
BNSF,KS0115109,2015-01-16,1:50 PM,Derailment,0,KANSAS CITY,KS,62.0,2,Day,Clear,Yard,Yard/switching,4,76988,288149,365137,E07C,39.074049000000002,-94.649702000000005
NS,143220,2021-10-20,6:45 PM,Other impacts,0,LEXINGTON,NC,44.0,3,Dusk,Clear,Yard,Yard/switching,4,11360,0,11360,E20C,35.750594,-80.318288999999993
UP,0315SL014,2015-03-25,7:45 PM,Other (describe in narrative),0,ST LOUIS,MO,52.0,4,Dark,Rain,Main,,0,0,100,154533,H605,38.627118000000003,-90.230225000000004
NICD,N2100008,2021-04-05,12:05 AM,Other (describe in narrative),0,MICHIGAN CITY,IN,61.0,4,Dark,Clear,Yard,Cut of cars,5,16277,1622,17899,H399,41.713205000000002,-86.864495000000005
UP,0419RM042,2019-04-30,4:00 PM,Other impacts,0,GREEN RIVER,WY,48.0,2,Day,Cloudy,Yard,Freight Train,0,20015,0,71388,H309,41.520662000000002,-109.45443
BNSF,MT0419101,2019-04-02,3:45 PM,Obstruction,0,LIBBY,MT,50.0,2,Day,Clear,Main,Spec. MoW Equip.,0,254000,0,770012,H317,48.364142999999999,-114.996205
UP,0719GP031,2019-07-24,6:13 PM,Fire/violent rupture,0,SHAWNEE,WY,89.0,3,Dusk,Cloudy,Main,Freight Train,30,15997,0,15997,M406,42.742989999999999,-105.05394200000001
SNJX,20200418,2020-04-18,9:00 PM,Hwy-rail crossing,0,TRENTON,NJ,40.0,4,Dark,Cloudy,Main,DMU,27,15000,10000,25000,M308,40.213597,-74.762200000000007
BNSF,CH0823117,2023-08-24,9:45 PM,Derailment,0,TINA,MO,80.0,4,Dark,Clear,Main,Freight Train,2,306498,326350,632848,H020,39.458789000000003,-93.614216999999996
CSX,000179415,2018-02-20,9:16 PM,Fire/violent rupture,0,CANASTOTA,NY,45.0,4,Dark,Cloudy,Main,,0,0,0,19246,E49L,43.078510999999999,-75.735482000000005
UP,0621GC016,2021-06-15,9:24 PM,Other impacts,0,MARINGOUIN,LA,80.0,4,Dark,Cloudy,Yard,Yard/switching,2,85867,0,88081,S016,30.530818,-91.559973999999997
UP,0322GL024,2022-03-23,7:44 PM,Other impacts,0,ST PAUL,MN,36.0,3,Dusk,Cloudy,Yard,Single Car,1,22337,0,30889,H318,44.907967999999997,-93.047139999999999
NS,140397,2021-01-27,6:55 PM,Derailment,0,SADIEVILLE,KY,25.0,3,Dusk,Snow,Main,Freight Train,25,55681,165936,221617,E53C,38.445571999999999,-84.526336000000001
CRSH,146675,2022-11-11,5:45 AM,Hwy-rail crossing,0,JERSEY CITY,NJ,60.0,1,Dawn,Clear,Main,Freight Train,9,0,15245,15245,M302,40.739348,-74.069433000000004
CPKC,23080503,2023-08-05,9:26 PM,Other (describe in narrative),0,SULPHUR,LA,82.0,4,Dark,Clear,Yard,Yard/switching,9,22771,0,64613,M501,30.239739,-93.269234999999995
CRSH,114374,2015-02-14,2:00 AM,Derailment,0,PAULSBORO,NJ,16.0,4,Dark,Cloudy,Industry,Freight Train,5,11872,1600,13472,H308,39.834080999999998,-75.248138999999995
BNSF,HL1117101,2017-11-04,5:19 PM,Derailment,0,NETTLETON,MS,72.0,3,Dusk,Cloudy,Main,Freight Train,37,15191,1500,16691,M501,34.109046999999997,-88.632648000000003
ARR,2021094,2021-06-17,9:40 PM,Derailment,0,FAIRBANKS,AK,66.0,2,Day,Clear,Industry,Yard/switching,4,4025,13000,17025,E40C,64.505799999999994,-147.44329999999999
CSX,000173839,2018-01-06,8:20 PM,Derailment,0,HAMLET,NC,14.0,4,Dark,Clear,Yard,Freight Train,8,132061,2416,134477,T221,34.925491000000001,-79.646586999999997
KCT,K220818,2022-08-18,11:30 AM,Derailment,0,KANSAS CITY,MO,85.0,2,Day,Clear,Main,,0,0,50000,62542,H702,39.120826999999998,-94.496988000000002
MNR,310830,2020-04-23,8:05 AM,Derailment,0,FORT KENT,ME,23.0,2,Day,Clear,Main,Freight Train,10,8000,60000,68000,H522,47.230403000000003,-68.571567999999999
CSX,000207348,2022-09-19,6:00 PM,Other impacts,0,DEARBORN,MI,75.0,3,Dusk,Cloudy,Yard,Cut of cars,0,1692,0,15789,H302,42.305450999999998,-83.151686999999995
UP,0818NP030,2018-08-15,5:35 AM,Other impacts,0,NORTH PLATTE,NE,70.0,1,Dawn,Clear,Yard,Single Car,0,7944,0,92717,M411,41.151564999999998,-100.814645
NS,121620,2016-08-10,6:30 PM,Derailment,0,ELKHART,IN,90.0,3,Dusk,Clear,Yard,Yard/switching,4,51403,0,51403,E0HC,41.67736,-85.978494999999995
LI,GR20170303,2017-03-25,6:08 PM,Hwy-rail crossing,0,PATCHOGUE,NY,43.0,3,Dusk,Cloudy,Main,Passenger Train - Pushing,28,53413,0,53413,M308,40.760252000000001,-73.021978000000004
CMQX,03252017,2017-03-25,10:15 AM,Derailment,0,GREENVILLE JUNCTION,ME,40.0,2,Day,Clear,Main,Freight Train,21,30000,226650,256650,E4BC,45.459491,-69.590609999999998
NS,125989,2017-07-27,1:01 AM,Derailment,0,JERSEY CITY,NJ,71.0,4,Dark,Cloudy,Main,Freight Train,3,16361,0,18861,H702,40.713802000000001,-74.142775
MNNR,1117002,2017-11-08,12:45 PM,Derailment,0,WHITE BEAR LAKE,MN,30.0,2,Day,Clear,Industry,Maint./inspect Car,0,19000,0,19000,M599,45.071663999999998,-93.023591999999994
NJTR,202001005,2020-01-03,12:15 AM,Derailment,0,KEARNY,NJ,45.0,4,Dark,Clear,Yard,Yard/switching,3,4204,16765,20969,E29L,40.744138999999997,-74.102271000000002
KAW,231129006,2023-11-29,5:00 PM,Side collision,0,KANSAS CITY,KS,40.0,3,Dusk,Clear,Yard,Yard/switching,6,38163,10500,59663,H607,39.077553000000002,-94.635734999999997
BRC,14001,2017-09-29,11:20 AM,Derailment,0,BEDFORD PARK,IL,70.0,2,Day,Clear,Yard,Yard/switching,2,14150,0,14150,T221,41.767234000000002,-87.752437999999998
CP,1001024244,2019-07-05,6:05 AM,Derailment,0,ST PAUL,MN,70.0,1,Dawn,Clear,Yard,Freight Train,4,251956,0,611956,H703,44.934893000000002,-93.030615999999995
CSX,000188911,2020-03-05,7:21 PM,Other impacts,0,ROCKY MOUNT,NC,54.0,4,Dark,Rain,Yard,Cut of cars,3,3140,0,21386,H020,35.918852999999999,-77.804446999999996