reportingrailroadcode,accidentnumber,date,time,accidenttype,hazmatreleasedcars,station,stateabbr,temperature,visibility_code,visibility,weathercondition,tracktype,equipmenttype,trainspeed,equipmentdamagecost,trackdamagecost,totaldamagecost,primaryaccidentcausecode,latitude,longitude
BNSF,PR1216112,2016-12-26,7:57 PM,Derailment,0,ALLIANCE,NE,16.0,4,Dark,Clear,Yard,Yard/switching,15,45072,0,45072,H602,42.069232,-102.89863
UP,0416PR004,2016-04-08,6:15 PM,Derailment,0,NORTHLAKE,IL,45.0,3,Dusk,Cloudy,Yard,Yard/switching,3,252664,228482,481146,H510,41.905340000000002,-87.915474000000003
UP,0623GP024,2023-06-21,12:53 AM,Other impacts,0,NORTH PLATTE,NE,72.0,4,Dark,Cloudy,Yard,Light loco(s),10,8769,150,16188,H306,41.149348000000003,-100.85296200000001
ATK,147885,2017-06-13,9:00 AM,Obstruction,0,DECATUR,MI,79.0,2,Day,Clear,Main,Spec. MoW Equip.,0,25000,0,25000,H699,42.108097999999998,-85.974457000000001
UP,1217LV005,2017-12-04,5:12 PM,Hwy-rail crossing,0,WHITE CASTLE,LA,70.0,4,Dark,Clear,Main,Freight Train,9,29327,132,29459,M304,30.177814999999999,-91.165964000000002
UP,0220PR002,2020-02-03,7:30 AM,Derailment,0,ROCHELLE,IL,25.0,2,Day,Cloudy,Yard,Freight Train,9,13663,2766,16429,H704,41.907820000000001,-89.104033999999999
UP,1019RM016,2019-10-17,5:00 AM,Derailment,0,LYMAN,WY,41.0,1,Dawn,Clear,Main,Freight Train,43,82140,67113,149253,E34C,41.540858,-110.301838
MRL,2015130,2015-09-24,11:00 AM,Other impacts,0,MISSOULA,MT,75.0,2,Day,Clear,Yard,Light loco(s),6,0,30000,30000,H307,46.889774000000003,-114.020066
BNSF,MT1018106,2018-10-17,2:10 AM,Derailment,0,DICKINSON,ND,45.0,4,Dark,Clear,Yard,Freight Train,10,26400,30000,56400,H704,46.877308999999997,-102.79470999999999
GTW,952179,2018-03-09,2:30 AM,Derailment,0,BATTLE CREEK,MI,28.0,4,Dark,Cloudy,Main,Yard/switching,6,14889,79545,94434,H512,42.355927999999999,-85.127707999999998
CSX,000177765,2018-07-18,4:45 PM,Obstruction,0,HOOVER,AL,89.0,2,Day,Rain,Main,Freight Train,0,0,0,15000,H997,33.337741000000001,-86.874410999999995
KCS,15033102,2015-03-31,7:30 AM,Hwy-rail crossing,0,COLFAX,LA,70.0,2,Day,Clear,Main,Spec. MoW Equip.,5,11718,0,11718,M302,31.53294,-92.717370000000003
BNSF,MT0519201,2019-05-03,3:42 PM,Hwy-rail crossing,0,WHITE EARTH,ND,64.0,2,Day,Clear,Main,Freight Train,54,815402,114000,929402,M302,48.344907999999997,-102.677503
NYSW,200521A,2020-05-21,1:10 PM,Side collision,0,KIRKWOOD,NY,64.0,2,Day,Clear,Yard,Freight Train,4,9549,1045,83847,H210,42.103895000000001,-75.889809999999997
BNSF,HL0223104,2023-02-03,5:50 PM,Derailment,0,MOUND CITY,MO,26.0,3,Dusk,Clear,Main,Freight Train,34,2752,1783712,1786464,E61C,40.060523000000003,-95.394328999999999
PATH,I111120,2020-11-11,11:40 PM,Derailment,0,HARRISON,NJ,0.0,4,Dark,Rain,Yard,EMU,8,58622,127121,185743,H206,40.740943000000001,-74.143084999999999
TRRA,15016,2015-06-14,5:25 PM,Hwy-rail crossing,0,ST LOUIS,MO,75.0,2,Day,Rain,Main,,0,0,28565,28595,M308,38.674709,-90.200968000000003
KCS,18082502,2018-08-25,5:20 AM,Derailment,0,SHREVEPORT,LA,79.0,4,Dark,Clear,Yard,Light loco(s),3,25641,13064,38705,E64L,32.541800000000002,-93.844812000000005
BNSF,TC1217110,2017-12-30,9:20 PM,Other impacts,0,FRIDLEY,MN,-11.0,4,Dark,Clear,Yard,Yard/switching,10,69270,6760,76030,M199,45.037871000000003,-93.272138999999996
CSX,000145819,2015-05-05,12:01 AM,Derailment,0,LOUISVILLE,KY,70.0,4,Dark,Clear,Yard,Yard/switching,2,15781,300,16081,E33C,38.160784999999997,-85.749194000000003
UP,0216LK005,2016-02-06,12:55 AM,Derailment,0,SHREVEPORT,LA,34.0,4,Dark,Cloudy,Yard,Yard/switching,2,59753,55280,115033,M501,32.429698000000002,-93.901932000000002
BEAR,BER533323D,2023-09-12,6:00 AM,Derailment,0,ASHBURNHAM,MA,68.0,1,Dawn,Rain,Main,Freight Train,0,19000,96443,115443,M103,42.60819,-71.938950000000006
UP,0917PR018,2017-09-23,10:00 AM,Other (describe in narrative),0,MELROSE PARK,IL,67.0,2,Day,Clear,Yard,Single Car,5,10972,0,10972,H601,41.898023000000002,-87.898621000000006
BNSF,KS1122113,2022-11-29,12:42 AM,Derailment,0,KANSAS CITY,KS,27.0,4,Dark,Clear,Yard,Freight Train,5,0,19595,19595,H505,39.092269999999999,-94.700648000000001
BNSF,TC1220103,2020-12-23,8:16 AM,Derailment,0,ROBBINSDALE,MN,24.0,1,Dawn,Cloudy,Yard,Yard/switching,8,7693,36000,43693,M411,45.031533000000003,-93.270443
ATK,174688,2023-05-12,4:30 AM,Obstruction,0,BOSTON,MA,50.0,4,Dark,Clear,Main,Spec. MoW Equip.,0,1500000,0,1650000,H104,42.243105999999997,-71.131375000000006
BNSF,KS1223116,2023-12-26,5:24 AM,Derailment,0,NORTH KANSAS CITY,MO,30.0,1,Dawn,Cloudy,Yard,Freight Train,3,36733,166319,203052,T216,39.147326999999997,-94.584872000000004
UP,0224GC022,2024-02-16,9:02 PM,Derailment,0,MARINGOUIN,LA,60.0,4,Dark,Cloudy,Yard,Yard/switching,4,11427,12300,23727,E40C,30.524059000000001,-91.551553999999996
TRRA,23036OR,2023-07-19,3:50 AM,Derailment,0,EAST ST LOUIS,IL,72.0,4,Dark,Clear,Main,,0,0,45548,52948,H501,38.595080000000003,-90.143326000000002
CP,1000331403,2016-01-13,8:47 AM,Hwy-rail crossing,0,BROOTEN,MN,12.0,2,Day,Clear,Main,Freight Train,52,85916,340,86256,M302,45.507561000000003,-95.131460000000004
KCS,21022403,2021-02-24,7:00 AM,Derailment,0,SHREVEPORT,LA,50.0,1,Dawn,Cloudy,Yard,Yard/switching,5,265,16254,16519,M411,32.5411,-93.843254000000002
CSX,000189862,2020-04-26,11:26 AM,Derailment,0,INDIANAPOLIS,IN,52.0,2,Day,Clear,Yard,Yard/switching,9,13121,1862,14983,H503,39.759791,-86.327526000000006
BNSF,CH1216100,2016-12-01,3:30 AM,Derailment,0,MALDEN,IL,37.0,4,Dark,Cloudy,Main,Freight Train,41,267769,45424,313193,E34C,41.425556999999998,-89.363566000000006
BNSF,HL1218106,2018-12-07,10:51 AM,Derailment,0,NEW ALBANY,MS,50.0,2,Day,Rain,Industry,Freight Train,9,9257,1500,10757,H306,34.410148,-88.892020000000002
UP,1221GL024,2021-12-15,6:50 PM,Derailment,0,KENSETT,IA,62.0,3,Dusk,Rain,Main,Freight Train,40,1570459,174173,1744632,M105,43.398463999999997,-93.209171999999995
NS,130980,2018-08-17,9:15 PM,Obstruction,0,LITTLEVILLE,AL,78.0,4,Dark,Rain,Main,Freight Train,5,16,19845,19861,M404,34.613401000000003,-87.657111
CP,1001163209,2020-01-24,5:22 AM,Derailment,0,SCHILLER PARK,IL,32.0,4,Dark,Cloudy,Yard,,0,0,4998,70025,H702,41.974048000000003,-87.870144999999994
NS,114726,2015-03-07,4:25 PM,Derailment,0,COLUMBUS,GA,48.0,3,Dusk,Clear,Yard,Yard/switching,7,17400,4799,23349,H601,32.465828000000002,-84.982415000000003
KCS,21060201,2021-06-02,1:45 PM,Hwy-rail crossing,0,BELTON,MO,70.0,2,Day,Clear,Main,Maint./inspect Car,50,3172,23343,26515,M303,38.788608000000004,-94.586380000000005
UP,0319GL012,2019-03-05,1:55 AM,Derailment,0,MASON CITY,IA,-6.0,4,Dark,Clear,Siding,Freight Train,6,22978,1536,24514,T220,43.120871999999999,-93.231183999999999
MQT,MQT389023D,2023-04-14,9:15 AM,Derailment,0,MANISTEE,MI,78.0,2,Day,Clear,Main,Yard/switching,11,13684,0,13684,M204,44.260756999999998,-86.319699999999997
CSX,000205637,2022-06-18,11:29 AM,Derailment,0,CORBIN,KY,75.0,2,Day,Clear,Main,Freight Train,8,3570,8796,12366,H503,36.950771000000003,-84.095858000000007
NS,140101,2020-12-24,1:30 AM,Other impacts,0,DECATUR,IL,20.0,4,Dark,Clear,Yard,Cut of cars,0,2000,0,15768,H312,39.848103999999999,-88.939046000000005
NS,124582,2017-04-04,5:00 AM,Derailment,0,MUSCLE SHOALS,AL,63.0,1,Dawn,Clear,Yard,Yard/switching,2,7308,8490,15798,M411,34.712550999999998,-87.616781000000003
LSRC,D150423,2015-04-23,11:20 PM,Derailment,0,TAWAS CITY,MI,30.0,4,Dark,Clear,Main,Freight Train,10,29896,16945,46841,M201,44.260429999999999,-83.528610999999998
NS,140101,2020-12-24,1:30 AM,Other impacts,0,DECATUR,IL,20.0,4,Dark,Clear,Yard,Yard/switching,2,10200,3568,15768,H312,39.848103999999999,-88.939046000000005
KCT,KCS072217,2017-07-22,10:12 PM,Derailment,0,KANSAS CITY,KS,80.0,4,Dark,Rain,Main,,0,0,10000,110165,M404,39.084296999999999,-94.610793999999999
BNSF,HL1119105,2019-11-11,11:00 AM,Derailment,0,HANNIBAL,MO,25.0,2,Day,Cloudy,Yard,Light loco(s),5,14000,0,14000,M101,39.920599000000003,-91.440603999999993
CSX,000178577,2018-09-04,6:05 PM,Broken train collision,0,INDIANAPOLIS,IN,85.0,2,Day,Clear,Yard,Freight Train,4,0,0,264253,E32C,39.759791,-86.327526000000006
ALS,20170107,2017-01-07,4:15 PM,Derailment,0,EAST ST LOUIS,IL,15.0,2,Day,Clear,Yard,Yard/switching,5,30225,8875,39100,M405,38.586784000000002,-90.130256000000003
IC,975054,2018-10-05,5:05 AM,Derailment,0,JEFFERSON,LA,75.0,1,Dawn,Clear,Main,,0,0,90310,261084,H503,29.970714999999998,-90.170542999999995
UP,0623GC032,2023-06-26,9:30 PM,Other impacts,0,SULPHUR,LA,83.0,4,Dark,Clear,Yard,Yard/switching,3,632,2033,16530,H021,30.159739999999999,-93.342488000000003
NS,125793,2017-07-12,10:10 AM,Derailment,0,IRONDALE,AL,81.0,2,Day,Clear,Yard,Freight Train,6,17925,0,23199,M407,33.548904999999998,-86.67801
UP,0722HL008,2022-07-06,10:59 AM,Other impacts,0,ATCHISON,KS,82.0,2,Day,Clear,Yard,Cut of cars,3,772,0,39463,H317,39.55133,-95.115011999999993
GRYR,GR170601A,2017-06-01,11:30 AM,Other impacts,0,SENATOBIA,MS,50.0,2,Day,Rain,Siding,Single Car,10,11211,0,11211,H309,34.651293000000003,-89.972432999999995
UP,0815LK022,2015-08-25,7:17 PM,Derailment,0,SHREVEPORT,LA,80.0,3,Dusk,Cloudy,Yard,Freight Train,4,58319,57220,220004,H020,32.447510000000001,-93.801997999999998
NS,130749,2018-08-28,5:50 AM,Other impacts,0,IRONDALE,AL,75.0,1,Dawn,Clear,Yard,Yard/switching,4,1000,0,21830,H307,33.548904999999998,-86.67801
NS,125793,2017-07-12,10:10 AM,Derailment,0,IRONDALE,AL,81.0,2,Day,Clear,Yard,Yard/switching,2,2085,3189,23199,M407,33.548904999999998,-86.67801
NS,116598,2015-07-19,8:55 AM,Derailment,1,IRONDALE,AL,80.0,2,Day,Clear,Yard,Yard/switching,2,17000,3300,20300,S016,33.548904999999998,-86.678008000000005
UP,0520HL015,2020-05-27,10:45 AM,Hwy-rail crossing,0,MINNEOLA,KS,73.0,2,Day,Clear,Main,Freight Train,50,3574,16822,20396,M302,37.443475999999997,-100.01861700000001
PGBX,RAI911322,2022-02-03,9:30 AM,Derailment,0,PORT ALLEN,LA,65.0,2,Day,Cloudy,Industry,Yard/switching,5,15000,10000,25000,E69C,30.433567,-91.206872000000004
UP,0621HL022,2021-06-23,12:50 PM,Derailment,0,KANSAS CITY,MO,81.0,2,Day,Cloudy,Yard,Yard/switching,4,65623,62040,127663,M101,39.121957000000002,-94.539488000000006
BRC,14089,2018-04-07,6:00 PM,Derailment,0,BEDFORD PARK,IL,32.0,4,Dark,Clear,Yard,Yard/switching,5,191524,19096,210620,E30C,41.600499999999997,-87.471710000000002
NS,125861,2017-07-18,1:52 AM,Raking collision,0,IRONDALE,AL,74.0,4,Dark,Clear,Yard,Yard/switching,3,13100,0,13100,S016,33.548904999999998,-86.67801
UP,0722HL008,2022-07-06,10:59 AM,Other impacts,0,ATCHISON,KS,82.0,2,Day,Clear,Yard,Yard/switching,3,38691,0,39463,H317,39.55133,-95.115011999999993
NS,116782,2015-08-03,7:20 PM,Derailment,0,IRONDALE,AL,79.0,3,Dusk,Clear,Yard,Yard/switching,10,11700,3675,15375,M411,33.548904999999998,-86.678008000000005
KAW,231025001,2023-10-25,3:55 AM,Derailment,0,NORTH KANSAS CITY,MO,65.0,4,Dark,Rain,Industry,Yard/switching,5,40000,200000,480000,H702,39.126582999999997,-94.574526000000006
BNSF,GC1115102,2015-11-04,4:30 AM,Derailment,0,AVONDALE,LA,65.0,1,Dawn,Clear,Yard,Yard/switching,3,72996,60000,132996,H704,29.917876,-90.198980000000006
ATK,164818,2020-07-11,12:00 AM,Obstruction,0,THOMASBORO,IL,68.0,4,Dark,Rain,Main,Passenger Train - Pulling,71,17500,0,17500,M404,40.239288000000002,-88.189323000000002
IHB,20232855,2023-07-28,3:45 AM,Derailment,0,RIVERDALE,IL,85.0,4,Dark,Clear,Yard,Freight Train,4,95993,2963,98956,H020,41.639260999999998,-87.630605000000003
UP,1221GL011,2021-12-09,1:12 AM,Other impacts,0,COUNCIL BLUFFS,IA,41.0,4,Dark,Cloudy,Yard,Freight Train,0,140244,1760,248349,H018,41.249018999999997,-95.886187000000007
CP,1000252976,2015-08-14,9:35 AM,Hwy-rail crossing,0,COBDEN,MN,77.0,2,Day,Clear,Main,Freight Train,38,48387,225,48612,M304,44.288055,-94.846469999999997
CSX,000206023,2022-07-09,9:37 AM,Hwy-rail crossing,0,GLENDALE,KY,73.0,2,Day,Cloudy,Main,Freight Train,45,19613,104183,123796,M303,37.601449000000002,-85.904978999999997
UP,0617PR016,2017-06-27,1:40 PM,Other (describe in narrative),0,BERKELEY,IL,75.0,2,Day,Clear,Yard,Single Car,0,33495,0,33495,M411,41.899920999999999,-87.908147
BNSF,TC0321109,2021-03-18,10:14 PM,Other (describe in narrative),0,KELLY LAKE,MN,40.0,4,Dark,Clear,Main,Freight Train,40,2000,18000,20000,E07C,47.228493999999998,-92.641458
BVRR,170213002,2017-02-13,12:00 PM,Derailment,0,MERIDIAN,ID,40.0,2,Day,Clear,Main,Freight Train,23,272919,46000,318919,E45C,43.608899999999998,-116.405249
UP,1221GL026,2021-12-24,6:40 PM,Derailment,0,DES MOINES,IA,48.0,3,Dusk,Cloudy,Yard,Freight Train,2,134037,38296,172333,E64C,41.605313000000002,-93.583089999999999
KYLE,KYL798324D,2024-05-16,7:00 AM,Derailment,0,SCANDIA,KS,60.0,1,Dawn,Clear,Yard,Freight Train,5,0,100000,100000,E40C,39.787053999999998,-97.787053999999998
UP,0720GC003,2020-07-02,2:15 PM,Derailment,0,AVONDALE,LA,93.0,2,Day,Clear,Yard,Yard/switching,4,25748,11018,36766,E49C,29.9178,-90.191312999999994
UP,1116CB006,2016-11-11,10:20 PM,Other impacts,0,COUNCIL BLUFFS,IA,35.0,4,Dark,Clear,Yard,Yard/switching,2,128123,0,134045,H312,41.244498999999998,-95.874041000000005
NS,132579,2019-01-24,1:00 PM,Derailment,0,DAYTON,IN,23.0,2,Day,Cloudy,Yard,Yard/switching,7,175219,18456,193675,H306,40.374141000000002,-86.820629999999994
NS,128800,2018-03-11,11:30 PM,Derailment,0,GRANITE CITY,IL,32.0,4,Dark,Clear,Yard,Freight Train,9,214361,34066,248427,H524,38.722763,-90.142583999999999
ATK,150225,2017-11-01,11:50 AM,Hwy-rail crossing,0,DE SOTO,IL,46.0,2,Day,Rain,Main,Passenger Train - Pulling,78,35110,0,61539,M302,37.781215000000003,-89.222926999999999
BNSF,CH0422117,2022-04-28,11:12 PM,Derailment,0,MENDOTA,IL,50.0,4,Dark,Cloudy,Industry,Freight Train,3,62388,112000,174388,H704,41.564537000000001,-89.050776999999997
LSI,64456,2015-04-27,1:00 AM,Derailment,0,MARQUETTE,MI,32.0,4,Dark,Clear,Yard,Freight Train,13,8771,37173,45944,E61C,46.582138,-87.406368000000001
BNSF,RD0318130,2018-03-30,7:46 AM,Derailment,0,LAFAYETTE,LA,68.0,1,Dawn,Clear,Yard,Freight Train,8,3800,26370,30170,E64C,30.234766,-92.034891999999999
UP,0720PR023,2020-07-26,11:30 PM,Other impacts,0,NORTHLAKE,IL,74.0,4,Dark,Rain,Yard,Cut of cars,0,100,0,45518,H302,41.925964999999998,-87.915364999999994
IC,1144734,2024-02-08,11:00 PM,Derailment,0,METAIRIE,LA,60.0,4,Dark,Clear,Yard,Light loco(s),10,24156,500,24656,H993,29.971505000000001,-90.192408
CSX,000148735,2015-07-02,12:15 AM,Other impacts,0,AVON,IN,68.0,4,Dark,Cloudy,Yard,Single Car,4,12011,0,34758,H316,39.759341999999997,-86.347116
KO,170221,2017-02-20,2:00 PM,Derailment,0,NESS CITY,KS,70.0,2,Day,Clear,Main,Freight Train,10,20500,15000,35500,T212,38.451597999999997,-99.935416000000004
BNSF,CH1119113,2019-11-19,5:34 AM,Derailment,0,HANNIBAL,MO,44.0,1,Dawn,Clear,Main,Freight Train,11,427854,270000,697854,E45C,39.935648999999998,-91.435874999999996
CSX,000178577,2018-09-04,6:05 PM,Broken train collision,0,INDIANAPOLIS,IN,85.0,2,Day,Clear,Yard,Cut of cars,4,257709,6544,264253,E32C,39.759791,-86.327526000000006
UP,1119HL002,2019-11-01,10:05 PM,Other impacts,0,KANSAS CITY,KS,40.0,4,Dark,Cloudy,Yard,Freight Train,7,12309,0,47320,H702,39.098258000000001,-94.671584999999993
MNBR,MNB730215,2015-07-17,11:30 AM,Derailment,0,SAFFORD,AL,96.0,2,Day,Clear,Main,Freight Train,17,200354,365997,566351,H525,32.3185,-87.356790000000004
UP,0815LK022,2015-08-25,7:17 PM,Derailment,0,SHREVEPORT,LA,80.0,3,Dusk,Cloudy,Yard,Cut of cars,2,104465,0,220004,H020,32.447510000000001,-93.801997999999998
UP,0318PR014,2018-03-20,9:07 PM,Other impacts,0,MELROSE PARK,IL,35.0,4,Dark,Clear,Yard,Yard/switching,6,64666,0,64666,M411,41.899850999999998,-87.907594000000003
BNSF,HL0319121,2019-03-25,12:38 AM,Rear end collision,0,NORTH KANSAS CITY,MO,50.0,4,Dark,Clear,Yard,Yard/switching,6,4975,250,14043,H306,39.140419000000001,-94.584693999999999
NS,118100,2015-11-06,1:55 PM,Hwy-rail crossing,0,BESSEMER,AL,72.0,2,Day,Clear,Main,,0,0,0,62082,M308,33.413958000000001,-86.939730999999995
UP,0922HL014,2022-09-17,12:54 AM,Other impacts,0,COFFEYVILLE,KS,77.0,4,Dark,Clear,Yard,Single Car,0,0,0,18881,H312,37.029682000000001,-95.623166999999995
BNSF,TC0116111,2016-01-26,9:21 PM,Derailment,0,SIOUX CITY,IA,23.0,4,Dark,Clear,Yard,Yard/switching,2,24282,300,24582,H702,42.522008,-96.367480999999998
MRL,2016166,2016-12-25,1:44 AM,Obstruction,0,ATHOL,ID,27.0,4,Dark,Snow,Main,Freight Train,55,75000,0,76165,M402,47.972132999999999,-116.702669
CSX,000148735,2015-07-02,12:15 AM,Other impacts,0,AVON,IN,68.0,4,Dark,Cloudy,Yard,Single Car,4,14050,0,34758,H316,39.759341999999997,-86.347116
NS,125695,2017-07-05,10:00 AM,Raking collision,0,IRONDALE,AL,89.0,2,Day,Clear,Yard,Cut of cars,0,17500,0,17925,M407,33.548904999999998,-86.67801
BNSF,HL0919119,2019-09-23,8:10 AM,Obstruction,0,RUSHVILLE,MO,58.0,1,Dawn,Fog,Main,Freight Train,36,20250,0,20250,M402,39.556688999999999,-95.045621999999995
ALS,0723AS015,2023-07-19,3:49 AM,Derailment,0,EAST ST LOUIS,IL,69.0,4,Dark,Clear,Main,Freight Train,6,7400,0,52948,H501,38.597256000000002,-90.155675000000002
NS,114726,2015-03-07,4:25 PM,Derailment,0,COLUMBUS,GA,48.0,3,Dusk,Clear,Yard,Cut of cars,0,1150,0,23349,H601,32.465828000000002,-84.982415000000003
CP,1000419966,2016-07-06,3:42 PM,Hwy-rail crossing,0,ALDEN,MN,81.0,2,Day,Clear,Main,Light loco(s),30,16189,150,16339,M302,43.675978999999998,-93.595759999999999
BNSF,CH0317106,2017-03-06,10:38 PM,Derailment,0,MENDON,MO,70.0,4,Dark,Rain,Main,Freight Train,0,3269843,1191904,4461747,M105,39.539465999999997,-93.210153000000005
SKOL,230913002,2023-09-13,4:55 AM,Derailment,0,CHERRYVALE,KS,64.0,4,Dark,Clear,Main,Freight Train,12,4800,37000,41800,T221,37.230347999999999,-95.558663999999993
NS,142228,2021-07-16,2:50 PM,Side collision,0,NEW ORLEANS,LA,85.0,2,Day,Cloudy,Yard,Yard/switching,5,8428,0,20974,H020,29.975954000000002,-90.044582000000005
UP,0322GC021,2022-03-14,11:42 PM,Other (describe in narrative),0,MARINGOUIN,LA,64.0,4,Dark,Cloudy,Yard,Yard/switching,0,41824,0,41824,M411,30.527293,-91.555565999999999
CSX,000208098,2022-10-29,9:45 AM,Other impacts,0,RUSSELL,KY,48.0,2,Day,Clear,Yard,Cut of cars,4,47328,584,79745,H318,38.532100999999997,-82.697680000000005
CSX,000144488,2015-04-09,8:30 AM,Obstruction,0,NORTHVILLE,MI,41.0,2,Day,Fog,Main,Spec. MoW Equip.,0,0,0,63000,H997,42.396017999999998,-83.549047000000002
NOGC,OP01092019,2019-01-09,1:00 PM,Derailment,0,GRETNA,LA,60.0,2,Day,Clear,Yard,Yard/switching,5,87000,8000,95000,H318,29.935355999999999,-90.052688000000003
NS,138943,2020-08-24,12:00 PM,Hwy-rail crossing,0,GARY,IN,90.0,2,Day,Clear,Main,Freight Train,42,2147,16444,18591,M303,41.624851,-87.394034000000005
BNSF,SF0416202,2016-04-20,7:45 AM,Hwy-rail crossing,0,DORA,AL,78.0,1,Dawn,Clear,Main,Freight Train,34,35783,0,35783,M302,33.700178000000001,-87.081798000000006
IC,1060368,2021-02-02,7:30 AM,Side collision,0,ST ROSE,LA,67.0,2,Day,Clear,Industry,Yard/switching,2,48721,0,91163,H020,29.945544999999999,-90.347629999999995
WC,973759,2018-09-21,11:02 PM,Other impacts,0,GARY,IN,61.0,4,Dark,Clear,Yard,Yard/switching,3,13500,0,13500,M105,41.613926999999997,-87.358418999999998
CSX,000175343,2018-03-21,4:00 PM,Derailment,0,TALLADEGA,AL,43.0,2,Day,Clear,Industry,Freight Train,7,152773,2991,155764,M204,33.438552000000001,-86.099870999999993
CSX,000148735,2015-07-02,12:15 AM,Other impacts,0,AVON,IN,68.0,4,Dark,Cloudy,Yard,Single Car,4,8597,100,34758,H316,39.759341999999997,-86.347116
ATK,150696,2017-11-28,10:50 PM,Derailment,0,CHICAGO,IL,37.0,4,Dark,Clear,Main,,0,0,240557,336481,E69C,41.878599999999999,-87.639399999999995
BNSF,CH0422112,2022-04-21,3:00 PM,Derailment,0,WILLOW SPRINGS,IL,67.0,2,Day,Clear,Yard,Yard/switching,7,12600,14651,27251,E04C,41.762551000000002,-87.861497999999997
UP,0815LK020,2015-08-21,5:59 PM,Side collision,0,SHREVEPORT,LA,82.0,2,Day,Cloudy,Yard,Yard/switching,4,10331,6200,18778,H021,32.435772,-93.917574999999999
NS,125936,2017-07-23,2:45 PM,Derailment,0,MOBILE,AL,90.0,2,Day,Clear,Yard,Freight Train,3,34976,33274,68250,H312,30.717310000000001,-88.055909999999997
UP,0318PR014,2018-03-20,9:07 PM,Other impacts,0,MELROSE PARK,IL,35.0,4,Dark,Clear,Yard,Cut of cars,0,0,0,64666,M411,41.899850999999998,-87.907594000000003
UP,0720PR023,2020-07-26,11:30 PM,Other impacts,0,NORTHLAKE,IL,74.0,4,Dark,Rain,Yard,Yard/switching,5,45418,0,45518,H302,41.925964999999998,-87.915364999999994
UP,1116CB006,2016-11-11,10:20 PM,Other impacts,0,COUNCIL BLUFFS,IA,35.0,4,Dark,Clear,Yard,Single Car,0,4544,1117,134045,H312,41.244498999999998,-95.874041000000005
UP,0919MA013,2019-09-05,11:56 AM,Derailment,0,EAST ST LOUIS,IL,76.0,2,Day,Clear,Yard,Freight Train,4,23996,0,50451,E66C,38.583388999999997,-90.135503999999997
SKOL,170428001,2017-04-28,4:00 AM,Derailment,0,CANEY,KS,55.0,4,Dark,Rain,Main,Freight Train,11,49555,16100,65655,T221,37.023974000000003,-95.941828999999998
BNSF,TC0623103,2023-06-19,3:50 PM,Derailment,0,MINNEAPOLIS,MN,90.0,2,Day,Clear,Yard,Freight Train,5,11733,25000,36733,H607,44.979349999999997,-93.221266
NS,125695,2017-07-05,10:00 AM,Raking collision,0,IRONDALE,AL,89.0,2,Day,Clear,Yard,Yard/switching,2,425,0,17925,M407,33.548904999999998,-86.67801
IC,1060368,2021-02-02,7:30 AM,Side collision,0,ST ROSE,LA,67.0,2,Day,Clear,Industry,Cut of cars,2,42442,0,91163,H020,29.945544999999999,-90.347629999999995
CSX,000196823,2021-04-05,6:40 AM,Hwy-rail crossing,0,ZEELAND,MI,53.0,1,Dawn,Cloudy,Main,,0,0,0,80799,M308,42.841031000000001,-85.934905999999998
NS,121592,2016-08-09,3:00 AM,Derailment,0,MOULTON HEIGHTS,AL,77.0,4,Dark,Cloudy,Industry,Yard/switching,4,15905,400,16305,M101,34.615617999999998,-87.010065999999995
PVRR,PVRR7,2023-08-15,7:00 PM,Fire/violent rupture,0,WESTFIELD,MA,68.0,3,Dusk,Rain,Yard,Cut of cars,0,250000,0,250000,M502,42.117230999999997,-72.662419999999997
IC,951688,2018-03-03,9:39 PM,Hwy-rail crossing,0,SLEDGE,MS,45.0,4,Dark,Clear,Main,,0,0,109861,116988,M308,34.453271000000001,-90.203877000000006
MBTA,202387,2023-07-14,6:04 AM,Obstruction,0,WHITMAN,MA,68.0,1,Dawn,Rain,Main,Passenger Train - Pushing,50,17559,0,17559,M404,42.090967999999997,-70.928385000000006
KCS,21022801,2021-02-28,1:15 PM,Rear end collision,0,ALEXANDRIA,LA,80.0,2,Day,Clear,Yard,Freight Train,6,38800,34698,73498,H210,31.188641000000001,-92.341059000000001
BNSF,CH1117107,2017-11-11,3:50 PM,Other impacts,0,GALESBURG,IL,36.0,2,Day,Clear,Yard,Yard/switching,10,15025,0,15025,H020,40.902236000000002,-90.387147999999996
CSX,000198509,2021-06-28,3:00 PM,Derailment,0,OTTAWA,IL,75.0,2,Day,Rain,Yard,Cut of cars,3,300,0,33328,M105,41.354210999999999,-88.830468999999994
UP,1221GL015,2021-12-15,5:45 PM,Derailment,0,JEFFERSON,IA,69.0,2,Day,Cloudy,Main,Freight Train,0,552417,750,553167,M105,42.028410000000001,-94.311988999999997
KCS,17030201,2017-03-02,12:10 AM,Other impacts,0,KANSAS CITY,MO,33.0,4,Dark,Cloudy,Yard,Cut of cars,0,34965,3717,44073,H702,39.126950000000001,-94.519040000000004
CSX,000207836,2022-10-16,1:00 AM,Derailment,0,LOUISVILLE,KY,60.0,4,Dark,Clear,Yard,Yard/switching,4,25780,2492,28272,H702,38.160739999999997,-85.749135999999993
NS,121404,2016-07-26,8:45 AM,Derailment,0,ELKHART,IN,76.0,2,Day,Clear,Yard,Freight Train,0,2960,0,18857,H307,41.67736,-85.978494999999995
ALS,20170101,2017-01-01,2:20 AM,Derailment,0,EAST ST LOUIS,IL,29.0,4,Dark,Cloudy,Yard,,0,0,48599,72695,M405,38.586939000000001,-90.130195999999998