reportingrailroadcode,accidentnumber,date,time,accidenttype,hazmatreleasedcars,station,stateabbr,temperature,visibility_code,visibility,weathercondition,tracktype,equipmenttype,trainspeed,equipmentdamagecost,trackdamagecost,totaldamagecost,primaryaccidentcausecode,latitude,longitude
BNSF,CH0123112,2023-01-18,8:50 PM,Obstruction,0,RICHMOND,MO,32.0,3,Dusk,Clear,Main,Freight Train,22,1500,126577,128077,M404,39.256833,-94.063660999999996
ATK,160693,2019-08-19,6:13 AM,Hwy-rail crossing,0,MINERAL POINT,MO,71.0,1,Dawn,Clear,Main,Passenger Train - Pulling,58,25659,0,25758,M302,37.918726999999997,-90.719461999999993
UP,0116LK001,2016-01-02,9:50 AM,Derailment,0,SHREVEPORT,LA,51.0,2,Day,Cloudy,Yard,,0,0,78148,78303,H513,32.508423999999998,-93.737060999999997
BNSF,CH0416202,2016-04-14,9:58 AM,Hwy-rail crossing,0,GALVA,IL,65.0,2,Day,Clear,Main,,0,0,0,154868,M302,41.152833000000001,-90.073887999999997
UP,0821MA031,2021-08-21,4:14 AM,Derailment,0,EAST ST LOUIS,IL,75.0,1,Dawn,Cloudy,Yard,Freight Train,1,25190,0,25290,H514,38.582915,-90.135850000000005
OTVR,OTV672414D,2014-12-26,9:10 PM,Derailment,0,FERGUS FALLS,MN,22.0,4,Dark,Cloudy,Main,Freight Train,7,130000,67050,197050,H702,46.581077999999998,-96.059882999999999
KCS,17122301,2017-12-23,5:08 AM,Hwy-rail crossing,0,JACKSON,MS,70.0,4,Dark,Rain,Main,Freight Train,30,0,21190,21190,M308,32.288249999999998,-90.182509999999994
WC,1033596,2020-04-28,3:01 PM,Derailment,0,GARY,IN,70.0,2,Day,Rain,Yard,Yard/switching,7,25101,324767,349868,H525,41.629519000000002,-87.406400000000005
NS,128560,2018-02-17,5:08 AM,Derailment,0,IRONDALE,AL,72.0,1,Dawn,Clear,Yard,Yard/switching,13,25000,0,105320,M407,33.548904999999998,-86.67801
CSX,000143422,2015-03-21,9:05 PM,Other impacts,0,WAYCROSS,GA,70.0,4,Dark,Cloudy,Yard,Cut of cars,5,1594,5400,33019,M407,31.213524,-82.353588999999999
ATK,157268,2019-01-21,12:38 PM,Hwy-rail crossing,0,GARY,IN,10.0,2,Day,Clear,Main,Passenger Train - Pulling,58,18075,0,18075,M302,41.615473000000001,-87.394012000000004
UP,0217LK004,2017-02-07,5:48 PM,Hwy-rail crossing,0,BERNIE,MO,55.0,2,Day,Cloudy,Main,Freight Train,55,40506,60,40566,M303,36.702283999999999,-89.965648999999999
UP,1119HL002,2019-11-01,10:05 PM,Other impacts,0,KANSAS CITY,KS,40.0,4,Dark,Cloudy,Yard,Yard/switching,4,33811,1200,47320,H702,39.098258000000001,-94.671584999999993
IANR,DUD1124162,2016-11-24,6:15 PM,Other impacts,0,DUNKERTON,IA,40.0,4,Dark,Cloudy,Industry,Freight Train,5,57500,1025,58525,H318,42.567320000000002,-92.172393
BNSF,CH0422110,2022-04-14,1:21 PM,Other (describe in narrative),0,ELWOOD,IL,52.0,2,Day,Clear,Main,Cut of cars,2,0,83840,83840,M105,41.350245999999999,-88.212469999999996
UP,0815LK020,2015-08-21,5:59 PM,Side collision,0,SHREVEPORT,LA,82.0,2,Day,Cloudy,Yard,Freight Train,3,2247,0,18778,H021,32.435772,-93.917574999999999
GTW,845526,2015-04-02,7:30 PM,Other impacts,0,BATTLE CREEK,MI,50.0,3,Dusk,Cloudy,Yard,Freight Train,5,7090,0,109542,H310,42.351156000000003,-85.131223000000006
EARY,EAR727315,2015-07-07,4:37 AM,Derailment,0,TALLADEGA,AL,82.0,4,Dark,Clear,Main,,0,0,74370,75829,M599,33.436383999999997,-86.108908999999997
CSX,000177574,2018-07-13,9:00 PM,Derailment,0,BALTIMORE,MD,93.0,4,Dark,Clear,Yard,Freight Train,4,45852,500,46352,M506,39.234872000000003,-76.588819000000001
BNSF,HL1116109,2016-11-21,7:15 AM,Derailment,0,HILLSDALE,KS,35.0,1,Dawn,Clear,Main,Freight Train,40,36217,0,36217,E21C,38.715429999999998,-94.815668000000002
WE,170104,2017-09-08,3:30 PM,Derailment,0,MINGO JUNCTION,OH,50.0,2,Day,Clear,Yard,Yard/switching,8,1890,13928,15818,E64C,40.299950000000003,-80.613376000000002
SKOL,220803002,2022-08-03,2:00 AM,Hwy-rail crossing,0,COFFEYVILLE,KS,97.0,4,Dark,Clear,Industry,Yard/switching,12,5000,11500,16500,M399,37.030329000000002,-95.615852000000004
CSX,000162087,2016-08-13,6:50 PM,Side collision,0,SELKIRK,NY,89.0,2,Day,Clear,Yard,Freight Train,7,26159,0,359659,H306,42.565902999999999,-73.854184000000004
BRC,13502,2014-12-15,11:43 AM,Derailment,1,BEDFORD PARK,IL,49.0,2,Day,Cloudy,Yard,Yard/switching,2,36177,1695,37872,S006,41.763927000000002,-87.762024999999994
WE,180008,2018-01-16,3:45 AM,Derailment,0,CANTON,OH,10.0,4,Dark,Snow,Yard,Yard/switching,5,4472,7288,11760,H703,40.816113999999999,-81.318501999999995
LI,78953,2023-01-04,3:30 PM,Raking collision,0,FLORAL PARK,NY,54.0,2,Day,Cloudy,Main,Work train,10,0,18918,18918,E08C,40.720669999999998,-73.722859999999997
NJTR,202110421,2021-10-04,11:20 PM,Derailment,0,LONG BRANCH,NJ,60.0,4,Dark,Clear,Yard,Commuter Train - Pulling,5,46954,0,46954,T217,40.295971000000002,-73.988453000000007
UP,0322GP012,2022-03-14,2:48 PM,Other impacts,0,NORTH PLATTE,NE,67.0,2,Day,Clear,Yard,Yard/switching,4,182,0,20476,M411,41.148164000000001,-100.835578
BNSF,CH0720102,2020-07-08,2:10 PM,Derailment,0,CICERO,IL,90.0,2,Day,Clear,Yard,Light loco(s),5,26525,2500,29025,H307,41.840535000000003,-87.756719000000004
ATK,146434,2017-02-16,7:50 PM,Obstruction,0,HUDSON,NY,20.0,4,Dark,Snow,Main,Passenger Train - Pulling,70,16097,0,16097,M404,42.243974000000001,-73.820499999999996
CSX,000181527,2019-02-23,12:17 PM,Derailment,0,STILESBORO,GA,50.0,2,Day,Cloudy,Industry,Freight Train,9,11375,10723,22098,M101,34.126840999999999,-84.883052000000006
CSX,000145789,2015-05-05,7:32 AM,Derailment,0,HARTSELLE,AL,73.0,1,Dawn,Clear,Industry,Freight Train,5,56395,2500,58895,M501,34.331086999999997,-86.899721
LI,82919,2024-06-29,4:05 PM,Raking collision,0,SMITHTOWN,NY,75.0,2,Day,Cloudy,Main,Spec. MoW Equip.,6,22671,0,22671,H997,40.855139999999999,-73.204970000000003
BNSF,PR0424101,2024-04-02,3:20 AM,Derailment,0,GURLEY,NE,38.0,4,Dark,Clear,Main,Freight Train,18,83721,29654,113375,E62C,41.306074000000002,-102.97385
CIC,D202007,2020-04-22,6:10 AM,Derailment,0,CEDAR RAPIDS,IA,45.0,1,Dawn,Clear,Yard,Yard/switching,3,37083,3480,40563,T221,41.936120000000003,-91.696837000000002
UP,1017PR015,2017-10-17,1:00 PM,Other impacts,0,MELROSE PARK,IL,70.0,2,Day,Clear,Yard,Cut of cars,7,188,0,15918,M411,41.899006999999997,-87.908803000000006
NS,145853,2022-07-15,6:00 AM,Derailment,0,SADIEVILLE,KY,67.0,1,Dawn,Clear,Yard,Freight Train,5,430331,89550,519881,H507,38.301079999999999,-84.538129999999995
UP,0919MA019,2019-09-08,5:25 PM,Obstruction,0,WASHINGTON,MO,81.0,2,Day,Cloudy,Main,,0,0,600,53563,M404,38.551676999999998,-90.991262000000006
CRSH,146374,2022-09-03,10:00 AM,Derailment,0,NEWARK,NJ,80.0,2,Day,Clear,Yard,Yard/switching,10,1344,16202,17546,H702,40.703930999999997,-74.128643999999994
UP,1119HL020,2019-11-23,11:45 AM,Other impacts,0,KANSAS CITY,KS,39.0,2,Day,Clear,Yard,Yard/switching,5,27667,1500,59161,H312,39.096158000000003,-94.658617000000007
NS,139208,2020-09-20,12:25 PM,Derailment,0,CANTON,OH,65.0,2,Day,Clear,Yard,Yard/switching,2,24364,0,24364,E29C,40.818952000000003,-81.313794000000001
UP,0324GC027,2024-03-26,8:00 AM,Other impacts,0,LIVONIA,LA,56.0,2,Day,Clear,Yard,Single Car,2,3656,0,12309,M411,30.531186000000002,-91.559991999999994
BNSF,PR0418115,2018-04-21,8:25 AM,Rear end collision,0,BRIDGEPORT,NE,40.0,1,Dawn,Rain,Main,Freight Train,0,23000,0,25000,H601,41.712200000000003,-103.15284200000001
CSX,000152941,2015-10-06,10:35 PM,Derailment,0,LOUISVILLE,KY,62.0,4,Dark,Clear,Yard,Cut of cars,5,11660,251,11911,E09C,38.160784999999997,-85.749194000000003
BNSF,CH0620103,2020-06-20,10:18 AM,Derailment,0,ELWOOD,IL,90.0,2,Day,Cloudy,Yard,Yard/switching,4,8687,14740,23427,H607,41.380524999999999,-88.154160000000005
NS,126727,2017-09-21,5:00 PM,Derailment,0,BELLEVUE,OH,86.0,3,Dusk,Clear,Yard,Freight Train,1,30000,0,75960,H306,41.274422999999999,-82.833569999999995
UP,1117TC007,2017-11-11,5:03 AM,Derailment,0,BOONE,IA,34.0,4,Dark,Cloudy,Yard,Yard/switching,10,19213,78559,97772,H702,42.064252000000003,-93.870017000000004
ATK,178959,2024-03-24,5:03 PM,Obstruction,0,BRUNSWICK,MD,51.0,2,Day,Clear,Main,Passenger Train - Pulling,46,53000,0,53077,M404,39.309373999999998,-77.579875000000001
NS,155009,2023-12-09,9:15 PM,Other (describe in narrative),0,MINGO JUNCTION,OH,58.0,4,Dark,Rain,Yard,Yard/switching,3,926,13224,14150,H702,40.309626000000002,-80.610951999999997
NS,119870,2016-03-25,3:02 AM,Derailment,0,BELLEVUE,OH,33.0,4,Dark,Rain,Yard,Yard/switching,2,22600,0,22600,M411,41.273353999999998,-82.834598
CSX,000158292,2016-03-17,7:18 PM,Other impacts,0,SELKIRK,NY,45.0,3,Dusk,Clear,Yard,Single Car,9,18066,0,39795,E06C,42.565902999999999,-73.854184000000004
NS,136813,2020-01-13,6:45 AM,Other (describe in narrative),0,PORTSMOUTH,OH,35.0,1,Dawn,Fog,Yard,Freight Train,4,67794,906,68700,H702,38.736736999999998,-82.970787999999999
CSX,000143403,2015-03-21,6:41 AM,Other impacts,0,TARRANT,AL,50.0,1,Dawn,Cloudy,Yard,Single Car,7,20510,50,30242,H316,33.543695,-86.790081999999998
TRRA,21036OR,2021-09-01,2:25 PM,Derailment,0,MADISON,IL,82.0,2,Day,Clear,Yard,,0,0,22571,35496,H503,38.676411000000002,-90.164850000000001
NS,156770,2024-05-20,6:00 AM,Other impacts,0,CHARLOTTE,NC,63.0,1,Dawn,Clear,Yard,Cut of cars,9,3150,16238,24288,H312,35.228064000000003,-80.852619000000004
CSX,000204134,2022-04-10,9:30 PM,Side collision,0,NEW ORLEANS,LA,68.0,4,Dark,Clear,Main,Yard/switching,3,2103,7662,78827,H307,30.005993,-90.019454999999994
NYA,NYA000043,2022-01-04,11:50 PM,Derailment,0,NEW YORK-KINGS,NY,30.0,4,Dark,Clear,Yard,Yard/switching,7,7328,22800,30128,E44C,40.637529000000001,-74.021242999999998
BNSF,HL0518121,2018-05-31,6:45 PM,Derailment,0,ST JOSEPH,MO,90.0,3,Dusk,Clear,Yard,Yard/switching,5,15218,2500,17718,H307,39.740561999999997,-94.845393000000001
CSX,000202900,2022-02-05,1:33 PM,Derailment,0,SELKIRK,NY,18.0,2,Day,Clear,Yard,Yard/switching,3,11875,1332,13207,E07C,42.566077999999997,-73.854462999999996
BNSF,CH0720105,2020-07-09,11:00 PM,Derailment,0,ELWOOD,IL,75.0,4,Dark,Rain,Yard,Freight Train,10,35000,124000,159000,H607,41.403377999999996,-88.157005999999996
ATK,177884,2024-01-06,12:15 PM,Obstruction,0,BRONX,NY,37.0,2,Day,Cloudy,Main,Passenger Train - Pulling,0,34637,0,34637,M404,40.828037000000002,-73.885104999999996
BNSF,MT0416100,2016-04-13,2:15 AM,Derailment,0,GREAT FALLS,MT,47.0,4,Dark,Rain,Yard,Yard/switching,5,21633,0,21633,H318,47.502760000000002,-111.32519499999999
IHB,2518,2019-05-16,8:16 AM,Derailment,0,RIVERDALE,IL,71.0,2,Day,Clear,Yard,Cut of cars,2,21816,1157,22973,S016,41.639260999999998,-87.652637999999996
NS,145944,2022-07-22,11:30 PM,Other (describe in narrative),0,CHARLOTTE,NC,80.0,4,Dark,Clear,Yard,Single Car,2,48000,630,48630,H702,35.228062999999999,-80.852618000000007
KCS,19111102,2019-11-11,7:30 PM,Other impacts,0,WESTLAKE,LA,72.0,4,Dark,Rain,Industry,Cut of cars,8,34026,0,43598,H021,30.239678000000001,-93.286053999999993
UP,0216CB012,2016-02-20,10:15 AM,Derailment,0,BOONE,IA,50.0,2,Day,Clear,Yard,Freight Train,5,23194,57280,86302,T220,42.060758999999997,-93.854699999999994
CSX,000143947,2015-03-29,2:28 AM,Side collision,0,SELKIRK,NY,21.0,4,Dark,Cloudy,Yard,Single Car,12,0,0,12600,H316,42.564653999999997,-73.85257
UP,0618LV005,2018-06-04,5:45 AM,Derailment,0,LIVONIA,LA,80.0,1,Dawn,Cloudy,Yard,Yard/switching,3,185746,58220,289830,H702,30.518844000000001,-91.546885000000003
NS,120409,2016-05-07,6:00 AM,Derailment,0,ELKHART,IN,45.0,1,Dawn,Clear,Yard,Yard/switching,4,16042,200,16242,H312,41.67736,-85.978494999999995
WE,150129,2015-09-05,5:13 PM,Derailment,0,BREWSTER,OH,82.0,2,Day,Clear,Yard,Yard/switching,13,41749,0,41749,H607,40.714809000000002,-81.610688999999994
CSX,000216461,2024-02-28,8:21 PM,Hwy-rail crossing,0,VOORHEESVILLE,NY,45.0,4,Dark,Cloudy,Main,Freight Train,37,157,18854,19011,M301,42.655653000000001,-73.929175000000001
NS,146461,2022-09-11,2:15 AM,Other impacts,0,LEXINGTON,NC,74.0,4,Dark,Cloudy,Yard,Yard/switching,0,41775,0,41775,H312,35.750594,-80.318288999999993
KCS,21011201,2021-01-12,12:30 PM,Hwy-rail crossing,0,LEESVILLE,LA,43.0,2,Day,Clear,Main,Freight Train,29,13126,9792,22918,M302,31.164487000000001,-93.273360999999994
IC,850696,2015-05-21,6:08 AM,Derailment,0,BEDFORD PARK,IL,50.0,1,Dawn,Clear,Industry,Yard/switching,7,8224,18076,26300,H210,41.767116000000001,-87.835526999999999
NJTR,201808406,2018-08-11,12:30 AM,Derailment,0,LONG BRANCH,NJ,70.0,4,Dark,Clear,Yard,Yard/switching,0,48607,0,117596,H704,0.0,0.0
CSX,000180079,2018-11-28,6:30 AM,Derailment,0,VINCENNES,IN,19.0,1,Dawn,Clear,Yard,Freight Train,4,75518,1590,77108,H702,38.676927999999997,-87.519565
NS,138927,2020-08-21,11:50 PM,Derailment,0,BELLEVUE,OH,66.0,4,Dark,Clear,Yard,Cut of cars,0,45682,0,45915,E30C,41.288297999999998,-82.797780000000003
CSX,000192202,2020-08-22,11:10 AM,Side collision,0,SELKIRK,NY,78.0,2,Day,Clear,Yard,Single Car,10,7137,0,21130,M411,42.565902999999999,-73.854184000000004
UP,0523HL038,2023-05-31,8:05 AM,Derailment,0,TOPEKA,KS,65.0,2,Day,Rain,Yard,Freight Train,4,9989,18422,28411,T212,39.073320000000002,-95.686415999999994
NS,131327,2018-10-13,8:47 AM,Derailment,0,ATTICA,OH,42.0,2,Day,Clear,Main,Freight Train,28,7000,27455,34455,E67C,41.095464999999997,-82.873221000000001
NS,129647,2018-05-30,1:05 PM,Hwy-rail crossing,0,BESSEMER,AL,88.0,2,Day,Clear,Main,,0,0,253,20994,M308,33.432651,-86.924431999999996
RSOR,RSO218818,2018-05-31,2:20 PM,Fire/violent rupture,0,SAVANNAH,GA,84.0,2,Day,Cloudy,Main,Freight Train,15,15000,0,15097,E74L,32.069580999999999,-81.147803999999994
NIRC,2017070455,2017-11-09,12:01 PM,Obstruction,0,CHICAGO,IL,38.0,2,Day,Clear,Main,EMU,20,40000,0,40000,M404,41.766036999999997,-87.566535999999999
BNSF,CH0917111,2017-09-22,7:40 AM,Derailment,0,CHICAGO,IL,90.0,1,Dawn,Clear,Yard,Cut of cars,0,250,0,17866,H307,41.824565,-87.722356000000005
NS,122706,2016-11-08,8:30 PM,Derailment,0,MUSCLE SHOALS,AL,72.0,4,Dark,Clear,Yard,Freight Train,2,10301,2163,12464,H306,34.712550999999998,-87.616781000000003
MNCW,2019155,2019-10-13,10:30 AM,Obstruction,0,NEW HAVEN,CT,60.0,2,Day,Clear,Yard,EMU,5,18174,0,18174,H307,41.298565000000004,-72.923845
RTDC,30066,2016-12-03,5:53 PM,Derailment,0,DENVER,CO,31.0,4,Dark,Clear,Yard,EMU,3,26755,200,26955,H607,39.794910999999999,-104.999134
NS,143208,2021-10-19,2:40 PM,Hwy-rail crossing,0,BELLMONT,IL,70.0,2,Day,Clear,Main,Spec. MoW Equip.,0,18000,0,18000,M308,38.385613999999997,-87.911635000000004
CSX,000174429,2018-01-31,5:15 PM,Derailment,0,BUFFALO,NY,25.0,3,Dusk,Clear,Yard,Yard/switching,2,13000,126,13126,E71L,42.901972999999998,-78.773441000000005
MNCW,201941,2019-04-05,12:45 PM,Obstruction,0,GREENWICH,CT,50.0,2,Day,Clear,Main,Spec. MoW Equip.,10,94695,0,94695,H999,41.021028999999999,-73.628187999999994
CSX,000145431,2015-04-24,12:58 AM,Derailment,0,BIRMINGHAM,AL,70.0,4,Dark,Clear,Yard,Yard/switching,4,28549,2120,30669,M599,33.513494999999999,-86.803837000000001
NS,140920,2021-03-13,4:00 PM,Derailment,0,MORAINE,OH,72.0,3,Dusk,Clear,Yard,Freight Train,5,327751,6703,334454,H303,39.687562999999997,-84.223799999999997
LI,73992,2021-02-02,5:30 PM,Derailment,0,HOLLIS,NY,24.0,4,Dark,Clear,Yard,EMU,9,156448,9783,166231,H702,40.706215999999998,-73.782594000000003
BNSF,MT0616103,2016-06-18,8:30 PM,Derailment,0,MALTA,MT,65.0,3,Dusk,Rain,Siding,Freight Train,0,137868,21390,159258,M105,48.398307000000003,-107.57913000000001
UP,0517NP040,2017-05-23,10:22 AM,Other impacts,0,NORTH PLATTE,NE,55.0,2,Day,Cloudy,Yard,Yard/switching,0,1075,0,13162,E34C,41.150761000000003,-100.864271
MNCW,2019121,2019-08-19,7:34 PM,Derailment,0,BRIDGEPORT,CT,70.0,3,Dusk,Clear,Yard,EMU,8,119062,9834,128896,H799,41.185076000000002,-73.164017999999999
NJTR,202301007,2022-12-09,12:40 AM,Side collision,0,PORT JERVIS,NY,45.0,4,Dark,Clear,Yard,Yard/switching,0,49662,0,85578,H307,41.378469000000003,-74.698418000000004
IC,1061729,2021-02-16,10:14 PM,Derailment,0,DIETERICH,IL,3.0,4,Dark,Clear,Main,Freight Train,30,395552,150000,545552,T219,39.047210999999997,-88.327063999999993
WE,210011,2021-01-29,6:40 PM,Head on collision,0,BREWSTER,OH,21.0,4,Dark,Clear,Main,Spec. MoW Equip.,13,19205,2133,21556,H607,40.713850000000001,-81.606233000000003
BNSF,SW0815107,2015-08-29,9:10 AM,Derailment,0,GALLUP,NM,65.0,2,Day,Clear,Yard,Freight Train,7,20328,500,20828,H503,35.527535,-108.745636
NS,123025,2016-12-05,10:10 PM,Derailment,0,ARCADIA,OH,28.0,4,Dark,Cloudy,Main,Freight Train,5,38034,400,38434,H318,41.094903000000002,-83.548557000000002
NS,141984,2021-06-24,12:22 PM,Derailment,0,MADISON,MO,82.0,2,Day,Clear,Main,Freight Train,40,456900,104349,561249,E21C,39.475476,-92.175867999999994
CUOH,CUO1165165,2016-10-19,8:25 PM,Other impacts,0,NEWARK,OH,64.0,4,Dark,Cloudy,Yard,Yard/switching,8,461150,0,461150,H018,40.055419000000001,-82.399377999999999
CSX,000186343,2019-11-01,11:50 AM,Other impacts,0,KENTON,OH,39.0,2,Day,Cloudy,Main,Single Car,5,515,0,12293,E08C,40.637239000000001,-83.598274000000004
CSX,000150858,2015-08-19,11:09 AM,Side collision,0,COLUMBUS,OH,86.0,2,Day,Clear,Industry,Cut of cars,0,34555,0,110211,H302,39.892803000000001,-82.958421000000001
NJTR,202303104,2023-03-07,7:47 PM,Hwy-rail crossing,0,ASBURY PARK,NJ,33.0,4,Dark,Clear,Main,Commuter Train - Pulling,45,5743,19380,25123,M308,40.220609000000003,-74.012866000000002
UP,0417CB007,2017-04-26,4:00 PM,Derailment,0,MARSHALLTOWN,IA,44.0,2,Day,Cloudy,Industry,Light loco(s),3,500,14229,14729,M501,42.042575999999997,-92.912678999999997
NYSW,150110A,2015-01-10,9:33 AM,Derailment,0,SYRACUSE,NY,15.0,2,Day,Clear,Main,Freight Train,3,6996,105000,111996,M204,43.048547999999997,-76.160529999999994
NS,113139,2014-11-22,3:40 AM,Other impacts,0,IRONDALE,AL,47.0,4,Dark,Clear,Yard,Light loco(s),10,12234,0,12234,H306,33.548904999999998,-86.678008000000005
UP,0515NP018,2015-05-25,3:37 PM,Derailment,0,NORTH PLATTE,NE,70.0,2,Day,Cloudy,Yard,Cut of cars,10,14572,0,93274,H503,41.145248000000002,-100.80843
CSX,000161993,2016-08-04,12:41 AM,Other impacts,0,BIRMINGHAM,AL,75.0,4,Dark,Clear,Yard,Single Car,7,505,0,14679,S016,33.543607000000002,-86.790088999999995
CSX,000141585,2015-02-17,2:05 AM,Derailment,0,TARRANT CITY,AL,25.0,4,Dark,Clear,Yard,Cut of cars,6,0,0,366322,H021,33.513494999999999,-86.803837000000001
BNSF,PR1214111,2014-12-26,12:27 AM,Derailment,0,ALLIANCE,NE,20.0,4,Dark,Snow,Yard,Freight Train,6,29003,500,29503,H607,42.093173,-102.883843
NJTR,202210409,2022-10-15,11:50 PM,Hwy-rail crossing,0,HACKENSACK,NJ,53.0,4,Dark,Clear,Main,Passenger Train - Pulling,42,34968,12500,47468,M304,40.887087000000001,-74.047915000000003
UP,1015LV005,2015-10-08,4:27 PM,Obstruction,0,GRAYSON,LA,79.0,2,Day,Clear,Siding,Spec. MoW Equip.,0,3006,0,510867,H997,32.051456999999999,-92.108317
BNSF,SW0124113,2024-01-20,6:45 AM,Other (describe in narrative),0,BELEN,NM,37.0,1,Dawn,Clear,Main,Freight Train,15,0,25002,25002,H403,34.736609999999999,-106.811784
FEC,X46082624,2024-08-26,2:15 PM,Hwy-rail crossing,0,PALM BEACH GARDENS,FL,94.0,2,Day,Clear,Main,,0,0,393,13254,M308,26.830627,-80.091950999999995
UP,0224GP018,2024-02-05,5:40 AM,Other impacts,0,NORTH PLATTE,NE,39.0,1,Dawn,Cloudy,Yard,Yard/switching,19,73121,396,73517,M407,41.150323,-100.81353900000001
UP,0220HL008,2020-02-08,3:00 PM,Derailment,0,TOPEKA,KS,45.0,2,Day,Clear,Yard,Yard/switching,3,13662,67170,80832,H525,39.066360000000003,-95.668822000000006
MACZ,1509061600,2015-09-06,4:00 PM,Derailment,0,BALTIMORE,MD,84.0,2,Day,Clear,Yard,Yard/switching,5,266000,500,266500,H704,39.268438000000003,-76.602970999999997
NS,138822,2020-08-10,6:25 PM,Derailment,0,PORTSMOUTH,OH,80.0,3,Dusk,Clear,Yard,Cut of cars,0,518714,950,549915,E34C,38.736963000000003,-82.956996000000004
CSX,000160001,2016-05-22,5:30 AM,Derailment,0,MONTGOMERY,AL,63.0,1,Dawn,Clear,Yard,Yard/switching,6,23690,502,24192,E41C,32.375967000000003,-86.32647
SW,SWC42815DF,2015-04-28,6:24 AM,Head on collision,0,ROSWELL,NM,50.0,1,Dawn,Clear,Siding,Freight Train,0,602000,0,2386000,H702,33.262048,-104.418854
UP,0324MA026,2024-03-25,6:00 PM,Other impacts,0,BOSSIER CITY,LA,60.0,3,Dusk,Cloudy,Industry,Freight Train,5,99277,0,198708,H607,32.563119,-93.731821999999994
CSX,000143990,2015-03-31,11:56 PM,Derailment,0,LOUISVILLE,KY,54.0,4,Dark,Clear,Yard,Freight Train,7,17870,50,17920,H306,38.279918000000002,-85.516803999999993
NS,145732,2022-07-02,3:08 AM,Other impacts,0,CHARLOTTE,NC,70.0,4,Dark,Clear,Industry,Freight Train,2,9114,3826,20940,H018,35.157558999999999,-80.876851000000002
NS,140135,2020-12-31,6:00 PM,Derailment,0,BELLEVUE,OH,28.0,3,Dusk,Clear,Yard,Cut of cars,0,89551,0,1639062,H508,41.297936,-82.760942
UP,0715ST015,2015-07-29,7:47 PM,Fire/violent rupture,0,CARRIZOZO,NM,69.0,3,Dusk,Cloudy,Main,Freight Train,10,17222,0,17222,E74L,34.182067000000004,-105.640289
MNCW,75777,2021-10-19,11:30 AM,Obstruction,0,NEW YORK -BRONX,NY,57.0,2,Day,Clear,Main,Spec. MoW Equip.,0,800,0,32774,H607,40.900770000000001,-73.859155000000001
CSX,000168419,2017-04-16,4:43 PM,Other impacts,0,ELMORE,AL,70.0,2,Day,Clear,Main,Freight Train,50,38711,0,38711,H996,32.538708999999997,-86.314966999999996
CSX,000176887,2018-06-08,4:51 PM,Derailment,0,MONTGOMERY,AL,92.0,3,Dusk,Clear,Yard,Freight Train,4,16854,11634,28488,H503,32.375967000000003,-86.32647
CSX,000148856,2015-07-06,10:30 PM,Broken train collision,0,CUMBERLAND,MD,70.0,4,Dark,Rain,Yard,Yard/switching,4,22672,150,22822,S102,39.626607,-78.738851999999994
UP,0615WH008,2015-06-13,4:30 AM,Derailment,0,COFFEYVILLE,KS,68.0,4,Dark,Rain,Yard,Freight Train,8,9198,7230,16428,H307,37.017893000000001,-95.625234000000006
CSX,000178989,2018-09-28,6:00 AM,Raking collision,0,SELKIRK,NY,52.0,1,Dawn,Rain,Yard,Single Car,8,0,0,23857,M407,42.565902999999999,-73.854184000000004
CP,1001044886,2019-08-08,11:05 AM,Other impacts,0,NORTHLAKE,IL,85.0,2,Day,Clear,Yard,Freight Train,10,32944,0,50355,H318,41.899842999999997,-87.907786000000002
BNSF,CH0720121,2020-07-29,10:30 PM,Other impacts,0,AURORA,IL,80.0,4,Dark,Clear,Yard,,0,0,0,200000,H018,41.763899000000002,-88.306050999999997
MNCW,69443,2018-09-27,3:54 AM,Other impacts,0,NEW HAVEN,CT,65.0,4,Dark,Clear,Yard,Yard/switching,2,20852,0,41704,E31C,41.298765000000003,-72.923460000000006
CSX,000179344,2018-10-15,5:01 PM,Derailment,0,NORTH HAVEN,CT,50.0,3,Dusk,Rain,Yard,,0,0,1500,172500,H503,41.334608000000003,-72.900631000000004
CSX,000193260,2020-10-10,5:47 PM,Side collision,0,SELKIRK,NY,50.0,3,Dusk,Clear,Yard,Yard/switching,1,11773,0,12326,E99C,42.565902999999999,-73.854184000000004
LI,80585,2023-09-07,10:09 AM,Derailment,0,QUEENS VILLAGE,NY,90.0,2,Day,Clear,Main,Work train,5,0,215706,215706,M405,40.718380000000003,-73.732498000000007
NS,153601,2023-07-12,3:40 PM,Other (describe in narrative),0,SANDUSKY,OH,75.0,2,Day,Cloudy,Yard,Light loco(s),4,12200,1000,13200,H702,41.435806999999997,-82.740191999999993
UP,0722MA045,2022-07-22,12:56 AM,Derailment,0,EAST ST LOUIS,IL,78.0,4,Dark,Clear,Main,Freight Train,11,187,0,199738,M204,38.610205999999998,-90.166950999999997
CSX,000208700,2022-12-06,11:12 AM,Hwy-rail crossing,0,MARION,OH,45.0,2,Day,Cloudy,Main,Freight Train,13,2021,9509,11530,M303,40.585883000000003,-83.217381000000003
UP,1022HL005,2022-10-11,7:35 PM,Derailment,0,COFFEYVILLE,KS,73.0,3,Dusk,Clear,Yard,Freight Train,7,38665,300,38965,H525,37.030096999999998,-95.625928999999999