reportingrailroadcode,accidentnumber,date,time,accidenttype,hazmatreleasedcars,station,stateabbr,temperature,visibility_code,visibility,weathercondition,tracktype,equipmenttype,trainspeed,equipmentdamagecost,trackdamagecost,totaldamagecost,primaryaccidentcausecode,latitude,longitude
CSX,000207028,2022-09-01,4:49 AM,Derailment,0,BUFFALO,NY,72.0,1,Dawn,Clear,Yard,Yard/switching,3,40220,7211,47431,H307,42.901926000000003,-78.773365999999996
CSX,000148659,2015-07-02,6:00 AM,Derailment,0,BIRMINGHAM,AL,75.0,4,Dark,Cloudy,Yard,Yard/switching,4,25727,100,25827,H307,33.543695,-86.790081999999998
NS,143158,2021-10-05,5:08 AM,Other impacts,0,ATTICA,NY,65.0,1,Dawn,Clear,Siding,Light loco(s),10,100000,0,100033,H210,42.859364999999997,-78.269312999999997
MNCW,81864,2024-02-13,7:40 AM,Other (describe in narrative),0,POUGHKEEPSIE,NY,30.0,2,Day,Snow,Yard,Commuter Train - Pushing,40,0,17025,17025,H701,41.714315999999997,-73.937325000000001
UP,0521LA042,2021-05-24,2:56 AM,Derailment,0,HURLEY,NM,52.0,4,Dark,Clear,Main,Freight Train,65,2131826,4142345,6274171,E60C,32.185057999999998,-108.392619
NS,151339,2022-11-01,7:04 PM,Derailment,0,RAVENNA,OH,45.0,3,Dusk,Cloudy,Main,Freight Train,35,768202,307858,1076060,H504,41.117708999999998,-81.228178
CSX,000142433,2015-03-04,6:10 PM,Derailment,0,CINCINNATI,OH,28.0,3,Dusk,Snow,Yard,Yard/switching,6,27221,3140,30361,M411,39.104323000000001,-84.538946999999993
BNSF,SW0623114,2023-06-29,4:46 PM,Other (describe in narrative),0,LOVING,NM,100.0,2,Day,Clear,Yard,Freight Train,3,26171,0,26171,H018,32.312925,-104.12193600000001
CSX,000175581,2018-04-02,8:15 AM,Side collision,0,BIRMINGHAM,AL,72.0,2,Day,Clear,Yard,Freight Train,8,70565,424,70989,H607,33.543607000000002,-86.790088999999995
UP,1020HL010,2020-10-15,8:27 AM,Hwy-rail crossing,0,OSWEGO,KS,60.0,2,Day,Cloudy,Main,Light loco(s),53,13811,33,13844,M302,37.120978999999998,-95.122986999999995
CSX,000174945,2018-02-28,12:10 PM,Derailment,0,SELKIRK,NY,58.0,2,Day,Cloudy,Yard,Freight Train,3,66884,475,67359,T220,42.565902999999999,-73.854184000000004
NS,151316,2022-10-29,10:15 PM,Other impacts,0,SOUTHMONT,NC,53.0,4,Dark,Clear,Yard,Single Car,4,22548,125,22673,H312,35.740859999999998,-80.330499000000003
UP,0615KC024,2015-06-29,8:00 PM,Derailment,0,KANSAS CITY,KS,84.0,2,Day,Clear,Yard,Yard/switching,7,73972,4056,78028,H607,39.127116999999998,-94.604377999999997
NCRC,OP121719,2019-12-17,4:45 PM,Raking collision,0,ALBION,NE,20.0,3,Dusk,Clear,Main,Light loco(s),5,1720,0,33020,H302,41.693378000000003,-98.003928999999999
NS,152791,2023-04-11,10:15 PM,Other impacts,0,SOUTHMONT,NC,58.0,4,Dark,Clear,Yard,Single Car,0,175,0,52275,H312,35.738906,-80.332949999999997
CSX,000166756,2017-02-13,6:00 PM,Derailment,0,BIRMINGHAM,AL,58.0,2,Day,Clear,Yard,Cut of cars,10,34287,165,34452,S016,33.543607000000002,-86.790088999999995
CP,1001311037,2020-08-28,10:30 PM,Derailment,0,BARRETT,MN,58.0,4,Dark,Clear,Main,Freight Train,56,271242,47098,318340,M405,45.888475999999997,-95.865155000000001
CSX,000150343,2015-08-08,1:38 AM,Derailment,0,ATLANTA,GA,85.0,4,Dark,Clear,Yard,Cut of cars,4,24017,126,24143,M411,33.799641000000001,-84.439903000000001
NS,156178,2024-03-28,1:32 AM,Other (describe in narrative),0,SCHENECTADY,NY,45.0,4,Dark,Rain,Yard,Cut of cars,0,12000,0,46150,H702,42.814065999999997,-73.942702999999995
NS,127755,2017-12-13,12:12 PM,Derailment,0,BELLEVUE,OH,23.0,2,Day,Snow,Main,Freight Train,8,5641,12808,18449,M405,41.270727999999998,-82.841615000000004
SLR,SLR714015G,2015-03-23,2:55 PM,Hwy-rail crossing,0,AUBURN,ME,27.0,2,Day,Clear,Main,Freight Train,10,20000,8000,28000,M304,44.033774000000001,-70.284322000000003
LI,72166,2020-05-02,6:58 AM,Derailment,0,JAMAICA,NY,57.0,1,Dawn,Clear,Main,Work train,4,1578,16771,18349,M505,40.699151000000001,-73.809259999999995
NS,129252,2018-04-24,9:15 PM,Derailment,0,BELLEVUE,OH,60.0,4,Dark,Rain,Yard,Yard/switching,8,87951,40280,128231,E34C,41.274422999999999,-82.833569999999995
NS,157233,2024-07-01,11:20 PM,Other (describe in narrative),0,GREENSBORO,NC,75.0,4,Dark,Clear,Yard,Freight Train,5,37422,40,37462,H702,36.059927999999999,-79.842014000000006
NYA,032915,2015-03-29,11:50 PM,Derailment,0,WYANDANCH,NY,38.0,4,Dark,Clear,Siding,Freight Train,4,42000,400000,442000,H210,40.752558000000001,-73.368133
CSX,000162661,2016-09-05,10:27 AM,Other impacts,0,BIRMINGHAM,AL,88.0,2,Day,Clear,Yard,Freight Train,0,3000,0,14471,H607,33.543607000000002,-86.790088999999995
NS,155523,2024-01-23,10:00 AM,Other (describe in narrative),0,PORTSMOUTH,OH,45.0,2,Day,Cloudy,Yard,Cut of cars,8,0,2631,28616,H702,38.736826000000001,-82.957245999999998
RRVW,10182023,2023-10-18,3:00 PM,Derailment,0,BRECKENRIDGE,MN,55.0,2,Day,Cloudy,Yard,Yard/switching,7,217691,11573,229264,T220,46.262661000000001,-96.575069999999997
CSX,000160834,2016-06-24,12:44 AM,Other impacts,0,MONTGOMERY,AL,72.0,4,Dark,Clear,Yard,Cut of cars,4,3060,0,12295,H018,32.399133999999997,-86.317858000000001
NJTR,201811517,2018-10-27,12:30 PM,Other impacts,0,KEARNY,NJ,50.0,2,Day,Clear,Yard,Yard/switching,6,8200,5831,27343,H212,40.7438,-74.106333000000006
UP,0318PR008,2018-03-08,8:44 AM,Other (describe in narrative),0,MELROSE PARK,IL,30.0,2,Day,Cloudy,Yard,Single Car,0,72486,0,72486,M411,41.898752000000002,-87.907916999999998
NS,144660,2022-03-10,7:00 AM,Derailment,0,WOODVILLE,AL,54.0,1,Dawn,Clear,Siding,Freight Train,12,410,27501,27911,E64C,34.669181000000002,-86.164327999999998
CSX,000184365,2019-07-26,12:11 AM,Obstruction,0,DEFIANCE,OH,64.0,4,Dark,Clear,Main,Freight Train,57,0,60258,60258,M402,41.279636000000004,-84.341677000000004
NJTR,202103092,2021-02-22,8:20 PM,Other impacts,0,NEW BRUNSWICK,NJ,35.0,4,Dark,Clear,Yard,EMU,7,30287,0,30287,H607,40.471733,-74.473354
NS,140891,2021-03-11,7:00 AM,Raking collision,0,CINCINNATI,OH,63.0,1,Dawn,Clear,Yard,Freight Train,4,8000,0,45496,H306,39.105834000000002,-84.539912000000001
IC,1092049,2021-03-03,12:00 PM,Other (describe in narrative),0,GEISMAR,LA,60.0,2,Day,Clear,Yard,Spec. MoW Equip.,0,24266,0,24266,H702,30.192281999999999,-91.000521000000006
CSX,000149372,2015-07-17,11:04 AM,Derailment,0,WALBRIDGE,OH,85.0,2,Day,Cloudy,Yard,Yard/switching,3,11064,350,11414,H702,41.589331000000001,-83.531707999999995
NS,135158,2019-08-19,5:05 AM,Other impacts,1,ELKHART,IN,72.0,1,Dawn,Fog,Yard,Single Car,2,22976,0,47545,M408,41.67736,-85.978494999999995
RCRY,202201,2022-03-15,12:00 PM,Derailment,0,EDISON,NJ,60.0,2,Day,Clear,Yard,Yard/switching,7,5700,12000,17700,H306,40.496786999999998,-74.33681
CSX,000219624,2024-07-29,1:15 PM,Other impacts,0,TOLEDO,OH,92.0,2,Day,Cloudy,Yard,Single Car,1,3128,0,42130,H318,41.667503000000004,-83.482523999999998
NJTR,201906325,2019-06-14,8:09 PM,Derailment,0,KEARNY,NJ,70.0,4,Dark,Clear,Yard,Light loco(s),5,34002,793,34795,H702,40.745555000000003,-74.100718000000001
IC,1143763,2024-01-19,2:00 PM,Other impacts,0,GEISMAR,LA,54.0,2,Day,Clear,Yard,Yard/switching,4,41500,0,41500,S006,30.173268,-90.971441999999996
NS,151049,2022-10-04,1:00 PM,Other impacts,0,SOUTHMONT,NC,70.0,2,Day,Clear,Yard,Single Car,4,300,18434,37318,H312,35.735975000000003,-80.336625999999995
UP,0515NP018,2015-05-25,3:37 PM,Derailment,0,NORTH PLATTE,NE,70.0,2,Day,Cloudy,Yard,Yard/switching,0,26147,30352,93274,H503,41.145248000000002,-100.80843
CSX,000152517,2015-09-28,5:42 AM,Derailment,0,BIRMINGHAM,AL,68.0,1,Dawn,Cloudy,Yard,Freight Train,6,15289,20488,35777,S011,33.543695,-86.790081999999998
NYSW,220314SD1,2022-03-14,5:46 PM,Derailment,0,SPARTA,NJ,47.0,3,Dusk,Clear,Siding,Freight Train,5,35000,3598,38598,H018,41.066378999999998,-74.666443000000001
NS,156372,2024-04-15,3:35 PM,Derailment,0,SOUTHMONT,NC,86.0,2,Day,Clear,Yard,Yard/switching,5,300,15565,15865,H702,35.740859999999998,-80.330499000000003
CSX,000170137,2017-07-10,12:40 PM,Other impacts,0,WILLARD,OH,70.0,2,Day,Cloudy,Yard,Freight Train,6,268772,2468,295254,H302,41.059857000000001,-82.723963999999995
NSR,NSR212877,2021-01-13,8:45 AM,Derailment,0,CLEVELAND,OH,40.0,2,Day,Clear,Yard,Freight Train,6,165000,26000,191000,M204,41.444684000000002,-81.642786000000001
CP,1000756662,2018-05-16,12:50 AM,Derailment,0,CARRINGTON,ND,65.0,4,Dark,Clear,Main,Freight Train,4,280,0,18329,H703,47.455770999999999,-99.132548
CP,1000806360,2018-07-16,1:10 PM,Obstruction,0,CROWN POINT,NY,92.0,2,Day,Clear,Main,,0,0,108,26785,E79L,43.961136000000003,-73.413570000000007
NS,157838,2024-08-26,9:00 AM,Other impacts,0,IRONDALE,AL,75.0,2,Day,Clear,Yard,Spec. MoW Equip.,7,0,27222,37222,H402,33.555373000000003,-86.683971999999997
BNSF,CH0821111,2021-08-28,10:35 AM,Derailment,0,GALESBURG,IL,83.0,2,Day,Clear,Yard,Yard/switching,4,44300,17000,61300,M408,40.914521000000001,-90.380758999999998
CSX,000178508,2018-08-31,3:45 PM,Derailment,0,WINDER,GA,88.0,2,Day,Clear,Main,Freight Train,39,58380,2187,60567,E21C,33.978088,-83.659567999999993
CSX,000182313,2019-04-11,5:01 PM,Derailment,0,INDIANAPOLIS,IN,70.0,2,Day,Clear,Yard,Cut of cars,3,34710,0,47597,M408,39.759791,-86.327526000000006
CUOH,CUO802415D,2015-09-11,10:30 PM,Derailment,0,NEWARK,OH,62.0,4,Dark,Rain,Yard,Yard/switching,10,40000,5000,45000,H309,40.056690000000003,-82.395790000000005
BNSF,SW1121102,2021-11-27,4:45 PM,Derailment,0,GALLUP,NM,45.0,2,Day,Clear,Yard,Freight Train,9,5000,18000,23000,H503,35.525902000000002,-108.751957
ATK,173303,2023-01-03,3:26 AM,Obstruction,0,CLINTON,KY,62.0,4,Dark,Rain,Main,Passenger Train - Pulling,80,13260,0,13260,M404,36.648404999999997,-88.997497999999993
ATK,177098,2023-11-09,12:05 AM,Derailment,0,BOSTON,MA,34.0,4,Dark,Clear,Yard,Yard/switching,8,25138,19600,44738,H702,42.332709999999999,-71.060050000000004
BPRR,BPR856418D,2018-11-16,4:50 PM,Derailment,0,MACHIAS,NY,25.0,4,Dark,Cloudy,Main,Freight Train,15,14530,0,14530,E51L,42.435825000000001,-78.474194999999995
CSX,000219205,2024-07-10,9:30 AM,Side collision,0,NEWARK,NJ,80.0,2,Day,Clear,Yard,Freight Train,4,10502,0,1794263,H307,40.714582999999998,-74.158927000000006
CSX,000179667,2018-11-02,10:35 PM,Other impacts,0,SELKIRK,NY,45.0,4,Dark,Rain,Yard,Cut of cars,15,18556,80,18636,M407,42.565902999999999,-73.854184000000004
CSX,000173287,2017-12-08,12:22 AM,Derailment,0,MARYSVILLE,OH,18.0,4,Dark,Clear,Industry,Light loco(s),6,27272,732,28004,H303,40.216323000000003,-83.331897999999995
NS,120604,2016-05-22,3:35 PM,Derailment,0,PRINCETON,IN,80.0,2,Day,Clear,Yard,Freight Train,7,2180,11491,13671,M101,38.342193000000002,-87.565398999999999
CWRO,201783,2017-12-28,4:30 PM,Raking collision,0,CLEVELAND,OH,15.0,2,Day,Cloudy,Industry,Yard/switching,5,20000,250,20250,H401,41.467258000000001,-81.676253000000003
CSX,000212450,2023-07-21,11:20 PM,Derailment,0,WEST SPRINGFIELD,MA,78.0,4,Dark,Clear,Yard,Freight Train,8,94347,112,94459,H505,42.098514999999999,-72.620806000000002
WC,1012008,2019-09-08,11:10 AM,Derailment,0,GARY,IN,64.0,2,Day,Cloudy,Yard,Freight Train,5,26400,50000,76400,H702,41.633617000000001,-87.399762999999993
NS,145732,2022-07-02,3:08 AM,Other impacts,0,CHARLOTTE,NC,70.0,4,Dark,Clear,Industry,Single Car,2,8000,0,20940,H018,35.157558999999999,-80.876851000000002
NJTR,201509548,2015-09-14,6:45 PM,Other (describe in narrative),0,HARRISON,NJ,70.0,2,Day,Clear,Main,EMU,35,37840,13622,51462,E78L,40.744031999999997,-74.158754000000002
CRSH,142902,2021-09-20,9:45 PM,Derailment,0,NEWARK,NJ,70.0,4,Dark,Clear,Yard,,0,0,14092,70092,H506,40.688727999999998,-74.162056000000007
IC,1046725,2020-09-01,12:05 AM,Derailment,0,BOURBONNAIS,IL,75.0,4,Dark,Clear,Yard,Cut of cars,1,101614,1981,103595,H020,41.183157000000001,-87.853804999999994
CSX,000148856,2015-07-06,10:30 PM,Broken train collision,0,CUMBERLAND,MD,70.0,4,Dark,Rain,Yard,Cut of cars,0,0,0,22822,S102,39.626607,-78.738851999999994
CSX,000152539,2015-09-28,2:06 PM,Other impacts,0,CINCINNATI,OH,80.0,2,Day,Clear,Yard,Single Car,13,12229,0,13311,S016,39.104323000000001,-84.538946999999993
CSX,000141979,2015-02-20,1:30 AM,Side collision,0,BIRMINGHAM,AL,21.0,4,Dark,Cloudy,Yard,Cut of cars,3,107208,21942,209853,H020,33.513494999999999,-86.803837000000001
KCS,17072203,2017-07-22,10:12 PM,Derailment,0,KANSAS CITY,KS,80.0,4,Dark,Rain,Main,Freight Train,4,100165,0,110165,M404,39.084296999999999,-94.610793999999999
UP,0117KC011,2017-01-22,6:22 PM,Other impacts,0,KANSAS CITY,KS,40.0,4,Dark,Cloudy,Yard,Freight Train,4,1188,0,16663,H602,39.130499,-94.611553000000001
KCS,15070701,2015-07-07,5:20 AM,Derailment,0,SHREVEPORT,LA,78.0,4,Dark,Clear,Yard,Yard/switching,3,281,17040,17321,H702,32.540322000000003,-93.839538000000005
IHB,2674,2021-03-18,8:25 AM,Side collision,0,RIVERDALE,IL,37.0,2,Day,Rain,Yard,Cut of cars,0,4100,0,34100,M105,41.639498000000003,-87.654897000000005
LI,76431,2022-01-30,5:36 PM,Other (describe in narrative),0,BALDWIN,NY,17.0,3,Dusk,Clear,Main,EMU,60,10870,22587,33457,M509,40.656742999999999,-73.608901000000003
CSX,000173951,2018-01-10,3:40 AM,Derailment,0,SELKIRK,NY,36.0,4,Dark,Cloudy,Yard,Yard/switching,8,49655,188,49843,M411,42.565902999999999,-73.854184000000004
CSX,000183100,2019-05-21,12:00 PM,Derailment,0,SELKIRK,NY,59.0,2,Day,Clear,Yard,Freight Train,7,35307,2000,37307,T221,42.565902999999999,-73.854184000000004
CSX,000208583,2022-11-29,8:24 PM,Side collision,0,BUFFALO,NY,45.0,4,Dark,Cloudy,Yard,Yard/switching,5,52617,0,61199,H306,42.901926000000003,-78.773365999999996
CRSH,140159,2021-01-01,4:00 AM,Other impacts,0,NEWARK,NJ,37.0,1,Dawn,Clear,Yard,Yard/switching,5,915,500,168153,H317,40.706693000000001,-74.133706000000004
NS,153722,2023-07-27,3:30 AM,Side collision,0,BELLEVUE,OH,71.0,4,Dark,Cloudy,Yard,Freight Train,0,22100,12445,50295,H305,41.293017999999996,-82.783057999999997
NS,124392,2017-03-20,1:00 AM,Derailment,0,FORT VALLEY,GA,40.0,4,Dark,Clear,Main,Freight Train,5,1200,24135,25335,E0HC,32.558556000000003,-83.877813000000003
BNSF,MT0922103,2022-09-11,10:45 AM,Derailment,0,GREAT FALLS,MT,85.0,2,Day,Clear,Yard,Yard/switching,3,27500,3200,30700,H307,47.502200999999999,-111.322731
ATK,171073,2022-05-01,8:12 PM,Other (describe in narrative),0,SECAUCUS,NJ,50.0,4,Dark,Cloudy,Main,,0,0,4808,18270,E78L,40.770603999999999,-74.055284
BNSF,SW0715104,2015-07-14,5:35 PM,Derailment,0,VAUGHN,NM,74.0,3,Dusk,Clear,Main,Freight Train,30,3900,222000,225900,E65C,34.49156,-104.916983
BNSF,PR0717118,2017-07-05,6:35 PM,Derailment,0,DENVER,CO,75.0,3,Dusk,Clear,Main,Freight Train,8,1000,0,68239,H994,39.803334999999997,-105.01722700000001
NOPB,NOPB00065F,2024-02-21,8:00 PM,Raking collision,0,NEW ORLEANS,LA,65.0,4,Dark,Clear,Yard,Freight Train,0,17000,0,17300,H307,29.915839999999999,-90.104179999999999
UP,0418PR008,2018-04-07,8:00 AM,Other impacts,0,MELROSE PARK,IL,35.0,2,Day,Cloudy,Yard,Single Car,0,1474,0,12916,M411,41.897405999999997,-87.898368000000005
CSX,000162661,2016-09-05,10:27 AM,Other impacts,0,BIRMINGHAM,AL,88.0,2,Day,Clear,Yard,Light loco(s),4,11471,0,14471,H607,33.543607000000002,-86.790088999999995
BNSF,SW0424105,2024-04-18,11:38 AM,Derailment,0,BELEN,NM,80.0,2,Day,Clear,Main,Freight Train,3,184346,12158,196504,H701,34.625422999999998,-106.77490899999999
BNSF,CH0720104,2020-07-09,7:10 PM,Derailment,0,GALESBURG,IL,85.0,3,Dusk,Cloudy,Yard,Freight Train,6,24000,3200,27200,S011,40.911223,-90.380121000000003
CSX,000148676,2015-07-02,3:30 AM,Other impacts,0,MOBILE,AL,74.0,4,Dark,Cloudy,Yard,Cut of cars,2,32631,0,66823,H021,30.708349999999999,-88.045877000000004
CSX,000144737,2015-04-07,11:45 PM,Derailment,0,CLEVELAND,OH,45.0,4,Dark,Rain,Yard,Freight Train,5,24125,6000,30125,M405,41.568365,-81.563248000000002
MNCW,68574,2018-10-10,1:25 AM,Other impacts,0,STAMFORD,CT,65.0,4,Dark,Clear,Yard,Cut of cars,1,20852,0,41704,E31C,41.050114999999998,-73.531769999999995
FEC,X44082324,2024-08-23,12:25 PM,Hwy-rail crossing,0,POMPANO BEACH,FL,88.0,2,Day,Cloudy,Main,,0,0,782,15282,M308,26.261600000000001,-80.114478000000005
LI,80568,2023-08-28,3:03 PM,Derailment,0,RICHMOND HILL,NY,76.0,2,Day,Cloudy,Yard,Yard/switching,3,4325,9406,13731,M405,40.697090000000003,-73.822090000000003
IORY,IOR204422D,2022-09-26,12:55 PM,Derailment,0,READING,OH,72.0,2,Day,Clear,Yard,Freight Train,7,9446,2100,11546,E04C,39.230905999999997,-84.436800000000005
CSX,000150715,2015-08-16,2:20 AM,Derailment,0,EAST SYRACUSE,NY,65.0,4,Dark,Clear,Yard,Yard/switching,5,37116,907,38023,H523,43.067106000000003,-76.048455000000004
IC,927058,2017-06-24,1:00 AM,Derailment,0,JOLIET,IL,60.0,4,Dark,Clear,Yard,Freight Train,2,38229,15486,53715,H704,41.540869000000001,-88.060064999999994
LI,77019,2022-04-25,7:44 PM,Obstruction,0,NEW YORK -QUEENS,NY,54.0,3,Dusk,Cloudy,Main,EMU,40,173622,0,173622,M503,40.752915999999999,-73.842645000000005
ATK,181191,2024-07-16,6:00 PM,Obstruction,0,STONY POINT,NY,0.0,2,Day,Rain,Main,Passenger Train - Pulling,75,15500,0,15500,M404,42.509932999999997,-73.702349999999996
MRL,2017005,2017-01-07,10:20 PM,Rear end collision,0,HELENA,MT,18.0,4,Dark,Snow,Yard,Light loco(s),1,11800,0,15800,H307,46.599826,-112.010384
NS,124104,2017-02-25,8:25 PM,Other impacts,0,BELLEVUE,OH,28.0,4,Dark,Clear,Yard,Yard/switching,3,25000,0,37755,H706,41.274422999999999,-82.833569999999995
ATK,174708,2023-05-12,9:22 PM,Other (describe in narrative),0,ROLLINGSTONE,MN,64.0,4,Dark,Cloudy,Main,Passenger Train - Pulling,64,12604,0,12604,E79L,44.158670000000001,-91.811583999999996
AGR,AGR945722,2022-04-06,11:45 AM,Derailment,0,MOBILE,AL,75.0,2,Day,Cloudy,Yard,,0,0,35000,727000,H525,30.719629999999999,-88.051646000000005
UP,0724RM021,2024-07-17,6:30 PM,Derailment,0,POCATELLO,ID,84.0,3,Dusk,Cloudy,Yard,Yard/switching,5,43061,242881,285942,E76L,42.858162,-112.443316
LIRC,0401201901,2019-04-01,12:25 PM,Hwy-rail crossing,0,FRANKLIN,IN,45.0,2,Day,Clear,Main,,0,0,3000,19465,M304,39.520699999999998,-86.066500000000005
MNCW,2018022130,2018-02-21,11:53 AM,Obstruction,0,CROTON ON HUDSON,NY,32.0,2,Day,Clear,Yard,Spec. MoW Equip.,1,2500,9432,11932,H997,41.186489999999999,-73.881219999999999
NS,121711,2016-07-22,10:53 AM,Other impacts,0,BELLEVUE,OH,72.0,2,Day,Clear,Yard,Yard/switching,5,32500,0,32500,M411,41.273353999999998,-82.834598
UP,1216PR012,2016-12-13,1:40 AM,Derailment,0,JOLIET,IL,10.0,4,Dark,Cloudy,Yard,Light loco(s),9,36889,0,61267,H607,41.480598000000001,-88.090050000000005
UP,0515NP018,2015-05-25,3:37 PM,Derailment,0,NORTH PLATTE,NE,70.0,2,Day,Cloudy,Yard,Cut of cars,0,16835,0,93274,H503,41.145248000000002,-100.80843
CSX,000178657,2018-09-08,1:22 PM,Other impacts,0,CINCINNATI,OH,68.0,2,Day,Rain,Yard,Cut of cars,13,25600,0,25600,S014,39.124550999999997,-84.542520999999994
CSX,000218820,2024-06-21,4:00 PM,Derailment,0,SYRACUSE,NY,70.0,2,Day,Clear,Industry,Cut of cars,10,12085,477,12562,M501,43.088647999999999,-76.143439999999998
BNSF,MT0215105,2015-02-18,9:35 PM,Derailment,0,WILLISTON,ND,10.0,4,Dark,Clear,Main,Freight Train,6,3000,130521,133521,H605,48.142997000000001,-103.60723400000001
UP,0522GP002,2022-05-06,8:25 AM,Derailment,0,LEXINGTON,NE,43.0,2,Day,Cloudy,Yard,Freight Train,5,31897,8899,40796,M404,40.772060000000003,-99.724574000000004
MNCW,201993,2019-07-17,1:20 AM,Other (describe in narrative),0,STAMFORD,CT,70.0,4,Dark,Clear,Yard,EMU,3,18138,0,18138,H307,41.048724999999997,-73.534774999999996
NS,120105,2016-04-11,12:15 PM,Derailment,0,AMHERST,OH,38.0,2,Day,Cloudy,Yard,Freight Train,2,16812,3500,20312,H506,41.405802000000001,-82.271144000000007
NS,131121,2018-09-29,10:20 AM,Derailment,0,BELLEVUE,OH,60.0,2,Day,Clear,Yard,Yard/switching,2,7233,13591,20824,M405,41.293227999999999,-82.782681999999994
CSX,000216108,2024-02-10,10:07 AM,Other impacts,0,SELKIRK,NY,46.0,2,Day,Clear,Yard,Cut of cars,4,111746,0,206176,M407,42.575699999999998,-73.936000000000007
CSX,000158076,2016-03-12,5:26 PM,Derailment,0,MARBURY,AL,78.0,3,Dusk,Clear,Main,Freight Train,11,13211,377,13588,E22C,32.697823,-86.463081000000003
NS,129141,2018-04-13,3:45 AM,Derailment,0,BELLEVUE,OH,48.0,4,Dark,Clear,Yard,Yard/switching,4,18100,0,21500,H99E,41.288305999999999,-82.801342000000005
NS,133648,2019-04-21,6:00 PM,Other impacts,0,MINGO JUNCTION,OH,57.0,3,Dusk,Cloudy,Yard,Cut of cars,0,274970,25000,303570,H305,40.297051000000003,-80.616662000000005
NS,125018,2017-05-11,4:05 PM,Other impacts,0,IRONDALE,AL,82.0,3,Dusk,Clear,Yard,Yard/switching,10,350,800,109450,M408,33.548904999999998,-86.67801
FGLK,12112015,2015-12-11,7:00 PM,Derailment,0,WATERLOO,NY,50.0,4,Dark,Clear,Yard,Freight Train,3,10000,4496,18396,H306,42.877091999999998,-76.961614999999995
BNSF,TC0120111,2020-01-07,8:00 PM,Derailment,0,DULUTH,MN,9.0,3,Dusk,Snow,Yard,Yard/switching,10,13965,1000,15600,H703,46.728585000000002,-92.166863000000006
CSX,000196275,2021-03-13,9:20 AM,Derailment,0,MARYSVILLE,OH,40.0,2,Day,Clear,Industry,Freight Train,6,49632,2506,52138,M599,40.308492000000001,-83.449015000000003
UP,0717FW015,2017-07-13,10:30 PM,Derailment,0,PARSONS,KS,71.0,4,Dark,Rain,Yard,Freight Train,0,59788,0,111108,H307,37.337569999999999,-95.264826999999997
LSI,64167,2015-03-01,1:00 AM,Other impacts,0,PALMER,MI,9.0,4,Dark,Clear,Industry,Light loco(s),7,48123,0,48123,H302,46.431145999999998,-87.629107000000005
BNSF,NE0715100,2015-07-03,3:30 PM,Derailment,0,FREMONT,NE,88.0,2,Day,Clear,Main,Freight Train,18,37500,3700,41200,E24C,41.493887999999998,-96.465968000000004
CSX,000180176,2018-12-05,5:45 AM,Other impacts,0,CINCINNATI,OH,30.0,1,Dawn,Snow,Yard,Cut of cars,17,19500,0,19500,M407,39.124550999999997,-84.542520999999994
BNSF,KS0922107,2022-09-16,1:05 PM,Side collision,0,KANSAS CITY,KS,82.0,2,Day,Clear,Yard,Yard/switching,0,188254,2500,271586,M407,39.082172,-94.677798999999993
NS,129610,2018-05-25,5:30 PM,Derailment,0,ELKHART,IN,82.0,3,Dusk,Clear,Yard,Yard/switching,4,5046,0,13102,H306,41.67736,-85.978494999999995
NS,155166,2023-12-28,5:25 AM,Derailment,0,GREENSBORO,NC,40.0,1,Dawn,Clear,Yard,Freight Train,5,13100,10500,23600,H702,36.059927999999999,-79.842014000000006
UP,0919HL015,2019-09-13,1:58 PM,Derailment,0,KANSAS CITY,MO,73.0,2,Day,Clear,Yard,Yard/switching,7,203,62860,63063,H702,39.113906,-94.481136000000006
NS,127045,2017-10-17,12:45 AM,Derailment,0,MUSCLE SHOALS,AL,52.0,4,Dark,Clear,Yard,Yard/switching,2,5208,14204,19412,S007,34.712550999999998,-87.616781000000003
BNSF,SW0324203,2024-03-17,9:57 AM,Hwy-rail crossing,0,CLOVIS,NM,45.0,2,Day,Rain,Main,Single Car,25,30470,0,30470,M399,34.395820000000001,-103.17827
CSX,000197251,2021-04-27,3:05 AM,Other impacts,0,TOLEDO,OH,50.0,4,Dark,Cloudy,Yard,Yard/switching,4,19168,0,19168,H312,41.589930000000003,-83.496859999999998
UP,0418PR008,2018-04-07,8:00 AM,Other impacts,0,MELROSE PARK,IL,35.0,2,Day,Cloudy,Yard,Single Car,0,10782,660,12916,M411,41.897405999999997,-87.898368000000005
IC,1029697,2020-03-14,5:05 PM,Side collision,0,MARKHAM,IL,32.0,2,Day,Cloudy,Yard,Yard/switching,5,2500,0,12000,H318,41.595022,-87.650822000000005
NS,151160,2022-10-14,6:20 AM,Derailment,0,SOUTHMONT,NC,68.0,1,Dawn,Clear,Yard,Single Car,4,75,11702,11777,H312,35.737929000000001,-80.334175000000002
NS,136457,2019-12-09,11:30 AM,Other impacts,0,DECATUR,IL,35.0,2,Day,Clear,Yard,Single Car,0,26000,0,38402,H312,39.853752999999998,-88.912250999999998
BNSF,RD0422109,2022-04-14,2:00 AM,Derailment,0,AVONDALE,LA,70.0,4,Dark,Rain,Yard,Freight Train,6,9813,25662,35475,H607,29.916888,-90.186858000000001