reportingrailroadcode,accidentnumber,date,time,accidenttype,hazmatreleasedcars,station,stateabbr,temperature,visibility_code,visibility,weathercondition,tracktype,equipmenttype,trainspeed,equipmentdamagecost,trackdamagecost,totaldamagecost,primaryaccidentcausecode,latitude,longitude
UP,1119GC007,2019-11-06,2:19 AM,Other impacts,0,LIVONIA,LA,57.0,4,Dark,Clear,Yard,Yard/switching,2,13533,0,21607,S007,30.525511999999999,-91.555721000000005
IC,1136282,2023-07-12,8:50 AM,Derailment,0,LEMONT,IL,73.0,2,Day,Clear,Industry,Freight Train,4,12000,250,12250,H704,41.728451,-87.884215999999995
CSX,000189214,2020-03-19,4:44 AM,Side collision,0,SELKIRK,NY,39.0,1,Dawn,Rain,Yard,Yard/switching,7,11578,0,11723,H995,42.565902999999999,-73.854184000000004
NS,123133,2016-12-13,11:35 AM,Derailment,0,DECATUR,IL,23.0,2,Day,Cloudy,Yard,Yard/switching,6,11609,0,11609,M204,39.851596999999998,-88.924660000000003
NS,138430,2020-07-06,3:20 AM,Derailment,0,BELLEVUE,OH,78.0,4,Dark,Clear,Yard,Yard/switching,1,10619,1200,11819,H506,41.292310000000001,-82.784211999999997
MNCW,2018032750,2018-03-27,2:52 AM,Other impacts,0,CROTON ON HUDSON,NY,42.0,4,Dark,Clear,Yard,Cut of cars,1,24085,0,24085,E31C,41.118715000000002,-73.882715000000005
CSX,000143422,2015-03-21,9:05 PM,Other impacts,0,WAYCROSS,GA,70.0,4,Dark,Cloudy,Yard,Cut of cars,0,1523,0,33019,M407,31.213524,-82.353588999999999
IHB,2320,2017-06-20,2:25 AM,Derailment,0,RIVERDALE,IL,58.0,4,Dark,Clear,Yard,Yard/switching,6,11494,66835,78329,M405,41.639569999999999,-87.642099999999999
UP,0523HL031,2023-05-25,11:34 AM,Derailment,0,KANSAS CITY,KS,74.0,2,Day,Clear,Yard,Yard/switching,1,4684,55302,100760,M203,39.097462999999998,-94.665904999999995
MNCW,80465,2023-08-02,9:49 AM,Other (describe in narrative),0,NEW YORK NEW YORK,NY,58.0,2,Day,Clear,Main,EMU,6,0,35632,35632,H221,40.753152,-73.977379999999997
UP,1215NP013,2015-12-12,12:13 PM,Other impacts,0,NORTH PLATTE,NE,35.0,2,Day,Cloudy,Yard,Yard/switching,4,3631,0,13652,M411,41.146422000000001,-100.8416
CSX,000188572,2020-02-20,7:19 PM,Hwy-rail crossing,0,LIVERPOOL,NY,20.0,4,Dark,Cloudy,Main,Spec. MoW Equip.,5,16500,0,16500,M302,43.150778000000003,-76.203149999999994
CP,1000230019,2015-06-28,1:50 PM,Derailment,0,MINNEAPOLIS,MN,82.0,2,Day,Cloudy,Yard,Freight Train,6,84967,175,85142,H503,45.020561000000001,-93.262133000000006
NS,116818,2015-05-30,3:15 AM,Raking collision,0,BRADY LAKE,OH,55.0,4,Dark,Clear,Main,Cut of cars,0,0,5,20485,E83C,41.202987999999998,-81.376418999999999
TCWR,TCW082316A,2016-08-23,10:40 PM,Derailment,0,DANUBE,MN,65.0,4,Dark,Rain,Industry,Yard/switching,5,6657,17940,24597,H702,44.793770000000002,-95.100868000000006
BNSF,HL0117106,2017-01-05,9:43 PM,Derailment,0,MOUNTAIN GROVE,MO,17.0,4,Dark,Cloudy,Main,Freight Train,9,380826,185000,565826,M101,37.126108000000002,-92.289344
BNSF,TC1220104,2020-12-27,12:40 PM,Derailment,0,FRIDLEY,MN,24.0,2,Day,Snow,Yard,Yard/switching,7,59417,9600,69017,S007,45.042940999999999,-93.272576000000001
LI,EQ20150701,2015-07-03,11:51 PM,Derailment,0,BABYLON,NY,69.0,4,Dark,Clear,Yard,EMU,5,631000,13000,644000,M405,40.706048000000003,-73.311667999999997
CSX,000159589,2016-05-07,10:45 AM,Derailment,0,CASTLEBERRY,AL,80.0,2,Day,Clear,Main,Freight Train,46,99195,152604,251799,E62C,31.329139999999999,-87.019998999999999
CIND,CIN838521O,2021-06-18,8:00 PM,Derailment,0,CLEVES,OH,73.0,2,Day,Cloudy,Main,,0,0,33744,120206,M204,39.169722,-84.774444000000003
UP,0220HL005,2020-02-05,5:30 AM,Other impacts,0,KANSAS CITY,KS,29.0,1,Dawn,Cloudy,Yard,Yard/switching,4,29495,0,30655,H308,39.095759999999999,-94.656809999999993
NS,127780,2017-12-15,3:24 AM,Derailment,0,OREGON,OH,17.0,4,Dark,Clear,Yard,Yard/switching,0,16850,1000,35024,E39C,41.663389000000002,-83.467410999999998
CSX,000180577,2019-01-02,8:20 PM,Other impacts,0,WAYCROSS,GA,29.0,4,Dark,Clear,Yard,Cut of cars,4,72000,1884,73884,M411,31.213524,-82.353588000000002
CSX,000217791,2024-05-03,10:00 PM,Side collision,0,CUMBERLAND,MD,55.0,4,Dark,Rain,Yard,Yard/switching,4,175913,0,183063,H702,39.644506999999997,-78.760868000000002
NS,140147,2021-01-03,3:07 AM,Derailment,0,BELLEVUE,OH,34.0,4,Dark,Rain,Yard,Yard/switching,0,1300,18700,20000,H504,41.292920000000002,-82.783218000000005
BNSF,HL0916111,2016-09-26,10:46 AM,Derailment,0,BIRMINGHAM,AL,90.0,2,Day,Clear,Yard,Yard/switching,10,40411,125000,165411,H307,33.528395000000003,-86.846902999999998
NS,129511,2018-05-18,1:30 PM,Other (describe in narrative),0,SLOAN,NY,72.0,2,Day,Clear,Yard,Yard/switching,3,12205,121,12326,H702,42.888072999999999,-78.788195999999999
NS,152004,2023-01-14,4:00 PM,Other impacts,0,LEXINGTON,NC,60.0,3,Dusk,Clear,Yard,Single Car,4,50000,2390,80890,H312,35.750594,-80.318290000000005
CSX,000141585,2015-02-17,2:05 AM,Derailment,0,TARRANT CITY,AL,25.0,4,Dark,Clear,Yard,Yard/switching,8,360008,6314,366322,H021,33.513494999999999,-86.803837000000001
UP,0124GP015,2024-01-13,1:52 PM,Derailment,0,NORTH PLATTE,NE,-15.0,2,Day,Cloudy,Yard,Yard/switching,10,11854,7100,18954,M101,41.149859999999997,-100.809822
NJTR,201507411,2015-07-07,10:30 AM,Other (describe in narrative),0,HOBOKEN,NJ,83.0,2,Day,Clear,Yard,Yard/switching,5,11000,1000,12000,H599,40.734926000000002,-74.033822999999998
NJTR,201612580,2016-12-04,12:40 PM,Derailment,0,HOBOKEN,NJ,45.0,2,Day,Clear,Main,Commuter Train - Pushing,11,14000,0,14000,E69C,40.734816000000002,-74.030862999999997
NS,140135,2020-12-31,6:00 PM,Derailment,0,BELLEVUE,OH,28.0,3,Dusk,Clear,Yard,Cut of cars,0,4700,0,1639062,H508,41.297936,-82.760942
NJTR,201702059,2017-02-17,12:01 AM,Other impacts,0,RARITAN,NJ,27.0,4,Dark,Clear,Yard,Yard/switching,3,33142,3850,71984,H020,40.570281999999999,-74.643300999999994
ATK,159829,2019-07-01,2:45 PM,Fire/violent rupture,0,HAMILTON SQUARE,NJ,82.0,2,Day,Clear,Main,Spec. MoW Equip.,0,3500000,0,3500000,E99L,40.255616000000003,-74.703804000000005
BNSF,SW0921114,2021-09-27,10:32 AM,Derailment,0,LOVING,NM,90.0,2,Day,Clear,Industry,Freight Train,9,58680,0,58680,H307,32.418335999999996,-103.93366
CSX,000208583,2022-11-29,8:24 PM,Side collision,0,BUFFALO,NY,45.0,4,Dark,Cloudy,Yard,Yard/switching,5,7128,1454,61199,H306,42.901926000000003,-78.773365999999996
NS,139485,2020-10-20,2:42 PM,Hwy-rail crossing,0,PAYNE,OH,45.0,2,Day,Cloudy,Main,Freight Train,39,78480,0,78480,M303,41.077688000000002,-84.803346000000005
CSX,000150076,2015-07-30,9:25 AM,Side collision,0,BIRMINGHAM,AL,90.0,2,Day,Clear,Yard,Yard/switching,0,0,175900,175900,H020,33.513494999999999,-86.803837000000001
BNSO,BNSO101910,2019-10-20,12:30 PM,Derailment,0,CHICAGO,IL,59.0,2,Day,Cloudy,Yard,Passenger Train - Pulling,10,10000,0,20000,H703,41.868380000000002,-87.637715999999998
BNSF,CH0923202,2023-09-11,8:53 AM,Hwy-rail crossing,0,MENDON,MO,65.0,1,Dawn,Cloudy,Main,Freight Train,69,18939,0,18939,M302,39.593488000000001,-93.135909999999996
ALS,0723AS017,2023-07-19,8:00 AM,Derailment,0,EAST ST LOUIS,IL,80.0,2,Day,Clear,Yard,Yard/switching,10,5700,19100,24800,H507,38.583497999999999,-90.139139999999998
LI,77943,2022-09-08,9:29 AM,Hwy-rail crossing,0,PATCHOGUE,NY,72.0,2,Day,Clear,Main,Passenger Train - Pulling,40,3375,11825,15200,M399,40.770153999999998,-72.963887
NS,128770,2018-03-08,10:05 AM,Obstruction,0,JASPER,AL,65.0,2,Day,Clear,Main,Spec. MoW Equip.,0,4000,0,13000,H997,33.800229000000002,-87.283700999999994
UP,0519ES039,2019-05-21,10:20 AM,Hwy-rail crossing,0,STANWOOD,IA,47.0,2,Day,Cloudy,Main,Spec. MoW Equip.,3,13265,0,13265,M302,41.891105000000003,-91.083839999999995
CSX,000200266,2021-09-23,11:50 AM,Other impacts,0,FEURA BUSH,NY,71.0,2,Day,Cloudy,Yard,Cut of cars,5,0,0,14611,M105,42.565902999999999,-73.854184000000004
NS,145779,2022-07-10,8:15 AM,Derailment,0,WHITLEY CITY,KY,77.0,2,Day,Clear,Main,Freight Train,28,257562,96239,353801,H518,36.726781000000003,-84.472001000000006
MNCW,75748,2021-10-14,8:24 PM,Obstruction,0,NEW YORK -BRONX,NY,66.0,4,Dark,Clear,Yard,Work train,7,151197,0,151197,H607,40.872031999999997,-73.907120000000006
CMQX,12162014,2014-12-16,9:30 AM,Derailment,0,HERMON,ME,28.0,2,Day,Snow,Yard,Cut of cars,4,22745,24000,46745,H599,44.810070000000003,-68.91337
CSX,000171122,2017-08-21,2:47 PM,Hwy-rail crossing,0,STOW,OH,87.0,2,Day,Clear,Main,Freight Train,18,15000,32,15032,M302,41.136659000000002,-81.395882
MNCW,73524,2020-11-12,1:48 PM,Derailment,0,NEW YORK NEW YORK,NY,50.0,2,Day,Cloudy,Main,Spec. MoW Equip.,10,21362,1687,23049,H699,40.774707999999997,-73.961342000000002
MNCW,81649,2024-01-15,7:30 PM,Derailment,0,CROTON ON HUDSON,NY,28.0,4,Dark,Clear,Yard,Yard/switching,9,28127,0,28127,H702,41.189121,-73.883215000000007
ALS,20211104,2021-11-04,10:48 PM,Derailment,0,EAST ST LOUIS,IL,39.0,4,Dark,Clear,Yard,Yard/switching,4,15250,5100,20350,M405,38.587420999999999,-90.134840999999994
NS,138991,2020-08-27,4:05 PM,Derailment,0,BELLEVUE,OH,87.0,3,Dusk,Clear,Yard,Yard/switching,3,95631,35563,131194,S011,41.293227999999999,-82.782681999999994
NS,152830,2023-04-16,5:15 PM,Other impacts,0,SOUTHMONT,NC,73.0,3,Dusk,Clear,Yard,Single Car,5,5725,0,18819,H312,35.740859999999998,-80.330499000000003
NS,121827,2016-08-26,12:40 AM,Other impacts,0,IRONDALE,AL,78.0,4,Dark,Clear,Yard,Yard/switching,4,82637,0,164294,S007,33.548904999999998,-86.67801
NS,129685,2018-06-02,6:42 AM,Other (describe in narrative),0,BELLEVUE,OH,60.0,1,Dawn,Clear,Yard,Yard/switching,2,0,14005,14005,H316,41.274422999999999,-82.833569999999995
BNSF,HL1116112,2016-11-23,3:50 AM,Side collision,0,SPRINGFIELD,MO,42.0,4,Dark,Cloudy,Yard,Freight Train,0,16605,0,21805,H307,37.228836000000001,-93.321933000000001
BNSF,SW0918112,2018-09-22,1:58 PM,Derailment,0,LAKE ARTHUR,NM,82.0,2,Day,Clear,Siding,Freight Train,7,330052,40000,370052,T216,32.93038,-104.387191
UP,0815NP010,2015-08-13,3:00 AM,Other impacts,0,NORTH PLATTE,NE,75.0,4,Dark,Clear,Yard,Yard/switching,2,17419,0,34838,S007,41.146796999999999,-100.82390100000001
NS,128387,2018-02-03,1:48 AM,Derailment,2,LOUDONVILLE,OH,11.0,4,Dark,Cloudy,Main,Freight Train,42,315155,320702,635857,T213,40.647497000000001,-82.246258999999995
CSX,000164889,2016-12-05,9:51 AM,Derailment,0,CUYAHOGA HTS,OH,38.0,2,Day,Cloudy,Main,Cut of cars,6,0,0,13044,H302,41.435299999999998,-81.647114999999999
BLF,20245245,2024-08-23,12:25 PM,Hwy-rail crossing,0,POMPANO BEACH,FL,88.0,2,Day,Cloudy,Main,Passenger Train - Pulling,79,14500,0,15282,M308,26.261600000000001,-80.114478000000005
MNCW,75777,2021-10-19,11:30 AM,Obstruction,0,NEW YORK -BRONX,NY,57.0,2,Day,Clear,Main,Spec. MoW Equip.,11,15912,0,32774,H607,40.900770000000001,-73.859155000000001
NS,139135,2020-09-12,12:40 PM,Other (describe in narrative),0,TOLEDO,OH,75.0,2,Day,Clear,Yard,Freight Train,2,903202,36476,939678,H702,41.633383000000002,-83.610917000000001
LI,80381,2023-08-06,3:24 AM,Other (describe in narrative),0,MERRICK,NY,70.0,4,Dark,Clear,Main,EMU,80,23683,0,23683,M599,40.663873000000002,-73.550565000000006
CSX,000201110,2021-11-04,9:40 PM,Derailment,0,AMSTERDAM,NY,35.0,4,Dark,Cloudy,Main,Freight Train,40,20120,100,20220,E53C,42.952955000000003,-74.218492999999995
UP,0220GP002,2020-02-02,12:06 PM,Derailment,0,NORTH PLATTE,NE,67.0,2,Day,Cloudy,Yard,Single Car,11,294,75344,76414,S016,41.148029999999999,-100.84045500000001
ATK,140362,2015-12-09,2:05 AM,Other impacts,0,ISELIN,NJ,34.0,4,Dark,Cloudy,Main,Spec. MoW Equip.,15,0,0,15000,M599,40.533608999999998,-74.386015999999998
CSX,000215397,2024-01-08,12:50 PM,Derailment,0,SELKIRK,NY,37.0,2,Day,Cloudy,Yard,Yard/switching,10,141492,5419,146911,H307,42.575699999999998,-73.936000000000007
PW,PWR071419A,2019-06-05,9:45 PM,Obstruction,0,JEWETT CITY,CT,68.0,2,Day,Clear,Main,Freight Train,35,26000,0,26000,M199,41.580660000000002,-71.992361000000002
BNSF,KS0423111,2023-04-21,1:30 AM,Derailment,0,KANSAS CITY,KS,50.0,4,Dark,Clear,Yard,Yard/switching,3,350,16500,16850,M411,39.0852,-94.686600999999996
BNSF,KS1023107,2023-10-16,12:03 PM,Derailment,0,KANSAS CITY,KS,58.0,2,Day,Clear,Yard,Yard/switching,4,18026,7079,27627,M407,39.082064000000003,-94.677211
CSX,000163366,2016-10-05,9:22 AM,Derailment,0,NEW YORK,NY,56.0,2,Day,Clear,Yard,Yard/switching,10,79108,7180,86288,H503,40.804146000000003,-73.908687
KCS,19110302,2019-11-03,3:20 PM,Other impacts,0,SHREVEPORT,LA,60.0,2,Day,Clear,Yard,Yard/switching,10,261698,208821,526324,E34C,32.527264000000002,-93.826660000000004
NS,151670,2022-12-09,9:55 PM,Hwy-rail crossing,0,N/A,LA,68.0,4,Dark,Cloudy,Main,,0,0,68569,68569,M308,30.224260999999998,-89.819289999999995
UP,1219ME021,2019-12-18,1:15 AM,Derailment,0,NORTH PLATTE,NE,13.0,4,Dark,Clear,Yard,Light loco(s),3,22411,2326,24737,H703,41.149293999999998,-100.833026
CSX,000148458,2015-06-28,9:38 AM,Derailment,0,COLUMBUS,OH,65.0,2,Day,Cloudy,Yard,Yard/switching,4,15000,50,15050,H306,39.970629000000002,-83.015089000000003
UP,0618SL005,2018-06-02,12:15 PM,Fire/violent rupture,0,LA PLATA,MO,78.0,2,Day,Clear,Main,Freight Train,35,326281,0,326281,E79L,40.012371000000002,-92.561922999999993
ATK,151962,2018-02-14,8:01 AM,Hwy-rail crossing,0,SLIDELL,LA,65.0,2,Day,Cloudy,Main,Passenger Train - Pulling,76,46296,0,46296,M304,30.311568999999999,-89.769660000000002
CSX,000166165,2017-01-23,12:06 AM,Derailment,0,SELKIRK,NY,39.0,4,Dark,Clear,Yard,Single Car,4,1837,0,23192,H316,42.565902999999999,-73.854184000000004
BNSF,KS0423113,2023-04-25,12:55 AM,Derailment,0,KANSAS CITY,KS,45.0,4,Dark,Clear,Yard,Yard/switching,3,17294,16500,78173,M407,39.082169999999998,-94.677786999999995
NICD,N1600031,2016-12-19,6:30 AM,Other (describe in narrative),0,CHICAGO,IL,16.0,4,Dark,Clear,Main,Passenger Train - Pulling,60,47474,0,53061,M599,41.809522000000001,-87.591007000000005
CSX,000176234,2018-05-03,7:35 AM,Other (describe in narrative),0,JESUP,GA,68.0,1,Dawn,Clear,Main,Freight Train,60,4000,11316,15316,M204,31.454381999999999,-81.925245000000004
CSX,000192480,2020-09-07,11:42 AM,Derailment,0,ASHTABULA,OH,65.0,2,Day,Cloudy,Yard,Freight Train,10,19464,114,19578,E4BC,41.858629000000001,-80.830794999999995
CSX,000220027,2024-08-19,6:25 AM,Derailment,0,MILLBURY,OH,65.0,1,Dawn,Clear,Main,Yard/switching,7,360322,231565,591887,E34C,41.543902000000003,-83.485656000000006
NS,136549,2019-12-17,6:10 PM,Derailment,0,CORINTH,MS,36.0,3,Dusk,Clear,Yard,,0,0,14916,24036,H524,34.931005999999996,-88.502853000000002
CSX,000194125,2020-11-24,10:50 PM,Other impacts,0,WALBRIDGE,OH,35.0,4,Dark,Cloudy,Yard,Cut of cars,4,2204,0,33801,H318,41.589930000000003,-83.496859999999998
UP,1216SL002,2016-12-05,12:44 PM,Obstruction,0,BRIGHTON,IL,46.0,2,Day,Clear,Siding,Work train,5,100,0,130100,H307,39.056424,-90.122214999999997
GRW,10,2019-07-27,4:40 PM,Derailment,0,GARY,IN,82.0,2,Day,Clear,Industry,Yard/switching,4,57195,18693,75888,E69C,41.614165,-87.329492000000002
BNSF,CH1117110,2017-11-22,12:23 PM,Derailment,0,ELWOOD,IL,33.0,2,Day,Clear,Yard,Yard/switching,3,330719,23000,353719,H504,41.378951999999998,-88.154200000000003
NS,129665,2018-05-31,11:15 AM,Derailment,0,MERIDIAN,MS,72.0,2,Day,Clear,Yard,Yard/switching,2,12659,0,12659,H303,32.359527,-88.711265999999995
NS,132813,2019-02-12,6:40 AM,Hwy-rail crossing,0,STRYKER,OH,26.0,1,Dawn,Sleet,Main,Freight Train,55,28,12000,12028,M303,41.502980999999998,-84.414344999999997
NS,135158,2019-08-19,5:05 AM,Other impacts,0,ELKHART,IN,72.0,1,Dawn,Fog,Yard,Yard/switching,5,848,23721,47545,M408,41.67736,-85.978494999999995
NJTR,201707225,2017-06-16,11:10 PM,Other impacts,0,KEARNY,NJ,75.0,4,Dark,Clear,Yard,Yard/switching,0,15247,0,26595,H212,40.744292000000002,-74.101748000000001
BAYL,BAY890424L,2024-08-06,10:40 AM,Other impacts,0,DOTHAN,AL,86.0,2,Day,Clear,Yard,Light loco(s),12,28000,0,28000,H306,31.216135999999999,-85.384321999999997
TRRA,21040OR,2021-09-29,2:50 PM,Derailment,0,MADISON,IL,81.0,2,Day,Clear,Yard,,0,0,15549,22046,H523,38.676411000000002,-90.164850000000001
NS,139134,2020-09-12,12:09 PM,Derailment,0,CINCINNATI,OH,82.0,2,Day,Clear,Yard,Freight Train,4,33400,72994,106394,H525,39.103146000000002,-84.539738
NS,125018,2017-05-11,4:05 PM,Other impacts,0,IRONDALE,AL,82.0,3,Dusk,Clear,Yard,Cut of cars,3,108300,0,109450,M408,33.548904999999998,-86.67801
NJTR,202301007,2022-12-09,12:40 AM,Side collision,0,PORT JERVIS,NY,45.0,4,Dark,Clear,Yard,Yard/switching,5,27276,0,85578,H307,41.378469000000003,-74.698418000000004
NS,137967,2020-05-16,6:35 AM,Hwy-rail crossing,0,OLD FORT,OH,53.0,1,Dawn,Fog,Main,Freight Train,49,14100,1200,15300,M308,41.237532000000002,-83.168098000000001
LI,75658,2021-10-02,11:05 AM,Derailment,0,RICHMOND HILL,NY,75.0,2,Day,Clear,Yard,Light loco(s),2,157491,17795,175286,H017,40.680610000000001,-73.815640000000002
IORY,IOR462720O,2020-06-23,12:30 PM,Derailment,0,CINCINNATI,OH,80.0,2,Day,Cloudy,Main,,0,0,18945,238774,E40C,39.248745999999997,-84.815619999999996
UP,0815NP010,2015-08-13,3:00 AM,Other impacts,0,NORTH PLATTE,NE,75.0,4,Dark,Clear,Yard,Single Car,0,17419,0,34838,S007,41.146796999999999,-100.82390100000001
IC,842048,2015-02-27,9:05 AM,Derailment,0,MOBILE,AL,40.0,2,Day,Clear,Yard,Yard/switching,8,18472,950,19422,H703,30.704080999999999,-88.044453000000004
NS,144596,2022-03-04,6:05 PM,Other impacts,0,IRONDALE,AL,66.0,3,Dusk,Clear,Yard,Single Car,0,250,1111,16361,H019,33.548904999999998,-86.678008000000005
CSX,000202991,2022-02-09,5:48 AM,Derailment,0,BUFFALO,NY,31.0,4,Dark,Clear,Yard,Yard/switching,8,80962,3210,84172,E34C,42.901926000000003,-78.773365999999996
NS,132539,2019-01-21,1:38 PM,Hwy-rail crossing,0,GARY,IN,10.0,2,Day,Clear,Main,,0,0,0,18075,M302,41.624851,-87.394034000000005
IC,917954,2017-04-02,10:06 AM,Hwy-rail crossing,0,DANFORTH,IL,50.0,2,Day,Clear,Main,,0,0,540,34658,M302,40.795977999999998,-87.987669999999994
RASX,FRAR631,2015-11-13,5:25 PM,Raking collision,0,CINCINNATI,OH,72.0,3,Dusk,Clear,Yard,Yard/switching,2,85000,0,85000,H302,39.178078999999997,-84.500460000000004
NS,141332,2021-04-23,9:37 PM,Derailment,0,OREGON,OH,43.0,4,Dark,Clear,Main,Freight Train,8,9261,27851,37112,E41C,41.64499,-83.429294999999996
CSX,000148132,2015-06-19,9:17 AM,Hwy-rail crossing,0,MINFORD,OH,80.0,2,Day,Clear,Main,Freight Train,29,286,12575,12861,M302,38.848565000000001,-82.855717999999996
CSX,000208915,2022-12-20,7:50 PM,Derailment,0,CINCINNATI,OH,28.0,3,Dusk,Clear,Yard,Yard/switching,7,207410,190310,397720,E04C,39.136408000000003,-84.542399000000003
MNCW,201911,2019-01-26,1:30 AM,Obstruction,0,MOUNT VERNON,NY,30.0,4,Dark,Clear,Main,Commuter Train - Pulling,50,6127,7200,13327,H999,40.912084999999998,-73.832210000000003
NJTR,202202071,2022-01-17,5:20 AM,Derailment,0,PORT JERVIS,NY,21.0,4,Dark,Clear,Yard,Commuter Train - Pushing,5,10557,0,16578,H607,41.376185999999997,-74.695775999999995
UP,0520GP026,2020-05-25,10:30 PM,Side collision,0,NORTH PLATTE,NE,53.0,4,Dark,Clear,Yard,Yard/switching,5,1372,2100,67297,M408,41.143937000000001,-100.78561500000001
KO,20161113,2016-11-12,3:00 AM,Raking collision,0,WICHITA,KS,50.0,4,Dark,Clear,Main,Freight Train,4,60000,0,60000,H310,37.582700000000003,-97.419522000000001
NYSW,221116SD2,2022-11-16,6:34 PM,Obstruction,0,SPARTA,NJ,44.0,3,Dusk,Cloudy,Main,Freight Train,29,14550,0,14550,M404,41.048124999999999,-74.621644000000003
BNSF,SW0221103,2021-02-16,10:30 AM,Derailment,0,BELEN,NM,32.0,2,Day,Snow,Yard,Light loco(s),8,500,25000,25500,H702,34.679690000000001,-106.77515200000001
CSX,000216193,2024-02-13,9:25 AM,Other impacts,0,SELKIRK,NY,35.0,2,Day,Clear,Yard,Cut of cars,19,12058,0,24116,M407,42.575699999999998,-73.936000000000007
LI,76602,2022-02-22,6:55 AM,Other (describe in narrative),0,FOREST HILLS,NY,37.0,1,Dawn,Clear,Main,EMU,55,30706,0,30706,M509,40.719600999999997,-73.844824000000003
CP,1000239418,2015-07-18,7:30 AM,Other impacts,0,ST PAUL,MN,71.0,1,Dawn,Cloudy,Yard,Cut of cars,2,588,150,24274,H020,44.936892999999998,-93.038182000000006
BNSF,PR0920101,2020-09-01,4:30 PM,Derailment,0,BRIDGEPORT,NE,80.0,2,Day,Clear,Main,Freight Train,20,18544,4111,22655,E71L,41.691643999999997,-103.116922
PATH,10202202,2022-10-24,1:34 AM,Head on collision,0,HARRISON,NJ,57.0,4,Dark,Rain,Yard,EMU,8,41854,0,41854,H211,40.741152999999997,-74.141830999999996
BNSF,KS0223101,2023-02-07,10:26 AM,Derailment,0,KANSAS CITY,KS,50.0,2,Day,Clear,Yard,Yard/switching,3,31033,0,43839,M407,39.082185000000003,-94.677828000000005
UP,0919ME008,2019-09-09,1:00 PM,Other (describe in narrative),0,DE SOTO,MO,88.0,2,Day,Clear,Yard,Light loco(s),1,0,11234,11234,H702,38.145040000000002,-90.551001999999997
IHB,2344,2017-08-27,5:50 PM,Other impacts,0,RIVERDALE,IL,75.0,2,Day,Clear,Yard,Cut of cars,5,34000,145,34145,S016,41.639595,-87.655229000000006
NS,138822,2020-08-10,6:25 PM,Derailment,0,PORTSMOUTH,OH,80.0,3,Dusk,Clear,Yard,Yard/switching,5,30251,0,549915,E34C,38.736963000000003,-82.956996000000004
NS,151298,2022-10-27,1:30 PM,Derailment,0,SPENCER,NC,70.0,2,Day,Clear,Yard,Yard/switching,10,443332,0,443332,H306,35.733094999999999,-80.340238999999997
BNSF,TC0315108,2015-03-07,9:00 AM,Other impacts,0,MINNEAPOLIS,MN,30.0,2,Day,Clear,Yard,Yard/switching,10,48200,0,48200,M407,45.033861000000002,-93.271737000000002
CSX,000148631,2015-06-30,8:00 PM,Derailment,0,CUMBERLAND,MD,72.0,4,Dark,Clear,Yard,Single Car,5,11334,6781,18115,M204,39.645924000000001,-78.759692000000001
MNCW,2019156,2019-10-14,10:45 AM,Rear end collision,0,NORWALK,CT,60.0,2,Day,Clear,Main,Spec. MoW Equip.,10,0,0,21084,H607,41.133485,-73.425110000000004
KCS,19111102,2019-11-11,7:30 PM,Other impacts,0,WESTLAKE,LA,72.0,4,Dark,Rain,Industry,Freight Train,2,9572,0,43598,H021,30.239678000000001,-93.286053999999993
BNSF,PR0418115,2018-04-21,8:25 AM,Rear end collision,0,BRIDGEPORT,NE,40.0,1,Dawn,Rain,Main,Light loco(s),12,2000,0,25000,H601,41.712200000000003,-103.15284200000001
NYSW,180602A,2018-06-02,2:20 PM,Derailment,0,SYRACUSE,NY,77.0,2,Day,Cloudy,Industry,Freight Train,10,46523,0,81038,E35C,43.061348000000002,-76.192284999999998
MNCW,201973,2019-06-20,7:05 AM,Obstruction,0,NORWALK,CT,70.0,1,Dawn,Clear,Main,EMU,39,14854,0,14904,H999,41.109786,-73.391396999999998
IORY,IOR724024D,2024-03-05,5:04 PM,Derailment,0,GEYER,OH,63.0,2,Day,Cloudy,Main,Freight Train,25,41731,0,41731,E46C,40.500422999999998,-84.059832
CPKC,1001954852,2023-08-29,6:15 PM,Hwy-rail crossing,0,NOYES,MN,75.0,3,Dusk,Clear,Main,Freight Train,37,11961,2239,14200,M302,48.963135000000001,-97.062676999999994
BNSF,KS0820112,2020-08-28,7:16 AM,Derailment,0,KANSAS CITY,KS,78.0,1,Dawn,Clear,Yard,Yard/switching,2,53252,65288,118540,H313,39.083179999999999,-94.682118000000003
TSWS,911166002,2016-12-13,1:30 AM,Side collision,0,JOLIET,IL,19.0,4,Dark,Clear,Yard,Light loco(s),3,15000,10000,35000,H399,41.481307000000001,-88.097787999999994
NS,126727,2017-09-21,5:00 PM,Derailment,0,BELLEVUE,OH,86.0,3,Dusk,Clear,Yard,Yard/switching,1,45460,500,75960,H306,41.274422999999999,-82.833569999999995
ATK,168047,2021-08-12,11:28 AM,Obstruction,0,ROMEOVILLE,IL,80.0,2,Day,Clear,Main,Passenger Train - Pulling,74,21337,0,21337,M404,41.644986000000003,-88.048634000000007
LI,80385,2023-08-07,10:18 PM,Derailment,0,RICHMOND HILL,NY,75.0,4,Dark,Cloudy,Yard,Passenger Train - Pulling,5,31750,0,31750,M405,40.696902999999999,-73.821698999999995
NMRX,04182017,2017-04-18,11:15 PM,Derailment,0,LAMY,NM,58.0,4,Dark,Clear,Main,Spec. MoW Equip.,1,164500,0,164500,M201,35.447336999999997,-105.920551