reportingrailroadcode,accidentnumber,date,time,accidenttype,hazmatreleasedcars,station,stateabbr,temperature,visibility_code,visibility,weathercondition,tracktype,equipmenttype,trainspeed,equipmentdamagecost,trackdamagecost,totaldamagecost,primaryaccidentcausecode,latitude,longitude
LI,EQ20171203,2017-12-28,7:08 AM,Derailment,0,BABYLON,NY,13.0,1,Dawn,Clear,Yard,EMU,4,338600,18200,356800,M507,40.705677999999999,-73.312150000000003
CSX,000198461,2021-06-24,3:15 PM,Side collision,0,DEARBORN,MI,82.0,2,Day,Clear,Yard,Freight Train,4,65273,0,66312,H306,42.302762000000001,-83.149685000000005
CSX,000188982,2020-03-06,4:40 AM,Other impacts,0,SELKIRK,NY,29.0,1,Dawn,Clear,Yard,Cut of cars,10,17853,150,18003,M411,42.565902999999999,-73.854184000000004
HRRC,0118,2018-04-10,10:15 AM,Derailment,0,SALISBURY,CT,34.0,2,Day,Cloudy,Main,Freight Train,24,84000,15000,99000,T221,41.933703999999999,-73.389285999999998
ALS,20211012,2021-10-12,3:00 PM,Derailment,0,EAST ST LOUIS,IL,72.0,2,Day,Clear,Yard,,0,0,17182,49709,H526,38.582946999999997,-90.135811000000004
ATK,181649,2024-08-18,1:15 PM,Fire/violent rupture,0,RENSSELAER,NY,0.0,2,Day,Cloudy,Main,Passenger Train - Pulling,10,16125,0,16125,M406,42.626691000000001,-73.744985
NS,135655,2019-09-28,12:50 PM,Derailment,0,LAFAYETTE,IN,72.0,2,Day,Clear,Main,Freight Train,9,1500,11156,12656,H303,40.447924999999998,-86.855728999999997
BEAR,BER745924O,2024-03-28,1:32 AM,Derailment,0,MECHANICVILLE,NY,46.0,4,Dark,Clear,Yard,,0,0,20000,20000,H704,42.912010000000002,-73.704660000000004
LI,80969,2023-10-30,4:30 PM,Derailment,0,RICHMOND HILL,NY,59.0,2,Day,Cloudy,Yard,Yard/switching,4,15662,0,15662,M405,40.697099999999999,-73.822090000000003
WC,1000787,2019-05-13,3:45 PM,Side collision,0,GARY,IN,55.0,2,Day,Clear,Yard,Light loco(s),5,7000,0,14000,H516,41.626099000000004,-87.410920000000004
NS,140598,2021-02-14,10:15 AM,Other impacts,0,DECATUR,IL,0.0,2,Day,Snow,Yard,Single Car,0,16635,0,18428,H318,39.854801000000002,-88.908191000000002
CSX,000184181,2019-07-16,6:17 PM,Other impacts,0,WALBRIDGE,OH,91.0,3,Dusk,Rain,Yard,Yard/switching,0,8024,0,33285,E32C,41.589930000000003,-83.496859999999998
CSX,000197208,2021-04-24,10:45 PM,Side collision,0,CINCINNATI,OH,45.0,4,Dark,Cloudy,Yard,Yard/switching,5,2765,0,41536,H018,39.108302999999999,-84.538432
CSX,000166373,2017-01-30,6:39 AM,Derailment,0,NORTH BALTIMORE,OH,25.0,4,Dark,Clear,Yard,Light loco(s),4,13350,1339,14689,H307,41.182015999999997,-83.684342999999998
SB,SBR061716,2016-08-23,8:15 PM,Derailment,0,BUFFALO,NY,66.0,4,Dark,Clear,Yard,Freight Train,4,38000,2000,40000,E46C,42.846680999999997,-78.842439999999996
CSX,000207515,2022-09-27,4:27 PM,Side collision,0,SELKIRK,NY,68.0,2,Day,Clear,Yard,Yard/switching,7,991,0,71619,H403,42.566077999999997,-73.854462999999996
NS,139999,2020-12-13,5:20 AM,Other impacts,0,BELLEVUE,OH,28.0,1,Dawn,Clear,Yard,Single Car,5,35024,300,36124,H312,41.289406999999997,-82.792542999999995
NS,152830,2023-04-16,5:15 PM,Other impacts,0,SOUTHMONT,NC,73.0,3,Dusk,Clear,Yard,Single Car,0,13094,0,18819,H312,35.740859999999998,-80.330499000000003
NS,123700,2017-01-25,7:00 PM,Derailment,0,IRONDALE,AL,72.0,3,Dusk,Clear,Yard,Light loco(s),8,582,54899,70005,H706,33.548904999999998,-86.67801
NS,141404,2021-04-30,6:18 AM,Hwy-rail crossing,0,ELWOOD,IN,52.0,1,Dawn,Clear,Main,Freight Train,29,101,25000,25101,M303,40.274171000000003,-85.837922000000006
LI,EQ20150306,2015-03-16,12:57 PM,Derailment,0,HUNTINGTON,NY,45.0,2,Day,Clear,Siding,EMU,5,75126,1000,76126,H605,40.849009000000002,-73.416492000000005
MNCW,201984,2019-07-05,7:00 PM,Other (describe in narrative),0,NEW HAVEN,CT,70.0,3,Dusk,Clear,Yard,EMU,1,18138,0,18138,H999,41.297505000000001,-72.923140000000004
BNSF,SW1019101,2019-10-02,7:03 AM,Derailment,0,CLOVIS,NM,65.0,1,Dawn,Rain,Yard,Freight Train,5,26037,2000,28037,T221,34.394623000000003,-103.211333
CSX,000203009,2022-02-09,7:25 PM,Other impacts,0,INDIANAPOLIS,IN,37.0,3,Dusk,Cloudy,Yard,Freight Train,0,20920,300,21798,H503,39.759798000000004,-86.327516000000003
NS,155376,2024-01-16,3:25 PM,Derailment,0,BELLEVUE,OH,9.0,2,Day,Clear,Yard,DMU,10,90537,6000,96537,T221,41.279801999999997,-82.824997999999994
NS,131055,2018-09-23,11:00 PM,Derailment,0,BELLEVUE,OH,72.0,4,Dark,Clear,Yard,Yard/switching,8,170235,30984,201219,E34C,41.292310000000001,-82.784211999999997
ATN,ATN202730,2020-02-25,10:46 PM,Derailment,0,GADSDEN,AL,55.0,4,Dark,Clear,Yard,Freight Train,8,256000,9000,265000,E40C,34.019758000000003,-86.054231000000001
CSX,000168573,2017-04-28,12:30 PM,Side collision,0,WALBRIDGE,OH,60.0,2,Day,Clear,Yard,Yard/switching,0,34138,0,57280,H306,41.589930000000003,-83.496859999999998
NS,151544,2022-11-23,9:04 PM,Other impacts,0,BELLEVUE,OH,35.0,4,Dark,Clear,Yard,Yard/switching,10,44000,1100,50100,M599,41.296230999999999,-82.768606000000005
CSX,000164889,2016-12-05,9:51 AM,Derailment,0,CUYAHOGA HTS,OH,38.0,2,Day,Cloudy,Main,Yard/switching,6,13044,0,13044,H302,41.435299999999998,-81.647114999999999
CSX,000174642,2018-01-24,9:04 AM,Other (describe in narrative),0,CINCINNATI,OH,31.0,2,Day,Snow,Yard,Single Car,16,39433,0,39433,M407,39.124550999999997,-84.542520999999994
WE,240072,2024-08-28,6:50 PM,Derailment,0,BREWSTER,OH,95.0,2,Day,Clear,Yard,Yard/switching,7,30822,22233,53055,M599,40.714906999999997,-81.610600000000005
UP,0322GP012,2022-03-14,2:48 PM,Other impacts,0,NORTH PLATTE,NE,67.0,2,Day,Clear,Yard,Single Car,0,20294,0,20476,M411,41.148164000000001,-100.835578
NS,122685,2016-11-06,6:45 PM,Hwy-rail crossing,0,ATWATER,OH,45.0,3,Dusk,Clear,Main,Freight Train,47,14889,0,14889,M303,41.023681000000003,-81.163550999999998
ATK,171417,2022-05-26,6:35 AM,Other (describe in narrative),0,NEW YORK,NY,51.0,1,Dawn,Clear,Main,,0,0,9715,26033,E78L,40.754506999999997,-74.003118000000001
UP,0122HL014,2022-01-05,9:23 PM,Derailment,0,WICHITA,KS,20.0,4,Dark,Cloudy,Yard,Yard/switching,5,5218,6734,11952,E29C,37.730469999999997,-97.322174000000004
ADCX,21111301D,2021-11-03,12:30 PM,Derailment,0,UTICA,NY,60.0,2,Day,Clear,Yard,Yard/switching,5,30000,0,30064,H212,43.103309000000003,-75.217420000000004
UP,0324MA011,2024-03-10,8:35 AM,Derailment,0,SHREVEPORT,LA,45.0,2,Day,Clear,Yard,Single Car,0,2663,0,32139,T211,32.426022000000003,-93.892793999999995
NS,144261,2022-02-03,6:15 PM,Derailment,0,ELKHART,IN,20.0,3,Dusk,Snow,Yard,Yard/switching,5,10047,10893,20940,E39C,41.677391,-85.978436000000002
RASX,021119,2019-02-11,10:30 AM,Derailment,0,INDIANAPOLIS,IN,30.0,2,Day,Sleet,Industry,Cut of cars,0,41870,2000,43870,E04C,39.742857000000001,-86.17286
ATK,170673,2022-05-21,8:00 PM,Obstruction,0,CARY,NC,79.0,3,Dusk,Cloudy,Main,Passenger Train - Pulling,30,26521,0,26521,M404,35.77937,-78.801259999999999
MNCW,71666,2020-01-02,12:45 AM,Other (describe in narrative),0,NEW HAVEN,CT,35.0,4,Dark,Clear,Yard,Cut of cars,2,42014,0,42014,H399,41.294074999999999,-72.928835000000007
NS,130635,2018-08-19,7:40 AM,Derailment,0,IRONDALE,AL,80.0,1,Dawn,Cloudy,Yard,Yard/switching,1,13332,24788,38120,M405,33.548904999999998,-86.67801
CSX,000216222,2024-02-15,1:12 AM,Side collision,0,BALTIMORE,MD,38.0,4,Dark,Clear,Yard,Light loco(s),0,18733,559,65729,H704,39.275962999999997,-76.559603999999993
NIRC,9419000968,2022-08-05,4:11 PM,Hwy-rail crossing,0,LEMONT,IL,84.0,2,Day,Clear,Main,Commuter Train - Pulling,79,52101,0,52101,M304,41.683641000000001,-87.969463000000005
UP,0424GL021,2024-04-18,6:30 AM,Obstruction,0,NORTH PLATTE,NE,37.0,1,Dawn,Clear,Yard,Yard/switching,5,49055,2069,51124,M404,41.150511999999999,-100.81196199999999
NJTR,202202100,2021-12-27,4:25 AM,Obstruction,0,NETCONG,NJ,30.0,4,Dark,Cloudy,Main,Commuter Train - Pulling,45,12007,0,12007,M404,40.897666999999998,-74.699433999999997
UP,0522GP001,2022-05-03,4:50 AM,Derailment,0,NORTH PLATTE,NE,31.0,1,Dawn,Cloudy,Yard,Freight Train,8,23069,10184,33253,H607,41.152853999999998,-100.871956
CSX,000167054,2017-02-26,2:42 AM,Derailment,0,WALBRIDGE,OH,25.0,4,Dark,Cloudy,Yard,Yard/switching,4,166572,17304,183876,E67C,41.586779,-83.537301999999997
ALS,20190803,2019-08-03,2:53 AM,Derailment,0,EAST ST LOUIS,IL,70.0,4,Dark,Clear,Yard,,0,0,99,25185,H525,38.586132999999997,-90.132147000000003
CSX,000189994,2020-05-01,7:56 PM,Side collision,0,CINCINNATI,OH,59.0,3,Dusk,Cloudy,Yard,Yard/switching,0,34000,50,49350,H307,39.168056999999997,-84.512297000000004
CSX,000150056,2015-07-31,3:53 AM,Derailment,0,WILLARD,OH,65.0,4,Dark,Clear,Yard,Cut of cars,1,32648,0,69900,H018,41.058951,-82.718557000000004
CSX,000156127,2016-01-17,1:50 AM,Side collision,0,SELKIRK,NY,29.0,4,Dark,Cloudy,Yard,Cut of cars,4,12086,0,18985,H316,42.565902999999999,-73.854184000000004
NS,138570,2020-07-18,9:55 PM,Other (describe in narrative),0,OREGON,OH,78.0,4,Dark,Clear,Yard,Yard/switching,2,30168,67086,97254,H702,41.660544000000002,-83.462117000000006
MRL,2022056,2022-08-23,8:07 AM,Derailment,0,MISSOULA,MT,60.0,2,Day,Clear,Yard,Freight Train,0,30000,45000,75000,H503,46.877752000000001,-113.99594
CWRO,201667,2016-10-09,7:30 PM,Derailment,0,CLEVELAND,OH,60.0,3,Dusk,Clear,Industry,Yard/switching,5,10000,50000,60000,T214,41.281194999999997,-81.400597000000005
ATK,140332,2015-11-18,10:55 PM,Obstruction,0,BELLEVUE,NE,43.0,4,Dark,Cloudy,Main,Passenger Train - Pulling,70,11614,0,11614,M404,41.182214999999999,-95.903452999999999
WE,170120,2017-10-17,8:15 PM,Derailment,0,AKRON,OH,62.0,4,Dark,Clear,Yard,Yard/switching,6,14109,227,14336,H301,41.064698,-81.452883
CSX,000159997,2016-05-23,4:30 AM,Derailment,0,BROOKWOOD,AL,60.0,4,Dark,Cloudy,Industry,Freight Train,5,17207,6486,23693,H702,33.301369999999999,-87.217228000000006
CWRO,08192024,2024-08-19,4:30 PM,Derailment,0,CLEVELAND,OH,69.0,2,Day,Clear,Industry,Yard/switching,7,5000,11600,16600,H505,41.465330999999999,-81.543285999999995
WC,955453,2018-04-11,5:27 PM,Derailment,0,GARY,IN,56.0,2,Day,Clear,Yard,Single Car,2,113509,915,146091,S016,41.616984000000002,-87.366354999999999
NS,121800,2016-08-23,4:40 PM,Derailment,0,LIPSCOMB,AL,87.0,3,Dusk,Clear,Yard,Freight Train,4,525,111727,112252,H306,33.415255999999999,-86.938682999999997
CSX,000145187,2015-04-20,3:18 AM,Derailment,0,BIRMINGHAM,AL,52.0,4,Dark,Cloudy,Yard,Single Car,1,10794,251,11045,M408,33.543695,-86.790081999999998
UP,0216PR019,2016-02-26,5:30 AM,Other (describe in narrative),0,BELVIDERE,IL,30.0,4,Dark,Cloudy,Yard,Light loco(s),3,0,17436,17436,E64L,42.253628999999997,-88.847324999999998
UP,0124GP034,2024-01-25,9:00 PM,Other impacts,0,NORTH PLATTE,NE,29.0,4,Dark,Clear,Yard,Yard/switching,2,123,0,27297,M407,41.146757999999998,-100.823515
IR,213069,2021-12-13,12:35 PM,Hwy-rail crossing,0,YORKVILLE,IL,35.0,2,Day,Clear,Main,Freight Train,22,0,0,0,M308,41.694721999999999,-88.412222
CSX,000216358,2024-02-24,9:31 PM,Other impacts,0,WILLARD,OH,25.0,4,Dark,Clear,Yard,Yard/switching,3,21500,0,34000,H318,41.059877,-82.724069999999998
UP,0522GP025,2022-05-30,9:00 AM,Other impacts,0,NORTH PLATTE,NE,59.0,2,Day,Cloudy,Yard,Single Car,0,1261,0,55130,M411,41.150885000000002,-100.823291
NS,121404,2016-07-26,8:45 AM,Derailment,0,ELKHART,IN,76.0,2,Day,Clear,Yard,Cut of cars,6,15897,0,18857,H307,41.67736,-85.978494999999995
PATH,I03202201,2022-03-20,4:57 PM,Side collision,0,HARRISON,NJ,56.0,2,Day,Cloudy,Yard,EMU,2,355069,0,395780,H205,40.741252000000003,-74.141081
CSX,000151689,2015-09-03,2:50 AM,Derailment,0,WICKLIFFE,OH,80.0,4,Dark,Clear,Siding,Freight Train,5,8742,5881,14623,H993,41.619813999999998,-81.461350999999993
UP,0823HL020,2023-08-25,10:35 AM,Other impacts,0,KANSAS CITY,KS,89.0,2,Day,Clear,Yard,Yard/switching,2,8967,0,13085,H702,39.098401000000003,-94.671897000000001
CSX,000178079,2018-08-09,4:40 AM,Rear end collision,0,BUFFALO,NY,68.0,1,Dawn,Cloudy,Yard,Yard/switching,7,725,500,69558,H220,42.901972999999998,-78.773441000000005
UP,1022HL001,2022-10-02,10:45 PM,Derailment,0,COFFEYVILLE,KS,63.0,4,Dark,Clear,Yard,Cut of cars,0,5690,0,70702,H306,37.027379000000003,-95.624239000000003
BNSF,MT0622102,2022-06-12,9:00 AM,Derailment,0,WHITEFISH,MT,42.0,2,Day,Rain,Yard,Freight Train,7,18542,7000,25542,H307,48.414059999999999,-114.3434
KYLE,KYL169022R,2022-08-23,6:40 PM,Derailment,0,SALINA,KS,88.0,3,Dusk,Clear,Yard,Freight Train,8,40000,0,40700,H704,38.857805999999997,-97.583678000000006
NS,138413,2020-07-03,4:15 PM,Derailment,0,BELLEVUE,OH,91.0,3,Dusk,Clear,Yard,Yard/switching,8,30000,16000,46000,E27C,41.296571,-82.766994999999994
CSX,000180609,2019-01-04,10:25 AM,Other impacts,0,CAYUGA,IN,40.0,2,Day,Cloudy,Industry,Freight Train,4,12000,0,119600,H702,39.950873999999999,-87.463027999999994
BNSF,HL1217109,2017-12-11,8:20 AM,Derailment,0,BURLINGTON,IA,35.0,1,Dawn,Cloudy,Industry,Freight Train,2,12871,4500,17371,H307,40.739072999999998,-91.116410999999999
UP,1119GC032,2019-11-23,6:50 AM,Hwy-rail crossing,0,WHITE CASTLE,LA,64.0,1,Dawn,Cloudy,Main,Freight Train,48,363686,33584,397270,M303,30.167489,-91.138566999999995
MNCW,80430,2023-08-08,1:00 AM,Other impacts,0,CROTON ON HUDSON,NY,69.0,4,Dark,Cloudy,Yard,EMU,1,28560,0,28560,H999,41.187384000000002,-73.881533000000005
CSX,000181432,2019-02-17,4:39 PM,Hwy-rail crossing,0,WINDER,GA,50.0,3,Dusk,Rain,Main,Freight Train,44,0,30941,30941,M303,33.991388000000001,-83.722520000000003
CSX,000151037,2015-08-24,12:32 AM,Derailment,0,WILLARD,OH,65.0,4,Dark,Cloudy,Yard,Yard/switching,4,19899,2500,22399,H305,41.059837000000002,-82.723457999999994
KCS,20101003,2020-10-10,9:00 AM,Derailment,0,MONROE,LA,65.0,2,Day,Rain,Main,Freight Train,0,528118,0,528118,M105,32.507922000000001,-92.338722000000004
LIRC,0329201801,2018-03-29,12:41 AM,Rear end collision,0,INDIANAPOLIS,IN,53.0,4,Dark,Fog,Main,Light loco(s),18,4394,0,104394,H607,39.701255000000003,-86.136911999999995
ATK,140597,2015-12-30,5:30 AM,Other impacts,0,RENSSELAER,NY,40.0,1,Dawn,Clear,Yard,Yard/switching,5,12000,1000,14000,H211,42.639650000000003,-73.742177999999996
MNCW,2019175,2019-11-20,11:24 AM,Other (describe in narrative),0,NEW HAVEN,CT,55.0,2,Day,Clear,Yard,EMU,1,18174,0,18174,H399,41.297601999999998,-72.924892999999997
UP,0617TC014,2017-06-22,1:55 AM,Derailment,0,ST PAUL,MN,80.0,4,Dark,Cloudy,Industry,Freight Train,5,27998,109228,137226,M204,44.945371000000002,-93.087469999999996
UP,0324GC027,2024-03-26,8:00 AM,Other impacts,0,LIVONIA,LA,56.0,2,Day,Clear,Yard,Yard/switching,2,818,7835,12309,M411,30.531186000000002,-91.559991999999994
UP,1015LV005,2015-10-08,4:27 PM,Obstruction,0,GRAYSON,LA,79.0,2,Day,Clear,Siding,Freight Train,12,507861,0,510867,H997,32.051456999999999,-92.108317
NS,124741,2017-04-17,10:20 PM,Derailment,0,CAMPBELL,OH,54.0,4,Dark,Clear,Yard,Freight Train,3,2025,78737,80762,H306,41.075524000000001,-80.613867999999997
BNSF,SF0816118,2016-08-09,10:24 PM,Other impacts,0,HANNIBAL,MO,92.0,4,Dark,Clear,Yard,Yard/switching,4,12286,0,12286,H318,39.921396000000001,-91.440034999999995
CSX,000207729,2022-10-10,4:05 PM,Rear end collision,0,BATAVIA,NY,55.0,3,Dusk,Clear,Main,Spec. MoW Equip.,10,15600,0,33900,H997,42.984493000000001,-78.24915
NS,136672,2019-12-30,5:30 AM,Derailment,0,CHATFIELD,OH,42.0,1,Dawn,Rain,Main,Freight Train,0,114914,0,114914,M105,40.922221999999998,-82.940179000000001
LI,EQ20150202,2015-02-19,10:30 PM,Other impacts,0,RICHMOND HILL,NY,5.0,4,Dark,Clear,Yard,Yard/switching,5,82275,5000,240195,H399,40.697060999999998,-73.822238999999996
CSX,000177302,2018-06-29,4:25 AM,Other impacts,0,CINCINNATI,OH,67.0,1,Dawn,Clear,Yard,Single Car,14,11978,0,11978,M407,39.111198000000002,-84.544066999999998
CSX,000182962,2019-05-14,11:30 PM,Side collision,0,CINCINNATI,OH,43.0,4,Dark,Clear,Yard,Freight Train,7,8527,0,23145,H607,39.124550999999997,-84.542520999999994
UP,0722GL014,2022-07-15,7:10 AM,Other impacts,0,SOUTH ST PAUL,MN,70.0,2,Day,Cloudy,Yard,Yard/switching,5,38501,2129,41901,H318,44.907967999999997,-93.047139999999999
CSX,000217361,2024-04-13,1:55 PM,Side collision,0,CUMBERLAND,MD,65.0,2,Day,Clear,Yard,Yard/switching,5,263168,0,281269,H306,39.644506999999997,-78.760868000000002
CSX,000180735,2019-01-12,9:49 PM,Side collision,0,SELKIRK,NY,5.0,4,Dark,Clear,Yard,Single Car,9,14625,0,16696,H302,42.565902999999999,-73.854184000000004
MNCW,2017051722,2017-05-17,3:42 PM,Obstruction,0,VALHALLA,NY,70.0,2,Day,Clear,Main,EMU,28,145204,43311,188515,M404,41.072515000000003,-73.772175000000004
KAW,200720004,2020-07-20,12:05 PM,Derailment,0,NORTH KANSAS CITY,MO,76.0,2,Day,Clear,Industry,Freight Train,3,0,40000,40000,H702,39.126117000000001,-94.572261999999995
UP,0717FW015,2017-07-13,10:30 PM,Derailment,0,PARSONS,KS,71.0,4,Dark,Rain,Yard,Yard/switching,10,50838,482,111108,H307,37.337569999999999,-95.264826999999997
CSX,000151906,2015-09-07,4:47 PM,Derailment,0,DECATUR,AL,85.0,3,Dusk,Cloudy,Yard,Light loco(s),3,1800,8876,10676,H702,34.579183999999998,-86.983705
IHB,2555,2019-10-31,10:35 PM,Derailment,0,WHITING,IN,30.0,4,Dark,Clear,Yard,Freight Train,4,188959,4946,193905,T220,41.655932,-87.475949
BNSF,PR0417103,2017-04-06,7:24 PM,Derailment,0,DENVER,CO,54.0,3,Dusk,Cloudy,Yard,,0,0,8207,52895,H307,39.763886999999997,-104.99285999999999
NS,156770,2024-05-20,6:00 AM,Other impacts,0,CHARLOTTE,NC,63.0,1,Dawn,Clear,Yard,Cut of cars,0,4900,0,24288,H312,35.228064000000003,-80.852619000000004
LI,80269,2023-07-23,8:00 PM,Derailment,0,RICHMOND HILL,NY,76.0,3,Dusk,Clear,Yard,Passenger Train - Pushing,5,3522,12291,15813,M405,40.697189000000002,-73.82302
BNSF,PR1020101,2020-10-05,2:49 AM,Derailment,0,ALLIANCE,NE,45.0,4,Dark,Clear,Yard,Yard/switching,7,14781,160,14941,H318,42.086443000000003,-102.887461
NJTR,201906332,2019-06-17,7:29 AM,Obstruction,0,PARK RIDGE,NJ,78.0,2,Day,Clear,Main,Commuter Train - Pushing,36,14184,0,14184,M509,41.036684000000001,-74.032600000000002
WE,160059,2016-07-16,9:50 PM,Derailment,0,MARTINS FERRY,OH,78.0,4,Dark,Clear,Industry,Yard/switching,4,8800,8499,17299,H302,40.109941999999997,-80.708827999999997
NS,121401,2016-07-25,9:30 PM,Derailment,0,KIMBROUGH,AL,86.0,4,Dark,Clear,Main,Freight Train,3,143311,0,143461,H525,32.028674000000002,-87.556933999999998
CSX,000163068,2016-09-22,11:09 AM,Hwy-rail crossing,0,PELHAM,AL,90.0,2,Day,Clear,Main,Freight Train,40,18118,250,18368,M302,33.288356999999998,-86.814443999999995
CSX,000172799,2017-11-10,1:09 AM,Derailment,0,SELKIRK,NY,23.0,4,Dark,Clear,Yard,Cut of cars,5,34461,3000,37461,S014,42.565902999999999,-73.854184000000004
CSX,000192076,2020-08-16,10:00 PM,Derailment,0,SELKIRK,NY,59.0,4,Dark,Clear,Yard,Yard/switching,8,11416,11277,22693,M405,42.565902999999999,-73.854184000000004
CSX,000194611,2020-12-17,7:15 AM,Other impacts,0,SELKIRK,NY,16.0,1,Dawn,Snow,Yard,Single Car,8,6600,0,17361,M101,42.565902999999999,-73.854184000000004
NS,151013,2022-10-01,2:00 PM,Side collision,0,BELLEVUE,OH,63.0,2,Day,Cloudy,Yard,Yard/switching,7,13482,0,22726,H305,41.288345,-82.801972000000006
UP,0521TO022,2021-05-18,4:09 PM,Other (describe in narrative),0,CHAPARRAL,NM,79.0,2,Day,Clear,Main,Light loco(s),0,13209,0,13209,M501,32.004658999999997,-106.32144700000001
NS,121345,2016-07-21,2:45 PM,Derailment,0,CINCINNATI,OH,95.0,2,Day,Clear,Yard,Freight Train,5,34186,18607,52793,H702,39.102513999999999,-84.540049999999994
ATK,152047,2018-02-19,11:05 PM,Obstruction,0,RHINECLIFF,NY,38.0,4,Dark,Fog,Main,Passenger Train - Pulling,0,13288,0,13288,M404,41.919583000000003,-73.951303999999993
FEC,D40062724,2024-06-27,5:20 AM,Other (describe in narrative),0,JACKSONVILLE,FL,85.0,4,Dark,Clear,Yard,Yard/switching,4,53276,13999,67275,H704,30.225133,-81.591924000000006
RRVW,051618CARR,2018-05-16,12:50 AM,Derailment,0,CARRINGTON,ND,0.0,4,Dark,Clear,Main,,0,0,18049,18329,H702,47.455770999999999,-99.132548
BNSF,HL1020124,2020-10-30,2:08 PM,Derailment,0,COLUMBUS,KS,70.0,2,Day,Clear,Yard,Freight Train,4,5626,80194,85820,H307,37.177675999999998,-94.836471000000003
UP,0817TC001,2017-08-01,1:22 AM,Rear end collision,0,AMES,IA,65.0,4,Dark,Clear,Main,Freight Train,4,5889,383,16357,H302,42.028053,-93.579949999999997
UP,0715LV003,2015-07-07,7:00 PM,Hwy-rail crossing,0,CASPIANA,LA,91.0,2,Day,Clear,Industry,Freight Train,7,16737,0,16737,M304,32.366504999999997,-93.647552000000005
ATK,180267,2024-05-17,7:56 PM,Hwy-rail crossing,0,NORTH TONAWANDA,NY,60.0,2,Day,Rain,Main,Passenger Train - Pulling,52,24204,0,24204,M308,43.047580000000004,-78.889950999999996
CSX,000159124,2016-04-18,6:15 AM,Derailment,0,FOSTORIA,OH,60.0,1,Dawn,Clear,Main,Freight Train,9,253039,92849,345888,E09C,41.151207999999997,-83.402831000000006
CSX,000220181,2024-08-27,7:16 PM,Derailment,0,KEARNY,NJ,75.0,3,Dusk,Clear,Main,Freight Train,4,8300,0,21176,H503,40.737003999999999,-74.071468999999993
CSX,000216789,2024-03-18,12:30 AM,Other (describe in narrative),0,EAST SYRACUSE,NY,35.0,4,Dark,Cloudy,Yard,Yard/switching,5,102348,21800,124148,H702,43.067062,-76.048430999999994
CSX,000171216,2017-08-25,2:00 PM,Derailment,0,SELKIRK,NY,75.0,2,Day,Clear,Yard,Cut of cars,10,34758,64,34822,M411,42.565902999999999,-73.854184000000004
NS,133350,2019-03-24,3:45 PM,Derailment,0,ELKHART,IN,40.0,2,Day,Cloudy,Yard,Yard/switching,6,17723,29299,47022,E34C,41.67736,-85.978494999999995
BAYL,BAY890524L,2024-08-06,10:40 AM,Other impacts,0,DOTHAN,AL,86.0,2,Day,Clear,Yard,Cut of cars,0,0,0,0,H306,31.216135999999999,-85.384321999999997
WC,1094985,2022-02-16,7:30 AM,Side collision,0,GARY,IN,45.0,1,Dawn,Cloudy,Yard,Yard/switching,8,11000,3566,19566,S007,41.629514,-87.406377000000006
ATK,181818,2024-08-27,12:39 AM,Derailment,0,NEW YORK,NY,70.0,4,Dark,Clear,Yard,Yard/switching,5,30401,0,30401,H307,40.750132000000001,-73.927048999999997
UP,1220HL008,2020-12-12,12:30 PM,Derailment,0,KANSAS CITY,KS,36.0,2,Day,Cloudy,Yard,Yard/switching,3,18746,6825,25571,E86C,39.093781,-94.649857999999995
CSX,000161993,2016-08-04,12:41 AM,Other impacts,0,BIRMINGHAM,AL,75.0,4,Dark,Clear,Yard,Single Car,7,13989,185,14679,S016,33.543607000000002,-86.790088999999995
NJTR,202407357,2024-06-21,7:14 AM,Other (describe in narrative),0,NEW YORK NEW YORK,NY,84.0,2,Day,Clear,Main,Commuter Train - Pulling,5,13371,0,13371,E78L,40.750326999999999,-73.994459000000006
PATH,I031515,2015-03-14,12:40 PM,Fire/violent rupture,0,NEWARK,NJ,45.0,2,Day,Rain,Yard,EMU,13,41175,0,41175,E75L,40.735657000000003,-74.172366999999994
NS,133566,2019-04-14,10:00 AM,Derailment,0,BELLEVUE,OH,46.0,2,Day,Rain,Yard,Yard/switching,2,2500,17359,19859,S006,41.290565999999998,-82.787317000000002
NS,140070,2020-12-21,2:45 AM,Derailment,0,FOSTORIA,OH,30.0,4,Dark,Clear,Yard,Yard/switching,9,123390,980,124370,M404,41.165671000000003,-83.373852999999997
NS,135843,2019-10-15,7:07 PM,Other impacts,0,BELLEVUE,OH,64.0,3,Dusk,Clear,Yard,Cut of cars,2,22000,0,51435,E30C,41.295090999999999,-82.773978
CSX,000202124,2021-12-30,5:00 AM,Derailment,0,INDIANAPOLIS,IN,35.0,1,Dawn,Clear,Yard,Yard/switching,8,373142,84738,853273,T221,39.759798000000004,-86.327516000000003
BNSF,SF0516109,2016-05-18,2:00 AM,Derailment,0,BIRMINGHAM,AL,71.0,4,Dark,Rain,Industry,Yard/switching,9,27107,19000,46107,M501,33.534913000000003,-86.858056000000005
CRSH,134613,2019-07-06,12:15 PM,Derailment,0,NEWARK,NJ,90.0,2,Day,Cloudy,Yard,Yard/switching,6,9811,11238,21049,M101,40.710168000000003,-74.142747999999997