reportingrailroadcode,accidentnumber,date,time,accidenttype,hazmatreleasedcars,station,stateabbr,temperature,visibility_code,visibility,weathercondition,tracktype,equipmenttype,trainspeed,equipmentdamagecost,trackdamagecost,totaldamagecost,primaryaccidentcausecode,latitude,longitude
NJTR,202104156,2021-04-06,11:45 PM,Derailment,0,KEARNY,NJ,44.0,4,Dark,Clear,Yard,Yard/switching,5,40442,7697,48139,E29C,40.7438,-74.114099999999993
UP,1022HL030,2022-10-29,11:07 PM,Derailment,0,TOPEKA,KS,56.0,4,Dark,Cloudy,Main,Freight Train,4,298757,250,299007,H523,39.063153999999997,-95.676548999999994
NS,145945,2022-07-23,1:30 AM,Other impacts,0,BELLEVUE,OH,75.0,4,Dark,Clear,Yard,Single Car,0,24951,0,52369,H312,41.288719999999998,-82.795783
UP,1116CB006,2016-11-11,10:20 PM,Other impacts,0,COUNCIL BLUFFS,IA,35.0,4,Dark,Clear,Yard,Single Car,0,261,0,134045,H312,41.244498999999998,-95.874041000000005
NS,142826,2021-09-12,6:59 PM,Other (describe in narrative),0,CHEEKTOWAGA,NY,72.0,3,Dusk,Clear,Yard,Freight Train,7,17931,0,25725,H307,42.890000999999998,-78.780743000000001
LI,69011,2019-01-07,3:53 PM,Other (describe in narrative),0,SMITHTOWN,NY,29.0,2,Day,Cloudy,Main,Passenger Train - Pulling,45,0,13744,13744,M599,40.855362,-73.123035999999999
NIRC,2020071824,2020-02-12,7:28 PM,Hwy-rail crossing,0,HOMETOWN,IL,31.0,4,Dark,Snow,Main,Commuter Train - Pulling,40,0,1352950,1352950,M302,41.734830000000002,-87.721419999999995
NS,124738,2017-04-17,4:15 PM,Other impacts,0,BELLEVUE,OH,72.0,3,Dusk,Clear,Yard,Yard/switching,2,23000,0,23000,S016,41.285525,-82.811535000000006
PW,PWR819718R,2018-10-15,5:01 PM,Derailment,0,NEW HAVEN,CT,50.0,2,Day,Rain,Yard,Yard/switching,6,171000,0,172500,H503,41.334608000000003,-72.900631000000004
NS,151657,2022-12-08,2:30 PM,Derailment,0,ENON,OH,53.0,2,Day,Rain,Main,Freight Train,7,0,17000,40524,E53C,39.870224999999998,-83.958459000000005
ATK,180753,2024-06-18,6:21 AM,Other (describe in narrative),0,NEW YORK,NY,80.0,4,Dark,Clear,Main,,0,0,7630,21022,E78L,40.750599999999999,-73.993499999999997
NDW,NDW200819O,2020-08-19,1:38 PM,Fire/violent rupture,0,NAPOLEON,OH,78.0,2,Day,Clear,Main,Light loco(s),0,31880,0,31880,E79L,41.393219999999999,-84.126999999999995
WC,927769,2017-06-30,6:51 PM,Derailment,5,PLAINFIELD,IL,72.0,3,Dusk,Clear,Main,Freight Train,40,3787440,257573,4045013,M506,41.564272000000003,-88.096804000000006
NYA,070815,2015-07-08,12:38 AM,Hwy-rail crossing,0,NEW YORK -QUEENS,NY,81.0,4,Dark,Clear,Yard,Freight Train,22,21553,75000,96553,H607,40.72289,-73.913850999999994
MNBR,MNB886324D,2024-08-05,5:30 AM,Derailment,0,THOMASTON,AL,71.0,1,Dawn,Clear,Main,Freight Train,25,3200,15500,18700,E53C,32.267507999999999,-87.510243000000003
NS,131547,2018-11-04,5:49 PM,Derailment,0,DAYTON,IN,41.0,3,Dusk,Rain,Industry,Yard/switching,1,108807,3193,112000,H524,40.374507000000001,-86.835774000000001
UP,0819PR004,2019-08-01,10:34 AM,Other (describe in narrative),0,CHICAGO,IL,74.0,2,Day,Clear,Yard,Single Car,0,33246,33,33279,E21C,41.923762000000004,-87.914767999999995
IORY,IOR124816D,2016-10-31,6:45 AM,Derailment,0,LOGAN,OH,45.0,1,Dawn,Clear,Main,Freight Train,3,36333,2500,38833,M503,39.535277999999998,-82.403166999999996
IC,1136452,2023-07-15,9:10 PM,Side collision,0,WAMAC,IL,79.0,4,Dark,Clear,Yard,Cut of cars,7,300,0,14104,H310,38.505817999999998,-89.145698999999993
CSX,000154867,2015-12-03,6:45 AM,Hwy-rail crossing,0,PINEBLUFF,NC,40.0,1,Dawn,Clear,Siding,Cut of cars,0,677,0,70383,M308,35.096797000000002,-79.454790000000003
NS,124102,2017-02-25,2:30 PM,Other impacts,0,BELLEVUE,OH,33.0,2,Day,Cloudy,Yard,Yard/switching,10,41000,26132,67132,H399,41.274422999999999,-82.833569999999995
NJTR,201804180,2018-04-04,8:29 PM,Derailment,0,HOBOKEN,NJ,39.0,2,Day,Clear,Yard,Yard/switching,3,19845,2756,22601,H303,40.735644999999998,-74.037349000000006
UP,0722GL014,2022-07-15,7:10 AM,Other impacts,0,SOUTH ST PAUL,MN,70.0,2,Day,Cloudy,Yard,Single Car,0,1271,0,41901,H318,44.907967999999997,-93.047139999999999
AZER,AZE924419A,2019-01-23,12:43 PM,Other (describe in narrative),0,LORDSBURG,NM,50.0,2,Day,Clear,Main,Yard/switching,4,11875,0,11875,H503,32.363500000000002,-108.7456
NOPB,NOPB00004F,2022-02-10,9:45 PM,Raking collision,0,NEW ORLEANS,LA,56.0,4,Dark,Clear,Yard,Yard/switching,5,32718,0,32718,H401,29.915465999999999,-90.121262999999999
CSX,000140502,2015-01-24,2:32 AM,Side collision,0,MOBILE,AL,40.0,4,Dark,Clear,Yard,Single Car,0,22496,0,23743,H318,30.712990999999999,-88.046870999999996
EMRY,73103,2017-10-04,7:30 PM,Hwy-rail crossing,0,DANFORTH,ME,64.0,4,Dark,Rain,Main,Freight Train,24,30000,50000,80000,M302,45.605587999999997,-67.804790999999994
LI,EQ20160501,2016-05-09,8:16 AM,Other (describe in narrative),0,PORT WASHINGTON,NY,60.0,2,Day,Clear,Yard,EMU,2,17131,0,17131,H307,40.830193999999999,-73.687674999999999
FGLK,11172022,2022-11-17,9:59 AM,Derailment,0,PHELPS,NY,35.0,2,Day,Cloudy,Industry,Freight Train,2,0,14122,14122,E46C,42.966861999999999,-77.085110999999998
UP,0522GC006,2022-05-03,8:50 AM,Other impacts,0,SULPHUR,LA,74.0,2,Day,Clear,Industry,Single Car,0,18452,0,22710,H307,30.191025,-93.331953999999996
NJTR,202005176,2020-04-28,7:45 PM,Derailment,0,GLADSTONE,NJ,63.0,3,Dusk,Clear,Yard,Commuter Train - Pushing,7,29948,0,29948,M507,40.719301999999999,-74.664850000000001
WE,150022,2015-02-04,8:13 AM,Derailment,0,COLLINS,OH,15.0,2,Day,Snow,Yard,Freight Train,4,2301,12068,14369,H704,41.207678000000001,-82.481048000000001
LI,EQ20150307,2015-03-22,3:32 PM,Derailment,0,NEW YORK NEW YORK,NY,42.0,2,Day,Clear,Yard,EMU,4,20000,5000,25000,H305,40.751269999999998,-73.995232999999999
NS,155981,2024-03-08,2:30 AM,Other impacts,0,BELLEVUE,OH,48.0,4,Dark,Cloudy,Yard,Single Car,0,3450,275,16020,M411,41.288260000000001,-82.800414000000004
AZER,AZE558420D,2020-10-01,2:30 PM,Derailment,0,LORDSBURG,NM,88.0,2,Day,Clear,Main,Freight Train,18,110000,47700,157700,E40C,32.37124,-108.76670300000001
CSX,000208945,2022-12-22,2:07 PM,Derailment,0,COLUMBUS,OH,44.0,2,Day,Rain,Yard,Yard/switching,7,19180,5130,24310,H702,39.912747000000003,-82.984333000000007
NJTR,202406301,2024-06-08,2:08 PM,Derailment,0,DOVER,NJ,74.0,2,Day,Clear,Yard,Passenger Train - Pulling,7,95624,0,95624,H303,40.884068999999997,-74.548911000000004
IHB,20232865,2023-09-25,12:28 PM,Derailment,0,BURNHAM,IL,71.0,2,Day,Clear,Siding,Freight Train,3,33500,1000,34500,H702,41.646141999999998,-87.525278
UP,0124GP034,2024-01-25,9:00 PM,Other impacts,0,NORTH PLATTE,NE,29.0,4,Dark,Clear,Yard,Cut of cars,6,20534,6640,27297,M407,41.146757999999998,-100.823515
WE,180026,2018-03-04,10:15 AM,Derailment,0,AKRON,OH,36.0,2,Day,Clear,Yard,Yard/switching,5,7171,25900,33071,H702,41.063155000000002,-81.458544000000003
CSX,000179431,2018-10-21,5:00 AM,Other impacts,0,FEURA BUSH,NY,44.0,4,Dark,Clear,Yard,Single Car,13,33574,80,33654,M407,42.565902999999999,-73.854184000000004
BNSF,TC0822105,2022-08-08,10:42 AM,Derailment,0,FREMONT,NE,68.0,2,Day,Cloudy,Yard,,0,0,28000,46127,E46C,41.430945999999999,-96.504133999999993
BNSF,KS0423113,2023-04-25,12:55 AM,Derailment,0,KANSAS CITY,KS,45.0,4,Dark,Clear,Yard,Yard/switching,3,44379,0,78173,M407,39.082169999999998,-94.677786999999995
BNSF,PR0620101,2020-06-06,8:00 PM,Side collision,0,ALLIANCE,NE,60.0,3,Dusk,Cloudy,Yard,Cut of cars,4,34419,0,59929,M105,42.084504000000003,-102.88679500000001
UP,0618KC017,2018-06-16,11:50 AM,Derailment,0,COFFEYVILLE,KS,90.0,2,Day,Clear,Yard,Freight Train,1,84375,297,84672,M405,37.030254999999997,-95.628848000000005
KCS,15061004,2015-06-10,10:50 AM,Derailment,0,SIMMESPORT,LA,87.0,2,Day,Clear,Main,Freight Train,7,766,99375,100141,H505,30.984862,-91.800467999999995
UP,0920HL008,2020-09-09,9:45 AM,Obstruction,0,CARRIZOZO,NM,39.0,2,Day,Rain,Main,Freight Train,50,21509,2534,24043,M402,33.460921999999997,-106.061408
LI,GR20170103,2017-01-09,8:03 PM,Hwy-rail crossing,0,BRENTWOOD,NY,9.0,4,Dark,Clear,Main,EMU,75,215077,0,215077,M303,40.779877999999997,-73.247799999999998
LI,70728,2019-10-13,8:36 AM,Derailment,0,JAMAICA,NY,66.0,2,Day,Clear,Main,Freight Train,9,15000,29000,44000,M204,40.699378000000003,-73.808717000000001
ATK,156682,2018-12-11,1:07 AM,Other (describe in narrative),0,LONG ISLAND CITY,NY,32.0,4,Dark,Clear,Main,Work train,51,35696,0,35696,H999,40.745156999999999,-73.939065999999997
UP,0721GL019,2021-07-18,9:00 AM,Derailment,0,COUNCIL BLUFFS,IA,72.0,2,Day,Clear,Yard,Freight Train,4,13456,1059,14515,E27C,41.249887999999999,-95.892931000000004
CWRO,201781,2017-11-21,8:25 PM,Derailment,0,CLEVELAND,OH,34.0,4,Dark,Clear,Industry,Yard/switching,3,12000,1500,13500,E07C,41.470165999999999,-81.667137999999994
SW,SWC081815D,2015-08-18,1:15 PM,Derailment,0,ARTESIA,NM,84.0,2,Day,Clear,Industry,Yard/switching,4,75000,2710,77710,H303,32.842799999999997,-104.4122
NS,130660,2018-08-21,4:10 AM,Other impacts,0,CHICAGO,IL,70.0,1,Dawn,Rain,Yard,Yard/switching,4,76187,0,84978,H306,41.820355999999997,-87.679310999999998
NS,137549,2020-03-22,11:00 AM,Other impacts,0,MARION,MS,60.0,2,Day,Clear,Industry,Freight Train,3,8000,0,16000,H301,32.390458000000002,-88.658867000000001
BNSF,SW0424111,2024-04-26,12:38 PM,Derailment,6,MANUELITO,NM,60.0,2,Day,Cloudy,Main,Freight Train,52,3779995,977000,4756995,H703,35.370083999999999,-109.040431
CSX,000155469,2015-12-23,12:10 PM,Derailment,0,CHILI CENTER,NY,55.0,2,Day,Cloudy,Main,Freight Train,25,2900,21800,24700,E68C,43.107666000000002,-77.809449000000001
IORY,IOR513617A,2017-11-21,10:50 AM,Other (describe in narrative),0,WASHINGTON COURT HOU,OH,44.0,2,Day,Clear,Main,Spec. MoW Equip.,3,0,15000,15000,M599,39.518872999999999,-83.520251999999999
IC,1020010,2019-11-28,10:15 AM,Derailment,0,JACKSON,MS,60.0,2,Day,Clear,Yard,Yard/switching,9,40575,850,41425,H305,32.322442000000002,-90.181178000000003
BNSF,SW1120102,2020-11-18,1:55 AM,Derailment,0,CLOVIS,NM,50.0,4,Dark,Clear,Yard,Yard/switching,6,28000,3000,31000,H008,34.396763,-103.19775300000001
KCS,21081205,2021-08-12,4:10 PM,Other impacts,0,KANSAS CITY,MO,95.0,2,Day,Rain,Yard,Yard/switching,0,13250,0,13500,M105,39.128548000000002,-94.515451999999996
CSX,000174492,2018-02-04,8:19 AM,Derailment,0,BIRMINGHAM,AL,46.0,2,Day,Rain,Yard,Cut of cars,9,14972,50,15022,H318,33.543607000000002,-86.790088999999995
LI,GR20170102,2017-01-07,12:05 PM,Hwy-rail crossing,0,LITTLE NECK,NY,21.0,2,Day,Snow,Main,EMU,38,12447,0,12447,M306,40.773924000000001,-73.741984000000002
ITHR,231108003,2023-11-08,4:35 PM,Other (describe in narrative),0,LANSING,NY,44.0,3,Dusk,Clear,Industry,Freight Train,2,750,20000,20750,M399,42.529209000000002,-76.528085000000004
MRL,2017005,2017-01-07,10:20 PM,Rear end collision,0,HELENA,MT,18.0,4,Dark,Snow,Yard,Light loco(s),10,4000,0,15800,H307,46.599826,-112.010384
NJTR,202303103,2023-03-14,1:50 PM,Other impacts,0,HOBOKEN,NJ,36.0,2,Day,Cloudy,Yard,Light loco(s),8,0,35675,85337,H306,40.734501999999999,-74.033969999999997
MBTA,2023143,2023-12-19,6:07 AM,Hwy-rail crossing,0,WAKEFIELD,MA,42.0,1,Dawn,Clear,Main,Passenger Train - Pulling,45,16703,0,16703,M304,42.505771000000003,-71.078784999999996
CSX,000174832,2018-02-21,11:50 PM,Derailment,0,SELKIRK,NY,41.0,4,Dark,Cloudy,Yard,Yard/switching,5,10369,44072,54441,H522,42.565902999999999,-73.854184000000004
NS,156017,2024-03-12,5:50 AM,Other impacts,0,CHARLOTTE,NC,42.0,1,Dawn,Clear,Yard,Single Car,0,89,14179,14418,M599,35.228064000000003,-80.852619000000004
BNSF,KS0322105,2022-03-08,3:20 AM,Derailment,0,KANSAS CITY,KS,30.0,4,Dark,Clear,Yard,Yard/switching,2,3034,8680,11714,M411,39.085469000000003,-94.690809999999999
UP,1017PR019,2017-10-24,10:45 AM,Derailment,0,MELROSE PARK,IL,45.0,2,Day,Rain,Yard,Yard/switching,4,98415,18120,116535,M409,41.899535999999998,-87.908231999999998
CSX,000151331,2015-08-26,4:48 AM,Side collision,0,CINCINNATI,OH,62.0,4,Dark,Clear,Yard,Cut of cars,0,0,0,11507,S016,39.104323000000001,-84.542438000000004
MBTA,2024070,2024-05-10,1:30 PM,Fire/violent rupture,0,BOSTON,MA,53.0,2,Day,Clear,Yard,Light loco(s),0,112626,0,112626,M406,42.364758000000002,-71.067420999999996
ATK,154953,2018-08-09,6:30 AM,Obstruction,0,METUCHEN,NJ,76.0,1,Dawn,Clear,Main,,0,0,0,15000,M404,40.540864999999997,-74.360484
RALI,RAI561620,2020-02-29,9:45 PM,Side collision,0,LIVONIA,LA,52.0,4,Dark,Clear,Yard,Freight Train,5,31956,0,63912,H702,30.533435000000001,-91.562578000000002
NS,121567,2016-08-05,7:15 PM,Other impacts,0,MUSCLE SHOALS,AL,85.0,3,Dusk,Cloudy,Yard,Yard/switching,2,29437,0,29437,H099,34.712550999999998,-87.616781000000003
BNSF,TC0418111,2018-04-19,4:20 AM,Derailment,0,DAKOTA CITY,NE,30.0,1,Dawn,Clear,Industry,Yard/switching,4,14364,1000,15364,T217,42.434379,-96.422027
MNCW,2019126,2019-08-24,10:15 PM,Other impacts,0,NEW HAVEN,CT,75.0,4,Dark,Clear,Yard,EMU,5,18174,0,18174,H999,41.294716000000001,-72.926338000000001
NS,152791,2023-04-11,10:15 PM,Other impacts,0,SOUTHMONT,NC,58.0,4,Dark,Clear,Yard,Single Car,3,43300,0,52275,H312,35.738906,-80.332949999999997
MNCW,82213,2024-04-04,1:40 AM,Derailment,0,WHITE PLAINS,NY,37.0,4,Dark,Rain,Yard,EMU,8,36463,0,36463,H702,41.054085999999998,-73.771527000000006
UP,0720PR020,2020-07-19,12:25 AM,Other impacts,0,NORTHLAKE,IL,82.0,4,Dark,Clear,Yard,Yard/switching,3,15779,0,20682,M105,41.926834999999997,-87.915205
UP,0324MA026,2024-03-25,6:00 PM,Other impacts,0,BOSSIER CITY,LA,60.0,3,Dusk,Cloudy,Industry,Cut of cars,0,99431,0,198708,H607,32.563119,-93.731821999999994
BNSF,KS0317107,2017-03-17,2:15 PM,Derailment,0,AUGUSTA,KS,72.0,2,Day,Clear,Main,Freight Train,50,773661,678000,1451661,E61C,37.670991000000001,-96.980307999999994
CSX,000200007,2021-09-10,11:30 PM,Side collision,0,INDIANAPOLIS,IN,70.0,4,Dark,Clear,Yard,Yard/switching,7,16516,1075,65163,H306,39.759791,-86.327526000000006
WE,160048,2016-04-27,5:45 PM,Derailment,0,CAREY,OH,59.0,2,Day,Clear,Industry,Yard/switching,9,36000,0,36000,H702,40.963433999999999,-83.368482999999998
UP,0117KC011,2017-01-22,6:22 PM,Other impacts,0,KANSAS CITY,KS,40.0,4,Dark,Cloudy,Yard,Yard/switching,4,1926,13549,16663,H602,39.130499,-94.611553000000001
CSX,000219049,2024-07-02,11:15 PM,Derailment,0,BIRMINGHAM,AL,79.0,4,Dark,Clear,Yard,Light loco(s),0,4715,0,92345,M404,33.543615000000003,-86.790110999999996
UP,0820GL001,2020-08-01,12:41 PM,Other impacts,0,EAGLE GROVE,IA,79.0,2,Day,Cloudy,Yard,Cut of cars,2,4522,0,14553,E08C,42.676896999999997,-93.917793000000003
CSX,000176169,2018-05-03,7:57 PM,Hwy-rail crossing,0,DOUGLAS,GA,82.0,3,Dusk,Clear,Main,Freight Train,58,45918,97,46015,M302,31.531196000000001,-82.915300000000002
NS,152004,2023-01-14,4:00 PM,Other impacts,0,LEXINGTON,NC,60.0,3,Dusk,Clear,Yard,Single Car,0,28500,0,80890,H312,35.750594,-80.318290000000005
NS,153722,2023-07-27,3:30 AM,Side collision,0,BELLEVUE,OH,71.0,4,Dark,Cloudy,Yard,Yard/switching,8,15750,0,50295,H305,41.293017999999996,-82.783057999999997
ATK,175588,2023-07-19,12:58 PM,Obstruction,0,SHARON,MA,85.0,2,Day,Clear,Main,Passenger Train - Pulling,130,43219,0,43219,M404,42.128715999999997,-71.180746999999997
UP,0217SL002,2017-02-01,3:19 AM,Derailment,0,HARTFORD,IL,39.0,4,Dark,Cloudy,Main,Work train,30,59262,39162,98424,H019,38.818297000000001,-90.088857000000004
NJTR,201709372,2017-09-11,11:36 AM,Derailment,0,KEARNY,NJ,75.0,2,Day,Clear,Yard,Light loco(s),5,15000,265,15265,H704,40.744366999999997,-74.106482
NS,140135,2020-12-31,6:00 PM,Derailment,0,BELLEVUE,OH,28.0,3,Dusk,Clear,Yard,Cut of cars,0,357810,460315,1639062,H508,41.297936,-82.760942
MNCW,2019010420,2019-01-04,9:10 AM,Derailment,0,NEW YORK -BRONX,NY,36.0,2,Day,Clear,Yard,Commuter Train - Pulling,3,48737,3000,51737,H702,40.831781999999997,-73.932751999999994
WC,1007726,2019-07-28,4:15 AM,Derailment,0,GARY,IN,80.0,1,Dawn,Cloudy,Yard,Yard/switching,4,167546,5000,172546,H703,41.629671999999999,-87.405966000000006
LI,EQ20160301,2016-03-03,11:31 PM,Other impacts,0,JAMAICA,NY,32.0,4,Dark,Clear,Yard,EMU,4,12497,0,12497,H399,40.707801000000003,-73.774437000000006
LI,71382,2020-01-18,10:35 AM,Other (describe in narrative),0,GARDEN CITY,NY,28.0,2,Day,Clear,Main,Maint./inspect Car,0,0,71270,71270,H997,40.735500000000002,-73.661299999999997
NS,128250,2018-01-23,4:08 AM,Hwy-rail crossing,0,GOSHEN,IN,35.0,1,Dawn,Rain,Main,Freight Train,58,120,15212,15332,M303,41.602483999999997,-85.867767000000001
UP,0615KC003,2015-06-02,2:45 AM,Derailment,0,KANSAS CITY,KS,63.0,4,Dark,Cloudy,Yard,Yard/switching,6,10020,660,10680,H306,39.093783999999999,-94.653416000000007
CSX,000194125,2020-11-24,10:50 PM,Other impacts,0,WALBRIDGE,OH,35.0,4,Dark,Cloudy,Yard,Cut of cars,4,31247,0,33801,H318,41.589930000000003,-83.496859999999998
NS,127900,2017-12-26,2:30 PM,Derailment,0,TOLEDO,OH,11.0,2,Day,Clear,Yard,Yard/switching,7,13803,4000,17803,H306,41.633383000000002,-83.610917000000001
BNSF,CH0518103,2018-05-09,6:00 AM,Derailment,0,ROCHELLE,IL,52.0,1,Dawn,Clear,Yard,Freight Train,3,21304,500,21804,H307,41.908859999999997,-89.047794999999994
LI,77906,2022-09-03,6:48 AM,Hwy-rail crossing,0,HUNTINGTON,NY,62.0,1,Dawn,Clear,Main,EMU,30,35988,2223,38211,M399,40.847842999999997,-73.417935
ATK,175009,2023-06-06,11:27 AM,Hwy-rail crossing,0,GALIEN,MI,78.0,2,Day,Cloudy,Main,Passenger Train - Pulling,110,12079,0,12079,M308,41.802070999999998,-86.532967999999997
NS,132759,2019-02-07,8:40 PM,Raking collision,0,BELLEVUE,OH,42.0,4,Dark,Rain,Yard,Yard/switching,2,11000,0,11000,S016,41.290565999999998,-82.787317000000002
CSX,000189063,2020-03-12,7:35 PM,Other impacts,0,BUFFALO,NY,45.0,3,Dusk,Cloudy,Yard,Cut of cars,5,2757,0,56026,H018,42.901972999999998,-78.773441000000005
CSX,000209030,2022-12-30,10:15 PM,Derailment,0,WALBRIDGE,OH,50.0,4,Dark,Rain,Yard,Cut of cars,4,29568,96,29664,H312,41.589911000000001,-83.496928999999994
WE,170109,2017-10-01,12:30 PM,Derailment,0,MINGO JUNCTION,OH,60.0,2,Day,Clear,Main,Freight Train,7,16733,0,16733,H706,40.334522,-80.608337000000006
LI,76938,2022-04-09,10:25 AM,Obstruction,0,LONG ISLAND CITY,NY,55.0,2,Day,Clear,Yard,EMU,5,15000,0,15000,H022,40.743043,-73.948697999999993
NS,126547,2017-09-08,8:24 AM,Derailment,0,BELLEVUE,OH,72.0,2,Day,Clear,Yard,Yard/switching,4,23327,500,23827,M411,41.276958999999998,-82.831057000000001
BNSF,HL0319115,2019-03-16,4:10 PM,Derailment,0,LINCOLN,NE,41.0,2,Day,Clear,Yard,Yard/switching,4,5000,11000,16000,H307,40.808107999999997,-96.760148000000001
NS,129658,2018-05-31,10:30 AM,Obstruction,0,DIX,IL,80.0,2,Day,Cloudy,Main,Freight Train,28,14251,0,14251,M404,38.419803000000002,-88.942257999999995
NS,123248,2016-12-21,4:00 PM,Other impacts,0,FORT WAYNE,IN,35.0,3,Dusk,Cloudy,Yard,Light loco(s),10,12410,824,13248,H306,41.081890000000001,-85.223377999999997
CSX,000211720,2023-06-08,5:06 PM,Hwy-rail crossing,0,WINGATE,NC,85.0,3,Dusk,Clear,Main,Freight Train,47,12509,0,12509,M302,34.983367999999999,-80.449055999999999
CSX,000176734,2018-06-02,5:41 AM,Derailment,0,WAYCROSS,GA,65.0,1,Dawn,Clear,Yard,Freight Train,5,38672,514,39186,H525,31.213524,-82.353588000000002
BNSF,KS0223103,2023-02-07,8:30 PM,Derailment,0,KANSAS CITY,KS,40.0,3,Dusk,Clear,Yard,Yard/switching,3,15797,2000,17797,H308,39.083153000000003,-94.681985999999995
NS,126752,2017-09-23,12:40 PM,Derailment,0,DECATUR,IL,92.0,2,Day,Clear,Yard,Yard/switching,3,13536,200,13736,H312,39.852179,-88.918353999999994
CSX,000153650,2015-10-26,5:40 PM,Derailment,0,SELKIRK,NY,49.0,3,Dusk,Clear,Yard,Yard/switching,9,11537,73550,85087,S014,42.566588000000003,-73.852295999999996
UP,0120PR010,2020-01-18,10:40 PM,Derailment,0,NORTHLAKE,IL,9.0,4,Dark,Cloudy,Yard,Yard/switching,3,57921,5212,63133,E22C,41.927123000000002,-87.913996999999995
NS,114357,2015-02-14,12:45 PM,Hwy-rail crossing,0,LEIPSIC,OH,10.0,2,Day,Snow,Main,Freight Train,35,10000,12697,22697,M306,41.105324000000003,-83.957542000000004
IHB,2274,2016-12-28,5:46 PM,Other impacts,0,RIVERDALE,IL,36.0,4,Dark,Clear,Yard,Yard/switching,3,13803,0,13803,S016,41.639437999999998,-87.655000000000001
RTDC,14582,2016-07-03,3:39 PM,Other impacts,0,DENVER,CO,87.0,2,Day,Clear,Yard,EMU,3,20515,0,20515,H509,39.789985000000001,-104.995987
UP,0815LV005,2015-08-18,8:25 AM,Derailment,0,IOWA,LA,78.0,2,Day,Rain,Main,Freight Train,26,1687,12440,14127,E53C,30.23817,-93.060479000000001
UP,1119GC007,2019-11-06,2:19 AM,Other impacts,0,LIVONIA,LA,57.0,4,Dark,Clear,Yard,Cut of cars,0,8074,0,21607,S007,30.525511999999999,-91.555721000000005
BNSF,TC0523108,2023-05-20,9:02 PM,Other (describe in narrative),0,MOORHEAD,MN,50.0,4,Dark,Clear,Yard,Yard/switching,7,0,19143,19143,H306,46.874218999999997,-96.735346000000007
ATK,146423,2017-02-10,2:59 AM,Other (describe in narrative),0,BRONX,NY,19.0,4,Dark,Snow,Main,Passenger Train - Pulling,39,141,50000,50141,S099,40.830911999999998,-73.88306
BLF,20245263,2024-08-26,2:15 PM,Hwy-rail crossing,0,PALM BEACH GARDENS,FL,94.0,2,Day,Clear,Main,Passenger Train - Pulling,76,12861,0,13254,M308,26.830627,-80.091950999999995
CSX,000188697,2020-02-26,6:25 AM,Side collision,0,BUFFALO,NY,33.0,1,Dawn,Cloudy,Yard,Yard/switching,4,23971,0,51922,H020,42.901972999999998,-78.773441000000005
NOPB,D20210528E,2021-05-28,10:30 PM,Derailment,0,NEW ORLEANS,LA,70.0,4,Dark,Clear,Yard,Freight Train,8,20000,7019,27019,T212,29.915389000000001,-90.107764000000003
NS,116023,2015-06-11,12:30 PM,Derailment,0,LINNDALE,OH,78.0,2,Day,Clear,Yard,Yard/switching,7,15950,500,16450,E04C,41.431187000000001,-81.783384999999996
BNSF,NE0415101,2015-04-10,8:15 AM,Derailment,0,LINCOLN,NE,45.0,2,Day,Clear,Yard,Light loco(s),10,24800,2500,27300,E64L,40.808179000000003,-96.740898000000001
ATK,139127,2015-09-07,12:48 PM,Other (describe in narrative),0,NEWARK,NJ,89.0,2,Day,Clear,Main,Passenger Train - Pushing,94,20000,1800,21800,E78L,40.747289000000002,-74.163916
BNSF,KS1122107,2022-11-09,12:39 AM,Side collision,0,KANSAS CITY,KS,61.0,4,Dark,Clear,Yard,Cut of cars,0,1898,0,25777,H307,39.080851000000003,-94.672566000000003
NS,126329,2017-08-22,7:45 AM,Derailment,0,BELLEVUE,OH,78.0,1,Dawn,Cloudy,Yard,Yard/switching,4,11100,400,11500,E39C,41.274422999999999,-82.833569999999995
NJTR,202110412,2021-09-12,5:15 PM,Other (describe in narrative),0,HOBOKEN,NJ,73.0,3,Dusk,Cloudy,Main,Commuter Train - Pulling,15,12724,0,12724,H599,40.741321999999997,-74.067288000000005
CSX,000216218,2024-02-15,12:24 PM,Other (describe in narrative),0,COLUMBUS,OH,46.0,2,Day,Cloudy,Main,Yard/switching,8,18118,45970,64088,H702,39.972310999999998,-83.021134000000004
MNCW,2018022426,2018-02-23,11:05 PM,Obstruction,0,NEW YORK -BRONX,NY,30.0,4,Dark,Clear,Yard,Light loco(s),5,0,64000,64000,H997,40.834564999999998,-73.932162000000005
CSX,000147264,2015-06-04,6:30 AM,Derailment,0,BALTIMORE,MD,54.0,1,Dawn,Cloudy,Yard,Yard/switching,2,58085,450,58535,H099,39.306296000000003,-76.529004
LI,75766,2021-10-18,11:40 AM,Other impacts,0,MANHATTAN,NY,59.0,2,Day,Cloudy,Yard,DMU,1,15760,0,15760,E31C,40.755296999999999,-74.004075999999998
MNCW,75078,2021-05-29,7:31 AM,Obstruction,0,NEW YORK -BRONX,NY,50.0,1,Dawn,Rain,Main,,0,0,0,19751,M404,40.853126000000003,-73.920680000000004
MNR,65194,2017-05-26,8:47 PM,Derailment,0,OAKFIELD,ME,51.0,4,Dark,Clear,Main,Freight Train,17,10000,100000,110000,M405,46.170565000000003,-68.162267999999997