reportingrailroadcode,accidentnumber,date,time,accidenttype,hazmatreleasedcars,station,stateabbr,temperature,visibility_code,visibility,weathercondition,tracktype,equipmenttype,trainspeed,equipmentdamagecost,trackdamagecost,totaldamagecost,primaryaccidentcausecode,latitude,longitude
NS,145355,2022-05-23,8:30 AM,Other impacts,0,CHEEKTOWAGA,NY,65.0,2,Day,Cloudy,Yard,Yard/switching,4,53813,0,53813,H312,42.894750999999999,-78.762525999999994
NJTR,202408389,2024-07-15,7:15 PM,Fire/violent rupture,0,PATERSON,NJ,95.0,3,Dusk,Clear,Main,Commuter Train - Pulling,43,1274127,0,1274127,E74L,40.935321999999999,-74.158410000000003
BNSF,CH0620101,2020-06-03,11:10 PM,Derailment,0,CHICAGO,IL,60.0,4,Dark,Clear,Yard,Freight Train,8,25011,0,115011,H307,41.768045999999998,-87.764673999999999
IAIS,2018015,2018-07-06,10:45 AM,Hwy-rail crossing,0,BOONEVILLE,IA,76.0,2,Day,Clear,Main,Freight Train,36,18429,0,18429,M302,41.532567,-93.833326
NS,123850,2017-02-05,5:10 PM,Derailment,0,COLUMBUS,OH,46.0,3,Dusk,Clear,Yard,Freight Train,5,21108,300,21408,M404,39.907871999999998,-82.947703000000004
RALI,RAI965822,2022-05-19,5:55 PM,Other (describe in narrative),0,MARINGOUIN,LA,90.0,2,Day,Clear,Yard,Light loco(s),12,24704,0,24704,H601,30.522542000000001,-91.555814999999996
UPME,1017CM001,2017-10-04,4:33 PM,Hwy-rail crossing,0,CHICAGO,IL,73.0,2,Day,Cloudy,Main,Commuter Train - Pulling,60,1000,12947,13947,M303,41.985252000000003,-87.787670000000006
IORY,IOR888124D,2024-08-02,1:00 AM,Derailment,0,SPRINGFIELD,OH,66.0,4,Dark,Cloudy,Main,Freight Train,20,350000,150000,500000,E59C,39.934443999999999,-83.835718999999997
CSX,000215064,2023-12-13,9:37 PM,Hwy-rail crossing,0,MATTHEWS,NC,45.0,4,Dark,Clear,Main,Freight Train,38,3729,8119,11848,M308,35.117131000000001,-80.721314000000007
UP,0324HL012,2024-03-17,2:00 PM,Hwy-rail crossing,0,TUCUMCARI,NM,51.0,2,Day,Cloudy,Main,Freight Train,68,17013,0,17013,M302,35.226028999999997,-103.613046
NS,140720,2021-02-23,10:40 AM,Other (describe in narrative),0,DECATUR,IL,48.0,2,Day,Clear,Yard,Yard/switching,2,28500,980,29480,H702,39.858894999999997,-88.896691000000004
FEC,X41080824,2024-08-08,3:12 PM,Hwy-rail crossing,0,LAKE PARK,FL,94.0,2,Day,Clear,Main,,0,0,478,28478,M308,26.808135,-80.077337
ABS,170105002,2017-01-05,7:27 PM,Derailment,0,BUHL,AL,35.0,4,Dark,Clear,Main,Freight Train,14,150000,4500,154500,T222,33.258563000000002,-87.739328
ATK,164538,2020-06-02,10:30 PM,Fire/violent rupture,0,NEW YORK,NY,70.0,4,Dark,Clear,Main,Passenger Train - Pulling,0,13522,0,13522,M406,37.345413000000001,-77.427871999999994
CSX,000203869,2022-03-28,6:18 AM,Derailment,0,EVANSVILLE,IN,32.0,1,Dawn,Clear,Yard,Freight Train,8,212573,41033,253606,E49C,37.962311999999997,-87.609227000000004
CSX,000207899,2022-10-19,11:42 AM,Hwy-rail crossing,0,ROWLAND,NC,60.0,2,Day,Clear,Main,,0,0,25006,30080,M308,34.537121999999997,-79.292451999999997
ATK,143685,2016-08-06,1:00 PM,Obstruction,0,ROUSES POINT,NY,80.0,2,Day,Clear,Main,Passenger Train - Pulling,60,12660,0,12660,M503,44.882973,-73.455177000000006
UP,0817PR028,2017-08-24,9:30 PM,Derailment,0,CAMANCHE,IA,59.0,4,Dark,Cloudy,Industry,Yard/switching,4,11365,1182,12547,T213,41.796612000000003,-90.291335000000004
NJTR,202407362,2024-06-30,1:00 AM,Other (describe in narrative),0,PRINCETON,NJ,74.0,4,Dark,Clear,Siding,EMU,0,21670,0,21670,E78L,40.317672999999999,-40.317672999999999
CSX,000167287,2017-03-07,5:15 PM,Derailment,0,BLUE ISLAND,IL,46.0,2,Day,Clear,Main,Freight Train,3,40585,975,41560,H525,41.640236999999999,-87.671943999999996
CSX,000194123,2020-11-28,3:40 AM,Other impacts,0,COLUMBUS,OH,45.0,4,Dark,Clear,Yard,Cut of cars,6,34500,0,34500,H312,39.972332999999999,-83.021122000000005
NS,145868,2022-07-16,6:55 PM,Hwy-rail crossing,0,DURHAM,NC,85.0,3,Dusk,Clear,Main,,0,0,0,0,M308,36.027509000000002,-78.970214999999996
NS,142470,2021-08-08,2:30 PM,Derailment,0,CHICAGO,IL,85.0,2,Day,Clear,Yard,Light loco(s),6,22903,756,23659,H704,41.795347,-87.635316000000003
CSX,000142366,2015-03-02,3:15 PM,Derailment,0,WAYCROSS,GA,65.0,2,Day,Clear,Yard,Yard/switching,7,91447,29453,120900,M411,31.213524,-82.353588999999999
LI,69235,2019-02-22,2:24 PM,Derailment,0,RICHMOND HILL,NY,41.0,2,Day,Clear,Yard,Single Car,4,7032,6714,13746,E0HC,40.698047000000003,-73.815747999999999
UP,0915NP013,2015-09-20,10:40 PM,Derailment,0,ALEXANDRIA,NE,67.0,4,Dark,Cloudy,Main,Freight Train,5,11311,14676,25987,E67C,40.246305999999997,-97.389612
MNNR,0823001,2023-08-04,4:11 PM,Derailment,0,ST PAUL,MN,84.0,2,Day,Clear,Yard,Yard/switching,4,0,65862,80856,M507,44.972653999999999,-93.195468000000005
CRSH,131138,2018-09-29,4:40 AM,Derailment,0,NEWARK,NJ,66.0,1,Dawn,Clear,Yard,Yard/switching,0,1273,0,70073,S007,40.706359999999997,-74.134506000000002
ALS,20170621,2017-06-21,4:30 PM,Raking collision,0,EAST ST LOUIS,IL,92.0,2,Day,Clear,Yard,Cut of cars,3,13130,86,13216,M408,39.596277000000001,-98.147175000000004
UP,0524RM008,2024-05-07,7:30 PM,Derailment,0,IDAHO FALLS,ID,46.0,3,Dusk,Cloudy,Siding,Freight Train,8,11335,0,11335,M404,43.492291999999999,-112.03752
NJTR,201808406,2018-08-11,12:30 AM,Derailment,0,LONG BRANCH,NJ,70.0,4,Dark,Clear,Yard,Yard/switching,7,58000,10989,117596,H704,40.293337999999999,-73.988529999999997
WE,150159,2015-12-10,11:30 PM,Derailment,0,PLYMOUTH,OH,40.0,4,Dark,Clear,Main,Freight Train,39,165923,493491,659414,T222,40.988447000000001,-82.717799999999997
BPRR,BPR485017D,2017-11-08,4:00 PM,Derailment,0,BUFFALO,NY,32.0,2,Day,Clear,Yard,Yard/switching,4,26044,0,26044,H702,42.855486999999997,-78.847875999999999
CSX,000180934,2019-01-23,9:38 AM,Derailment,0,SELKIRK,NY,28.0,2,Day,Clear,Yard,Cut of cars,0,11571,0,22906,S007,42.565902999999999,-73.854184000000004
NS,155595,2024-01-28,4:46 AM,Other impacts,0,BELLEVUE,OH,35.0,1,Dawn,Rain,Yard,Single Car,2,13479,0,32258,S007,41.29034,-82.788150999999999
BNSF,MT1122102,2022-11-18,8:53 PM,Derailment,0,GLENDIVE,MT,20.0,3,Dusk,Clear,Yard,Light loco(s),9,31000,4500,35500,H702,47.102817999999999,-104.713553
CSX,000151727,2015-09-03,1:00 PM,Other impacts,0,CUMBERLAND,MD,90.0,2,Day,Clear,Yard,Cut of cars,4,24000,0,40642,M599,39.649746,-78.758058000000005
CSX,000161596,2016-07-25,12:48 AM,Hwy-rail crossing,0,CHELSEA,AL,80.0,4,Dark,Clear,Main,Freight Train,35,616,32000,32616,M302,33.340997999999999,-86.630426999999997
ABS,D660515,2015-01-26,7:30 AM,Derailment,0,ETHELSVILLE,AL,50.0,1,Dawn,Clear,Main,Freight Train,8,191644,30000,221644,T221,33.408016000000003,-88.212050000000005
MNCW,73468,2020-10-06,8:15 PM,Other impacts,0,CROTON ON HUDSON,NY,65.0,4,Dark,Clear,Yard,Cut of cars,2,30768,0,32926,E39C,41.194932000000001,-73.885424999999998
BNSF,SF1015110,2015-10-19,1:52 AM,Derailment,0,BIRMINGHAM,AL,54.0,4,Dark,Clear,Yard,Cut of cars,0,30598,0,332566,H599,33.526418999999997,-86.850860999999995
BNSF,KS1023110,2023-10-23,10:05 AM,Derailment,0,OTTAWA,KS,68.0,2,Day,Cloudy,Yard,Freight Train,4,60158,51855,112013,H307,38.635793,-95.266752999999994
BNSF,TC1220105,2020-12-27,11:40 AM,Other impacts,0,ULEN,MN,20.0,2,Day,Cloudy,Industry,Light loco(s),8,10694,0,14694,H301,47.057718000000001,-96.258184
NS,116363,2015-07-03,12:30 PM,Other impacts,0,BELLEVUE,OH,69.0,2,Day,Cloudy,Yard,Yard/switching,3,18400,0,18600,M408,41.293151999999999,-82.783203999999998
UP,0121LA003,2021-01-04,6:02 PM,Derailment,0,LORDSBURG,NM,56.0,3,Dusk,Clear,Yard,Yard/switching,5,18399,1602,20001,H607,32.349871999999998,-108.704981
NS,126223,2017-08-11,11:27 PM,Other (describe in narrative),0,BELLEVUE,OH,72.0,4,Dark,Clear,Yard,Cut of cars,2,12000,0,12000,H316,41.292310000000001,-82.784211999999997
LI,EQ20150202,2015-02-19,10:30 PM,Other impacts,0,RICHMOND HILL,NY,5.0,4,Dark,Clear,Yard,Light loco(s),5,152920,0,240195,H399,40.697060999999998,-73.822238999999996
NS,115073,2015-03-31,8:40 PM,Side collision,0,IRONDALE,AL,72.0,4,Dark,Clear,Yard,Yard/switching,5,18893,164034,252727,H306,33.539022000000003,-86.706299000000001
UP,0822HL006,2022-08-08,10:26 AM,Other impacts,0,HERINGTON,KS,71.0,2,Day,Clear,Yard,Yard/switching,4,34659,0,34915,H318,38.679220999999998,-96.948992000000004
BNSF,SW0424107,2024-04-20,4:58 AM,Obstruction,0,THOREAU,NM,50.0,1,Dawn,Clear,Main,Freight Train,65,1200,25000,26200,M402,35.418554,-108.290509
MNBR,MNB557920,2020-02-20,10:40 AM,Derailment,0,PENNINGTON,AL,50.0,2,Day,Rain,Main,Freight Train,10,16777,18740,35517,M103,32.237799000000003,-88.013779999999997
NS,131029,2018-09-20,11:55 AM,Derailment,0,CLEVELAND,OH,72.0,2,Day,Clear,Yard,Yard/switching,6,37000,250,37250,H306,41.453135000000003,-81.685040999999998
NS,122579,2016-10-28,11:30 AM,Hwy-rail crossing,0,OLMSTED FALLS,OH,50.0,2,Day,Clear,Main,Freight Train,42,3951,25868,29819,M303,41.37518,-81.902456999999998
NS,137549,2020-03-22,11:00 AM,Other impacts,0,MARION,MS,60.0,2,Day,Clear,Industry,Cut of cars,0,8000,0,16000,H301,32.390458000000002,-88.658867000000001
CSX,000168573,2017-04-28,12:30 PM,Side collision,0,WALBRIDGE,OH,60.0,2,Day,Clear,Yard,Yard/switching,4,22550,592,57280,H306,41.589930000000003,-83.496859999999998
NS,153034,2023-05-09,3:45 AM,Other (describe in narrative),0,ERNUL,NC,68.0,4,Dark,Clear,Industry,Freight Train,10,59620,2155,61775,H702,35.256458000000002,-77.081928000000005
CSX,000149180,2015-07-14,3:38 PM,Hwy-rail crossing,0,SEBREE,KY,90.0,2,Day,Clear,Main,Freight Train,13,847,87000,87847,M399,37.600363000000002,-87.532717000000005
CSX,000158849,2016-04-07,3:40 AM,Derailment,0,HOYTVILLE,OH,40.0,4,Dark,Rain,Main,Freight Train,44,10307,2000,12307,E61C,41.201227000000003,-83.866640000000004
NS,128560,2018-02-17,5:08 AM,Derailment,0,IRONDALE,AL,72.0,1,Dawn,Clear,Yard,Yard/switching,5,35000,45320,105320,M407,33.548904999999998,-86.67801
UP,0220GL030,2020-02-21,7:39 PM,Derailment,0,MINNEAPOLIS,MN,28.0,3,Dusk,Cloudy,Yard,,0,0,26400,63504,H503,44.974034000000003,-93.201460999999995
UP,0424GL031,2024-04-28,3:35 PM,Derailment,0,COLUMBUS,NE,61.0,2,Day,Cloudy,Yard,Freight Train,4,26902,26645,53547,H307,41.426872000000003,-97.375681
NJTR,202108352,2021-08-24,1:30 AM,Derailment,0,BAY HEAD,NJ,75.0,4,Dark,Clear,Yard,Light loco(s),5,51793,12062,63855,H704,40.077334,-74.050323000000006
BNSF,PR0520109,2020-05-18,1:10 PM,Derailment,0,ALLIANCE,NE,80.0,2,Day,Clear,Yard,Freight Train,6,9720,5623,15343,H307,42.063074,-102.902591
CP,1001045836,2019-08-08,9:10 PM,Other impacts,0,BENSENVILLE,IL,65.0,4,Dark,Clear,Yard,Yard/switching,10,60949,0,90136,H306,41.943565999999997,-87.891047
FEC,X30060124,2024-06-01,6:47 PM,Obstruction,0,HOLLYWOOD,FL,82.0,2,Day,Clear,Main,,0,0,0,18987,M402,26.033799999999999,-80.149850999999998
GRS,20180606W1,2018-06-06,7:20 PM,Derailment,0,MECHANICVILLE,NY,68.0,3,Dusk,Clear,Main,Freight Train,8,58316,12132,70448,M201,42.927500000000002,-73.671666000000002
CFE,CFE866721D,2021-08-29,5:20 PM,Derailment,0,FORT WAYNE,IN,88.0,2,Day,Clear,Yard,Freight Train,8,10760,38670,49430,M405,41.055774999999997,-85.084674000000007
BKRR,20231201,2023-12-20,4:35 PM,Derailment,0,SHUSHAN,NY,34.0,3,Dusk,Cloudy,Main,Freight Train,10,105083,8500,113583,E47C,43.132807,-73.352018000000001
ATK,138298,2015-07-16,10:20 AM,Other (describe in narrative),0,WEEHAWKEN,NJ,80.0,2,Day,Clear,Main,,0,0,0,11000,E78L,40.771070000000002,-74.054045000000002
BNSF,CH1117117,2017-11-30,7:00 AM,Obstruction,0,WILLOW SPRINGS,IL,40.0,1,Dawn,Cloudy,Yard,Freight Train,7,30000,0,30000,M404,41.750131000000003,-87.867833000000005
CSX,000171748,2017-09-20,7:32 AM,Other impacts,0,BIRMINGHAM,AL,75.0,1,Dawn,Clear,Yard,Cut of cars,1,40993,2002,43534,H318,33.543607000000002,-86.790088999999995
CSX,000177302,2018-06-29,4:25 AM,Other impacts,0,CINCINNATI,OH,67.0,1,Dawn,Clear,Yard,Single Car,0,0,0,11978,M407,39.111198000000002,-84.544066999999998
NJTR,202409462,2024-08-19,10:11 PM,Other impacts,0,KEARNY,NJ,70.0,4,Dark,Clear,Yard,Yard/switching,3,33956,0,33956,E39C,40.744134000000003,-74.10378
UP,0524GL022,2024-05-22,3:00 AM,Derailment,0,SOUTH ST PAUL,MN,57.0,4,Dark,Cloudy,Yard,Yard/switching,0,12968,15920,28888,H702,44.907682000000001,-93.047431000000003
NS,122261,2016-09-30,5:15 PM,Other impacts,0,IRONDALE,AL,68.0,3,Dusk,Clear,Yard,Yard/switching,10,21572,11003,34358,E30C,33.548904999999998,-86.67801
UP,0719HL025,2019-07-26,9:23 AM,Derailment,0,KANSAS CITY,MO,77.0,2,Day,Clear,Yard,Yard/switching,1,35171,99,35270,S007,39.113906,-94.481136000000006
UP,1017PR028,2017-10-26,10:00 AM,Other (describe in narrative),0,MELROSE PARK,IL,60.0,2,Day,Clear,Industry,Yard/switching,3,11050,0,11050,M501,41.899918999999997,-87.907775999999998
CSX,000216222,2024-02-15,1:12 AM,Side collision,0,BALTIMORE,MD,38.0,4,Dark,Clear,Yard,Freight Train,8,46437,0,65729,H704,39.275962999999997,-76.559603999999993
LI,74358,2021-03-25,1:50 PM,Obstruction,0,PLANDOME,NY,0.0,2,Day,Cloudy,Main,EMU,30,36320,0,36320,M404,40.811281999999999,-73.695134999999993
NYA,NYA00065F,2022-06-24,2:57 AM,Derailment,0,RONKONKOMA,NY,60.0,4,Dark,Clear,Main,Freight Train,10,32722,0,48890,E70L,40.809697,-73.091470000000001
NS,117239,2015-09-03,11:10 PM,Derailment,0,FREMONT,OH,69.0,4,Dark,Rain,Yard,Freight Train,6,42860,7200,50060,H702,41.353903000000003,-83.110902999999993
NS,126675,2017-09-18,10:40 AM,Derailment,0,EVENDALE,OH,70.0,2,Day,Clear,Yard,Freight Train,0,10283,747,11030,H306,39.264113999999999,-84.420348000000004
NS,116960,2015-08-16,3:05 PM,Derailment,0,MORAINE,OH,85.0,2,Day,Clear,Yard,Freight Train,3,39000,15200,54200,H018,39.706190999999997,-84.218682999999999
CSX,000192437,2020-09-03,1:45 PM,Side collision,0,CINCINNATI,OH,81.0,2,Day,Clear,Yard,Single Car,6,12176,0,30786,H301,37.850351000000003,-84.256836000000007
CSX,000213590,2023-09-20,4:21 AM,Derailment,0,SELKIRK,NY,48.0,4,Dark,Clear,Yard,Yard/switching,7,401463,580,402043,H403,42.575699999999998,-73.936000000000007
BNSF,PR0715107,2015-07-17,8:55 PM,Side collision,0,ALLIANCE,NE,73.0,3,Dusk,Clear,Yard,Yard/switching,8,2160,0,12322,H607,42.067507999999997,-102.897728
NS,129831,2018-06-15,8:09 AM,Derailment,0,CHICAGO,IL,79.0,2,Day,Clear,Yard,Freight Train,6,18598,100,18698,H513,41.781807000000001,-87.632030999999998
BNSF,HL0120107,2020-01-10,7:09 PM,Other (describe in narrative),0,SOUTH BEND,NE,22.0,3,Dusk,Snow,Main,Freight Train,4,0,23000,23000,H705,40.998112999999996,-96.237560999999999
NICD,N1600026,2016-12-07,5:55 AM,Hwy-rail crossing,0,MICHIGAN CITY,IN,32.0,4,Dark,Clear,Main,Passenger Train - Pulling,35,18977,0,18977,M308,41.713247000000003,-86.873801999999998
NICD,N1900022,2019-10-16,4:30 PM,Hwy-rail crossing,0,MICHIGAN CITY,IN,40.0,2,Day,Cloudy,Main,Commuter Train - Pulling,40,21000,16883,37883,M308,41.424782999999998,-86.523938999999999
NICD,N1900017,2019-08-19,4:10 PM,Other (describe in narrative),0,GARY,IN,82.0,2,Day,Clear,Main,Commuter Train - Pulling,50,44773,37857,82630,M599,41.605514999999997,-87.397831999999994
CSX,000162400,2016-08-24,6:28 PM,Other impacts,0,SELKIRK,NY,73.0,3,Dusk,Clear,Yard,Single Car,7,10881,0,10881,H317,42.565902999999999,-73.854184000000004
NS,131233,2018-10-07,6:30 PM,Other impacts,0,BELLEVUE,OH,68.0,3,Dusk,Fog,Yard,Yard/switching,4,4732,9171,13903,M411,41.288305999999999,-82.801342000000005
NS,116824,2015-08-06,12:20 PM,Derailment,0,MUSCLE SHOALS,AL,88.0,2,Day,Rain,Yard,Yard/switching,5,100300,44548,144848,E39C,34.712550999999998,-87.616782000000001
CSX,000208894,2022-12-20,3:50 AM,Derailment,0,CINCINNATI,OH,28.0,4,Dark,Cloudy,Yard,Freight Train,7,69700,6118,75818,T220,39.136408000000003,-84.542399000000003
CSX,000197208,2021-04-24,10:45 PM,Side collision,0,CINCINNATI,OH,45.0,4,Dark,Cloudy,Yard,Single Car,2,38771,0,41536,H018,39.108302999999999,-84.538432
CSX,000176158,2018-05-02,11:22 PM,Derailment,0,NAPPANEE,IN,62.0,4,Dark,Rain,Main,Freight Train,42,721631,83505,805136,M105,41.433219999999999,-85.899687999999998
CSX,000163368,2016-10-03,9:45 PM,Derailment,0,WILLARD,OH,58.0,4,Dark,Clear,Yard,Cut of cars,4,4669,130800,135469,H318,41.059857000000001,-82.723963999999995
BNSF,KS1216106,2016-12-21,5:56 AM,Other (describe in narrative),0,KANSAS CITY,KS,28.0,1,Dawn,Clear,Yard,Yard/switching,5,20000,0,20000,E06C,39.084454999999998,-94.683186000000006
UP,1114NP031,2014-11-23,8:15 AM,Derailment,0,NORTH PLATTE,NE,33.0,2,Day,Clear,Yard,Yard/switching,4,7735,56199,64184,H704,41.141573999999999,-100.775598
BNSF,SW1221104,2021-12-12,10:25 PM,Derailment,0,FORT SUMNER,NM,33.0,4,Dark,Clear,Main,Freight Train,63,1465571,699000,2164571,T214,34.436864,-104.063552
NS,138393,2020-07-02,2:30 AM,Other impacts,0,BELLEVUE,OH,67.0,4,Dark,Clear,Yard,Single Car,4,16256,10500,34520,H312,41.289406999999997,-82.792542999999995
NYNJ,202004,2020-02-18,12:25 AM,Derailment,0,NEW YORK-KINGS,NY,37.0,4,Dark,Clear,Yard,,0,0,200000,210483,H025,40.643839999999997,-74.032520000000005
CRSH,131138,2018-09-29,4:40 AM,Derailment,0,NEWARK,NJ,66.0,1,Dawn,Clear,Yard,Single Car,9,68164,0,70073,S007,40.706359999999997,-74.134506000000002
KAW,231025001,2023-10-25,3:55 AM,Derailment,0,NORTH KANSAS CITY,MO,65.0,4,Dark,Rain,Industry,,0,0,200000,480000,H607,39.126582999999997,-94.574526000000006
UP,0221GC034,2021-02-21,12:15 AM,Derailment,0,LIVONIA,LA,42.0,4,Dark,Clear,Yard,Freight Train,3,8389,26360,34749,M404,30.544149000000001,-91.569010000000006
NS,130205,2018-07-15,8:00 AM,Hwy-rail crossing,0,BELLEVUE,OH,82.0,2,Day,Clear,Yard,Freight Train,4,21067,24230,45297,M308,41.397503,-82.752241999999995
CSX,000181433,2019-02-18,3:25 PM,Hwy-rail crossing,0,DOUGLAS,GA,65.0,2,Day,Cloudy,Main,Freight Train,59,42897,97,42994,M302,31.531884999999999,-82.916571000000005
BNSF,TC0117112,2017-01-11,9:29 PM,Derailment,0,FRIDLEY,MN,6.0,4,Dark,Clear,Yard,Yard/switching,4,2839,34803,37642,M411,45.039377000000002,-93.271854000000005
NS,114986,2015-03-26,12:45 AM,Derailment,0,GARDEN CITY,GA,55.0,4,Dark,Fog,Yard,Freight Train,9,185000,4000,189000,H306,32.117758000000002,-81.154252
CSX,000182944,2019-05-14,1:00 AM,Derailment,0,INDIANAPOLIS,IN,48.0,4,Dark,Clear,Yard,Cut of cars,14,77464,0,77464,M407,39.759791,-86.327526000000006
CP,1000537117,2017-04-03,8:43 AM,Hwy-rail crossing,0,OTTUMWA,IA,50.0,2,Day,Rain,Main,Freight Train,20,15000,175,15175,M302,41.025984999999999,-92.426744999999997
SNJX,20220522,2022-05-22,7:41 PM,Hwy-rail crossing,0,BURLINGTON,NJ,76.0,2,Day,Clear,Main,DMU,25,0,0,0,M308,40.077956999999998,-74.856525000000005
CSX,000210448,2023-03-22,2:00 PM,Fire/violent rupture,0,CYNTHIANA,KY,60.0,2,Day,Cloudy,Main,Freight Train,32,396243,0,396243,E73L,38.391129999999997,-84.294831000000002
CSX,000158921,2016-04-11,9:30 AM,Derailment,0,WILLARD,OH,49.0,2,Day,Rain,Yard,Yard/switching,5,23642,2498,26140,T221,41.059857000000001,-82.723963999999995
CSX,000164602,2016-11-26,12:18 AM,Derailment,0,WALBRIDGE,OH,36.0,4,Dark,Clear,Yard,Freight Train,3,30659,2419,33078,H702,41.580793999999997,-83.542238999999995
KCS,15070301,2015-07-03,7:45 AM,Rear end collision,0,VIVIAN,LA,78.0,2,Day,Clear,Main,Freight Train,22,28867,7850,116614,H605,32.859318000000002,-93.985291000000004
CSX,000151951,2015-09-10,2:00 PM,Other impacts,0,BALTIMORE,MD,82.0,2,Day,Rain,Industry,Yard/switching,4,28300,0,28300,M501,39.267704000000002,-76.640369000000007
UP,0817SL016,2017-08-14,6:59 AM,Fire/violent rupture,0,GRAND TOWER,IL,91.0,1,Dawn,Clear,Main,Freight Train,11,28271,0,28271,E79L,37.673715000000001,-89.467230999999998
NS,138801,2020-08-09,9:30 AM,Derailment,0,BELLEVUE,OH,78.0,2,Day,Clear,Yard,Yard/switching,4,41000,100,41100,E22C,41.288305999999999,-82.801342000000005
UP,0224GP002,2024-02-02,12:53 PM,Other impacts,0,NORTH PLATTE,NE,37.0,2,Day,Fog,Yard,Yard/switching,10,14732,7360,26070,M411,41.146787000000003,-100.841832
NS,130749,2018-08-28,5:50 AM,Other impacts,0,IRONDALE,AL,75.0,1,Dawn,Clear,Yard,Yard/switching,3,20830,0,21830,H307,33.548904999999998,-86.67801
NS,123123,2016-12-13,7:00 AM,Derailment,0,ELKHART,IN,15.0,1,Dawn,Snow,Yard,Yard/switching,4,24775,700,25475,H702,41.67736,-85.978494999999995
KYLE,KYL900616D,2016-03-01,10:45 PM,Derailment,0,SCANDIA,KS,34.0,4,Dark,Clear,Main,Freight Train,5,92000,800,92800,H511,39.787025999999997,-97.786674000000005
NJTR,202109383,2021-09-05,10:00 PM,Derailment,0,BAY HEAD,NJ,72.0,4,Dark,Rain,Yard,Yard/switching,5,13056,2746,15802,H702,40.075178999999999,-74.053466999999998
CPKC,1002130855,2024-07-05,3:36 AM,Derailment,0,BORDULAC,ND,61.0,4,Dark,Clear,Main,Freight Train,45,3588909,26629,3615538,M505,47.383111,-98.947305999999998
NS,113635,2015-01-01,5:30 PM,Raking collision,0,IRONDALE,AL,47.0,3,Dusk,Clear,Yard,Yard/switching,2,19650,0,19650,S016,33.548904999999998,-86.678008000000005
CSX,000217361,2024-04-13,1:55 PM,Side collision,0,CUMBERLAND,MD,65.0,2,Day,Clear,Yard,Light loco(s),10,17224,877,281269,H306,39.644506999999997,-78.760868000000002
NS,153013,2023-05-01,2:15 PM,Other (describe in narrative),0,BELLEVUE,OH,65.0,2,Day,Clear,Yard,Freight Train,4,0,17501,17501,E07C,41.29034,-82.788150999999999
BNSF,HL0319121,2019-03-25,12:38 AM,Rear end collision,0,NORTH KANSAS CITY,MO,50.0,4,Dark,Clear,Yard,Cut of cars,0,8818,0,14043,H306,39.140419000000001,-94.584693999999999
MNCW,2017051832,2017-05-18,4:54 PM,Derailment,0,RYE,NY,95.0,2,Day,Clear,Main,EMU,56,781821,153000,934821,H404,40.989117,-73.674437999999995
NS,136332,2019-11-26,12:20 PM,Derailment,0,BELLEVUE,OH,45.0,2,Day,Clear,Yard,Freight Train,6,155751,6373,162124,S011,41.294080000000001,-82.779235
UP,0621PR027,2021-06-28,11:30 PM,Derailment,0,BELLWOOD,IL,74.0,4,Dark,Cloudy,Yard,Yard/switching,2,10442,11280,21722,H020,41.888396999999998,-87.868866999999995
CP,1001382453,2020-12-08,4:30 AM,Other impacts,0,BEDFORD PARK,IL,35.0,4,Dark,Clear,Yard,Freight Train,4,13122,0,107602,H306,41.764749999999999,-87.791319000000001
ATK,170371,2022-04-19,6:25 AM,Obstruction,0,HUDSON,NY,33.0,1,Dawn,Sleet,Main,Passenger Train - Pulling,80,26520,0,26520,M404,42.230893000000002,-73.832894999999994
LI,71344,2020-01-12,5:44 PM,Other (describe in narrative),0,GARDEN CITY,NY,53.0,2,Day,Clear,Main,EMU,80,21590,0,21590,M509,40.734822000000001,-73.663983000000002
MNCW,69443,2018-09-27,3:54 AM,Other impacts,0,NEW HAVEN,CT,65.0,4,Dark,Clear,Yard,Cut of cars,0,20852,0,41704,E31C,41.298765000000003,-72.923460000000006
CN,969197,2018-08-09,4:40 AM,Rear end collision,0,BUFFALO,NY,68.0,1,Dawn,Cloudy,Yard,Light loco(s),7,68333,0,69558,H999,42.901972999999998,-78.773441000000005
NS,128770,2018-03-08,10:05 AM,Obstruction,0,JASPER,AL,65.0,2,Day,Clear,Main,Spec. MoW Equip.,15,9000,0,13000,H997,33.800229000000002,-87.283700999999994
LI,80049,2023-06-22,7:52 PM,Other (describe in narrative),0,LONG BEACH,NY,69.0,3,Dusk,Cloudy,Yard,EMU,5,0,29658,29658,H706,40.591858999999999,-73.664837000000006
CSX,000148676,2015-07-02,3:30 AM,Other impacts,0,MOBILE,AL,74.0,4,Dark,Cloudy,Yard,Freight Train,4,34192,0,66823,H021,30.708349999999999,-88.045877000000004
NS,116787,2015-08-04,2:30 AM,Derailment,0,PARRISH,AL,72.0,4,Dark,Clear,Main,Light loco(s),4,37064,0,37064,H017,33.72383,-87.294158999999993
CSX,000177002,2018-06-14,11:50 AM,Derailment,0,MOBILE,AL,85.0,2,Day,Clear,Yard,Freight Train,5,23015,2010,25025,M405,30.711373999999999,-88.046531999999999
CSX,000200007,2021-09-10,11:30 PM,Side collision,0,INDIANAPOLIS,IN,70.0,4,Dark,Clear,Yard,Yard/switching,4,47572,0,65163,H306,39.759791,-86.327526000000006