reportingrailroadcode,accidentnumber,date,time,accidenttype,hazmatreleasedcars,station,stateabbr,temperature,visibility_code,visibility,weathercondition,tracktype,equipmenttype,trainspeed,equipmentdamagecost,trackdamagecost,totaldamagecost,primaryaccidentcausecode,latitude,longitude
BNSF,SF0215109,2015-02-22,10:55 PM,Derailment,0,BIRMINGHAM,AL,51.0,4,Dark,Rain,Yard,,0,0,5000,17000,H505,33.548062999999999,-86.799843999999993
CSX,000206913,2022-08-27,9:05 AM,Derailment,0,CLEVELAND,OH,75.0,2,Day,Clear,Yard,Yard/switching,8,22415,144,22559,H202,41.570295999999999,-81.556448000000003
UP,0520GP026,2020-05-25,10:30 PM,Side collision,0,NORTH PLATTE,NE,53.0,4,Dark,Clear,Yard,Yard/switching,0,63825,0,67297,M408,41.143937000000001,-100.78561500000001
UP,1215CB016,2015-12-28,11:25 AM,Derailment,0,OGDEN,IA,23.0,2,Day,Snow,Main,Freight Train,44,14719,117269,131988,E53C,42.039397999999998,-94.036472000000003
LI,EQ20150305,2015-03-11,6:50 PM,Derailment,0,RICHMOND HILL,NY,55.0,2,Day,Clear,Yard,Light loco(s),5,53561,8872,62433,H799,40.697429999999997,-73.819635000000005
WE,150046,2015-03-27,6:00 AM,Derailment,0,BREWSTER,OH,35.0,1,Dawn,Snow,Yard,Cut of cars,8,15600,165,15765,H602,40.715031000000003,-81.630792
NYA,111620,2020-11-16,11:50 AM,Derailment,0,NEW YORK -QUEENS,NY,57.0,2,Day,Clear,Yard,Yard/switching,5,20391,32860,53251,H506,40.707385000000002,-73.888602000000006
NS,120598,2016-05-22,12:52 AM,Other (describe in narrative),0,BELLEVUE,OH,50.0,4,Dark,Clear,Yard,Single Car,0,17000,0,17000,M406,41.292310000000001,-82.784211999999997
KCS,19110403,2019-11-04,11:20 AM,Other impacts,0,RESERVE,LA,65.0,2,Day,Clear,Main,Freight Train,3,81702,0,81702,H302,30.069407000000002,-90.575365000000005
CSX,000154642,2015-11-21,8:30 PM,Derailment,0,NEW ORLEANS,LA,46.0,4,Dark,Clear,Yard,Freight Train,3,12860,2114,14974,M101,30.007422999999999,-90.012966000000006
NS,131660,2018-11-14,8:30 AM,Hwy-rail crossing,0,BUTLER,IN,30.0,2,Day,Clear,Main,,0,0,0,13793,M303,41.42971,-84.860730000000004
NS,121374,2016-07-24,1:44 AM,Derailment,0,MONTPELIER,OH,76.0,4,Dark,Clear,Yard,Freight Train,1,59629,49889,109518,T221,41.586368,-84.580116000000004
CSX,000180609,2019-01-04,10:25 AM,Other impacts,0,CAYUGA,IN,40.0,2,Day,Cloudy,Industry,Cut of cars,4,106600,1000,119600,H702,39.950873999999999,-87.463027999999994
MNCW,83036,2024-07-18,1:12 AM,Other impacts,0,BREWSTER,NY,64.0,4,Dark,Rain,Yard,EMU,0,225000,268833,568833,H307,41.406765999999998,-73.621298999999993
CSX,000208472,2022-11-22,7:08 AM,Derailment,0,COLUMBUS,OH,28.0,1,Dawn,Cloudy,Yard,Freight Train,0,46206,0,347934,E64C,39.972310999999998,-83.021134000000004
MNCW,2018081500,2018-08-15,1:30 AM,Obstruction,0,CROTON ON HUDSON,NY,0.0,4,Dark,Clear,Yard,Cut of cars,7,11512,0,11512,M402,41.197234999999999,-73.886324999999999
CSX,000151018,2015-08-23,10:23 AM,Derailment,0,CINCINNATI,OH,82.0,2,Day,Clear,Yard,Yard/switching,15,8722,2600,11322,S016,39.104323000000001,-84.538946999999993
UP,0920HL012,2020-09-18,10:57 AM,Hwy-rail crossing,0,HAVILAND,KS,69.0,2,Day,Clear,Main,Freight Train,50,16594,598,17192,M302,37.613045999999997,-99.141228999999996
NS,156017,2024-03-12,5:50 AM,Other impacts,0,CHARLOTTE,NC,42.0,1,Dawn,Clear,Yard,Single Car,2,150,0,14418,M599,35.228064000000003,-80.852619000000004
UP,0523HL012,2023-05-15,10:05 AM,Derailment,0,TOPEKA,KS,63.0,2,Day,Rain,Yard,Freight Train,4,4204,9568,13772,E64C,39.076721999999997,-95.695324999999997
NS,144069,2022-01-19,3:30 AM,Derailment,0,FORT WAYNE,IN,41.0,4,Dark,Cloudy,Main,Freight Train,19,10795,10311,21106,E24C,41.071750000000002,-85.167906000000002
CSX,000196889,2021-04-08,1:05 PM,Derailment,0,CLEVELAND,OH,75.0,2,Day,Cloudy,Yard,Yard/switching,9,35165,5000,40165,H019,41.563675000000003,-81.573652999999993
ATK,152305,2018-02-02,1:30 AM,Other impacts,0,LONG ISLAND CITY,NY,40.0,4,Dark,Rain,Yard,Cut of cars,0,237,0,16817,H302,40.745158000000004,-73.939066999999994
MACZ,1507201650,2015-07-20,4:50 PM,Hwy-rail crossing,0,SILVER SPRING,MD,91.0,3,Dusk,Clear,Main,Commuter Train - Pulling,43,150000,0,150000,M399,39.013748999999997,-77.054794999999999
BNSF,CH0218100,2018-02-05,11:30 AM,Derailment,0,FORT MADISON,IA,14.0,2,Day,Cloudy,Main,,0,0,256500,787595,E71L,40.591673999999998,-91.420899000000006
UP,0122HL026,2022-01-14,10:03 PM,Derailment,0,WICHITA,KS,30.0,4,Dark,Snow,Yard,Freight Train,10,25402,400,25802,T212,37.730424999999997,-97.322087999999994
UP,0623GL016,2023-06-18,9:50 PM,Derailment,0,ST PAUL,MN,70.0,4,Dark,Cloudy,Main,Freight Train,5,64292,751026,820044,H503,44.927458999999999,-93.040384000000003
CSX,000216650,2024-03-10,11:47 AM,Derailment,0,BUFFALO,NY,30.0,2,Day,Snow,Yard,Freight Train,5,56016,89,56105,H601,42.900370000000002,-78.786985000000001
MNCW,201973,2019-06-20,7:05 AM,Obstruction,0,NORWALK,CT,70.0,1,Dawn,Clear,Main,Spec. MoW Equip.,0,50,0,14904,H999,41.109786,-73.391396999999998
CSX,000175478,2018-03-27,7:30 AM,Derailment,0,CHANNAHON,IL,51.0,1,Dawn,Cloudy,Industry,Single Car,5,18650,628,19278,H018,41.469434,-88.177368999999999
BNSF,TC0720106,2020-07-11,10:00 AM,Derailment,0,FRIDLEY,MN,85.0,2,Day,Clear,Yard,Freight Train,3,16011,10200,26211,H503,45.065812000000001,-93.271387000000004
UP,0618LK045,2018-06-22,7:45 AM,Derailment,0,SHREVEPORT,LA,82.0,4,Dark,Clear,Yard,Yard/switching,6,10516,2464,12980,H503,32.514575000000001,-93.744493000000006
MNCW,71669,2020-01-25,1:10 AM,Derailment,0,NORWALK,CT,40.0,4,Dark,Clear,Main,Spec. MoW Equip.,2,31203,0,31203,E99C,41.098756999999999,-73.419201000000001
UP,0717PR007,2017-07-06,12:28 AM,Other impacts,0,SOUTH HOLLAND,IL,68.0,4,Dark,Clear,Yard,Yard/switching,9,2506,10923,27099,H702,41.610481999999998,-87.611333999999999
BLF,20245167,2024-08-08,3:12 PM,Hwy-rail crossing,0,LAKE PARK,FL,94.0,2,Day,Clear,Main,Passenger Train - Pulling,79,28000,0,28478,M308,26.808135,-80.077337
CSX,000200266,2021-09-23,11:50 AM,Other impacts,0,FEURA BUSH,NY,71.0,2,Day,Cloudy,Yard,Single Car,7,14498,0,14611,M105,42.565902999999999,-73.854184000000004
NIRC,9419000384,2021-08-05,11:06 AM,Derailment,0,CHICAGO,IL,84.0,2,Day,Clear,Main,Spec. MoW Equip.,5,781,15749,16530,H701,41.674140000000001,-87.64676
LI,67995,2018-05-23,11:45 AM,Other (describe in narrative),0,KEW GARDENS,NY,80.0,2,Day,Clear,Main,EMU,80,10702,0,10702,M509,40.709314999999997,-73.830421999999999
BNSF,TC0120111,2020-01-07,8:00 PM,Derailment,0,DULUTH,MN,9.0,3,Dusk,Snow,Yard,Single Car,0,635,0,15600,H703,46.728585000000002,-92.166863000000006
WC,1061560,2021-02-15,8:15 AM,Derailment,0,WEST CHICAGO,IL,21.0,2,Day,Snow,Main,Freight Train,27,173731,235674,409405,E51C,41.887633999999998,-88.209396999999996
CSX,000189994,2020-05-01,7:56 PM,Side collision,0,CINCINNATI,OH,59.0,3,Dusk,Cloudy,Yard,Freight Train,3,15300,0,49350,H307,39.168056999999997,-84.512297000000004
NS,140135,2020-12-31,6:00 PM,Derailment,0,BELLEVUE,OH,28.0,3,Dusk,Clear,Yard,Cut of cars,0,381441,0,1639062,H508,41.297936,-82.760942
CSX,000150056,2015-07-31,3:53 AM,Derailment,0,WILLARD,OH,65.0,4,Dark,Clear,Yard,Cut of cars,0,21129,0,69900,H018,41.058951,-82.718557000000004
UP,1216PR012,2016-12-13,1:40 AM,Derailment,0,JOLIET,IL,10.0,4,Dark,Cloudy,Yard,Cut of cars,5,24378,0,61267,H607,41.480598000000001,-88.090050000000005
UP,0520MA010,2020-05-04,5:15 PM,Derailment,0,CAMPBELL,MO,66.0,2,Day,Rain,Main,Freight Train,36,1516865,98721,1615586,M105,36.468969000000001,-90.114677999999998
CSX,000200266,2021-09-23,11:50 AM,Other impacts,0,FEURA BUSH,NY,71.0,2,Day,Cloudy,Yard,Single Car,7,113,0,14611,M105,42.565902999999999,-73.854184000000004
CSX,000189580,2020-04-02,10:30 AM,Other impacts,0,CLEVELAND,OH,51.0,2,Day,Clear,Yard,Cut of cars,6,12265,0,12265,H312,41.571337999999997,-81.556839999999994
NS,152842,2023-04-18,1:20 AM,Other impacts,0,GREENSBORO,NC,55.0,4,Dark,Clear,Yard,Yard/switching,8,18000,0,19814,H021,36.060802000000002,-79.835085000000007
WE,170087,2017-08-04,2:10 AM,Derailment,0,SEVILLE,OH,76.0,4,Dark,Clear,Main,Yard/switching,3,779,12949,13728,E64C,41.009180000000001,-81.981589
BNSF,MT1217103,2017-12-21,3:52 AM,Derailment,0,GREAT FALLS,MT,15.0,4,Dark,Snow,Yard,Light loco(s),5,13886,2000,15886,H607,47.502994000000001,-111.324883
WE,240064,2024-07-29,12:35 AM,Derailment,0,BREWSTER,OH,75.0,4,Dark,Clear,Yard,Yard/switching,3,75000,0,75000,H522,40.707003,-81.598179000000002
WC,955453,2018-04-11,5:27 PM,Derailment,0,GARY,IN,56.0,2,Day,Clear,Yard,Yard/switching,2,31667,0,146091,S016,41.616984000000002,-87.366354999999999
CFE,CFE333320D,2020-02-11,12:15 PM,Derailment,0,LIMA,OH,38.0,2,Day,Cloudy,Main,Freight Train,10,1858,18025,19883,H607,40.747244000000002,-84.118159000000006
CSX,000184181,2019-07-16,6:17 PM,Other impacts,0,WALBRIDGE,OH,91.0,3,Dusk,Rain,Yard,Cut of cars,10,24561,700,33285,E32C,41.589930000000003,-83.496859999999998
CSX,000176738,2018-06-02,2:20 PM,Derailment,0,SYRACUSE,NY,67.0,2,Day,Clear,Industry,,0,0,34515,81038,E35C,43.061348000000002,-76.192284999999998
NS,121827,2016-08-26,12:40 AM,Other impacts,0,IRONDALE,AL,78.0,4,Dark,Clear,Yard,Yard/switching,2,79000,2657,164294,S007,33.548904999999998,-86.67801
CSX,000209799,2023-02-14,12:03 PM,Hwy-rail crossing,0,ASHLAND,KY,60.0,2,Day,Clear,Main,Freight Train,31,23688,490,24178,M308,38.450952999999998,-82.612201999999996
CSX,000207515,2022-09-27,4:27 PM,Side collision,0,SELKIRK,NY,68.0,2,Day,Clear,Yard,Light loco(s),7,70628,0,71619,H403,42.566077999999997,-73.854462999999996
CSX,000219049,2024-07-02,11:15 PM,Derailment,0,BIRMINGHAM,AL,79.0,4,Dark,Clear,Yard,Yard/switching,4,83887,3743,92345,M404,33.543615000000003,-86.790110999999996
BNSF,SW0721108,2021-07-26,8:10 AM,Obstruction,0,CLOVIS,NM,80.0,1,Dawn,Clear,Main,Freight Train,14,1850,11152,13002,M402,34.361567000000001,-103.223179
BNSF,KS0922107,2022-09-16,1:05 PM,Side collision,0,KANSAS CITY,KS,82.0,2,Day,Clear,Yard,Yard/switching,4,80832,0,271586,M407,39.082172,-94.677798999999993
LI,76636,2022-02-21,7:01 PM,Obstruction,0,FOREST HILLS,NY,39.0,4,Dark,Clear,Main,EMU,40,57850,0,57850,M404,40.722095000000003,-73.851578000000003
NS,155480,2024-01-20,10:30 PM,Derailment,0,HIGH POINT,NC,16.0,4,Dark,Clear,Yard,Freight Train,5,140000,0,140000,H303,35.949607,-80.016501000000005
CRSH,140159,2021-01-01,4:00 AM,Other impacts,0,NEWARK,NJ,37.0,1,Dawn,Clear,Yard,Yard/switching,5,166738,0,168153,H317,40.706693000000001,-74.133706000000004
NS,138488,2020-07-10,3:30 PM,Other impacts,0,BELLEVUE,OH,72.0,2,Day,Clear,Yard,Single Car,0,106323,0,141273,H312,41.288305999999999,-82.801342000000005
CSX,000139277,2014-12-23,4:07 PM,Other impacts,0,ROTTERDAM,NY,35.0,3,Dusk,Cloudy,Yard,Freight Train,2,1500,0,17223,H306,42.787216999999998,-73.993797999999998
CSX,000174146,2018-01-20,11:15 AM,Obstruction,0,MARION,OH,35.0,2,Day,Clear,Main,Maint./inspect Car,0,2000,32,12285,H993,40.585887,-83.206067000000004
MNCW,80503,2023-08-23,11:07 PM,Other impacts,0,BREWSTER,NY,72.0,4,Dark,Clear,Yard,EMU,1,48604,0,48604,M507,41.406754999999997,-73.622163
NS,153563,2023-07-07,11:10 PM,Other (describe in narrative),0,MINGO JUNCTION,OH,65.0,4,Dark,Clear,Yard,Yard/switching,6,20403,100,20503,E30C,40.309626000000002,-80.610951999999997
WE,170079,2017-06-24,10:00 PM,Derailment,0,COLLINS,OH,66.0,4,Dark,Clear,Main,Yard/switching,8,109500,121129,230629,E64C,41.191428000000002,-82.425910999999999
LIRC,0329201801,2018-03-29,12:41 AM,Rear end collision,0,INDIANAPOLIS,IN,53.0,4,Dark,Fog,Main,Freight Train,0,100000,0,104394,H607,39.701255000000003,-86.136911999999995
WE,220087,2022-12-23,1:15 AM,Derailment,0,BREWSTER,OH,30.0,4,Dark,Sleet,Yard,Yard/switching,10,9506,8326,17832,H306,40.707003,-81.598179000000002
NS,129502,2018-05-17,11:40 AM,Hwy-rail crossing,0,HUNTINGBURG,IN,83.0,2,Day,Clear,Main,Freight Train,27,14,12280,12294,M303,38.310665999999998,-86.979500000000002
UP,0422GC003,2022-04-02,11:52 AM,Other impacts,0,MARINGOUIN,LA,72.0,2,Day,Clear,Yard,Yard/switching,7,16527,0,17620,M408,30.530905000000001,-91.559607999999997
UP,1217NP009,2017-12-15,11:50 AM,Derailment,0,COUNCIL BLUFFS,IA,45.0,2,Day,Clear,Main,Yard/switching,10,19216,45416,64632,E04C,41.285429000000001,-95.860234000000005
LI,76421,2022-01-30,4:15 PM,Derailment,0,PORT JEFFERSON STA,NY,24.0,3,Dusk,Clear,Yard,Passenger Train - Pulling,8,6792,43053,49845,M101,40.933549999999997,-73.043935000000005
BNSF,HL0424120,2024-04-22,6:19 PM,Derailment,0,BENNET,NE,56.0,3,Dusk,Clear,Industry,Freight Train,10,93000,489000,584000,M503,40.678173000000001,-96.508035000000007
IORY,IOR807321D,2021-06-18,8:00 PM,Derailment,0,CLEVES,OH,73.0,2,Day,Cloudy,Main,Freight Train,9,86462,0,120206,M204,39.169722,-84.774444000000003
CRSH,143719,2021-12-08,1:26 PM,Other impacts,0,NEWARK,NJ,42.0,2,Day,Clear,Yard,Yard/switching,4,65215,0,72411,H316,40.710014000000001,-74.141941000000003
CFE,CFE218219D,2019-10-22,1:55 AM,Derailment,0,FORT WAYNE,IN,55.0,4,Dark,Rain,Yard,Yard/switching,7,153106,51587,204693,H704,41.059303,-85.094064000000003
NSCR,NS2020003,2020-06-25,11:00 AM,Other impacts,0,BIG LAKE,MN,80.0,2,Day,Clear,Yard,Passenger Train - Pushing,1,25000,10000,35000,M599,45.328088000000001,-93.720162999999999
UP,0522GP014,2022-05-20,10:31 AM,Other impacts,0,NORTH PLATTE,NE,51.0,2,Day,Cloudy,Yard,Single Car,0,15682,0,107020,M411,41.143872999999999,-100.79465999999999
BNSF,PR0418103,2018-04-07,3:11 AM,Derailment,0,SIDNEY,NE,13.0,4,Dark,Cloudy,Main,Freight Train,15,24875,1000,25875,E86C,41.076487,-103.053775
UP,1221TO021,2021-12-12,11:55 PM,Other (describe in narrative),0,LA MESA,NM,39.0,4,Dark,Clear,Industry,Freight Train,8,13119,0,13119,H311,31.860434000000001,-106.695847
CSX,000179290,2018-10-12,3:10 PM,Hwy-rail crossing,0,PORT BYRON,NY,50.0,2,Day,Clear,Main,Freight Train,46,56311,9136,65447,M302,43.052472000000002,-76.623268999999993
PHRR,31924,2024-03-19,7:30 PM,Other impacts,0,GRANITE CITY,IL,63.0,3,Dusk,Clear,Industry,Freight Train,3,0,26000,26000,H306,38.685769999999998,-90.176851999999997
UP,1216KC013,2016-12-20,2:02 AM,Fire/violent rupture,0,INDEPENDENCE,MO,16.0,4,Dark,Clear,Main,Freight Train,0,26719,0,26719,E73L,39.057611999999999,-94.415763999999996
ATK,160989,2019-09-02,2:40 PM,Fire/violent rupture,0,NEW YORK,NY,69.0,2,Day,Cloudy,Yard,Passenger Train - Pulling,8,22283,0,22283,E7BL,40.745696000000002,-73.939412000000004
ALS,20191104,2019-11-04,3:45 AM,Derailment,0,EAST ST LOUIS,IL,40.0,4,Dark,Clear,Yard,,0,0,26208,27267,H505,38.600104999999999,-90.152614
NS,114625,2015-03-02,11:58 AM,Hwy-rail crossing,0,TUSCALOOSA,AL,60.0,2,Day,Cloudy,Main,Freight Train,43,11239,39001,50240,M302,33.138536000000002,-87.573351000000002
BNSF,PR1115202,2015-11-12,1:15 PM,Hwy-rail crossing,0,SIDNEY,NE,54.0,2,Day,Clear,Main,Maint./inspect Car,28,85000,0,85000,M302,41.101570000000002,-103.03100000000001
CSX,000190945,2020-06-22,4:15 AM,Derailment,0,CINCINNATI,OH,85.0,4,Dark,Clear,Yard,Yard/switching,6,106502,336776,443278,M411,39.111198000000002,-84.544066999999998
NS,138604,2020-07-22,5:00 AM,Other impacts,0,BELLEVUE,OH,80.0,1,Dawn,Clear,Yard,Single Car,4,0,0,33373,H312,41.288297999999998,-82.797780000000003
KO,170402,2017-04-01,12:01 PM,Derailment,0,WICHITA,KS,48.0,2,Day,Clear,Industry,Freight Train,5,4500,13012,17512,E46C,37.591996999999999,-97.410843999999997
UP,1017PR009,2017-10-02,10:00 AM,Other (describe in narrative),0,MELROSE PARK,IL,67.0,2,Day,Cloudy,Yard,Single Car,0,17183,0,17183,H601,41.900030999999998,-87.907552999999993
CSX,000189842,2020-04-24,8:08 AM,Derailment,0,SELKIRK,NY,42.0,2,Day,Rain,Yard,Light loco(s),7,8632,6581,15213,H702,42.565902999999999,-73.854184000000004
NS,125249,2017-05-29,6:26 PM,Derailment,0,SANDUSKY,OH,68.0,3,Dusk,Clear,Yard,Freight Train,7,2000,43325,45325,M204,41.435805000000002,-82.740190999999996
CSX,000153446,2015-10-20,5:10 PM,Hwy-rail crossing,0,VIENNA,GA,72.0,3,Dusk,Clear,Main,Freight Train,46,136620,50,136670,M308,32.056269,-83.804057999999998
CP,1001045836,2019-08-08,9:10 PM,Other impacts,0,BENSENVILLE,IL,65.0,4,Dark,Clear,Yard,Freight Train,5,25341,3846,90136,H306,41.943565999999997,-87.891047
UP,0919MA023,2019-09-10,12:30 PM,Broken train collision,0,DUPO,IL,90.0,2,Day,Clear,Yard,Cut of cars,1,210000,0,821225,H503,38.528708000000002,-90.209247000000005
MNCW,76463,2022-01-17,5:20 AM,Derailment,0,PORT JERVIS,NY,21.0,4,Dark,Clear,Yard,,0,0,6021,16578,H607,41.376185999999997,-74.695775999999995
ATK,181676,2024-08-19,4:19 AM,Derailment,0,NEW YORK,NY,71.0,4,Dark,Clear,Yard,Passenger Train - Pulling,5,12751,0,12751,H605,40.750132000000001,-73.927048999999997
CP,1000433964,2016-08-09,3:45 AM,Derailment,0,CHARLES CITY,IA,69.0,4,Dark,Clear,Industry,Freight Train,2,36235,950,37185,H702,43.074621,-92.672079999999994
NS,140598,2021-02-14,10:15 AM,Other impacts,0,DECATUR,IL,0.0,2,Day,Snow,Yard,Single Car,2,1793,0,18428,H318,39.854801000000002,-88.908191000000002
CUOH,CUO694915D,2015-02-14,11:29 AM,Derailment,0,NEWARK,OH,30.0,2,Day,Snow,Yard,Yard/switching,2,14000,14300,28300,E47C,40.056567000000001,-82.396325000000004
CSX,000144833,2015-04-06,12:00 PM,Side collision,0,DECATUR,AL,65.0,2,Day,Clear,Yard,Yard/switching,7,3561,0,42291,H302,34.615037000000001,-86.984353999999996
NJTR,201702059,2017-02-17,12:01 AM,Other impacts,0,RARITAN,NJ,27.0,4,Dark,Clear,Yard,Single Car,1,31142,3850,71984,H020,40.570281999999999,-74.643300999999994
CSX,000216358,2024-02-24,9:31 PM,Other impacts,0,WILLARD,OH,25.0,4,Dark,Clear,Yard,Single Car,3,12500,0,34000,H318,41.059877,-82.724069999999998
WE,180117,2018-11-19,3:05 PM,Head on collision,0,AKRON,OH,37.0,2,Day,Rain,Main,Yard/switching,47,682500,10376,982876,E39C,41.063375999999998,-81.433501000000007
NS,142826,2021-09-12,6:59 PM,Other (describe in narrative),0,CHEEKTOWAGA,NY,72.0,3,Dusk,Clear,Yard,Cut of cars,0,6994,800,25725,H307,42.890000999999998,-78.780743000000001
UP,0324GP004,2024-03-03,8:00 PM,Other impacts,0,NORTH PLATTE,NE,40.0,4,Dark,Clear,Yard,Yard/switching,2,3930,1180,71681,H306,41.149209999999997,-100.852411
BNSF,MT0215108,2015-02-23,11:50 PM,Derailment,0,CULBERTSON,MT,10.0,4,Dark,Cloudy,Industry,Freight Train,8,119329,500,119829,H307,48.142772999999998,-104.517647
CSX,000161745,2016-07-31,2:50 AM,Derailment,0,WALBRIDGE,OH,75.0,4,Dark,Clear,Yard,Freight Train,6,12856,200,13056,E32C,41.572947999999997,-83.492604
NS,138928,2020-08-21,9:50 PM,Other impacts,0,BELLEVUE,OH,67.0,4,Dark,Clear,Yard,Yard/switching,1,73000,23002,96002,E22C,41.288297999999998,-82.797780000000003
UP,1121GL017,2021-11-18,8:35 PM,Derailment,0,BOONE,IA,28.0,4,Dark,Cloudy,Yard,Yard/switching,4,17316,11680,28996,E29C,42.062117000000001,-93.862233000000003
LI,EQ20170103,2017-01-04,8:18 AM,Obstruction,0,BROOKLYN,NY,44.0,2,Day,Clear,Main,EMU,12,4902864,446000,5348864,H222,40.684593,-73.977523000000005
UP,0617PR019,2017-06-29,8:00 AM,Other (describe in narrative),0,BERKELEY,IL,75.0,2,Day,Clear,Yard,Single Car,0,51789,0,51789,M411,41.900159000000002,-87.911359000000004
NS,145311,2022-05-20,4:00 AM,Other impacts,0,LINWOOD,NC,72.0,1,Dawn,Cloudy,Yard,Single Car,2,200,0,19413,H312,35.740859999999998,-80.330498000000006
CSX,000151464,2015-08-30,7:33 AM,Derailment,0,SYKESVILLE,MD,68.0,1,Dawn,Clear,Main,Freight Train,21,62549,1005,63554,H503,39.357537000000001,-76.960443999999995
ATK,162017,2019-11-20,12:32 AM,Obstruction,0,PRINCETON JUNCTION,NJ,40.0,4,Dark,Clear,Main,Passenger Train - Pulling,81,37000,0,37000,M402,40.316786,-74.623419999999996
NS,135374,2019-08-30,6:05 PM,Other impacts,0,ELKHART,IN,72.0,3,Dusk,Clear,Yard,Yard/switching,10,25700,0,25700,H601,41.67736,-85.978494999999995
UP,0219GC025,2019-02-13,7:00 AM,Fire/violent rupture,0,LAKE CHARLES,LA,43.0,2,Day,Clear,Main,Freight Train,20,234513,99,234612,E72L,30.238216000000001,-93.238637999999995
ATK,176381,2023-09-12,8:05 PM,Derailment,0,NEW YORK,NY,80.0,4,Dark,Clear,Main,,0,0,49474,70425,E79L,40.750579999999999,-73.993520000000004
ATK,170074,2022-03-21,3:03 PM,Hwy-rail crossing,0,TICKFAW,LA,77.0,2,Day,Clear,Main,Passenger Train - Pulling,77,29362,0,29362,M302,30.557091,-90.477028000000004
UP,0616ST009,2016-06-16,9:13 PM,Hwy-rail crossing,0,DEMING,NM,72.0,4,Dark,Clear,Main,Freight Train,48,8835,47318,56153,M304,32.265726999999998,-107.80430800000001
CSX,000216021,2024-02-06,9:38 AM,Derailment,0,BUFFALO,NY,32.0,2,Day,Clear,Yard,Yard/switching,9,32827,1159,33986,S011,42.901926000000003,-78.773365999999996
MNCW,75937,2021-11-10,2:10 AM,Other impacts,0,BREWSTER,NY,55.0,4,Dark,Clear,Yard,EMU,0,15631,0,15631,M507,41.404173999999998,-73.620971999999995
NS,124059,2017-02-21,5:00 PM,Derailment,0,OBETZ,OH,66.0,3,Dusk,Clear,Yard,Freight Train,0,26600,0,26600,H312,39.92165,-82.946546999999995
UP,1022HL016,2022-10-18,7:57 AM,Derailment,0,SALINA,KS,27.0,2,Day,Clear,Yard,Yard/switching,10,32960,22627,55587,H702,38.851854000000003,-97.603871999999996
NS,120217,2016-04-21,10:15 AM,Hwy-rail crossing,0,FAIRLANE,OH,60.0,2,Day,Cloudy,Main,Freight Train,58,14071,0,14071,M302,41.377547,-82.465053999999995
NS,125661,2017-07-02,5:00 PM,Raking collision,0,IRONDALE,AL,85.0,3,Dusk,Clear,Yard,Yard/switching,4,5200,0,12700,H306,33.548904999999998,-86.67801
NJTR,202111478,2021-10-19,11:20 PM,Derailment,0,KEARNY,NJ,65.0,4,Dark,Clear,Yard,EMU,2,9000,3353,12353,H303,40.744370000000004,-74.101170999999994
CSX,000179997,2018-11-24,6:30 PM,Side collision,0,WAYCROSS,GA,62.0,3,Dusk,Cloudy,Yard,Yard/switching,2,21724,97,21912,S007,31.213524,-82.353588000000002
ATK,180822,2024-06-21,7:14 AM,Other (describe in narrative),0,NEW YORK,NY,84.0,2,Day,Cloudy,Main,,0,0,15190,15190,E78L,40.750326999999999,-73.994459000000006
GRS,20190710W1,2019-07-10,3:35 AM,Derailment,0,BRISTOL,CT,65.0,4,Dark,Clear,Main,Freight Train,9,13727,11688,25415,M405,41.671177,-72.937707000000003
FGLK,07252022,2022-07-25,7:57 AM,Derailment,0,HIMROD,NY,70.0,1,Dawn,Cloudy,Yard,Yard/switching,10,160000,33394,193394,H607,42.579970000000003,-76.958067999999997
UP,0623GC030,2023-06-25,7:14 AM,Other impacts,0,MARINGOUIN,LA,77.0,2,Day,Clear,Yard,Yard/switching,2,1304,0,62880,M411,30.525438000000001,-91.552401000000003
BNSF,KS1023201,2023-10-26,12:55 PM,Hwy-rail crossing,0,KIOWA,KS,66.0,2,Day,Clear,Main,Freight Train,66,41000,0,41000,M308,37.017037000000002,-98.491685000000004
PATH,I032515,2015-03-25,4:10 PM,Other impacts,0,HARRISON,NJ,45.0,2,Day,Rain,Yard,EMU,13,8239,80000,88239,H699,40.746490000000001,-74.156255000000002
CSX,000160825,2016-06-25,4:30 PM,Other (describe in narrative),0,BUFFALO,NY,85.0,4,Dark,Clear,Yard,Freight Train,10,17560,0,17560,M406,42.899219000000002,-78.824573000000001
ATK,165746,2020-11-03,5:40 PM,Hwy-rail crossing,0,DUSON,LA,61.0,2,Day,Clear,Main,Passenger Train - Pulling,70,82059,0,82059,M302,30.235233000000001,-92.150475999999998
CSX,000182962,2019-05-14,11:30 PM,Side collision,0,CINCINNATI,OH,43.0,4,Dark,Clear,Yard,Yard/switching,10,1466,13152,23145,H607,39.124550999999997,-84.542520999999994
NS,120277,2016-04-27,6:20 AM,Derailment,0,SAINT BERNARD,OH,62.0,1,Dawn,Clear,Yard,Freight Train,7,55583,0,65457,H306,39.143377999999998,-84.543969000000004
CSX,000166165,2017-01-23,12:06 AM,Derailment,0,SELKIRK,NY,39.0,4,Dark,Clear,Yard,Cut of cars,4,21355,0,23192,H316,42.565902999999999,-73.854184000000004