reportingrailroadcode,accidentnumber,date,time,accidenttype,hazmatreleasedcars,station,stateabbr,temperature,visibility_code,visibility,weathercondition,tracktype,equipmenttype,trainspeed,equipmentdamagecost,trackdamagecost,totaldamagecost,primaryaccidentcausecode,latitude,longitude
UP,0323HL008,2023-03-08,1:22 PM,Other impacts,0,KANSAS CITY,KS,45.0,2,Day,Rain,Yard,Yard/switching,5,41387,66,41938,S015,39.097693999999997,-94.666802000000004
CSX,000158461,2016-03-25,1:25 PM,Hwy-rail crossing,0,ATHENS,AL,55.0,2,Day,Clear,Main,Freight Train,37,8272,6800,15072,M303,34.799035000000003,-86.970121000000006
BNSF,PR0620101,2020-06-06,8:00 PM,Side collision,0,ALLIANCE,NE,60.0,3,Dusk,Cloudy,Yard,Cut of cars,2,25010,500,59929,M105,42.084504000000003,-102.88679500000001
UP,0618LV005,2018-06-04,5:45 AM,Derailment,0,LIVONIA,LA,80.0,1,Dawn,Cloudy,Yard,Freight Train,0,45864,0,289830,H702,30.518844000000001,-91.546885000000003
CSX,000174226,2018-01-23,12:28 PM,Other impacts,0,SELKIRK,NY,48.0,2,Day,Rain,Yard,Cut of cars,8,31088,0,31088,S016,42.565902999999999,-73.854184000000004
CSX,000176288,2018-05-08,12:05 AM,Derailment,0,MANCHESTER,GA,72.0,4,Dark,Clear,Yard,Freight Train,8,49236,4962,54198,H510,32.855068000000003,-84.594746999999998
UP,0820GL001,2020-08-01,12:41 PM,Other impacts,0,EAGLE GROVE,IA,79.0,2,Day,Cloudy,Yard,Yard/switching,5,10031,0,14553,E08C,42.676896999999997,-93.917793000000003
GTW,845526,2015-04-02,7:30 PM,Other impacts,0,BATTLE CREEK,MI,50.0,3,Dusk,Cloudy,Yard,Yard/switching,6,90231,12221,109542,H310,42.351156000000003,-85.131223000000006
BNSF,SF1015110,2015-10-19,1:52 AM,Derailment,0,BIRMINGHAM,AL,54.0,4,Dark,Clear,Yard,Yard/switching,7,101968,200000,332566,H599,33.526418999999997,-86.850860999999995
NS,155256,2024-01-06,8:01 PM,Other (describe in narrative),0,SANDUSKY,OH,36.0,4,Dark,Rain,Yard,Freight Train,5,7300,104124,111424,H702,41.409424000000001,-82.743993000000003
ATK,153494,2018-05-30,1:09 PM,Hwy-rail crossing,0,LIPSCOMB,AL,81.0,2,Day,Clear,Main,Passenger Train - Pulling,77,20741,0,20994,M308,33.432619000000003,-86.924406000000005
GRS,20201214G5,2020-12-14,1:05 AM,Derailment,0,RUMFORD,ME,35.0,4,Dark,Fog,Main,Freight Train,10,22500,3100,25600,T220,44.314661000000001,-70.302604000000002
CSX,000202124,2021-12-30,5:00 AM,Derailment,0,INDIANAPOLIS,IN,35.0,1,Dawn,Clear,Yard,Cut of cars,0,395393,0,853273,T221,39.759798000000004,-86.327516000000003
CUOH,CUO628220D,2020-11-30,11:15 AM,Derailment,0,NEWARK,OH,36.0,2,Day,Snow,Yard,Yard/switching,8,18060,20978,39038,E65C,40.054986,-82.381656000000007
MRL,2016015,2016-02-04,7:00 PM,Derailment,0,HELENA,MT,37.0,4,Dark,Cloudy,Main,Freight Train,17,125000,300000,425000,H520,46.61936,-112.075514
CSX,000194125,2020-11-24,10:50 PM,Other impacts,0,WALBRIDGE,OH,35.0,4,Dark,Cloudy,Yard,Single Car,4,350,0,33801,H318,41.589930000000003,-83.496859999999998
UP,0324HL015,2024-03-19,6:45 AM,Derailment,0,SANTA ROSA,NM,33.0,1,Dawn,Clear,Industry,Freight Train,7,56258,1078,57336,H306,34.947749000000002,-104.67646499999999
AGR,AGR719515,2015-06-24,7:00 PM,Raking collision,0,MAGNOLIA,AL,80.0,4,Dark,Clear,Yard,Yard/switching,3,18970,0,18970,H302,32.114992999999998,-87.677916999999994
CSX,000219624,2024-07-29,1:15 PM,Other impacts,0,TOLEDO,OH,92.0,2,Day,Cloudy,Yard,Yard/switching,6,39002,0,42130,H318,41.667503000000004,-83.482523999999998
CSX,000191080,2020-06-27,7:39 AM,Derailment,0,CLEVELAND,OH,70.0,1,Dawn,Clear,Yard,Freight Train,2,33777,56400,90177,H525,41.571337999999997,-81.556839999999994
CSX,000174146,2018-01-20,11:15 AM,Obstruction,0,MARION,OH,35.0,2,Day,Clear,Main,Maint./inspect Car,25,10253,0,12285,H993,40.585887,-83.206067000000004
CSX,000189063,2020-03-12,7:35 PM,Other impacts,0,BUFFALO,NY,45.0,3,Dusk,Cloudy,Yard,Yard/switching,5,53269,0,56026,H018,42.901972999999998,-78.773441000000005
NS,133728,2019-04-27,2:00 PM,Other impacts,0,PHILLIPSBURG,NJ,65.0,2,Day,Clear,Main,Freight Train,6,15000,0,15000,H996,40.687964999999998,-75.200577999999993
CSX,000172307,2017-10-19,11:00 AM,Other impacts,0,RAVENNA,OH,60.0,2,Day,Clear,Main,Spec. MoW Equip.,4,17992,0,29436,H997,41.151809,-81.157605000000004
BHRR,181207002,2018-12-07,11:45 PM,Derailment,0,BESSEMER,AL,40.0,4,Dark,Rain,Industry,Yard/switching,7,176222,390000,566222,H212,33.409334000000001,-86.949350999999993
UP,1219GL002,2019-12-01,1:00 AM,Derailment,0,COUNCIL BLUFFS,IA,36.0,4,Dark,Cloudy,Yard,Freight Train,8,80266,16462,96728,H702,41.247526999999998,-95.884669000000002
NS,140135,2020-12-31,6:00 PM,Derailment,0,BELLEVUE,OH,28.0,3,Dusk,Clear,Yard,Cut of cars,5,175932,0,1639062,H508,41.297936,-82.760942
ATK,139563,2015-10-09,9:30 PM,Other (describe in narrative),0,LONG ISLAND CITY,NY,68.0,4,Dark,Rain,Main,Passenger Train - Pulling,125,10885,0,10885,E78L,40.780137000000003,-73.918732000000006
CSX,000138057,2014-11-25,4:55 PM,Derailment,0,WAYCROSS,GA,57.0,2,Day,Rain,Yard,Freight Train,10,41357,50,41407,H503,31.213524,-82.353588999999999
UP,1017PR015,2017-10-17,1:00 PM,Other impacts,0,MELROSE PARK,IL,70.0,2,Day,Clear,Yard,Single Car,0,15730,0,15918,M411,41.899006999999997,-87.908803000000006
ATK,167204,2021-05-29,7:31 AM,Obstruction,0,BRONX,NY,50.0,2,Day,Rain,Main,Passenger Train - Pulling,47,19751,0,19751,M404,40.853126000000003,-73.920680000000004
BNSF,HL0424120,2024-04-22,6:19 PM,Derailment,0,BENNET,NE,56.0,3,Dusk,Clear,Industry,Single Car,0,2000,0,584000,M503,40.678173000000001,-96.508035000000007
TSWS,71920232,2023-07-19,6:30 PM,Derailment,0,JOLIET,IL,70.0,2,Day,Clear,Yard,Freight Train,5,30000,0,30000,H601,41.477552000000003,-88.103756000000004
NS,114367,2015-02-15,2:50 AM,Derailment,0,NEW BOSTON,OH,26.0,4,Dark,Snow,Yard,Freight Train,4,12800,2000,14800,H702,38.744824999999999,-82.941787000000005
NJTR,201810492,2018-09-26,11:30 PM,Derailment,0,KEARNY,NJ,70.0,4,Dark,Cloudy,Yard,Yard/switching,3,12838,4605,17443,H307,40.743333,-74.102513000000002
NJTR,202303103,2023-03-14,1:50 PM,Other impacts,0,HOBOKEN,NJ,36.0,2,Day,Cloudy,Yard,Cut of cars,0,49662,0,85337,H306,40.734501999999999,-74.033969999999997
CSX,000214961,2023-12-06,11:41 AM,Obstruction,0,ROWLAND,NC,54.0,2,Day,Clear,Main,Maint./inspect Car,25,9300,0,15361,H997,34.635232000000002,-79.226271999999994
NS,113932,2015-01-20,2:20 PM,Derailment,0,IRONDALE,AL,63.0,2,Day,Clear,Yard,Yard/switching,4,15000,5684,20684,M411,33.548904999999998,-86.678008000000005
NS,157884,2024-08-31,1:30 AM,Derailment,0,MONROEVILLE,OH,72.0,4,Dark,Cloudy,Yard,Cut of cars,0,700,0,34317,S014,41.300089,-82.751367000000002
ATK,142271,2016-05-05,4:30 PM,Derailment,0,RENSSELAER,NY,47.0,2,Day,Cloudy,Yard,Light loco(s),0,20712,0,20712,H303,42.646115000000002,-73.740380000000002
CSX,000208494,2022-11-24,5:30 PM,Derailment,0,BUFFALO,NY,42.0,4,Dark,Clear,Yard,Yard/switching,7,242592,14799,257391,E04C,42.901926000000003,-78.773365999999996
NS,116064,2015-06-13,2:52 PM,Other (describe in narrative),0,LEETONIA,OH,72.0,2,Day,Clear,Main,Freight Train,0,70000,3240,73240,E13C,40.862102999999998,-80.794867999999994
ATK,152411,2018-03-20,9:58 AM,Derailment,0,NEW YORK NEW YORK,NY,39.0,2,Day,Clear,Main,Passenger Train - Pulling,12,89010,5000,94010,T220,40.750568000000001,-73.993517999999995
UP,0722MA044,2022-07-21,5:19 PM,Other impacts,0,EAST ST LOUIS,IL,95.0,2,Day,Cloudy,Yard,Freight Train,2,29783,0,69700,H306,38.588769999999997,-90.142263
CSX,000213292,2023-09-04,1:36 PM,Derailment,0,SELKIRK,NY,86.0,2,Day,Clear,Yard,Yard/switching,10,131295,171309,302604,T220,42.575699999999998,-73.936000000000007
PATH,I04202201,2022-04-23,12:11 AM,Derailment,0,JERSEY CITY,NJ,55.0,4,Dark,Cloudy,Main,EMU,10,5594,25621,31215,M201,40.731394999999999,-74.062312000000006
ATK,160579,2019-08-06,2:08 AM,Other (describe in narrative),0,CHICAGO RIDGE,IL,87.0,4,Dark,Clear,Yard,Yard/switching,10,97084,0,97084,E39L,41.869549999999997,-87.637140000000002
CSX,000188697,2020-02-26,6:25 AM,Side collision,0,BUFFALO,NY,33.0,1,Dawn,Cloudy,Yard,Cut of cars,4,27839,112,51922,H020,42.901972999999998,-78.773441000000005
NS,132196,2018-12-27,9:41 AM,Hwy-rail crossing,0,LA FONTAINE,IN,40.0,2,Day,Rain,Main,Freight Train,48,15278,0,15278,M303,40.710064000000003,-85.764972
WE,150026,2015-02-10,7:30 AM,Derailment,0,MEDINA,OH,15.0,1,Dawn,Snow,Yard,Yard/switching,6,13500,313,13813,H306,41.139386000000002,-81.896019999999993
WC,1094985,2022-02-16,7:30 AM,Side collision,0,GARY,IN,45.0,1,Dawn,Cloudy,Yard,Yard/switching,0,5000,0,19566,S007,41.629514,-87.406377000000006
CSX,000208472,2022-11-22,7:08 AM,Derailment,0,COLUMBUS,OH,28.0,1,Dawn,Cloudy,Yard,Freight Train,9,160170,0,347934,E64C,39.972310999999998,-83.021134000000004
KCS,21032404,2021-03-24,10:30 AM,Derailment,0,SHREVEPORT,LA,76.0,2,Day,Clear,Main,,0,0,6750,209385,H603,32.512839,-93.743296000000001
NJTR,202110406,2021-09-03,8:00 PM,Other (describe in narrative),0,BOUND BROOK,NJ,70.0,3,Dusk,Rain,Main,Commuter Train - Pulling,35,249951,0,249951,M103,40.561084000000001,-74.530296000000007
CSX,000202453,2022-01-16,5:39 PM,Derailment,0,BUFFALO,NY,29.0,3,Dusk,Cloudy,Yard,Freight Train,7,136458,9976,146434,S011,42.901926000000003,-78.773365999999996
NJTR,201508487,2015-08-11,2:47 AM,Other (describe in narrative),0,KEARNY,NJ,60.0,4,Dark,Rain,Yard,Yard/switching,5,11200,1000,12200,H599,40.743969,-74.109544999999997
BNSF,KS0223102,2023-02-07,2:30 PM,Other impacts,0,KANSAS CITY,KS,50.0,2,Day,Clear,Yard,Yard/switching,3,50895,0,50895,M407,39.085369999999998,-94.690110000000004
CSX,000165026,2016-12-09,3:20 AM,Side collision,0,SELKIRK,NY,33.0,4,Dark,Cloudy,Yard,Cut of cars,10,6048,0,34586,E23C,42.565902999999999,-73.854184000000004
MNCW,76450,2022-02-01,6:30 AM,Other impacts,0,NEW YORK NEW YORK,NY,15.0,1,Dawn,Clear,Yard,EMU,0,49938,0,49938,M507,40.754089999999998,-73.975359999999995
NYSW,220717ND1,2022-07-17,4:27 PM,Derailment,0,CORTLAND,NY,84.0,2,Day,Clear,Siding,Freight Train,7,37685,0,37685,H306,42.588777,-76.135499999999993
CSX,000139277,2014-12-23,4:07 PM,Other impacts,0,ROTTERDAM,NY,35.0,3,Dusk,Cloudy,Yard,Single Car,0,15723,0,17223,H306,42.787216999999998,-73.993797999999998
MBTA,202391,2023-08-22,5:43 AM,Obstruction,0,WESTON,MA,73.0,1,Dawn,Clear,Main,Passenger Train - Pushing,52,76099,0,76099,M404,42.369697000000002,-71.271485999999996
CSX,000185133,2019-08-28,2:00 PM,Other impacts,0,CINCINNATI,OH,79.0,2,Day,Cloudy,Yard,Single Car,0,29565,0,29565,S014,39.124550999999997,-84.542520999999994
CSX,000183950,2019-07-05,12:56 PM,Hwy-rail crossing,0,BATTLE GROUND,IN,93.0,2,Day,Clear,Main,Freight Train,37,54266,18356,72622,M303,40.547654000000001,-86.848077000000004
ATK,169780,2022-02-02,3:04 PM,Other (describe in narrative),0,NEW YORK,NY,72.0,2,Day,Clear,Main,,0,0,60580,82698,E78L,40.750599999999999,-73.993499999999997
ATK,175429,2023-07-08,5:56 AM,Hwy-rail crossing,0,CLEVELAND,OH,65.0,1,Dawn,Clear,Main,Passenger Train - Pulling,50,15185,0,15185,M308,41.519807999999998,-81.667143999999993
IC,924671,2017-06-02,11:30 PM,Derailment,0,JOLIET,IL,73.0,4,Dark,Clear,Industry,Freight Train,8,52500,11955,64455,H704,41.441955,-88.160545999999997
CSX,000208516,2022-11-27,9:55 PM,Derailment,0,SELKIRK,NY,35.0,4,Dark,Rain,Yard,Yard/switching,15,27961,112,28073,H607,42.566446999999997,-73.854116000000005
MNA,MNA653824D,2024-01-05,7:15 PM,Derailment,0,MILO,MO,37.0,4,Dark,Cloudy,Main,Freight Train,40,700000,140000,840000,T215,37.754016999999997,-94.306235000000001
CSX,000212573,2023-07-28,6:37 PM,Side collision,0,SELKIRK,NY,74.0,3,Dusk,Clear,Yard,Yard/switching,10,1208,0,27209,H305,42.575699999999998,-73.936000000000007
NJTR,202112516,2021-12-07,4:35 AM,Derailment,0,SPRING VALLEY,NY,33.0,4,Dark,Clear,Yard,Work train,4,38033,0,38033,H303,41.117842000000003,-74.049017000000006
ATK,170007,2022-03-09,1:08 AM,Derailment,0,NEW YORK,NY,40.0,4,Dark,Clear,Yard,Yard/switching,5,25000,2000,27000,E79L,40.745696000000002,-73.939412000000004
NS,137340,2020-03-01,6:45 AM,Other impacts,0,PORT DICKINSON,NY,17.0,1,Dawn,Clear,Yard,Yard/switching,9,7500,12361,20361,H399,42.098658999999998,-75.856665000000007
NS,115319,2015-04-18,4:05 PM,Side collision,0,BELLEVUE,OH,65.0,3,Dusk,Clear,Yard,Yard/switching,3,18400,0,19500,H399,41.288345999999997,-82.803539000000001
BRC,14697,2023-10-07,2:00 AM,Derailment,0,CHICAGO,IL,48.0,4,Dark,Cloudy,Yard,,0,0,1500,20330,T220,41.676423,-87.738641999999999
CSX,000171224,2017-08-25,11:10 AM,Derailment,0,SELKIRK,NY,87.0,2,Day,Clear,Yard,Yard/switching,6,50575,1396,51971,M405,42.565902999999999,-73.854184000000004
CSX,000210353,2023-03-16,5:00 AM,Other impacts,0,FAYETTEVILLE,NC,35.0,1,Dawn,Clear,Siding,Cut of cars,3,27950,0,72921,M501,35.091057999999997,-78.838251999999997
MRL,2018049,2018-04-05,9:40 AM,Derailment,0,LAUREL,MT,28.0,2,Day,Snow,Industry,Yard/switching,2,21000,2000,23000,T221,45.689911000000002,-108.709095
BNSF,TC0824111,2024-08-28,8:19 PM,Derailment,0,STEELE,ND,75.0,3,Dusk,Rain,Siding,Freight Train,0,1263488,0,1263488,M102,46.856026999999997,-99.910188000000005
NS,131787,2018-11-24,12:40 PM,Other (describe in narrative),0,CINCINNATI,OH,45.0,2,Day,Clear,Main,Freight Train,4,7474,66826,74300,H306,39.101261999999998,-84.540861000000007
BNSF,HL1116112,2016-11-23,3:50 AM,Side collision,0,SPRINGFIELD,MO,42.0,4,Dark,Cloudy,Yard,Light loco(s),8,5200,0,21805,H307,37.228836000000001,-93.321933000000001
UP,0919HL008,2019-09-06,3:40 PM,Other impacts,0,KANSAS CITY,MO,86.0,2,Day,Clear,Yard,Yard/switching,2,9981,0,22755,H702,39.113956000000002,-94.481311000000005
UP,0824PN018,2024-08-07,1:50 AM,Derailment,0,NAMPA,ID,84.0,4,Dark,Clear,Yard,Yard/switching,6,682444,163907,846351,M409,43.583883999999998,-116.564718
NS,116862,2015-08-08,7:45 PM,Derailment,0,ARMSTRONGS MILLS,OH,72.0,3,Dusk,Clear,Main,Freight Train,9,60000,1700,61700,E53C,39.907083999999998,-80.949117999999999
VTR,1473,2019-01-09,6:30 PM,Derailment,0,HOOSICK,NY,28.0,4,Dark,Cloudy,Siding,Freight Train,9,568290,0,1341290,M507,42.923450000000003,-73.362920000000003
UP,0517NP040,2017-05-23,10:22 AM,Other impacts,0,NORTH PLATTE,NE,55.0,2,Day,Cloudy,Yard,Yard/switching,4,12087,0,13162,E34C,41.150761000000003,-100.864271
BNSF,CH0520101,2020-05-03,6:55 AM,Derailment,0,BARING,MO,60.0,1,Dawn,Cloudy,Main,Freight Train,46,225468,80000,305468,E21C,40.216952999999997,-92.246992000000006
NS,133136,2019-03-08,11:24 AM,Derailment,0,ROLLING PRAIRIE,IN,37.0,2,Day,Clear,Main,Freight Train,46,313122,25745,338867,E33C,41.641385999999997,-86.669533000000001
NS,155595,2024-01-28,4:46 AM,Other impacts,0,BELLEVUE,OH,35.0,1,Dawn,Rain,Yard,Single Car,0,18779,0,32258,S007,41.29034,-82.788150999999999
FEC,X47082824,2024-08-28,12:10 PM,Hwy-rail crossing,0,DANIA,FL,90.0,2,Day,Clear,Main,,0,0,402,20929,M308,26.054039,-80.145812000000006
CSX,000219992,2024-08-16,3:10 PM,Hwy-rail crossing,0,MIAMISBURG,OH,83.0,2,Day,Clear,Main,Freight Train,48,100,13539,13639,M399,39.640656,-84.294118999999995
CSX,000175940,2018-04-21,4:27 AM,Other impacts,0,CINCINNATI,OH,68.0,1,Dawn,Clear,Yard,Single Car,6,1171,0,16286,S014,37.850351000000003,-84.256836000000007
IHB,2035,2014-12-02,10:30 AM,Other impacts,0,RIVERDALE,IL,25.0,2,Day,Clear,Yard,Cut of cars,7,84947,0,84947,M599,41.639966000000001,-87.655377000000001
NS,116817,2015-08-06,12:30 AM,Derailment,0,VANCE,AL,76.0,4,Dark,Clear,Yard,Freight Train,4,15200,12510,27710,H506,33.173788000000002,-87.238538000000005
NS,157884,2024-08-31,1:30 AM,Derailment,0,MONROEVILLE,OH,72.0,4,Dark,Cloudy,Yard,Yard/switching,8,22617,11000,34317,S014,41.300089,-82.751367000000002
NS,120060,2016-04-08,1:40 PM,Hwy-rail crossing,0,SARALAND,AL,78.0,2,Day,Clear,Main,Freight Train,42,11356,0,11356,M302,30.823799999999999,-88.067335999999997
UP,1114NP031,2014-11-23,8:15 AM,Derailment,0,NORTH PLATTE,NE,33.0,2,Day,Clear,Yard,Cut of cars,0,250,0,64184,H704,41.141573999999999,-100.775598
LI,GR20150302,2015-03-03,12:03 PM,Hwy-rail crossing,0,PATCHOGUE,NY,38.0,2,Day,Cloudy,Main,Passenger Train - Pulling,32,13909,20889,34798,M304,40.763711000000001,-73.008679000000001
SKOL,221102002,2022-11-02,2:50 PM,Derailment,0,CHANUTE,KS,82.0,2,Day,Clear,Industry,Yard/switching,6,10552,4000,14552,T220,37.697414999999999,-95.452420000000004
SNJX,20210624A,2021-06-24,2:08 PM,Other (describe in narrative),0,BEVERLY,NJ,78.0,2,Day,Clear,Main,DMU,25,16000,0,16000,M599,40.065136000000003,-74.901495999999995
NS,133620,2019-04-19,12:42 AM,Raking collision,0,BELLEVUE,OH,49.0,4,Dark,Rain,Yard,Yard/switching,4,377944,0,377944,H607,41.288305999999999,-82.801342000000005
NS,128849,2018-03-15,10:35 AM,Other (describe in narrative),0,TUSCALOOSA,AL,45.0,2,Day,Clear,Yard,Freight Train,5,21604,4162,25766,H702,33.185499999999998,-87.563332000000003
CSX,000212882,2023-08-11,5:40 PM,Derailment,0,BUFFALO,NY,77.0,3,Dusk,Clear,Yard,Yard/switching,8,45089,244,45333,E4BC,42.901926000000003,-78.773365999999996
NS,115184,2015-04-09,1:25 AM,Derailment,0,IRONDALE,AL,64.0,4,Dark,Clear,Yard,Yard/switching,10,18200,1275,20175,H021,33.548904999999998,-86.678008000000005
CC,952952,2018-03-15,4:48 PM,Derailment,0,CEDAR RAPIDS,IA,55.0,2,Day,Clear,Yard,Freight Train,2,49400,4848,54248,M405,41.991933000000003,-91.664578000000006
CSX,000171982,2017-10-02,9:45 AM,Derailment,0,OREGON,OH,65.0,2,Day,Clear,Yard,Yard/switching,3,9553,2302,11855,H702,41.669536999999998,-83.472660000000005
UP,0919HL008,2019-09-06,3:40 PM,Other impacts,0,KANSAS CITY,MO,86.0,2,Day,Clear,Yard,Yard/switching,4,7477,5297,22755,H702,39.113956000000002,-94.481311000000005
ATK,181588,2024-08-13,9:42 AM,Obstruction,0,PRINCETON JUNCTION,NJ,81.0,2,Day,Clear,Main,Passenger Train - Pulling,90,29106,0,29106,M404,40.295976000000003,-74.649698999999998
UP,0415ST019,2015-04-17,6:42 AM,Fire/violent rupture,0,SANTA TERESA,NM,34.0,1,Dawn,Clear,Main,Freight Train,48,39456,0,39456,M406,32.091586,-106.981903
TASD,D20141211A,2014-12-11,12:30 AM,Derailment,0,MOBILE,AL,41.0,4,Dark,Clear,Industry,Freight Train,3,18500,708,19208,T220,30.653119,-88.034734
CSX,000202483,2022-01-18,11:40 AM,Side collision,0,INDIANAPOLIS,IN,32.0,2,Day,Clear,Yard,Freight Train,6,474768,0,927106,H306,39.759798000000004,-86.327516000000003
BNSF,KS0817104,2017-08-05,7:21 PM,Derailment,0,KIOWA,KS,70.0,4,Dark,Rain,Yard,Cut of cars,0,56759,0,56759,M105,37.008274,-98.497260999999995
NS,141482,2021-05-08,1:40 AM,Side collision,0,BELLEVUE,OH,41.0,4,Dark,Rain,Yard,Yard/switching,4,1500,1449,62949,M105,41.288260000000001,-82.800414000000004
BNSF,SW0320106,2020-03-18,1:30 AM,Side collision,0,BELEN,NM,44.0,4,Dark,Clear,Yard,Yard/switching,4,539,78440,156887,H307,34.641677999999999,-106.77129600000001
ATK,153336,2018-05-04,9:25 PM,Obstruction,0,BALLSTON SPA,NY,50.0,4,Dark,Rain,Main,Passenger Train - Pulling,60,10910,0,10910,M404,42.992046000000002,-73.841975000000005
BNSF,NE1115114,2015-11-18,10:55 PM,Obstruction,0,BELLEVUE,NE,39.0,4,Dark,Clear,Main,,0,0,0,11614,M404,41.182214999999999,-95.903452999999999
UP,0517TC009,2017-05-18,11:30 AM,Derailment,0,MASON CITY,IA,53.0,2,Day,Rain,Main,Freight Train,33,1576758,381930,1958688,M599,43.037956000000001,-93.231362000000004
MNCW,68574,2018-10-10,1:25 AM,Other impacts,0,STAMFORD,CT,65.0,4,Dark,Clear,Yard,Cut of cars,0,20852,0,41704,E31C,41.050114999999998,-73.531769999999995
NS,125873,2017-07-19,3:25 AM,Derailment,0,CENTERVILLE,GA,72.0,4,Dark,Clear,Yard,Freight Train,4,200,11022,11222,H306,32.704740000000001,-83.667724000000007
BNSF,PR1115204,2015-11-24,7:00 AM,Hwy-rail crossing,0,THEDFORD,NE,28.0,1,Dawn,Clear,Main,Freight Train,45,300,47500,47800,M302,41.97822,-100.65495300000001
BNSF,TC0117100,2017-01-02,3:54 AM,Derailment,0,MINNEAPOLIS,MN,25.0,4,Dark,Clear,Yard,Yard/switching,5,7254,3500,10754,M411,45.032831000000002,-93.271424999999994
BNSF,SW0122205,2022-01-21,4:37 PM,Hwy-rail crossing,0,LAKE ARTHUR,NM,49.0,2,Day,Clear,Main,Freight Train,48,50000,0,50000,M308,33.022869999999998,-104.36189
ATK,173859,2023-02-21,4:36 AM,Other (describe in narrative),0,BOSTON,MA,40.0,4,Dark,Clear,Main,,0,0,7500,7500,M599,42.291946000000003,-71.118823000000006
UP,0320GL028,2020-03-30,9:05 AM,Derailment,0,SOUTH ST PAUL,MN,36.0,2,Day,Clear,Yard,Freight Train,5,12536,4010,16546,T220,44.920451,-93.05968
TRRA,16014,2016-10-11,3:51 PM,Other impacts,0,VENICE,IL,82.0,2,Day,Clear,Yard,Yard/switching,16,34131,0,34131,H316,38.667256000000002,-90.162403999999995
MBTA,2024082,2024-06-12,12:42 AM,Derailment,0,WORCESTER,MA,15.0,4,Dark,Clear,Siding,,0,0,13152,43987,H703,42.244807999999999,-71.750156000000004
BAYL,BAY896724D,2024-08-12,1:00 PM,Derailment,0,COTTONDALE,FL,95.0,2,Day,Clear,Siding,Freight Train,7,3000,11250,14250,H703,30.77863,-85.380020999999999
CSX,000193992,2020-11-22,10:20 AM,Other impacts,0,SELKIRK,NY,35.0,2,Day,Cloudy,Yard,Single Car,2,11361,0,12356,E99C,42.565902999999999,-73.854184000000004
MNCW,2019010222,2019-01-02,10:45 AM,Derailment,0,WHITE PLAINS,NY,35.0,2,Day,Clear,Yard,EMU,2,18876,16000,34876,H303,41.057155000000002,-73.771815000000004
LI,72771,2020-08-03,10:24 PM,Obstruction,0,BRENTWOOD,NY,71.0,4,Dark,Clear,Main,EMU,60,27214,540,27754,M404,40.779404999999997,-73.249792999999997
CSX,000214663,2023-11-23,9:24 PM,Derailment,0,WALBRIDGE,OH,41.0,4,Dark,Clear,Yard,Freight Train,9,14276,1519,15795,H702,41.589911000000001,-83.496928999999994
WC,1024843,2020-01-24,6:22 AM,Derailment,0,SCHILLER PARK,IL,32.0,4,Dark,Cloudy,Yard,,0,0,55351,70025,H702,41.974048000000003,-87.870144999999994
BNSF,MT1022105,2022-10-26,12:53 AM,Derailment,0,HAVRE,MT,32.0,4,Dark,Clear,Yard,Freight Train,12,37748,5245,42993,H607,48.554530999999997,-109.67555900000001
NS,116363,2015-07-03,12:30 PM,Other impacts,0,BELLEVUE,OH,69.0,2,Day,Cloudy,Yard,Yard/switching,4,200,0,18600,M408,41.293151999999999,-82.783203999999998
NS,115785,2015-05-24,10:20 PM,Derailment,0,VANCE,AL,80.0,4,Dark,Cloudy,Yard,Freight Train,4,6400,23073,29473,H306,33.172879000000002,-87.254587000000001
ATK,148227,2017-06-29,1:14 PM,Obstruction,0,LAWRENCE,KS,90.0,2,Day,Clear,Main,Passenger Train - Pulling,25,16641,0,16641,M404,38.971668000000001,-95.235249999999994
NS,151144,2022-10-13,7:30 AM,Derailment,0,CHARLOTTE,NC,55.0,1,Dawn,Clear,Yard,Light loco(s),2,20000,2500,22500,H017,35.228064000000003,-80.852619000000004
UP,0422GC003,2022-04-02,11:52 AM,Other impacts,0,MARINGOUIN,LA,72.0,2,Day,Clear,Yard,Yard/switching,10,1027,66,17620,M408,30.530905000000001,-91.559607999999997
WE,180092,2018-10-04,4:15 PM,Derailment,0,BREWSTER,OH,36.0,2,Day,Clear,Yard,Yard/switching,5,14980,2134,17114,M101,40.709699999999998,-81.603099999999998
UP,0120GL026,2020-01-25,4:05 AM,Fire/violent rupture,0,TAMA,IA,28.0,1,Dawn,Clear,Main,Freight Train,30,18288,0,18288,E73L,41.961765999999997,-92.579762000000002
ATK,166298,2021-01-31,1:20 AM,Obstruction,0,CARBONDALE,IL,48.0,4,Dark,Rain,Main,Passenger Train - Pulling,0,15855,0,15855,M404,37.723478,-89.215700999999996
ATK,174507,2023-03-19,7:34 PM,Other (describe in narrative),0,ELIZABETH,NJ,50.0,3,Dusk,Cloudy,Main,,0,0,19254,32093,E78L,40.657572999999999,-74.222337999999993
ATK,167921,2021-08-02,8:48 AM,Other (describe in narrative),0,CHEVERLY,MD,72.0,2,Day,Clear,Main,Passenger Train - Pulling,0,10451,4673,15124,E78L,38.918619,-76.911323999999993
KCS,20030701,2020-03-07,11:05 AM,Derailment,0,NEOSHO,MO,65.0,2,Day,Clear,Main,Freight Train,37,390000,629421,1019421,E39C,36.762431999999997,-94.395246