reportingrailroadcode,accidentnumber,date,time,accidenttype,hazmatreleasedcars,station,stateabbr,temperature,visibility_code,visibility,weathercondition,tracktype,equipmenttype,trainspeed,equipmentdamagecost,trackdamagecost,totaldamagecost,primaryaccidentcausecode,latitude,longitude
BNSF,MT0722105,2022-07-10,1:30 AM,Derailment,0,FALLON,MT,50.0,4,Dark,Rain,Yard,Cut of cars,0,27000,2400,29400,M105,46.837705999999997,-105.09493500000001
NJTR,202408375,2024-07-29,9:00 PM,Derailment,0,NEW BRUNSWICK,NJ,90.0,4,Dark,Clear,Yard,EMU,4,52000,0,52000,M505,40.799779999999998,-74.464016000000001
NS,145945,2022-07-23,1:30 AM,Other impacts,0,BELLEVUE,OH,75.0,4,Dark,Clear,Yard,Single Car,4,27168,250,52369,H312,41.288719999999998,-82.795783
BNSF,TC1123103,2023-11-12,1:35 PM,Other (describe in narrative),0,BENSON,MN,59.0,2,Day,Clear,Main,Freight Train,12,0,20365,20365,H221,45.324865000000003,-95.629840999999999
CSX,000152649,2015-09-27,10:20 PM,Other impacts,0,WALBRIDGE,OH,60.0,4,Dark,Clear,Yard,Cut of cars,9,12827,0,12827,M407,41.589331000000001,-83.531707999999995
PATH,I01202201,2022-01-14,1:27 AM,Derailment,0,HARRISON,NJ,36.0,4,Dark,Cloudy,Yard,EMU,12,20000,64838,84838,T216,40.740943000000001,-74.143084999999999
LI,80724,2023-09-28,3:00 PM,Derailment,0,RICHMOND HILL,NY,65.0,2,Day,Cloudy,Yard,Yard/switching,3,14294,23456,37750,M405,40.697090000000003,-73.822090000000003
LI,76969,2022-04-11,2:38 PM,Obstruction,0,LONG ISLAND CITY,NY,58.0,2,Day,Clear,Yard,EMU,5,250000,0,250000,H022,40.743234999999999,-73.949583000000004
YVRR,110223,2023-11-02,6:45 AM,Derailment,0,WINSTON SALEM,NC,28.0,1,Dawn,Fog,Main,Freight Train,18,350000,25000,375000,T221,36.201796999999999,-80.291190999999998
BNSF,PR0817106,2017-08-06,3:49 PM,Derailment,0,DENVER,CO,77.0,2,Day,Cloudy,Yard,Yard/switching,4,2123,0,18685,H318,39.775914999999998,-104.98106799999999
ATK,175372,2023-06-29,4:30 PM,Derailment,0,ALBION,MI,80.0,2,Day,Clear,Main,,0,0,16250,16401,H303,42.257904000000003,-84.785442000000003
CSX,000155580,2015-12-29,11:27 PM,Side collision,0,NEW YORK,NY,34.0,4,Dark,Cloudy,Industry,Yard/switching,4,11391,0,22637,H307,40.811928000000002,-73.898171000000005
NS,124677,2017-04-12,4:03 AM,Other impacts,0,GRACEWOOD,GA,75.0,1,Dawn,Clear,Yard,Single Car,0,5679,0,18651,H702,33.337867000000003,-81.956085999999999
NS,123776,2017-01-30,9:00 PM,Derailment,0,IRONDALE,AL,39.0,4,Dark,Clear,Yard,Light loco(s),2,14293,500,14793,H306,33.548904999999998,-86.67801
FEC,D50081624,2024-08-16,11:15 AM,Obstruction,0,FT PIERCE,FL,86.0,2,Day,Clear,Main,,0,0,250,24255,M402,27.303671000000001,-80.205349999999996
CSX,000163583,2016-10-16,6:30 PM,Derailment,0,WALBRIDGE,OH,68.0,3,Dusk,Cloudy,Yard,Yard/switching,6,20996,100,21096,H523,41.589331000000001,-83.531707999999995
KCS,19060602,2019-06-06,10:15 AM,Other impacts,0,JACKSON,MS,80.0,2,Day,Clear,Yard,Cut of cars,2,0,0,15091,H307,32.306888999999998,-90.197417000000002
BNSF,SW0718103,2018-07-07,9:38 AM,Derailment,0,CLOVIS,NM,75.0,2,Day,Clear,Yard,Yard/switching,6,24982,36000,60982,H307,34.398524000000002,-103.225133
NS,127260,2017-11-01,11:50 PM,Derailment,0,BIRMINGHAM,AL,56.0,4,Dark,Clear,Main,Freight Train,13,69699,500,70199,H520,33.558081999999999,-86.634677999999994
NS,151544,2022-11-23,9:04 PM,Other impacts,0,BELLEVUE,OH,35.0,4,Dark,Clear,Yard,Cut of cars,10,0,0,50100,M599,41.296230999999999,-82.768606000000005
NS,122810,2016-11-18,11:40 PM,Derailment,0,NEW BOSTON,OH,35.0,4,Dark,Cloudy,Yard,Work train,10,56760,2000,58760,H525,38.747554000000001,-82.935163000000003
CSX,000200876,2021-10-22,11:12 AM,Side collision,0,HAMLET,NC,73.0,2,Day,Clear,Yard,Yard/switching,6,21020,0,25729,H307,34.925491000000001,-79.646586999999997
NS,142017,2021-06-27,6:00 PM,Derailment,0,CHICAGO,IL,72.0,3,Dusk,Clear,Main,Freight Train,5,23052,236,23288,E69L,41.742638999999997,-87.575119000000001
CSX,000151727,2015-09-03,1:00 PM,Other impacts,0,CUMBERLAND,MD,90.0,2,Day,Clear,Yard,Cut of cars,4,16642,0,40642,M599,39.649746,-78.758058000000005
NS,137077,2020-02-06,11:24 PM,Derailment,0,DECATUR,IL,24.0,4,Dark,Snow,Yard,Yard/switching,4,15000,1394,16394,M101,39.852179,-88.918353999999994
NS,146065,2022-08-03,2:45 AM,Derailment,0,EVENDALE,OH,72.0,4,Dark,Clear,Yard,Yard/switching,3,96149,1535,97684,M204,39.264108999999998,-84.420351999999994
TASD,D20150109A,2015-01-09,10:30 PM,Other impacts,0,MOBILE,AL,39.0,4,Dark,Cloudy,Yard,Freight Train,6,22833,956,23789,H306,30.707566,-88.045231000000001
NYA,NYA000025,2021-06-17,2:41 PM,Obstruction,0,HUNTINGTON,NY,74.0,2,Day,Clear,Main,Freight Train,40,3408,0,45836,H605,40.838599000000002,-73.447141000000002
UP,1019HL042,2019-10-23,1:00 AM,Other (describe in narrative),0,KANSAS CITY,MO,48.0,4,Dark,Clear,Yard,Cut of cars,0,58072,0,58072,M507,39.117224,-94.553658999999996
CPKC,1001916633,2023-05-12,9:22 PM,Other (describe in narrative),0,ROLLINGSTONE,MN,64.0,4,Dark,Cloudy,Main,,0,0,0,12604,E79L,44.158670000000001,-91.811583999999996
NS,156416,2024-04-19,3:55 AM,Other impacts,0,SOUTHMONT,NC,60.0,4,Dark,Clear,Yard,Single Car,2,1000,0,18447,M599,35.740859999999998,-80.330499000000003
KCS,15070301,2015-07-03,7:45 AM,Rear end collision,0,VIVIAN,LA,78.0,2,Day,Clear,Main,Freight Train,0,79897,0,116614,H605,32.859318000000002,-93.985291000000004
CSX,000204134,2022-04-10,9:30 PM,Side collision,0,NEW ORLEANS,LA,68.0,4,Dark,Clear,Main,Yard/switching,5,69062,0,78827,H307,30.005993,-90.019454999999994
UP,0919PR001,2019-09-01,9:00 AM,Other impacts,0,MELROSE PARK,IL,65.0,2,Day,Cloudy,Yard,Yard/switching,3,23843,150,23993,H318,41.895415,-87.888963000000004
BNSF,CH0920203,2020-09-26,1:29 PM,Hwy-rail crossing,0,ETHEL,MO,70.0,2,Day,Clear,Main,Freight Train,63,3000,9700,12700,M302,39.906261999999998,-92.703201000000007
PATH,I08162019,2019-08-16,4:00 PM,Other (describe in narrative),0,HARRISON,NJ,82.0,2,Day,Cloudy,Yard,EMU,3,150,21099,21249,H399,40.740000000000002,-74.150000000000006
CSX,000209583,2023-02-01,6:59 AM,Derailment,0,MOBILE,AL,70.0,1,Dawn,Clear,Yard,Freight Train,5,96319,10483,106802,H702,30.711383000000001,-88.046549999999996
NJTR,202409454,2024-05-21,6:45 AM,Other (describe in narrative),0,NEW YORK NEW YORK,NY,60.0,4,Dark,Clear,Main,Commuter Train - Pushing,60,15757,0,15757,E78L,40.755356999999997,-74.004935000000003
CSX,000176281,2018-05-08,9:05 AM,Derailment,0,LAWRENCEVILLE,GA,70.0,2,Day,Clear,Yard,Freight Train,7,70435,27127,97562,H505,33.984527,-83.944531999999995
NS,121997,2016-09-06,7:40 AM,Obstruction,0,LINCOLN VILLAGE,OH,72.0,1,Dawn,Clear,Industry,Freight Train,3,12400,0,12400,M402,39.964376000000001,-83.109960000000001
CSX,000148928,2015-07-07,4:37 AM,Derailment,0,TALLADEGA,AL,74.0,4,Dark,Clear,Main,Freight Train,6,1459,0,75829,H503,33.436383999999997,-86.108908999999997
BNSF,PR1017104,2017-10-05,7:45 PM,Obstruction,0,WATROUS,NM,55.0,3,Dusk,Clear,Main,,0,0,5000,55000,M404,35.814214,-104.911051
LI,EQ20151101,2015-11-14,6:17 PM,Obstruction,0,BABYLON,NY,44.0,4,Dark,Clear,Main,EMU,80,44036,0,44036,M402,40.749406999999998,-73.381624000000002
GC,GCR308418,2018-11-16,9:05 AM,Derailment,0,ELLABELL,GA,48.0,2,Day,Clear,Industry,Freight Train,4,30000,20000,50000,T220,32.131715999999997,-81.444632999999996
NS,127020,2017-10-15,6:00 AM,Derailment,0,BOURBONNAIS,IL,60.0,1,Dawn,Rain,Yard,Freight Train,3,7418,140871,148289,H306,41.122307999999997,-87.900664000000006
ATK,166227,2021-01-21,4:40 AM,Derailment,0,CHICAGO,IL,23.0,4,Dark,Clear,Siding,Passenger Train - Pulling,5,52394,0,52394,H303,41.826219999999999,-87.704059999999998
BNSF,KS1122103,2022-11-05,8:07 AM,Derailment,0,KANSAS CITY,KS,60.0,1,Dawn,Rain,Yard,Freight Train,3,1395,0,86324,M410,39.080900999999997,-94.672776999999996
NS,115073,2015-03-31,8:40 PM,Side collision,0,IRONDALE,AL,72.0,4,Dark,Clear,Yard,Freight Train,4,69800,0,252727,H306,33.539022000000003,-86.706299000000001
MNCW,75886,2021-11-04,10:42 AM,Obstruction,0,BEACON,NY,47.0,2,Day,Cloudy,Main,Spec. MoW Equip.,6,7722,0,12184,H607,41.497942000000002,-73.983384000000001
NJTR,201804193,2018-04-16,5:30 PM,Other (describe in narrative),0,NEWARK,NJ,50.0,2,Day,Cloudy,Main,Commuter Train - Pulling,52,13197,0,13197,H999,40.710096999999998,-74.194181999999998
BNSF,SW0921108,2021-09-07,11:00 PM,Derailment,0,GALLUP,NM,52.0,4,Dark,Clear,Yard,Freight Train,8,350,0,94229,H318,35.512064000000002,-108.799959
NS,138130,2020-06-03,4:04 AM,Derailment,0,HUNT,NY,55.0,1,Dawn,Rain,Main,Freight Train,25,550496,90907,641403,H521,42.545122999999997,-77.979687999999996
BNSF,SW0921113,2021-09-16,7:30 PM,Derailment,0,BELEN,NM,70.0,3,Dusk,Clear,Yard,Yard/switching,3,9500,11000,20500,H506,34.657257999999999,-106.768
CSX,000157178,2016-02-18,3:15 AM,Derailment,0,FULTON,NY,11.0,4,Dark,Clear,Industry,Freight Train,3,75810,2000,77810,M501,43.314549,-76.387707000000006
CRSH,131138,2018-09-29,4:40 AM,Derailment,0,NEWARK,NJ,66.0,1,Dawn,Clear,Yard,Cut of cars,9,636,0,70073,S007,40.706359999999997,-74.134506000000002
NS,129370,2018-05-05,4:15 PM,Broken train collision,0,BELLEVUE,OH,78.0,3,Dusk,Clear,Yard,Cut of cars,0,76390,0,181594,E34C,41.288305999999999,-82.801342000000005
NS,122261,2016-09-30,5:15 PM,Other impacts,0,IRONDALE,AL,68.0,3,Dusk,Clear,Yard,Cut of cars,0,1783,0,34358,E30C,33.548904999999998,-86.67801
IORY,IOR794015D,2015-08-28,1:20 PM,Derailment,0,SPRINGFIELD,OH,84.0,2,Day,Clear,Main,Freight Train,16,1640,145000,146640,M405,39.933025999999998,-83.821939999999998
BNSF,KS1023107,2023-10-16,12:03 PM,Derailment,0,KANSAS CITY,KS,58.0,2,Day,Clear,Yard,Yard/switching,7,2522,0,27627,M407,39.082064000000003,-94.677211
IORY,IOR310220D,2020-01-19,7:00 PM,Derailment,0,LIMA,OH,16.0,4,Dark,Snow,Yard,Yard/switching,1,35000,1461,36461,M599,40.765528000000003,-84.089528000000001
NS,116816,2015-08-06,5:50 AM,Other impacts,0,MACON,GA,76.0,1,Dawn,Cloudy,Yard,Yard/switching,0,30000,0,30000,H706,32.813729000000002,-83.622793000000001
BNSF,SW0524105,2024-05-30,9:11 PM,Derailment,0,GALLUP,NM,50.0,4,Dark,Clear,Yard,Freight Train,5,17975,3225,21200,H307,35.520260999999998,-108.76915700000001
CSX,000143403,2015-03-21,6:41 AM,Other impacts,0,TARRANT,AL,50.0,1,Dawn,Cloudy,Yard,Single Car,0,9682,0,30242,H316,33.543695,-86.790081999999998
UP,0918LV004,2018-09-06,8:20 PM,Other impacts,0,WESTWEGO,LA,80.0,4,Dark,Clear,Yard,Yard/switching,8,25652,150,36360,H318,29.917551,-90.185148999999996
NS,125343,2017-06-08,1:45 AM,Derailment,0,BELLEVUE,OH,63.0,4,Dark,Clear,Yard,Yard/switching,1,18196,50,18246,S007,41.274422999999999,-82.833569999999995
MHWA,171201,2017-12-26,8:40 PM,Derailment,0,UTICA,NY,12.0,4,Dark,Clear,Yard,,0,0,51976,78286,H702,43.106118000000002,-75.227385999999996
ATK,172470,2022-10-22,9:31 PM,Derailment,0,NEW YORK,NY,55.0,4,Dark,Clear,Yard,Yard/switching,3,36518,9414,45932,H303,40.757451000000003,-74.009549000000007
NS,138604,2020-07-22,5:00 AM,Other impacts,0,BELLEVUE,OH,80.0,1,Dawn,Clear,Yard,Single Car,0,33373,0,33373,H312,41.288297999999998,-82.797780000000003
NS,137868,2020-05-02,11:30 PM,Derailment,0,ALLIANCE,OH,62.0,4,Dark,Rain,Industry,Freight Train,9,167340,0,167340,H306,40.917380999999999,-81.146912
UP,0616CB002,2016-06-09,3:51 AM,Derailment,0,MARSHALLTOWN,IA,70.0,4,Dark,Clear,Yard,Freight Train,7,175,11609,11784,M507,42.042628999999998,-92.907876000000002
NS,157512,2024-07-28,8:30 AM,Side collision,0,IRONDALE,AL,79.0,2,Day,Clear,Yard,Single Car,0,0,0,20955,H302,33.548904999999998,-86.678009000000003
MRL,2022074,2022-12-05,11:39 AM,Side collision,0,LAUREL,MT,21.0,2,Day,Cloudy,Yard,Freight Train,17,75000,250000,560000,H607,45.654784999999997,-108.828118
TRRA,19016,2019-08-02,7:24 AM,Derailment,0,VENICE,IL,69.0,1,Dawn,Clear,Yard,,0,0,6072,11377,M503,38.665415000000003,-90.162915999999996
BAYL,BAY687415,2015-04-19,11:00 AM,Derailment,0,ABBEVILLE,AL,75.0,2,Day,Rain,Industry,Cut of cars,0,24000,0,24000,M102,31.511825000000002,-85.305147000000005
NS,136457,2019-12-09,11:30 AM,Other impacts,0,DECATUR,IL,35.0,2,Day,Clear,Yard,Single Car,3,9800,2602,38402,H312,39.853752999999998,-88.912250999999998
IORY,IOR351717D,2017-06-30,3:00 PM,Derailment,0,CINCINNATI,OH,87.0,2,Day,Clear,Main,Freight Train,3,35000,5000,40000,E24C,39.172201000000001,-84.482387000000003
CC,943660,2017-12-05,5:20 PM,Derailment,0,FORT DODGE,IA,28.0,4,Dark,Clear,Main,Freight Train,3,260000,91427,351427,H704,42.499963000000001,-94.295826000000005
ALS,20161220,2016-12-30,9:34 PM,Derailment,0,EAST ST LOUIS,IL,43.0,4,Dark,Cloudy,Yard,Light loco(s),4,0,11544,11544,H607,38.599561000000001,-90.149925999999994
CSX,000173843,2018-01-05,4:06 AM,Derailment,1,BIRMINGHAM,AL,30.0,1,Dawn,Clear,Yard,Yard/switching,4,25505,320000,345505,E29C,33.543607000000002,-86.790088999999995
NS,138711,2020-08-02,7:21 AM,Derailment,0,NEW FLORENCE,MO,71.0,1,Dawn,Clear,Main,Freight Train,50,1379857,199846,1579703,T221,38.907290000000003,-91.445565999999999
UP,0715LK018,2015-07-21,2:13 PM,Derailment,0,SHREVEPORT,LA,99.0,2,Day,Cloudy,Yard,Yard/switching,9,13469,70,13539,E44C,32.429698000000002,-93.901932000000002
ATK,152873,2018-02-28,3:36 AM,Obstruction,0,NEW HAVEN,CT,35.0,4,Dark,Clear,Main,,0,0,0,18276,M402,41.308273999999997,-72.927882999999994
BNSF,PR0224103,2024-02-05,9:42 PM,Other (describe in narrative),0,HASTINGS,NE,45.0,4,Dark,Clear,Main,Yard/switching,10,149913,0,149913,H302,40.587432999999997,-98.301314000000005
BNSF,CH0720114,2020-07-25,11:19 AM,Other (describe in narrative),0,LAURA,IL,85.0,2,Day,Clear,Main,Freight Train,50,250,11225,11475,E33C,40.920527,-89.908075999999994
BNSF,SW0316108,2016-03-30,9:00 PM,Obstruction,0,BELEN,NM,52.0,4,Dark,Clear,Yard,Yard/switching,6,250,135000,135250,H305,34.655456999999998,-106.76702
NJTR,202201012,2021-12-18,8:15 PM,Derailment,0,DOVER,NJ,45.0,4,Dark,Rain,Yard,Yard/switching,4,81477,13887,95364,M505,40.883673000000002,-74.551139000000006
CSX,000207134,2022-09-06,11:20 PM,Derailment,0,FEURA BUSH,NY,70.0,4,Dark,Clear,Yard,Yard/switching,7,63207,305,63512,M411,42.588585000000002,-73.880729000000002
CSX,000208757,2022-12-11,9:06 AM,Side collision,0,CLEVELAND,OH,37.0,2,Day,Cloudy,Yard,Freight Train,5,69061,0,118436,H306,41.570295999999999,-81.556448000000003
CSX,000153188,2015-10-13,3:25 PM,Derailment,0,BIRMINGHAM,AL,79.0,2,Day,Clear,Yard,Light loco(s),2,18534,281,18815,H702,33.513494999999999,-86.803837000000001
UP,0920GL035,2020-09-26,10:00 AM,Derailment,0,GRAND ISLAND,NE,69.0,2,Day,Cloudy,Yard,Yard/switching,7,29734,6711,36445,H303,40.942245999999997,-98.299953000000002
BNSF,HL0424123,2024-04-26,3:25 PM,Derailment,0,LINCOLN,NE,62.0,2,Day,Cloudy,Main,Freight Train,0,2904374,253000,3157374,M102,40.889059000000003,-96.581301999999994
BNSF,SW0424103,2024-04-05,5:15 PM,Derailment,0,GALLUP,NM,47.0,3,Dusk,Clear,Yard,Freight Train,5,376419,11310,387729,H607,35.519972000000003,-108.77001199999999
BNSF,SF0116107,2016-01-16,12:13 PM,Derailment,0,HANNIBAL,MO,29.0,2,Day,Clear,Main,,0,0,1500,17500,H702,39.929656999999999,-91.436237000000006
NS,131675,2018-11-14,11:40 AM,Other impacts,0,NEW HAVEN,IN,31.0,2,Day,Clear,Yard,Single Car,6,3603,14324,18905,H312,41.074123,-85.042597000000001
CSX,000143947,2015-03-29,2:28 AM,Side collision,0,SELKIRK,NY,21.0,4,Dark,Cloudy,Yard,Single Car,5,12600,0,12600,H316,42.564653999999997,-73.85257
CSX,000210353,2023-03-16,5:00 AM,Other impacts,0,FAYETTEVILLE,NC,35.0,1,Dawn,Clear,Siding,Freight Train,6,44971,0,72921,M501,35.091057999999997,-78.838251999999997
CSX,000180934,2019-01-23,9:38 AM,Derailment,0,SELKIRK,NY,28.0,2,Day,Clear,Yard,Cut of cars,6,10585,750,22906,S007,42.565902999999999,-73.854184000000004
WE,170135,2017-12-06,5:05 PM,Derailment,0,SPENCER,OH,28.0,4,Dark,Clear,Main,Freight Train,3,5000,20431,25431,E67C,41.103237999999997,-82.121861999999993
BNSF,CH0317105,2017-03-07,12:43 AM,Derailment,0,CHILLICOTHE,IL,53.0,4,Dark,Rain,Main,Freight Train,0,13108,0,13108,M105,40.930774999999997,-89.473947999999993
CSX,000151606,2015-09-03,4:40 AM,Other impacts,0,WALBRIDGE,OH,70.0,1,Dawn,Clear,Yard,Single Car,6,12507,0,12507,H317,41.586402,-83.538082000000003
NS,138488,2020-07-10,3:30 PM,Other impacts,0,BELLEVUE,OH,72.0,2,Day,Clear,Yard,Single Car,4,34720,230,141273,H312,41.288305999999999,-82.801342000000005
CSX,000149486,2015-07-20,4:50 PM,Hwy-rail crossing,0,SILVER SPRING,MD,91.0,3,Dusk,Clear,Main,,0,0,0,150000,M399,39.013748999999997,-77.054794999999999
CSX,000216193,2024-02-13,9:25 AM,Other impacts,0,SELKIRK,NY,35.0,2,Day,Clear,Yard,Cut of cars,19,12058,0,24116,M407,42.575699999999998,-73.936000000000007
UP,1218GP045,2018-12-25,10:30 PM,Other impacts,0,NORTH PLATTE,NE,34.0,4,Dark,Cloudy,Yard,Single Car,3,54762,0,57761,S007,41.152279999999998,-100.82105
NS,123700,2017-01-25,7:00 PM,Derailment,0,IRONDALE,AL,72.0,3,Dusk,Clear,Yard,Yard/switching,10,14524,0,70005,H706,33.548904999999998,-86.67801
UP,1023HL001,2023-10-01,1:26 AM,Derailment,0,ATCHISON,KS,70.0,4,Dark,Clear,Industry,Freight Train,1,123435,10740,134175,H022,39.513196999999998,-95.203001
CP,1000239418,2015-07-18,7:30 AM,Other impacts,0,ST PAUL,MN,71.0,1,Dawn,Cloudy,Yard,Yard/switching,4,23536,0,24274,H020,44.936892999999998,-93.038182000000006
NJTR,201709371,2017-09-12,10:45 PM,Derailment,0,KEARNY,NJ,65.0,4,Dark,Clear,Yard,Yard/switching,10,5200,10895,16095,H704,40.743799000000003,-74.113606000000004
IC,1040738,2020-07-02,5:44 AM,Obstruction,0,STONEFORT,IL,88.0,1,Dawn,Rain,Main,Freight Train,30,10700,0,10700,M404,37.650488000000003,-88.696798999999999
CSX,000147039,2015-05-30,2:30 PM,Derailment,0,PINSON,AL,85.0,2,Day,Clear,Yard,Yard/switching,7,16695,1556,18251,E02C,33.543695,-86.790081999999998
CSX,000180204,2018-12-06,12:00 AM,Derailment,0,RIVERDALE,IL,32.0,4,Dark,Clear,Yard,Freight Train,6,35494,1998,37492,H503,41.649836000000001,-87.634367999999995
ISRR,ISR652318R,2018-05-04,7:45 AM,Derailment,0,LYNNVILLE,IN,72.0,2,Day,Clear,Industry,Freight Train,11,185269,33000,218269,T212,38.185256000000003,-87.334198999999998
UP,0523HL036,2023-05-30,3:00 PM,Other (describe in narrative),0,KANSAS CITY,KS,85.0,2,Day,Cloudy,Main,Freight Train,16,0,15700,15700,H702,39.110109000000001,-94.618779000000004
MNCW,78047,2022-09-20,9:08 PM,Other impacts,0,CROTON ON HUDSON,NY,61.0,4,Dark,Clear,Yard,EMU,1,41210,0,41210,H399,41.191673999999999,-73.884743
METC,20201,2020-06-08,8:20 AM,Other (describe in narrative),0,HOPKINS,MN,75.0,2,Day,Clear,Siding,Spec. MoW Equip.,0,0,225000,225000,E79L,44.913609000000001,-93.420209
UP,0224GP002,2024-02-02,12:53 PM,Other impacts,0,NORTH PLATTE,NE,37.0,2,Day,Fog,Yard,Cut of cars,10,3978,0,26070,M411,41.146787000000003,-100.841832
NS,146013,2022-07-30,4:55 AM,Side collision,0,LOUISVILLE,KY,78.0,1,Dawn,Clear,Yard,Freight Train,6,18687,1380,20067,S011,38.263516000000003,-85.801423
NJTR,202406299,2024-06-08,12:46 AM,Derailment,0,BAY HEAD,NJ,73.0,4,Dark,Clear,Yard,Commuter Train - Pushing,2,16554,1887,18441,H704,40.076078000000003,-74.046754000000007
CSX,000216108,2024-02-10,10:07 AM,Other impacts,0,SELKIRK,NY,46.0,2,Day,Clear,Yard,Cut of cars,4,94430,0,206176,M407,42.575699999999998,-73.936000000000007
MNCW,201979,2019-06-30,2:00 PM,Other impacts,0,NEW HAVEN,CT,75.0,2,Day,Clear,Yard,EMU,10,70427,3000,73427,H999,41.294361000000002,-72.926533000000006
NS,123248,2016-12-21,4:00 PM,Other impacts,0,FORT WAYNE,IN,35.0,3,Dusk,Cloudy,Yard,Light loco(s),9,14,0,13248,H306,41.081890000000001,-85.223377999999997
BNSF,SW0624204,2024-06-17,10:28 AM,Hwy-rail crossing,0,DEXTER,NM,93.0,2,Day,Clear,Main,Freight Train,49,10000,51500,61500,M302,33.19585,-104.37103
CSX,000152539,2015-09-28,2:06 PM,Other impacts,0,CINCINNATI,OH,80.0,2,Day,Clear,Yard,Cut of cars,0,1082,0,13311,S016,39.104323000000001,-84.538946999999993
UP,1116KC009,2016-11-10,5:31 PM,Other (describe in narrative),0,ROSSVILLE,KS,60.0,3,Dusk,Cloudy,Main,Freight Train,25,27011,0,27011,E39C,39.202047,-95.903644
CSX,000181005,2019-01-26,4:00 PM,Other impacts,0,SELKIRK,NY,32.0,3,Dusk,Clear,Yard,Single Car,16,31119,0,31119,M407,42.565902999999999,-73.854184000000004
CSX,000212573,2023-07-28,6:37 PM,Side collision,0,SELKIRK,NY,74.0,3,Dusk,Clear,Yard,Light loco(s),10,26001,0,27209,H305,42.575699999999998,-73.936000000000007
MNCW,75777,2021-10-19,11:30 AM,Obstruction,0,NEW YORK -BRONX,NY,57.0,2,Day,Clear,Main,Spec. MoW Equip.,0,2100,0,32774,H607,40.900770000000001,-73.859155000000001
BNSF,TC0418113,2018-04-23,4:55 PM,Derailment,0,FREMONT,NE,55.0,2,Day,Clear,Siding,Freight Train,4,1707,32000,33707,H307,41.475850000000001,-96.484854999999996
CSX,000199871,2021-09-02,6:56 AM,Derailment,0,ORANGEBURG,NY,59.0,1,Dawn,Cloudy,Main,Freight Train,20,272903,0,272903,M103,41.116045999999997,-73.951667999999998
CSX,000175812,2018-04-13,1:43 PM,Other impacts,0,MONTGOMERY,AL,78.0,2,Day,Clear,Yard,Cut of cars,10,2123,0,13823,M201,32.375967000000003,-86.32647
IHB,2671,2021-03-09,2:10 AM,Side collision,0,RIVERDALE,IL,45.0,4,Dark,Cloudy,Yard,Yard/switching,9,85450,433,90961,S014,41.639710999999998,-87.645171000000005
IC,1092049,2021-03-03,12:00 PM,Other (describe in narrative),0,GEISMAR,LA,60.0,2,Day,Clear,Yard,Yard/switching,4,0,0,24266,H702,30.192281999999999,-91.000521000000006
BRC,14426,2021-02-18,4:45 AM,Other impacts,0,BEDFORD PARK,IL,15.0,4,Dark,Snow,Yard,Cut of cars,7,21288,0,21288,M408,41.767831000000001,-87.776388999999995
NS,140891,2021-03-11,7:00 AM,Raking collision,0,CINCINNATI,OH,63.0,1,Dawn,Clear,Yard,Cut of cars,0,32902,4594,45496,H306,39.105834000000002,-84.539912000000001
ATK,150191,2017-10-30,1:20 PM,Other (describe in narrative),0,FAIRFIELD,CT,55.0,2,Day,Cloudy,Main,Passenger Train - Pulling,65,22990,0,22990,M404,41.322609999999997,-72.890889999999999
CSX,000193260,2020-10-10,5:47 PM,Side collision,0,SELKIRK,NY,50.0,3,Dusk,Clear,Yard,Yard/switching,4,553,0,12326,E99C,42.565902999999999,-73.854184000000004
GTW,863666,2015-08-27,10:02 PM,Derailment,0,DEARBORN,MI,58.0,4,Dark,Cloudy,Yard,Freight Train,7,96289,18925,115214,M503,42.294758999999999,-83.184510000000003
UP,0919MA023,2019-09-10,12:30 PM,Broken train collision,1,DUPO,IL,90.0,2,Day,Clear,Yard,Yard/switching,11,506505,104720,821225,H503,38.528708000000002,-90.209247000000005
NS,152842,2023-04-18,1:20 AM,Other impacts,0,GREENSBORO,NC,55.0,4,Dark,Clear,Yard,Single Car,0,1500,314,19814,H021,36.060802000000002,-79.835085000000007
BNSF,TC1223106,2023-12-15,8:16 AM,Derailment,0,DILWORTH,MN,39.0,1,Dawn,Clear,Yard,Yard/switching,4,9411,3909,13320,H607,46.87415,-96.661456000000001
ATK,178458,2024-02-17,3:45 PM,Hwy-rail crossing,0,VINTON,LA,45.0,2,Day,Cloudy,Main,Passenger Train - Pulling,70,17785,0,17785,M308,30.160098000000001,-93.637925999999993
NS,156416,2024-04-19,3:55 AM,Other impacts,0,SOUTHMONT,NC,60.0,4,Dark,Clear,Yard,Single Car,0,0,17447,18447,M599,35.740859999999998,-80.330499000000003
LI,80678,2023-09-18,9:05 PM,Other (describe in narrative),0,FARMINGDALE,NY,70.0,4,Dark,Clear,Main,,0,0,105730,107230,E85C,40.735284999999998,-73.444017000000002
CUOH,CUO754521R,2021-04-18,11:20 PM,Derailment,0,AMSTERDAM,OH,45.0,4,Dark,Rain,Industry,Freight Train,7,0,74200,170979,E43C,40.428502999999999,-80.904691999999997
ATK,135959,2015-01-15,2:45 PM,Other (describe in narrative),0,NEW YORK NEW YORK,NY,34.0,2,Day,Clear,Main,Passenger Train - Pulling,90,11381,0,11381,E78L,40.746834,-73.981977000000001