reportingrailroadcode,accidentnumber,date,time,accidenttype,hazmatreleasedcars,station,stateabbr,temperature,visibility_code,visibility,weathercondition,tracktype,equipmenttype,trainspeed,equipmentdamagecost,trackdamagecost,totaldamagecost,primaryaccidentcausecode,latitude,longitude
CSX,000170137,2017-07-10,12:40 PM,Other impacts,0,WILLARD,OH,70.0,2,Day,Cloudy,Yard,Cut of cars,0,24014,0,295254,H302,41.059857000000001,-82.723963999999995
UP,1114NP035,2014-11-28,6:38 AM,Derailment,0,NORTH PLATTE,NE,67.0,1,Dawn,Cloudy,Yard,Single Car,0,7643,0,12831,M411,41.149068999999997,-100.819498
NJTR,201811544,2018-11-24,5:30 AM,Derailment,0,KEARNY,NJ,37.0,4,Dark,Cloudy,Yard,Yard/switching,5,11500,1874,13374,H992,40.743721999999998,-74.100938999999997
NS,127780,2017-12-15,3:24 AM,Derailment,0,OREGON,OH,17.0,4,Dark,Clear,Yard,Yard/switching,4,17174,0,35024,E39C,41.663389000000002,-83.467410999999998
NS,145807,2022-07-10,8:00 AM,Side collision,0,LINWOOD,NC,70.0,2,Day,Cloudy,Yard,Yard/switching,10,27461,7879,35340,H306,35.739882999999999,-80.331723999999994
CSX,000175581,2018-04-02,8:15 AM,Side collision,0,BIRMINGHAM,AL,72.0,2,Day,Clear,Yard,Yard/switching,4,0,0,70989,H607,33.543607000000002,-86.790088999999995
CSX,000174140,2018-01-16,6:00 PM,Other impacts,0,BIRMINGHAM,AL,40.0,3,Dusk,Clear,Yard,Yard/switching,4,30833,0,32633,H018,33.543607000000002,-86.790088999999995
BNSF,PR0622105,2022-06-19,2:08 AM,Derailment,0,ALLIANCE,NE,80.0,4,Dark,Clear,Yard,Light loco(s),6,20600,20000,40600,H607,42.093938999999999,-102.875347
BLF,20245270,2024-08-28,12:10 PM,Hwy-rail crossing,0,DANIA,FL,90.0,2,Day,Clear,Main,Passenger Train - Pulling,60,20527,0,20929,M308,26.054039,-80.145812000000006
CSX,000192202,2020-08-22,11:10 AM,Side collision,0,SELKIRK,NY,78.0,2,Day,Clear,Yard,Single Car,5,13993,0,21130,M411,42.565902999999999,-73.854184000000004
NIRC,2017070454,2017-11-21,11:30 PM,Other impacts,0,BLUE ISLAND,IL,30.0,4,Dark,Clear,Yard,Yard/switching,5,54068,0,54068,H018,41.656106000000001,-87.67653
CSX,000158183,2016-03-16,3:30 PM,Derailment,0,ANSONIA,OH,48.0,2,Day,Clear,Yard,Freight Train,3,14156,0,14156,H704,40.211663000000001,-84.641497000000001
NS,156178,2024-03-28,1:32 AM,Other (describe in narrative),0,SCHENECTADY,NY,45.0,4,Dark,Rain,Yard,Freight Train,4,14150,20000,46150,H702,42.814065999999997,-73.942702999999995
UP,0122HL027,2022-01-13,8:28 PM,Other (describe in narrative),0,ABILENE,KS,38.0,4,Dark,Cloudy,Main,Freight Train,2,50584,350,50934,E21C,38.904708999999997,-97.305700999999999
CSX,000219131,2024-07-06,6:45 PM,Obstruction,0,WARSAW,NC,90.0,3,Dusk,Clear,Yard,Freight Train,8,157340,0,157340,M404,34.999785000000003,-78.094121000000001
NJTR,202202070,2022-01-12,7:58 PM,Derailment,0,HOBOKEN,NJ,37.0,4,Dark,Clear,Yard,Yard/switching,2,17574,476,18050,H021,40.735967000000002,-74.035785000000004
BNSF,TC0720104,2020-07-08,8:10 PM,Other (describe in narrative),0,WILLMAR,MN,78.0,3,Dusk,Clear,Yard,Yard/switching,4,32672,0,32672,E31C,45.123725,-95.044549000000004
CSX,000163418,2016-10-06,6:45 PM,Hwy-rail crossing,0,OPELIKA,AL,83.0,2,Day,Clear,Main,Freight Train,49,22490,0,22490,M302,32.699295999999997,-85.347025000000002
ALS,20191122,2019-11-22,5:30 AM,Derailment,0,EAST ST LOUIS,IL,35.0,1,Dawn,Clear,Yard,Yard/switching,4,5000,7921,12921,M411,38.595711999999999,-90.147436999999996
CSX,000158292,2016-03-17,7:18 PM,Other impacts,0,SELKIRK,NY,45.0,3,Dusk,Clear,Yard,Single Car,8,21729,0,39795,E06C,42.565902999999999,-73.854184000000004
ATK,142210,2016-05-02,1:38 PM,Hwy-rail crossing,0,ROANOKE,LA,75.0,2,Day,Cloudy,Main,Passenger Train - Pulling,69,11343,0,11343,M302,30.237853999999999,-92.878161000000006
BNSF,KS0922112,2022-09-28,1:22 PM,Derailment,0,EMPORIA,KS,84.0,2,Day,Clear,Yard,Freight Train,7,30239,6500,36739,H518,38.401082000000002,-96.217031000000006
UP,0817TC001,2017-08-01,1:22 AM,Rear end collision,0,AMES,IA,65.0,4,Dark,Clear,Main,Cut of cars,0,10085,0,16357,H302,42.028053,-93.579949999999997
NS,125135,2017-05-19,5:55 PM,Derailment,2,RIVERSIDE,AL,91.0,3,Dusk,Clear,Main,Freight Train,45,1131511,506637,1638148,H503,33.595937999999997,-86.222793999999993
CSX,000148099,2015-06-16,5:00 PM,Other impacts,0,BALTIMORE,MD,86.0,3,Dusk,Cloudy,Yard,Single Car,2,400,0,14098,M599,39.235430000000001,-76.591320999999994
ALS,20171011,2017-10-11,1:00 PM,Derailment,0,EAST ST LOUIS,IL,60.0,2,Day,Cloudy,Yard,Yard/switching,2,9600,33107,42707,M405,38.586869999999998,-90.133202999999995
NS,155523,2024-01-23,10:00 AM,Other (describe in narrative),0,PORTSMOUTH,OH,45.0,2,Day,Cloudy,Yard,Cut of cars,8,25985,0,28616,H702,38.736826000000001,-82.957245999999998
CSX,000161220,2016-07-10,4:36 PM,Derailment,0,TONTOGANY,OH,74.0,3,Dusk,Clear,Main,Freight Train,7,81255,139013,220268,E53C,41.418934999999998,-83.739639999999994
NS,138393,2020-07-02,2:30 AM,Other impacts,0,BELLEVUE,OH,67.0,4,Dark,Clear,Yard,Cut of cars,4,0,0,34520,H312,41.289406999999997,-82.792542999999995
WE,210011,2021-01-29,6:40 PM,Rear end collision,0,BREWSTER,OH,21.0,4,Dark,Clear,Main,Cut of cars,0,218,0,21556,H607,40.713850000000001,-81.606233000000003
CSX,000140854,2015-01-31,10:52 AM,Derailment,0,BIRMINGHAM,AL,60.0,2,Day,Clear,Yard,Freight Train,9,152580,502120,654700,S011,33.543695,-86.790081999999998
UP,1218GP045,2018-12-25,10:30 PM,Other impacts,0,NORTH PLATTE,NE,34.0,4,Dark,Cloudy,Yard,Yard/switching,6,1151,1848,57761,S007,41.152279999999998,-100.82105
UPME,0618CM013,2018-06-27,2:53 PM,Obstruction,0,CHICAGO,IL,74.0,2,Day,Clear,Yard,Passenger Train - Pushing,2,300,97138,97438,H510,41.885759999999998,-87.640648999999996
GRS,20190109W1,2019-01-09,6:30 PM,Derailment,0,HOOSICK,NY,28.0,4,Dark,Cloudy,Siding,,0,0,773000,1341290,M507,42.898622000000003,-73.352891999999997
BNSF,CH1116102,2016-11-08,7:58 AM,Derailment,0,ALBIA,IA,50.0,1,Dawn,Clear,Main,Freight Train,20,6811,258000,264811,E62C,41.092486999999998,-92.655041999999995
NS,144019,2022-01-14,1:30 AM,Derailment,0,CHEEKTOWAGA,NY,23.0,4,Dark,Clear,Yard,Yard/switching,2,18315,800,19115,H018,42.890000999999998,-78.780743000000001
CSX,000179789,2018-11-11,11:28 PM,Derailment,0,WAYCROSS,GA,54.0,4,Dark,Clear,Yard,Cut of cars,7,13510,0,13607,H399,31.213524,-82.353588000000002
MNCW,78919,2023-01-23,5:22 PM,Derailment,0,WHITE PLAINS,NY,32.0,4,Dark,Clear,Yard,EMU,6,102733,11737,114470,H701,41.053735000000003,-73.771691000000004
KCS,19110302,2019-11-03,3:20 PM,Other impacts,0,SHREVEPORT,LA,60.0,2,Day,Clear,Yard,Freight Train,0,55805,0,526324,E34C,32.527264000000002,-93.826660000000004
BNSF,KS1216200,2016-12-16,2:30 PM,Hwy-rail crossing,0,KIOWA,KS,64.0,2,Day,Cloudy,Main,Freight Train,64,20000,0,20000,M302,37.035415,-98.475873000000007
NMRX,1062015,2015-01-06,10:52 PM,Derailment,0,ALBUQUERQUE,NM,38.0,4,Dark,Clear,Yard,Commuter Train - Pulling,9,36406,148,36554,M503,35.085808,-106.646913
NJTR,202106261,2021-06-09,4:09 PM,Derailment,0,KEARNY,NJ,82.0,2,Day,Clear,Yard,Light loco(s),5,25852,10306,36158,H704,40.744052000000003,-74.104343999999998
NJTR,202310415,2023-09-12,8:55 AM,Derailment,0,NEW YORK NEW YORK,NY,80.0,2,Day,Clear,Main,Commuter Train - Pushing,15,20951,0,70425,E79L,40.750579999999999,-73.993520000000004
NS,141234,2021-04-13,1:09 PM,Side collision,0,BELLEVUE,OH,55.0,2,Day,Clear,Yard,Single Car,2,15000,0,45000,H316,41.291944000000001,-82.784807999999998
MNCW,83036,2024-07-18,1:12 AM,Other impacts,0,BREWSTER,NY,64.0,4,Dark,Rain,Yard,EMU,8,75000,0,568833,H307,41.406765999999998,-73.062128999999999
NJTR,202105176,2021-04-30,11:50 PM,Derailment,0,DOVER,NJ,65.0,4,Dark,Clear,Yard,Yard/switching,4,49943,22379,72322,H704,40.884286000000003,-74.547192999999993
ATK,139425,2015-09-04,5:50 AM,Derailment,0,HARRISON,NJ,72.0,1,Dawn,Clear,Yard,,0,0,0,13400,H704,40.742072999999998,-74.139212999999998
NS,138927,2020-08-21,11:50 PM,Derailment,0,BELLEVUE,OH,66.0,4,Dark,Clear,Yard,Yard/switching,4,133,100,45915,E30C,41.288297999999998,-82.797780000000003
CSX,000201234,2021-11-10,1:30 PM,Derailment,0,CHILLICOTHE,OH,60.0,2,Day,Clear,Yard,Freight Train,5,14890,500,15390,M503,39.333944000000002,-82.968056000000004
UP,0623GL016,2023-06-18,9:50 PM,Derailment,0,ST PAUL,MN,70.0,4,Dark,Cloudy,Main,Light loco(s),0,4726,0,820044,H503,44.927458999999999,-93.040384000000003
PATH,I11202201,2022-11-08,8:25 PM,Other impacts,0,JERSEY CITY,NJ,52.0,4,Dark,Clear,Yard,Maint./inspect Car,8,5000,0,5000,H017,40.723184000000003,-74.054170999999997
CSX,000210348,2023-03-16,2:52 PM,Derailment,0,GLENDALE,KY,60.0,2,Day,Cloudy,Main,Freight Train,27,870010,213030,1083040,H513,37.601970000000001,-85.905011999999999
ATK,158682,2019-04-26,5:37 AM,Derailment,0,NEW HAVEN,CT,54.0,1,Dawn,Clear,Main,,0,0,49216,49216,E59C,41.308250000000001,-72.924155999999996
NS,125661,2017-07-02,5:00 PM,Raking collision,0,IRONDALE,AL,85.0,3,Dusk,Clear,Yard,Light loco(s),4,7500,0,12700,H306,33.548904999999998,-86.67801
NS,143049,2021-09-20,9:45 PM,Derailment,0,NEWARK,NJ,72.0,4,Dark,Clear,Main,Freight Train,6,56000,0,70092,H518,40.688727999999998,-74.162056000000007
CSX,000175250,2018-03-14,11:33 PM,Side collision,0,CHICAGO,IL,38.0,4,Dark,Clear,Yard,Freight Train,5,51185,0,104907,H306,41.763095,-87.725100999999995
MNR,111,2014-12-03,2:10 PM,Other (describe in narrative),0,EASTON,ME,10.0,2,Day,Clear,Main,Freight Train,1,50000,0,50000,H021,46.663379999999997,-67.905371000000002
NS,138864,2020-08-15,10:30 PM,Other (describe in narrative),0,BELLEVUE,OH,65.0,4,Dark,Clear,Yard,Yard/switching,3,15000,600,15600,E27C,41.288305999999999,-82.801342000000005
BLF,20245204,2024-08-16,11:15 AM,Obstruction,0,FT PIERCE,FL,86.0,2,Day,Clear,Main,Passenger Train - Pulling,70,24005,0,24255,M402,27.303671000000001,-80.205349999999996
PATH,I09202101,2021-09-02,9:48 AM,Derailment,0,JERSEY CITY,NJ,70.0,2,Day,Cloudy,Yard,EMU,8,10674,28109,38783,M103,40.732047999999999,-74.063243999999997
IC,938223,2017-10-07,3:55 AM,Hwy-rail crossing,0,KANKAKEE,IL,66.0,4,Dark,Clear,Siding,Freight Train,0,13000,231,13231,M308,41.054254,-87.906205999999997
CSX,000179403,2018-10-18,2:15 AM,Other impacts,0,SELKIRK,NY,38.0,4,Dark,Clear,Yard,Cut of cars,10,26573,96,26669,S016,42.565902999999999,-73.854184000000004
IORY,IOR077619R,2019-06-12,3:19 AM,Side collision,0,EVENDALE,OH,57.0,4,Dark,Cloudy,Yard,Freight Train,9,214149,0,314007,H702,39.261471999999998,-84.422821999999996
UP,0324MA011,2024-03-10,8:35 AM,Derailment,0,SHREVEPORT,LA,45.0,2,Day,Clear,Yard,Yard/switching,10,29311,165,32139,T211,32.426022000000003,-93.892793999999995
NJTR,201508474,2015-08-04,12:50 AM,Derailment,0,HOBOKEN,NJ,78.0,4,Dark,Clear,Yard,Yard/switching,5,55500,3521,59021,H704,40.735919000000003,-74.036890999999997
ATK,137749,2015-06-09,8:08 AM,Other (describe in narrative),0,BALTIMORE,MD,72.0,2,Day,Clear,Main,Passenger Train - Pulling,105,8518,18500,27018,E78L,39.304001999999997,-76.589383999999995
CSX,000165026,2016-12-09,3:20 AM,Side collision,0,SELKIRK,NY,33.0,4,Dark,Cloudy,Yard,Single Car,10,28538,0,34586,E23C,42.565902999999999,-73.854184000000004
CSX,000184244,2019-07-19,8:06 PM,Derailment,0,WALBRIDGE,OH,84.0,3,Dusk,Clear,Main,Freight Train,8,42733,20750,63483,H519,41.572947999999997,-83.492604
WNYP,W2018003,2018-01-18,3:58 PM,Derailment,0,OLEAN,NY,18.0,2,Day,Clear,Yard,Freight Train,6,324674,0,324674,E46C,42.083593999999998,-78.470830000000007
BNSF,KS0423105,2023-04-06,1:20 AM,Derailment,0,INGALLS,KS,28.0,4,Dark,Clear,Main,Freight Train,40,2720,45000,47720,E53C,37.848064999999998,-100.501087
LI,68457,2018-09-08,9:42 AM,Obstruction,0,SUNNY SIDE,NY,77.0,2,Day,Clear,Main,EMU,60,0,14878,14878,M404,40.748539999999998,-73.927373000000003
MNCW,75777,2021-10-19,11:30 AM,Obstruction,0,NEW YORK -BRONX,NY,57.0,2,Day,Clear,Main,Spec. MoW Equip.,0,13962,0,32774,H607,40.900770000000001,-73.859155000000001
NS,129370,2018-05-05,4:15 PM,Broken train collision,0,BELLEVUE,OH,78.0,3,Dusk,Clear,Yard,Yard/switching,4,68731,36473,181594,E34C,41.288305999999999,-82.801342000000005
UP,0922HL014,2022-09-17,12:54 AM,Other impacts,0,COFFEYVILLE,KS,77.0,4,Dark,Clear,Yard,Yard/switching,4,18681,200,18881,H312,37.029682000000001,-95.623166999999995
CPKC,23111001,2023-11-10,3:25 AM,Derailment,0,GOODMAN,MO,35.0,4,Dark,Clear,Main,Freight Train,37,16689,7315,24004,E21C,36.780093000000001,-94.402247000000003
CSX,000214961,2023-12-06,11:41 AM,Obstruction,0,ROWLAND,NC,54.0,2,Day,Clear,Main,Maint./inspect Car,0,6061,0,15361,H997,34.635232000000002,-79.226271999999994
UP,0117DV030,2017-01-26,12:16 AM,Derailment,0,GREELEY,CO,20.0,4,Dark,Clear,Main,Freight Train,40,1280642,723728,2004370,E53C,40.480927999999999,-104.69927199999999
NS,134566,2019-07-02,5:45 PM,Derailment,0,CORINTH,MS,86.0,3,Dusk,Clear,Yard,,0,0,9171,11740,H524,34.934145999999998,-88.506225999999998
CSX,000198509,2021-06-28,3:00 PM,Derailment,0,OTTAWA,IL,75.0,2,Day,Rain,Yard,Cut of cars,3,30528,2500,33328,M105,41.354210999999999,-88.830468999999994
BNSF,CH0823116,2023-08-24,5:25 AM,Derailment,0,GALESBURG,IL,85.0,1,Dawn,Clear,Yard,Cut of cars,0,1200,0,49550,H306,40.93421,-90.370217999999994
WE,240056C,2024-07-16,4:05 PM,Derailment,0,BREWSTER,OH,85.0,2,Day,Clear,Yard,Yard/switching,0,25000,990,25990,H306,40.707003,-81.598179000000002
NS,151049,2022-10-04,1:00 PM,Other impacts,0,SOUTHMONT,NC,70.0,2,Day,Clear,Yard,Single Car,4,150,18434,37318,H312,35.735975000000003,-80.336625999999995
LI,82162,2024-03-22,3:18 AM,Obstruction,0,SAYVILLE,NY,29.0,4,Dark,Clear,Siding,Spec. MoW Equip.,5,12601,0,12601,H607,40.740499999999997,-73.091920000000002
LI,80683,2023-09-14,11:59 PM,Obstruction,0,MANHASSET,NY,66.0,4,Dark,Cloudy,Main,EMU,40,0,70000,70000,M404,40.79665,-73.699941999999993
BNSF,SW0320106,2020-03-18,1:30 AM,Side collision,0,BELEN,NM,44.0,4,Dark,Clear,Yard,Yard/switching,2,77908,0,156887,H307,34.641677999999999,-106.77129600000001
UP,0521GL009,2021-05-11,2:15 AM,Derailment,0,SOUTH ST PAUL,MN,41.0,4,Dark,Clear,Yard,Yard/switching,9,3681,22260,25941,H522,44.904761999999998,-93.044358000000003
NS,137340,2020-03-01,6:45 AM,Other impacts,0,PORT DICKINSON,NY,17.0,1,Dawn,Clear,Yard,Freight Train,0,500,0,20361,H399,42.098658999999998,-75.856665000000007
WE,210031,2021-04-17,2:39 AM,Derailment,0,CAREY,OH,35.0,4,Dark,Clear,Yard,Yard/switching,2,22342,0,22342,H306,40.956150999999998,-83.371167999999997
NS,144596,2022-03-04,6:05 PM,Other impacts,0,IRONDALE,AL,66.0,3,Dusk,Clear,Yard,Single Car,7,15000,0,16361,H019,33.548904999999998,-86.678008000000005
NS,129610,2018-05-25,5:30 PM,Derailment,0,ELKHART,IN,82.0,3,Dusk,Clear,Yard,Yard/switching,0,8056,0,13102,H306,41.67736,-85.978494999999995
BNSF,KS0223101,2023-02-07,10:26 AM,Derailment,0,KANSAS CITY,KS,50.0,2,Day,Clear,Yard,Yard/switching,3,9306,3500,43839,M407,39.082185000000003,-94.677828000000005
PATH,I03202201,2022-03-20,4:57 PM,Side collision,0,HARRISON,NJ,56.0,2,Day,Cloudy,Yard,EMU,2,13698,27013,395780,H205,40.741252000000003,-74.141081
CSX,000203664,2022-03-17,2:54 AM,Derailment,0,FONDA,NY,40.0,4,Dark,Clear,Main,Freight Train,44,29200,64,29264,E53C,42.948194999999998,-74.287034000000006
CSS,CSS000008,2021-04-29,5:45 PM,Raking collision,0,BURNHAM,IL,62.0,2,Day,Clear,Yard,Freight Train,7,29593,0,29593,H302,41.635640000000002,-87.592172000000005
UP,0724RM012,2024-07-12,9:40 PM,Derailment,0,POCATELLO,ID,92.0,4,Dark,Clear,Yard,Yard/switching,4,243026,14960,257986,E39C,42.872743,-112.459819
CSX,000144833,2015-04-06,12:00 PM,Side collision,0,DECATUR,AL,65.0,2,Day,Clear,Yard,Cut of cars,0,38730,0,42291,H302,34.615037000000001,-86.984353999999996
NS,151086,2022-10-08,4:30 PM,Derailment,1,SANDUSKY,OH,55.0,3,Dusk,Clear,Main,EMU,31,1768698,503572,2272270,E54L,41.437438999999998,-82.686554000000001
CSX,000139275,2014-12-23,7:00 AM,Derailment,0,JUNCTION CITY,GA,53.0,1,Dawn,Rain,Main,Freight Train,10,32679,12050,44729,M501,32.645870000000002,-84.504597000000004
CSX,000215356,2024-01-04,10:02 PM,Derailment,0,BAKERSVILLE,NC,16.0,4,Dark,Clear,Main,Freight Train,18,37235,46528,83763,E07C,35.930247000000001,-82.117044000000007
IHB,2324,2017-06-25,7:21 AM,Derailment,0,RIVERDALE,IL,68.0,1,Dawn,Clear,Yard,Yard/switching,5,11880,271,12151,H503,41.640763,-87.654244000000006
PW,PWR440023A,2023-06-08,9:30 PM,Obstruction,0,WORCESTER,MA,52.0,4,Dark,Cloudy,Industry,Yard/switching,2,16000,0,16000,M404,42.248241999999998,-71.807378
LI,72908,2020-08-18,11:00 PM,Raking collision,0,LONG ISLAND CITY,NY,72.0,4,Dark,Cloudy,Yard,Work train,4,0,17678,17678,M404,40.742117999999998,-73.947425999999993
CSX,000178591,2018-09-05,1:49 PM,Derailment,0,CLEVELAND,OH,93.0,2,Day,Clear,Yard,Freight Train,4,36732,56888,93620,H525,41.571337999999997,-81.556839999999994
UP,0615WH002,2015-06-05,11:20 AM,Derailment,0,ARKANSAS CITY,KS,90.0,2,Day,Clear,Yard,Freight Train,6,278,0,239732,H702,37.052878999999997,-97.032871
LI,82924,2024-07-06,8:33 AM,Derailment,0,QUEENS VILLAGE,NY,71.0,2,Day,Clear,Yard,Passenger Train - Pulling,2,544629,60060,604689,H704,40.716990000000003,-73.728769999999997
NS,141234,2021-04-13,1:09 PM,Side collision,0,BELLEVUE,OH,55.0,2,Day,Clear,Yard,Single Car,0,30000,0,45000,H316,41.291944000000001,-82.784807999999998
MNCW,78130,2021-07-29,7:44 AM,Fire/violent rupture,0,CROTON ON HUDSON,NY,70.0,2,Day,Cloudy,Main,,0,0,0,23016,M406,41.189720000000001,-73.882570000000001
CWRO,201812,2018-02-20,11:55 AM,Derailment,0,CLEVELAND,OH,65.0,2,Day,Clear,Industry,Yard/switching,5,5000,7000,12000,T222,41.453544000000001,-81.674149999999997
LI,75957,2021-11-11,3:30 AM,Other impacts,0,NEW YORK NEW YORK,NY,48.0,4,Dark,Clear,Yard,EMU,2,15542,0,15542,E31C,40.755130999999999,-74.004171999999997
AGR,AGR913616,2016-07-25,9:30 PM,Derailment,0,KIMBROUGH,AL,86.0,4,Dark,Clear,Main,Freight Train,0,0,150,143461,M599,32.037852000000001,-87.558032999999995
NS,133648,2019-04-21,6:00 PM,Other impacts,0,MINGO JUNCTION,OH,57.0,3,Dusk,Cloudy,Yard,Yard/switching,5,3600,0,303570,H305,40.297051000000003,-80.616662000000005
PATH,I041918,2018-04-19,1:50 PM,Other impacts,0,JERSEY CITY,NJ,0.0,2,Day,Rain,Yard,Yard/switching,8,0,14211,14211,E69L,40.723599999999998,-74.0548
UP,0717PR007,2017-07-06,12:28 AM,Other impacts,0,SOUTH HOLLAND,IL,68.0,4,Dark,Clear,Yard,Freight Train,3,13670,0,27099,H702,41.610481999999998,-87.611333999999999
NS,140135,2020-12-31,6:00 PM,Derailment,0,BELLEVUE,OH,28.0,3,Dusk,Clear,Yard,Cut of cars,0,169313,0,1639062,H508,41.297936,-82.760942
NS,140570,2021-02-11,3:20 AM,Derailment,0,BELLEVUE,OH,16.0,4,Dark,Snow,Yard,Yard/switching,5,64354,6468,70822,M404,41.288344000000002,-82.801972000000006
MRL,2016059,2016-05-16,10:20 AM,Derailment,0,MISSOULA,MT,50.0,2,Day,Cloudy,Main,Freight Train,25,40000,22000,62000,E46C,46.985177,-114.103655
CSX,000192869,2020-09-25,7:20 PM,Derailment,0,CINCINNATI,OH,70.0,3,Dusk,Clear,Industry,Yard/switching,4,289626,100,289726,H599,39.186286000000003,-84.493803999999997
BNSF,KS1023104,2023-10-06,11:28 AM,Derailment,0,KANSAS CITY,KS,52.0,2,Day,Clear,Yard,Yard/switching,8,4579,11957,16536,H316,39.085014000000001,-94.692165000000003
CSX,000210844,2023-04-17,9:14 AM,Hwy-rail crossing,0,NEWARK,NJ,68.0,2,Day,Fog,Main,Light loco(s),15,1369,0,13718,M304,40.709173,-74.145171000000005
LI,76432,2022-01-29,9:45 AM,Hwy-rail crossing,0,FARMINGDALE,NY,15.0,2,Day,Snow,Main,EMU,50,386674,0,386674,M399,40.734309000000003,-73.448192000000006
CSX,000179431,2018-10-21,5:00 AM,Other impacts,0,FEURA BUSH,NY,44.0,4,Dark,Clear,Yard,Single Car,19,0,0,33654,M407,42.565902999999999,-73.854184000000004
MBTA,2023110,2023-09-10,12:07 PM,Fire/violent rupture,0,BELMONT,MA,73.0,2,Day,Clear,Main,Passenger Train - Pulling,0,27187,0,27187,E71L,42.231622000000002,-71.112464000000003
LI,78081,2022-09-24,8:45 PM,Other (describe in narrative),0,ALBERTSON,NY,68.0,4,Dark,Clear,Main,Passenger Train - Pushing,35,45404,0,45404,M599,40.771366999999998,-73.641641000000007
ATK,172181,2022-09-28,10:00 AM,Derailment,0,TRENTON,NJ,50.0,2,Day,Clear,Main,,0,0,3182577,3182577,E69C,40.206561999999998,-74.769451000000004
WE,230058,2023-08-18,2:45 AM,Derailment,0,MEDINA,OH,65.0,4,Dark,Clear,Yard,Freight Train,3,26040,1681,27721,E85C,41.017716,-81.731099
NS,115492,2015-05-01,9:35 PM,Derailment,0,IRONDALE,AL,68.0,4,Dark,Clear,Yard,Light loco(s),5,27098,3287,30385,T215,33.548904999999998,-86.678008000000005
UP,1216SL002,2016-12-05,12:44 PM,Obstruction,0,BRIGHTON,IL,46.0,2,Day,Clear,Siding,Spec. MoW Equip.,0,90000,0,130100,H307,39.056424,-90.122214999999997
CSX,000186343,2019-11-01,11:50 AM,Other impacts,0,KENTON,OH,39.0,2,Day,Cloudy,Main,Freight Train,5,11778,0,12293,E08C,40.637239000000001,-83.598274000000004
NS,115319,2015-04-18,4:05 PM,Side collision,0,BELLEVUE,OH,65.0,3,Dusk,Clear,Yard,Yard/switching,5,1100,0,19500,H399,41.288345999999997,-82.803539000000001
ATK,166702,2021-03-25,12:40 AM,Obstruction,0,NEWARK,NJ,50.0,4,Dark,Rain,Main,Spec. MoW Equip.,5,16003,0,32006,H699,40.715136000000001,-74.177267000000001
MNCW,2017020921,2017-02-09,7:42 AM,Derailment,0,PORT JERVIS,NY,24.0,1,Dawn,Snow,Yard,,0,0,0,29909,M101,41.375532,-74.695449999999994
BEAR,BER693124D,2024-02-07,9:15 PM,Derailment,0,JOHNSONVILLE,NY,35.0,4,Dark,Cloudy,Main,Freight Train,25,606786,0,606786,M505,43.903300999999999,-73.560067000000004
BNSF,KS0322101,2022-03-02,4:19 PM,Derailment,0,KANSAS CITY,KS,70.0,2,Day,Clear,Yard,Yard/switching,10,33916,61974,95890,M407,39.085044000000003,-94.685996000000003
CSX,000156127,2016-01-17,1:50 AM,Side collision,0,SELKIRK,NY,29.0,4,Dark,Cloudy,Yard,Yard/switching,4,6899,0,18985,H316,42.565902999999999,-73.854184000000004
ALS,0723AS001,2023-07-01,11:26 AM,Derailment,0,EAST ST LOUIS,IL,83.0,2,Day,Clear,Yard,,0,0,19456,71976,H503,38.583865000000003,-90.135570000000001
UP,0523HL031,2023-05-25,11:34 AM,Derailment,0,KANSAS CITY,KS,74.0,2,Day,Clear,Yard,Yard/switching,3,17185,0,100760,M203,39.097462999999998,-94.665904999999995
CSX,000184040,2019-07-10,8:33 PM,Side collision,0,INDIANAPOLIS,IN,85.0,4,Dark,Clear,Yard,Light loco(s),8,17920,0,143401,H306,39.759791,-86.327526000000006
CSX,000140502,2015-01-24,2:32 AM,Side collision,0,MOBILE,AL,40.0,4,Dark,Clear,Yard,Yard/switching,4,1121,126,23743,H318,30.712990999999999,-88.046870999999996
NS,143158,2021-10-05,5:08 AM,Other impacts,0,ATTICA,NY,65.0,1,Dawn,Clear,Siding,Light loco(s),0,33,0,100033,H210,42.859364999999997,-78.269312999999997
NS,157066,2024-06-14,1:00 AM,Derailment,0,MERIDIAN,MS,80.0,4,Dark,Clear,Yard,Yard/switching,6,6661,19495,26156,H702,32.353375999999997,-88.732101
NYA,NYA00107F,2023-09-18,9:05 PM,Other (describe in narrative),0,FARMINGDALE,NY,70.0,4,Dark,Clear,Main,Freight Train,26,1500,0,107230,E85C,40.735284999999998,-73.444017000000002
CSX,000179971,2018-11-20,8:45 AM,Side collision,0,JEFFERSON,GA,45.0,2,Day,Clear,Main,Freight Train,4,10642,0,21794,E08C,34.141665000000003,-83.636639000000002
CSX,000180735,2019-01-12,9:49 PM,Side collision,0,SELKIRK,NY,5.0,4,Dark,Clear,Yard,Single Car,9,2071,0,16696,H302,42.565902999999999,-73.854184000000004
CSX,000163025,2016-09-21,11:00 AM,Derailment,0,WALBRIDGE,OH,84.0,2,Day,Clear,Yard,Cut of cars,5,14938,50,14988,M411,41.586779,-83.537301999999997