reportingrailroadcode,accidentnumber,date,time,accidenttype,hazmatreleasedcars,station,stateabbr,temperature,visibility_code,visibility,weathercondition,tracktype,equipmenttype,trainspeed,equipmentdamagecost,trackdamagecost,totaldamagecost,primaryaccidentcausecode,latitude,longitude
NS,128583,2018-02-20,8:05 AM,Other impacts,0,ELKHART,IN,52.0,2,Day,Clear,Yard,Yard/switching,4,16032,0,31964,M411,41.67736,-85.978494999999995
LI,80359,2023-08-03,11:13 AM,Derailment,0,JAMAICA,NY,79.0,2,Day,Clear,Main,EMU,54,1505056,2171933,3676989,S099,40.704994999999997,-73.787789000000004
MRL,2018058,2018-04-22,11:30 AM,Derailment,0,MISSOULA,MT,55.0,2,Day,Cloudy,Yard,Yard/switching,10,90000,0,90000,H601,46.886799000000003,-114.013767
UP,0321MA044,2021-03-24,10:30 AM,Derailment,0,SHREVEPORT,LA,62.0,2,Day,Clear,Main,Freight Train,15,196809,5826,209385,H603,32.512839,-93.743296000000001
CMQX,032015,2015-03-28,10:15 AM,Derailment,0,BROWNVILLE,ME,25.0,2,Day,Clear,Main,Freight Train,10,6160,22500,28660,E64C,45.307068999999998,-69.033389999999997
ATK,135259,2014-11-18,7:00 AM,Other (describe in narrative),0,NORTH BERGEN,NJ,30.0,1,Dawn,Cloudy,Main,Passenger Train - Pulling,90,21849,0,21849,E78L,40.772612000000002,-74.044224999999997
CSX,000175940,2018-04-21,4:27 AM,Other impacts,0,CINCINNATI,OH,68.0,1,Dawn,Clear,Yard,Single Car,6,15015,100,16286,S014,37.850351000000003,-84.256836000000007
CSX,000202512,2022-01-20,12:30 AM,Derailment,0,BUFFALO,NY,19.0,4,Dark,Cloudy,Yard,Yard/switching,10,127923,2066,129989,M101,42.901926000000003,-78.773365999999996
NS,129141,2018-04-13,3:45 AM,Derailment,0,BELLEVUE,OH,48.0,4,Dark,Clear,Yard,Yard/switching,3,1000,2400,21500,H99E,41.288305999999999,-82.801342000000005
BNSF,SW0921108,2021-09-07,11:00 PM,Derailment,0,GALLUP,NM,52.0,4,Dark,Clear,Yard,Yard/switching,4,93879,0,94229,H318,35.512064000000002,-108.799959
NS,116434,2015-07-09,8:26 AM,Other impacts,0,BELLEVUE,OH,70.0,2,Day,Rain,Yard,Cut of cars,0,13000,0,14444,H306,41.288345999999997,-82.803539000000001
CSX,000177046,2018-06-17,7:28 AM,Other impacts,0,CINCINNATI,OH,85.0,1,Dawn,Clear,Yard,Cut of cars,14,40109,6982,47091,E09C,39.124550999999997,-84.542520999999994
BPRR,BPR425220D,2020-05-18,10:50 PM,Derailment,0,EAST AURORA,NY,59.0,4,Dark,Cloudy,Main,Freight Train,34,500000,15195,515195,H703,42.767747,-78.612194000000002
MNCW,75886,2021-11-04,10:42 AM,Obstruction,0,BEACON,NY,47.0,2,Day,Cloudy,Main,Spec. MoW Equip.,0,4462,0,12184,H607,41.497942000000002,-73.983384000000001
GRW,02,2018-01-16,3:15 AM,Derailment,0,GARY,IN,5.0,4,Dark,Snow,Industry,Yard/switching,5,14410,2199,16609,H305,41.613258999999999,-87.330445999999995
WE,170070,2017-06-05,2:30 AM,Derailment,0,AKRON,OH,61.0,4,Dark,Clear,Yard,Yard/switching,5,1825,17373,19198,H702,41.065215999999999,-81.444384999999997
NOPB,D20190113E,2019-01-13,7:00 PM,Derailment,0,NEW ORLEANS,LA,48.0,3,Dusk,Clear,Main,Freight Train,5,460000,4660,477505,E46L,30.002793,-90.028310000000005
LI,EQ20170702,2017-07-18,5:16 AM,Derailment,0,LONG BEACH,NY,73.0,1,Dawn,Clear,Yard,EMU,5,238027,0,238027,H607,40.593698000000003,-73.663396000000006
BNSF,KS1117113,2017-11-24,8:50 PM,Derailment,0,KANSAS CITY,KS,65.0,3,Dusk,Cloudy,Yard,Yard/switching,5,87161,15500,102661,M599,39.086725000000001,-94.680656999999997
CSX,000217791,2024-05-03,10:00 PM,Side collision,0,CUMBERLAND,MD,55.0,4,Dark,Rain,Yard,Yard/switching,4,6923,227,183063,H702,39.644506999999997,-78.760868000000002
NS,123714,2017-01-26,11:40 AM,Other impacts,0,AMHERST,OH,36.0,2,Day,Rain,Yard,Spec. MoW Equip.,10,40000,0,40009,M599,41.405800999999997,-82.271137999999993
BNSF,MT0722102,2022-07-05,4:19 PM,Other (describe in narrative),0,CUSTER,MT,81.0,2,Day,Clear,Main,Freight Train,39,0,20000,20000,H202,46.131635000000003,-107.555007
BNSF,SW0221101,2021-02-04,6:47 AM,Derailment,0,GRANTS,NM,36.0,1,Dawn,Clear,Main,Freight Train,50,132890,43000,175890,E33C,35.140014000000001,-107.832036
CSX,000155580,2015-12-29,11:27 PM,Side collision,0,NEW YORK,NY,34.0,4,Dark,Cloudy,Industry,Cut of cars,4,11246,0,22637,H307,40.811928000000002,-73.898171000000005
CSX,000174140,2018-01-16,6:00 PM,Other impacts,0,BIRMINGHAM,AL,40.0,3,Dusk,Clear,Yard,Cut of cars,3,1800,0,32633,H018,33.543607000000002,-86.790088999999995
UP,0315ST003,2015-03-02,12:54 PM,Fire/violent rupture,0,THREE RIVERS,NM,51.0,2,Day,Cloudy,Main,Freight Train,15,126091,0,126091,M406,33.321657999999999,-106.074962
CSX,000219708,2024-08-01,12:15 PM,Derailment,0,WALBRIDGE,OH,90.0,2,Day,Clear,Yard,Yard/switching,9,11747,25052,36799,S011,41.589911000000001,-83.496928999999994
WE,170101,2017-09-07,6:46 AM,Derailment,0,STREETSBORO,OH,46.0,4,Dark,Clear,Industry,Cut of cars,10,7084,5353,12437,H020,41.246020000000001,-81.373795000000001
UP,0624RM017,2024-06-21,6:17 PM,Derailment,0,BLACKFOOT,ID,84.0,3,Dusk,Clear,Industry,Freight Train,5,13902,1760,15662,H210,43.208319000000003,-112.388775
IHB,2573,2020-01-08,10:40 AM,Derailment,0,EAST CHICAGO,IN,31.0,2,Day,Clear,Yard,Yard/switching,6,22500,3500,26000,T220,41.654155000000003,-87.442514000000003
BNSF,PR0817106,2017-08-06,3:49 PM,Derailment,0,DENVER,CO,77.0,2,Day,Cloudy,Yard,Yard/switching,4,13262,3300,18685,H318,39.775914999999998,-104.98106799999999
NS,123520,2017-01-11,2:11 PM,Hwy-rail crossing,0,DAYTON,OH,52.0,2,Day,Rain,Main,Freight Train,27,241,11313,11554,M303,39.742761000000002,-84.208541999999994
KO,IN200310,2020-03-10,3:00 AM,Derailment,0,GREAT BEND,KS,34.0,4,Dark,Fog,Industry,Freight Train,5,3000,18000,46000,H306,38.364086999999998,-98.682306999999994
MNCW,78612,2022-12-09,12:40 AM,Side collision,0,PORT JERVIS,NY,45.0,4,Dark,Clear,Yard,,0,0,8640,85578,H607,41.378469000000003,-74.698418000000004
NJTR,201707226,2017-06-22,3:45 AM,Derailment,0,HOBOKEN,NJ,70.0,4,Dark,Clear,Yard,Yard/switching,0,2570,11429,13999,H399,40.734617999999998,-74.034537999999998
IC,1029697,2020-03-14,5:05 PM,Side collision,0,MARKHAM,IL,32.0,2,Day,Cloudy,Yard,Single Car,3,9500,0,12000,H318,41.595022,-87.650822000000005
CSX,000172307,2017-10-19,11:00 AM,Other impacts,0,RAVENNA,OH,60.0,2,Day,Clear,Main,Spec. MoW Equip.,15,11412,32,29436,H997,41.151809,-81.157605000000004
ATK,153234,2018-05-12,4:15 PM,Derailment,0,LONG ISLAND CITY,NY,59.0,2,Day,Cloudy,Yard,Light loco(s),5,170000,0,170000,H017,40.744678999999998,-73.948539999999994
MNCW,2019147,2019-09-26,6:49 PM,Other (describe in narrative),0,NEW HAVEN,CT,75.0,2,Day,Clear,Main,EMU,16,0,20105,20105,H605,41.303649999999998,-72.922550000000001
CSX,000203694,2021-11-03,12:30 PM,Derailment,0,UTICA,NY,60.0,2,Day,Clear,Industry,,0,0,64,30064,H212,43.103090999999999,-75.217538000000005
DMVW,DM221018A,2022-10-18,8:20 PM,Hwy-rail crossing,0,WESTBY,MT,46.0,4,Dark,Clear,Industry,Freight Train,3,30000,0,30000,M302,48.872945999999999,-104.051468
NS,145311,2022-05-20,4:00 AM,Other impacts,0,LINWOOD,NC,72.0,1,Dawn,Cloudy,Yard,Single Car,2,400,0,19413,H312,35.740859999999998,-80.330498000000006
MNCW,2018030317,2018-03-03,9:10 AM,Other impacts,0,BREWSTER,NY,40.0,2,Day,Clear,Yard,Cut of cars,2,1621,59210,60831,H509,41.407265000000002,-73.622410000000002
BNSF,PR1115111,2015-11-26,7:44 PM,Other (describe in narrative),0,ALLIANCE,NE,19.0,3,Dusk,Snow,Main,Freight Train,5,0,15000,15000,H605,42.094295000000002,-102.880032
BNSF,NE1115111,2015-11-26,5:55 PM,Derailment,0,LINCOLN,NE,27.0,3,Dusk,Sleet,Yard,Yard/switching,5,3989,200000,203989,M202,40.808022000000001,-96.740977999999998
BNSF,NE0715114,2015-07-27,12:59 AM,Derailment,0,LINCOLN,NE,80.0,4,Dark,Clear,Main,Yard/switching,10,5624,74000,79624,E46C,40.810504000000002,-96.714961000000002
CP,1000556096,2017-05-11,5:50 AM,Other impacts,0,KANSAS CITY,MO,65.0,4,Dark,Cloudy,Yard,Yard/switching,8,138,0,11903,H602,39.128900000000002,-94.419298999999995
CSX,000174514,2018-02-05,11:15 AM,Other (describe in narrative),0,UTICA,NY,19.0,2,Day,Cloudy,Main,Freight Train,50,23000,50,23050,E72L,43.110435000000003,-75.250730000000004
BAYL,BAY896724D,2024-02-12,1:00 PM,Derailment,0,COTTONDALE,FL,95.0,2,Day,Clear,Siding,Freight Train,7,3000,11250,14250,H703,30.77863,-85.380020999999999
WE,180056,2018-06-09,8:35 AM,Other (describe in narrative),0,AKRON,OH,69.0,2,Day,Cloudy,Yard,Single Car,0,15000,336,15336,M502,41.065244,-81.450615999999997
BNSF,TC1223115,2023-12-31,9:52 PM,Derailment,0,MINNEAPOLIS,MN,28.0,4,Dark,Snow,Yard,Yard/switching,12,18166,0,18166,M407,45.034050000000001,-93.271876000000006
CSX,000178989,2018-09-28,6:00 AM,Raking collision,0,SELKIRK,NY,52.0,1,Dawn,Rain,Yard,Yard/switching,8,23757,100,23857,M407,42.565902999999999,-73.854184000000004
UP,0424GP009,2024-04-14,2:46 PM,Derailment,0,CHAPPELL,NE,77.0,2,Day,Clear,Main,Freight Train,68,2440966,380993,2821959,E64C,41.091498999999999,-102.472669
NS,131863,2018-11-29,8:35 PM,Hwy-rail crossing,0,WARSAW,IN,34.0,4,Dark,Clear,Main,Freight Train,18,16,40411,40427,M308,41.284709999999997,-85.850319999999996
PATH,I081115,2015-08-11,4:55 AM,Obstruction,0,NEWARK,NJ,70.0,4,Dark,Clear,Main,EMU,30,0,1300000,1300000,M599,40.735657000000003,-74.172365999999997
CSX,000172738,2017-11-08,2:06 AM,Derailment,0,SELKIRK,NY,31.0,4,Dark,Clear,Yard,Cut of cars,5,43151,8442,51593,H316,42.565902999999999,-73.854184000000004
MNCW,2018101216,2018-10-12,8:40 AM,Derailment,0,NEW HAVEN,CT,61.0,2,Day,Clear,Yard,,0,0,0,15505,H799,41.388680000000001,-72.860889999999998
NS,120277,2016-04-27,6:20 AM,Derailment,0,SAINT BERNARD,OH,62.0,1,Dawn,Clear,Yard,Single Car,0,460,9414,65457,H306,39.143377999999998,-84.543969000000004
UP,0623GC030,2023-06-25,7:14 AM,Other impacts,0,MARINGOUIN,LA,77.0,2,Day,Clear,Yard,Single Car,5,61576,0,62880,M411,30.525438000000001,-91.552401000000003
NS,153141,2023-05-21,2:45 PM,Hwy-rail crossing,0,MADISON,MO,70.0,2,Day,Clear,Main,Freight Train,47,1538000,206444,1744444,M308,39.477668999999999,-92.167300999999995
UP,1120GL003,2020-11-06,6:35 PM,Derailment,0,COLUMBUS,NE,68.0,3,Dusk,Cloudy,Yard,Freight Train,4,14734,30588,45322,H523,41.427635000000002,-97.365302
NS,117190,2015-09-01,4:50 AM,Derailment,0,KEARNY,NJ,71.0,1,Dawn,Cloudy,Industry,Freight Train,5,24551,500,25051,H306,40.753025999999998,-74.118819000000002
CSX,000180577,2019-01-02,8:20 PM,Other impacts,0,WAYCROSS,GA,29.0,4,Dark,Clear,Yard,Cut of cars,8,0,0,73884,M411,31.213524,-82.353588000000002
WE,190112,2019-12-07,4:05 PM,Derailment,0,BREWSTER,OH,35.0,2,Day,Clear,Yard,Yard/switching,6,55000,0,55000,H318,40.714602999999997,-81.606931000000003
NJTR,202106241,2021-06-05,12:08 PM,Other (describe in narrative),0,DENVILLE,NJ,90.0,2,Day,Clear,Main,Commuter Train - Pulling,55,16538,0,16538,M199,40.884241000000003,-74.542749000000001
SAPT,SAP446419,2019-07-16,12:30 PM,Hwy-rail crossing,0,GARDEN CITY,GA,98.0,2,Day,Clear,Yard,Light loco(s),10,17000,0,17000,M302,32.115349999999999,-81.146334999999993
CUOH,CUO814821D,2021-06-27,6:00 PM,Derailment,0,NEWARK,OH,85.0,2,Day,Clear,Main,Freight Train,6,10232,4535,14767,M203,40.061078000000002,-82.350752999999997
ATN,ATN151193,2015-07-30,9:25 AM,Side collision,0,BESSEMER,AL,80.0,2,Day,Clear,Yard,,0,0,0,0,H020,33.348730000000003,-86.471598
NS,146456,2022-09-10,3:49 AM,Derailment,0,PORT DICKINSON,NY,65.0,4,Dark,Fog,Yard,Freight Train,8,6000,23556,29556,H306,42.098692,-75.856887999999998
NS,115184,2015-04-09,1:25 AM,Derailment,0,IRONDALE,AL,64.0,4,Dark,Clear,Yard,Yard/switching,0,700,0,20175,H021,33.548904999999998,-86.678008000000005
CSX,000141979,2015-02-20,1:30 AM,Side collision,0,BIRMINGHAM,AL,21.0,4,Dark,Cloudy,Yard,Yard/switching,2,80703,0,209853,H020,33.513494999999999,-86.803837000000001
RJCW,RJCW2401,2024-01-23,12:05 PM,Derailment,0,GREENVILLE,OH,43.0,1,Dawn,Clear,Main,Freight Train,8,121400,76500,197900,T222,40.062600000000003,-84.639399999999995
NJTR,201907405,2019-07-19,1:00 PM,Derailment,0,HOBOKEN,NJ,93.0,2,Day,Clear,Yard,Light loco(s),5,12480,424,12904,H702,40.735177999999998,-74.027608999999998
NS,123856,2017-02-06,2:52 AM,Other (describe in narrative),0,CLEVELAND,OH,25.0,4,Dark,Cloudy,Main,Freight Train,11,15000,0,15000,E21C,41.428762999999996,-81.816004000000007
NS,146184,2022-08-14,6:00 PM,Other impacts,0,LOUISVILLE,KY,82.0,3,Dusk,Cloudy,Yard,Single Car,0,100,0,11364,H302,38.263516000000003,-85.801423
ATK,139911,2015-11-06,2:00 PM,Hwy-rail crossing,0,BIRMINGHAM,AL,78.0,2,Day,Clear,Main,Passenger Train - Pulling,44,62082,0,62082,M308,33.413958000000001,-86.939730999999995
UP,1023HL004,2023-10-05,6:41 AM,Derailment,0,HERINGTON,KS,49.0,1,Dawn,Clear,Main,Freight Train,6,96391,137584,233975,H519,38.695352999999997,-96.949427999999997
BNSF,HL0920108,2020-09-15,3:50 AM,Derailment,0,OMAHA,NE,60.0,4,Dark,Clear,Yard,,0,0,298089,529060,T221,41.254390000000001,-95.921587000000002
ATK,144798,2016-10-21,2:13 PM,Derailment,0,ALBANY,NY,68.0,2,Day,Rain,Main,Work train,10,10781,800,11581,M599,42.64434,-73.740919000000005
CSX,000189214,2020-03-19,4:44 AM,Side collision,0,SELKIRK,NY,39.0,1,Dawn,Rain,Yard,Single Car,7,145,0,11723,H995,42.565902999999999,-73.854184000000004
BRC,14328,2019-12-26,1:30 PM,Raking collision,0,CHICAGO,IL,50.0,2,Day,Clear,Industry,Cut of cars,0,14816,0,29632,H302,41.837659000000002,-87.738640000000004
CSX,000160834,2016-06-24,12:44 AM,Other impacts,0,MONTGOMERY,AL,72.0,4,Dark,Clear,Yard,Yard/switching,4,9235,0,12295,H018,32.399133999999997,-86.317858000000001
NS,151382,2022-11-05,5:02 AM,Derailment,0,LOUISVILLE,KY,52.0,1,Dawn,Clear,Yard,Light loco(s),4,100000,0,100000,H303,38.263516000000003,-85.801423999999997
NS,133044,2019-02-28,4:30 PM,Derailment,0,LUCASVILLE,OH,40.0,3,Dusk,Clear,Main,Freight Train,14,261821,668074,929895,E62C,38.888033999999998,-82.997313000000005
CSX,000151331,2015-08-26,4:48 AM,Side collision,0,CINCINNATI,OH,62.0,4,Dark,Clear,Yard,Single Car,6,11507,0,11507,S016,39.104323000000001,-84.542438000000004
ATK,181363,2024-04-29,2:33 AM,Obstruction,0,RAVENNA,OH,0.0,4,Dark,Clear,Main,Passenger Train - Pulling,57,38270,0,38270,M404,41.148834000000001,-81.253213000000002
CSX,000212127,2023-07-06,6:06 AM,Side collision,0,ROCKY MOUNT,NC,74.0,1,Dawn,Clear,Yard,Yard/switching,0,41020,0,41182,H310,35.917687000000001,-77.805566999999996
BNSF,TC0918110,2018-09-22,7:01 AM,Obstruction,0,SARTELL,MN,40.0,1,Dawn,Clear,Main,Freight Train,50,11000,0,11000,M402,45.621111999999997,-94.200243
IC,1136452,2023-07-15,9:10 PM,Side collision,0,WAMAC,IL,79.0,4,Dark,Clear,Yard,Yard/switching,3,13804,0,14104,H310,38.505817999999998,-89.145698999999993
CSX,000162087,2016-08-13,6:50 PM,Side collision,0,SELKIRK,NY,89.0,2,Day,Clear,Yard,Yard/switching,7,80158,105039,359659,H306,42.565902999999999,-73.854184000000004
LI,81583,2024-01-04,5:31 PM,Hwy-rail crossing,0,WYANDANCH,NY,37.0,4,Dark,Clear,Main,EMU,67,19122,0,19122,M399,40.753504,-73.363708000000003
NS,157838,2024-08-26,9:00 AM,Other impacts,0,IRONDALE,AL,75.0,2,Day,Clear,Yard,Spec. MoW Equip.,0,10000,0,37222,H402,33.555373000000003,-86.683971999999997
NS,124104,2017-02-25,8:25 PM,Other impacts,0,BELLEVUE,OH,28.0,4,Dark,Clear,Yard,Yard/switching,5,10000,2755,37755,H706,41.274422999999999,-82.833569999999995
CSX,000150858,2015-08-19,11:09 AM,Side collision,0,COLUMBUS,OH,86.0,2,Day,Clear,Industry,Yard/switching,5,75656,0,110211,H302,39.892803000000001,-82.958421000000001
IHB,2053,2015-01-03,6:45 PM,Derailment,0,RIVERDALE,IL,30.0,4,Dark,Rain,Yard,Yard/switching,5,16424,2625,19049,T220,41.639260999999998,-87.652637999999996
NS,128155,2018-01-16,1:55 PM,Derailment,0,TRENTON,GA,29.0,2,Day,Snow,Siding,Freight Train,9,88,29697,29785,M101,34.878768999999998,-85.502489999999995
UP,0317DV042,2017-03-31,12:16 AM,Derailment,0,FORT RILEY,KS,45.0,4,Dark,Cloudy,Industry,Yard/switching,6,81,61000,61081,H307,39.083976999999997,-96.763373999999999
NS,138393,2020-07-02,2:30 AM,Other impacts,0,BELLEVUE,OH,67.0,4,Dark,Clear,Yard,Single Car,0,7764,0,34520,H312,41.289406999999997,-82.792542999999995
NS,124919,2017-05-03,12:55 AM,Derailment,0,SLOAN,NY,48.0,4,Dark,Cloudy,Yard,Yard/switching,2,21658,100,21758,M405,42.882770999999998,-78.819282000000001
UP,0919PR019,2019-09-30,9:20 AM,Derailment,0,MELROSE PARK,IL,71.0,2,Day,Cloudy,Yard,Freight Train,10,31458,13391,44849,E40C,41.895715000000003,-87.888906000000006
GTW,992038,2019-03-22,11:35 AM,Other impacts,0,TOLEDO,OH,42.0,2,Day,Cloudy,Yard,Yard/switching,8,17447,0,17447,H318,41.708016999999998,-83.503292999999999
BNSF,CH0218103,2018-02-10,4:30 AM,Derailment,0,WILLOW SPRINGS,IL,17.0,1,Dawn,Snow,Yard,Yard/switching,3,1600,14000,15600,H307,41.752766000000001,-87.864403999999993
CSX,000148709,2015-07-03,8:30 AM,Derailment,0,WALBRIDGE,OH,73.0,2,Day,Clear,Yard,Cut of cars,4,22150,100,22250,M411,41.586402,-83.538082000000003
NJTR,202108331,2021-07-07,9:30 PM,Hwy-rail crossing,0,MT OLIVE,NJ,73.0,4,Dark,Clear,Main,Commuter Train - Pulling,45,61213,0,61213,M303,40.909956000000001,-74.744202999999999
BNSF,TC0315116,2015-03-13,10:55 AM,Derailment,0,BROOKSTON,MN,45.0,2,Day,Clear,Main,Freight Train,40,6500,24745,31245,E53C,46.827665000000003,-92.554843000000005
CIND,CIN462620R,2020-06-23,12:30 PM,Derailment,0,CINCINNATI,OH,80.0,2,Day,Cloudy,Main,Freight Train,10,219829,0,238774,E40C,39.248745999999997,-84.815619999999996
KCS,17010602,2017-01-06,6:25 PM,Derailment,0,ASBURY,MO,6.0,4,Dark,Clear,Main,Freight Train,9,303814,1408649,1712463,E61C,37.284410000000001,-94.609626000000006
NIRC,9419000386,2021-08-05,7:25 PM,Other (describe in narrative),0,CHICAGO,IL,83.0,3,Dusk,Clear,Yard,EMU,5,19199,2071,21270,H702,41.673211000000002,-87.615134999999995
NIRC,9419000975,2022-08-06,9:15 AM,Derailment,0,BLUE ISLAND,IL,91.0,2,Day,Clear,Main,Commuter Train - Pulling,11,8716,16626,25342,H602,41.65578,-87.676879999999997
KCS,22041001,2022-04-10,5:11 AM,Obstruction,0,ANACOCO,LA,60.0,4,Dark,Clear,Main,Freight Train,15,0,28645,28645,M404,31.184097000000001,-93.288842000000002
UP,0424GP012,2024-04-16,2:50 AM,Derailment,0,KEARNEY,NE,66.0,4,Dark,Rain,Main,Freight Train,59,27301,81137,108438,M105,40.720528999999999,-98.968209000000002
ATK,172432,2022-10-19,11:42 AM,Hwy-rail crossing,0,ROWLAND,NC,57.0,2,Day,Clear,Main,Passenger Train - Pulling,79,5074,0,30080,M308,34.537121999999997,-79.292451999999997
ATK,167896,2021-07-29,7:44 AM,Other (describe in narrative),0,CROTON ON HUDSON,NY,70.0,2,Day,Cloudy,Main,Passenger Train - Pulling,0,23016,0,23016,M406,41.189720000000001,-73.882570000000001
MRL,2020106,2020-11-05,7:50 PM,Other impacts,0,MISSOULA,MT,50.0,4,Dark,Clear,Yard,Cut of cars,0,4100,0,35760,H302,46.896413000000003,-114.032703
NS,134862,2019-07-25,5:45 PM,Derailment,0,CHICAGO,IL,77.0,2,Day,Clear,Yard,,0,0,17287,17446,H306,41.820726999999998,-87.670096999999998
BNSF,SF0315126,2015-03-26,10:30 AM,Derailment,0,BLUE SPRINGS,MS,63.0,2,Day,Clear,Siding,Freight Train,3,13865,2300,16165,E02C,34.417039000000003,-88.919757000000004
MQT,MQT280719D,2019-12-18,11:44 AM,Derailment,0,LUDINGTON,MI,9.0,2,Day,Snow,Yard,Yard/switching,6,3346,15300,18646,T220,43.949683999999998,-86.419675999999995
BNSF,TC0216106,2016-02-10,3:40 PM,Derailment,0,FRIDLEY,MN,8.0,2,Day,Clear,Yard,Light loco(s),4,500,15133,15633,H307,45.046669999999999,-93.273685999999998
RALI,RAI561620,2020-02-29,9:45 PM,Side collision,0,LIVONIA,LA,52.0,4,Dark,Clear,Yard,Cut of cars,0,31956,0,63912,H702,30.533435000000001,-91.562578000000002
MNA,821418D,2018-10-15,1:45 AM,Derailment,0,JOPLIN,MO,37.0,4,Dark,Cloudy,Industry,Freight Train,7,127000,41000,168000,T220,37.080406000000004,-94.506155000000007
NS,126950,2017-10-09,3:33 PM,Derailment,0,CHICAGO,IL,72.0,2,Day,Clear,Yard,Freight Train,3,3425,8565,11990,H702,41.780205000000002,-87.628943000000007
DMVW,OAN81823,2023-08-18,1:10 PM,Obstruction,0,NAPOLEON,ND,78.0,2,Day,Clear,Industry,Light loco(s),10,7550,28636,36186,M404,46.504137,-99.772160999999997
MRL,2020051,2020-05-27,4:15 PM,Obstruction,0,PLAINS,MT,80.0,2,Day,Clear,Main,Freight Train,9,0,0,40000,H499,47.522140999999998,-114.994209
UP,0916TC001,2016-09-01,9:50 PM,Other impacts,0,ST PAUL,MN,60.0,4,Dark,Clear,Yard,Yard/switching,5,68756,53336,130046,E49C,44.938588000000003,-93.049276000000006
NS,121683,2016-08-16,1:00 AM,Derailment,0,HANNIBAL,MO,70.0,4,Dark,Cloudy,Main,Freight Train,8,12600,1307,13907,H702,39.687747999999999,-91.387157000000002
IC,911530,2017-01-20,4:25 AM,Derailment,0,JOHNSTON CITY,IL,52.0,4,Dark,Rain,Main,Freight Train,12,70000,242542,312542,H599,37.852173999999998,-88.731138999999999
CSX,000140850,2015-02-02,6:15 AM,Other impacts,0,ROCKY MOUNT,NC,54.0,1,Dawn,Rain,Yard,Cut of cars,2,6853,0,14362,H018,35.931645000000003,-77.799741999999995
LIRC,1218201901,2019-12-18,5:06 PM,Hwy-rail crossing,0,SELLERSBURG,IN,32.0,2,Day,Clear,Main,Freight Train,43,1500,13500,15000,M304,38.370899999999999,-85.746200000000002
CSX,000177547,2018-07-12,2:21 PM,Derailment,0,LEONIA,NJ,85.0,2,Day,Clear,Yard,Freight Train,9,16245,500,16745,T217,40.863230999999999,-73.995970999999997
WC,1010604,2019-08-27,5:21 AM,Derailment,0,GARY,IN,71.0,4,Dark,Cloudy,Yard,Yard/switching,4,1744,50197,51941,M411,41.627963000000001,-87.421747999999994
UP,0922GC025,2022-09-29,7:21 PM,Derailment,0,MARINGOUIN,LA,65.0,3,Dusk,Clear,Yard,Cut of cars,0,54851,0,329361,E39C,30.532596000000002,-91.559239000000005
NS,144643,2022-03-05,2:45 AM,Derailment,0,PERRYMAN,MD,32.0,4,Dark,Clear,Main,Freight Train,30,828121,0,2665230,E61C,39.556704000000003,-76.078292000000005
NS,139026,2020-08-31,5:40 PM,Derailment,0,ELKHART,IN,76.0,3,Dusk,Clear,Yard,Cut of cars,0,3354,0,635196,H504,41.67736,-85.978494999999995
NS,144559,2022-03-02,12:51 AM,Other impacts,0,LOUISVILLE,KY,40.0,4,Dark,Clear,Yard,Single Car,4,77745,0,129945,H312,38.263516000000003,-85.801423
UP,0216CB014,2016-02-21,7:34 PM,Derailment,0,CLINTON,IA,39.0,4,Dark,Clear,Yard,Freight Train,9,43507,57622,120177,T221,41.806851999999999,-90.248152000000005
UP,1115NP009,2015-11-13,1:15 PM,Derailment,0,NORTH PLATTE,NE,55.0,2,Day,Clear,Main,Freight Train,36,15828,172883,188711,E51C,41.107500000000002,-100.62165400000001
LSRC,M240821,2024-08-21,4:00 AM,Raking collision,0,FLINT,MI,50.0,4,Dark,Clear,Yard,Yard/switching,8,220000,0,220000,H302,43.085931000000002,-83.677374999999998
BNSF,NE0615103,2015-06-10,7:50 PM,Derailment,0,KENESAW,NE,70.0,3,Dusk,Rain,Main,Freight Train,17,366137,35000,401137,M105,40.600194000000002,-98.715092999999996
BNSF,PR0922203,2022-09-06,1:33 PM,Hwy-rail crossing,0,LITCHFIELD,NE,83.0,2,Day,Clear,Main,Freight Train,45,50000,0,50000,M302,41.150810999999997,-99.147897
BNSF,MT1123108,2023-11-22,5:25 PM,Derailment,0,GLADSTONE,ND,10.0,3,Dusk,Clear,Industry,Freight Train,7,33813,27192,61005,H702,46.883671999999997,-102.517365
UP,1121GP011,2021-11-05,7:00 PM,Other impacts,0,NORTH PLATTE,NE,55.0,3,Dusk,Clear,Yard,Cut of cars,0,6865,1200,15346,E09C,41.15155,-100.82476699999999
PSBX,15060501,2015-06-05,7:00 AM,Other (describe in narrative),0,SHREVEPORT,LA,90.0,1,Dawn,Clear,Industry,Cut of cars,0,124697,0,364389,M103,32.360608999999997,-93.628973000000002
BNSF,MT0221101,2021-02-06,9:30 AM,Derailment,0,HARDIN,MT,0.0,2,Day,Snow,Industry,Freight Train,1,54079,1500,55579,M101,45.802878999999997,-107.08020399999999
UP,0122GL024,2022-01-26,1:50 PM,Other impacts,0,ST PAUL,MN,9.0,2,Day,Cloudy,Yard,Yard/switching,2,37371,0,38903,H312,44.935650000000003,-93.046718999999996