reportingrailroadcode,accidentnumber,date,time,accidenttype,hazmatreleasedcars,station,stateabbr,temperature,visibility_code,visibility,weathercondition,tracktype,equipmenttype,trainspeed,equipmentdamagecost,trackdamagecost,totaldamagecost,primaryaccidentcausecode,latitude,longitude
UP,0715CB003,2015-07-10,3:33 PM,Derailment,0,OMAHA,NE,79.0,2,Day,Clear,Main,Freight Train,12,9710,279392,289102,E54C,41.229095000000001,-95.952994000000004
MDS,19092601,2019-09-26,6:10 PM,Other impacts,0,MERIDIAN,MS,90.0,2,Day,Clear,Yard,Freight Train,0,87000,0,88703,M505,32.351002000000001,-88.715987999999996
CSX,000137662,2014-11-17,4:40 PM,Hwy-rail crossing,0,ANCHORAGE,KY,24.0,2,Day,Snow,Main,Freight Train,11,800,26000,26800,M399,38.301549999999999,-85.498988999999995
MNBR,MNB590020,2020-04-30,9:00 PM,Derailment,0,MERIDIAN,MS,46.0,4,Dark,Clear,Yard,Freight Train,10,5536,0,27547,H506,32.363171999999999,-88.692639
UP,0223HL011,2023-02-07,9:24 AM,Hwy-rail crossing,0,PLEASANT HILL,MO,39.0,2,Day,Clear,Main,,0,0,198,24477,M302,38.817360000000001,-94.298159999999996
NS,152108,2023-01-27,9:30 AM,Hwy-rail crossing,0,N/A,KY,27.0,2,Day,Clear,Main,Freight Train,45,13549,0,13549,M302,37.121783000000001,-84.627846000000005
UP,0422GP026,2022-04-23,5:00 AM,Derailment,0,NORTH PLATTE,NE,45.0,1,Dawn,Cloudy,Yard,Yard/switching,3,12375,150,12525,M101,41.152822,-100.82532
SKOL,220816002,2022-08-16,3:00 AM,Derailment,0,HALLOWELL,KS,82.0,4,Dark,Clear,Yard,Freight Train,13,666055,7600,673655,T220,37.173015999999997,-95.002897000000004
UP,0822GP004,2022-08-08,9:13 PM,Other impacts,0,MITCHELL,NE,81.0,4,Dark,Cloudy,Yard,Freight Train,4,69080,500,111631,H318,41.929723000000003,-103.856556
CP,1001554059,2021-08-28,4:02 PM,Derailment,1,NEW HAMPTON,IA,75.0,2,Day,Clear,Main,Freight Train,38,5696338,3006997,8703335,M103,43.03539,-92.383167
KCS,15013101,2015-01-31,4:00 AM,Other impacts,0,PEARL,MS,33.0,4,Dark,Cloudy,Yard,Yard/switching,5,0,0,19000,H318,32.253303000000002,-90.140728999999993
BNSF,NE0415112,2015-04-17,12:00 PM,Other (describe in narrative),0,BELLEVUE,NE,75.0,2,Day,Clear,Main,Spec. MoW Equip.,15,36000,0,36000,H997,41.125154999999999,-95.889301000000003
BNSF,HL0221107,2021-02-09,5:23 AM,Other (describe in narrative),0,SOUTH BEND,NE,-17.0,1,Dawn,Clear,Main,Freight Train,2,0,47000,47000,H705,40.997962999999999,-96.237362000000005
UP,0621GL031,2021-06-28,1:30 PM,Other impacts,0,COUNCIL BLUFFS,IA,82.0,2,Day,Cloudy,Yard,Light loco(s),4,17651,178550,238288,H306,41.248818999999997,-95.875949000000006
PW,PWR715724D,2024-02-27,7:10 PM,Derailment,0,WORCESTER,MA,50.0,4,Dark,Cloudy,Yard,Yard/switching,7,15605,510,16115,E44C,42.248353000000002,-71.811231000000006
NS,133213,2019-03-14,2:45 AM,Derailment,0,LOGANSPORT,IN,52.0,4,Dark,Cloudy,Yard,Freight Train,2,21025,7687,28712,E04C,40.750692999999998,-86.358407
UP,0918LV004,2018-09-06,8:20 PM,Other impacts,0,WESTWEGO,LA,80.0,4,Dark,Clear,Yard,Single Car,0,10558,0,36360,H318,29.917551,-90.185148999999996
KCS,19092602,2019-09-26,6:10 PM,Other impacts,0,MERIDIAN,MS,90.0,2,Day,Clear,Yard,Single Car,1,0,1703,88703,E0HC,32.351002000000001,-88.715987999999996
UP,0615CB009,2015-06-15,2:20 AM,Derailment,0,KENNARD,NE,68.0,4,Dark,Rain,Main,Freight Train,23,236113,362713,598826,E54C,41.455376999999999,-96.220567000000003
IC,890117,2016-06-01,12:30 PM,Derailment,0,GREENWOOD,MS,86.0,2,Day,Clear,Main,Freight Train,4,4430,0,32153,E24C,33.484184999999997,-90.212132999999994
BNSF,CH0219114,2019-02-16,10:23 AM,Side collision,0,CHICAGO,IL,15.0,2,Day,Snow,Yard,Light loco(s),2,12000,8000,47079,H306,41.823774999999998,-87.714326
NS,144474,2022-02-21,4:46 PM,Hwy-rail crossing,0,JAMESTOWN,NC,63.0,3,Dusk,Clear,Main,,0,0,40000,68823,M302,35.991844999999998,-79.938867999999999
ATK,179045,2024-03-30,11:46 PM,Obstruction,0,TIOGA,ND,24.0,4,Dark,Clear,Main,Passenger Train - Pulling,69,13166,0,13166,M402,48.391714999999998,-103.047709
UP,0221MA045,2021-02-23,7:16 PM,Derailment,0,EAST ST LOUIS,IL,43.0,3,Dusk,Clear,Yard,Freight Train,3,44639,0,45439,H518,38.583576000000001,-90.135510999999994
UP,0817KC030,2017-08-26,11:02 AM,Derailment,0,TOPEKA,KS,82.0,2,Day,Clear,Yard,Yard/switching,5,11255,1056,12311,H318,39.073222999999999,-95.686260000000004
BNSF,SF0616128,2016-06-29,12:09 AM,Derailment,0,ST LOUIS,MO,65.0,4,Dark,Clear,Yard,Freight Train,10,10000,10000,20000,H307,38.700125999999997,-90.217770000000002
BNSF,CH1216118,2016-12-30,9:20 PM,Obstruction,0,SUGAR CREEK,MO,34.0,4,Dark,Clear,Main,Freight Train,55,5200,102700,107900,M402,39.155200000000001,-94.398775999999998
NS,155741,2024-02-09,11:14 PM,Derailment,0,AURORA,NC,53.0,4,Dark,Clear,Main,,0,0,136943,1306208,E53C,35.298214999999999,-76.846812999999997
NS,132243,2019-01-01,12:40 AM,Derailment,0,AURORA,NC,50.0,4,Dark,Clear,Main,,0,0,222304,742355,T215,35.339047999999998,-76.926499000000007
PAL,2019OCT1D,2019-10-11,6:16 PM,Derailment,0,PRINCETON,KY,54.0,3,Dusk,Cloudy,Yard,,0,0,38923,38923,H503,37.107599999999998,-87.903000000000006
UP,0919GP011,2019-09-11,10:30 PM,Other impacts,0,NORTH PLATTE,NE,74.0,4,Dark,Rain,Yard,Cut of cars,12,119286,0,1012804,M105,41.143720999999999,-100.78511
CRSH,143719,2021-12-08,1:26 PM,Other impacts,0,NEWARK,NJ,42.0,2,Day,Clear,Yard,Single Car,0,7196,0,72411,H316,40.710014000000001,-74.141941000000003
TRRA,18019,2018-09-26,1:37 AM,Derailment,0,VENICE,IL,54.0,4,Dark,Clear,Yard,Yard/switching,5,2500,10308,12808,H525,38.661015999999996,-90.159616999999997
MRL,2019056,2019-04-26,1:44 AM,Rear end collision,0,LIVINGSTON,MT,40.0,4,Dark,Clear,Yard,Light loco(s),8,13500,0,13500,H702,45.666927000000001,-110.554672
UP,0824GL008,2024-08-02,12:25 PM,Derailment,0,ST PAUL,MN,86.0,2,Day,Clear,Main,Freight Train,7,89244,0,102345,H506,44.956817000000001,-93.080428999999995
CSX,000184775,2019-08-16,2:00 AM,Derailment,0,INDIANAPOLIS,IN,65.0,4,Dark,Clear,Yard,Yard/switching,7,35705,2000,37705,M411,39.759791,-86.327526000000006
BNSF,TC0916200,2016-09-13,6:40 AM,Hwy-rail crossing,0,ISANTI,MN,62.0,1,Dawn,Clear,Main,Freight Train,45,17155,0,17155,M302,45.449750999999999,-93.255847000000003
MNR,884755,2024-07-26,2:46 PM,Derailment,0,SHERMAN MILLS,ME,77.0,2,Day,Clear,Main,Freight Train,21,6863,6647,13510,H607,45.818232999999999,-68.498029000000002
CSX,000212146,2023-07-06,7:05 AM,Derailment,0,HAGERSTOWN,MD,85.0,1,Dawn,Clear,Yard,Freight Train,5,1271,523,16947,E46C,39.640915999999997,-77.747817999999995
KCS,19012601,2019-01-26,5:15 AM,Other impacts,0,ARTESIA,MS,29.0,4,Dark,Clear,Yard,Yard/switching,7,26715,0,27215,H306,33.417064000000003,-88.643360999999999
BNSF,PR1219102,2019-12-03,9:00 PM,Derailment,0,ALLIANCE,NE,32.0,4,Dark,Clear,Yard,Yard/switching,5,22000,500,22500,H607,42.094217,-102.87602800000001
CSX,000151009,2015-08-22,5:13 AM,Derailment,0,CUMBERLAND,MD,61.0,4,Dark,Clear,Yard,Cut of cars,4,10549,502,11051,M404,39.645924000000001,-78.759692000000001
CSX,000152192,2015-09-18,6:30 PM,Derailment,0,ATLANTA,GA,78.0,3,Dusk,Clear,Yard,Yard/switching,4,11334,0,120910,H403,33.799641000000001,-84.439903000000001
KCS,18012602,2018-01-26,8:30 AM,Derailment,0,HUME,MO,40.0,2,Day,Cloudy,Siding,Freight Train,6,182636,205257,387893,H702,38.101519000000003,-94.590153999999998
ADBF,080220241,2024-08-02,8:10 AM,Side collision,0,ADRIAN,MI,70.0,2,Day,Cloudy,Main,Single Car,8,88000,11000,1397360,E09C,41.891860000000001,-84.016109999999998
KO,IN210517,2021-05-17,3:30 PM,Other impacts,0,GREAT BEND,KS,70.0,2,Day,Clear,Siding,Light loco(s),3,600,0,24600,H302,38.364362999999997,-98.663408000000004
UP,0816NP017,2016-08-21,5:50 PM,Derailment,0,LEWELLEN,NE,75.0,2,Day,Cloudy,Main,Work train,35,8000,44453,52453,H019,41.301338999999999,-101.976443
CRSH,116938,2015-08-13,10:10 AM,Raking collision,0,NEWARK,NJ,85.0,2,Day,Clear,Yard,Cut of cars,10,268,0,145414,S006,40.713667999999998,-74.142477
UP,0817KC006,2017-08-09,7:11 AM,Derailment,0,TOPEKA,KS,70.0,2,Day,Cloudy,Main,Freight Train,3,236323,1104,237427,H503,39.063124000000002,-95.679344999999998
UP,1121GP015,2021-11-05,3:00 AM,Other (describe in narrative),0,NORTH PLATTE,NE,47.0,4,Dark,Clear,Yard,Single Car,0,29210,0,29210,M411,41.152231999999998,-100.823035
ATK,157789,2019-02-24,9:55 PM,Hwy-rail crossing,0,KALAMAZOO,MI,16.0,4,Dark,Clear,Main,Passenger Train - Pulling,77,28042,6928,34970,M308,42.277912999999998,-85.658016000000003
NS,156217,2024-04-02,12:19 AM,Side collision,0,GREENSBORO,NC,60.0,4,Dark,Cloudy,Yard,Freight Train,6,12000,0,20000,H702,36.060802000000002,-79.835085000000007
UP,0921GP029,2021-09-25,10:45 AM,Other impacts,0,NORTH PLATTE,NE,63.0,2,Day,Clear,Yard,Yard/switching,0,0,0,86297,M407,41.151167999999998,-100.817313
CPKC,24032901,2024-03-29,1:10 AM,Derailment,0,GIBSLAND,LA,50.0,4,Dark,Clear,Main,Freight Train,12,589491,52825,642316,H503,32.546576000000002,-93.088397999999998
WIRS,240526001,2024-05-26,11:30 AM,Other impacts,0,PLAQUEMINE,LA,85.0,2,Day,Clear,Yard,Cut of cars,0,9080,0,48116,H301,30.324441,-91.250189000000006
BNSF,TC1120113,2020-11-29,4:17 PM,Derailment,0,MINOT,ND,40.0,2,Day,Clear,Yard,Yard/switching,6,8574,22000,30574,H607,48.237310999999998,-101.198064
UP,0524GP007,2024-05-03,6:05 AM,Other impacts,0,NORTH PLATTE,NE,49.0,1,Dawn,Rain,Yard,Yard/switching,7,10414,1500,21195,M411,41.152306000000003,-100.813164
BNSF,TC1017110,2017-10-05,2:39 AM,Rear end collision,0,COTTAGE GROVE,MN,45.0,4,Dark,Cloudy,Main,Freight Train,0,17140,0,32167,H605,44.798203000000001,-92.917261999999994
CSX,000167264,2017-03-07,3:11 PM,Hwy-rail crossing,0,BILOXI,MS,68.0,2,Day,Clear,Main,Freight Train,19,1600,32662,34262,M302,30.399121999999998,-88.885660999999999
LSRC,D210216,2021-02-16,4:00 PM,Derailment,0,FLINT,MI,19.0,2,Day,Cloudy,Yard,Yard/switching,1,17000,1000,18000,H702,43.090699999999998,-83.677058000000002
WC,1139416,2023-09-27,11:50 AM,Hwy-rail crossing,0,HOYT LAKES,MN,60.0,2,Day,Clear,Main,Freight Train,35,13195,0,13195,M302,47.276072999999997,-91.866831000000005
BNSF,MT0123110,2023-01-31,6:10 AM,Derailment,0,HAVRE,MT,5.0,1,Dawn,Clear,Yard,Light loco(s),3,2500,19789,22289,M101,48.553370000000001,-109.666329
NS,133985,2019-05-18,10:00 PM,Other impacts,0,DECATUR,IL,63.0,4,Dark,Clear,Yard,Yard/switching,2,13984,11544,26724,H312,39.847591999999999,-88.947449000000006
BNSF,MT0218104,2018-02-09,9:15 AM,Derailment,0,HAVRE,MT,-12.0,2,Day,Clear,Yard,Light loco(s),3,12000,1000,13000,M101,48.553659000000003,-109.67096100000001
WC,1085786,2021-10-16,10:30 PM,Side collision,0,KEENAN,MN,34.0,4,Dark,Clear,Yard,Freight Train,3,11300,8000,129108,H017,47.392372000000002,-92.618645999999998
CSX,000148099,2015-06-16,5:00 PM,Other impacts,0,BALTIMORE,MD,86.0,3,Dusk,Cloudy,Yard,Single Car,2,400,0,14098,M599,39.235430000000001,-76.591320999999994
UP,1114NP022,2014-11-17,12:30 PM,Hwy-rail crossing,0,KEARNEY,NE,20.0,2,Day,Snow,Main,Freight Train,45,8000,10542,18542,M302,40.724657000000001,-98.950125
CSX,000207455,2022-09-25,2:00 PM,Derailment,0,BALTIMORE,MD,65.0,2,Day,Cloudy,Yard,Freight Train,5,38239,534,38773,H704,39.260165000000001,-76.646338
UP,0422HL009,2022-04-13,7:02 PM,Hwy-rail crossing,0,CENTERTOWN,MO,39.0,3,Dusk,Cloudy,Main,,0,0,200,14860,M302,38.620055000000001,-92.411691000000005
UP,0919GC025,2019-09-13,6:43 PM,Other impacts,0,LIVONIA,LA,91.0,3,Dusk,Cloudy,Yard,Yard/switching,3,580,1281,47888,S006,30.525929000000001,-91.555276000000006
BNSF,PR0115117,2015-01-26,10:46 PM,Derailment,0,HEMINGFORD,NE,33.0,4,Dark,Clear,Main,Freight Train,18,8000,383414,391414,E61C,42.404604999999997,-103.216319
GRS,20141205P1,2014-12-05,8:01 PM,Hwy-rail crossing,0,DOVER,NH,32.0,4,Dark,Clear,Main,,0,0,17687,77358,M302,43.199286000000001,-70.874803999999997
NS,121134,2016-07-06,4:00 AM,Derailment,0,NEW ORLEANS,LA,82.0,1,Dawn,Clear,Yard,,0,0,17000,17000,H524,29.962433999999998,-90.048934000000003
UP,0716NP006,2016-07-27,1:45 AM,Derailment,0,LEXINGTON,NE,64.0,4,Dark,Rain,Yard,Cut of cars,5,17358,1713,19071,M105,40.770533,-99.717106999999999
ALS,20210923,2021-09-23,11:25 PM,Derailment,0,EAST ST LOUIS,IL,50.0,4,Dark,Clear,Yard,Yard/switching,4,6000,27362,33362,M405,38.585242000000001,-90.136443999999997
UP,0624HL023,2024-06-18,5:30 PM,Derailment,0,ST JOSEPH,MO,89.0,2,Day,Cloudy,Yard,Freight Train,4,137976,124540,262516,M506,39.725952999999997,-94.873137999999997
NS,133908,2019-05-11,8:55 AM,Derailment,0,WHITLEY CITY,KY,72.0,2,Day,Cloudy,Main,Freight Train,22,122023,18326,140349,H504,33.044373999999998,-83.240583000000001
CSX,000167243,2017-03-05,7:05 AM,Derailment,0,INDIANAPOLIS,IN,32.0,1,Dawn,Cloudy,Yard,Cut of cars,14,13691,242,13933,E41C,39.759791,-86.327526000000006
NS,130320,2018-07-23,10:00 PM,Other impacts,0,SOUTHMONT,NC,73.0,4,Dark,Clear,Yard,Yard/switching,2,3000,0,71265,M408,35.736021999999998,-80.336566000000005
BNSF,TC0224103,2024-02-08,2:55 AM,Derailment,0,FRIDLEY,MN,39.0,4,Dark,Clear,Yard,Yard/switching,9,5180,31794,36974,M411,45.043531999999999,-93.272656999999995
UP,0117SL019,2017-01-26,8:45 PM,Derailment,0,STE GENEVIEVE,MO,30.0,4,Dark,Cloudy,Yard,Yard/switching,9,16334,76817,101562,T211,37.990459000000001,-90.048142999999996
UP,0520HL017,2020-05-28,10:58 AM,Raking collision,0,BELLA,KS,67.0,2,Day,Clear,Industry,Freight Train,3,62931,0,108981,E06C,37.779347999999999,-97.212515999999994
CSX,000150986,2015-08-20,11:13 PM,Rear end collision,0,LIVINGSTON,KY,76.0,4,Dark,Clear,Main,Light loco(s),25,96430,1500,97930,H220,37.291697999999997,-84.218581
UP,0624GC010,2024-06-10,2:30 AM,Other impacts,0,LOTTIE,LA,76.0,4,Dark,Clear,Yard,Yard/switching,7,528,0,28726,M408,30.523195999999999,-91.552559000000002
NS,132559,2019-01-23,12:20 PM,Derailment,0,RANDLEMAN,NC,35.0,2,Day,Cloudy,Industry,Freight Train,4,84945,50,84995,H307,35.803223000000003,-79.824854999999999
UP,0522HL002,2022-05-02,5:46 PM,Other impacts,0,KANSAS CITY,KS,52.0,2,Day,Cloudy,Yard,Yard/switching,10,27954,0,143199,H307,39.096732000000003,-94.667361999999997
NS,131379,2018-10-19,10:30 AM,Other impacts,0,LAGRO,IN,52.0,2,Day,Cloudy,Main,Freight Train,34,13500,0,13500,E39C,40.836410000000001,-85.735561000000004
UP,0415NP010,2015-04-13,5:00 AM,Derailment,0,NORTH PLATTE,NE,38.0,4,Dark,Cloudy,Yard,Yard/switching,7,14930,128236,143166,H704,41.144081,-100.79333699999999
ATK,157439,2019-02-03,5:30 PM,Obstruction,0,CHARLESTOWN,NH,29.0,4,Dark,Snow,Main,Passenger Train - Pulling,79,19907,0,19907,M402,43.182045000000002,-72.439567999999994
BNSF,TC0723104,2023-07-14,2:09 AM,Derailment,0,FRIDLEY,MN,65.0,4,Dark,Clear,Yard,Yard/switching,5,32873,16821,49694,E39C,45.064514000000003,-93.271235000000004
NYSW,16012201,2016-01-22,7:50 PM,Derailment,0,SPARTA,NJ,20.0,4,Dark,Cloudy,Siding,Freight Train,4,90835,250,91085,H999,41.080570000000002,-74.649855000000002
BNSF,TC0417100,2017-04-03,1:30 AM,Derailment,0,CANDO,ND,38.0,4,Dark,Clear,Main,Freight Train,7,33351,831999,865350,M103,48.565784000000001,-99.289068999999998
NJTR,201502061,2015-01-16,7:33 PM,Other (describe in narrative),0,CRANFORD,NJ,32.0,4,Dark,Clear,Main,Commuter Train - Pulling,15,13100,0,13100,H599,40.65793,-74.285719999999998
BNSF,HL0319124,2019-03-27,7:35 PM,Derailment,0,LINCOLN,NE,51.0,3,Dusk,Clear,Main,Yard/switching,9,29431,29259,58690,E04C,40.858181999999999,-96.640101999999999
BNSF,MT0321106,2021-03-28,2:33 PM,Derailment,0,GREAT FALLS,MT,63.0,2,Day,Clear,Yard,Light loco(s),6,55948,2200,58148,H607,47.502704999999999,-111.32415399999999
LSRC,D210102,2021-01-02,9:00 AM,Derailment,0,SAGINAW,MI,36.0,2,Day,Clear,Industry,Yard/switching,6,27000,18000,45000,E64C,43.451444000000002,-83.936474000000004
BNSF,CH0119113,2019-01-22,7:43 PM,Side collision,0,ELWOOD,IL,33.0,3,Dusk,Clear,Yard,Freight Train,8,80898,0,90998,H607,41.403174999999997,-88.155798000000004
CSX,000181553,2019-02-23,11:02 PM,Hwy-rail crossing,0,BROWNSBURG,IN,44.0,4,Dark,Cloudy,Main,,0,0,0,31473,M308,39.823782999999999,-86.346236000000005
IC,1054648,2020-11-18,12:04 PM,Hwy-rail crossing,0,SARAH,MS,68.0,2,Day,Clear,Main,Freight Train,33,0,23000,23000,M302,34.569201999999997,-90.209783999999999
UP,0522GC006,2022-05-03,8:50 AM,Other impacts,0,SULPHUR,LA,74.0,2,Day,Clear,Industry,Yard/switching,4,4258,0,22710,H307,30.191025,-93.331953999999996
UP,0521HL016,2021-05-26,8:18 AM,Other impacts,0,COFFEYVILLE,KS,67.0,2,Day,Cloudy,Yard,Yard/switching,3,0,0,19663,H312,37.019368,-95.624775
UP,0820MA019,2020-08-10,4:12 PM,Derailment,0,FESTUS,MO,95.0,2,Day,Cloudy,Main,Freight Train,29,160063,253214,413277,M204,38.234273999999999,-90.426286000000005
CSX,000219218,2024-07-10,10:30 PM,Hwy-rail crossing,0,BELLEVIEW,FL,83.0,4,Dark,Clear,Main,Freight Train,43,9500,10059,19559,M302,29.060355000000001,-82.0471
TCWR,TCW022120A,2020-02-21,6:20 PM,Derailment,0,SACRED HEART,MN,35.0,4,Dark,Clear,Siding,Work train,9,15000,0,15000,M101,44.788455999999996,-95.339411999999996
NS,138639,2020-07-27,1:35 AM,Other (describe in narrative),0,MELVINDALE,MI,70.0,4,Dark,Clear,Yard,Freight Train,2,12000,0,12000,H702,42.278315999999997,-83.173305999999997
CSX,000216110,2024-02-09,11:14 PM,Derailment,0,AURORA,NC,53.0,4,Dark,Clear,Main,Freight Train,23,1169265,0,1306208,E53C,35.298214999999999,-76.846812999999997
BNSF,TC0616104,2016-06-11,11:30 AM,Other (describe in narrative),0,FRIDLEY,MN,75.0,2,Day,Clear,Yard,Yard/switching,10,15190,0,15190,S016,45.042873,-93.272574000000006
CSX,000208861,2022-12-16,11:31 PM,Derailment,0,ROCKY MOUNT,NC,40.0,4,Dark,Clear,Yard,Yard/switching,4,10850,498,11348,E86C,35.917687000000001,-77.805566999999996
CSX,000177170,2018-06-24,9:45 PM,Derailment,0,LOUISVILLE,KY,78.0,4,Dark,Cloudy,Yard,Freight Train,5,12472,0,12472,H306,38.279949999999999,-85.516779
NS,156705,2024-05-14,1:05 PM,Other impacts,0,GREENSBORO,NC,63.0,2,Day,Rain,Yard,Yard/switching,7,45987,1320,139281,H310,36.060802000000002,-79.835085000000007
IC,888868,2016-05-18,6:11 PM,Hwy-rail crossing,0,FLORA,MS,75.0,2,Day,Cloudy,Main,,0,0,793,23450,M308,32.449314000000001,-90.121467999999993
KO,230530005,2023-05-30,10:10 PM,Other impacts,0,WICHITA,KS,75.0,4,Dark,Clear,Main,Yard/switching,4,58406,0,67600,H310,37.582984000000003,-97.418888999999993
KO,IN200310,2020-03-10,2:50 AM,Derailment,0,GREAT BEND,KS,34.0,4,Dark,Fog,Industry,Freight Train,5,25000,0,46000,H306,38.364086999999998,-98.682306999999994
ATK,139773,2015-10-24,5:35 PM,Derailment,0,PONTIAC,MI,55.0,2,Day,Rain,Yard,Passenger Train - Pulling,3,20000,1650,21650,H303,42.629201999999999,-83.289554999999993
BNSF,TC1221201,2021-12-06,11:28 AM,Hwy-rail crossing,0,HIBBING,MN,-5.0,2,Day,Clear,Main,Maint./inspect Car,27,90000,0,90000,M302,47.310254999999998,-92.809630999999996
UP,0920GC033,2020-09-27,1:30 AM,Other impacts,0,MARINGOUIN,LA,70.0,4,Dark,Clear,Yard,Yard/switching,6,23875,17858,262849,M411,30.526440000000001,-91.554669000000004
BNSF,HL0718201,2018-07-03,8:20 AM,Hwy-rail crossing,0,SOUTH BEND,NE,76.0,1,Dawn,Clear,Main,Freight Train,52,9200,55000,64200,M308,41.023809999999997,-96.299899999999994
NS,136490,2019-12-12,3:00 PM,Derailment,0,ABOITE,IN,38.0,2,Day,Clear,Yard,Freight Train,11,27015,59241,86256,H524,41.000999,-85.317572999999996
NS,114278,2015-02-09,4:10 PM,Side collision,0,HALFWAY,MD,33.0,3,Dusk,Cloudy,Yard,Freight Train,7,147000,0,147374,H210,39.625402000000001,-77.736338000000003
BNSF,TC0717201,2017-07-06,1:05 PM,Hwy-rail crossing,0,HIBBING,MN,90.0,2,Day,Clear,Main,Freight Train,42,25000,0,25000,M302,47.295589999999997,-92.779314999999997
UP,0521GP029,2021-05-30,11:10 AM,Other impacts,0,NORTH PLATTE,NE,58.0,2,Day,Rain,Yard,Yard/switching,2,117742,17700,146653,M407,41.146946,-100.833882
UP,0723ES010,2023-07-05,2:45 PM,Obstruction,0,CRYSTAL LAKE,IL,91.0,2,Day,Clear,Main,Spec. MoW Equip.,3,43808,0,43808,H997,42.229210999999999,-88.287892999999997
UP,0820GL038,2020-08-31,11:09 PM,Other (describe in narrative),0,ST PAUL,MN,62.0,4,Dark,Clear,Yard,Freight Train,6,0,49917,49917,H706,44.937561000000002,-93.085616000000002
CPKC,1002154802,2024-08-18,5:55 AM,Other impacts,0,ST PAUL,MN,60.0,4,Dark,Clear,Yard,Freight Train,8,26465,776,38955,H307,48.926099999999998,-93.023099999999999
KCT,UP091520,2020-09-15,7:48 AM,Derailment,0,KANSAS CITY,KS,58.0,1,Dawn,Clear,Main,,0,0,943000,1094515,H220,39.081800000000001,-94.601200000000006
UP,0919GP020,2019-09-01,4:48 AM,Derailment,0,NORTH PLATTE,NE,66.0,1,Dawn,Clear,Yard,Light loco(s),9,250,10658,10908,M101,41.149254999999997,-100.85277499999999
NS,154555,2023-10-21,9:00 PM,Other impacts,0,SPENCER,NC,65.0,4,Dark,Clear,Yard,Single Car,4,2500,0,23998,H312,35.731152999999999,-80.342675
UP,0116TC009,2016-01-20,2:30 AM,Derailment,0,SHAKOPEE,MN,9.0,4,Dark,Snow,Industry,Freight Train,2,8261,97983,106244,T220,44.796852999999999,-93.532295000000005
KCT,UP073017,2017-07-30,11:54 AM,Derailment,0,KANSAS CITY,MO,79.0,2,Day,Clear,Main,,0,0,15070,26293,M405,39.108606000000002,-94.501908999999998
GTW,909348,2016-12-21,12:13 PM,Hwy-rail crossing,0,BATTLE CREEK,MI,30.0,2,Day,Cloudy,Main,Freight Train,30,180,18430,18610,M303,42.316502,-85.187102999999993
CP,1000556096,2017-05-11,5:50 AM,Other impacts,0,KANSAS CITY,MO,65.0,4,Dark,Cloudy,Yard,Cut of cars,0,3730,0,11903,H602,39.128900000000002,-94.419298999999995
CSX,000212706,2023-08-02,5:00 PM,Other impacts,0,BALTIMORE,MD,80.0,2,Day,Clear,Yard,Cut of cars,0,49763,112,49875,H307,39.241225999999997,-76.616799
BNSF,HL0420107,2020-04-20,7:00 PM,Derailment,0,OMAHA,NE,60.0,3,Dusk,Clear,Yard,,0,0,200000,266871,E46C,41.230947999999998,-95.914153999999996
BNSF,NE0515109,2015-05-27,1:30 AM,Derailment,0,OSMOND,NE,45.0,4,Dark,Clear,Industry,Freight Train,5,1895,55000,56895,M101,42.351320000000001,-97.608378999999999
BNSF,CH1218104,2018-12-03,4:09 AM,Derailment,0,INDEPENDENCE,MO,30.0,1,Dawn,Cloudy,Main,,0,0,718000,741797,E40C,39.115228999999999,-94.467894999999999
MRL,2021087,2021-11-02,10:20 AM,Derailment,0,MISSOULA,MT,30.0,2,Day,Clear,Yard,Yard/switching,10,6500,12000,18500,H312,46.884728000000003,-114.00926699999999
CSX,000211081,2023-04-30,10:25 AM,Derailment,0,RUSSELL,KY,55.0,2,Day,Cloudy,Yard,Yard/switching,7,11210,492,11702,T212,38.532124000000003,-82.697693000000001
CPKC,23080503,2023-08-05,9:26 PM,Other (describe in narrative),0,SULPHUR,LA,82.0,4,Dark,Clear,Yard,Cut of cars,0,41842,0,64613,M501,30.239739,-93.269234999999995
UP,0618LV008,2018-06-04,9:41 AM,Other (describe in narrative),0,MARINGOUIN,LA,75.0,2,Day,Clear,Yard,Yard/switching,4,28553,1650,30203,M411,30.509931999999999,-91.537799000000007
UP,1219GP017,2019-12-14,12:45 PM,Derailment,0,NORTH PLATTE,NE,27.0,2,Day,Snow,Yard,Yard/switching,7,38323,57405,95728,E24C,41.150278999999998,-100.811993
UP,0624GC010,2024-06-10,2:30 AM,Other impacts,0,LOTTIE,LA,76.0,4,Dark,Clear,Yard,Yard/switching,4,28198,0,28726,M408,30.523195999999999,-91.552559000000002
CSX,000212036,2023-06-29,1:10 PM,Derailment,0,ROSEDALE,MD,85.0,2,Day,Clear,Yard,Freight Train,5,38441,530,38971,H702,39.304516999999997,-76.532484999999994
CSX,000181270,2019-02-09,8:50 PM,Other impacts,0,INDIANAPOLIS,IN,25.0,4,Dark,Clear,Yard,Single Car,10,8387,0,17822,E04C,39.759791,-86.327526000000006
BRC,14447,2021-04-06,1:20 AM,Side collision,0,BEDFORD PARK,IL,62.0,4,Dark,Clear,Yard,Yard/switching,4,11835,0,24217,H307,41.767567,-87.763407999999998
UP,0516NP024,2016-05-23,12:50 PM,Other impacts,0,NORTH PLATTE,NE,76.0,2,Day,Clear,Yard,Yard/switching,2,569,0,11778,S007,41.149554999999999,-100.84704000000001