reportingrailroadcode,accidentnumber,date,time,accidenttype,hazmatreleasedcars,station,stateabbr,temperature,visibility_code,visibility,weathercondition,tracktype,equipmenttype,trainspeed,equipmentdamagecost,trackdamagecost,totaldamagecost,primaryaccidentcausecode,latitude,longitude
NJTR,201511592,2015-10-25,3:30 PM,Derailment,0,HOBOKEN,NJ,60.0,2,Day,Clear,Yard,Yard/switching,10,61479,2570,64049,H704,40.734537000000003,-74.034161999999995
UP,0915LV010,2015-09-11,10:45 AM,Derailment,0,TIOGA,LA,85.0,2,Day,Cloudy,Main,Freight Train,5,96672,4990,121361,H511,31.372648000000002,-92.435948999999994
BRC,14361,2020-04-26,7:48 PM,Other impacts,0,BEDFORD PARK,IL,46.0,3,Dusk,Clear,Yard,Cut of cars,4,13786,0,13786,E06C,41.767600000000002,-87.455160000000006
NS,156394,2024-04-17,12:15 AM,Derailment,0,NORTH KANSAS CITY,MO,51.0,4,Dark,Clear,Yard,,0,0,8980,23459,H702,39.146341999999997,-94.550787
BNSF,MT1122103,2022-11-20,7:50 PM,Derailment,0,WEST GLACIER,MT,18.0,3,Dusk,Clear,Main,Freight Train,37,8738,11475,20213,E33C,48.495178000000003,-113.950971
BNSF,TC0124116,2024-01-25,11:50 PM,Derailment,0,MINNEAPOLIS,MN,40.0,4,Dark,Cloudy,Yard,Yard/switching,5,187547,0,187547,M411,45.034439999999996,-93.271454000000006
NS,128225,2018-01-20,3:53 PM,Derailment,0,LEXINGTON,NC,59.0,2,Day,Clear,Yard,Yard/switching,2,27494,1989,29483,M405,35.750635000000003,-80.318237999999994
CRSH,143586,2021-11-25,4:40 AM,Other impacts,0,NEWARK,NJ,35.0,1,Dawn,Clear,Yard,Yard/switching,4,36584,0,42019,H318,40.705679000000003,-74.129616999999996
NS,123582,2017-01-16,8:40 AM,Obstruction,0,DANVILLE,KY,48.0,2,Day,Cloudy,Main,Freight Train,35,10572,1000,11572,M404,37.597856999999998,-84.797832
KCS,22081801,2022-08-18,11:30 AM,Derailment,0,KANSAS CITY,MO,85.0,2,Day,Clear,Main,Freight Train,5,8742,0,62542,H702,39.120826999999998,-94.496988000000002
ALS,20210121,2021-01-21,11:48 PM,Derailment,0,BROOKLYN,IL,28.0,4,Dark,Clear,Yard,Freight Train,4,17000,0,32226,H503,38.640734000000002,-90.154833999999994
ATK,166260,2021-01-22,12:21 PM,Fire/violent rupture,0,DECATUR,MI,24.0,4,Dark,Snow,Main,Passenger Train - Pulling,81,27024,0,27024,E79L,42.126043000000003,-85.936291999999995
CP,1000593182,2017-07-22,1:50 PM,Other impacts,0,ST PAUL,MN,90.0,2,Day,Clear,Yard,Freight Train,6,66044,300,67490,E39C,44.936521999999997,-93.037756000000002
WC,989354,2019-02-27,9:00 AM,Derailment,0,POWERS,MI,3.0,2,Day,Snow,Yard,Yard/switching,6,9132,2000,11132,M101,45.687002999999997,-87.528468000000004
BNSF,PR0324201,2024-03-01,9:56 AM,Hwy-rail crossing,0,EXETER,NE,46.0,2,Day,Clear,Main,Freight Train,58,2048923,977000,3025923,M302,40.644710000000003,-97.463700000000003
CRSH,120844,2016-06-12,7:00 PM,Derailment,0,NEWARK,NJ,81.0,3,Dusk,Clear,Yard,Yard/switching,4,113191,3000,116191,H501,40.702852,-74.151511999999997
BNSF,CH0718107,2018-07-21,2:15 AM,Other impacts,0,GALESBURG,IL,65.0,4,Dark,Clear,Yard,Yard/switching,8,16407,0,16407,H019,40.905329999999999,-90.384907999999996
UP,1218HL002,2018-12-03,4:09 AM,Derailment,0,INDEPENDENCE,MO,31.0,1,Dawn,Cloudy,Main,Freight Train,21,6377,17420,741797,E40C,39.115228999999999,-94.467894999999999
NS,142114,2021-07-06,1:00 PM,Derailment,0,MERIDIAN,MS,82.0,2,Day,Clear,Yard,Freight Train,3,85299,90767,176066,E40C,32.356772999999997,-88.721825999999993
BNSF,TC0317110,2017-03-04,4:05 AM,Derailment,0,MINNEAPOLIS,MN,40.0,1,Dawn,Clear,Yard,Light loco(s),10,86922,2000,88922,H607,45.030437999999997,-93.269211999999996
NS,156783,2024-05-21,2:00 AM,Other impacts,0,CHARLOTTE,NC,75.0,4,Dark,Clear,Yard,Single Car,7,46823,3800,144269,H318,35.247627000000001,-80.811160999999998
BNSF,MT0421103,2021-04-22,1:55 PM,Derailment,0,GREAT FALLS,MT,53.0,2,Day,Clear,Yard,Yard/switching,4,14188,1000,15188,H312,47.504874000000001,-111.33448799999999
UP,0822MA028,2022-08-19,8:30 PM,Derailment,0,EAST ST LOUIS,IL,77.0,4,Dark,Clear,Yard,Freight Train,2,86404,0,86404,H503,38.598092999999999,-90.147513000000004
BNSF,MT0419107,2019-04-20,11:10 PM,Side collision,0,GREAT FALLS,MT,43.0,4,Dark,Rain,Industry,Yard/switching,9,68659,0,102882,H307,47.521447000000002,-111.298602
BNSF,TC0624108,2024-06-12,11:12 AM,Derailment,0,DULUTH,MN,71.0,2,Day,Cloudy,Yard,Freight Train,7,11700,68385,80085,H997,46.771211000000001,-92.114622999999995
BNSF,PR0422102,2022-04-06,4:37 AM,Derailment,0,SCOTTSBLUFF,NE,33.0,1,Dawn,Clear,Yard,Freight Train,7,18500,4049,22549,H702,41.850495000000002,-103.64079700000001
NS,117441,2015-09-19,12:00 PM,Derailment,0,MERIDIAN,MS,84.0,2,Day,Clear,Yard,Freight Train,4,15000,0,15000,H020,32.356772999999997,-88.721825999999993
UP,0522GC033,2022-05-26,7:50 PM,Other impacts,0,LAKE CHARLES,LA,88.0,3,Dusk,Clear,Yard,Cut of cars,0,88304,0,124715,H307,30.238265999999999,-93.174965999999998
PGR,07102015,2015-07-10,3:00 PM,Derailment,0,NORTHFIELD,MN,82.0,2,Day,Clear,Yard,,0,0,4610,23238,E64C,44.452489999999997,-93.173370000000006
CSX,000148099,2015-06-16,5:00 PM,Other impacts,0,BALTIMORE,MD,86.0,3,Dusk,Cloudy,Yard,Single Car,2,400,0,14098,M599,39.235430000000001,-76.591320999999994
UP,0523GP045,2023-05-16,10:00 AM,Other impacts,0,NORTH PLATTE,NE,50.0,2,Day,Fog,Yard,Single Car,0,100,0,37102,M407,41.141083000000002,-100.768694
BNSF,TC0821103,2021-08-07,8:35 AM,Other impacts,0,MINNEAPOLIS,MN,68.0,1,Dawn,Rain,Yard,Yard/switching,6,2000,0,11952,M407,45.029660999999997,-93.269913000000003
CSX,000187141,2019-12-15,10:10 AM,Derailment,0,GRAND RAPIDS,MI,20.0,2,Day,Snow,Yard,Yard/switching,6,29000,3536,32536,H306,42.952672999999997,-85.684184000000002
UP,0624GP028,2024-06-20,3:55 PM,Other impacts,0,MITCHELL,NE,82.0,2,Day,Rain,Yard,Cut of cars,0,50491,0,220980,M102,41.931851999999999,-103.88531
UP,0722GP016,2022-07-25,11:25 AM,Other impacts,0,NORTH PLATTE,NE,68.0,2,Day,Cloudy,Yard,Freight Train,4,172426,22860,195286,H017,41.154150000000001,-100.842738
IC,1010595,2019-08-26,11:50 PM,Derailment,0,BATON ROUGE,LA,77.0,4,Dark,Clear,Yard,Yard/switching,4,32660,0,32660,H310,30.488382999999999,-91.202797000000004
BNSF,TC0923108,2023-09-26,10:16 PM,Derailment,0,DILWORTH,MN,59.0,4,Dark,Clear,Yard,Freight Train,4,4805,6935,11740,H607,46.874127000000001,-96.703429999999997
KCT,UP220202,2022-02-02,4:54 PM,Derailment,0,KANSAS CITY,MO,20.0,2,Day,Clear,Main,,0,0,58000,287198,H503,39.082389999999997,-94.606960000000001
BNSF,HL0722101,2022-07-02,3:03 AM,Derailment,0,LINCOLN,NE,65.0,4,Dark,Clear,Yard,Freight Train,1,28984,62500,91484,H307,40.809030999999997,-96.745608000000004
ATK,159901,2019-07-06,5:41 PM,Obstruction,0,CHARLESTOWN,NH,73.0,3,Dusk,Clear,Main,Passenger Train - Pulling,77,13179,0,13179,M404,43.137770000000003,-72.452370000000002
NS,121141,2016-07-06,11:40 PM,Other impacts,0,ELKHART,IN,75.0,4,Dark,Clear,Yard,Yard/switching,6,14750,0,18394,H99E,41.67736,-85.978494999999995
CSX,000178250,2018-08-16,6:28 PM,Derailment,0,LOUISVILLE,KY,75.0,3,Dusk,Clear,Yard,Freight Train,7,136090,231365,407192,S006,38.160708999999997,-85.749173999999996
NS,137062,2020-02-06,5:10 AM,Derailment,0,MELVINDALE,MI,25.0,1,Dawn,Snow,Yard,Freight Train,6,49800,0,74127,T221,42.273713999999998,-83.191676999999999
UP,0220GP016,2020-02-13,9:21 PM,Other impacts,0,NORTH PLATTE,NE,18.0,4,Dark,Clear,Yard,Yard/switching,1,26508,66,58018,S016,41.146011000000001,-100.83502799999999
NS,154659,2023-11-01,2:00 AM,Other (describe in narrative),0,LOUISVILLE,KY,32.0,4,Dark,Clear,Yard,Yard/switching,2,16600,5014,21614,H702,38.260821999999997,-85.802514000000002
CSX,000214200,2023-10-24,1:32 PM,Hwy-rail crossing,0,SHELBY,NC,70.0,2,Day,Clear,Main,Freight Train,20,6503,7754,14257,M303,35.316645999999999,-81.653453999999996
BNG,BNG2202,2022-12-06,12:35 PM,Derailment,0,WELLINGTON,KS,40.0,2,Day,Cloudy,Main,Freight Train,8,27000,10000,37000,T221,37.163854000000001,-97.392735999999999
ALS,201909051,2019-09-05,11:56 AM,Derailment,0,EAST ST LOUIS,IL,79.0,2,Day,Clear,Yard,,0,0,26455,50451,E66C,38.583388999999997,-90.135503999999997
UP,0919GP011,2019-09-11,10:30 PM,Other impacts,0,NORTH PLATTE,NE,74.0,4,Dark,Rain,Yard,Cut of cars,12,471356,422162,1012804,M105,41.143720999999999,-100.78511
UP,0116NP010,2016-01-26,10:12 AM,Derailment,0,NORTH PLATTE,NE,25.0,2,Day,Clear,Yard,Yard/switching,3,5479,204417,224922,S016,41.150601000000002,-100.84558699999999
BNSF,KS0422104,2022-04-19,5:18 PM,Derailment,0,DODGE CITY,KS,58.0,3,Dusk,Clear,Yard,Freight Train,6,34769,2500,37269,M501,37.751201999999999,-100.003097
BNSF,PR1017203,2017-10-20,7:06 AM,Hwy-rail crossing,0,MITCHELL,NE,32.0,1,Dawn,Clear,Main,Freight Train,44,17916,0,17916,M308,41.955274000000003,-103.85256699999999
SNJX,1162015,2015-01-16,3:56 PM,Hwy-rail crossing,0,DELRAN,NJ,39.0,2,Day,Clear,Main,DMU,50,15468,1893,17361,M308,40.033824000000003,-74.968804000000006
KCS,20031801,2020-03-18,1:20 AM,Derailment,0,RESERVE,LA,60.0,4,Dark,Clear,Yard,Light loco(s),3,18565,2041,20606,T220,30.071275,-90.577414000000005
CSX,000197062,2021-04-16,6:57 AM,Derailment,0,NEW ORLEANS,LA,72.0,1,Dawn,Clear,Yard,Light loco(s),0,18574,748,21127,H703,30.005989,-90.019451000000004
UP,0819MA041,2019-08-23,9:32 PM,Derailment,0,EAST ST LOUIS,IL,71.0,4,Dark,Clear,Yard,Freight Train,4,17803,0,18003,E09C,38.582529000000001,-90.136418000000006
UP,0422GP015,2022-04-19,6:00 AM,Other impacts,0,NORTH PLATTE,NE,40.0,1,Dawn,Cloudy,Yard,Single Car,11,0,0,28142,M407,41.150696000000003,-100.81249800000001
UP,0816TC001,2016-08-01,1:40 AM,Other impacts,0,SOUTH ST PAUL,MN,80.0,4,Dark,Clear,Yard,Cut of cars,3,11147,0,14112,H310,44.904578000000001,-93.044218000000001
CSX,000202292,2022-01-07,12:25 PM,Side collision,0,INDIANAPOLIS,IN,16.0,2,Day,Clear,Yard,Yard/switching,5,90661,0,187336,H702,39.759798000000004,-86.327516000000003
UP,0416SL001,2016-04-01,12:30 AM,Fire/violent rupture,0,POPLAR BLUFF,MO,55.0,4,Dark,Clear,Main,Freight Train,49,31844,0,31844,E74L,36.760542999999998,-90.333977000000004
ATK,166627,2021-03-15,6:14 AM,Hwy-rail crossing,0,BURLINGAME,KS,48.0,1,Dawn,Cloudy,Main,Passenger Train - Pulling,79,19961,0,19961,M302,38.702053999999997,-95.824119999999994
ABS,181110003,2018-11-10,10:30 AM,Derailment,0,ARTESIA,MS,45.0,2,Day,Clear,Yard,Freight Train,11,10000,0,18077,H525,33.409984000000001,-88.647074000000003
IC,841858,2015-02-25,10:30 AM,Side collision,0,JACKSON,MS,45.0,2,Day,Rain,Yard,Freight Train,2,550,0,13457,H399,32.313495000000003,-90.190726999999995
CSX,000144874,2015-04-15,3:40 AM,Derailment,0,SWANTON,MD,40.0,4,Dark,Cloudy,Main,Freight Train,12,91798,350,92148,M599,39.471927999999998,-79.194837000000007
UP,0521GL001,2021-05-01,3:50 PM,Derailment,0,COLUMBUS,NE,87.0,2,Day,Clear,Yard,Freight Train,10,1744,126589,128333,E64C,41.427709999999998,-97.368736999999996
ALS,20210822,2021-08-22,9:00 AM,Derailment,0,EAST ST LOUIS,IL,74.0,2,Day,Clear,Yard,Light loco(s),4,7000,6225,13225,H701,38.590235999999997,-90.139258999999996
NS,116071,2015-06-14,5:30 PM,Hwy-rail crossing,0,ST LOUIS,MO,80.0,3,Dusk,Clear,Main,Yard/switching,8,30,0,28595,M308,38.674396000000002,-90.200768999999994
BNSF,PR1019108,2019-10-11,9:50 PM,Rear end collision,0,LAKESIDE,NE,35.0,4,Dark,Clear,Main,Freight Train,0,1256925,0,1306925,H605,42.069496999999998,-102.587301
BNSF,HL1218101,2018-12-03,1:44 PM,Other impacts,0,LINCOLN,NE,20.0,2,Day,Snow,Yard,Yard/switching,8,25713,0,25713,S006,40.808101000000001,-96.754981000000001
BNSF,CH0622203,2022-06-27,12:42 PM,Hwy-rail crossing,0,MENDON,MO,80.0,2,Day,Clear,Main,,0,0,407000,3907000,M302,39.560580999999999,-93.181185999999997
MRL,2022074,2022-12-05,11:39 AM,Side collision,0,LAUREL,MT,21.0,2,Day,Cloudy,Yard,Freight Train,14,235000,0,560000,H607,45.654784999999997,-108.828118
KCS,15063003,2015-06-30,9:05 PM,Derailment,0,NORCO,LA,76.0,4,Dark,Rain,Industry,Yard/switching,7,473994,18013,492007,H702,30.010794000000001,-90.405952999999997
UP,0919MA015,2019-09-06,3:41 PM,Hwy-rail crossing,0,SHREVEPORT,LA,99.0,2,Day,Clear,Industry,Freight Train,6,10662,38828,49490,M308,32.442129999999999,-93.806409000000002
UP,0821GP020,2021-08-22,1:50 PM,Other impacts,0,NORTH PLATTE,NE,80.0,2,Day,Clear,Yard,Cut of cars,3,6293,0,83267,E59C,41.146647999999999,-100.833358
GLC,GLC121415,2015-12-14,12:40 PM,Derailment,0,CLARE,MI,56.0,2,Day,Rain,Yard,Freight Train,7,6658,14764,21422,H702,43.823346000000001,-84.778638999999998
BNSF,RD0424126,2024-04-26,11:50 PM,Derailment,0,LACASSINE,LA,85.0,4,Dark,Clear,Yard,Freight Train,4,71950,154,72104,H302,30.237672,-92.945651999999995
CRSH,116288,2015-06-28,11:00 AM,Derailment,0,CAMDEN,NJ,80.0,2,Day,Clear,Yard,Yard/switching,4,79262,0,79262,H312,39.949173000000002,-75.100639999999999
UP,0715NP025,2015-07-30,2:25 AM,Obstruction,0,NORTH PLATTE,NE,65.0,4,Dark,Clear,Yard,Yard/switching,7,9497,10672,20169,M404,41.148758000000001,-100.848567
IC,1093785,2022-02-02,9:15 AM,Hwy-rail crossing,0,SIDON,MS,56.0,2,Day,Rain,Main,,0,0,0,41000,M302,33.390616000000001,-90.214845999999994
IC,1032211,2020-04-14,8:10 AM,Derailment,0,JACKSON,MS,54.0,2,Day,Clear,Main,Freight Train,17,11000,1908,16543,E71L,32.300265000000003,-90.191305999999997
BNSF,CH0715110,2015-07-13,1:37 PM,Derailment,0,CHICAGO,IL,78.0,2,Day,Cloudy,Yard,Freight Train,3,34543,500,35043,E46L,41.819619000000003,-87.716583999999997
CSX,000179789,2018-11-11,11:28 PM,Derailment,0,WAYCROSS,GA,54.0,4,Dark,Clear,Yard,Freight Train,0,0,97,13607,H399,31.213524,-82.353588000000002
KCT,UP220410,2022-04-10,10:08 AM,Derailment,0,KANSAS CITY,KS,55.0,2,Day,Clear,Main,,0,0,443830,558238,E4TC,39.09084,-94.632109999999997
YVRR,YV072023,2023-07-20,1:30 PM,Derailment,0,ROARING RIVER,NC,92.0,2,Day,Clear,Industry,Freight Train,9,0,4150,4150,M404,36.198006999999997,-81.031698000000006
UP,0419GC001,2019-04-01,5:02 AM,Other impacts,0,MARINGOUIN,LA,40.0,1,Dawn,Cloudy,Yard,Yard/switching,3,4022,0,44196,M411,30.525848,-91.555362000000002
UP,0618NP029,2018-06-24,8:48 AM,Other impacts,0,NORTH PLATTE,NE,80.0,2,Day,Clear,Yard,Single Car,0,689,0,17845,M411,41.151826999999997,-100.81617799999999
ATK,167733,2021-07-15,5:32 PM,Hwy-rail crossing,0,JACKSON,MS,81.0,3,Dusk,Cloudy,Main,Passenger Train - Pulling,78,76426,0,77628,M303,32.184348999999997,-90.240066999999996
BNSF,HL1218103,2018-12-06,10:03 PM,Derailment,0,ST LOUIS,MO,39.0,4,Dark,Cloudy,Yard,Yard/switching,8,9000,4500,13500,E46C,38.602387999999998,-90.312475000000006
CSX,000202765,2022-01-30,3:36 AM,Side collision,0,INDIANAPOLIS,IN,23.0,4,Dark,Clear,Yard,Freight Train,8,86065,0,199433,H307,39.759798000000004,-86.327516000000003
BNSF,MT0618102,2018-06-12,7:22 PM,Derailment,0,MINOT,ND,75.0,3,Dusk,Clear,Yard,Freight Train,6,13000,8000,21000,H702,48.232784000000002,-101.304731
NS,125551,2017-06-23,7:00 AM,Derailment,0,DANVILLE,KY,81.0,1,Dawn,Cloudy,Yard,Freight Train,2,3467,8055,11522,H504,37.654079000000003,-84.787138999999996
BNSF,MT0620101,2020-06-12,3:30 AM,Derailment,0,HAVRE,MT,55.0,4,Dark,Cloudy,Yard,Yard/switching,10,29389,1500,30889,H607,48.554295000000003,-109.668817
KCS,17100201,2017-10-02,7:19 PM,Obstruction,0,VICKSBURG,MS,78.0,4,Dark,Clear,Main,Freight Train,38,15068,0,15068,M404,32.333092000000001,-90.833157999999997
NS,114992,2015-03-26,2:00 AM,Derailment,0,GREENSBORO,NC,52.0,4,Dark,Rain,Yard,Light loco(s),6,12651,50,12701,H306,36.059927999999999,-79.842012999999994
KCS,16050501,2016-05-05,8:23 AM,Hwy-rail crossing,0,RAYVILLE,LA,70.0,2,Day,Clear,Main,Freight Train,35,18063,586,18649,M304,32.478929999999998,-91.777990000000003
CSX,000187836,2019-04-25,12:45 AM,Fire/violent rupture,0,HILLSDALE,IN,51.0,4,Dark,Cloudy,Main,Freight Train,50,28000,0,28000,E74L,39.857846000000002,-87.383353999999997
CSX,000142137,2015-02-15,8:30 PM,Other impacts,0,HAMLET,NC,45.0,4,Dark,Clear,Yard,Cut of cars,4,26196,50,26246,M411,34.914630000000002,-79.670657000000006
UP,1020GP002,2020-10-05,8:45 AM,Derailment,0,NORTH PLATTE,NE,39.0,2,Day,Clear,Yard,Yard/switching,15,10813,150,10963,H303,41.154586000000002,-100.832489
BNSF,TC0616114,2016-06-20,12:01 AM,Derailment,0,MINOT,ND,73.0,4,Dark,Clear,Yard,Freight Train,8,96854,51504,148358,E4BC,48.237591999999999,-101.295132
BNSF,HL0322116,2022-03-22,1:37 AM,Derailment,0,LINCOLN,NE,41.0,4,Dark,Rain,Yard,Light loco(s),6,36114,461,36575,H303,40.806310000000003,-96.743438999999995
UP,0821GL013,2021-08-15,8:17 AM,Derailment,0,COUNCIL BLUFFS,IA,63.0,2,Day,Clear,Yard,Freight Train,7,46302,24000,70302,H514,41.250945000000002,-95.871716000000006
UP,0216NP016,2016-02-19,10:30 AM,Derailment,0,NORTH PLATTE,NE,64.0,2,Day,Clear,Yard,Freight Train,6,59965,96848,156813,M405,41.143943,-100.79541500000001
BNSF,MT0323108,2023-03-29,8:01 AM,Derailment,0,HETTINGER,ND,6.0,1,Dawn,Clear,Yard,Freight Train,6,54048,0,82001,M101,45.999265999999999,-102.640162
UP,0715LK016,2015-07-15,6:50 PM,Fire/violent rupture,0,SHREVEPORT,LA,90.0,2,Day,Cloudy,Main,Freight Train,10,27163,0,27163,E74L,32.437707000000003,-93.807976999999994
BNSF,MT1214105,2014-12-14,2:00 PM,Other (describe in narrative),0,MINOT,ND,28.0,2,Day,Cloudy,Yard,Yard/switching,4,60000,0,60000,H099,48.235747000000003,-101.299882
NS,154775,2023-11-14,10:30 AM,Other impacts,0,SOUTHMONT,NC,49.0,2,Day,Clear,Yard,Single Car,5,65996,27154,122540,H312,35.740859999999998,-80.330499000000003
UP,0324GP017,2024-03-11,4:30 PM,Derailment,0,NORTH PLATTE,NE,62.0,2,Day,Cloudy,Yard,Yard/switching,4,186811,182918,369729,H506,41.156464999999997,-100.85908000000001
BNSF,TC1115101,2015-11-07,12:05 AM,Derailment,0,FRIDLEY,MN,36.0,4,Dark,Clear,Yard,Light loco(s),6,500,18200,18700,H704,45.037886999999998,-93.269779999999997
UP,0219GP031,2019-02-12,10:29 PM,Other impacts,0,NORTH PLATTE,NE,34.0,4,Dark,Cloudy,Yard,Cut of cars,0,745,0,56534,M411,41.150680999999999,-100.819395
IC,1112131,2022-08-25,12:43 PM,Obstruction,0,YAZOO CITY,MS,85.0,2,Day,Cloudy,Main,Maint./inspect Car,0,0,0,30000,H993,32.970267999999997,-90.337485999999998
NS,152341,2023-02-18,1:10 PM,Other impacts,0,DURHAM,NC,58.0,2,Day,Clear,Yard,Single Car,8,150,0,15667,H312,35.994762999999999,-78.902309000000002
NS,133638,2019-04-21,2:20 AM,Derailment,0,LAURA,KY,43.0,4,Dark,Rain,Industry,Freight Train,0,3511,27651,31162,M101,37.743198,-82.500532000000007
KCS,18012201,2018-01-22,3:00 AM,Other impacts,0,KANSAS CITY,MO,42.0,4,Dark,Cloudy,Yard,,0,0,7605,185251,H307,39.129761000000002,-94.540198000000004
UP,0717NP035,2017-07-29,9:40 AM,Other impacts,0,NORTH PLATTE,NE,69.0,2,Day,Clear,Yard,Yard/switching,2,3188,462,13374,S007,41.147593999999998,-100.842859
BNSF,HL0322109,2022-03-14,3:10 AM,Other impacts,0,MONETT,MO,45.0,4,Dark,Clear,Yard,Freight Train,4,55730,0,55730,H307,36.919522999999998,-93.922403000000003
CSX,000213006,2023-08-20,10:15 AM,Derailment,0,ROSEDALE,MD,79.0,2,Day,Clear,Yard,Freight Train,4,20600,380,20980,H702,39.304516999999997,-76.532484999999994
NCVA,NCV640315,2015-01-01,8:35 PM,Derailment,0,AHOSKIE,NC,45.0,3,Dusk,Clear,Main,Freight Train,10,22604,72739,95343,T221,36.257472,-77.024122000000006
UP,0819GL040,2019-08-29,1:25 AM,Other impacts,0,SHAKOPEE,MN,57.0,4,Dark,Clear,Yard,Yard/switching,6,5612,315,22251,H020,44.787840000000003,-93.412654000000003
UP,0822GP021,2022-08-28,8:30 AM,Derailment,0,ALDA,NE,67.0,2,Day,Clear,Main,Freight Train,45,3488,161959,165447,E33C,40.862462999999998,-98.483119000000002
WC,1069792,2021-05-06,11:00 AM,Fire/violent rupture,0,DULUTH,MN,60.0,2,Day,Clear,Main,Light loco(s),12,32258,0,32258,E74L,46.780608000000001,-92.289064999999994
UP,0823GP031,2023-08-19,6:40 PM,Derailment,0,NORTH PLATTE,NE,96.0,3,Dusk,Clear,Yard,Yard/switching,10,20624,800,21424,E64C,41.151229999999998,-100.823239
KCS,19060602,2019-06-06,10:15 AM,Other impacts,0,JACKSON,MS,80.0,2,Day,Clear,Yard,Yard/switching,1,15091,0,15091,H307,32.306888999999998,-90.197417000000002
TCWR,20180518A,2018-05-18,9:15 AM,Derailment,0,MONTEVIDEO,MN,80.0,2,Day,Clear,Yard,Yard/switching,2,31000,94000,125000,H702,44.950659000000002,-95.715765000000005
ATK,137409,2015-05-12,3:55 PM,Other (describe in narrative),0,NEWARK,NJ,86.0,2,Day,Clear,Main,Passenger Train - Pulling,0,17918,0,17918,E78L,40.734316,-74.163979999999995
UP,0819PR021,2019-08-14,12:00 PM,Other (describe in narrative),0,NORTHLAKE,IL,80.0,2,Day,Cloudy,Yard,Single Car,0,73620,0,73620,E27C,41.899777999999998,-87.907617000000002
UP,0821GP020,2021-08-22,1:50 PM,Other impacts,0,NORTH PLATTE,NE,80.0,2,Day,Clear,Yard,Yard/switching,2,76374,600,83267,E59C,41.146647999999999,-100.833358
BNSF,TC0221102,2021-02-04,8:34 PM,Derailment,0,WILLMAR,MN,8.0,3,Dusk,Clear,Yard,Yard/switching,6,58743,1000,59743,H607,45.125812000000003,-95.029207
WTA,220315WTA,2022-03-15,2:30 PM,Derailment,0,WICHITA,KS,59.0,2,Day,Clear,Yard,Yard/switching,4,40413,2350,42763,E64C,37.730705999999998,-97.330980999999994
BNSF,MT0918106,2018-09-14,9:45 PM,Derailment,0,HAVRE,MT,50.0,4,Dark,Clear,Yard,Light loco(s),2,11600,250,11850,H307,48.553002999999997,-109.66490400000001
BNSF,RD0620125,2020-06-27,2:23 AM,Derailment,0,LAFAYETTE,LA,82.0,4,Dark,Clear,Yard,Yard/switching,7,75940,170500,246440,H307,30.234766,-92.057405000000003
KCS,15041401,2015-04-14,5:40 AM,Derailment,0,KANSAS CITY,MO,51.0,4,Dark,Clear,Yard,,0,0,1303,21303,E39C,39.128967000000003,-94.521589000000006
UP,0920GL015,2020-09-15,3:50 AM,Derailment,0,OMAHA,NE,63.0,4,Dark,Clear,Yard,Freight Train,5,230971,0,529060,T221,41.254390000000001,-95.921587000000002
MRL,2021109,2021-12-20,3:30 AM,Other impacts,0,LAUREL,MT,12.0,4,Dark,Clear,Yard,Yard/switching,5,25000,0,47000,H020,45.681246000000002,-108.718312
BNSF,TC0316105,2016-03-28,9:15 AM,Derailment,0,MINNEAPOLIS,MN,53.0,2,Day,Clear,Yard,Yard/switching,7,8032,10458,18490,S099,45.033104000000002,-93.271210999999994
UP,0816NP011,2016-08-12,11:45 AM,Fire/violent rupture,0,CARLETON,NE,83.0,2,Day,Clear,Main,Freight Train,45,16930,0,16930,E71L,40.295392999999997,-97.651296000000002
BNSF,PR0815100,2015-08-01,5:35 PM,Other (describe in narrative),0,CRAWFORD,NE,82.0,3,Dusk,Clear,Main,Freight Train,39,0,97000,97000,H604,42.723100000000002,-103.427059
BNSF,PR0120102,2020-01-04,4:40 PM,Derailment,0,HASTINGS,NE,35.0,2,Day,Clear,Main,Freight Train,10,42671,5000,47671,E40C,40.612791999999999,-98.332673
UP,0520GP012,2020-05-14,11:35 PM,Derailment,0,NORTH PLATTE,NE,58.0,4,Dark,Clear,Yard,Freight Train,7,10341,1890,12231,H702,41.142681000000003,-100.780074
UP,0623MA042,2023-06-30,2:35 AM,Derailment,0,DUPO,IL,76.0,4,Dark,Clear,Yard,Yard/switching,2,36158,0,36158,M405,38.513807,-90.215113000000002
BNSF,PR0819102,2019-08-04,2:22 AM,Obstruction,0,MINDEN,NE,65.0,4,Dark,Clear,Main,,0,0,0,47562,M402,40.504348,-98.943710999999993
LAS,240401007,2024-04-01,9:45 PM,Other impacts,0,DODSON,LA,65.0,4,Dark,Clear,Main,Cut of cars,15,44000,0,44000,H025,32.112108999999997,-92.683339000000004
UP,0919MA001,2019-09-01,3:08 PM,Derailment,0,SHREVEPORT,LA,94.0,2,Day,Clear,Yard,Freight Train,3,62995,3800,66795,H524,32.504984,-93.731390000000005
UP,0919GP023,2019-09-21,10:04 PM,Other impacts,0,NORTH PLATTE,NE,51.0,4,Dark,Clear,Yard,Yard/switching,8,261174,0,324783,H607,41.152403,-100.83093599999999
KO,230530005,2023-05-30,10:10 PM,Other impacts,0,WICHITA,KS,75.0,4,Dark,Clear,Yard,Cut of cars,0,9194,0,67600,H310,37.582984000000003,-97.418888999999993