reportingrailroadcode,accidentnumber,date,time,accidenttype,hazmatreleasedcars,station,stateabbr,temperature,visibility_code,visibility,weathercondition,tracktype,equipmenttype,trainspeed,equipmentdamagecost,trackdamagecost,totaldamagecost,primaryaccidentcausecode,latitude,longitude
BNSF,PR0518204,2018-05-30,10:16 PM,Hwy-rail crossing,0,PARKS,NE,58.0,4,Dark,Clear,Main,,0,0,2195,37856,M308,40.035153000000001,-101.749048
BNSF,NE0816106,2016-08-31,6:23 AM,Derailment,0,LINCOLN,NE,75.0,1,Dawn,Clear,Yard,Freight Train,5,66708,29500,96208,H703,40.799999999999997,-96.75
BNSF,MT0424101,2024-04-09,6:30 AM,Other (describe in narrative),0,ELLISTON,MT,37.0,1,Dawn,Cloudy,Main,Light loco(s),5,0,33957,33957,H605,46.568829000000001,-112.464591
UP,1121GP011,2021-11-05,7:00 PM,Other impacts,0,NORTH PLATTE,NE,55.0,3,Dusk,Clear,Yard,Cut of cars,6,7281,0,15346,E09C,41.15155,-100.82476699999999
UP,0216NP012,2016-02-03,2:40 AM,Derailment,0,NORTH PLATTE,NE,20.0,4,Dark,Snow,Yard,Light loco(s),3,71907,2774,74681,M506,41.145262000000002,-100.835807
UP,0921GP029,2021-09-25,10:45 AM,Other impacts,0,NORTH PLATTE,NE,63.0,2,Day,Clear,Yard,Single Car,0,86297,0,86297,M407,41.151167999999998,-100.817313
KCS,21021101,2021-02-11,5:10 AM,Derailment,0,ARTESIA,MS,50.0,4,Dark,Rain,Siding,Cut of cars,5,37986,8772,46758,H008,33.412694999999999,-88.642861999999994
UP,0919GP018,2019-09-20,7:07 AM,Other impacts,0,NORTH PLATTE,NE,67.0,1,Dawn,Clear,Yard,Yard/switching,4,5082,0,10956,M411,41.150565,-100.81823199999999
BNSF,CH1116108,2016-11-21,10:25 AM,Obstruction,0,CHILLICOTHE,IL,40.0,2,Day,Clear,Main,Freight Train,44,500,0,100500,H402,40.929758,-89.427908000000002
BNSF,TC0715108,2015-07-16,3:59 PM,Derailment,0,WILLOW CITY,ND,79.0,2,Day,Cloudy,Main,Freight Train,9,89999,723677,813676,M103,48.642010999999997,-100.31610999999999
UP,0524GP007,2024-05-03,6:05 AM,Other impacts,0,NORTH PLATTE,NE,49.0,1,Dawn,Rain,Yard,Single Car,0,9281,0,21195,M411,41.152306000000003,-100.813164
UP,0215NP021,2015-02-11,11:40 AM,Derailment,0,MCGREW,NE,55.0,2,Day,Clear,Main,Freight Train,50,1385088,336587,1721675,E62C,41.723854000000003,-103.417687
BNSF,PR0224109,2024-02-11,8:03 PM,Derailment,0,ALLIANCE,NE,35.0,3,Dusk,Clear,Yard,Light loco(s),2,76158,154,76312,H017,42.093263999999998,-102.873542
UP,0715NP020,2015-07-28,9:30 AM,Derailment,0,SIDNEY,NE,78.0,2,Day,Clear,Yard,Cut of cars,0,11227,0,24219,H021,41.145938000000001,-102.99099099999999
BNSF,HL0821112,2021-08-15,5:30 PM,Derailment,0,LINCOLN,NE,80.0,3,Dusk,Clear,Yard,Freight Train,5,104000,0,104000,H607,40.806310000000003,-96.743418000000005
NS,153724,2023-07-27,3:20 AM,Side collision,0,CHICAGO,IL,73.0,4,Dark,Fog,Yard,Yard/switching,10,15500,50650,101300,H306,41.694381999999997,-87.564355000000006
CSX,000140850,2015-02-02,6:15 AM,Other impacts,0,ROCKY MOUNT,NC,54.0,1,Dawn,Rain,Yard,Yard/switching,4,258,0,14362,H018,35.931645000000003,-77.799741999999995
UP,0817KC017,2017-08-15,11:37 AM,Hwy-rail crossing,0,PAOLA,KS,88.0,2,Day,Cloudy,Main,Freight Train,38,39080,101284,140364,M303,38.574204999999999,-94.888084000000006
ATK,140910,2016-01-16,12:13 PM,Derailment,0,HANNIBAL,MO,29.0,2,Day,Clear,Main,Passenger Train - Pulling,9,16000,0,17500,H702,39.929656999999999,-91.436237000000006
UP,0522GC019,2022-05-16,11:44 PM,Derailment,0,PORT ALLEN,LA,79.0,4,Dark,Clear,Main,Yard/switching,7,218026,1704,219730,H303,30.435707000000001,-91.209963999999999
UP,0916TC001,2016-09-01,9:50 PM,Other impacts,0,ST PAUL,MN,60.0,4,Dark,Clear,Yard,Cut of cars,0,22,0,130046,E49C,44.938588000000003,-93.049276000000006
UP,0521HL016,2021-05-26,8:18 AM,Other impacts,0,COFFEYVILLE,KS,67.0,2,Day,Cloudy,Yard,Cut of cars,5,19663,0,19663,H312,37.019368,-95.624775
BNSF,CH0418114,2018-04-22,9:10 PM,Derailment,0,GALESBURG,IL,40.0,4,Dark,Clear,Yard,Yard/switching,4,2000,9100,11100,H607,40.917133,-90.380106999999995
UP,0115NP010,2015-01-08,3:30 AM,Derailment,0,PLYMOUTH,NE,-4.0,4,Dark,Clear,Industry,Yard/switching,10,7816,10490,18306,H022,40.303831000000002,-96.984612999999996
CSX,000174599,2018-02-09,12:35 AM,Derailment,0,CHICAGO,IL,23.0,4,Dark,Snow,Yard,Freight Train,6,5381,5912,11293,M501,41.779542999999997,-87.679338000000001
BRC,13916,2017-03-14,6:00 AM,Derailment,0,BEDFORD PARK,IL,19.0,4,Dark,Snow,Yard,,0,0,14447,14447,T220,41.765304,-87.768230000000003
BNSF,CH0218120,2018-02-28,3:30 AM,Derailment,0,CHICAGO,IL,35.0,4,Dark,Clear,Yard,Light loco(s),5,6750,10000,16750,H704,41.819484000000003,-87.718063000000001
UP,0522GC033,2022-05-26,7:50 PM,Other impacts,0,LAKE CHARLES,LA,88.0,3,Dusk,Clear,Yard,Yard/switching,8,33669,2742,124715,H307,30.238265999999999,-93.174965999999998
BNSF,MT0419101,2019-04-02,3:45 PM,Obstruction,0,LIBBY,MT,50.0,2,Day,Clear,Main,Spec. MoW Equip.,0,410000,0,770012,H317,48.364142999999999,-114.996205
NS,130105,2018-07-06,1:41 AM,Other (describe in narrative),0,GREENSBORO,NC,92.0,4,Dark,Clear,Yard,Yard/switching,5,12709,85,12794,H307,36.059927000000002,-79.842016999999998
NOPB,020150405T,2015-04-05,7:00 PM,Other impacts,0,NEW ORLEANS,LA,80.0,3,Dusk,Clear,Yard,Yard/switching,4,11074,0,11074,H018,29.915593000000001,-90.106228000000002
CSX,000186353,2019-11-01,7:45 PM,Derailment,0,GARY,IN,39.0,4,Dark,Cloudy,Yard,Freight Train,9,27208,33000,60208,T220,41.617106,-87.373125000000002
CSX,000182320,2019-04-12,4:35 AM,Derailment,0,RUSSELL,KY,62.0,4,Dark,Cloudy,Yard,Yard/switching,6,16876,510,17386,T220,38.531874000000002,-82.697192000000001
ATK,136592,2015-03-06,9:23 PM,Derailment,0,ODENTON,MD,15.0,4,Dark,Clear,Main,Passenger Train - Pulling,85,57406,288630,346036,E69C,39.084204999999997,-76.707894999999994
KCS,17100501,2017-10-05,5:00 PM,Other impacts,0,ARTESIA,MS,85.0,2,Day,Clear,Main,Freight Train,4,24817,0,24817,H318,33.438740000000003,-88.543639999999996
PSBX,15060501,2015-06-05,7:00 AM,Other (describe in narrative),0,SHREVEPORT,LA,90.0,1,Dawn,Clear,Industry,Cut of cars,0,74401,0,364389,M103,32.360608999999997,-93.628973000000002
UP,0823GL031,2023-08-15,4:15 PM,Hwy-rail crossing,0,WORTHINGTON,MN,76.0,2,Day,Clear,Main,Freight Train,34,12555,300,12855,M302,43.587921000000001,-95.643917000000002
UP,0321GP006,2021-03-05,11:00 AM,Other impacts,0,NORTH PLATTE,NE,52.0,2,Day,Clear,Yard,Cut of cars,0,5441,0,114882,M407,41.143700000000003,-100.795497
UP,0216CB014,2016-02-21,7:34 PM,Derailment,0,CLINTON,IA,39.0,4,Dark,Clear,Yard,Cut of cars,0,19048,0,120177,T221,41.806851999999999,-90.248152000000005
IC,1112131,2022-08-25,12:43 PM,Obstruction,0,YAZOO CITY,MS,85.0,2,Day,Cloudy,Main,Maint./inspect Car,19,30000,0,30000,H993,32.970267999999997,-90.337485999999998
NS,132445,2019-01-16,4:00 AM,Other (describe in narrative),0,PAW CREEK,NC,40.0,1,Dawn,Clear,Yard,Freight Train,10,108046,60096,168142,H704,35.230221999999998,-80.967483999999999
MRL,2019102,2019-09-07,5:10 AM,Side collision,0,MISSOULA,MT,55.0,4,Dark,Cloudy,Yard,Light loco(s),12,60000,0,160000,H607,46.880000000000003,-114.00468600000001
BNSF,MT0717108,2017-07-12,11:05 PM,Derailment,0,BELDEN,ND,70.0,4,Dark,Clear,Industry,Freight Train,4,15000,700,15700,H607,46.871836999999999,-103.27872499999999
IC,1069457,2021-05-06,5:35 PM,Derailment,0,JACKSON,MS,80.0,2,Day,Clear,Yard,Yard/switching,3,10342,1775,12117,H503,32.326613999999999,-90.187256000000005
CSX,000152199,2015-09-18,3:30 PM,Derailment,0,ATLANTA,GA,72.0,3,Dusk,Clear,Yard,Freight Train,9,247793,14408,262201,H503,33.799641000000001,-84.439903000000001
MRL,2020023,2020-03-14,12:30 AM,Derailment,0,HELENA,MT,-2.0,4,Dark,Snow,Main,Freight Train,14,4000,76250,80250,E60C,46.657184000000001,-112.276436
BNSF,HL1217117,2017-12-22,3:40 AM,Obstruction,0,OLIVE BRANCH,MS,42.0,4,Dark,Rain,Main,Freight Train,52,500,12500,13000,M404,34.916890000000002,-89.766615000000002
BNSF,TC0216113,2016-02-29,7:47 PM,Derailment,0,ST PAUL,MN,20.0,3,Dusk,Clear,Yard,Yard/switching,5,58266,94024,152290,H703,44.969285999999997,-93.160945999999996
IC,1018725,2019-11-12,7:50 PM,Side collision,0,GEISMAR,LA,32.0,3,Dusk,Cloudy,Yard,Yard/switching,4,17500,0,35000,H307,30.195824000000002,-91.015812999999994
ATK,170347,2022-04-13,6:39 PM,Hwy-rail crossing,0,CENTERTOWN,MO,39.0,2,Day,Clear,Main,Passenger Train - Pulling,47,14660,0,14860,M302,38.619771,-92.408698999999999
BRC,14492,2021-11-29,8:13 PM,Derailment,0,BEDFORD PARK,IL,27.0,4,Dark,Cloudy,Yard,Cut of cars,5,15929,500,16429,T220,41.768140000000002,-87.747349999999997
UP,0219GP031,2019-02-12,10:29 PM,Other impacts,0,NORTH PLATTE,NE,34.0,4,Dark,Cloudy,Yard,Yard/switching,5,7789,48000,56534,M411,41.150680999999999,-100.819395
CRSH,140176,2021-01-01,3:30 PM,Derailment,0,RIVER ROUGE,MI,30.0,2,Day,Sleet,Industry,Yard/switching,3,23243,0,23243,H307,42.275962999999997,-83.165942000000001
UP,0922GC009,2022-09-09,7:54 PM,Derailment,0,WESTWEGO,LA,76.0,3,Dusk,Clear,Yard,Yard/switching,6,25075,850,25925,E40C,29.915593000000001,-90.186705000000003
NS,154555,2023-10-21,9:00 PM,Other impacts,0,SPENCER,NC,65.0,4,Dark,Clear,Yard,Cut of cars,4,5500,15998,23998,H312,35.731152999999999,-80.342675
CP,1000506841,2017-02-02,3:08 AM,Derailment,0,SOUTH BEND,IN,17.0,4,Dark,Clear,Main,Freight Train,47,6855,0,16355,E33C,41.679088999999998,-86.290822000000006
PATH,I072916,2016-07-29,5:51 PM,Obstruction,0,KEARNY,NJ,75.0,2,Day,Clear,Main,EMU,30,17925,0,17925,M299,40.768433999999999,-74.145420999999999
NS,156787,2024-05-21,6:00 PM,Other (describe in narrative),0,GREENSBORO,NC,83.0,3,Dusk,Clear,Yard,Yard/switching,4,34469,7469,41938,H702,36.059927999999999,-79.842014000000006
CSX,000193469,2020-10-28,4:01 AM,Rear end collision,0,DEARBORN,MI,41.0,1,Dawn,Cloudy,Main,Freight Train,4,50709,1000,51709,H306,42.322358999999999,-83.163724000000002
UP,0422GP006,2022-04-09,3:30 PM,Other impacts,0,NORTH PLATTE,NE,82.0,2,Day,Clear,Yard,Cut of cars,13,11384,0,63160,E06C,41.151848999999999,-100.824697
RRVW,92616GCDWI,2016-09-26,10:15 AM,Hwy-rail crossing,0,DWIGHT,ND,50.0,2,Day,Clear,Main,Freight Train,25,39514,9200,48714,M302,46.311391,-96.749610000000004
BNSF,MT0223106,2023-02-24,3:36 AM,Derailment,0,DES LACS,ND,-24.0,4,Dark,Clear,Main,Freight Train,48,807826,243814,1051640,H019,48.248123999999997,-101.49403100000001
CRSH,143712,2021-12-10,5:05 AM,Hwy-rail crossing,0,CAMDEN,NJ,38.0,1,Dawn,Clear,Yard,Freight Train,8,13209,0,13209,M308,39.945124,-75.103438999999995
CSX,000220151,2024-08-25,5:54 PM,Derailment,0,ROCKY MOUNT,NC,85.0,3,Dusk,Clear,Yard,Yard/switching,7,96055,99829,195884,E42C,35.917687000000001,-77.805566999999996
CSX,000212146,2023-07-06,7:05 AM,Derailment,0,HAGERSTOWN,MD,85.0,1,Dawn,Clear,Yard,Cut of cars,0,15153,0,16947,E46C,39.640915999999997,-77.747817999999995
NS,121545,2016-08-03,10:00 PM,Derailment,0,ELKHART,IN,76.0,4,Dark,Clear,Yard,Yard/switching,2,10819,1118,11937,E39C,41.677391,-85.978436000000002
KCS,16081602,2016-08-16,10:00 AM,Other impacts,0,NEOSHO,MO,80.0,2,Day,Clear,Main,Single Car,50,0,15400,15400,H018,36.833815999999999,-94.370383000000004
UP,0117LV033,2017-01-15,3:45 PM,Other impacts,0,LIVONIA,LA,68.0,2,Day,Clear,Yard,Yard/switching,4,12223,0,12863,H306,30.521775999999999,-91.550718000000003
UP,0922GC025,2022-09-29,7:21 PM,Derailment,0,MARINGOUIN,LA,65.0,3,Dusk,Clear,Yard,Cut of cars,0,73921,0,329361,E39C,30.532596000000002,-91.559239000000005
CSX,000177994,2018-08-03,4:28 AM,Derailment,0,HAMLET,NC,84.0,4,Dark,Clear,Yard,Cut of cars,0,51552,136014,250830,H706,34.925491000000001,-79.646586999999997
KO,230524002,2023-05-24,1:15 PM,Derailment,0,WILLOWBROOK,KS,82.0,2,Day,Clear,Main,Freight Train,7,6509,85600,92109,E86C,38.107633999999997,-98.026094000000001
NS,135572,2019-09-20,10:45 PM,Other impacts,0,LOUISVILLE,KY,72.0,4,Dark,Clear,Yard,Yard/switching,3,26461,119,26580,H312,38.263534999999997,-85.801413999999994
CSX,000193469,2020-10-28,4:01 AM,Rear end collision,0,DEARBORN,MI,41.0,1,Dawn,Cloudy,Main,Freight Train,0,0,0,51709,H306,42.322358999999999,-83.163724000000002
UP,0224GP040,2024-02-01,7:48 PM,Other impacts,0,NORTH PLATTE,NE,48.0,3,Dusk,Clear,Yard,Single Car,0,0,0,30419,M407,41.150463999999999,-100.813507
UP,0719GP026,2019-07-23,3:30 AM,Other impacts,0,NORTH PLATTE,NE,58.0,4,Dark,Clear,Yard,Light loco(s),7,250,264,14577,H602,41.143751000000002,-100.79547599999999
CSX,000156714,2016-02-01,12:00 PM,Other impacts,0,CUMBERLAND,MD,45.0,2,Day,Rain,Yard,Cut of cars,4,10876,628,12174,H318,39.630056000000003,-78.751448999999994
UP,0620GP028,2020-06-28,6:34 PM,Other impacts,0,NORTH PLATTE,NE,93.0,3,Dusk,Clear,Yard,Cut of cars,0,34839,0,45863,S007,41.146602000000001,-100.833957
BNSF,MT0222104,2022-02-12,10:02 PM,Other impacts,0,GREAT FALLS,MT,30.0,4,Dark,Clear,Industry,Cut of cars,0,23623,0,40933,H307,47.521504,-111.29747500000001
BNSF,HL0818124,2018-08-29,12:30 AM,Other impacts,0,LINCOLN,NE,57.0,4,Dark,Clear,Yard,Yard/switching,4,22419,0,22419,H318,40.807813000000003,-96.734120000000004
BNSF,MT0819108,2019-08-25,3:00 AM,Derailment,0,HAVRE,MT,50.0,4,Dark,Clear,Yard,Freight Train,10,65500,0,65500,H303,48.555275000000002,-109.683627
UP,0420GP009,2020-04-02,11:00 AM,Other impacts,0,NORTH PLATTE,NE,22.0,2,Day,Snow,Yard,Yard/switching,3,128555,792,184551,M407,41.147128000000002,-100.830809
BNSF,TC0921102,2021-09-09,9:30 AM,Derailment,0,FRIDLEY,MN,69.0,2,Day,Clear,Yard,Yard/switching,4,13342,20800,34142,S006,45.042504999999998,-93.272519000000003
UP,0920GC033,2020-09-27,1:30 AM,Other impacts,0,MARINGOUIN,LA,70.0,4,Dark,Clear,Yard,Cut of cars,6,221116,0,262849,M411,30.526440000000001,-91.554669000000004
ATK,161066,2019-09-12,12:30 PM,Other (describe in narrative),0,TRENTON,NJ,90.0,2,Day,Clear,Main,Passenger Train - Pulling,110,31200,690,31890,E78L,40.217052000000002,-74.742935000000003
BNSF,TC1220105,2020-12-27,11:40 AM,Other impacts,0,ULEN,MN,20.0,2,Day,Cloudy,Industry,Yard/switching,1,2000,2000,14694,H301,47.057718000000001,-96.258184
BNSF,TC1222120,2022-12-23,4:15 PM,Derailment,0,ELDRIDGE,ND,-12.0,2,Day,Clear,Main,Work train,20,23000,210000,233000,M101,46.898747,-98.885868000000002
MRL,2022053,2022-08-05,8:30 AM,Other impacts,0,WINSTON,MT,70.0,2,Day,Clear,Main,Spec. MoW Equip.,20,25500,0,35500,H997,46.425404999999998,-111.625862
UP,0617KC019,2017-06-18,2:30 AM,Derailment,0,KANSAS CITY,MO,85.0,4,Dark,Clear,Yard,Yard/switching,3,74345,1584,93963,H307,39.123536000000001,-94.518338999999997
UP,0319GP006,2019-03-04,4:11 PM,Other impacts,0,NORTH PLATTE,NE,14.0,2,Day,Clear,Yard,Cut of cars,0,492,0,18025,M411,41.147688000000002,-100.83372199999999
UP,0723GP005,2023-07-07,6:06 PM,Other impacts,0,NORTH PLATTE,NE,81.0,3,Dusk,Clear,Yard,Cut of cars,5,1272,0,20531,M411,41.151451999999999,-100.821226
BNSF,HL0722110,2022-07-16,6:21 PM,Derailment,0,OMAHA,NE,82.0,3,Dusk,Clear,Yard,Freight Train,9,34051,195501,229552,H702,41.212589999999999,-95.93186
KAW,230714002,2023-07-14,5:00 PM,Other (describe in narrative),0,NORTH KANSAS CITY,MO,90.0,2,Day,Rain,Yard,Cut of cars,0,35000,0,35000,M103,39.142091999999998,-94.552409999999995
UP,0422GP015,2022-04-19,6:00 AM,Other impacts,0,NORTH PLATTE,NE,40.0,1,Dawn,Cloudy,Yard,Yard/switching,3,28142,0,28142,M407,41.150696000000003,-100.81249800000001
BNSF,MT0218106,2018-02-12,10:39 AM,Other impacts,0,HAVRE,MT,-17.0,2,Day,Clear,Yard,Yard/switching,6,22000,379040,401040,H703,48.554350999999997,-109.669495
ATK,177166,2023-11-15,8:25 PM,Obstruction,0,BOWIE,MD,52.0,4,Dark,Cloudy,Main,,0,0,61546,87238,M402,39.012208000000001,-76.771901
BNSO,BNSO317121,2017-03-26,1:00 PM,Derailment,0,CHICAGO,IL,60.0,2,Day,Cloudy,Yard,Commuter Train - Pulling,8,10000,0,10750,H704,41.860582999999998,-87.640810000000002
UP,0615CB013,2015-06-21,12:35 AM,Hwy-rail crossing,1,DUNCAN,NE,70.0,4,Dark,Clear,Main,Freight Train,60,365737,161270,527007,M302,41.352156000000001,-97.579344000000006
MRL,2021052,2021-06-27,3:30 AM,Other impacts,0,LAUREL,MT,66.0,4,Dark,Cloudy,Yard,Cut of cars,5,1000,0,30000,H020,45.681502999999999,-108.71770100000001
BNSF,KS1222102,2022-12-02,1:40 AM,Side collision,0,KANSAS CITY,KS,45.0,4,Dark,Clear,Yard,Yard/switching,3,6517,3500,16217,E39C,39.087248000000002,-94.697809000000007
UP,1115CB007,2015-11-16,6:00 PM,Derailment,0,GRAND ISLAND,NE,63.0,3,Dusk,Cloudy,Yard,Yard/switching,5,502,12456,12958,H702,40.932321999999999,-98.326851000000005
TRRA,21041OR,2021-09-30,7:51 AM,Derailment,0,MADISON,IL,72.0,1,Dawn,Clear,Yard,,0,0,1148,1148,T220,38.672246000000001,-90.163161000000002
BNSF,NE0116109,2016-01-15,8:45 AM,Derailment,0,HOLDREGE,NE,35.0,1,Dawn,Cloudy,Siding,Light loco(s),4,5500,0,45500,M501,40.432119999999998,-99.388026999999994
CSX,000202133,2021-12-30,11:42 PM,Derailment,0,DUNDALK,MD,38.0,4,Dark,Clear,Yard,Freight Train,4,8900,7971,16871,H702,39.254196,-76.497296000000006
MRL,2019102,2019-09-07,5:10 AM,Side collision,0,MISSOULA,MT,55.0,4,Dark,Cloudy,Yard,Freight Train,0,100000,0,160000,H607,46.882016999999998,-114.00468600000001
IR,IR233339,2023-06-10,9:30 PM,Derailment,0,OTTAWA,IL,66.0,4,Dark,Clear,Industry,Yard/switching,8,22000,0,22000,T216,41.348663000000002,-88.872935999999996
NS,153485,2023-06-30,10:00 PM,Other impacts,0,SOUTHMONT,NC,75.0,4,Dark,Clear,Yard,Single Car,0,2240,10537,13655,H312,35.738906,-80.332949999999997
NS,155942,2024-03-05,2:50 PM,Hwy-rail crossing,0,N/A,NC,68.0,2,Day,Clear,Main,Freight Train,46,15000,55000,70000,M303,35.230125000000001,-80.977800000000002
NS,145320,2022-05-20,10:40 PM,Other (describe in narrative),0,DECATUR,IL,60.0,4,Dark,Clear,Yard,Yard/switching,9,59123,20787,79910,H702,39.851596999999998,-88.924660000000003
UP,0816SL004,2016-08-04,6:00 AM,Fire/violent rupture,0,DEXTER,MO,75.0,1,Dawn,Clear,Main,Freight Train,5,18251,0,18251,E71L,36.723571,-90.423361
UP,0820MA027,2020-08-16,2:40 PM,Derailment,0,ST LOUIS,MO,83.0,2,Day,Cloudy,Yard,,0,0,888,888,H508,38.629601999999998,-90.242450000000005
NS,151090,2022-10-08,12:00 AM,Other impacts,0,MEXICO,MO,54.0,4,Dark,Clear,Yard,Single Car,0,27229,0,35188,H017,39.169426999999999,-91.882444000000007
ATK,136241,2015-02-10,10:35 AM,Other (describe in narrative),0,BALTIMORE,MD,25.0,2,Day,Clear,Main,Passenger Train - Pulling,15,10200,11000,21200,E78L,39.307599000000003,-76.615488999999997
TCWR,TCW022120B,2020-02-21,7:39 PM,Derailment,0,MINNEAPOLIS,MN,28.0,4,Dark,Clear,Yard,Freight Train,8,37104,0,63504,H503,44.974034000000003,-93.201460999999995
SKOL,170909001,2017-09-09,1:00 AM,Derailment,0,INDEPENDENCE,KS,62.0,4,Dark,Clear,Main,Freight Train,10,31006,0,31006,T221,37.263675999999997,-95.602078000000006
NS,154097,2023-09-02,12:15 AM,Other impacts,0,GREENSBORO,NC,68.0,4,Dark,Clear,Main,Single Car,9,30500,14343,114843,H318,36.035021,-79.780209999999997
BNSF,TC0117206,2017-01-30,2:10 PM,Hwy-rail crossing,0,LYONS,NE,40.0,2,Day,Clear,Main,Freight Train,40,625,21293,21918,M302,42.002898999999999,-96.489315000000005
NS,156705,2024-05-14,1:05 PM,Other impacts,0,GREENSBORO,NC,63.0,2,Day,Rain,Yard,Single Car,4,45987,0,139281,H310,36.060802000000002,-79.835085000000007
GTW,1024355,2020-01-19,6:55 PM,Obstruction,0,VICKSBURG,MI,15.0,4,Dark,Cloudy,Main,Freight Train,43,3502,9420,12922,M402,42.155855000000003,-85.467692999999997
IC,1096213,2022-03-05,8:22 PM,Hwy-rail crossing,0,GLENDORA,MS,62.0,4,Dark,Clear,Main,,0,0,0,26067,M302,34.014232999999997,-90.281498999999997
TCWR,TCW021021A,2021-02-10,4:00 PM,Other impacts,0,GRANITE FALLS,MN,0.0,2,Day,Clear,Industry,Work train,10,19082,0,19082,H306,44.803082000000003,-95.489242000000004
BNSF,TC1221206,2021-12-27,12:22 PM,Hwy-rail crossing,0,CLOQUET,MN,20.0,2,Day,Snow,Main,Freight Train,30,5000,25000,30000,M302,46.723747000000003,-92.440619999999996
NS,117166,2015-08-29,7:20 PM,Derailment,0,MACON,GA,75.0,3,Dusk,Clear,Yard,Yard/switching,2,11000,1000,12000,H995,32.813729000000002,-83.622793000000001
CSX,000148099,2015-06-16,5:00 PM,Other impacts,0,BALTIMORE,MD,86.0,3,Dusk,Cloudy,Yard,Single Car,2,400,0,14098,M599,39.235430000000001,-76.591320999999994
BNSF,PR0715119,2015-07-29,8:10 PM,Other impacts,0,ALLIANCE,NE,74.0,3,Dusk,Clear,Yard,Light loco(s),22,10000,0,40000,H307,42.084985000000003,-102.886903
MS,MSR171919A,2019-09-04,8:00 AM,Other (describe in narrative),0,NORTH MUSKEGON,MI,58.0,2,Day,Rain,Siding,Cut of cars,0,12000,0,12000,M105,43.300164000000002,-86.249095999999994
CSX,000204923,2022-05-14,3:00 AM,Obstruction,0,PINEVILLE,KY,62.0,4,Dark,Clear,Main,Maint./inspect Car,22,19469,0,19469,M404,36.718915000000003,-83.637679000000006
BNSF,MT0917201,2017-09-12,3:25 PM,Hwy-rail crossing,0,WIBAUX,MT,86.0,2,Day,Clear,Main,Freight Train,49,13738,0,13738,M302,46.984046999999997,-104.15709099999999
NS,121141,2016-07-06,11:40 PM,Other impacts,0,ELKHART,IN,75.0,4,Dark,Clear,Yard,Yard/switching,4,3144,500,18394,H99E,41.67736,-85.978494999999995
UP,1220HL007,2020-12-06,1:32 PM,Derailment,0,ST JOSEPH,MO,46.0,2,Day,Clear,Yard,Freight Train,7,294412,37480,331892,E44C,39.730373,-94.869472000000002
BNSF,KS0717102,2017-07-18,10:57 AM,Derailment,0,KANSAS CITY,KS,85.0,2,Day,Clear,Yard,Cut of cars,0,24864,0,37110,H318,39.079013000000003,-94.666540999999995
UP,0624GC017,2024-06-16,11:45 PM,Other impacts,0,LOTTIE,LA,76.0,4,Dark,Clear,Yard,Light loco(s),2,123,0,212616,H306,30.521260999999999,-91.548889000000003
UP,0819PR011,2019-08-09,1:00 PM,Derailment,0,MELROSE PARK,IL,82.0,2,Day,Cloudy,Yard,Light loco(s),8,1000,59830,60830,H704,41.891323999999997,-87.871420999999998
UP,0819GL030,2019-08-19,1:43 AM,Derailment,0,BLAIR,NE,66.0,4,Dark,Clear,Main,Freight Train,34,21875,20736,42611,M503,41.545408000000002,-96.137051
KCS,21033001,2021-03-30,1:40 AM,Derailment,0,RICHLAND,MS,60.0,4,Dark,Clear,Yard,Yard/switching,9,2491,10769,13260,M507,32.255760000000002,-90.145661000000004
WIRS,240526001,2024-05-26,11:30 AM,Other impacts,0,PLAQUEMINE,LA,85.0,2,Day,Clear,Yard,Yard/switching,3,39036,0,48116,H301,30.324441,-91.250189000000006
SKOL,220414006,2022-04-14,4:30 AM,Derailment,0,MOLINE,KS,38.0,4,Dark,Clear,Main,Yard/switching,6,13886,0,13886,E85C,37.365389,-96.269086000000001
BNSF,PR0117105,2017-01-09,5:15 PM,Derailment,0,AGUILAR,CO,47.0,3,Dusk,Clear,Siding,Cut of cars,0,21765,0,21765,M105,37.360821000000001,-104.58867600000001
KCS,22040703,2022-04-07,8:30 AM,Derailment,0,KANSAS CITY,MO,49.0,2,Day,Cloudy,Yard,Freight Train,7,63367,37131,100498,M204,39.129322999999999,-94.536146000000002
PW,PWR737324O,2024-03-15,3:09 AM,Derailment,0,WORCESTER,MA,45.0,4,Dark,Clear,Yard,,0,0,86820,113416,H503,42.253439,-71.807850000000002
BNSF,HL1019117,2019-10-18,11:30 AM,Derailment,0,AMORY,MS,75.0,2,Day,Clear,Yard,Freight Train,10,6430,12500,18930,H704,33.971057999999999,-88.479656000000006
UP,0923GL002,2023-09-03,2:50 AM,Derailment,0,ST PAUL,MN,82.0,4,Dark,Cloudy,Yard,Freight Train,0,88679,0,115788,H307,44.902574000000001,-93.042220999999998
BNSF,MT0224107,2024-02-06,6:03 AM,Derailment,0,REEDPOINT,MT,35.0,1,Dawn,Clear,Main,Freight Train,45,25000,294600,319600,E61C,45.686047000000002,-109.447571
UP,1021GL031,2021-10-22,9:19 PM,Other impacts,0,MANKATO,MN,39.0,4,Dark,Clear,Yard,Yard/switching,0,87241,0,108553,H702,44.193593,-93.987393999999995
BNSF,TC1023204,2023-10-15,12:22 PM,Hwy-rail crossing,0,GRANVILLE,ND,53.0,2,Day,Clear,Main,Freight Train,40,15298,0,15298,M302,48.254492999999997,-100.917334
BNSF,RD0520206,2020-05-27,9:32 PM,Hwy-rail crossing,0,LAFAYETTE,LA,73.0,4,Dark,Clear,Main,Freight Train,38,1000,27500,28500,M308,30.182606,-91.990182000000004