reportingrailroadcode,accidentnumber,date,time,accidenttype,hazmatreleasedcars,station,stateabbr,temperature,visibility_code,visibility,weathercondition,tracktype,equipmenttype,trainspeed,equipmentdamagecost,trackdamagecost,totaldamagecost,primaryaccidentcausecode,latitude,longitude
RLLX,RLLX52120,2020-05-21,4:30 PM,Other impacts,0,LACASSINE,LA,84.0,2,Day,Clear,Yard,Yard/switching,13,10700,0,10700,H602,30.238747,-92.950706999999994
BNSF,HL0722119,2022-07-25,1:13 AM,Derailment,0,NORTH KANSAS CITY,MO,75.0,4,Dark,Cloudy,Yard,Freight Train,6,78219,160000,238219,H525,39.138472999999998,-94.583636999999996
UP,1119GL011,2019-11-12,8:15 PM,Derailment,0,GRAND ISLAND,NE,31.0,4,Dark,Clear,Yard,Freight Train,8,36227,87725,123952,H703,40.937223000000003,-98.313540000000003
ATK,162667,2020-01-02,9:14 PM,Other (describe in narrative),0,NEW BRUNSWICK,NJ,42.0,4,Dark,Clear,Yard,,0,0,1613,12827,E78L,40.477353000000001,-74.470789999999994
ATK,162792,2020-01-16,5:48 PM,Obstruction,0,CLAREMONT,NH,29.0,3,Dusk,Cloudy,Main,Passenger Train - Pulling,66,11688,0,11688,M404,43.370403000000003,-72.377791999999999
UP,0919GC017,2019-09-10,3:00 PM,Hwy-rail crossing,0,OPELOUSAS,LA,89.0,2,Day,Clear,Main,Freight Train,40,15843,767,16610,M302,30.540731000000001,-92.105596000000006
NS,155575,2024-01-26,10:00 AM,Hwy-rail crossing,0,N/A,NC,45.0,2,Day,Cloudy,Main,Freight Train,57,28,27957,27985,M308,35.994,-79.934499000000002
BNSF,HL0322122,2022-03-27,6:46 PM,Derailment,0,HANNIBAL,MO,40.0,3,Dusk,Cloudy,Main,Freight Train,8,160149,2643,162792,H525,39.927030999999999,-91.437280000000001
BRC,14447,2021-04-06,1:20 AM,Side collision,0,BEDFORD PARK,IL,62.0,4,Dark,Clear,Yard,Yard/switching,2,9382,3000,24217,H307,41.767567,-87.763407999999998
UP,0216NP010,2016-02-09,11:30 AM,Fire/violent rupture,0,BUSHNELL,NE,43.0,2,Day,Clear,Main,Freight Train,50,109151,0,109151,E79L,41.229402,-103.78442
ATK,160203,2019-07-22,1:00 PM,Hwy-rail crossing,0,MERIDIAN,MS,84.0,2,Day,Clear,Main,Passenger Train - Pulling,64,14595,0,14595,M302,32.300533000000001,-88.762823999999995
MRL,2023052,2023-05-30,6:25 AM,Head on collision,0,LAUREL,MT,55.0,1,Dawn,Clear,Yard,Yard/switching,5,0,0,95000,H318,45.676488999999997,-108.734455
BNSF,TC0623104,2023-06-23,4:25 AM,Derailment,0,DILWORTH,MN,65.0,1,Dawn,Clear,Yard,Yard/switching,5,29944,2518,32462,H607,46.874135000000003,-96.704480000000004
CRSH,117534,2015-09-25,3:50 AM,Raking collision,0,CAMDEN,NJ,58.0,4,Dark,Clear,Yard,Cut of cars,0,1367,0,37713,H702,39.952292,-75.091324
UP,0322GP001,2022-03-01,10:30 AM,Derailment,0,NORTH PLATTE,NE,51.0,2,Day,Clear,Yard,Yard/switching,9,168763,1760,220024,H506,41.153053999999997,-100.85136
UP,0415CB011,2015-04-28,2:20 PM,Hwy-rail crossing,0,SILVER CREEK,NE,60.0,2,Day,Clear,Main,Freight Train,44,19531,0,19531,M308,41.312671000000002,-97.671696999999995
UP,0721GP026,2021-07-19,4:34 AM,Other impacts,0,NORTH PLATTE,NE,63.0,1,Dawn,Clear,Yard,Freight Train,0,0,0,123188,H306,41.154204999999997,-100.844309
MRL,2019107,2019-09-22,12:50 PM,Derailment,0,HELENA,MT,75.0,2,Day,Clear,Main,Freight Train,13,18000,0,18000,E35C,46.655746000000001,-112.275465
BNSF,MT1214103,2014-12-13,6:43 AM,Derailment,0,CULBERTSON,MT,20.0,1,Dawn,Clear,Main,Freight Train,54,73372,1000,74372,E69C,48.135224000000001,-104.58640800000001
NS,129228,2018-04-22,11:30 PM,Derailment,0,LEXINGTON,KY,59.0,4,Dark,Clear,Yard,Freight Train,3,41485,320,41805,H020,38.065826999999999,-84.516929000000005
UP,0121GP021,2021-01-22,12:45 AM,Other impacts,0,NORTH PLATTE,NE,31.0,4,Dark,Cloudy,Yard,Cut of cars,0,32455,0,93535,S007,41.147852,-100.841472
BNSF,KS1020102,2020-10-01,10:59 PM,Derailment,0,NEWTON,KS,54.0,4,Dark,Clear,Yard,Freight Train,8,2675,137500,140175,E65C,38.035156000000001,-97.362956999999994
UP,0222ES035,2022-02-15,10:35 AM,Obstruction,0,DELIA,KS,52.0,2,Day,Clear,Main,Spec. MoW Equip.,2,9695,0,31695,H993,39.233229000000001,-95.957052000000004
CSX,000211994,2023-06-27,1:18 PM,Derailment,0,CUMBERLAND,MD,78.0,2,Day,Cloudy,Yard,Freight Train,5,42466,1438,43904,M599,39.644506999999997,-78.760868000000002
BNSF,NE0716105,2016-07-05,10:00 PM,Derailment,0,BRADSHAW,NE,80.0,4,Dark,Rain,Industry,Freight Train,3,68041,250,68291,M105,40.880603999999998,-97.805933999999993
UP,0422GP010,2022-04-13,5:00 PM,Other impacts,0,NORTH PLATTE,NE,46.0,2,Day,Cloudy,Yard,Single Car,7,7080,1500,8728,M105,41.150402,-100.81012
BNSF,HL1217112,2017-12-18,9:15 AM,Derailment,0,ST LOUIS,MO,49.0,2,Day,Cloudy,Yard,Yard/switching,10,23265,15000,38265,H307,38.606377000000002,-90.309026000000003
UP,0415NP006,2015-04-11,8:45 PM,Derailment,0,NORTH PLATTE,NE,50.0,4,Dark,Cloudy,Yard,Yard/switching,4,19462,58540,78002,H307,41.144291000000003,-100.794847
MRL,2021062,2021-07-26,9:18 AM,Other impacts,0,BILLINGS,MT,83.0,2,Day,Clear,Yard,Single Car,1,1000,0,17000,H302,45.807411999999999,-108.44089
DMVW,FRED218,2016-02-18,11:25 PM,Hwy-rail crossing,0,FREDONIA,ND,30.0,4,Dark,Fog,Main,Freight Train,10,26298,0,26298,M306,46.326593000000003,-99.100262000000001
UP,0718KC006,2018-07-11,3:51 AM,Derailment,0,KANSAS CITY,MO,89.0,4,Dark,Clear,Yard,Yard/switching,6,9178,20599,29777,T220,39.119796999999998,-94.537042999999997
UP,1115NP019,2015-11-28,8:20 AM,Derailment,0,NORTH PLATTE,NE,27.0,2,Day,Cloudy,Yard,Yard/switching,4,13893,0,24703,S007,41.145262000000002,-100.835807
UP,1021GL031,2021-10-22,9:19 PM,Other impacts,0,MANKATO,MN,39.0,4,Dark,Clear,Yard,Yard/switching,4,20112,1200,108553,H702,44.193593,-93.987393999999995
NS,136546,2019-12-17,10:20 AM,Raking collision,0,ELKHART,IN,32.0,2,Day,Cloudy,Yard,Freight Train,9,87388,0,215585,H399,41.67736,-85.978494999999995
WC,994730,2019-04-14,10:23 PM,Broken train collision,0,GARY,IN,32.0,4,Dark,Snow,Yard,Yard/switching,10,205149,1600,206749,H508,41.610880000000002,-88.073466999999994
NS,135769,2019-10-09,1:30 AM,Other (describe in narrative),0,CHICAGO,IL,57.0,4,Dark,Clear,Yard,Freight Train,3,0,40032,40032,H306,41.795105,-87.635349000000005
UP,1015NP041,2015-10-31,1:49 PM,Fire/violent rupture,0,HASTINGS,NE,55.0,2,Day,Clear,Main,Freight Train,49,12868,0,12868,E72L,40.605947999999998,-98.392959000000005
DC,06,2019-04-08,10:20 PM,Derailment,0,DETROIT,MI,42.0,4,Dark,Clear,Main,Freight Train,6,15266,3979,19245,M299,42.267744999999998,-83.123790999999997
BNSF,HL0621110,2021-06-20,7:00 AM,Derailment,0,LINCOLN,NE,71.0,1,Dawn,Clear,Yard,Yard/switching,5,24300,7000,31300,H607,40.807682,-96.756512999999998
CSX,000148099,2015-06-16,5:00 PM,Other impacts,0,BALTIMORE,MD,86.0,3,Dusk,Cloudy,Yard,Single Car,2,11298,0,14098,M599,39.235430000000001,-76.591320999999994
NS,146273,2022-08-23,4:15 PM,Side collision,0,DECATUR,IL,82.0,3,Dusk,Clear,Yard,Yard/switching,4,85000,0,87000,H318,39.858406000000002,-88.898383999999993
NS,132955,2019-02-23,12:05 PM,Other (describe in narrative),0,ELKHART,IN,42.0,2,Day,Cloudy,Yard,Yard/switching,2,15818,14261,30079,H306,41.67736,-85.978494999999995
UP,0819PR006,2019-08-08,11:05 AM,Other impacts,0,NORTHLAKE,IL,82.0,2,Day,Clear,Yard,Yard/switching,8,7023,10388,50355,H318,41.899842999999997,-87.907786000000002
IC,1012099,2019-09-10,3:40 PM,Hwy-rail crossing,0,HAMMOND,LA,91.0,2,Day,Clear,Main,Freight Train,18,20000,0,20000,M308,30.505572999999998,-90.508438999999996
BNSF,TC1017127,2017-10-23,9:10 PM,Derailment,0,MINNEAPOLIS,MN,40.0,4,Dark,Clear,Yard,Yard/switching,4,58946,175922,234868,E07C,45.031609000000003,-93.271253000000002
UP,0624GP035,2024-06-27,2:55 PM,Derailment,0,NORTH PLATTE,NE,82.0,2,Day,Clear,Yard,Yard/switching,13,78266,3195,81461,E40C,41.147689,-100.843799
UP,0122GC043,2022-01-01,4:30 AM,Other impacts,0,LOTTIE,LA,74.0,1,Dawn,Cloudy,Yard,Yard/switching,5,344,0,23601,S016,30.523087,-91.552890000000005
UP,0217KC004,2017-02-07,4:45 PM,Derailment,0,KANSAS CITY,MO,37.0,2,Day,Clear,Yard,Single Car,0,15521,0,50573,M411,39.122976000000001,-94.516456000000005
NS,156085,2024-03-18,1:50 AM,Derailment,0,CHARLOTTE,NC,61.0,4,Dark,Cloudy,Yard,Work train,4,14020,8801,22821,H599,35.228064000000003,-80.852619000000004
KCS,15030201,2015-03-02,12:15 PM,Other impacts,0,UNION,MS,55.0,2,Day,Cloudy,Yard,Cut of cars,1,8768,0,27006,H318,32.566916999999997,-89.120555999999993
NS,126960,2017-10-10,10:00 AM,Derailment,0,ELKHART,IN,58.0,2,Day,Cloudy,Yard,Yard/switching,2,13379,0,13379,M411,41.67736,-85.978494999999995
KCS,19032202,2019-03-22,1:30 PM,Derailment,0,SHREVEPORT,LA,70.0,2,Day,Clear,Industry,Freight Train,5,37780,304,38084,H021,32.420616000000003,-93.747293999999997
BNSF,PR1019110,2019-10-14,4:01 AM,Derailment,0,COWLES,NE,36.0,1,Dawn,Clear,Main,Freight Train,9,176789,40000,216789,T212,40.237533999999997,-98.446352000000005
UP,0723GP005,2023-07-07,6:06 PM,Other impacts,0,NORTH PLATTE,NE,81.0,3,Dusk,Clear,Yard,Cut of cars,5,18259,0,20531,M411,41.151451999999999,-100.821226
BNSF,HL0220120,2020-02-09,12:30 AM,Other (describe in narrative),0,MOUND CITY,MO,20.0,4,Dark,Clear,Main,Freight Train,40,40255,10000,50255,E44C,40.061179000000003,-95.385069999999999
NS,119799,2016-03-19,3:00 AM,Derailment,0,GEORGETOWN,KY,51.0,4,Dark,Clear,Yard,Freight Train,4,4600,6924,11524,H306,38.245992000000001,-84.555282000000005
UP,0724MA019,2024-07-08,4:53 PM,Obstruction,0,WASHINGTON,MO,82.0,2,Day,Rain,Main,,0,0,89648,89648,M101,38.532649999999997,-90.924128999999994
ATK,169884,2022-02-25,12:09 AM,Derailment,0,SAINT LOUIS,MO,19.0,4,Dark,Clear,Yard,Passenger Train - Pulling,10,95400,45000,140400,T220,38.620784999999998,-90.197890999999998
UP,0819GC014,2019-08-14,8:00 PM,Derailment,0,LIVONIA,LA,82.0,4,Dark,Cloudy,Yard,Yard/switching,10,403438,64304,467742,H303,30.532547000000001,-91.559291000000002
BNSF,HL0217107,2017-02-22,12:01 AM,Derailment,0,SPRINGFIELD,MO,60.0,4,Dark,Clear,Yard,Yard/switching,4,12663,150,12813,M411,37.227428000000003,-93.326905999999994
KCS,20051702,2020-05-17,12:30 AM,Other impacts,0,ARTESIA,MS,72.0,4,Dark,Cloudy,Yard,Cut of cars,5,1548,0,22270,H020,33.414150999999997,-88.643028000000001
UP,1216SL002,2016-12-05,12:44 PM,Obstruction,0,BRIGHTON,IL,46.0,2,Day,Clear,Siding,Spec. MoW Equip.,0,40000,0,130100,H307,39.056424,-90.122214999999997
NS,116422,2015-07-08,6:15 PM,Derailment,0,PELHAM,NC,85.0,3,Dusk,Cloudy,Industry,Freight Train,1,12705,164,12869,M101,36.538442000000003,-79.458779000000007
IC,1004834,2019-07-08,7:15 PM,Side collision,0,JACKSON,MS,90.0,2,Day,Clear,Yard,Single Car,4,1500,0,19500,H307,32.322659999999999,-90.172531000000006
UP,0315NP016,2015-03-10,8:55 AM,Derailment,0,NORTH PLATTE,NE,31.0,2,Day,Clear,Yard,Light loco(s),1,37194,10064,47258,H017,41.145499999999998,-100.833625
IC,846126,2015-03-02,1:40 PM,Obstruction,0,OSYKA,MS,67.0,2,Day,Rain,Main,,0,0,25,25283,M404,31.227353000000001,-90.449173000000002
CSX,000181598,2019-01-13,11:06 AM,Obstruction,0,ENFIELD,NC,34.0,2,Day,Rain,Main,,0,0,0,13902,M404,36.247456,-77.631393000000003
NS,124680,2017-04-12,7:30 AM,Hwy-rail crossing,0,MARTINSBURG,MO,61.0,1,Dawn,Clear,Main,Freight Train,54,3452,32927,36379,M303,39.101793999999998,-91.647233999999997
CSX,000190008,2020-05-03,9:40 PM,Derailment,0,DETROIT,MI,66.0,4,Dark,Cloudy,Yard,Freight Train,3,5842,3468,149942,H702,42.326655000000002,-83.097459999999998
NS,156278,2024-04-06,11:00 AM,Derailment,0,WALKERTOWN,NC,61.0,2,Day,Clear,Industry,Cut of cars,0,67475,0,106175,H524,36.161794,-80.177760000000006
CSX,000217634,2024-04-26,5:15 AM,Other (describe in narrative),0,NEW ORLEANS,LA,68.0,4,Dark,Clear,Yard,Yard/switching,8,169906,15284,185190,H306,30.005993,-90.019454999999994
NS,137062,2020-02-06,5:10 AM,Derailment,0,MELVINDALE,MI,25.0,1,Dawn,Snow,Yard,Yard/switching,4,7582,16745,74127,T221,42.273713999999998,-83.191676999999999
UP,1218HL009,2018-12-14,4:33 AM,Derailment,0,INDEPENDENCE,MO,36.0,1,Dawn,Cloudy,Main,Freight Train,3,219208,44168,456404,H702,39.112603,-94.476961000000003
IC,939713,2017-10-22,12:15 AM,Side collision,0,JACKSON,MS,70.0,4,Dark,Cloudy,Yard,Freight Train,0,16176,0,37792,M502,32.31268,-90.190933999999999
IC,1004834,2019-07-08,7:15 PM,Side collision,0,JACKSON,MS,90.0,2,Day,Clear,Yard,Yard/switching,4,18000,0,19500,H307,32.322659999999999,-90.172531000000006
BNSF,NE0515107,2015-05-31,3:00 AM,Derailment,0,HOLDREGE,NE,54.0,4,Dark,Clear,Industry,Freight Train,3,42480,0,42480,H702,40.413406999999999,-99.418400000000005
BNSF,MT1222102,2022-12-13,9:55 PM,Derailment,0,GREAT FALLS,MT,17.0,4,Dark,Clear,Yard,Yard/switching,6,12011,4879,16890,H020,47.517316000000001,-111.280885
BNSF,KS0422201,2022-04-21,8:00 AM,Hwy-rail crossing,0,COURTLAND,KS,58.0,1,Dawn,Fog,Main,Freight Train,17,69752,6511,76263,M302,39.798878999999999,-97.911499000000006
BNSF,TC0624103,2024-06-06,10:56 PM,Derailment,0,STANTON,ND,55.0,4,Dark,Clear,Industry,Freight Train,4,15000,5000,20000,M101,47.276969000000001,-101.312814
NS,154476,2023-10-11,8:25 AM,Other (describe in narrative),0,BUECHEL,KY,61.0,2,Day,Clear,Yard,Yard/switching,5,15050,4036,19086,H702,38.193356999999999,-85.648432999999997
GRW,03,2017-01-20,2:54 PM,Derailment,0,GARY,IN,43.0,2,Day,Cloudy,Industry,Yard/switching,4,483,10435,10918,H702,41.619210000000002,-87.352286000000007
UP,0922GC025,2022-09-29,7:21 PM,Derailment,0,MARINGOUIN,LA,65.0,3,Dusk,Clear,Yard,Yard/switching,10,199989,600,329361,E39C,30.532596000000002,-91.559239000000005
CSX,000142805,2015-03-10,8:40 PM,Derailment,0,RUSSELL,KY,52.0,4,Dark,Rain,Yard,Cut of cars,5,12849,100,12949,H318,38.531911000000001,-82.697249999999997
NS,153777,2023-08-01,9:47 AM,Other (describe in narrative),0,GREENSBORO,NC,81.0,2,Day,Clear,Yard,Freight Train,4,8300,6095,14395,H702,36.059927999999999,-79.842014000000006
BNSF,HL0319113,2019-03-11,6:10 PM,Derailment,0,LINCOLN,NE,38.0,3,Dusk,Clear,Yard,Light loco(s),5,77532,1000,78532,H307,40.808844000000001,-96.742075999999997
UP,0624GC004,2024-06-03,12:34 PM,Other impacts,0,LOTTIE,LA,85.0,2,Day,Cloudy,Yard,Single Car,2,0,0,13668,M411,30.525665,-91.555987000000002
BNSF,TC0420103,2020-04-12,5:00 PM,Derailment,0,DILWORTH,MN,48.0,3,Dusk,Clear,Yard,Yard/switching,4,30186,3000,33186,H607,46.874161000000001,-96.661311999999995
MNN,MN11112022,2022-11-11,2:15 PM,Derailment,0,ELDRED,MN,21.0,2,Day,Snow,Main,Freight Train,6,90000,0,90000,M101,47.673465999999998,-96.800532000000004
ATK,135482,2014-12-09,6:10 PM,Hwy-rail crossing,0,JACKSON,MS,46.0,4,Dark,Clear,Main,Passenger Train - Pulling,68,2700,0,20439,M308,32.401409000000001,-90.148421999999997
WC,980014,2018-11-26,12:00 PM,Other impacts,0,PROCTOR,MN,16.0,2,Day,Clear,Yard,Yard/switching,5,13500,0,13500,H318,46.755693000000001,-92.241719000000003
CSX,000148099,2015-06-16,5:00 PM,Other impacts,0,BALTIMORE,MD,86.0,3,Dusk,Cloudy,Yard,Single Car,2,400,0,14098,M599,39.235430000000001,-76.591320999999994
CRSH,143586,2021-11-25,4:40 AM,Other impacts,0,NEWARK,NJ,35.0,1,Dawn,Clear,Yard,Yard/switching,0,5000,435,42019,H318,40.705679000000003,-74.129616999999996
NS,114371,2015-02-15,11:15 PM,Derailment,0,LEXINGTON,KY,18.0,4,Dark,Clear,Yard,Freight Train,7,13014,11374,24388,H702,38.077334,-84.5184
PATH,I090315,2015-09-03,4:03 PM,Derailment,0,HARRISON,NJ,74.0,2,Day,Clear,Yard,EMU,20,9916,10489,20405,H699,40.737532000000002,-74.148869000000005
UP,0821GP029,2021-08-28,1:37 PM,Derailment,0,NORTH PLATTE,NE,88.0,2,Day,Clear,Yard,Freight Train,3,25989,83504,109493,H607,41.155647000000002,-100.820761
IC,907013,2016-11-21,6:49 PM,Derailment,0,HARVEY,IL,28.0,4,Dark,Clear,Yard,Freight Train,6,11000,3668,14668,H704,41.577893000000003,-87.655726000000001
IC,1070213,2021-05-12,5:30 PM,Derailment,0,JACKSON,MS,75.0,2,Day,Cloudy,Yard,Freight Train,5,33272,22601,55873,H503,32.30809,-88.191781000000006
KCS,19030203,2019-03-02,10:34 PM,Derailment,0,BATON ROUGE,LA,65.0,4,Dark,Cloudy,Yard,Freight Train,5,7882,0,15161,H307,30.468845999999999,-91.176950000000005
CSX,000214426,2023-11-07,9:40 PM,Hwy-rail crossing,0,HORSE CAVE,KY,64.0,4,Dark,Clear,Main,Freight Train,44,715,51248,51963,M303,37.187441999999997,-85.898081000000005
NS,154093,2023-08-31,3:50 AM,Derailment,0,CATAWBA,NC,74.0,4,Dark,Clear,Industry,Freight Train,12,16000,143926,159926,E60C,35.669046999999999,-81.044883999999996
CSX,000179538,2018-10-26,11:55 PM,Side collision,0,INDIANAPOLIS,IN,44.0,4,Dark,Clear,Yard,Yard/switching,3,15372,2549,581521,H399,39.759791,-86.327526000000006
UP,0220GP002,2020-02-02,12:06 PM,Derailment,0,NORTH PLATTE,NE,67.0,2,Day,Cloudy,Yard,Yard/switching,23,776,0,76414,S016,41.148029999999999,-100.84045500000001
UP,1119GP032,2019-11-26,8:30 PM,Derailment,0,NORTH PLATTE,NE,27.0,4,Dark,Clear,Yard,Yard/switching,9,5183,6314,11497,M101,41.151558999999999,-100.828379
ATK,178843,2024-03-14,8:21 PM,Hwy-rail crossing,0,DURHAM,NC,74.0,4,Dark,Clear,Main,Passenger Train - Pulling,54,73575,0,81558,M308,35.979855000000001,-78.879212999999993
CSX,000182548,2019-01-28,11:20 AM,Obstruction,0,AUBURN,IN,32.0,2,Day,Snow,Industry,Freight Train,1,0,19172,19172,M101,41.352410999999996,-85.076926999999998
CSX,000139940,2015-01-13,1:00 AM,Derailment,0,HAMLET,NC,40.0,4,Dark,Rain,Yard,Yard/switching,4,16586,2482,19068,E4BC,34.914630000000002,-79.670657000000006
IC,1017273,2019-10-28,4:50 PM,Derailment,0,HELVETIA,LA,74.0,2,Day,Clear,Industry,Yard/switching,0,0,38632,38632,H303,30.074739000000001,-90.871616000000003
KCT,UP112318,2018-11-23,9:45 PM,Fire/violent rupture,0,KANSAS CITY,MO,45.0,4,Dark,Clear,Main,,0,0,0,19978,E74L,39.08858,-94.569029999999998
NICD,N2000004,2020-03-03,9:35 AM,Other (describe in narrative),0,GARY,IN,40.0,2,Day,Rain,Yard,Single Car,0,33050,1584,34634,H999,41.604374,-87.334956000000005
NS,115453,2015-04-30,6:13 AM,Hwy-rail crossing,0,ASHEVILLE,NC,72.0,1,Dawn,Clear,Main,Freight Train,14,30000,0,30000,M303,35.568714999999997,-82.519047
UP,1018KC014,2018-10-10,9:00 AM,Other impacts,0,KANSAS CITY,MO,55.0,2,Day,Clear,Yard,Yard/switching,2,9558,50,11518,S014,39.119889999999998,-94.534949999999995
KCS,15013101,2015-01-31,4:00 AM,Other impacts,0,PEARL,MS,33.0,4,Dark,Cloudy,Yard,Single Car,0,19000,0,19000,H318,32.253303000000002,-90.140728999999993
BNSF,TC0817113,2017-08-24,2:25 AM,Other (describe in narrative),0,MINNEAPOLIS,MN,59.0,4,Dark,Cloudy,Main,,0,0,36936,36936,H403,45.016219,-93.260197000000005
BNSF,HL0323118,2023-03-17,11:39 AM,Derailment,0,ST JOSEPH,MO,40.0,2,Day,Cloudy,Yard,Light loco(s),3,19200,0,58400,H306,39.735022999999998,-94.854686999999998
DMVW,DE0215280,2015-02-10,3:30 PM,Derailment,0,FULLERTON,ND,25.0,2,Day,Clear,Industry,Cut of cars,2,65000,0,65000,H018,46.094237999999997,-98.254298000000006
CSX,000202292,2022-01-07,12:25 PM,Side collision,0,INDIANAPOLIS,IN,16.0,2,Day,Clear,Yard,Freight Train,0,95099,1576,187336,H702,39.759798000000004,-86.327516000000003
NS,125030,2017-05-12,7:30 PM,Derailment,0,ALTON,IL,72.0,3,Dusk,Clear,Industry,Freight Train,7,9580,1500,11080,H306,38.888699000000003,-90.180439000000007
BNSF,MT0919101,2019-09-01,8:45 AM,Side collision,0,GLENDIVE,MT,68.0,1,Dawn,Clear,Yard,Cut of cars,0,11197,0,18697,H307,47.102860999999997,-104.713515
UP,0515LV010,2015-05-19,12:45 PM,Derailment,0,ADDIS,LA,88.0,2,Day,Clear,Yard,Freight Train,7,341821,412849,754670,E40C,30.395018,-91.322136999999998
NS,157315,2024-07-09,1:30 AM,Derailment,0,WENTZVILLE,MO,66.0,4,Dark,Rain,Yard,Freight Train,8,28715,5305,34020,H220,38.810377000000003,-90.814335
MACZ,179430,2024-04-17,7:22 PM,Obstruction,0,MIDDLE RIVER,MD,66.0,3,Dusk,Clear,Main,Commuter Train - Pulling,58,398467,0,398467,M503,39.333599999999997,-76.436260000000004
BNSF,NE0215110,2015-02-27,11:00 PM,Derailment,0,LINCOLN,NE,25.0,4,Dark,Clear,Yard,Freight Train,10,13575,0,13575,E4BC,40.807485999999997,-96.732079999999996
BNSF,HL0921101,2021-09-01,12:18 AM,Derailment,0,AMORY,MS,71.0,4,Dark,Cloudy,Main,Freight Train,51,20000,3900,23900,M404,33.940756,-88.448567999999995
CSX,000183593,2019-06-16,12:24 AM,Derailment,0,LOUISVILLE,KY,72.0,4,Dark,Clear,Yard,Yard/switching,5,54221,5000,59221,E07C,38.160708999999997,-85.749173999999996
CSX,000181270,2019-02-09,8:50 PM,Other impacts,0,INDIANAPOLIS,IN,25.0,4,Dark,Clear,Yard,Single Car,10,9435,0,17822,E04C,39.759791,-86.327526000000006
MRL,2021052,2021-06-27,3:30 AM,Other impacts,0,LAUREL,MT,66.0,4,Dark,Cloudy,Yard,Yard/switching,0,29000,0,30000,H020,45.681502999999999,-108.71770100000001
BNSF,MT0821106,2021-08-25,5:30 PM,Derailment,0,GREAT FALLS,MT,75.0,3,Dusk,Clear,Yard,Yard/switching,5,72806,220000,292806,H514,47.503419999999998,-111.32588
UP,0224GL024,2024-02-16,8:00 PM,Derailment,0,SOUTH ST PAUL,MN,13.0,4,Dark,Clear,Yard,Yard/switching,4,8715,9800,18515,H702,44.902906999999999,-93.042623000000006
BNSF,PR0718103,2018-07-08,1:45 PM,Derailment,0,MCCOOK,NE,80.0,2,Day,Clear,Yard,Freight Train,5,3200,9700,12900,H307,40.197268000000001,-100.62925
ATK,171095,2022-06-27,12:42 PM,Hwy-rail crossing,0,MENDON,MO,80.0,2,Day,Clear,Main,Passenger Train - Pulling,89,3500000,0,3907000,M302,39.560580999999999,-93.181185999999997
GTW,864691,2015-09-07,2:25 AM,Hwy-rail crossing,0,NEWPORT,MI,73.0,4,Dark,Clear,Main,Freight Train,23,0,15943,15943,M399,42.002364999999998,-83.308852999999999
NS,126392,2017-08-26,3:45 AM,Other impacts,0,WILMORE,KY,73.0,4,Dark,Clear,Main,Freight Train,40,11087,0,11187,E89C,37.791744999999999,-84.726512999999997
KCS,21071302,2021-07-13,3:59 PM,Hwy-rail crossing,0,BROOKLYN,MS,90.0,2,Day,Clear,Main,Freight Train,40,10,11540,11550,M308,31.058938000000001,-89.188086999999996
NS,113423,2014-12-13,4:45 AM,Derailment,0,LIBERTY GROVE,MD,37.0,1,Dawn,Clear,Main,Freight Train,21,3400,227373,230773,E06C,39.639879999999998,-76.148015000000001
UP,0723GL039,2023-07-28,6:00 AM,Derailment,0,ST PAUL,MN,71.0,1,Dawn,Clear,Yard,Yard/switching,4,250,36080,36330,H702,44.915365000000001,-93.055430999999999
UP,0319GP046,2019-03-24,10:45 PM,Derailment,0,NORTH PLATTE,NE,47.0,4,Dark,Cloudy,Yard,Yard/switching,8,11658,4058,15716,E42C,41.151705,-100.818203
MWS,M2023AUG1D,2023-08-29,8:00 AM,Side collision,0,BEDFORD PARK,IL,84.0,2,Day,Cloudy,Yard,Yard/switching,10,20000,120000,300000,H306,41.766171999999997,-87.777460000000005
UP,0115NP034,2015-01-23,7:15 PM,Derailment,0,NORTH PLATTE,NE,30.0,4,Dark,Cloudy,Yard,Yard/switching,9,3392,7322,10714,H702,41.154746000000003,-100.85557799999999
IC,851525,2015-05-28,10:11 AM,Side collision,0,JACKSON,MS,76.0,2,Day,Clear,Yard,Freight Train,8,32339,0,323669,H706,32.325707999999999,-90.187539999999998
BNSF,CH0715113,2015-07-18,4:30 AM,Derailment,0,GALESBURG,IL,72.0,1,Dawn,Clear,Yard,Yard/switching,8,39000,164000,203000,H504,40.870288000000002,-90.394750999999999
UP,0319GP006,2019-03-04,4:11 PM,Other impacts,0,NORTH PLATTE,NE,14.0,2,Day,Clear,Yard,Yard/switching,4,2051,15482,18025,M411,41.147688000000002,-100.83372199999999
SKOL,220311006,2022-03-11,3:58 AM,Derailment,0,MOLINE,KS,45.0,4,Dark,Clear,Industry,Yard/switching,6,11060,500,11560,T221,37.358384000000001,-96.267639000000003
IHB,2702,2021-10-02,5:15 AM,Derailment,0,BURNHAM,IL,63.0,4,Dark,Clear,Yard,Yard/switching,2,12100,3982,16082,H702,41.645926000000003,-87.525255999999999
UP,0919GC027,2019-09-13,5:10 PM,Hwy-rail crossing,0,KEATCHIE,LA,95.0,2,Day,Cloudy,Main,Freight Train,36,13404,832,14236,M302,32.193742,-93.893292000000002