reportingrailroadcode,accidentnumber,date,time,accidenttype,hazmatreleasedcars,station,stateabbr,temperature,visibility_code,visibility,weathercondition,tracktype,equipmenttype,trainspeed,equipmentdamagecost,trackdamagecost,totaldamagecost,primaryaccidentcausecode,latitude,longitude
NS,121521,2016-08-02,12:50 PM,Hwy-rail crossing,0,WINSLOW,IN,88.0,2,Day,Clear,Main,Freight Train,0,2912,10000,12912,M308,38.398004,-87.223707000000005
BNSF,MT0518103,2018-05-12,10:34 AM,Other (describe in narrative),0,WILLISTON,ND,50.0,2,Day,Clear,Main,Freight Train,8,0,20000,20000,H702,48.144088000000004,-103.60234699999999
CSX,000214244,2023-10-26,4:15 PM,Hwy-rail crossing,0,MARSHVILLE,NC,79.0,3,Dusk,Clear,Main,Freight Train,39,3951,15508,19459,M303,34.986455999999997,-80.391302999999994
NS,154168,2023-09-09,3:32 PM,Other impacts,0,SOUTHMONT,NC,84.0,2,Day,Clear,Yard,Single Car,4,0,3768,13350,H312,35.738906,-80.332949999999997
CSX,000219495,2024-06-20,8:30 PM,Obstruction,0,PLAISTOW,NH,75.0,4,Dark,Rain,Main,,0,0,0,27604,M404,42.847774000000001,-71.086641999999998
BNSF,TC1217100,2017-12-01,1:15 PM,Obstruction,0,HIBBING,MN,40.0,2,Day,Clear,Industry,Freight Train,1,11000,0,11000,M404,47.480449999999998,-92.967995000000002
MRL,2023052,2023-05-30,6:25 AM,Head on collision,0,LAUREL,MT,55.0,1,Dawn,Clear,Yard,Single Car,10,95000,0,95000,H318,45.676488999999997,-108.734455
ATK,143486,2016-07-27,5:25 PM,Other (describe in narrative),0,WOODBRIDGE,NJ,85.0,3,Dusk,Clear,Main,Passenger Train - Pulling,60,20259,0,20259,E78L,40.554592999999997,-74.344132999999999
CSX,000180540,2019-01-01,12:40 AM,Derailment,2,AURORA,NC,66.0,4,Dark,Clear,Main,Freight Train,23,519954,97,742355,T215,35.339047999999998,-76.926499000000007
NCRC,OP011422,2022-01-14,3:05 AM,Derailment,0,ORD,NE,16.0,4,Dark,Clear,Siding,Freight Train,5,10000,37766,47766,H702,41.591380000000001,-98.903859999999995
UP,0220GC027,2020-02-23,11:45 PM,Derailment,0,DONALDSONVILLE,LA,56.0,4,Dark,Cloudy,Yard,Yard/switching,6,15470,66,15536,H306,30.090910000000001,-90.990478999999993
UP,0616SL007,2016-06-16,7:55 AM,Derailment,0,ST LOUIS,MO,91.0,2,Day,Clear,Yard,Yard/switching,8,19952,53983,73935,H703,38.612267000000003,-90.190652999999998
UP,0920GL020,2020-09-16,9:50 AM,Other impacts,0,COLUMBUS,NE,62.0,2,Day,Clear,Yard,Freight Train,4,147167,14803,427722,H702,41.427644000000001,-97.363698999999997
DMVW,DE123016,2016-12-30,2:15 AM,Derailment,0,UNDERWOOD,ND,5.0,4,Dark,Clear,Industry,Freight Train,5,20942,0,20942,M101,47.374139,-101.098001
CSX,000138868,2014-12-14,3:00 AM,Derailment,0,HAMLET,NC,40.0,4,Dark,Clear,Yard,Single Car,9,32054,3500,35554,H993,34.914630000000002,-79.670657000000006
BNSF,TC0916104,2016-09-06,3:35 PM,Derailment,0,FREMONT,NE,91.0,2,Day,Clear,Industry,Freight Train,4,58595,6000,64595,E4BC,41.465235,-96.492554999999996
ATK,180793,2024-06-20,8:30 PM,Obstruction,0,PLAISTOW,NH,75.0,4,Dark,Clear,Main,Passenger Train - Pushing,72,27604,0,27604,M404,42.84751,-71.086910000000003
NS,153971,2023-08-19,4:00 PM,Other impacts,0,GREENSBORO,NC,90.0,3,Dusk,Clear,Yard,Freight Train,7,6350,0,32254,H306,36.059927999999999,-79.842014000000006
NIRC,941000462,2021-09-25,11:10 AM,Hwy-rail crossing,0,CHICAGO,IL,68.0,2,Day,Clear,Main,Commuter Train - Pushing,77,4500,46042,50542,M302,41.721310000000003,-87.650260000000003
NS,156783,2024-05-21,2:00 AM,Other impacts,0,CHARLOTTE,NC,75.0,4,Dark,Clear,Yard,Single Car,0,46823,0,144269,H318,35.247627000000001,-80.811160999999998
UP,0422GP010,2022-04-13,5:00 PM,Other impacts,0,NORTH PLATTE,NE,46.0,2,Day,Cloudy,Yard,Single Car,0,148,0,8728,M105,41.150402,-100.81012
CRSH,137873,2020-05-03,9:40 PM,Derailment,0,DETROIT,MI,52.0,4,Dark,Cloudy,Yard,,0,0,140632,149942,H702,42.320591999999998,-83.134191999999999
BNSF,PR0719102,2019-07-02,12:45 PM,Derailment,0,AURORA,NE,84.0,2,Day,Clear,Yard,Cut of cars,10,26710,0,26710,H020,40.862577999999999,-98.001097999999999
BNSF,MT1223102,2023-12-14,4:16 AM,Derailment,0,MINOT,ND,30.0,1,Dawn,Clear,Yard,Freight Train,5,18755,26192,44947,H307,48.237788999999999,-101.293728
BNSF,TC0915105,2015-09-12,4:45 AM,Raking collision,0,GRAND FORKS,ND,43.0,4,Dark,Clear,Main,Yard/switching,6,19069,0,19069,H302,47.977176,-97.088446000000005
UP,0422GP006,2022-04-09,3:30 PM,Other impacts,0,NORTH PLATTE,NE,82.0,2,Day,Clear,Yard,Cut of cars,0,49416,2360,63160,E06C,41.151848999999999,-100.824697
UP,0822HL022,2022-08-23,6:40 PM,Derailment,0,SALINA,KS,88.0,3,Dusk,Clear,Yard,,0,0,700,40700,H704,38.854928000000001,-97.593592999999998
NS,145188,2022-05-05,1:35 PM,Side collision,0,NEW ORLEANS,LA,72.0,2,Day,Clear,Yard,Cut of cars,0,0,0,40598,H307,29.975954000000002,-90.044582000000005
NS,153971,2023-08-19,4:00 PM,Other impacts,0,GREENSBORO,NC,90.0,3,Dusk,Clear,Yard,Cut of cars,0,6222,19682,32254,H306,36.059927999999999,-79.842014000000006
CSX,000220165,2024-08-26,2:50 PM,Other impacts,0,MONROE,NC,91.0,2,Day,Clear,Yard,Freight Train,3,5000,257,55257,H021,34.984836999999999,-80.548089000000004
MDDE,050124,2024-05-01,10:40 AM,Other (describe in narrative),0,FEDERALSBURG,MD,75.0,2,Day,Clear,Siding,Freight Train,0,0,0,0,H999,38.686632000000003,-75.782167000000001
TCWR,01222020A,2020-01-22,9:00 AM,Derailment,0,SACRED HEART,MN,34.0,2,Day,Cloudy,Siding,Work train,6,12800,12800,25600,M101,44.788455999999996,-95.339411999999996
NS,156637,2024-05-08,10:10 AM,Derailment,0,DURHAM,NC,77.0,2,Day,Cloudy,Industry,Light loco(s),6,12400,0,12400,M101,35.982604000000002,-78.885846000000001
KCT,UP220528,2022-05-28,12:16 AM,Obstruction,0,KANSAS CITY,MO,65.0,4,Dark,Clear,Main,,0,0,5000,869635,H499,39.094349999999999,-94.539280000000005
CSX,000140086,2015-01-15,8:00 PM,Derailment,0,WILMINGTON,NC,42.0,4,Dark,Cloudy,Yard,Yard/switching,4,65488,602,66090,T221,34.275185999999998,-78.047044999999997
CSX,000212881,2023-08-11,1:51 AM,Other impacts,0,CURTIS BAY,MD,75.0,4,Dark,Clear,Yard,Yard/switching,4,10412,0,13784,H018,39.218815999999997,-76.584114999999997
UP,0518NP010,2018-05-07,2:09 AM,Other impacts,0,NORTH PLATTE,NE,50.0,4,Dark,Cloudy,Yard,Yard/switching,4,3609,9367,12976,M411,41.145685999999998,-100.807486
MBTA,2024057,2024-04-17,3:42 PM,Hwy-rail crossing,0,BEVERLY,MA,48.0,2,Day,Clear,Main,Passenger Train - Pushing,45,31487,0,31487,M302,42.559576,-70.824783999999994
UP,0523HL031,2023-05-25,11:34 AM,Derailment,0,KANSAS CITY,KS,74.0,2,Day,Clear,Yard,Cut of cars,0,23589,0,100760,M203,39.097462999999998,-94.665904999999995
BNSF,TC1020105,2020-10-15,3:49 PM,Derailment,0,HIBBING,MN,35.0,2,Day,Snow,Industry,Freight Train,1,500,17106,17606,H607,47.478892000000002,-92.971367000000001
NS,129977,2018-06-26,6:20 PM,Other impacts,0,SPENCER,NC,79.0,3,Dusk,Clear,Yard,Cut of cars,0,2500,0,10779,M411,35.734074,-80.339009000000004
BNSF,MT1017101,2017-10-13,5:00 PM,Side collision,0,WILLISTON,ND,46.0,3,Dusk,Cloudy,Main,Freight Train,47,1248983,982030,2531542,H021,48.150047999999998,-103.576409
NS,154097,2023-09-02,12:15 AM,Other impacts,0,GREENSBORO,NC,68.0,4,Dark,Clear,Main,Freight Train,10,70000,0,114843,H318,36.035021,-79.780209999999997
BNSF,PR0518106,2018-05-09,5:35 AM,Derailment,0,ALLIANCE,NE,45.0,1,Dawn,Clear,Yard,Yard/switching,3,16259,0,16259,H307,42.078029999999998,-102.890573
UP,0216NP004,2016-02-03,5:48 PM,Other (describe in narrative),0,NORTH PLATTE,NE,1.0,3,Dusk,Snow,Yard,Single Car,0,15772,0,15772,M411,41.144880000000001,-100.80475199999999
NJTR,201508495,2015-07-16,10:20 AM,Other (describe in narrative),0,WEEHAWKEN,NJ,80.0,2,Day,Clear,Main,Commuter Train - Pulling,45,11000,0,11000,E78L,40.771070000000002,-74.054045000000002
LSI,64786,2015-07-18,1:35 PM,Derailment,0,MARQUETTE,MI,75.0,2,Day,Clear,Yard,Freight Train,8,65028,62869,127897,M507,46.582689000000002,-87.403908000000001
BNSF,KS1020106,2020-10-15,3:15 PM,Derailment,0,KANSAS CITY,KS,60.0,2,Day,Clear,Yard,Freight Train,6,29888,30000,59888,H307,39.080348000000001,-94.671214000000006
CP,1000368739,2016-03-24,12:23 PM,Hwy-rail crossing,0,CALLAWAY,MN,37.0,2,Day,Clear,Main,Freight Train,40,228855,230860,459715,M302,46.977341000000003,-95.911176999999995
NS,143290,2021-10-27,7:20 PM,Derailment,0,WENTZVILLE,MO,59.0,3,Dusk,Rain,Industry,Yard/switching,9,12139,0,12139,E39C,38.812424999999998,-90.832583999999997
BNSF,TC0822204,2022-08-17,11:30 AM,Hwy-rail crossing,0,PLAINVIEW,NE,82.0,2,Day,Clear,Main,Freight Train,10,25000,0,25000,M302,42.349490000000003,-97.777900000000002
UP,0715NP020,2015-07-28,9:30 AM,Derailment,0,SIDNEY,NE,78.0,2,Day,Clear,Yard,Yard/switching,5,8834,225,24219,H021,41.145938000000001,-102.99099099999999
BNSF,MT1022102,2022-10-07,2:15 AM,Derailment,0,MINOT,ND,25.0,4,Dark,Clear,Yard,Yard/switching,8,6399,9083,15482,H307,48.233086999999998,-101.30417799999999
TRRA,23040OR,2023-08-15,9:18 PM,Derailment,0,VENICE,IL,72.0,4,Dark,Clear,Yard,Freight Train,2,124500,17033,141533,M405,38.674213000000002,-90.161507
BNSF,MT0123103,2023-01-07,2:30 AM,Derailment,0,HAVRE,MT,5.0,4,Dark,Clear,Yard,Light loco(s),4,500,15225,15725,M404,48.554746000000002,-109.660545
BNSF,CH0923101,2023-09-04,3:45 PM,Derailment,0,CICERO,IL,88.0,2,Day,Clear,Yard,Light loco(s),5,10000,111369,121369,E51L,41.837905999999997,-87.766007000000002
UP,0417NP025,2017-04-22,12:16 PM,Other impacts,0,NORTH PLATTE,NE,75.0,2,Day,Cloudy,Yard,Yard/switching,6,10812,93048,109811,H601,41.146186,-100.834233
MNCW,74117,2021-02-10,1:00 AM,Other impacts,0,STAMFORD,CT,30.0,4,Dark,Clear,Yard,Yard/switching,2,22391,0,44782,M199,41.049261000000001,-73.053405999999995
BNSF,CH0715101,2015-07-03,12:13 PM,Derailment,0,AURORA,IL,82.0,2,Day,Clear,Yard,Yard/switching,5,10000,18500,28500,T217,41.775567000000002,-88.240808999999999
BRC,014227,2019-02-02,6:00 AM,Derailment,0,BEDFORD PARK,IL,20.0,4,Dark,Clear,Yard,Freight Train,3,10839,12300,23139,H310,41.767266999999997,-87.784988999999996
NECR,NEC347220A,2020-01-16,5:48 PM,Obstruction,0,CLAREMONT,NH,29.0,3,Dusk,Snow,Main,,0,0,0,11688,E79L,43.370403000000003,-72.377791999999999
CSX,000213130,2023-08-27,3:42 AM,Other impacts,0,ROCKY MOUNT,NC,75.0,4,Dark,Clear,Yard,Cut of cars,0,33307,0,92487,H306,35.917687000000001,-77.805566999999996
IC,1010946,2019-08-29,3:00 AM,Side collision,0,ST GABRIEL,LA,80.0,4,Dark,Rain,Yard,Single Car,0,16000,0,16600,H301,30.175868999999999,-90.986412999999999
UP,0516CB006,2016-05-17,6:40 PM,Derailment,0,OMAHA,NE,68.0,2,Day,Clear,Main,Freight Train,14,150468,101400,251868,M405,41.249760000000002,-95.921170000000004
ATK,136438,2015-02-10,11:45 AM,Other (describe in narrative),0,BALTIMORE,MD,25.0,2,Day,Clear,Main,Passenger Train - Pulling,110,356,11000,11356,E78L,39.307599000000003,-76.615488999999997
UP,1218MA076,2018-12-27,12:30 PM,Derailment,0,STE GENEVIEVE,MO,47.0,2,Day,Rain,Industry,Yard/switching,5,30535,100,30635,M504,37.969932,-90.076063000000005
IC,1097172,2022-03-14,4:45 AM,Derailment,0,JACKSON,MS,53.0,4,Dark,Cloudy,Yard,Freight Train,4,6721,40528,47249,H503,32.312241999999998,-90.188576999999995
UP,0719GP026,2019-07-23,3:30 AM,Other impacts,0,NORTH PLATTE,NE,58.0,4,Dark,Clear,Yard,Freight Train,0,14063,0,14577,H602,41.143751000000002,-100.79547599999999
UP,0321GP006,2021-03-05,11:00 AM,Other impacts,0,NORTH PLATTE,NE,52.0,2,Day,Clear,Yard,Cut of cars,1,106590,0,114882,M407,41.143700000000003,-100.795497
MRL,2019118,2019-10-16,3:50 AM,Derailment,0,HELENA,MT,35.0,4,Dark,Clear,Yard,Freight Train,8,200000,23500,223500,H306,46.599682000000001,-112.006761
PSBX,15060501,2015-06-05,7:00 AM,Other (describe in narrative),0,SHREVEPORT,LA,90.0,1,Dawn,Clear,Industry,Cut of cars,0,7495,0,364389,M103,32.360608999999997,-93.628973000000002
NS,129977,2018-06-26,6:20 PM,Other impacts,0,SPENCER,NC,79.0,3,Dusk,Clear,Yard,Single Car,2,3500,4779,10779,M411,35.734074,-80.339009000000004
UP,0320GL002,2020-03-05,12:00 PM,Fire/violent rupture,0,FREMONT,NE,51.0,2,Day,Clear,Main,Freight Train,0,326281,0,326281,E79L,41.427773999999999,-96.451960999999997
BNSF,TC1116116,2016-11-28,8:53 PM,Derailment,0,MINNEAPOLIS,MN,35.0,4,Dark,Cloudy,Yard,Yard/switching,10,9411,4500,13911,S007,45.032474999999998,-93.270629999999997
KCS,20041401,2020-04-14,8:10 AM,Derailment,0,JACKSON,MS,54.0,2,Day,Clear,Main,,0,0,3635,16543,E71L,32.300265000000003,-90.191305999999997
NS,114278,2015-02-09,4:10 PM,Side collision,0,HALFWAY,MD,33.0,3,Dusk,Cloudy,Yard,Freight Train,0,2,372,147374,H210,39.625402000000001,-77.736338000000003
CSX,000175342,2018-03-21,2:30 AM,Other impacts,0,INDIANAPOLIS,IN,30.0,4,Dark,Clear,Yard,Single Car,3,41000,0,97620,H318,39.759791,-86.327526000000006
NS,127161,2017-10-25,5:30 AM,Derailment,0,NEW HAVEN,IN,40.0,1,Dawn,Clear,Yard,Yard/switching,5,8572,6904,15476,H306,41.074134999999998,-85.038843999999997
UP,1020HL012,2020-10-18,7:30 PM,Derailment,0,NEBRASKA CITY,NE,41.0,3,Dusk,Rain,Industry,Freight Train,6,22682,40000,62682,E85C,40.652151000000003,-95.814989999999995
UP,0922GP007,2022-09-07,6:10 AM,Derailment,0,SIDNEY,NE,66.0,1,Dawn,Clear,Yard,Freight Train,7,9445,88768,98213,H307,41.146222999999999,-102.972795
CRSH,121031,2016-06-28,1:45 AM,Raking collision,0,CAMDEN,NJ,72.0,4,Dark,Rain,Yard,Yard/switching,4,9795,0,20454,H318,39.951360999999999,-75.090918000000002
CSX,000142731,2015-03-09,12:19 PM,Hwy-rail crossing,0,HALIFAX,NC,64.0,2,Day,Clear,Main,,0,0,30713,2044084,M303,36.330764000000002,-77.594120000000004
CSX,000182736,2019-05-01,3:03 PM,Hwy-rail crossing,0,CRAWFORDSVILLE,IN,70.0,2,Day,Rain,Main,Maint./inspect Car,33,15000,0,15000,M399,40.011175000000001,-86.828396999999995
IHB,2618,2020-07-23,7:00 AM,Derailment,0,EAST CHICAGO,IN,74.0,1,Dawn,Clear,Yard,,0,0,16040,16040,H602,41.650641999999998,-87.437414000000004
RTDC,16865,2016-07-25,10:43 PM,Derailment,0,DENVER,CO,57.0,4,Dark,Clear,Yard,EMU,14,25841,1000,26841,H607,39.789985000000001,-104.995987
BNSF,HL1221103,2021-12-05,9:15 PM,Derailment,0,LINCOLN,NE,30.0,4,Dark,Clear,Yard,Freight Train,10,13900,4500,18400,H504,40.808096999999997,-96.727824999999996
UP,0817DV010,2017-08-07,10:53 AM,Derailment,0,SHARON SPRINGS,KS,72.0,2,Day,Cloudy,Siding,Freight Train,8,19158,432,19590,H702,38.894536000000002,-101.718439
MRL,2021062,2021-07-26,9:18 AM,Other impacts,0,BILLINGS,MT,83.0,2,Day,Clear,Yard,Single Car,4,16000,0,17000,H302,45.807411999999999,-108.44089
CSX,000202443,2022-01-14,9:40 PM,Derailment,0,NEWARK,NJ,28.0,4,Dark,Clear,Yard,Freight Train,3,5150,0,14578,H704,40.686534999999999,-74.162575000000004
NJTR,201509544,2015-09-04,5:50 AM,Derailment,0,HARRISON,NJ,72.0,1,Dawn,Clear,Yard,Yard/switching,10,13400,0,13400,H704,40.742072999999998,-74.139212999999998
NS,156014,2024-03-12,3:15 AM,Other impacts,0,CHARLOTTE,NC,48.0,4,Dark,Clear,Yard,Yard/switching,4,18541,5283,23824,H318,35.228064000000003,-80.852619000000004
MCRL,MC240423A,2024-04-23,5:53 PM,Other (describe in narrative),0,NEW BEDFORD,MA,50.0,2,Day,Clear,Main,Freight Train,10,2525,37693,40218,M599,41.679710999999998,-70.940406999999993
BNSF,HL1016103,2016-10-07,4:20 AM,Derailment,0,SPRINGFIELD,MO,63.0,1,Dawn,Cloudy,Yard,Freight Train,10,29792,200,29992,H704,37.229557999999997,-93.305372000000006
NS,151090,2022-10-08,12:00 AM,Other impacts,0,MEXICO,MO,54.0,4,Dark,Clear,Yard,Single Car,20,7959,0,35188,H017,39.169426999999999,-91.882444000000007
UP,0324GP004,2024-03-03,8:00 PM,Other impacts,0,NORTH PLATTE,NE,40.0,4,Dark,Clear,Yard,Freight Train,10,66571,0,71681,H306,41.149209999999997,-100.852411
IHB,2264,2016-11-17,6:40 PM,Other impacts,0,GARY,IN,60.0,4,Dark,Clear,Industry,Yard/switching,4,63000,0,63000,H021,41.602136999999999,-87.439913000000004
UP,0122GC043,2022-01-01,4:30 AM,Other impacts,0,LOTTIE,LA,74.0,1,Dawn,Cloudy,Yard,Single Car,5,23257,0,23601,S016,30.523087,-91.552890000000005
CSX,000203148,2022-02-17,11:40 AM,Derailment,0,NEWARK,NJ,47.0,2,Day,Cloudy,Yard,Freight Train,3,6582,0,16478,H702,40.704566,-74.129962000000006
IAIS,2020009,2020-03-20,3:13 AM,Obstruction,0,PERU,IL,45.0,4,Dark,Cloudy,Main,Freight Train,22,30486,0,30486,M402,41.325121000000003,-89.121277000000006
IC,851394,2015-05-27,4:30 AM,Side collision,0,BATON ROUGE,LA,81.0,4,Dark,Cloudy,Yard,Freight Train,5,11149,25,115473,H307,30.469646999999998,-91.189296999999996
ATK,166782,2021-04-05,6:40 AM,Hwy-rail crossing,0,HUDSONVILLE,MI,53.0,1,Dawn,Cloudy,Main,Passenger Train - Pulling,61,80799,0,80799,M308,42.841031000000001,-85.934905999999998
CSX,000219046,2024-07-02,4:15 PM,Other impacts,0,MATTAWAMKEAG,ME,81.0,3,Dusk,Clear,Yard,Cut of cars,3,23188,2955,28643,H018,45.508938999999998,-68.356683000000004
BNSF,MT0324109,2024-03-30,11:46 PM,Obstruction,0,TIOGA,ND,24.0,4,Dark,Clear,Main,,0,0,0,13166,M402,48.391714999999998,-103.047709
UP,0419GP050,2019-04-27,10:26 PM,Fire/violent rupture,0,SUTHERLAND,NE,51.0,4,Dark,Clear,Main,Freight Train,40,326281,0,326281,E73L,41.173181,-101.205524
NSSR,2401,2024-08-21,10:00 PM,Derailment,0,DULUTH,MN,77.0,4,Dark,Clear,Yard,Passenger Train - Pushing,6,54000,0,54000,M503,46.778053,-92.107133000000005
CSX,000180519,2018-12-30,10:27 AM,Derailment,2,MARION,NC,52.0,2,Day,Clear,Main,Freight Train,22,40931,2037,42968,M199,35.857598000000003,-82.005268999999998
UP,0315KC002,2015-03-05,1:43 AM,Derailment,0,KANSAS CITY,KS,9.0,4,Dark,Clear,Yard,Yard/switching,3,3886,54087,57973,S103,39.092661999999997,-94.653587999999999
NS,130922,2018-09-12,3:00 PM,Obstruction,0,MILAN,MI,58.0,2,Day,Cloudy,Main,Spec. MoW Equip.,16,39342,0,39342,H997,42.079872999999999,-83.681004999999999
ATK,159188,2019-05-24,10:25 AM,Hwy-rail crossing,0,TINSLEY,MS,86.0,2,Day,Clear,Main,Passenger Train - Pulling,51,250000,0,250000,M302,32.718598,-90.438266999999996
KCS,20051702,2020-05-17,12:30 AM,Other impacts,0,ARTESIA,MS,72.0,4,Dark,Cloudy,Yard,Cut of cars,2,20722,0,22270,H020,33.414150999999997,-88.643028000000001
KO,211215004,2021-12-15,3:30 PM,Derailment,0,ALAMOTA,KS,40.0,2,Day,Clear,Main,Freight Train,0,50759,337199,387958,M406,38.462479999999999,-100.34885800000001
UP,0520GC024,2020-05-27,10:50 PM,Other impacts,0,LAKE CHARLES,LA,66.0,4,Dark,Cloudy,Yard,Single Car,0,157,0,23207,M599,30.238434000000002,-93.193701000000004
UP,0620GP028,2020-06-28,6:34 PM,Other impacts,0,NORTH PLATTE,NE,93.0,3,Dusk,Clear,Yard,Single Car,0,10874,0,45863,S007,41.146602000000001,-100.833957
UP,0816NP025,2016-08-27,3:01 AM,Derailment,0,NORTH PLATTE,NE,78.0,4,Dark,Fog,Yard,Yard/switching,2,3233,0,84939,S016,41.153979999999997,-100.829009
UP,1019GP007,2019-10-13,8:22 AM,Derailment,0,NORTH PLATTE,NE,22.0,2,Day,Clear,Yard,Yard/switching,4,1440,22284,23724,M404,41.145842999999999,-100.794809
BNSF,MT0224112,2024-02-26,6:00 PM,Derailment,0,GLENDIVE,MT,7.0,3,Dusk,Cloudy,Yard,Cut of cars,9,44764,0,44764,M105,47.104204000000003,-104.848952
IC,1103110,2022-05-19,8:00 AM,Other (describe in narrative),0,BATON ROUGE,LA,77.0,2,Day,Clear,Yard,Yard/switching,9,28000,0,28000,H318,30.609476000000001,-91.164551000000003
NS,116292,2015-06-29,9:40 AM,Derailment,0,MERIDIAN,MS,90.0,2,Day,Clear,Yard,Yard/switching,5,14000,6308,30308,H306,32.359957999999999,-88.709614000000002
UP,1120GP003,2020-11-04,11:15 PM,Other impacts,0,NORTH PLATTE,NE,48.0,4,Dark,Clear,Yard,Yard/switching,5,11529,0,11629,M411,41.152005000000003,-100.82447000000001
UP,0817KC026,2017-08-21,9:00 AM,Derailment,0,KANSAS CITY,KS,76.0,2,Day,Cloudy,Yard,Yard/switching,7,87716,85047,172763,H019,39.092247,-94.646148999999994
UP,0621GP003,2021-06-02,3:27 PM,Derailment,0,NORTH PLATTE,NE,79.0,2,Day,Clear,Yard,Yard/switching,4,46827,11751,58578,M204,41.147238000000002,-100.82876400000001
UP,1119GP023,2019-11-18,6:45 AM,Derailment,0,NORTH PLATTE,NE,37.0,1,Dawn,Cloudy,Yard,Yard/switching,7,7022,10396,17418,H506,41.150311000000002,-100.80976699999999
NS,131993,2018-12-09,8:00 PM,Hwy-rail crossing,0,PURVIS,MS,40.0,4,Dark,Clear,Main,Freight Train,44,11679,9278,20957,M308,31.207039000000002,-89.386778000000007
UP,0823GP003,2023-08-02,12:45 PM,Other impacts,0,NORTH PLATTE,NE,83.0,2,Day,Clear,Yard,Single Car,5,56431,264,56695,M411,41.147607999999998,-100.833736
BNSF,MT0420102,2020-04-06,9:12 PM,Derailment,0,MINOT,ND,45.0,4,Dark,Clear,Yard,Freight Train,9,24618,107283,131901,E46C,48.238086000000003,-101.15803699999999
BNSF,HL0422107,2022-04-12,1:28 PM,Derailment,0,LIBERAL,MO,74.0,2,Day,Clear,Main,Freight Train,37,5262,62000,67262,E33C,37.517429999999997,-94.450429999999997
UP,0524GP019,2024-05-18,3:31 PM,Obstruction,0,LODGEPOLE,NE,70.0,2,Day,Clear,Main,Freight Train,60,0,17360,17360,M404,41.145445000000002,-102.62921799999999
UP,0519GP010,2019-05-12,1:45 AM,Derailment,0,NORTH PLATTE,NE,35.0,4,Dark,Clear,Yard,Yard/switching,4,37435,150251,187686,H702,41.150669999999998,-100.81445100000001
ATK,162074,2019-11-23,11:54 PM,Hwy-rail crossing,0,WAYNE,MI,32.0,4,Dark,Clear,Main,Passenger Train - Pulling,65,10000,14932,24932,M308,42.281951999999997,-83.363183000000006
BNSF,TC0716101,2016-07-04,11:40 PM,Other impacts,0,FRIDLEY,MN,70.0,4,Dark,Clear,Yard,Yard/switching,3,1000,17000,18000,M201,45.037604000000002,-93.273437000000001
NS,136192,2019-11-12,2:30 AM,Derailment,0,BROOKLYN,IL,12.0,4,Dark,Snow,Main,Freight Train,5,1732,0,24732,E64C,38.657783000000002,-90.160589000000002
GRW,17,2019-12-17,7:30 AM,Hwy-rail crossing,0,GARY,IN,35.0,2,Day,Clear,Industry,Yard/switching,9,32540,0,32540,M302,41.61139,-87.351079999999996
MRL,2021053,2021-06-27,9:09 PM,Hwy-rail crossing,0,SPRINGDALE,MT,85.0,3,Dusk,Clear,Main,Freight Train,56,30000,1000,31000,M308,45.701148000000003,-110.26199099999999
BNSF,KS1222102,2022-12-02,1:40 AM,Side collision,0,KANSAS CITY,KS,45.0,4,Dark,Clear,Yard,Light loco(s),3,6200,0,16217,E39C,39.087248000000002,-94.697809000000007
UP,1115NP019,2015-11-28,8:20 AM,Derailment,0,NORTH PLATTE,NE,27.0,2,Day,Cloudy,Yard,Cut of cars,0,10210,600,24703,S007,41.145262000000002,-100.835807
IC,1039642,2020-06-25,12:06 AM,Derailment,0,WALKER,LA,75.0,4,Dark,Clear,Main,Freight Train,30,1894096,518587,2412683,M402,30.495377999999999,-90.865126000000004
UP,0916TC001,2016-09-01,9:50 PM,Other impacts,0,ST PAUL,MN,60.0,4,Dark,Clear,Yard,Light loco(s),0,7932,0,130046,E49C,44.938588000000003,-93.049276000000006
CSX,000178250,2018-08-16,6:28 PM,Derailment,0,LOUISVILLE,KY,75.0,3,Dusk,Clear,Yard,Cut of cars,0,39737,0,407192,S006,38.160708999999997,-85.749173999999996
BNSF,MT0218109,2018-02-04,9:20 AM,Other (describe in narrative),0,BROWNING,MT,19.0,2,Day,Snow,Main,Spec. MoW Equip.,5,38000,0,38000,M101,48.420375,-113.226158
BNSF,MT0223109,2023-02-28,10:53 PM,Obstruction,0,MANDAN,ND,20.0,4,Dark,Snow,Main,Freight Train,50,0,12000,12000,M404,46.825218,-100.93775100000001
ATK,136580,2015-03-09,12:19 PM,Hwy-rail crossing,0,HALIFAX,NC,64.0,2,Day,Clear,Main,Passenger Train - Pulling,70,2013371,0,2044084,M303,36.330770000000001,-77.594127
UP,1017KC006,2017-10-04,11:56 PM,Other impacts,0,KANSAS CITY,MO,65.0,4,Dark,Clear,Yard,Single Car,0,64,0,18719,M411,39.122248999999996,-94.507192000000003
UP,0621GP034,2021-06-26,7:55 AM,Other impacts,0,NORTH PLATTE,NE,63.0,1,Dawn,Cloudy,Yard,Single Car,0,65,0,198930,M411,41.147433999999997,-100.83377900000001
UP,0315NP003,2015-03-05,2:00 PM,Derailment,0,NORTH PLATTE,NE,48.0,2,Day,Clear,Yard,Yard/switching,4,38206,123146,161352,E39C,41.143616000000002,-100.794382
ATK,155335,2018-09-07,11:35 PM,Other (describe in narrative),0,WEEHAWKEN,NJ,60.0,4,Dark,Clear,Main,,0,0,198415,260570,E78L,40.771554999999999,-74.042015000000006