reportingrailroadcode,accidentnumber,date,time,accidenttype,hazmatreleasedcars,station,stateabbr,temperature,visibility_code,visibility,weathercondition,tracktype,equipmenttype,trainspeed,equipmentdamagecost,trackdamagecost,totaldamagecost,primaryaccidentcausecode,latitude,longitude
WC,1009109,2019-08-12,2:00 AM,Side collision,0,GARY,IN,73.0,4,Dark,Cloudy,Yard,Yard/switching,0,34440,0,40870,M407,41.629671999999999,-87.399614
CSX,000144162,2015-04-02,10:30 PM,Derailment,0,RICHMOND,KY,40.0,4,Dark,Rain,Main,Yard/switching,6,102127,0,102127,H525,37.850352000000001,-84.256836000000007
CSX,000193806,2020-11-13,1:57 AM,Hwy-rail crossing,0,BLUE ISLAND,IL,35.0,4,Dark,Clear,Main,Freight Train,6,38377,17100,55477,M308,41.646926000000001,-87.680481
IAIS,2021038,2021-09-13,2:10 PM,Derailment,0,ROCK ISLAND,IL,84.0,2,Day,Clear,Main,Freight Train,5,60000,73889,133889,E46C,41.508881000000002,-90.558122999999995
BNSF,PR0624201,2024-06-07,12:37 PM,Hwy-rail crossing,0,HAIGLER,NE,92.0,2,Day,Clear,Main,Freight Train,50,48500,18028,66528,M302,40.053983000000002,-102.015674
MBTA,2024049,2024-03-15,6:35 AM,Raking collision,0,LEOMINSTER,MA,41.0,1,Dawn,Clear,Main,Passenger Train - Pushing,59,15359,0,15359,M404,42.562165999999998,-71.757174000000006
BNSF,PR1019114,2019-10-28,1:43 AM,Derailment,0,COWLES,NE,30.0,4,Dark,Clear,Main,Freight Train,8,190248,35000,225248,H993,40.230432,-98.444985000000003
CSX,000176040,2018-04-26,2:57 AM,Derailment,0,ROCKY MOUNT,NC,53.0,4,Dark,Clear,Yard,Freight Train,9,113346,127,113473,E29C,35.886867000000002,-77.818431000000004
BNSF,MT0322101,2022-03-11,6:09 AM,Other (describe in narrative),0,BLAISDELL,ND,-13.0,1,Dawn,Clear,Siding,Cut of cars,3,0,49455,49455,H020,48.337904000000002,-102.089326
UP,0224GP040,2024-02-01,7:48 PM,Other impacts,0,NORTH PLATTE,NE,48.0,3,Dusk,Clear,Yard,Single Car,10,30419,0,30419,M407,41.150463999999999,-100.813507
IC,1014759,2019-10-05,1:45 PM,Derailment,0,BATON ROUGE,LA,90.0,2,Day,Clear,Yard,Freight Train,4,32000,0,32000,M405,30.507204999999999,-91.184072999999998
UP,0519GP037,2019-05-31,10:40 AM,Derailment,0,MITCHELL,NE,57.0,2,Day,Clear,Yard,Yard/switching,13,31730,10992,42722,E99C,41.930669000000002,-103.887235
BNSF,MT0222104,2022-02-12,10:02 PM,Other impacts,0,GREAT FALLS,MT,30.0,4,Dark,Clear,Industry,Yard/switching,5,17310,0,40933,H307,47.521504,-111.29747500000001
BNSF,PR0715119,2015-07-29,8:10 PM,Other impacts,0,ALLIANCE,NE,74.0,3,Dusk,Clear,Yard,Light loco(s),0,30000,0,40000,H307,42.084985000000003,-102.886903
UP,0120ME015,2020-01-20,6:15 AM,Other impacts,0,NORTH PLATTE,NE,10.0,1,Dawn,Clear,Yard,Light loco(s),5,0,0,19217,H017,41.151449999999997,-100.812906
UP,0821GL026,2021-08-25,5:08 PM,Side collision,0,ST PAUL,MN,84.0,2,Day,Clear,Main,Freight Train,0,2381,0,648137,H221,44.949688999999999,-93.072719000000006
BNSF,HL0824205,2024-08-20,3:41 PM,Hwy-rail crossing,0,HAYTI,MO,82.0,2,Day,Clear,Main,Freight Train,43,13000,0,13000,M302,36.227964999999998,-89.754463999999999
BNSF,MT1119103,2019-11-14,8:50 PM,Derailment,0,BROADVIEW,MT,38.0,3,Dusk,Clear,Siding,Freight Train,10,120000,4000,126000,H504,46.054552000000001,-108.846495
KCS,20042002,2020-04-20,2:35 PM,Obstruction,0,VICKSBURG,MS,65.0,2,Day,Clear,Main,Freight Train,32,203513,97352,300865,M101,32.344237,-90.862973999999994
RRVW,032019,2019-03-20,10:00 PM,Derailment,0,GWINNER,ND,25.0,4,Dark,Clear,Industry,Work train,8,14000,3319,17319,M101,46.226381000000003,-97.670433000000003
BNSF,TC0821112,2021-08-25,5:08 PM,Side collision,0,ST PAUL,MN,82.0,3,Dusk,Clear,Main,Freight Train,0,67110,303000,648137,H221,44.949688999999999,-93.072719000000006
UP,0617KC019,2017-06-18,2:30 AM,Derailment,0,KANSAS CITY,MO,85.0,4,Dark,Clear,Yard,Single Car,0,18034,0,93963,H307,39.123536000000001,-94.518338999999997
NS,127016,2017-10-14,4:00 PM,Hwy-rail crossing,0,GROVER,NC,83.0,3,Dusk,Clear,Main,Freight Train,45,189,13069,13258,M303,35.172041,-81.444502999999997
MNA,665018D,2018-05-16,11:00 AM,Derailment,0,CARTHAGE,MO,80.0,2,Day,Clear,Yard,Commuter Train - Pushing,3,40000,3200,43200,M405,37.177379000000002,-94.286225000000002
UP,0815SL003,2015-08-05,9:45 AM,Derailment,0,SALEM,IL,68.0,2,Day,Clear,Yard,Freight Train,6,17656,7016,24672,T220,38.660243000000001,-88.907641999999996
BNSF,MT1219104,2019-12-15,2:00 AM,Derailment,0,HAVRE,MT,10.0,4,Dark,Clear,Main,Freight Train,10,20931,2000,22931,H702,48.555587000000003,-109.687544
IHB,2681,2021-05-24,11:45 PM,Derailment,0,RIVERDALE,IL,73.0,4,Dark,Clear,Yard,Yard/switching,4,21241,6884,28125,H702,41.639302000000001,-87.658822999999998
BNSF,HL0622103,2022-06-06,1:09 PM,Derailment,0,LINCOLN,NE,80.0,2,Day,Clear,Yard,Freight Train,10,61200,9500,70700,H607,40.806452,-96.741366999999997
PATH,I100416,2016-10-04,8:00 PM,Other (describe in narrative),0,JERSEY CITY,NJ,74.0,4,Dark,Clear,Main,Work train,10,5280,288040,293320,M208,40.728569999999998,-74.077641999999997
ATK,161094,2019-09-15,6:11 PM,Other (describe in narrative),0,PRINCETON JUNCTION,NJ,70.0,4,Dark,Clear,Main,Passenger Train - Pulling,110,31200,4801,36001,E78L,40.323293999999997,-74.621156999999997
CRSH,117534,2015-09-25,3:50 AM,Raking collision,0,CAMDEN,NJ,58.0,4,Dark,Clear,Yard,Yard/switching,7,20698,0,37713,H702,39.952292,-75.091324
UP,0222GL010,2022-02-12,8:35 PM,Derailment,0,GRAND ISLAND,NE,34.0,4,Dark,Cloudy,Yard,Freight Train,1,41450,197925,239375,H306,40.937510000000003,-98.312520000000006
CSX,000211477,2023-05-25,3:16 PM,Other impacts,0,SOUTH SHORE,KY,72.0,2,Day,Clear,Main,Freight Train,30,120823,0,1697972,H993,38.727930000000001,-82.881206000000006
BNSF,NE0515101,2015-05-07,11:00 AM,Derailment,0,LINCOLN,NE,70.0,2,Day,Clear,Main,Freight Train,19,265750,831702,1097452,M103,40.767674,-96.804766000000001
UP,0216CB017,2016-02-24,12:30 AM,Derailment,0,FREMONT,NE,35.0,4,Dark,Clear,Yard,Yard/switching,7,34495,41742,76237,M506,41.428466,-96.494456999999997
UP,1218MA005,2018-12-03,9:30 PM,Derailment,0,ST LOUIS,MO,30.0,4,Dark,Sleet,Yard,Yard/switching,4,13218,18402,31620,H702,38.612161,-90.190685000000002
KCS,22030501,2022-03-05,3:07 PM,Other impacts,0,KANSAS CITY,MO,60.0,2,Day,Cloudy,Yard,Yard/switching,4,100767,413,101327,M105,39.129821,-94.529459000000003
BNSF,MT0116100,2016-01-07,4:50 AM,Derailment,0,EPPING,ND,19.0,1,Dawn,Fog,Industry,Freight Train,7,56000,15000,71000,H702,48.285266999999997,-103.314284
BNSF,PR0715120,2015-07-30,9:35 AM,Derailment,0,ALLIANCE,NE,68.0,2,Day,Clear,Yard,Yard/switching,8,15328,0,15328,H318,42.081465000000001,-102.88840399999999
CSX,000151198,2015-08-23,5:34 AM,Other impacts,0,HAMLET,NC,75.0,1,Dawn,Clear,Yard,Cut of cars,10,13918,0,13918,E0HC,34.914630000000002,-79.670657000000006
IC,994355,2019-04-11,12:18 PM,Hwy-rail crossing,0,WESSON,MS,81.0,2,Day,Clear,Main,,0,0,250,18517,M308,31.41056,-90.235200000000006
UP,1015LV007,2015-10-10,6:50 PM,Side collision,0,AMA,LA,66.0,4,Dark,Clear,Yard,Cut of cars,0,3396,0,15663,H306,29.933886999999999,-90.307682
UP,1116TC003,2016-11-08,1:25 AM,Obstruction,0,STILLWATER,MN,44.0,4,Dark,Cloudy,Main,Freight Train,18,124197,5980,130177,M404,44.991107,-92.777410000000003
HESR,HES990419R,2019-03-18,10:50 PM,Derailment,0,AKRON,MI,32.0,4,Dark,Clear,Industry,Freight Train,7,23000,5000,28000,H303,43.572705999999997,-83.510019
BNSO,SO0522201,2022-05-11,8:16 AM,Hwy-rail crossing,0,CLARENDON HILLS,IL,82.0,1,Dawn,Clear,Main,Passenger Train - Pushing,61,150000,0,250000,M302,41.797006000000003,-87.954673999999997
NS,146273,2022-08-23,4:15 PM,Side collision,0,DECATUR,IL,82.0,3,Dusk,Clear,Yard,Single Car,0,2000,0,87000,H318,39.858406000000002,-88.898383999999993
DMVW,DE920CRO,2017-09-20,5:20 PM,Derailment,0,CROSBY,ND,61.0,2,Day,Clear,Main,Freight Train,9,27036,14000,41036,T221,48.912478,-103.300955
CSX,000190634,2020-06-03,12:35 PM,Hwy-rail crossing,0,COLUMBUS,IN,84.0,2,Day,Cloudy,Main,Freight Train,46,1271,0,56271,M302,39.253208999999998,-85.940432999999999
BNSF,TC0623202,2023-06-02,11:58 AM,Hwy-rail crossing,0,CASSELTON,ND,75.0,2,Day,Clear,Main,Freight Train,40,1000,34000,35000,M302,46.903106999999999,-97.263311000000002
KCS,17100501,2017-10-05,5:00 PM,Other impacts,0,ARTESIA,MS,85.0,2,Day,Clear,Main,Cut of cars,1,0,0,24817,H318,33.438740000000003,-88.543639999999996
BNSF,TC0416112,2016-04-24,10:35 AM,Derailment,0,GRANDIN,ND,54.0,2,Day,Cloudy,Main,Freight Train,16,15379,221846,237225,E53C,47.236829,-97.001666
BNSF,MT0419101,2019-04-02,3:45 PM,Obstruction,0,LIBBY,MT,50.0,2,Day,Clear,Main,Maint./inspect Car,0,50000,0,770012,H317,48.364142999999999,-114.996205
UP,0322GP001,2022-03-01,10:30 AM,Derailment,0,NORTH PLATTE,NE,51.0,2,Day,Clear,Yard,Freight Train,0,3068,0,220024,H506,41.153053999999997,-100.85136
NS,145188,2022-05-05,1:35 PM,Side collision,0,NEW ORLEANS,LA,72.0,2,Day,Clear,Yard,Freight Train,5,40000,598,40598,H307,29.975954000000002,-90.044582000000005
CSX,000216257,2024-02-18,1:28 AM,Derailment,0,HAMLET,NC,35.0,4,Dark,Clear,Yard,Yard/switching,5,17211,912,18123,M405,34.925465000000003,-79.646591000000001
BNSF,PR0417111,2017-04-20,4:51 AM,Derailment,0,THEDFORD,NE,50.0,1,Dawn,Clear,Main,Freight Train,40,833391,725000,1558391,E59C,41.980359,-100.54947
UP,0624GP028,2024-06-20,3:55 PM,Other impacts,0,MITCHELL,NE,82.0,2,Day,Rain,Yard,Freight Train,0,49799,17644,220980,M102,41.931851999999999,-103.88531
UP,0324GP037,2024-03-29,11:17 PM,Other impacts,0,NORTH PLATTE,NE,41.0,4,Dark,Clear,Yard,Cut of cars,0,114413,0,228826,M407,41.147128000000002,-100.83184199999999
IC,999499,2019-05-24,10:25 AM,Hwy-rail crossing,0,TINSLEY,MS,86.0,2,Day,Clear,Main,,0,0,0,250000,M302,32.718598,-90.438266999999996
UP,0919GP023,2019-09-21,10:04 PM,Other impacts,0,NORTH PLATTE,NE,51.0,4,Dark,Clear,Yard,Yard/switching,10,26259,37350,324783,H607,41.152403,-100.83093599999999
KCS,22030501,2022-03-05,3:07 PM,Other impacts,0,KANSAS CITY,MO,60.0,2,Day,Cloudy,Yard,Cut of cars,2,147,0,101327,M105,39.129821,-94.529459000000003
CSX,000143422,2015-03-21,9:05 PM,Other impacts,0,WAYCROSS,GA,70.0,4,Dark,Cloudy,Yard,Cut of cars,5,24502,0,33019,M407,31.213524,-82.353588999999999
CSX,000178617,2018-09-06,12:52 AM,Derailment,0,LOUISVILLE,KY,79.0,4,Dark,Clear,Yard,Freight Train,1,84059,9349,93408,E35C,38.160708999999997,-85.749173999999996
BNSF,PR0718111,2018-07-27,7:36 PM,Derailment,0,MCCOOK,NE,76.0,3,Dusk,Cloudy,Yard,Freight Train,5,11000,15000,26000,H599,40.197384999999997,-100.630754
UP,0819PR014,2019-08-13,2:00 PM,Derailment,0,WEST CHICAGO,IL,84.0,2,Day,Clear,Yard,Freight Train,3,30142,50788,80930,H702,41.883054000000001,-88.243423000000007
MRL,2018116,2018-09-10,9:15 AM,Other impacts,0,REEDPOINT,MT,79.0,2,Day,Clear,Siding,Single Car,30,150000,0,150000,E08C,45.70682,-109.502323
NS,130363,2018-07-27,6:13 AM,Derailment,0,PAW CREEK,NC,72.0,1,Dawn,Clear,Yard,Light loco(s),10,12488,100,12588,H306,35.230221999999998,-80.967483999999999
MRL,2022053,2022-08-05,8:30 AM,Other impacts,0,WINSTON,MT,70.0,2,Day,Clear,Main,Spec. MoW Equip.,28,10000,0,35500,H997,46.425404999999998,-111.625862
TRRA,23029,2023-05-05,11:00 PM,Hwy-rail crossing,0,ST LOUIS,MO,68.0,4,Dark,Clear,Industry,Freight Train,10,4000,45400,49400,M308,38.707616999999999,-90.226167000000004
NCRC,OP121719,2019-12-17,4:45 PM,Raking collision,0,ALBION,NE,20.0,3,Dusk,Clear,Main,Cut of cars,5,31300,0,33020,H302,41.693378000000003,-98.003928999999999
NS,121417,2016-07-26,8:41 PM,Derailment,0,NEW HAVEN,IN,83.0,4,Dark,Cloudy,Main,Freight Train,11,33207,901,34108,H210,41.071596999999997,-85.058353999999994
UP,0919GP014,2019-09-12,12:15 AM,Other (describe in narrative),0,NORTH PLATTE,NE,65.0,4,Dark,Rain,Yard,Cut of cars,1,0,31075,31075,M105,41.154828999999999,-100.817947
UP,0722MA025,2022-07-11,10:00 PM,Derailment,0,VILLA GROVE,IL,78.0,4,Dark,Clear,Yard,Freight Train,8,64364,24837,89201,H704,39.859375,-88.162726000000006
UP,1120GP006,2020-11-02,3:30 PM,Other (describe in narrative),0,NORTH PLATTE,NE,78.0,2,Day,Clear,Yard,Cut of cars,0,34651,0,34651,M411,41.143613999999999,-100.791376
UP,0220GP025,2020-02-22,4:40 AM,Derailment,0,NORTH PLATTE,NE,18.0,1,Dawn,Clear,Yard,Yard/switching,5,33225,37122,70347,H703,41.150503999999998,-100.81349899999999
NS,156278,2024-04-06,11:00 AM,Derailment,0,WALKERTOWN,NC,61.0,2,Day,Clear,Industry,Freight Train,6,38700,0,106175,H524,36.161794,-80.177760000000006
CSX,000165107,2016-12-12,2:04 AM,Derailment,0,MANVILLE,NJ,30.0,4,Dark,Rain,Yard,Freight Train,5,20233,20240,40473,H506,40.544479000000003,-74.579651999999996
UP,0822GC021,2022-08-23,10:00 PM,Other impacts,0,LOTTIE,LA,74.0,4,Dark,Clear,Yard,Yard/switching,5,60418,0,62999,H306,30.514796,-91.545734999999993
NS,154168,2023-09-09,3:32 PM,Other impacts,0,SOUTHMONT,NC,84.0,2,Day,Clear,Yard,Cut of cars,0,9582,0,13350,H312,35.738906,-80.332949999999997
CSX,000219046,2024-07-02,4:15 PM,Other impacts,0,MATTAWAMKEAG,ME,81.0,3,Dusk,Clear,Yard,Freight Train,2,2500,0,28643,H018,45.508938999999998,-68.356683000000004
CSX,000203009,2022-02-09,7:25 PM,Other impacts,0,INDIANAPOLIS,IN,37.0,3,Dusk,Cloudy,Yard,Cut of cars,4,578,0,21798,H503,39.759798000000004,-86.327516000000003
UP,0823GP003,2023-08-02,12:45 PM,Other impacts,0,NORTH PLATTE,NE,83.0,2,Day,Clear,Yard,Single Car,5,0,0,56695,M411,41.147607999999998,-100.833736
NS,122922,2016-11-28,11:45 AM,Other (describe in narrative),0,NEW ALBANY,KY,50.0,2,Day,Rain,Yard,Yard/switching,3,0,30566,30566,H318,38.263534999999997,-85.801413999999994
UP,0515NP004,2015-05-06,5:26 PM,Derailment,0,DAVENPORT,NE,68.0,2,Day,Cloudy,Main,Freight Train,38,214494,14300,228794,M105,40.298966999999998,-97.733766000000003
UP,0119HL036,2019-01-31,3:38 PM,Derailment,0,KANSAS CITY,MO,32.0,2,Day,Clear,Yard,Yard/switching,7,8546,105586,114132,E35C,39.120350000000002,-94.529222000000004
BNSF,TC0122117,2022-01-30,7:18 AM,Other (describe in narrative),0,BROOKSTON,MN,-8.0,1,Dawn,Clear,Main,Freight Train,40,1500,20000,21500,E07C,46.866030000000002,-92.589608999999996
NICD,N1900027,2019-11-16,6:38 PM,Head on collision,0,MICHIGAN CITY,IN,35.0,4,Dark,Clear,Yard,Freight Train,8,50000,0,178000,H017,41.714633999999997,-86.871229999999997
NS,129479,2018-05-16,12:25 AM,Derailment,0,LEXINGTON,NC,69.0,4,Dark,Cloudy,Yard,Yard/switching,8,41716,49903,91619,M404,35.750635000000003,-80.318237999999994
BNSF,MT1019201,2019-10-02,2:11 PM,Hwy-rail crossing,0,BAINVILLE,MT,40.0,2,Day,Rain,Main,Freight Train,50,12452,0,12452,M302,48.143065,-104.374155
NS,114553,2015-02-26,3:05 PM,Derailment,0,BAXLEY,GA,40.0,2,Day,Cloudy,Main,Spec. MoW Equip.,10,80000,0,80000,H997,31.794225999999998,-82.398998000000006
UP,0620GP028,2020-06-28,6:34 PM,Other impacts,0,NORTH PLATTE,NE,93.0,3,Dusk,Clear,Yard,Yard/switching,17,0,150,45863,S007,41.146602000000001,-100.833957
BNSF,MT0115102,2015-01-10,9:30 PM,Derailment,0,DICKINSON,ND,7.0,4,Dark,Cloudy,Yard,Freight Train,5,27273,1700,28973,H702,46.876092999999997,-102.816002
MRL,2015019,2015-01-27,7:55 AM,Derailment,0,LIVINGSTON,MT,50.0,1,Dawn,Clear,Yard,Light loco(s),4,50000,0,50000,H303,45.667116999999998,-110.554383
CSX,000211445,2023-05-24,8:22 AM,Side collision,0,CURTIS BAY,MD,70.0,2,Day,Clear,Yard,Yard/switching,7,23807,0,36430,H306,39.241171000000001,-76.604185999999999
UP,0818LV029,2018-08-23,3:00 PM,Other (describe in narrative),0,WESTWEGO,LA,75.0,2,Day,Clear,Yard,Single Car,0,13147,0,13147,M411,29.918543,-90.189734000000001
ATK,181026,2024-07-08,5:24 PM,Derailment,0,AUGUSTA,MO,75.0,2,Day,Clear,Main,Passenger Train - Pulling,61,209622,0,209622,M404,38.532276000000003,-90.915358999999995
UP,0819MA006,2019-08-03,2:53 AM,Derailment,0,EAST ST LOUIS,IL,70.0,4,Dark,Clear,Yard,Freight Train,3,25086,0,25185,H525,38.586132999999997,-90.132147000000003
NJTR,201607370,2016-07-11,11:25 PM,Derailment,0,KEARNY,NJ,70.0,4,Dark,Clear,Yard,Yard/switching,6,367000,13818,380818,H704,40.744382999999999,-74.101939999999999
BNSF,TC0717109,2017-07-29,3:15 PM,Derailment,0,HIBBING,MN,75.0,2,Day,Clear,Industry,Freight Train,1,45403,131928,177331,M101,47.483885000000001,-92.965925999999996
NS,127094,2017-10-19,1:35 PM,Derailment,0,FORT WAYNE,IN,50.0,2,Day,Clear,Yard,Freight Train,6,267897,4000,271897,H306,41.071371999999997,-85.127609000000007
NS,156508,2024-03-14,8:21 PM,Hwy-rail crossing,0,N/A,NC,72.0,4,Dark,Clear,Main,,0,0,7983,81558,M308,35.979855000000001,-78.879214000000005
MBTA,2024048,2024-03-18,12:01 PM,Hwy-rail crossing,0,LITTLETON,MA,42.0,2,Day,Clear,Main,Passenger Train - Pushing,39,60346,0,60346,M303,42.538148999999997,-71.512282999999996
BNSF,HL0220121,2020-02-26,8:01 PM,Derailment,0,CHAFFEE,MO,45.0,3,Dusk,Clear,Yard,Freight Train,9,40863,8000,48863,H307,37.182628000000001,-89.651904999999999
CSX,000220165,2024-08-26,2:50 PM,Other impacts,0,MONROE,NC,91.0,2,Day,Clear,Yard,Single Car,3,5000,0,55257,H021,34.984836999999999,-80.548089000000004
UP,0919GC025,2019-09-13,6:43 PM,Other impacts,0,LIVONIA,LA,91.0,3,Dusk,Cloudy,Yard,Cut of cars,3,18943,0,47888,S006,30.525929000000001,-91.555276000000006
UP,0721GP026,2021-07-19,4:34 AM,Other impacts,0,NORTH PLATTE,NE,63.0,1,Dawn,Clear,Yard,Yard/switching,14,118256,4932,123188,H306,41.154204999999997,-100.844309
BNSF,TC1023102,2023-10-03,5:15 PM,Derailment,0,DULUTH,MN,65.0,3,Dusk,Clear,Yard,Yard/switching,5,2697,47832,50529,E67C,46.767080999999997,-92.118836000000002
NS,131995,2018-12-10,4:55 AM,Derailment,0,DECATUR,IL,13.0,1,Dawn,Fog,Yard,Freight Train,4,12496,816,13312,H704,39.852179,-88.918353999999994
MSE,1601DERAIL,2016-03-08,7:00 PM,Derailment,0,MOSS POINT,MS,70.0,2,Day,Clear,Siding,Yard/switching,5,12550,980,13530,H305,30.581944,-88.566665999999998
UP,0519GP017,2019-05-18,7:45 PM,Derailment,0,NORTH PLATTE,NE,62.0,3,Dusk,Cloudy,Yard,Yard/switching,10,134216,304213,438429,E29C,41.153920999999997,-100.816891
UP,0121GP021,2021-01-22,12:45 AM,Other impacts,0,NORTH PLATTE,NE,31.0,4,Dark,Cloudy,Yard,Yard/switching,2,6065,55015,93535,S007,41.147852,-100.841472
PATH,I022616,2016-02-26,4:45 PM,Derailment,0,HARRISON,NJ,34.0,2,Day,Clear,Yard,EMU,2,15750,5000,20750,H599,40.737532000000002,-74.148869000000005
BNSF,TC0823101,2023-08-04,12:01 AM,Derailment,0,PERHAM,MN,72.0,4,Dark,Clear,Main,Freight Train,13,150000,240000,390000,M599,46.654777000000003,-95.650878000000006
GSM,10172018,2018-10-17,2:05 PM,Obstruction,0,BRYSON CITY,NC,70.0,2,Day,Cloudy,Main,Spec. MoW Equip.,15,42000,0,42000,M101,35.287182999999999,-83.667640000000006
CSX,000178617,2018-09-06,12:52 AM,Derailment,0,LOUISVILLE,KY,79.0,4,Dark,Clear,Yard,Yard/switching,6,0,0,93408,E35C,38.160708999999997,-85.749173999999996
NS,136924,2020-01-24,12:05 AM,Other (describe in narrative),1,PETAL,MS,50.0,4,Dark,Clear,Industry,Freight Train,8,637022,31216,668238,H306,31.346278999999999,-89.271844000000002
BNSF,NE0116111,2016-01-16,4:49 PM,Derailment,0,WESTON,MO,31.0,3,Dusk,Cloudy,Main,Freight Train,34,2500,250250,252750,E53C,39.430667999999997,-94.931102999999993
CRSH,143400,2021-11-08,1:15 AM,Derailment,0,NEWARK,NJ,45.0,4,Dark,Clear,Yard,Yard/switching,5,5556,9010,14566,H702,40.705271000000003,-74.135569000000004
IC,851525,2015-05-28,10:11 AM,Side collision,0,JACKSON,MS,76.0,2,Day,Clear,Yard,Yard/switching,7,131689,159641,323669,H706,32.325707999999999,-90.187539999999998
NS,116272,2015-06-27,9:10 AM,Derailment,0,MONTREAT,NC,72.0,2,Day,Clear,Main,Freight Train,15,68000,8011,76011,H506,35.656953000000001,-82.254288000000003
CSX,000184564,2019-08-03,5:42 PM,Rear end collision,0,LAWRENCEVILLE,GA,86.0,3,Dusk,Clear,Main,Light loco(s),22,4871,64,14835,H607,33.957068999999997,-84.008609000000007
UP,1119GP011,2019-11-08,12:57 PM,Hwy-rail crossing,0,SHELTON,NE,48.0,2,Day,Clear,Main,Freight Train,29,12643,16400,29043,M303,40.778250999999997,-98.740903000000003
UP,1121MA040,2021-11-27,7:40 PM,Derailment,0,ST LOUIS,MO,44.0,3,Dusk,Clear,Yard,Yard/switching,3,4400,7500,11900,H702,38.612434,-90.190600000000003
ATK,135475,2014-12-05,8:01 PM,Hwy-rail crossing,0,DOVER,NH,32.0,4,Dark,Clear,Main,Passenger Train - Pulling,10,59671,0,77358,M302,43.199286000000001,-70.874803999999997
IC,939713,2017-10-22,12:15 AM,Side collision,0,JACKSON,MS,70.0,4,Dark,Cloudy,Yard,Yard/switching,4,18296,3320,37792,M502,32.31268,-90.190933999999999
CSX,000207772,2022-10-12,9:20 AM,Hwy-rail crossing,0,HAWESVILLE,KY,64.0,2,Day,Rain,Main,Maint./inspect Car,20,24310,0,24310,H993,37.926659000000001,-86.804523000000003
BNSF,TC1217105,2017-12-11,9:00 PM,Other impacts,0,MOORHEAD,MN,10.0,4,Dark,Clear,Main,Freight Train,12,52101,0,52101,H602,46.817473999999997,-96.747006999999996
ATK,146864,2017-03-27,10:38 AM,Derailment,0,CHICAGO,IL,48.0,2,Day,Rain,Main,Passenger Train - Pulling,13,50782,461768,512550,E40C,41.868783000000001,-87.637540000000001
BNSF,PR0715107,2015-07-17,8:55 PM,Side collision,0,ALLIANCE,NE,73.0,3,Dusk,Clear,Yard,Single Car,0,10162,0,12322,H607,42.067507999999997,-102.897728
CSX,000213130,2023-08-27,3:42 AM,Other impacts,0,ROCKY MOUNT,NC,75.0,4,Dark,Clear,Yard,Yard/switching,5,59180,0,92487,H306,35.917687000000001,-77.805566999999996
BNSF,MT0218116,2018-02-26,12:30 AM,Derailment,0,MINOT,ND,18.0,4,Dark,Clear,Yard,Yard/switching,7,45825,1000,46825,E34C,48.238287,-101.158092
BNSF,TC0124113,2024-01-21,5:15 PM,Derailment,0,MINNEAPOLIS,MN,17.0,3,Dusk,Clear,Yard,Yard/switching,9,82270,36390,118660,E60C,45.027264000000002,-93.268326000000002
BNSF,SF0616125,2016-06-25,9:05 PM,Derailment,0,HANNIBAL,MO,82.0,3,Dusk,Clear,Yard,Freight Train,6,25125,313732,338857,H702,39.921396000000001,-91.440019000000007
DMVW,INC102122,2022-10-21,12:00 PM,Other (describe in narrative),0,NAPOLEON,ND,48.0,2,Day,Clear,Main,Freight Train,10,0,18150,18150,M506,46.502133999999998,-99.769080000000002
CSX,000220548,2024-08-05,8:50 AM,Fire/violent rupture,0,NORTH BERWICK,ME,78.0,2,Day,Clear,Main,,0,0,0,70443,M406,43.286327,-70.753179000000003
BNSF,MT0919101,2019-09-01,8:45 AM,Side collision,0,GLENDIVE,MT,68.0,1,Dawn,Clear,Yard,Light loco(s),8,5000,2500,18697,H307,47.102860999999997,-104.713515
UP,0219GP010,2019-02-07,4:38 PM,Derailment,0,AMES,NE,7.0,2,Day,Cloudy,Main,Freight Train,49,92125,1730056,1822181,E07C,41.452511999999999,-96.636534999999995
NS,116535,2015-07-15,5:50 AM,Derailment,0,LEXINGTON,NC,85.0,1,Dawn,Clear,Yard,Yard/switching,8,16910,11149,28059,H399,35.750594999999997,-80.318287999999995
MNA,821618R,2018-10-16,1:05 PM,Derailment,0,ADRIAN,MO,60.0,2,Day,Clear,Industry,Freight Train,4,91700,38000,129700,T220,38.385980000000004,-94.353285999999997
NKCR,NKCR161377,2016-01-15,8:45 AM,Derailment,0,HOLDREGE,NE,20.0,1,Dawn,Clear,Industry,,0,0,40000,45500,H509,40.432119999999998,-99.388026999999994
UP,0217KC004,2017-02-07,4:45 PM,Derailment,0,KANSAS CITY,MO,37.0,2,Day,Clear,Yard,Yard/switching,2,25477,9575,50573,M411,39.122976000000001,-94.516456000000005
KCS,16031601,2016-03-16,5:30 PM,Fire/violent rupture,0,ABERDEEN,MS,75.0,2,Day,Clear,Main,Spec. MoW Equip.,10,48046,0,48046,E99C,33.793325000000003,-88.554257000000007
ATK,162555,2019-12-30,12:20 PM,Obstruction,0,CLAREMONT,NH,32.0,2,Day,Rain,Main,Passenger Train - Pulling,46,19945,0,19945,M404,43.314036999999999,-72.380295000000004
LIRC,0815201901,2019-08-15,7:15 AM,Hwy-rail crossing,0,JEFFERSONVILLE,IN,70.0,1,Dawn,Clear,Main,,0,0,0,11728,M302,38.330151000000001,-85.749764999999996