reportingrailroadcode,accidentnumber,date,time,accidenttype,hazmatreleasedcars,station,stateabbr,temperature,visibility_code,visibility,weathercondition,tracktype,equipmenttype,trainspeed,equipmentdamagecost,trackdamagecost,totaldamagecost,primaryaccidentcausecode,latitude,longitude
KCS,19030203,2019-03-02,10:34 PM,Derailment,0,BATON ROUGE,LA,65.0,4,Dark,Cloudy,Yard,Cut of cars,0,6779,0,15161,H307,30.468845999999999,-91.176950000000005
BNSF,TC0824104,2024-08-07,11:11 PM,Derailment,0,WILLMAR,MN,68.0,4,Dark,Clear,Yard,Freight Train,6,816528,157057,973585,H607,45.126938000000003,-95.019543999999996
IC,1139244,2023-09-24,1:50 PM,Side collision,0,GILMAN,IL,81.0,2,Day,Clear,Industry,Freight Train,5,15500,0,46343,H302,40.759534000000002,-88.021820000000005
UP,0723GP005,2023-07-07,6:06 PM,Other impacts,0,NORTH PLATTE,NE,81.0,3,Dusk,Clear,Yard,Single Car,0,100,900,20531,M411,41.151451999999999,-100.821226
SKOL,230515003,2023-05-15,7:00 PM,Derailment,0,COFFEYVILLE,KS,72.0,2,Day,Clear,Industry,,0,0,27400,28200,H599,37.03022,-95.610997999999995
IC,1015546,2019-10-11,5:30 PM,Side collision,0,BATON ROUGE,LA,70.0,2,Day,Rain,Yard,Yard/switching,3,96080,0,106680,H306,30.477346000000001,-91.187652
UP,0322GP022,2022-03-31,10:23 PM,Derailment,0,NORTH PLATTE,NE,34.0,4,Dark,Cloudy,Yard,Yard/switching,4,162378,21839,184217,H607,41.155447000000002,-100.842527
KCS,17030201,2017-03-02,12:10 AM,Other impacts,0,KANSAS CITY,MO,33.0,4,Dark,Cloudy,Yard,Yard/switching,3,5391,0,44073,H702,39.126950000000001,-94.519040000000004
NS,139586,2020-02-13,8:13 PM,Obstruction,0,SPENCER,NC,54.0,4,Dark,Cloudy,Main,,0,0,0,11116,M404,35.720101,-80.375337000000002
UP,0917KC020,2017-09-24,10:10 PM,Derailment,0,KANSAS CITY,MO,82.0,4,Dark,Clear,Yard,Freight Train,4,38615,59644,98259,T220,39.123392000000003,-94.535053000000005
MWS,M2023AUG1D,2023-08-29,8:00 AM,Side collision,0,BEDFORD PARK,IL,84.0,2,Day,Cloudy,Yard,Yard/switching,10,40000,120000,300000,H306,41.766171999999997,-87.777460000000005
BNSF,RD1117110,2017-11-15,7:05 AM,Side collision,0,LAFAYETTE,LA,68.0,1,Dawn,Clear,Yard,Yard/switching,5,28120,0,49765,H318,30.235113999999999,-92.043548999999999
UP,0717KC024,2017-07-30,11:54 AM,Derailment,0,KANSAS CITY,MO,79.0,2,Day,Clear,Main,Freight Train,8,11223,0,26293,M405,39.108606000000002,-94.501908999999998
CSX,000198461,2021-06-24,3:15 PM,Side collision,0,DEARBORN,MI,82.0,2,Day,Clear,Yard,Yard/switching,3,539,500,66312,H306,42.302762000000001,-83.149685000000005
CSX,000156546,2016-01-16,11:54 AM,Other impacts,0,AVON,IN,25.0,2,Day,Clear,Yard,Cut of cars,12,9265,0,24216,M407,39.759791,-86.327526000000006
ATK,140287,2015-12-03,6:45 AM,Hwy-rail crossing,0,ABERDEEN,NC,40.0,1,Dawn,Clear,Main,Passenger Train - Pulling,50,69706,0,70383,M308,35.096797000000002,-79.454790000000003
UP,1119GP008,2019-11-07,5:50 AM,Derailment,0,NORTH PLATTE,NE,16.0,1,Dawn,Clear,Yard,Light loco(s),5,37734,696,38430,H702,41.155127999999998,-100.852074
NS,134807,2019-07-22,1:00 PM,Hwy-rail crossing,0,MERIDIAN,MS,90.0,2,Day,Clear,Main,,0,0,0,14595,M302,32.300533000000001,-88.762823999999995
LAS,210514006,2021-05-14,12:30 AM,Derailment,0,HODGE,LA,75.0,4,Dark,Clear,Yard,Freight Train,5,16000,0,16000,E4BC,32.279147000000002,-92.727895000000004
UP,0923GL002,2023-09-03,2:50 AM,Derailment,0,ST PAUL,MN,82.0,4,Dark,Cloudy,Yard,Yard/switching,7,13827,13282,115788,H307,44.902574000000001,-93.042220999999998
NJTR,201907416,2019-07-01,11:30 PM,Other (describe in narrative),0,KEARNY,NJ,85.0,4,Dark,Clear,Yard,Yard/switching,1,12633,0,12633,E09C,40.764060999999998,-74.097159000000005
NS,134516,2019-06-28,4:45 AM,Other (describe in narrative),0,NEW ORLEANS,LA,72.0,1,Dawn,Clear,Yard,,0,0,124559,124559,H702,29.975082,-90.044849999999997
NS,132834,2019-02-13,6:15 PM,Derailment,0,CHICAGO,IL,25.0,3,Dusk,Clear,Yard,Freight Train,3,14186,39581,53767,T217,41.757609000000002,-87.668042
WC,954462,2018-04-01,6:20 AM,Derailment,0,MOUNTAIN IRON,MN,6.0,1,Dawn,Clear,Main,Freight Train,33,9905,179827,189732,M405,47.532595000000001,-92.627482999999998
BNSF,TC0717106,2017-07-12,3:30 AM,Derailment,0,FRIDLEY,MN,70.0,4,Dark,Clear,Yard,Yard/switching,7,709,13500,14209,M411,45.038245000000003,-93.272654000000003
ATK,136439,2015-02-10,11:55 AM,Other (describe in narrative),0,BALTIMORE,MD,25.0,2,Day,Clear,Main,Passenger Train - Pulling,110,21926,11000,32926,E78L,39.307599000000003,-76.615488999999997
UP,0722GP016,2022-07-25,11:25 AM,Other impacts,0,NORTH PLATTE,NE,68.0,2,Day,Cloudy,Yard,Cut of cars,1,0,0,195286,H017,41.154150000000001,-100.842738
UP,0222GP014,2022-02-16,11:45 AM,Derailment,0,NORTH PLATTE,NE,34.0,2,Day,Cloudy,Yard,Yard/switching,4,13265,79130,92395,E35C,41.148983999999999,-100.808036
UP,1022HL035,2022-10-30,1:30 PM,Other (describe in narrative),0,ST. JOSEPH,MO,60.0,2,Day,Cloudy,Yard,Yard/switching,7,0,15320,15320,H702,39.730812999999998,-94.868989999999997
KCS,15030201,2015-03-02,12:15 PM,Other impacts,0,UNION,MS,55.0,2,Day,Cloudy,Yard,Yard/switching,4,18238,0,27006,H318,32.566916999999997,-89.120555999999993
ATK,146741,2017-03-19,8:45 AM,Hwy-rail crossing,0,GREENSBORO,NC,50.0,2,Day,Clear,Main,Passenger Train - Pulling,75,13065,0,13065,M308,36.083697999999998,-79.740429000000006
BNSF,NE0716115,2016-07-25,9:30 AM,Derailment,0,AURORA,NE,81.0,2,Day,Clear,Yard,Freight Train,6,40798,4150,44948,H318,40.862323000000004,-98.006826000000004
UP,1015LV007,2015-10-10,6:50 PM,Side collision,0,AMA,LA,66.0,4,Dark,Clear,Yard,Cut of cars,0,1190,0,15663,H306,29.933886999999999,-90.307682
BNSF,MT1223103,2023-12-16,8:30 AM,Other impacts,0,GREAT FALLS,MT,43.0,1,Dawn,Clear,Yard,Yard/switching,4,73055,0,77803,H307,47.502667000000002,-111.324564
UP,1215NP013,2015-12-12,12:13 PM,Other impacts,0,NORTH PLATTE,NE,35.0,2,Day,Cloudy,Yard,Yard/switching,3,6982,3039,13652,M411,41.146422000000001,-100.8416
NS,128983,2018-03-27,5:30 AM,Derailment,0,EAST CHICAGO,IN,50.0,1,Dawn,Rain,Main,,0,0,12162,12162,E61C,41.665799999999997,-87.460649000000004
BRC,14490,2021-11-27,6:00 PM,Derailment,0,BEDFORD PARK,IL,31.0,4,Dark,Cloudy,Yard,Cut of cars,17,47204,1000,48204,H313,41.767670000000003,-87.773750000000007
UP,1216PR017,2016-12-21,12:00 PM,Other impacts,0,NORTHLAKE,IL,25.0,2,Day,Clear,Yard,Single Car,7,11041,0,11041,M411,41.903095999999998,-87.917885999999996
UP,0624GC017,2024-06-16,11:45 PM,Other impacts,0,LOTTIE,LA,76.0,4,Dark,Clear,Yard,Yard/switching,3,138065,74428,212616,H306,30.521260999999999,-91.548889000000003
UP,0915LV011,2015-09-12,4:22 PM,Fire/violent rupture,0,LIVONIA,LA,84.0,2,Day,Clear,Yard,Yard/switching,10,11733,66,11799,E71L,30.548112,-91.572400000000002
BNSF,MT0315103,2015-03-22,5:15 AM,Derailment,0,GARRISON,MT,22.0,1,Dawn,Clear,Yard,,0,0,15000,198232,H307,46.537500000000001,-112.82640000000001
UP,0515NP018,2015-05-25,3:37 PM,Derailment,0,NORTH PLATTE,NE,70.0,2,Day,Cloudy,Yard,Cut of cars,0,5368,0,93274,H503,41.145248000000002,-100.80843
CSX,000197889,2021-05-29,3:10 PM,Obstruction,0,GAITHERSBURG,MD,53.0,2,Day,Rain,Industry,Light loco(s),2,0,13586,13586,H207,39.141643000000002,-77.200592999999998
IC,1073343,2021-06-11,3:20 PM,Hwy-rail crossing,0,MCLAIN,MS,90.0,2,Day,Clear,Main,Freight Train,49,14069,0,14069,M302,31.085989999999999,-88.813340999999994
CSX,000179538,2018-10-26,11:55 PM,Side collision,0,INDIANAPOLIS,IN,44.0,4,Dark,Clear,Yard,Yard/switching,3,563600,0,581521,H399,39.759791,-86.327526000000006
KCT,UP042020,2020-04-20,12:50 PM,Obstruction,0,KANSAS CITY,MO,52.0,2,Day,Cloudy,Main,,0,0,0,30660,M404,39.088298000000002,-94.561152000000007
IC,1018725,2019-11-12,7:50 PM,Side collision,0,GEISMAR,LA,32.0,3,Dusk,Cloudy,Yard,Yard/switching,0,17500,0,35000,H307,30.195824000000002,-91.015812999999994
UP,1018KC014,2018-10-10,9:00 AM,Other impacts,0,KANSAS CITY,MO,55.0,2,Day,Clear,Yard,Single Car,3,1910,0,11518,S014,39.119889999999998,-94.534949999999995
UP,0715NP020,2015-07-28,9:30 AM,Derailment,0,SIDNEY,NE,78.0,2,Day,Clear,Yard,Single Car,0,3933,0,24219,H021,41.145938000000001,-102.99099099999999
ATW,ATW582923D,2023-10-26,2:06 PM,Derailment,0,SANFORD,NC,72.0,2,Day,Clear,Yard,Yard/switching,4,42133,0,42133,H704,35.506528000000003,-79.206280000000007
NS,137483,2020-03-14,9:30 AM,Other impacts,0,ELKHART,IN,39.0,2,Day,Cloudy,Yard,Single Car,0,1325,0,36717,H302,41.67736,-85.978494999999995
BNSF,TC0221112,2021-02-24,12:30 AM,Derailment,0,HOLLOWAY,MN,25.0,4,Dark,Clear,Industry,Freight Train,4,12000,14000,26000,T221,45.248514999999998,-95.906829000000002
WC,1090958,2021-12-23,10:10 AM,Other (describe in narrative),0,MOUNTAIN IRON,MN,20.0,2,Day,Clear,Industry,Yard/switching,2,14826,0,14826,M404,47.556916999999999,-92.616401999999994
CSX,000152192,2015-09-18,6:30 PM,Derailment,0,ATLANTA,GA,78.0,3,Dusk,Clear,Yard,Yard/switching,7,99226,10350,120910,H403,33.799641000000001,-84.439903000000001
KO,IN191229,2019-12-29,9:30 PM,Derailment,0,SALINA,KS,35.0,4,Dark,Snow,Main,Light loco(s),0,40000,0,40000,H022,38.856208000000002,-97.657049000000001
NS,130207,2018-07-15,10:45 AM,Derailment,0,SOUTHMONT,NC,89.0,2,Day,Clear,Yard,Yard/switching,4,3776,7438,11214,H312,35.736021999999998,-80.336566000000005
WC,926214,2017-06-16,7:50 AM,Derailment,0,PROCTOR,MN,65.0,2,Day,Clear,Yard,Yard/switching,5,12000,5447,17447,H506,46.762042000000001,-92.250393000000003
UP,0321GP006,2021-03-05,11:00 AM,Other impacts,0,NORTH PLATTE,NE,52.0,2,Day,Clear,Yard,Single Car,1,272,0,114882,M407,41.143700000000003,-100.795497
IC,850511,2015-02-02,1:30 PM,Other (describe in narrative),0,MANCHAC,LA,42.0,2,Day,Clear,Main,Spec. MoW Equip.,3,0,34795,34795,H999,30.250456,-90.402043000000006
NS,146184,2022-08-14,6:00 PM,Other impacts,0,LOUISVILLE,KY,82.0,3,Dusk,Cloudy,Yard,Single Car,2,11264,0,11364,H302,38.263516000000003,-85.801423
NS,139262,2020-09-25,8:51 PM,Derailment,0,FERGUSON,MO,75.0,4,Dark,Clear,Main,Freight Train,25,421074,166520,587594,H221,38.744155999999997,-90.304623000000007
NS,156217,2024-04-02,12:19 AM,Side collision,0,GREENSBORO,NC,60.0,4,Dark,Cloudy,Yard,Cut of cars,5,8000,0,20000,H702,36.060802000000002,-79.835085000000007
BNSF,MT0520201,2020-05-29,10:45 AM,Hwy-rail crossing,0,BAINVILLE,MT,63.0,2,Day,Clear,Main,,0,0,26000,126000,M302,48.140267000000001,-104.33634499999999
CRSH,136482,2019-12-12,9:38 AM,Derailment,0,DETROIT,MI,38.0,2,Day,Clear,Main,,0,0,65371,273194,E00C,42.326712999999998,-83.098052999999993
BNSF,HL1218104,2018-12-07,1:20 AM,Derailment,0,ST LOUIS,MO,27.0,4,Dark,Cloudy,Yard,Yard/switching,3,17267,3800,21067,H506,38.612468999999997,-90.303686999999996
KJRY,KJRY210830,2021-08-30,9:00 PM,Raking collision,0,KEOKUK,IA,65.0,4,Dark,Clear,Yard,Yard/switching,2,22000,0,22000,H020,40.389167999999998,-91.386050999999995
GTW,1046185,2020-08-27,12:03 PM,Derailment,0,BATTLE CREEK,MI,80.0,2,Day,Clear,Yard,Yard/switching,4,19800,20109,39909,H702,42.331612999999997,-85.145415999999997
UP,0822GC021,2022-08-23,10:00 PM,Other impacts,0,LOTTIE,LA,74.0,4,Dark,Clear,Yard,Light loco(s),2,2581,0,62999,H306,30.514796,-91.545734999999993
NS,153359,2023-06-15,4:26 AM,Hwy-rail crossing,0,LEXINGTON,NC,65.0,1,Dawn,Clear,Main,Freight Train,45,2000,13127,15127,M303,35.808669999999999,-80.269181000000003
BNSF,TC0217120,2017-02-20,1:06 PM,Other impacts,0,FRIDLEY,MN,60.0,2,Day,Rain,Yard,Yard/switching,6,18600,0,18600,M411,45.040728999999999,-93.272710000000004
NS,125133,2017-05-19,2:50 PM,Derailment,0,HUNTERSVILLE,NC,85.0,2,Day,Clear,Industry,Yard/switching,5,16350,0,16350,E08C,35.398159999999997,-80.837490000000003
CRSH,133396,2019-03-30,5:45 PM,Other impacts,0,DETROIT,MI,35.0,3,Dusk,Rain,Yard,,0,0,0,50302,H302,42.320864999999998,-83.130504000000002
BNSF,HL0920113,2020-09-28,12:35 PM,Derailment,0,AURORA,MO,70.0,2,Day,Clear,Yard,,0,0,15000,15250,H307,36.975844000000002,-93.721303000000006
BNSF,MT0224201,2024-02-09,11:30 AM,Hwy-rail crossing,0,WHITE EARTH,ND,26.0,2,Day,Clear,Main,,0,0,0,60315,M308,48.344907999999997,-102.677503
NS,130389,2018-07-28,10:00 PM,Other impacts,0,NEW ORLEANS,LA,79.0,4,Dark,Clear,Yard,Single Car,3,200,17682,17965,H312,29.989433999999999,-90.044345000000007
UP,0117LV033,2017-01-15,3:45 PM,Other impacts,0,LIVONIA,LA,68.0,2,Day,Clear,Yard,Yard/switching,4,40,600,12863,H306,30.521775999999999,-91.550718000000003
ATK,160438,2019-08-04,2:23 AM,Obstruction,0,MINDEN,NE,68.0,4,Dark,Clear,Main,Passenger Train - Pulling,79,47562,0,47562,M402,40.509976000000002,-98.925951999999995
UP,0417NP025,2017-04-22,12:16 PM,Other impacts,0,NORTH PLATTE,NE,75.0,2,Day,Cloudy,Yard,Single Car,0,5951,0,109811,H601,41.146186,-100.834233
BNSF,SF1215112,2015-12-24,6:00 PM,Derailment,0,ST LOUIS,MO,52.0,3,Dusk,Cloudy,Yard,Yard/switching,10,8862,4500,13362,H312,38.601429000000003,-90.313280000000006
ATK,181450,2024-08-05,8:50 AM,Fire/violent rupture,0,NORTH BERWICK,ME,0.0,2,Day,Clear,Main,Passenger Train - Pulling,75,70443,0,70443,M406,43.284889999999997,-70.755170000000007
UP,0516CB008,2016-05-22,12:19 AM,Hwy-rail crossing,0,BLAIR,NE,62.0,4,Dark,Clear,Main,Freight Train,39,455,25275,25730,M301,41.542695000000002,-96.155949000000007
ATK,179476,2024-04-17,5:22 PM,Obstruction,0,MIDDLE RIVER,MD,66.0,3,Dusk,Clear,Main,,0,0,0,398467,M503,39.333599999999997,-76.436260000000004
ATK,135545,2014-12-11,10:30 AM,Other (describe in narrative),0,SEABROOK,MD,33.0,2,Day,Clear,Main,Passenger Train - Pulling,115,8559,2000,10559,E78L,38.970103000000002,-76.849022000000005
BNSF,HL1219113,2019-12-26,6:30 AM,Derailment,0,KANSAS CITY,MO,37.0,1,Dawn,Cloudy,Yard,Yard/switching,5,2746,0,10914,H607,39.129125000000002,-94.525864999999996
UP,0723HL015,2023-07-18,1:06 PM,Hwy-rail crossing,0,TOPEKA,KS,77.0,2,Day,Cloudy,Main,Freight Train,32,12229,300,12529,M302,39.071066999999999,-95.704177000000001
NS,146171,2022-08-10,12:30 AM,Other impacts,0,IRONDALE,AL,82.0,4,Dark,Clear,Yard,Cut of cars,7,99252,0,118275,M407,33.548904999999998,-86.678008000000005
UP,0120ME015,2020-01-20,6:15 AM,Other impacts,0,NORTH PLATTE,NE,10.0,1,Dawn,Clear,Yard,Light loco(s),5,19217,0,19217,H017,41.151449999999997,-100.812906
UP,0122GL024,2022-01-26,1:50 PM,Other impacts,0,ST PAUL,MN,9.0,2,Day,Cloudy,Yard,Single Car,0,1532,0,38903,H312,44.935650000000003,-93.046718999999996
BNSF,MT0823201,2023-08-04,9:05 AM,Hwy-rail crossing,0,WHITE EARTH,ND,62.0,2,Day,Rain,Main,Freight Train,70,0,193405,193405,M304,48.344907999999997,-102.677503
UP,0520HL017,2020-05-28,10:58 AM,Raking collision,0,BELLAIRE,KS,67.0,2,Day,Clear,Industry,Cut of cars,1,46050,0,108981,E06C,37.779347999999999,-97.212515999999994
GDLK,D714115,2015-12-04,2:40 AM,Derailment,0,KALAMAZOO,MI,30.0,4,Dark,Clear,Yard,,0,0,41500,65500,M405,42.294296000000003,-85.564625000000007
UP,0816NP025,2016-08-27,3:01 AM,Derailment,0,NORTH PLATTE,NE,78.0,4,Dark,Fog,Yard,Yard/switching,3,75722,5984,84939,S016,41.153979999999997,-100.829009
CSX,000202483,2022-01-18,11:40 AM,Side collision,0,INDIANAPOLIS,IN,32.0,2,Day,Clear,Yard,Yard/switching,10,336647,0,927106,H306,39.759798000000004,-86.327516000000003
NS,131169,2018-10-03,6:00 PM,Derailment,0,DAYTON,IN,70.0,3,Dusk,Clear,Yard,Yard/switching,6,141885,5123,147008,E30C,40.374414999999999,-86.831992
CRSH,133087,2019-03-05,9:55 AM,Hwy-rail crossing,0,FRANKLINVILLE,NJ,34.0,2,Day,Clear,Main,Spec. MoW Equip.,10,34368,0,34368,M302,39.618220999999998,-75.082087000000001
ATK,173699,2023-02-07,9:24 AM,Hwy-rail crossing,0,PLEASANT HILL,MO,35.0,2,Day,Clear,Main,Passenger Train - Pulling,58,24279,0,24477,M302,38.817418000000004,-94.298162000000005
UP,0920HL004,2020-09-05,10:13 AM,Derailment,0,WICHITA,KS,81.0,2,Day,Clear,Yard,Freight Train,4,318,58541,58859,H503,37.723734,-97.327337
UP,0715NP002,2015-07-04,2:15 AM,Other (describe in narrative),0,NORTH PLATTE,NE,68.0,4,Dark,Clear,Yard,Light loco(s),4,55791,10768,66559,H702,41.146157000000002,-100.839652
UP,0822GP004,2022-08-08,9:13 PM,Other impacts,0,MITCHELL,NE,81.0,4,Dark,Cloudy,Yard,Single Car,0,42051,0,111631,H318,41.929723000000003,-103.856556
BNSF,PR0315121,2015-03-09,3:00 PM,Rear end collision,0,BRIDGEPORT,NE,50.0,2,Day,Clear,Main,Spec. MoW Equip.,10,5000,0,105000,H997,41.528661,-103.02378
NS,128583,2018-02-20,8:05 AM,Other impacts,0,ELKHART,IN,52.0,2,Day,Clear,Yard,Single Car,0,15932,0,31964,M411,41.67736,-85.978494999999995
CRSH,140879,2021-03-09,9:25 PM,Derailment,0,DETROIT,MI,45.0,4,Dark,Clear,Yard,Light loco(s),3,0,23000,23000,H704,42.316197000000003,-83.113799
UP,0221HL021,2021-02-19,7:51 PM,Derailment,0,TOPEKA,KS,32.0,3,Dusk,Cloudy,Main,Freight Train,12,3369,53913,57282,E60C,39.066254999999998,-95.674336999999994
NS,130660,2018-08-21,4:10 AM,Other impacts,0,CHICAGO,IL,70.0,1,Dawn,Rain,Yard,Yard/switching,3,3984,4807,84978,H306,41.820355999999997,-87.679310999999998
CSX,000214658,2023-11-22,1:45 PM,Derailment,2,LIVINGSTON,KY,50.0,2,Day,Clear,Main,Freight Train,30,801909,1238970,2040879,E53C,37.317537999999999,-84.238134000000002
BNSF,MT1017101,2017-10-13,5:00 PM,Side collision,0,WILLISTON,ND,46.0,3,Dusk,Cloudy,Main,Freight Train,5,300529,0,2531542,H021,48.150047999999998,-103.576409
BNSF,PR0715101,2015-07-02,2:15 AM,Derailment,0,ALLIANCE,NE,61.0,4,Dark,Rain,Yard,Cut of cars,5,30384,0,30384,M105,42.066963999999999,-102.898399
LIRC,0312201901,2019-03-12,10:30 AM,Hwy-rail crossing,0,AUSTIN,IN,41.0,2,Day,Clear,Main,,0,0,18000,26285,M302,38.745769000000003,-85.807993999999994
BNSF,CH0119113,2019-01-22,7:43 PM,Side collision,0,ELWOOD,IL,33.0,3,Dusk,Clear,Yard,Light loco(s),9,6000,4100,90998,H607,41.403174999999997,-88.155798000000004
BNSF,TC0124117,2024-01-28,7:45 AM,Derailment,0,FRIDLEY,MN,40.0,1,Dawn,Clear,Yard,Yard/switching,19,52034,0,52034,M407,45.036419000000002,-93.271939000000003
CSX,000140850,2015-02-02,6:15 AM,Other impacts,0,ROCKY MOUNT,NC,54.0,1,Dawn,Rain,Yard,Cut of cars,5,7101,150,14362,H018,35.931645000000003,-77.799741999999995
MRL,2020106,2020-11-05,7:50 PM,Other impacts,0,MISSOULA,MT,50.0,4,Dark,Clear,Yard,Yard/switching,3,31660,0,35760,H302,46.896413000000003,-114.032703
UP,0919GP012,2019-09-07,12:00 PM,Other (describe in narrative),0,NORTH PLATTE,NE,73.0,2,Day,Cloudy,Yard,Single Car,0,33983,0,33983,M507,41.144683999999998,-100.83349200000001
NS,142615,2021-08-21,12:24 PM,Hwy-rail crossing,0,KANSAS CITY,MO,80.0,2,Day,Clear,Yard,Freight Train,6,12053,300,12353,M302,39.185904000000001,-94.427556999999993
UP,0816TC001,2016-08-01,1:40 AM,Other impacts,0,SOUTH ST PAUL,MN,80.0,4,Dark,Clear,Yard,Light loco(s),7,1673,1292,14112,H310,44.904578000000001,-93.044218000000001
ATK,140362,2015-12-09,2:05 AM,Other impacts,0,ISELIN,NJ,34.0,4,Dark,Cloudy,Main,Maint./inspect Car,0,15000,0,15000,M599,40.533608999999998,-74.386015999999998
KCS,22072201,2022-07-22,6:20 PM,Derailment,0,KANSAS CITY,MO,96.0,2,Day,Clear,Yard,Freight Train,3,40622,8355,48977,H704,39.126258,-94.503527000000005
WC,1009109,2019-08-12,2:00 AM,Side collision,0,GARY,IN,73.0,4,Dark,Cloudy,Yard,Cut of cars,5,6430,0,40870,M407,41.629671999999999,-87.399614
ATK,178349,2024-02-09,11:29 AM,Hwy-rail crossing,0,WHITE EARTH,ND,22.0,2,Day,Cloudy,Main,Passenger Train - Pulling,79,60315,0,60315,M302,48.344906999999999,-101.76119199999999
GDLK,210226002,2021-02-26,4:30 PM,Derailment,0,SCHOOLCRAFT,MI,40.0,3,Dusk,Clear,Main,Freight Train,10,19000,0,19000,E53C,42.094011000000002,-85.632031999999995
NS,156705,2024-05-14,1:05 PM,Other impacts,0,GREENSBORO,NC,63.0,2,Day,Rain,Yard,Cut of cars,5,45987,0,139281,H310,36.060802000000002,-79.835085000000007
BLF,20244732,2024-06-01,6:47 PM,Obstruction,0,HOLLYWOOD,FL,82.0,2,Day,Clear,Main,Passenger Train - Pulling,78,18987,0,18987,M402,26.033799999999999,-80.149850999999998
UP,1015LV007,2015-10-10,6:50 PM,Side collision,0,AMA,LA,66.0,4,Dark,Clear,Yard,Freight Train,1,8791,2286,15663,H306,29.933886999999999,-90.307682
CSX,000202849,2022-02-01,12:15 PM,Obstruction,0,INDIANAPOLIS,IN,56.0,2,Day,Clear,Yard,Single Car,6,300,0,46714,M411,39.759798000000004,-86.327516000000003
KCS,15022502,2015-02-25,10:30 AM,Side collision,0,JACKSON,MS,45.0,2,Day,Rain,Yard,Light loco(s),10,12907,0,13457,H399,32.313495000000003,-90.190726999999995
IC,1014609,2019-10-03,4:45 PM,Derailment,0,FULTON,KY,52.0,2,Day,Clear,Yard,Yard/switching,4,10108,3000,13108,H020,36.503427000000002,-88.888081999999997
BNSF,TC0823116,2023-08-31,1:18 AM,Derailment,0,WILLMAR,MN,75.0,4,Dark,Clear,Yard,Freight Train,4,9500,2121,11621,H525,45.123157999999997,-95.052240999999995
ATK,158574,2019-04-21,6:55 PM,Fire/violent rupture,0,DOWAGIAC,MI,0.0,3,Dusk,Clear,Main,Passenger Train - Pulling,0,14665,0,14665,M406,41.980829999999997,-86.108890000000002
BNSF,HL0824201,2024-08-08,12:00 PM,Hwy-rail crossing,0,PHELPS CITY,MO,71.0,2,Day,Clear,Main,Single Car,20,70000,0,70000,M302,40.367230999999997,-95.586567000000002
BNSF,RD0822113,2022-08-05,9:33 AM,Other impacts,0,LACASSINE,LA,90.0,2,Day,Clear,Yard,Freight Train,6,30567,0,30567,H318,30.237727,-92.957627000000002
KCS,20043001,2020-04-30,9:00 PM,Derailment,0,MERIDIAN,MS,46.0,4,Dark,Clear,Yard,,0,0,3997,27547,H506,32.363171999999999,-88.692628999999997
BNSF,PR0315121,2015-03-09,3:00 PM,Rear end collision,0,BRIDGEPORT,NE,50.0,2,Day,Clear,Main,Spec. MoW Equip.,0,100000,0,105000,H997,41.528661,-103.02378
ATK,175848,2023-08-07,6:05 PM,Hwy-rail crossing,0,GRANITE CITY,IL,80.0,2,Day,Clear,Main,Passenger Train - Pulling,79,12661,0,12661,M308,38.751662000000003,-90.103633000000002
UP,0621GP034,2021-06-26,7:55 AM,Other impacts,0,NORTH PLATTE,NE,63.0,1,Dawn,Cloudy,Yard,Yard/switching,7,15829,183036,198930,M411,41.147433999999997,-100.83377900000001
CP,1000593182,2017-07-22,1:50 PM,Other impacts,0,ST PAUL,MN,90.0,2,Day,Clear,Yard,Yard/switching,4,1146,0,67490,E39C,44.936521999999997,-93.037756000000002
CMR,02182016,2016-02-18,10:30 AM,Derailment,0,OLIVETTE,MO,44.0,2,Day,Cloudy,Yard,Freight Train,5,68752,15100,83852,T221,38.685561999999997,-90.390051
BNSF,MT1020103,2020-10-10,8:40 PM,Derailment,0,GREAT FALLS,MT,42.0,3,Dusk,Clear,Main,Freight Train,7,12010,0,12010,M204,47.501387999999999,-111.314357
UP,0817KC002,2017-08-02,4:20 AM,Derailment,0,WICHITA,KS,72.0,4,Dark,Clear,Yard,Yard/switching,3,200355,35910,236265,T220,37.732854000000003,-97.319817
WTRY,WTR434519,2019-06-24,11:29 AM,Derailment,0,WILMINGTON,NC,92.0,2,Day,Clear,Yard,Yard/switching,6,1147,26407,27554,M507,34.196168999999998,-77.949197999999996
UP,0815SL004,2015-08-05,11:15 AM,Hwy-rail crossing,0,BLOOMINGTON,IL,79.0,2,Day,Clear,Main,Spec. MoW Equip.,10,33674,12630,46304,M308,40.363658999999998,-89.112487000000002
BNSF,PR1114116,2014-11-20,1:00 PM,Derailment,0,ALLIANCE,NE,50.0,2,Day,Clear,Yard,Freight Train,8,127998,188903,316901,E40C,42.088414,-102.886931
UP,0118NP055,2018-01-08,8:09 PM,Fire/violent rupture,0,NORTH PLATTE,NE,32.0,4,Dark,Clear,Yard,Light loco(s),0,70861,0,70861,E73L,41.145307000000003,-100.832668
WC,1150547,2024-05-26,7:15 AM,Derailment,0,PROCTOR,MN,65.0,2,Day,Clear,Yard,Freight Train,1,31894,36560,68454,H525,46.750464999999998,-92.234330999999997
KCS,21010701,2021-01-07,12:10 PM,Derailment,0,VICKSBURG,MS,40.0,2,Day,Rain,Main,Freight Train,15,128000,0,128000,H505,32.344301000000002,-90.883747999999997
BNSF,HL1019119,2019-10-20,4:17 PM,Derailment,0,LINCOLN,NE,60.0,2,Day,Clear,Yard,Yard/switching,4,27561,1200,28761,E76L,40.807850000000002,-96.776539