reportingrailroadcode,accidentnumber,date,time,accidenttype,hazmatreleasedcars,station,stateabbr,temperature,visibility_code,visibility,weathercondition,tracktype,equipmenttype,trainspeed,equipmentdamagecost,trackdamagecost,totaldamagecost,primaryaccidentcausecode,latitude,longitude
CRSH,121031,2016-06-28,1:45 AM,Raking collision,0,CAMDEN,NJ,72.0,4,Dark,Rain,Yard,Yard/switching,4,8399,2260,20454,H318,39.951360999999999,-75.090918000000002
ATK,164541,2020-06-04,10:37 PM,Derailment,0,OMAHA,NE,80.0,4,Dark,Clear,Main,Passenger Train - Pulling,30,47100,0,49100,E46L,41.229002999999999,-95.915334999999999
NS,114865,2015-03-16,10:45 PM,Derailment,0,BALTIMORE,MD,48.0,4,Dark,Clear,Yard,Freight Train,6,13564,300,13864,H702,39.296639999999996,-76.540858
CSX,000176589,2018-05-24,11:30 AM,Side collision,0,LOUISVILLE,KY,85.0,2,Day,Clear,Yard,Yard/switching,4,11122,38759,111890,H306,38.160708999999997,-85.749173999999996
NS,126392,2017-08-26,3:45 AM,Other impacts,0,WILMORE,KY,73.0,4,Dark,Clear,Main,Freight Train,0,100,0,11187,E89C,37.791744999999999,-84.726512999999997
BNSF,TC0323143,2023-03-29,5:56 PM,Derailment,0,MANDAN,ND,22.0,3,Dusk,Clear,Yard,Light loco(s),3,18000,0,18000,M101,46.824337,-100.900964
BEAR,BER737524A,2024-03-15,6:35 AM,Raking collision,0,LEOMINSTER,MA,37.0,1,Dawn,Fog,Main,Freight Train,0,0,0,0,M505,42.556206000000003,-71.751891999999998
CRSH,144419,2022-02-17,11:40 AM,Derailment,0,NEWARK,NJ,66.0,2,Day,Clear,Yard,,0,0,9896,16478,H702,40.704566,-74.129962000000006
UP,0524GP023,2024-05-22,8:17 PM,Derailment,0,NORTH PLATTE,NE,65.0,4,Dark,Cloudy,Yard,Freight Train,8,58797,92662,151459,E64C,41.143810999999999,-100.78567200000001
CPKC,1002154802,2024-08-18,5:55 AM,Other impacts,0,ST PAUL,MN,60.0,4,Dark,Clear,Yard,Yard/switching,1,11684,30,38955,H307,48.926099999999998,-93.023099999999999
BNSF,RD0322108,2022-03-07,6:40 PM,Obstruction,0,LAFAYETTE,LA,65.0,3,Dusk,Clear,Yard,Cut of cars,0,155,17202,17357,M402,30.234822000000001,-92.048838000000003
NS,153485,2023-06-30,10:00 PM,Other impacts,0,SOUTHMONT,NC,75.0,4,Dark,Clear,Yard,Single Car,4,878,0,13655,H312,35.738906,-80.332949999999997
CSX,000215969,2024-02-05,6:25 AM,Derailment,0,ROCKY MOUNT,NC,38.0,1,Dawn,Clear,Yard,Yard/switching,6,81559,655,82214,H702,35.917687000000001,-77.805566999999996
CSX,000220165,2024-08-26,2:50 PM,Other impacts,0,MONROE,NC,91.0,2,Day,Clear,Yard,Cut of cars,0,45000,0,55257,H021,34.984836999999999,-80.548089000000004
KCS,19012601,2019-01-26,5:15 AM,Other impacts,0,ARTESIA,MS,29.0,4,Dark,Clear,Yard,Cut of cars,0,500,0,27215,H306,33.417064000000003,-88.643360999999999
NS,157583,2024-08-02,8:10 AM,Side collision,0,ADRIAN,MI,73.0,2,Day,Cloudy,Main,Freight Train,26,382019,261000,1397360,H021,41.892069999999997,-84.015974999999997
UP,0216CB012,2016-02-20,10:15 AM,Derailment,0,BOONE,IA,50.0,2,Day,Clear,Yard,Cut of cars,0,5828,0,86302,T220,42.060758999999997,-93.854699999999994
UP,0320GL018,2020-03-23,5:30 AM,Other impacts,0,GRAND ISLAND,NE,39.0,1,Dawn,Fog,Yard,Cut of cars,0,48805,0,56321,H306,40.936461999999999,-98.314948000000001
MRL,2019091,2019-08-02,4:25 AM,Derailment,0,MISSOULA,MT,55.0,4,Dark,Clear,Main,Freight Train,24,37152,2132,39284,M299,46.963892000000001,-114.116272
NS,136546,2019-12-17,10:20 AM,Raking collision,0,ELKHART,IN,32.0,2,Day,Cloudy,Yard,Yard/switching,10,61873,66324,215585,H399,41.67736,-85.978494999999995
CRSH,116938,2015-08-13,10:10 AM,Raking collision,0,NEWARK,NJ,85.0,2,Day,Clear,Yard,Yard/switching,10,144396,750,145414,S006,40.713667999999998,-74.142477
UP,1215NP022,2015-12-21,1:00 AM,Hwy-rail crossing,1,SIDNEY,NE,14.0,4,Dark,Fog,Main,Freight Train,69,1408285,497746,1906031,M305,41.210984000000003,-103.096964
UP,0519GP034,2019-05-17,12:50 AM,Other (describe in narrative),0,NORTH PLATTE,NE,67.0,4,Dark,Cloudy,Yard,Single Car,0,49009,0,49009,M411,41.149320000000003,-100.852771
UP,1120GP003,2020-11-04,11:15 PM,Other impacts,0,NORTH PLATTE,NE,48.0,4,Dark,Clear,Yard,Cut of cars,2,100,0,11629,M411,41.152005000000003,-100.82447000000001
NS,129480,2018-05-16,7:25 AM,Hwy-rail crossing,0,LEESBURG,IN,64.0,1,Dawn,Clear,Main,Freight Train,33,20308,77780,98088,M303,41.331949999999999,-85.844489999999993
UP,1020GP025,2020-10-24,8:38 PM,Hwy-rail crossing,0,GLENVIL,NE,33.0,4,Dark,Cloudy,Main,Freight Train,30,11206,3862,15068,M303,40.494748000000001,-98.241596999999999
UP,0422GP037,2022-04-29,5:50 PM,Derailment,0,SHELTON,NE,73.0,2,Day,Cloudy,Main,Freight Train,39,174392,110625,285017,M105,40.773184000000001,-98.759316999999996
CP,1000946766,2019-02-28,10:00 AM,Other impacts,0,KANSAS CITY,MO,23.0,2,Day,Cloudy,Yard,Cut of cars,1,26000,0,36000,H020,39.128760999999997,-94.517204000000007
CSX,000211477,2023-05-25,3:16 PM,Other impacts,0,SOUTH SHORE,KY,72.0,2,Day,Clear,Main,Spec. MoW Equip.,0,1577110,39,1697972,H993,38.727930000000001,-82.881206000000006
MRL,2017027,2017-02-14,10:04 AM,Other impacts,0,ALBERTON,MT,30.0,2,Day,Clear,Main,Freight Train,36,50000,0,50000,H402,47.018000000000001,-114.518
UP,0117DV017,2017-01-03,10:23 PM,Obstruction,0,STEAMBOAT SPGS,CO,32.0,4,Dark,Cloudy,Main,Freight Train,33,39942,150,40092,M101,40.492784999999998,-106.951407
NS,153363,2023-06-15,2:47 AM,Derailment,0,STREATOR,IL,55.0,4,Dark,Clear,Yard,,0,0,163,13663,H702,41.098050000000001,-88.810772
BNSF,CH0921106,2021-09-13,5:10 AM,Derailment,0,GALESBURG,IL,64.0,1,Dawn,Clear,Yard,Yard/switching,4,12846,1000,13846,H316,40.900132999999997,-90.387570999999994
CSX,000148099,2015-06-16,5:00 PM,Other impacts,0,BALTIMORE,MD,86.0,3,Dusk,Cloudy,Yard,Single Car,2,400,0,14098,M599,39.235430000000001,-76.591320999999994
NJTR,202103095,2021-02-23,4:20 PM,Other (describe in narrative),0,NEWARK,NJ,40.0,2,Day,Clear,Main,Commuter Train - Pulling,0,16990,0,16990,H508,40.733038999999998,-74.166098000000005
NS,125387,2017-06-11,4:00 AM,Other (describe in narrative),0,CHICAGO,IL,74.0,1,Dawn,Cloudy,Yard,Yard/switching,3,30,35743,35773,H702,41.697633000000003,-87.564577999999997
UP,0323GL035,2023-03-14,12:00 PM,Other (describe in narrative),0,SOUTH ST PAUL,MN,50.0,2,Day,Clear,Yard,Single Car,0,16138,0,16138,M507,44.903753000000002,-93.043440000000004
CSX,000211283,2023-05-12,9:30 AM,Derailment,0,CUMBERLAND,MD,65.0,2,Day,Clear,Yard,Yard/switching,2,12400,112,12512,H504,39.644530000000003,-78.760879000000003
NIRC,2018070653,2018-04-15,5:04 PM,Hwy-rail crossing,0,BLUE ISLAND,IL,34.0,3,Dusk,Rain,Main,Commuter Train - Pushing,70,30312,0,30312,M308,41.677549999999997,-87.666510000000002
BNSF,MT0124114,2024-01-31,6:00 AM,Derailment,0,LAUREL,MT,31.0,1,Dawn,Clear,Yard,Freight Train,6,16501,0,236592,H318,45.675545999999997,-108.741889
IC,851394,2015-05-27,4:30 AM,Side collision,0,BATON ROUGE,LA,81.0,4,Dark,Cloudy,Yard,Freight Train,4,104299,0,115473,H307,30.469646999999998,-91.189296999999996
UP,0715PR007,2015-07-15,7:17 PM,Other impacts,0,NORTHLAKE,IL,70.0,4,Dark,Cloudy,Yard,Single Car,0,3745,0,18790,M411,41.893904999999997,-87.889093000000003
TCWR,TCW073017,2017-07-30,2:00 PM,Derailment,0,COLOGNE,MN,80.0,2,Day,Clear,Main,Freight Train,0,600000,50000,650000,E4BC,44.768900000000002,-93.780600000000007
NS,144559,2022-03-02,12:51 AM,Other impacts,0,LOUISVILLE,KY,40.0,4,Dark,Clear,Yard,Single Car,0,51900,300,129945,H312,38.263516000000003,-85.801423
CSX,000177267,2018-06-28,10:05 AM,Derailment,0,LOUISVILLE,KY,88.0,2,Day,Clear,Yard,Yard/switching,5,132651,9076,141727,E64C,38.160708999999997,-85.749173999999996
BNSF,PR1019204,2019-10-22,7:02 AM,Hwy-rail crossing,0,GARRISON,NE,43.0,1,Dawn,Clear,Main,Freight Train,23,14490,0,14490,M308,41.205213999999998,-97.148397000000003
NS,130320,2018-07-23,10:00 PM,Other impacts,0,SOUTHMONT,NC,73.0,4,Dark,Clear,Yard,Yard/switching,7,68265,0,71265,M408,35.736021999999998,-80.336566000000005
BNSF,PR0719106,2019-07-09,3:05 AM,Derailment,0,SUPERIOR,NE,70.0,4,Dark,Rain,Main,Freight Train,6,950000,158000,1108000,M103,40.037261999999998,-98.159102000000004
UP,0217SL005,2017-02-06,11:30 PM,Derailment,0,POPLAR BLUFF,MO,65.0,4,Dark,Clear,Yard,Yard/switching,4,31664,16732,48396,M405,36.734859999999998,-90.412560999999997
KCT,UP220411,2022-04-11,7:53 AM,Derailment,0,KANSAS CITY,MO,55.0,1,Dawn,Clear,Main,,0,0,151722,771921,M204,39.109000000000002,-94.504000000000005
MBTA,2024043,2024-02-27,2:03 PM,Other (describe in narrative),0,ACTON,MA,42.0,2,Day,Clear,Main,Passenger Train - Pushing,52,40459,0,40459,M404,42.463284999999999,-71.466755000000006
CSX,000176589,2018-05-24,11:30 AM,Side collision,0,LOUISVILLE,KY,85.0,2,Day,Clear,Yard,Freight Train,8,62009,0,111890,H306,38.160708999999997,-85.749173999999996
MNCW,72717,2020-07-29,10:06 AM,Derailment,0,STAMFORD,CT,83.0,2,Day,Clear,Yard,EMU,3,80147,0,80147,H999,41.052010000000003,-73.528959999999998
ALS,20210820,2021-08-20,9:50 AM,Derailment,0,EAST ST LOUIS,IL,88.0,2,Day,Clear,Yard,Yard/switching,4,209012,12852,221864,H018,38.596874999999997,-90.146534000000003
IC,834788,2014-12-09,6:10 PM,Hwy-rail crossing,0,FLORA,MS,40.0,4,Dark,Clear,Main,,0,0,17739,20439,M308,32.401409000000001,-90.148421999999997
NECR,NEC394619A,2019-12-30,12:20 PM,Obstruction,0,CLAREMONT,NH,32.0,2,Day,Rain,Main,,0,0,0,19945,M404,43.314036999999999,-72.380295000000004
BNSF,PR0120109,2020-01-15,1:30 AM,Derailment,0,ALLIANCE,NE,34.0,4,Dark,Clear,Yard,Yard/switching,8,19404,0,19404,H303,42.067926,-102.898005
KCS,19070203,2019-07-02,5:45 PM,Derailment,0,CORINTH,MS,86.0,3,Dusk,Clear,Yard,Freight Train,5,2569,0,11740,H505,34.934145999999998,-88.506225999999998
UP,0819PR020,2019-08-14,12:00 PM,Other (describe in narrative),0,CHICAGO,IL,80.0,2,Day,Cloudy,Yard,Single Car,0,41751,0,41751,E29C,41.899777999999998,-87.907617000000002
NS,129691,2018-06-02,1:40 PM,Derailment,0,ASHEVILLE,NC,80.0,2,Day,Clear,Main,Freight Train,4,12614,32387,45001,M405,35.586522000000002,-82.567314999999994
UP,0717NP005,2017-07-06,7:27 AM,Hwy-rail crossing,0,DIX,NE,89.0,2,Day,Clear,Main,Freight Train,46,15431,44608,60039,M302,41.238953000000002,-103.528069
BNSF,HL0819117,2019-08-14,10:57 PM,Derailment,0,LINCOLN,NE,80.0,4,Dark,Clear,Yard,Freight Train,6,10000,2100,12100,H702,40.807778999999996,-96.778944999999993
UP,0822HL023,2022-08-18,11:30 AM,Derailment,0,KANSAS CITY,MO,79.0,2,Day,Clear,Yard,,0,0,3800,62542,H702,39.120826999999998,-94.496988000000002
NS,140069,2020-12-20,8:15 PM,Other impacts,0,MELVINDALE,MI,38.0,4,Dark,Clear,Yard,Yard/switching,4,13303,500,13803,H312,42.275585999999997,-83.184336999999999
BNSF,KS0822101,2022-08-03,3:51 AM,Side collision,0,KANSAS CITY,KS,72.0,4,Dark,Clear,Yard,Yard/switching,9,55420,0,82420,H607,39.081097,-94.673795999999996
CSX,000179808,2018-11-12,11:38 AM,Derailment,0,ATHENS,GA,45.0,2,Day,Rain,Siding,Yard/switching,3,66582,3529,70111,M503,33.969974999999998,-83.399842000000007
BNSF,MT0124114,2024-01-31,6:00 AM,Derailment,0,LAUREL,MT,31.0,1,Dawn,Clear,Yard,Yard/switching,4,40091,180000,236592,H318,45.675545999999997,-108.741889
NS,152510,2023-03-10,4:55 PM,Derailment,0,SHARP,NC,71.0,3,Dusk,Clear,Yard,Freight Train,6,14751,2834,17585,S011,35.738906,-80.332949999999997
CAGY,CAG902324D,2024-08-21,8:00 AM,Derailment,0,INDIANOLA,MS,68.0,2,Day,Clear,Main,Freight Train,10,33000,10006000,10039000,E24C,33.433306999999999,-90.597528999999994
NS,117232,2015-09-03,3:20 PM,Derailment,0,CHARLOTTE,NC,80.0,2,Day,Clear,Yard,Freight Train,6,10000,4100,14100,H518,35.240791999999999,-80.822879999999998
UP,0122GL011,2022-01-19,7:40 PM,Other (describe in narrative),0,COLUMBUS,NE,6.0,3,Dusk,Cloudy,Yard,Yard/switching,3,11552,0,11552,H523,41.427453999999997,-97.368720999999994
BNSF,CH0617107,2017-06-10,2:15 AM,Derailment,0,ELWOOD,IL,70.0,4,Dark,Clear,Yard,Yard/switching,4,14766,0,14766,E24C,41.380600000000001,-88.151797000000002
NS,146078,2022-08-04,3:45 PM,Hwy-rail crossing,0,DURHAM,NC,90.0,2,Day,Clear,Main,,0,0,894,17424,M303,35.972451999999997,-78.866814000000005
TCWR,TCW091217A,2017-09-12,9:20 AM,Hwy-rail crossing,0,MILAN,MN,75.0,2,Day,Clear,Main,Freight Train,28,40000,0,40000,M302,45.044199999999996,-95.524100000000004
UP,0819GL040,2019-08-29,1:25 AM,Other impacts,0,SHAKOPEE,MN,57.0,4,Dark,Clear,Yard,Cut of cars,1,16324,0,22251,H020,44.787840000000003,-93.412654000000003
NS,156783,2024-05-21,2:00 AM,Other impacts,0,CHARLOTTE,NC,75.0,4,Dark,Clear,Yard,Single Car,0,46823,0,144269,H318,35.247627000000001,-80.811160999999998
CRSH,135421,2019-09-07,6:30 PM,Raking collision,0,RIVER ROUGE,MI,70.0,3,Dusk,Clear,Yard,Cut of cars,0,1578,0,131151,H020,42.260292,-83.143082000000007
BNSF,MT0921102,2021-09-04,8:13 PM,Derailment,0,GREAT FALLS,MT,65.0,3,Dusk,Clear,Yard,Freight Train,7,72753,8715,81468,H525,47.516444,-111.360114
UP,0422GL005,2022-04-04,5:20 PM,Derailment,0,FREMONT,NE,59.0,2,Day,Clear,Main,Freight Train,34,5108,465450,470558,E53C,41.447235999999997,-96.558772000000005
UP,0719GP033,2019-07-28,4:13 AM,Derailment,0,NORTH PLATTE,NE,70.0,1,Dawn,Clear,Yard,Yard/switching,10,36400,147125,183525,H506,41.149859999999997,-100.809822
UP,0321GL024,2021-03-25,4:52 PM,Hwy-rail crossing,0,FREMONT,NE,49.0,2,Day,Cloudy,Main,Freight Train,20,287,86812,87099,M303,41.427793000000001,-96.492536000000001
ATK,139565,2015-10-10,8:56 AM,Hwy-rail crossing,0,MINTER CITY,MS,62.0,2,Day,Clear,Main,Passenger Train - Pulling,70,23607,0,23632,M302,33.767929000000002,-90.242249000000001
BNSF,RD0418117,2018-04-15,9:30 PM,Other impacts,0,LAFAYETTE,LA,48.0,4,Dark,Clear,Yard,Yard/switching,7,13777,0,13777,H318,30.234577999999999,-92.054072000000005
CRSH,142666,2021-08-20,11:13 PM,Other (describe in narrative),0,CAMDEN,NJ,75.0,4,Dark,Rain,Yard,Yard/switching,4,32127,0,32127,H312,39.950921999999998,-75.090877000000006
NS,152341,2023-02-18,1:10 PM,Other impacts,0,DURHAM,NC,58.0,2,Day,Clear,Yard,Single Car,0,15000,517,15667,H312,35.994762999999999,-78.902309000000002
NS,154775,2023-11-14,10:30 AM,Other impacts,0,SOUTHMONT,NC,49.0,2,Day,Clear,Yard,Single Car,5,29390,0,122540,H312,35.740859999999998,-80.330499000000003
UP,0318NP011,2018-03-07,2:00 AM,Fire/violent rupture,0,NORTH PLATTE,NE,20.0,4,Dark,Clear,Yard,Freight Train,0,269754,0,269754,E72L,41.155169000000001,-100.842162
CP,1000630587,2017-10-05,2:39 AM,Rear end collision,0,COTTAGE GROVE,MN,45.0,4,Dark,Cloudy,Main,Freight Train,17,15000,27,32167,H605,44.783230000000003,-92.889223999999999
UP,0915LV007,2015-09-05,8:01 PM,Derailment,0,LIVONIA,LA,85.0,4,Dark,Clear,Yard,Yard/switching,1,5963,47842,53805,M402,30.538682999999999,-91.563863999999995
BNSF,PR1019108,2019-10-11,9:50 PM,Rear end collision,0,LAKESIDE,NE,35.0,4,Dark,Clear,Main,Freight Train,26,35000,15000,1306925,H605,42.069496999999998,-102.587301
UP,0122GP031,2022-01-20,1:06 PM,Other impacts,0,NORTH PLATTE,NE,13.0,2,Day,Cloudy,Yard,Cut of cars,4,0,0,41399,E49C,41.146686000000003,-100.837987
CRSH,117534,2015-09-25,3:50 AM,Raking collision,0,CAMDEN,NJ,58.0,4,Dark,Clear,Yard,Yard/switching,8,12898,2750,37713,H702,39.952292,-75.091324
UP,0821GP023,2021-08-22,6:30 PM,Derailment,0,NORTH PLATTE,NE,90.0,3,Dusk,Clear,Yard,Yard/switching,4,6703,24620,31323,E79L,41.153469999999999,-100.832688
BNSF,CH0317113,2017-03-13,3:20 AM,Derailment,0,GALESBURG,IL,28.0,4,Dark,Sleet,Yard,Yard/switching,2,23373,0,23373,S016,40.905203,-90.384998999999993
NS,131370,2018-10-18,6:00 AM,Other impacts,0,SPENCER,NC,60.0,1,Dawn,Clear,Yard,Yard/switching,8,24125,7345,31470,M411,35.732126000000001,-80.341453000000001
CSX,000150986,2015-08-20,11:13 PM,Rear end collision,0,LIVINGSTON,KY,76.0,4,Dark,Clear,Main,Freight Train,0,0,0,97930,H220,37.291697999999997,-84.218581
CRSH,143399,2021-11-07,6:43 PM,Derailment,0,NEWARK,NJ,50.0,3,Dusk,Clear,Yard,Yard/switching,7,2482958,277031,2759989,H704,40.711027999999999,-74.144925999999998
BNSF,TC0518103,2018-05-03,3:05 AM,Derailment,0,FRIDLEY,MN,59.0,4,Dark,Cloudy,Yard,Yard/switching,9,7281,6000,13281,M411,45.040232000000003,-93.273101999999994
CSX,000199081,2021-07-26,5:30 AM,Derailment,0,ROSEDALE,MD,83.0,4,Dark,Clear,Yard,Freight Train,3,32623,100,32723,M405,39.304566000000001,-76.532432999999997
BNSF,HL0220118,2020-02-24,12:43 PM,Derailment,0,LINCOLN,NE,41.0,2,Day,Cloudy,Industry,Yard/switching,5,2703,20000,22703,H306,40.823957999999998,-96.705430000000007
UP,0324GP039,2024-03-29,9:16 PM,Hwy-rail crossing,0,ALDA,NE,53.0,4,Dark,Cloudy,Main,Freight Train,56,8330,10925,19255,M303,40.869824999999999,-98.467009000000004
UP,0220GP016,2020-02-13,9:21 PM,Other impacts,0,NORTH PLATTE,NE,18.0,4,Dark,Clear,Yard,Single Car,0,31444,0,58018,S016,41.146011000000001,-100.83502799999999
CSX,000212127,2023-07-06,6:06 AM,Side collision,0,ROCKY MOUNT,NC,74.0,1,Dawn,Clear,Yard,Yard/switching,1,50,112,41182,H310,35.917687000000001,-77.805566999999996
BNSF,PR0222119,2022-02-22,2:30 PM,Derailment,0,ALLIANCE,NE,3.0,2,Day,Clear,Yard,Light loco(s),3,15043,6900,21943,H702,42.093344999999999,-102.866015
UP,0817NP009,2017-08-05,3:40 AM,Other (describe in narrative),0,NORTH PLATTE,NE,60.0,4,Dark,Clear,Yard,Yard/switching,3,32904,0,32904,S016,41.147894000000001,-100.83796700000001
KCS,18042401,2018-04-24,4:44 AM,Derailment,0,EDWARDS,MS,60.0,4,Dark,Clear,Main,Freight Train,50,10320,861255,871575,E62C,32.347845999999997,-90.456495000000004
CSX,000202849,2022-02-01,12:15 PM,Obstruction,0,INDIANAPOLIS,IN,56.0,2,Day,Clear,Yard,Spec. MoW Equip.,0,46414,0,46714,M411,39.759798000000004,-86.327516000000003
ATK,162105,2019-11-27,8:47 PM,Obstruction,0,SANDSTONE,MI,36.0,4,Dark,Rain,Main,Passenger Train - Pulling,77,22933,0,22933,M404,42.258491999999997,-84.562820000000002
ATK,136925,2015-04-06,7:05 PM,Hwy-rail crossing,0,GREENSBORO,NC,70.0,3,Dusk,Clear,Main,Passenger Train - Pulling,79,0,0,12267,M302,36.083677999999999,-79.740504000000001
UP,1115NP012,2015-11-19,5:52 PM,Other (describe in narrative),0,MORRILL,NE,40.0,4,Dark,Clear,Yard,Freight Train,4,139,10911,11050,E86C,41.930377999999997,-103.856071
UP,0816SL018,2016-08-27,12:30 AM,Fire/violent rupture,0,ST LOUIS,MO,70.0,4,Dark,Cloudy,Main,Freight Train,10,340495,0,340495,E73L,38.622928999999999,-90.264505999999997
BNSF,MT0819201,2019-08-17,5:49 PM,Hwy-rail crossing,0,BAINVILLE,MT,60.0,3,Dusk,Clear,Main,Freight Train,66,13000,0,13000,M302,48.140267000000001,-104.33634499999999
BNSF,HL0219104,2019-02-04,10:15 AM,Derailment,0,ST JOSEPH,MO,22.0,2,Day,Clear,Yard,Yard/switching,10,11173,57321,68494,T221,39.745258999999997,-94.850626000000005
UP,1020GP045,2020-10-31,10:20 AM,Obstruction,0,NORTH PLATTE,NE,49.0,2,Day,Clear,Yard,Yard/switching,7,13470,1920,15390,M404,41.152430000000003,-100.82695099999999
NS,144409,2022-02-16,6:08 PM,Hwy-rail crossing,0,GARY,IN,50.0,3,Dusk,Rain,Main,,0,0,0,18484,M308,41.624831999999998,-87.393979999999999
BNSF,TC0817204,2017-08-10,7:40 AM,Hwy-rail crossing,0,GRANVILLE,ND,57.0,1,Dawn,Clear,Main,,0,0,0,13818,M302,48.264895000000003,-100.864304
UP,0215KC002,2015-02-05,6:32 AM,Derailment,0,NEBRASKA CITY,NE,-10.0,1,Dawn,Cloudy,Industry,Freight Train,3,193532,13998,207530,M404,40.668582000000001,-95.855390999999997
BNSF,TC0823104,2023-08-06,12:30 AM,Derailment,0,MANDAN,ND,70.0,4,Dark,Clear,Yard,Yard/switching,4,11395,10547,21942,H607,46.827720999999997,-100.874686
NPR,GX011801,2018-01-18,2:30 PM,Obstruction,0,WARREN,MN,29.0,2,Day,Clear,Main,Spec. MoW Equip.,15,150000,0,160000,H221,48.192408999999998,-96.769533999999993
BNSF,MT0419101,2019-04-02,3:45 PM,Obstruction,0,LIBBY,MT,50.0,2,Day,Clear,Main,Single Car,10,1000,55012,770012,H317,48.364142999999999,-114.996205
UP,0919GC025,2019-09-13,6:43 PM,Other impacts,0,LIVONIA,LA,91.0,3,Dusk,Cloudy,Yard,Cut of cars,3,27084,0,47888,S006,30.525929000000001,-91.555276000000006
BNSF,TC0416113,2016-04-29,11:41 AM,Obstruction,0,GLENFIELD,ND,64.0,2,Day,Clear,Main,Maint./inspect Car,4,11264,0,11264,H402,47.529246999999998,-98.754508999999999
MNA,MNA846024A,2024-06-26,6:00 AM,Other (describe in narrative),0,CARTHAGE,MO,75.0,1,Dawn,Rain,Yard,Freight Train,0,30000,0,30000,E73L,37.176200000000001,-94.277850000000001
KCS,21122101,2021-12-21,7:18 PM,Derailment,0,VICKSBURG,MS,68.0,4,Dark,Clear,Main,Freight Train,38,750089,528700,1278789,E69C,32.346673000000003,-90.752244000000005
CSX,000179543,2018-10-27,8:20 PM,Derailment,0,LOUISVILLE,KY,50.0,4,Dark,Clear,Yard,Yard/switching,8,17441,48,17489,H210,38.159284,-85.748801999999998
BNSF,TC0821103,2021-08-07,8:35 AM,Other impacts,0,MINNEAPOLIS,MN,68.0,1,Dawn,Rain,Yard,Yard/switching,5,9952,0,11952,M407,45.029660999999997,-93.269913000000003
NS,135030,2019-08-08,10:20 AM,Hwy-rail crossing,0,GARY,IN,87.0,2,Day,Cloudy,Main,Freight Train,35,468,110292,110760,M303,41.624851,-87.394034000000005
CSX,000148099,2015-06-16,5:00 PM,Other impacts,0,BALTIMORE,MD,86.0,3,Dusk,Cloudy,Yard,Single Car,2,400,0,14098,M599,39.235430000000001,-76.591320999999994
UP,0523GP045,2023-05-16,10:00 AM,Other impacts,0,NORTH PLATTE,NE,50.0,2,Day,Fog,Yard,Single Car,4,36903,99,37102,M407,41.141083000000002,-100.768694
IC,1008226,2019-08-05,8:40 PM,Derailment,0,GEISMAR,LA,77.0,4,Dark,Clear,Main,Yard/switching,2,10100,5000,15100,M599,30.166802000000001,-90.963950999999994
NS,157874,2024-08-30,2:15 PM,Derailment,0,GREENSBORO,NC,89.0,2,Day,Clear,Yard,Yard/switching,5,6350,18769,25119,H702,36.060802000000002,-79.835085000000007
CSX,000215788,2024-01-27,7:45 PM,Derailment,0,WORCESTER,MA,35.0,4,Dark,Clear,Main,Yard/switching,4,3371,13158,16529,M299,42.255035999999997,-71.805357999999998
BNSF,TC0622204,2022-06-28,9:20 PM,Hwy-rail crossing,0,DAWSON,ND,67.0,4,Dark,Clear,Main,Passenger Train - Pulling,59,15000,500,15500,M302,46.864077000000002,-99.826582000000002
BNSF,MT1223103,2023-12-16,8:30 AM,Other impacts,0,GREAT FALLS,MT,43.0,1,Dawn,Clear,Yard,Freight Train,2,4748,0,77803,H307,47.502667000000002,-111.324564
CSX,000177994,2018-08-03,4:28 AM,Derailment,0,HAMLET,NC,84.0,4,Dark,Clear,Yard,Freight Train,8,63264,0,250830,H706,34.925491000000001,-79.646586999999997
WTRY,WTR605920,2020-05-28,9:50 AM,Derailment,0,WILMINGTON,NC,79.0,2,Day,Cloudy,Yard,Yard/switching,7,5855,22687,28542,E39C,34.201914000000002,-77.952005
UP,1216PR005,2016-12-10,10:00 PM,Derailment,0,NORTHLAKE,IL,22.0,4,Dark,Snow,Yard,Yard/switching,5,46783,5980,52763,M101,41.905174000000002,-87.915655000000001
CSX,000156546,2016-01-16,11:54 AM,Other impacts,0,AVON,IN,25.0,2,Day,Clear,Yard,Cut of cars,0,14951,0,24216,M407,39.759791,-86.327526000000006
BNSF,PR1215105,2015-12-07,12:30 AM,Derailment,0,ALLIANCE,NE,36.0,4,Dark,Clear,Yard,Cut of cars,5,40614,0,839880,M105,42.094211999999999,-102.875955
CRSH,115858,2015-05-29,8:30 PM,Derailment,0,STERLING HEIGHTS,MI,75.0,4,Dark,Cloudy,Yard,Freight Train,4,1217,9859,11076,H702,42.581434000000002,-83.040071999999995
UP,0224GC030,2024-02-17,3:45 PM,Hwy-rail crossing,0,VINTON,LA,48.0,2,Day,Clear,Main,,0,0,0,17785,M308,30.160104,-93.637933000000004
ATK,172114,2022-09-20,3:55 AM,Obstruction,0,MC COOK,NE,70.0,4,Dark,Clear,Main,Passenger Train - Pulling,58,15015,0,15015,M402,40.196621999999998,-100.609872
BNSF,HL0120109,2020-01-14,6:45 AM,Derailment,0,SAINT LOUIS,MO,40.0,1,Dawn,Clear,Yard,Light loco(s),4,20400,3200,23600,H307,38.603270000000002,-90.311947000000004
GTW,864723,2015-09-06,9:30 AM,Other impacts,0,PONTIAC,MI,75.0,2,Day,Clear,Yard,Freight Train,3,11678,25,11703,H318,42.658709999999999,-83.323927999999995