reportingrailroadcode,accidentnumber,date,time,accidenttype,hazmatreleasedcars,station,stateabbr,temperature,visibility_code,visibility,weathercondition,tracktype,equipmenttype,trainspeed,equipmentdamagecost,trackdamagecost,totaldamagecost,primaryaccidentcausecode,latitude,longitude
UP,0117SL019,2017-01-26,8:45 PM,Derailment,0,STE GENEVIEVE,MO,30.0,4,Dark,Cloudy,Yard,Cut of cars,0,8411,0,101562,T211,37.990459000000001,-90.048142999999996
ITSL,ITSL176,2017-09-13,10:30 PM,Other impacts,0,GRANDVIEW,MO,70.0,4,Dark,Clear,Yard,Yard/switching,10,80000,0,80000,H018,38.842550000000003,-94.560828999999998
UP,0319GP008,2019-03-05,1:30 AM,Derailment,0,NORTH PLATTE,NE,-4.0,4,Dark,Clear,Yard,Yard/switching,10,23548,29056,52604,H607,41.143189,-100.78016700000001
UP,0419GC001,2019-04-01,5:02 AM,Other impacts,0,MARINGOUIN,LA,40.0,1,Dawn,Cloudy,Yard,Cut of cars,3,40174,0,44196,M411,30.525848,-91.555362000000002
UP,0716CB003,2016-07-06,12:45 AM,Other impacts,0,CARROLL,IA,80.0,4,Dark,Rain,Main,Freight Train,45,100,95625,95725,M105,42.101916000000003,-94.954192000000006
NS,116176,2015-06-22,2:45 AM,Derailment,0,GREENSBORO,NC,76.0,4,Dark,Clear,Yard,Freight Train,6,10600,2615,13215,H702,36.059927999999999,-79.842012999999994
UP,0215NP011,2015-02-05,11:45 PM,Other (describe in narrative),0,GIBBON,NE,32.0,4,Dark,Clear,Industry,Freight Train,2,25720,6175,31895,M501,40.744771,-98.862227000000004
LAS,240401007,2024-04-01,9:45 PM,Other impacts,0,DODSON,LA,65.0,4,Dark,Clear,Main,Cut of cars,0,0,0,44000,H025,32.112108999999997,-92.683339000000004
NPR,DR032201,2022-03-14,10:24 AM,Derailment,0,GRANO,ND,25.0,2,Day,Clear,Main,Work train,26,45000,2000,47000,M101,48.617210999999998,-101.597365
WC,1099647,2022-04-12,9:00 PM,Derailment,0,DULUTH,MN,33.0,4,Dark,Rain,Yard,Freight Train,5,7536,166267,173803,H307,46.752482000000001,-92.135547000000003
ATK,158461,2019-04-11,12:18 PM,Hwy-rail crossing,0,WESSON,MS,81.0,2,Day,Clear,Main,Passenger Train - Pulling,70,18267,0,18517,M308,31.698865999999999,-90.397942
BNSF,TC0918103,2018-09-07,9:55 PM,Derailment,0,DILWORTH,MN,65.0,4,Dark,Clear,Yard,Yard/switching,4,13158,5000,18158,H607,46.874166000000002,-96.681754999999995
CSX,000180427,2018-12-20,10:39 AM,Other impacts,0,ROCKY MOUNT,NC,40.0,2,Day,Fog,Yard,Single Car,6,17343,97,19640,H318,35.918852999999999,-77.804446999999996
CP,1000727632,2018-03-30,3:05 AM,Fire/violent rupture,0,KENSAL,ND,5.0,4,Dark,Snow,Main,Freight Train,40,63588,4911,68499,E51L,47.289566999999998,-98.705922999999999
MRL,2021088,2021-11-07,1:45 AM,Derailment,0,BILLINGS,MT,44.0,4,Dark,Clear,Yard,Freight Train,10,70000,12000,82000,H703,45.773251000000002,-108.520734
KCS,20030902,2020-03-09,2:20 AM,Derailment,0,BATON ROUGE,LA,48.0,4,Dark,Cloudy,Industry,Freight Train,3,10570,1448,12994,H306,30.56251,-91.212556000000006
ATK,136626,2015-03-11,1:10 PM,Other (describe in narrative),0,ISELIN,NJ,32.0,2,Day,Clear,Main,Maint./inspect Car,0,0,25000,25000,M402,40.598785999999997,-74.285131000000007
MRL,2021109,2021-12-20,3:30 AM,Other impacts,0,LAUREL,MT,12.0,4,Dark,Clear,Yard,Cut of cars,14,22000,0,47000,H020,45.681246000000002,-108.718312
BNSF,HL0719202,2019-07-10,9:55 PM,Hwy-rail crossing,0,SHERMAN,MS,81.0,4,Dark,Clear,Main,Freight Train,34,2500,30327,32827,M308,34.365020000000001,-88.847988999999998
BNSF,RD1019116,2019-10-23,12:30 PM,Other impacts,0,LACASSINE,LA,70.0,2,Day,Clear,Yard,Freight Train,10,54755,0,54755,H307,30.238994999999999,-92.883645000000001
BNSF,TC0324201,2024-03-20,9:30 AM,Hwy-rail crossing,0,BUFFALO,ND,44.0,2,Day,Clear,Main,Single Car,40,15000,0,15000,M399,46.919483,-97.555781999999994
UP,0422GP013,2022-04-17,7:20 PM,Derailment,0,NORTH PLATTE,NE,61.0,3,Dusk,Cloudy,Yard,Freight Train,15,47716,412180,459896,E49C,41.140163000000001,-100.763566
UP,0322GP001,2022-03-01,10:30 AM,Derailment,0,NORTH PLATTE,NE,51.0,2,Day,Clear,Yard,Single Car,0,46433,0,220024,H506,41.153053999999997,-100.85136
BNSF,TC0218109,2018-02-05,5:00 AM,Derailment,0,KARLSRUHE,ND,-13.0,1,Dawn,Clear,Main,Freight Train,26,0,650000,650000,E61C,48.097515999999999,-100.64489500000001
PAL,20191AUGD,2019-08-30,3:29 AM,Derailment,0,LOUISVILLE,KY,73.0,4,Dark,Clear,Main,Freight Train,7,0,0,4768,H306,38.230628000000003,-85.776697999999996
BNSF,TC0824102,2024-08-02,12:09 PM,Derailment,0,ST  PAUL,MN,75.0,2,Day,Clear,Main,,0,0,13101,102345,H506,44.954298999999999,-93.077965000000006
UP,0623GL008,2023-06-11,6:35 PM,Derailment,0,SOUTH ST PAUL,MN,68.0,3,Dusk,Clear,Yard,Freight Train,4,4281,7896,12177,H702,44.926088999999997,-93.065683000000007
BRC,14427,2021-02-17,9:50 PM,Other impacts,0,BEDFORD PARK,IL,7.0,4,Dark,Cloudy,Yard,Cut of cars,11,15566,0,15566,M411,41.767873000000002,-87.754257999999993
CSX,000212881,2023-08-11,1:51 AM,Other impacts,0,CURTIS BAY,MD,75.0,4,Dark,Clear,Yard,Single Car,3,1844,1528,13784,H018,39.218815999999997,-76.584114999999997
BNSF,HL0322112,2022-03-19,11:05 AM,Derailment,0,ST LOUIS,MO,49.0,2,Day,Cloudy,Yard,Yard/switching,5,97372,82464,179836,H607,38.600181999999997,-90.315713000000002
BNSF,HL0319125,2019-03-16,12:13 PM,Other (describe in narrative),0,PLATTSMOUTH,NE,55.0,2,Day,Rain,Main,Freight Train,0,500000,0,500000,M103,41.048819999999999,-95.929638999999995
UP,0224GP022,2024-02-17,1:00 AM,Obstruction,0,NORTH PLATTE,NE,8.0,4,Dark,Clear,Yard,Yard/switching,6,90771,16356,107127,M410,41.150145000000002,-100.813963
UP,0721GP006,2021-07-07,1:10 AM,Derailment,0,NORTH PLATTE,NE,67.0,4,Dark,Cloudy,Yard,Yard/switching,6,22116,3700,25816,H306,41.146500000000003,-100.834926
UP,0621GP031,2021-06-23,2:45 PM,Derailment,0,NORTH PLATTE,NE,95.0,2,Day,Clear,Yard,Cut of cars,10,12311,99,12410,M404,41.151646999999997,-100.813248
UP,0719GP034,2019-07-28,3:15 PM,Derailment,0,MITCHELL,NE,89.0,2,Day,Clear,Yard,Freight Train,8,14269,1129,15398,E85C,41.929566000000001,-103.853594
NJTR,201506320,2015-06-02,5:14 AM,Obstruction,0,HOBOKEN,NJ,55.0,4,Dark,Rain,Main,Commuter Train - Pushing,3,22300,1502,23802,H221,40.735263000000003,-74.028627
UP,0719GP032,2019-07-26,2:00 PM,Derailment,0,NORTH PLATTE,NE,89.0,2,Day,Clear,Yard,Yard/switching,7,797,256472,257269,M409,41.153033000000001,-100.837658
UP,0222HL012,2022-02-23,10:15 AM,Derailment,0,COFFEYVILLE,KS,12.0,2,Day,Snow,Yard,Yard/switching,3,57354,198,57552,H525,37.029811000000002,-95.625223000000005
NS,137879,2020-04-30,8:45 PM,Derailment,0,MERIDIAN,MS,60.0,4,Dark,Clear,Yard,,0,0,18014,27547,H506,32.362378,-88.698040000000006
UP,0618NP029,2018-06-24,8:48 AM,Other impacts,0,NORTH PLATTE,NE,80.0,2,Day,Clear,Yard,Single Car,0,1043,0,17845,M411,41.151826999999997,-100.81617799999999
BNSF,KS0422101,2022-04-01,6:15 AM,Derailment,0,NEWTON,KS,33.0,1,Dawn,Clear,Main,Freight Train,2,581,28831,29412,H305,38.023128999999997,-97.383148000000006
BNSF,TC1223107,2023-12-14,5:38 PM,Other impacts,0,GRAND FORKS,ND,32.0,3,Dusk,Clear,Yard,Yard/switching,4,24550,0,24550,H318,47.918114000000003,-97.073863000000003
NIRC,9419001180,2022-11-29,4:58 AM,Hwy-rail crossing,0,MIDLOTHIAN,IL,39.0,4,Dark,Cloudy,Main,Commuter Train - Pushing,65,16048,18859,34907,M308,41.621806999999997,-87.717529999999996
NS,145869,2022-07-10,11:50 AM,Derailment,0,JENNINGS,MO,90.0,2,Day,Clear,Yard,Freight Train,6,3900,37116,41016,H525,38.701954000000001,-90.226879999999994
NS,137483,2020-03-14,9:30 AM,Other impacts,0,ELKHART,IN,39.0,2,Day,Cloudy,Yard,Yard/switching,3,22225,13167,36717,H302,41.67736,-85.978494999999995
UP,1119GP007,2019-11-06,1:47 AM,Fire/violent rupture,0,BAYARD,NE,30.0,4,Dark,Clear,Main,Freight Train,0,21175,0,21175,E73L,41.710807000000003,-103.290278
ATK,147253,2017-04-29,8:30 PM,Obstruction,0,JEFFERSON CITY,MO,53.0,3,Dusk,Rain,Main,Passenger Train - Pulling,57,13154,0,13154,M404,38.599030999999997,-91.936486000000002
UP,0823GP014,2023-08-03,3:00 AM,Derailment,0,NORTH PLATTE,NE,71.0,4,Dark,Rain,Yard,Cut of cars,5,14813,6427,21240,M105,41.141939000000001,-100.77634500000001
UP,0715NP004,2015-07-04,6:30 AM,Derailment,0,NORTH PLATTE,NE,60.0,1,Dawn,Clear,Yard,Yard/switching,8,3543,12322,15865,H702,41.142873999999999,-100.779447
CSX,000215150,2023-12-19,11:55 AM,Derailment,0,RUSSELL,KY,38.0,2,Day,Cloudy,Yard,Yard/switching,2,36447,11642,48089,E39C,38.532100999999997,-82.697680000000005
CSX,000186061,2019-10-19,6:35 PM,Hwy-rail crossing,0,OAKTOWN,IN,60.0,3,Dusk,Clear,Main,Freight Train,34,22908,2299,25207,M302,38.804448000000001,-87.456791999999993
UP,0320GL018,2020-03-23,5:30 AM,Other impacts,0,GRAND ISLAND,NE,39.0,1,Dawn,Fog,Yard,Yard/switching,5,6853,663,56321,H306,40.936461999999999,-98.314948000000001
NS,122100,2016-09-18,7:01 PM,Derailment,0,GAINESVILLE,GA,75.0,3,Dusk,Clear,Yard,Freight Train,10,12611,1040,13651,H307,34.284638000000001,-83.824374000000006
ATK,136497,2015-03-02,1:40 PM,Obstruction,0,OSYKA,MS,67.0,2,Day,Rain,Main,Passenger Train - Pulling,60,25258,0,25283,M404,31.227353000000001,-90.449173000000002
BNSF,CH0117103,2017-01-12,7:11 AM,Derailment,0,CHICAGO,IL,15.0,1,Dawn,Cloudy,Yard,Freight Train,5,18850,136686,155536,E46C,41.774737000000002,-88.245897999999997
YVRR,03242015,2015-03-24,4:30 PM,Derailment,0,ELKIN,NC,65.0,2,Day,Clear,Main,Freight Train,20,40000,18862,58862,E49C,36.278258999999998,-80.759471000000005
BNSF,KS1122103,2022-11-05,8:07 AM,Derailment,0,KANSAS CITY,KS,60.0,1,Dawn,Rain,Yard,Yard/switching,3,34829,50100,86324,M410,39.080900999999997,-94.672776999999996
BNSF,MT0415106,2015-04-21,9:52 PM,Derailment,0,STANLEY,ND,28.0,4,Dark,Clear,Yard,Work train,2,31998,119751,151749,H307,48.32873,-102.353167
IMRR,IMR156222A,2022-08-05,7:45 PM,Obstruction,0,SPRINGFIELD,IL,82.0,3,Dusk,Clear,Main,,0,0,35000,35000,E29C,39.816339999999997,-89.634690000000006
BNSF,PR1215105,2015-12-07,12:30 AM,Derailment,0,ALLIANCE,NE,36.0,4,Dark,Clear,Yard,Freight Train,10,573015,226251,839880,M105,42.094211999999999,-102.875955
BNSF,MT0419107,2019-04-20,11:10 PM,Side collision,0,GREAT FALLS,MT,43.0,4,Dark,Rain,Industry,Cut of cars,0,34223,0,102882,H307,47.521447000000002,-111.298602
UP,0324GP037,2024-03-29,11:17 PM,Other impacts,0,NORTH PLATTE,NE,41.0,4,Dark,Clear,Yard,Yard/switching,24,114413,0,228826,M407,41.147128000000002,-100.83184199999999
CSX,000202483,2022-01-18,11:40 AM,Side collision,0,INDIANAPOLIS,IN,32.0,2,Day,Clear,Yard,Freight Train,9,5979,109712,927106,H306,39.759798000000004,-86.327516000000003
UP,0216NP021,2016-02-24,11:20 AM,Hwy-rail crossing,0,CHAPPELL,NE,43.0,2,Day,Clear,Main,Freight Train,47,25505,250,25755,M302,41.076979999999999,-102.438233
UP,0717NP035,2017-07-29,9:40 AM,Other impacts,0,NORTH PLATTE,NE,69.0,2,Day,Clear,Yard,Single Car,0,9724,0,13374,S007,41.147593999999998,-100.842859
UP,0818SL002,2018-08-02,4:00 AM,Derailment,0,ST LOUIS,MO,74.0,1,Dawn,Cloudy,Yard,Yard/switching,3,363616,225054,588670,H525,38.618653999999999,-90.189120000000003
UP,1214NP012,2014-12-15,9:30 AM,Other (describe in narrative),0,NORTH PLATTE,NE,40.0,2,Day,Clear,Yard,Cut of cars,0,12597,0,12597,M411,41.154187999999998,-100.816818
UP,0720GP023,2020-07-20,12:00 PM,Other impacts,0,NORTH PLATTE,NE,79.0,2,Day,Clear,Yard,Single Car,3,0,600,53201,M411,41.146788000000001,-100.833913
UP,0221HL016,2021-02-13,4:02 AM,Other impacts,0,LINCOLNVILLE,KS,-2.0,1,Dawn,Clear,Main,Freight Train,11,79227,0,79227,H306,38.465147999999999,-96.962878000000003
UP,1122HL012,2022-11-13,8:22 PM,Derailment,0,LINWOOD,KS,34.0,4,Dark,Clear,Siding,Work train,9,11566,25488,37054,M101,38.995550999999999,-95.042467000000002
UP,0624GP028,2024-06-20,3:55 PM,Other impacts,0,MITCHELL,NE,82.0,2,Day,Rain,Yard,Cut of cars,5,103046,0,220980,M102,41.931851999999999,-103.88531
NS,129810,2018-06-14,5:00 AM,Derailment,0,LOGANSPORT,IN,72.0,1,Dawn,Cloudy,Industry,Freight Train,5,53394,0,53394,M101,40.736435999999998,-86.392538999999999
NS,132957,2019-02-23,2:30 PM,Other impacts,0,DECATUR,IL,46.0,2,Day,Clear,Yard,Yard/switching,3,5967,6725,13805,H312,39.854801000000002,-88.908191000000002
NS,153558,2023-07-08,4:30 AM,Derailment,0,IRONDALE,AL,71.0,1,Dawn,Cloudy,Yard,Single Car,4,300,0,11662,M411,33.548904999999998,-86.678009000000003
CSX,000182964,2019-05-14,9:30 PM,Derailment,0,JEFFERSON,GA,60.0,4,Dark,Clear,Main,Freight Train,15,47682,442,48124,E08C,34.143453999999998,-83.641388000000006
IAIS,2020007,2020-02-23,9:25 PM,Derailment,0,COUNCIL BLUFFS,IA,1.0,4,Dark,Clear,Yard,Yard/switching,9,42200,30529,72729,E64C,41.234504999999999,-95.836747000000003
ATK,174381,2023-04-10,11:00 AM,Derailment,0,ENFIELD,CT,67.0,2,Day,Clear,Yard,Spec. MoW Equip.,3,43845,0,43845,H599,41.943458999999997,-72.611198999999999
NS,115089,2015-04-01,2:45 PM,Derailment,0,MACON,GA,77.0,2,Day,Clear,Yard,Freight Train,5,14800,0,47850,H306,32.813729000000002,-83.622793000000001
BNSF,CH0117112,2017-01-26,4:45 AM,Other impacts,0,GALESBURG,IL,29.0,1,Dawn,Clear,Yard,Yard/switching,7,34393,0,34393,M407,40.907246999999998,-90.384925999999993
SLRG,SL170131A,2017-01-31,8:25 PM,Derailment,0,ALAMOSA,CO,27.0,4,Dark,Clear,Yard,Cut of cars,0,2750,1500,21000,H607,37.464678999999997,-105.827746
NS,154228,2023-09-16,10:21 AM,Side collision,0,IRONDALE,AL,80.0,2,Day,Cloudy,Yard,Yard/switching,10,27000,10152,72152,H702,33.555373000000003,-86.683971999999997
NS,152042,2023-01-19,5:20 AM,Derailment,0,IRONDALE,AL,54.0,1,Dawn,Rain,Yard,Yard/switching,10,16755,0,19837,M408,33.555373000000003,-86.683971999999997
NS,135388,2019-09-05,4:15 AM,Other (describe in narrative),0,MACON,GA,78.0,1,Dawn,Clear,Yard,Yard/switching,4,12622,1159,13781,H704,32.774023,-83.635615000000001
NS,153715,2023-07-26,6:40 AM,Rear end collision,0,IRONDALE,AL,78.0,1,Dawn,Cloudy,Yard,Yard/switching,10,11752,0,19561,H999,33.548904999999998,-86.678009000000003
CSX,000193416,2020-10-22,7:36 PM,Side collision,0,RIVERDALE,IL,73.0,3,Dusk,Clear,Yard,Yard/switching,6,536,0,36290,H306,41.649836000000001,-87.634367999999995
NS,151431,2022-11-10,11:30 PM,Other impacts,0,IRONDALE,AL,59.0,4,Dark,Rain,Yard,Single Car,0,500,0,3750,M411,33.548904999999998,-86.678009000000003
NS,154344,2023-09-27,10:00 PM,Side collision,0,MUSCLE SHOALS,AL,60.0,4,Dark,Clear,Yard,Freight Train,4,6600,1544,80094,H702,34.712550999999998,-87.616782999999998
CSX,000183025,2019-05-17,11:46 AM,Other impacts,0,JUNCTION CITY,GA,86.0,2,Day,Clear,Main,Freight Train,25,6962,0,25004,M501,32.624246999999997,-84.473985999999996
BNSF,CH0117113,2017-01-30,12:01 AM,Derailment,0,GALESBURG,IL,18.0,4,Dark,Clear,Main,Light loco(s),8,7000,24751,31751,H702,40.909249000000003,-90.380694000000005
IC,855271,2015-06-14,12:30 PM,Derailment,0,LENZBURG,IL,85.0,2,Day,Clear,Industry,Freight Train,9,48047,7570,55617,T215,38.264102000000001,-89.814944999999994
NS,154595,2023-10-26,12:00 PM,Derailment,0,IRONDALE,AL,80.0,2,Day,Clear,Yard,Cut of cars,0,5400,5738,23786,E32C,33.555373000000003,-86.683971999999997
TRRA,19026,2019-11-12,2:30 AM,Derailment,0,MADISON,IL,15.0,4,Dark,Clear,Yard,,0,0,23000,24732,E64C,38.675378000000002,-90.162217999999996
ATK,178756,2024-03-08,6:58 PM,Obstruction,0,PELL CITY,AL,60.0,4,Dark,Cloudy,Main,Passenger Train - Pulling,31,32822,0,33222,M404,33.591470000000001,-86.266990000000007
MNCW,78597,2022-11-22,11:30 PM,Derailment,0,NEW HAVEN,CT,35.0,4,Dark,Clear,Yard,EMU,7,117663,0,117663,H607,41.296819999999997,-72.825779999999995
IR,192563,2019-08-08,2:00 PM,Hwy-rail crossing,0,YORKVILLE,IL,90.0,2,Day,Clear,Main,Light loco(s),25,0,0,0,M302,41.646388000000002,-88.409722000000002
NS,116941,2015-08-14,1:15 PM,Derailment,0,TENNILLE,GA,92.0,2,Day,Clear,Yard,Freight Train,6,40000,900,40900,H318,32.931581000000001,-82.820582999999999
NS,156730,2024-05-15,8:10 PM,Other impacts,0,TRUSSVILLE,AL,73.0,4,Dark,Clear,Main,Freight Train,6,46076,0,46076,H318,33.643610000000002,-86.572323999999995
NS,156117,2024-03-21,6:00 AM,Hwy-rail crossing,0,N/A,AL,50.0,1,Dawn,Clear,Main,Freight Train,53,3,20000,20003,M303,34.721550000000001,-87.807225000000003
NS,152880,2023-04-21,3:15 PM,Other impacts,0,DECATUR,AL,70.0,2,Day,Cloudy,Yard,Cut of cars,4,25500,1534,65321,E30C,34.612340000000003,-87.023427999999996
UP,0915PR017,2015-09-19,3:08 PM,Side collision,0,NORTHLAKE,IL,75.0,2,Day,Clear,Yard,Single Car,6,1148,1050,16973,H020,41.894928999999998,-87.898257999999998
AGR,AGR168523,2023-06-14,4:20 PM,Obstruction,0,BOLIGEE,AL,69.0,2,Day,Cloudy,Main,Freight Train,30,100000,0,100000,M404,32.826743,-88.065978999999999
NS,154908,2023-11-30,2:05 AM,Other (describe in narrative),0,IRONDALE,AL,32.0,4,Dark,Clear,Yard,Yard/switching,4,2418,102227,104645,H702,33.555373000000003,-86.683971999999997
NS,132957,2019-02-23,2:30 PM,Other impacts,0,DECATUR,IL,46.0,2,Day,Clear,Yard,Single Car,0,1113,0,13805,H312,39.854801000000002,-88.908191000000002
CSX,000183025,2019-05-17,11:46 AM,Other impacts,0,JUNCTION CITY,GA,86.0,2,Day,Clear,Main,Cut of cars,5,16657,1385,25004,M501,32.624246999999997,-84.473985999999996
NIRC,9419000960,2022-08-04,5:25 PM,Derailment,0,CHICAGO,IL,78.0,2,Day,Clear,Main,Commuter Train - Pulling,15,136,0,41588,T222,41.878194999999998,-87.638444000000007
MNCW,82472,2024-05-07,10:56 PM,Fire/violent rupture,0,STAMFORD,CT,60.0,4,Dark,Clear,Main,,0,0,25000,150000,E79L,41.055678,-73.524247000000003
NS,153690,2023-07-22,1:15 AM,Other (describe in narrative),0,IRONDALE,AL,85.0,4,Dark,Clear,Yard,Yard/switching,4,300,14717,15017,H702,33.555373000000003,-86.683971999999997
NS,153104,2023-05-17,2:35 AM,Derailment,0,IRONDALE,AL,75.0,4,Dark,Clear,Yard,Cut of cars,0,121129,155988,408586,H506,33.555373000000003,-86.683971999999997
BNSF,KS0215101,2015-02-01,6:15 AM,Derailment,0,KANSAS CITY,KS,8.0,1,Dawn,Snow,Yard,Yard/switching,5,263571,166342,429913,S015,39.075366000000002,-94.729152999999997
BNSF,CH0615101,2015-06-06,1:00 AM,Derailment,0,GALESBURG,IL,65.0,4,Dark,Clear,Yard,Yard/switching,4,64883,139247,204130,E07C,40.917074,-90.380030000000005
CSX,000152683,2015-10-01,3:35 AM,Derailment,0,WAYCROSS,GA,77.0,4,Dark,Cloudy,Yard,Yard/switching,9,42813,1500,44313,S099,31.205611000000001,-82.363512
NS,153061,2023-05-11,6:22 AM,Raking collision,0,IRONDALE,AL,66.0,1,Dawn,Cloudy,Yard,Yard/switching,2,2891,0,18391,H702,33.548904999999998,-86.678009000000003
GWR,GWRC171950,2017-12-10,3:11 PM,Hwy-rail crossing,0,GREELEY,CO,50.0,2,Day,Clear,Main,Light loco(s),10,30623,462,31085,M302,40.450468000000001,-104.773408
MNBR,MNB420023,2023-05-18,4:40 PM,Derailment,0,YANTLEY,AL,80.0,2,Day,Cloudy,Main,Freight Train,25,55000,25000,80000,M404,32.22204,-88.312259999999995
UP,0723ES010,2023-07-05,2:45 PM,Obstruction,0,CRYSTAL LAKE,IL,91.0,2,Day,Clear,Main,Spec. MoW Equip.,3,0,0,43808,H997,42.229210999999999,-88.287892999999997
UP,1020PR021,2020-10-26,7:20 AM,Derailment,0,RIVERDALE,IL,37.0,1,Dawn,Cloudy,Main,Freight Train,2,348757,0,437064,H503,41.642142,-87.650441999999998
CSX,000142306,2015-03-02,1:04 PM,Side collision,0,SAVANNAH,GA,68.0,2,Day,Clear,Yard,Yard/switching,7,39283,18500,62776,H699,32.027669000000003,-81.148944
UP,1020PR020,2020-10-26,1:00 AM,Other impacts,0,MELROSE PARK,IL,42.0,4,Dark,Cloudy,Yard,Single Car,0,40414,0,106707,H318,41.894210999999999,-87.879572999999993
BRC,14548,2022-06-24,7:18 AM,Other impacts,0,BEDFORD PARK,IL,67.0,1,Dawn,Cloudy,Yard,Yard/switching,3,13162,0,19694,H018,41.76878,-87.750349999999997
CSX,000180931,2019-01-23,12:14 PM,Hwy-rail crossing,0,KENNESAW,GA,57.0,2,Day,Clear,Main,Freight Train,28,7630,9168,16798,M303,34.022674000000002,-84.614608000000004
NS,153758,2023-07-30,12:00 PM,Derailment,0,IRONDALE,AL,78.0,2,Day,Cloudy,Yard,Single Car,8,314,0,165004,M411,33.548904999999998,-86.678009000000003
CSX,000186211,2019-10-25,11:49 AM,Hwy-rail crossing,0,RENSSELAER,IN,55.0,2,Day,Clear,Main,Freight Train,40,12484,50,12534,M303,40.914858000000002,-87.021634000000006
UP,0816CB007,2016-08-12,3:47 PM,Derailment,0,SIOUX CITY,IA,85.0,2,Day,Clear,Yard,Yard/switching,4,49178,89469,138647,H702,42.487873,-96.392474000000007
NS,153724,2023-07-27,3:20 AM,Side collision,0,CHICAGO,IL,73.0,4,Dark,Fog,Yard,Freight Train,0,35150,0,101300,H306,41.694381999999997,-87.564355000000006
CSX,000166181,2017-01-23,11:36 AM,Rear end collision,0,DANVILLE,IL,41.0,2,Day,Cloudy,Main,Freight Train,0,34363,628,136758,H605,40.182305999999997,-87.619517999999999
BNSF,PR0617118,2017-06-25,3:51 AM,Other impacts,0,PUEBLO,CO,60.0,4,Dark,Clear,Yard,Yard/switching,7,7172,0,113901,H307,38.273432999999997,-104.62869999999999
CSX,000213839,2023-10-01,11:40 PM,Derailment,0,BIRMINGHAM,AL,69.0,4,Dark,Clear,Yard,Freight Train,3,24832,97,24929,H503,33.543615000000003,-86.790110999999996
NS,116852,2015-08-07,1:11 PM,Head on collision,0,RIDDLEVILLE,GA,94.0,2,Day,Clear,Main,Freight Train,27,217632,171325,4605468,H404,32.951394999999998,-82.727132999999995
CSX,000219878,2024-08-10,3:00 AM,Derailment,0,MONTGOMERY,AL,75.0,4,Dark,Clear,Yard,Yard/switching,5,16682,1196,17878,H702,32.376041000000001,-86.326436999999999
NS,153094,2023-05-15,9:30 AM,Other (describe in narrative),0,MUSCLE SHOALS,AL,82.0,2,Day,Clear,Yard,Cut of cars,1,0,12591,12591,H310,34.712550999999998,-87.616782999999998
NS,133247,2019-03-17,10:10 PM,Derailment,0,CHICAGO,IL,34.0,4,Dark,Clear,Yard,Freight Train,6,24534,6849,31383,M506,41.795105,-87.635349000000005
NS,156594,2024-05-04,11:30 AM,Derailment,0,IRONDALE,AL,80.0,2,Day,Clear,Yard,Yard/switching,8,204761,109833,314594,H504,33.548904999999998,-86.678009000000003
BNSF,KS0822101,2022-08-03,3:51 AM,Side collision,0,KANSAS CITY,KS,72.0,4,Dark,Clear,Yard,Yard/switching,3,25500,1500,82420,H607,39.081097,-94.673795999999996
NS,156595,2024-05-03,1:30 PM,Other impacts,0,IRONDALE,AL,78.0,2,Day,Clear,Yard,Single Car,0,35774,0,37274,M411,33.548904999999998,-86.678009000000003
CC,860654,2015-07-30,4:44 AM,Hwy-rail crossing,0,ADDISON,IL,68.0,4,Dark,Clear,Main,Freight Train,38,5801,138688,144489,M308,41.909981999999999,-88.007869999999997
MNCW,77731,2022-08-11,12:45 AM,Other impacts,0,NEW HAVEN,CT,74.0,4,Dark,Cloudy,Yard,EMU,2,22476,0,22476,M507,41.294074999999999,-72.928837999999999
MNCW,77711,2022-08-07,8:10 PM,Other (describe in narrative),0,NEW HAVEN,CT,84.0,3,Dusk,Clear,Yard,Yard/switching,5,18309,3132,21441,H999,41.296165000000002,-72.924719999999994
UP,0617SL019,2017-06-27,1:30 PM,Obstruction,0,ROCKWOOD,IL,75.0,2,Day,Clear,Main,Freight Train,45,50,0,15417,H993,37.800159000000001,-89.623876999999993
NS,156507,2024-03-08,6:58 PM,Obstruction,0,PELL CITY,AL,60.0,3,Dusk,Clear,Main,,0,0,400,33222,M404,33.591493999999997,-86.266744000000003
CSX,000212612,2023-07-30,5:20 PM,Derailment,0,LINEVILLE,AL,87.0,2,Day,Clear,Main,Freight Train,40,12350,2586,14936,M204,33.218809,-85.612990999999994
NS,154228,2023-09-16,10:21 AM,Side collision,0,IRONDALE,AL,80.0,2,Day,Cloudy,Yard,Yard/switching,10,35000,0,72152,H702,33.555373000000003,-86.683971999999997
UP,0121MA035,2021-01-27,2:08 AM,Derailment,0,EAST ST LOUIS,IL,30.0,4,Dark,Cloudy,Yard,,0,0,4220,19220,H503,38.59563,-90.155866000000003
CSX,000216647,2024-03-10,5:30 AM,Other impacts,0,MOBILE,AL,50.0,1,Dawn,Clear,Yard,Yard/switching,0,47503,0,57440,H318,30.711362999999999,-88.046535000000006
NS,152740,2023-04-05,4:25 PM,Derailment,0,HELENA,AL,75.0,3,Dusk,Clear,Main,Freight Train,16,20000,700,20700,E21C,33.286014999999999,-86.930294000000004