reportingrailroadcode,accidentnumber,date,time,accidenttype,hazmatreleasedcars,station,stateabbr,temperature,visibility_code,visibility,weathercondition,tracktype,equipmenttype,trainspeed,equipmentdamagecost,trackdamagecost,totaldamagecost,primaryaccidentcausecode,latitude,longitude
NS,155841,2024-02-23,3:25 AM,Other (describe in narrative),0,IRONDALE,AL,50.0,4,Dark,Clear,Yard,Yard/switching,2,64700,20800,85500,H702,33.548904999999998,-86.678009000000003
ATK,178061,2024-01-19,4:00 PM,Obstruction,0,AVON PARK,FL,72.0,2,Day,Clear,Main,Passenger Train - Pulling,44,12167,0,12167,M404,27.59066,-81.502831999999998
BNSF,PR1217107,2017-12-10,12:25 AM,Derailment,0,PUEBLO,CO,28.0,4,Dark,Clear,Yard,Yard/switching,8,11500,0,11500,H607,38.267218999999997,-104.620127
NS,154121,2023-09-01,8:45 PM,Other impacts,0,MUSCLE SHOALS,AL,85.0,4,Dark,Clear,Yard,Single Car,0,150,0,13369,H312,34.712550999999998,-87.616782999999998
ATK,146896,2017-04-02,10:06 AM,Hwy-rail crossing,0,DANFORTH,IL,50.0,2,Day,Clear,Main,Passenger Train - Pulling,70,34118,0,34658,M302,40.795977999999998,-87.987669999999994
IC,851768,2015-06-01,2:00 AM,Hwy-rail crossing,0,LEMONT,IL,49.0,4,Dark,Clear,Industry,Freight Train,1,13793,75,13868,M302,41.680782999999998,-87.989396999999997
IAIS,2016051,2016-11-01,1:39 AM,Other impacts,0,DIXMOOR,IL,60.0,4,Dark,Clear,Yard,Yard/switching,4,63000,0,63000,H607,41.638987999999998,-87.670158999999998
NS,156341,2024-04-12,10:30 AM,Derailment,0,IRONDALE,AL,75.0,2,Day,Clear,Yard,Yard/switching,2,5600,35402,41002,E21C,33.548904999999998,-86.678009000000003
NS,133643,2019-04-21,5:25 AM,Other impacts,0,MACON,GA,46.0,1,Dawn,Clear,Yard,Cut of cars,26,172371,0,555947,H312,32.813657999999997,-83.622784999999993
GC,GCR787515,2015-11-12,2:25 AM,Derailment,0,SAVANNAH,GA,57.0,4,Dark,Clear,Yard,Freight Train,5,12829,10000,22829,E64C,32.078316000000001,-81.125426000000004
ATK,172425,2022-10-12,3:00 AM,Other (describe in narrative),0,WINDSOR LOCKS,CT,40.0,4,Dark,Clear,Siding,,0,0,32200,32200,H702,41.936539000000003,-72.626195999999993
MNCW,79544,2023-04-18,8:30 AM,Derailment,0,STAMFORD,CT,49.0,2,Day,Clear,Yard,EMU,9,73294,37157,110451,H701,41.050654999999999,-73.531084000000007
UP,0922MA014,2022-09-10,5:16 AM,Derailment,0,MODOC,IL,61.0,1,Dawn,Clear,Yard,Freight Train,9,23816,287590,311406,M203,38.018084000000002,-90.000765000000001
BNSF,PR0617118,2017-06-25,3:51 AM,Other impacts,0,PUEBLO,CO,60.0,4,Dark,Clear,Yard,Cut of cars,0,106729,0,113901,H307,38.273432999999997,-104.62869999999999
NS,134451,2019-06-22,4:30 PM,Obstruction,0,ODELL,IN,72.0,3,Dusk,Cloudy,Main,Freight Train,0,2199,27698,29897,M404,40.338161999999997,-87.125522000000004
CSX,000194860,2021-01-07,3:55 PM,Derailment,0,CHICAGO,IL,36.0,3,Dusk,Clear,Yard,Freight Train,4,16040,0,41040,H702,41.822200000000002,-87.684043000000003
BNSF,RD0822102,2022-08-04,3:55 AM,Derailment,0,ARKANSAS CITY,KS,89.0,4,Dark,Clear,Yard,Freight Train,6,20000,478000,498000,H503,37.068719000000002,-97.032719
CSX,000213555,2023-09-19,7:50 AM,Hwy-rail crossing,0,AUBURN,AL,65.0,1,Dawn,Clear,Main,Freight Train,45,9113,3045,12158,M303,32.599172000000003,-85.578931999999995
UP,0220GL008,2020-02-04,5:44 AM,Other impacts,0,CEDAR RAPIDS,IA,26.0,1,Dawn,Cloudy,Yard,,0,0,15950,52987,H020,42.004254000000003,-91.687493000000003
CSX,000215855,2024-01-27,7:23 PM,Hwy-rail crossing,0,JACKSONVILLE,FL,72.0,3,Dusk,Cloudy,Main,,0,0,116,13128,M308,30.302852999999999,-81.719988000000001
NS,155013,2023-12-10,7:25 AM,Other impacts,0,IRONDALE,AL,52.0,1,Dawn,Rain,Yard,Single Car,2,1000,9000,13200,M411,33.548904999999998,-86.678009000000003
BLF,20244034,2024-01-30,9:33 PM,Hwy-rail crossing,0,POMPANO BEACH,FL,64.0,4,Dark,Clear,Main,Passenger Train - Pulling,76,16000,0,17010,M302,26.231583000000001,-80.125822999999997
FEC,X02011024,2024-01-10,2:00 PM,Hwy-rail crossing,0,MELBOURNE,FL,65.0,2,Day,Clear,Main,,0,0,748,47980,M308,28.071437,-80.601912999999996
IHB,2789,2022-10-13,11:45 AM,Derailment,0,FRANKLIN PARK,IL,57.0,2,Day,Clear,Yard,Cut of cars,0,36640,0,37815,H312,41.919373,-87.860018999999994
CSX,000217843,2024-05-06,4:50 PM,Derailment,0,MOBILE,AL,85.0,3,Dusk,Clear,Yard,Freight Train,2,38914,487,39401,H525,30.684318999999999,-88.038593000000006
EARY,EAR495523D,2023-08-08,3:30 PM,Derailment,0,SYCAMORE,AL,95.0,2,Day,Clear,Main,Freight Train,8,100000,25000,125000,T220,33.289191000000002,-86.190991999999994
ATK,178206,2024-01-27,7:19 PM,Hwy-rail crossing,0,JACKSONVILLE,FL,71.0,4,Dark,Clear,Main,Passenger Train - Pulling,30,13012,0,13128,M308,30.302852999999999,-81.719988000000001
CFRC,23317,2023-11-13,2:30 AM,Other impacts,0,ORLANDO,FL,75.0,4,Dark,Clear,Main,Spec. MoW Equip.,5,40995,0,81990,H699,28.499848,-81.377319999999997
NS,154341,2023-09-27,11:30 AM,Other (describe in narrative),0,LINCOLN,AL,85.0,2,Day,Clear,Main,Spec. MoW Equip.,2,26000,0,26000,H402,33.613985999999997,-86.123678999999996
NS,153558,2023-07-08,4:30 AM,Derailment,0,IRONDALE,AL,71.0,1,Dawn,Cloudy,Yard,Single Car,4,600,0,11662,M411,33.548904999999998,-86.678009000000003
ALS,20200329,2020-03-29,12:15 AM,Derailment,0,EAST ST LOUIS,IL,70.0,4,Dark,Cloudy,Yard,Yard/switching,7,93000,432,93432,H504,38.622928999999999,-90.154938000000001
CC,858570,2015-07-12,2:50 AM,Derailment,0,FREEPORT,IL,75.0,4,Dark,Clear,Yard,Freight Train,8,10375,14794,25169,H511,42.305126999999999,-89.638278
CSX,000166181,2017-01-23,11:36 AM,Rear end collision,0,DANVILLE,IL,41.0,2,Day,Cloudy,Main,Freight Train,12,101767,0,136758,H605,40.182305999999997,-87.619517999999999
MNCW,2019180,2019-12-05,12:15 AM,Obstruction,0,BRIDGEPORT,CT,45.0,4,Dark,Clear,Yard,EMU,3,24296,0,24296,H307,41.184890000000003,-73.163714999999996
CSX,000205418,2022-05-26,5:24 AM,Derailment,0,HAMDEN,CT,51.0,1,Dawn,Clear,Yard,,0,0,1780,27000,H603,41.361148,-72.886551999999995
BNSF,PR1116113,2016-11-21,11:02 AM,Derailment,0,PUEBLO,CO,55.0,2,Day,Clear,Yard,Yard/switching,10,11228,28634,39862,H503,38.271678000000001,-104.623791
BNSF,CH0916103,2016-09-06,7:00 AM,Derailment,0,AFTON,IA,87.0,1,Dawn,Clear,Main,Maint./inspect Car,2,13484,0,13484,H997,41.030551000000003,-94.197350999999998
NS,116852,2015-08-07,1:11 PM,Head on collision,0,RIDDLEVILLE,GA,94.0,2,Day,Clear,Main,Freight Train,34,4216511,0,4605468,H404,32.951394999999998,-82.727132999999995
FCR,FCR192561,2019-08-06,5:10 AM,Other impacts,0,ATLANTA,GA,85.0,4,Dark,Clear,Siding,Yard/switching,20,42764,0,42764,H025,33.728104999999999,-84.590137999999996
UP,1020PR020,2020-10-26,1:00 AM,Other impacts,0,MELROSE PARK,IL,42.0,4,Dark,Cloudy,Yard,Yard/switching,4,63297,2996,106707,H318,41.894210999999999,-87.879572999999993
CSX,000177519,2018-07-09,9:32 AM,Derailment,0,CEDARTOWN,GA,90.0,2,Day,Clear,Industry,Freight Train,5,289,69658,69947,M101,34.009214999999998,-85.259237999999996
NS,153758,2023-07-30,12:00 PM,Derailment,0,IRONDALE,AL,78.0,2,Day,Cloudy,Yard,Cut of cars,8,24583,140107,165004,M411,33.548904999999998,-86.678009000000003
UP,0621GL031,2021-06-28,1:30 PM,Other impacts,0,COUNCIL BLUFFS,IA,82.0,2,Day,Cloudy,Yard,Yard/switching,5,42087,0,238288,H306,41.248818999999997,-95.875949000000006
UP,0617SL019,2017-06-27,1:30 PM,Obstruction,0,ROCKWOOD,IL,75.0,2,Day,Clear,Main,Spec. MoW Equip.,25,15367,0,15417,H993,37.800159000000001,-89.623876999999993
NS,133985,2019-05-18,10:00 PM,Other impacts,0,DECATUR,IL,63.0,4,Dark,Clear,Yard,Single Car,0,1196,0,26724,H312,39.847591999999999,-88.947449000000006
BNSF,PR0317111,2017-03-28,8:30 PM,Other impacts,0,STERLING,CO,45.0,3,Dusk,Rain,Yard,Yard/switching,4,23060,0,23060,H307,40.632672999999997,-103.19874799999999
NS,135323,2019-08-30,9:30 AM,Derailment,0,ATLANTA,GA,88.0,2,Day,Clear,Yard,Freight Train,6,15418,12317,27735,H506,33.793526999999997,-84.444462000000001
NS,156642,2024-05-09,3:05 AM,Other impacts,0,IRONDALE,AL,76.0,4,Dark,Clear,Yard,Light loco(s),8,103994,14700,222688,H702,33.548904999999998,-86.678009000000003
CC,888489,2016-05-15,11:28 AM,Other impacts,0,COUNCIL BLUFFS,IA,64.0,2,Day,Clear,Yard,Yard/switching,7,24252,240,24492,H312,41.271549999999998,-95.863151999999999
CSX,000145258,2015-04-22,1:27 PM,Derailment,0,WAYCROSS,GA,81.0,2,Day,Clear,Yard,Yard/switching,8,15601,3426,19027,M411,31.213524,-82.353588999999999
CSX,000216647,2024-03-10,5:30 AM,Other impacts,0,MOBILE,AL,50.0,1,Dawn,Clear,Yard,Yard/switching,4,9840,97,57440,H318,30.711362999999999,-88.046535000000006
NS,155013,2023-12-10,7:25 AM,Other impacts,0,IRONDALE,AL,52.0,1,Dawn,Rain,Yard,Single Car,2,1000,0,13200,M411,33.548904999999998,-86.678009000000003
ABS,230813001,2023-08-13,12:30 AM,Other impacts,0,TUSCALOOSA,AL,83.0,4,Dark,Clear,Yard,Yard/switching,5,5000,0,61000,H306,33.202063000000003,-87.573306000000002
NS,153838,2023-08-07,2:18 AM,Other (describe in narrative),0,CHICAGO,IL,68.0,4,Dark,Cloudy,Yard,Light loco(s),5,36699,2000,38699,H702,41.795347,-87.635317000000001
UP,0922MA024,2022-09-18,5:45 AM,Derailment,0,DUPO,IL,66.0,1,Dawn,Clear,Yard,Freight Train,8,14747,16720,31467,H522,38.528708000000002,-90.209247000000005
IAIS,2016024,2016-05-05,7:25 PM,Hwy-rail crossing,0,ATALISSA,IA,65.0,3,Dusk,Clear,Main,Freight Train,38,53000,159,53159,M302,41.569411000000002,-91.169032000000001
NS,153104,2023-05-17,2:35 AM,Derailment,0,IRONDALE,AL,75.0,4,Dark,Clear,Yard,Cut of cars,2,95429,0,408586,H506,33.555373000000003,-86.683971999999997
CSX,000215730,2024-01-23,1:20 PM,Derailment,0,TAMPA,FL,80.0,2,Day,Clear,Main,Yard/switching,8,67916,11771,79687,M101,27.920798000000001,-82.397585000000007
NS,154879,2023-11-24,8:45 AM,Other (describe in narrative),0,DECATUR,AL,55.0,2,Day,Cloudy,Yard,Freight Train,3,2500,12000,14500,H702,34.615470000000002,-86.983773999999997
MNBR,MNB767324D,2024-04-16,2:00 PM,Derailment,0,WHITE HALL,AL,77.0,2,Day,Clear,Main,Freight Train,10,134000,207000,341000,M405,32.331533,-86.587106000000006
NS,153715,2023-07-26,6:40 AM,Rear end collision,0,IRONDALE,AL,78.0,1,Dawn,Cloudy,Yard,Light loco(s),6,6500,1309,19561,H999,33.548904999999998,-86.678009000000003
ATK,147710,2017-05-31,2:20 PM,Hwy-rail crossing,0,DE SOTO,IL,85.0,2,Day,Clear,Main,Passenger Train - Pulling,77,18833,0,19844,M304,37.781215000000003,-89.222926999999999
ATK,166413,2021-02-13,1:10 PM,Obstruction,0,BRANFORD,CT,25.0,2,Day,Cloudy,Main,Passenger Train - Pulling,110,29661,0,29661,M404,41.275179999999999,-72.800612999999998
BLF,20243924,2024-01-12,12:56 PM,Hwy-rail crossing,0,MELBOURNE,FL,65.0,2,Day,Clear,Main,Passenger Train - Pulling,80,24503,0,25570,M308,28.071437,-80.601912999999996
IC,856858,2015-06-27,10:15 PM,Hwy-rail crossing,0,RANTOUL,IL,66.0,4,Dark,Clear,Main,,0,0,523,17071,M308,40.282752000000002,-88.171115999999998
NS,151431,2022-11-10,11:30 PM,Other impacts,0,IRONDALE,AL,59.0,4,Dark,Rain,Yard,Single Car,0,500,0,3750,M411,33.548904999999998,-86.678009000000003
UP,0521GL029,2021-05-27,9:28 PM,Derailment,0,BOONE,IA,45.0,4,Dark,Cloudy,Yard,Yard/switching,4,66337,1408,67745,H318,42.065313000000003,-93.877129999999994
NS,153558,2023-07-08,4:30 AM,Derailment,0,IRONDALE,AL,71.0,1,Dawn,Cloudy,Yard,Light loco(s),4,600,10162,11662,M411,33.548904999999998,-86.678009000000003
FEC,X03011224,2024-01-12,12:56 PM,Hwy-rail crossing,0,MELBOURNE,FL,65.0,2,Day,Clear,Main,,0,0,1067,25570,M308,28.071437,-80.601912999999996
IHB,2789,2022-10-13,11:45 AM,Derailment,0,FRANKLIN PARK,IL,57.0,2,Day,Clear,Yard,Yard/switching,4,500,675,37815,H312,41.919373,-87.860018999999994
MNCW,79320,2023-03-18,10:41 AM,Other (describe in narrative),0,NEW HAVEN,CT,47.0,2,Day,Clear,Yard,Yard/switching,5,18322,0,18322,H399,41.296526,-72.924209000000005
NS,156141,2024-03-24,8:15 AM,Other (describe in narrative),0,IRONDALE,AL,52.0,2,Day,Clear,Yard,Yard/switching,4,9900,9000,18900,H702,33.548904999999998,-86.678009000000003
NS,154996,2023-12-08,7:10 AM,Other impacts,0,IRONDALE,AL,33.0,1,Dawn,Clear,Yard,Cut of cars,10,146800,0,146800,M411,33.555373000000003,-86.683971999999997
NS,151172,2022-10-16,1:30 AM,Derailment,0,IRONDALE,AL,56.0,4,Dark,Clear,Yard,Yard/switching,8,217777,214083,431860,M404,33.555373000000003,-86.683971999999997
BLF,20243915,2024-01-10,2:00 PM,Hwy-rail crossing,0,MELBOURNE,FL,65.0,2,Day,Clear,Main,Passenger Train - Pulling,70,47232,0,47980,M308,28.071437,-80.601912999999996
NS,154121,2023-09-01,8:45 PM,Other impacts,0,MUSCLE SHOALS,AL,85.0,4,Dark,Clear,Yard,Single Car,0,1000,0,13369,H312,34.712550999999998,-87.616782999999998
NS,123868,2017-02-06,4:30 PM,Derailment,0,IRONDALE,AL,72.0,3,Dusk,Clear,Yard,Yard/switching,2,32060,0,32060,M407,33.548904999999998,-86.67801
INRD,644242,2018-08-06,8:45 PM,Derailment,0,PALESTINE,IL,90.0,3,Dusk,Clear,Main,Freight Train,5,200000,8000,208000,H704,39.004984999999998,-87.610696000000004
SLRG,SL170131A,2017-01-31,8:25 PM,Derailment,0,ALAMOSA,CO,27.0,4,Dark,Clear,Main,Freight Train,4,15250,1500,21000,H607,37.464526999999997,-105.826806
CSX,000184753,2019-08-15,7:15 AM,Hwy-rail crossing,0,JEFFERSONVILLE,IN,70.0,2,Day,Clear,Main,Freight Train,20,11728,0,11728,M302,38.330151000000001,-85.749764999999996
NS,153061,2023-05-11,6:22 AM,Raking collision,0,IRONDALE,AL,66.0,1,Dawn,Cloudy,Yard,Yard/switching,2,3000,12500,18391,H702,33.548904999999998,-86.678009000000003
IC,1065152,2021-01-31,1:20 AM,Obstruction,0,CARBONDALE,IL,48.0,4,Dark,Rain,Main,,0,0,0,15855,M404,37.723478,-89.215700999999996
CSX,000213373,2023-09-09,5:05 PM,Derailment,0,MONTGOMERY,AL,92.0,3,Dusk,Cloudy,Yard,Yard/switching,4,19382,2292,21674,H702,32.376258,-86.326211999999998
NS,115089,2015-04-01,2:45 PM,Derailment,0,MACON,GA,77.0,2,Day,Clear,Yard,Yard/switching,2,29000,4050,47850,H306,32.813729000000002,-83.622793000000001
NS,119482,2016-02-24,11:30 AM,Obstruction,0,MOUNT VERNON,IL,40.0,2,Day,Cloudy,Main,Freight Train,35,24581,0,24581,M404,38.373375000000003,-88.913758999999999
CSX,000212590,2023-07-29,8:30 PM,Derailment,0,BROOKWOOD,AL,78.0,4,Dark,Clear,Main,Freight Train,2,49995,0,89995,M599,33.271754999999999,-87.312357000000006
CSX,000184564,2019-08-03,5:42 PM,Rear end collision,0,LAWRENCEVILLE,GA,86.0,3,Dusk,Clear,Main,Freight Train,0,9900,0,14835,H607,33.957068999999997,-84.008609000000007
UP,0317DV018,2017-03-10,11:53 PM,Derailment,0,GOLDEN,CO,45.0,4,Dark,Cloudy,Main,Freight Train,7,220211,764,220975,E05C,39.933497000000003,-105.400982
NS,156595,2024-05-03,1:30 PM,Other impacts,0,IRONDALE,AL,78.0,2,Day,Clear,Yard,Single Car,6,1500,0,37274,M411,33.548904999999998,-86.678009000000003
NS,135868,2019-10-17,3:05 PM,Other (describe in narrative),0,JACKSONVILLE,IL,68.0,2,Day,Clear,Industry,Freight Train,8,19856,5143,24999,H306,39.732090999999997,-90.187297000000001
BNSF,KS0822103,2022-08-10,10:12 AM,Raking collision,0,ATTICA,KS,99.0,2,Day,Clear,Main,Freight Train,30,285000,0,285000,M501,37.263604999999998,-98.136561999999998
GC,GCR270318,2018-09-10,4:00 PM,Derailment,0,CLAXTON,GA,92.0,2,Day,Clear,Siding,Freight Train,3,15666,4153,19819,E4BC,32.143464000000002,-81.735502999999994
NS,156032,2024-03-13,3:15 PM,Hwy-rail crossing,0,VANCE,AL,78.0,2,Day,Clear,Main,Freight Train,50,314,25000,25314,M303,33.174832000000002,-87.233323999999996
NS,156642,2024-05-09,3:05 AM,Other impacts,0,IRONDALE,AL,76.0,4,Dark,Clear,Yard,Yard/switching,8,103994,0,222688,H702,33.548904999999998,-86.678009000000003
ATK,162111,2019-11-27,8:14 AM,Obstruction,0,NILWOOD,IL,39.0,2,Day,Cloudy,Main,Passenger Train - Pulling,65,15718,0,15718,M404,39.36448,-89.830876000000004
NIRC,MEJ100,2016-11-01,11:51 AM,Hwy-rail crossing,0,CHICAGO,IL,70.0,2,Day,Clear,Main,EMU,30,1482,19968,21450,M302,41.765884,-87.582504
NS,134248,2019-06-08,1:45 PM,Other (describe in narrative),0,COLUMBUS,GA,77.0,2,Day,Rain,Yard,Freight Train,2,16500,0,16500,H704,32.465828000000002,-84.982415000000003
NS,132794,2019-02-10,7:55 PM,Derailment,0,CHICAGO,IL,25.0,3,Dusk,Clear,Main,Yard/switching,5,9306,13829,23135,H704,41.820805,-87.673669000000004
MNCW,2019179,2019-12-04,8:00 PM,Other (describe in narrative),0,NEW HAVEN,CT,50.0,4,Dark,Clear,Yard,EMU,5,18174,0,18174,M507,41.297919999999998,-72.924250000000001
CSX,000167381,2017-03-10,6:03 PM,Derailment,0,RESACA,GA,58.0,3,Dusk,Clear,Main,Freight Train,19,366060,31301,397361,H519,34.614373000000001,-84.934779000000006
BNSF,HL0524107,2024-05-11,12:18 AM,Derailment,0,BIRMINGHAM,AL,65.0,4,Dark,Clear,Yard,Freight Train,3,27022,19000,46022,H525,33.536138000000001,-86.830759
NS,156169,2024-03-27,2:49 AM,Other impacts,0,IRONDALE,AL,49.0,4,Dark,Clear,Yard,Yard/switching,8,55350,16000,71350,M411,33.555373000000003,-86.683971999999997
IMRR,IMR420720O,2020-05-13,11:30 AM,Derailment,0,SPRINGFIELD,IL,55.0,2,Day,Cloudy,Yard,,0,0,681,24364,E64L,39.814998000000003,-89.633707000000001
BNSF,HL1016114,2016-10-17,10:46 AM,Derailment,0,KEOKUK,IA,85.0,2,Day,Clear,Yard,Freight Train,5,1000,177003,178003,H307,40.388995999999999,-91.386570000000006
NS,154595,2023-10-26,12:00 PM,Derailment,0,IRONDALE,AL,80.0,2,Day,Clear,Yard,Yard/switching,2,12648,0,23786,E32C,33.555373000000003,-86.683971999999997
NS,152042,2023-01-19,5:20 AM,Derailment,0,IRONDALE,AL,54.0,1,Dawn,Rain,Yard,Single Car,9,0,3082,19837,M408,33.555373000000003,-86.683971999999997
UP,0819MA030,2019-08-16,9:57 AM,Derailment,0,DUPO,IL,72.0,2,Day,Cloudy,Yard,Freight Train,16,21113,700,21813,H703,38.523313999999999,-90.212090000000003
MNCW,78598,2022-11-28,2:27 AM,Other (describe in narrative),0,NEW HAVEN,CT,54.0,4,Dark,Clear,Yard,EMU,3,18247,0,18247,H212,41.296177999999998,-72.926518999999999
BAYL,BAY748024D,2024-03-28,1:00 PM,Derailment,0,DOTHAN,AL,82.0,2,Day,Clear,Yard,Yard/switching,5,3000,9000,12000,H503,31.225339999999999,-85.374521999999999
NS,155013,2023-12-10,7:25 AM,Other impacts,0,IRONDALE,AL,52.0,1,Dawn,Rain,Yard,Single Car,2,1250,0,13200,M411,33.548904999999998,-86.678009000000003
BNSF,CH0117105,2017-01-13,6:55 PM,Derailment,0,GALESBURG,IL,25.0,3,Dusk,Clear,Yard,Yard/switching,10,98719,0,98719,S006,40.903767000000002,-90.385813999999996
NS,134721,2019-07-15,10:35 AM,Derailment,0,ELKHART,IN,90.0,2,Day,Clear,Yard,Yard/switching,4,4679,25194,29873,E07C,41.67736,-85.978494999999995
NS,154996,2023-12-08,7:10 AM,Other impacts,0,IRONDALE,AL,33.0,1,Dawn,Clear,Yard,Single Car,10,0,0,146800,M411,33.555373000000003,-86.683971999999997
IR,IR171697,2017-03-12,6:50 AM,Derailment,0,WEDRON,IL,30.0,1,Dawn,Clear,Yard,Yard/switching,6,240594,6000,246594,H307,41.420332999999999,-88.772833000000006
CSX,000193416,2020-10-22,7:36 PM,Side collision,0,RIVERDALE,IL,73.0,3,Dusk,Clear,Yard,Yard/switching,4,35254,500,36290,H306,41.649836000000001,-87.634367999999995
NS,154584,2023-10-25,4:07 AM,Other impacts,0,FORT PAYNE,AL,50.0,1,Dawn,Clear,Main,Freight Train,3,40900,0,40900,H401,34.521251999999997,-85.650045000000006
NIRC,9419001046,2022-09-16,1:06 PM,Hwy-rail crossing,0,TINLEY PARK,IL,81.0,2,Day,Clear,Main,Commuter Train - Pushing,70,34287,2493,36780,M308,41.590299999999999,-87.755579999999995
NS,153104,2023-05-17,2:35 AM,Derailment,0,IRONDALE,AL,75.0,4,Dark,Clear,Yard,Cut of cars,0,36040,0,408586,H506,33.555373000000003,-86.683971999999997
NS,155841,2024-02-23,3:25 AM,Other (describe in narrative),0,IRONDALE,AL,50.0,4,Dark,Clear,Yard,Light loco(s),0,0,0,85500,H702,33.548904999999998,-86.678009000000003
NS,153838,2023-08-07,2:18 AM,Other (describe in narrative),0,CHICAGO,IL,68.0,4,Dark,Cloudy,Yard,Light loco(s),5,0,0,38699,H702,41.795347,-87.635317000000001
NS,155013,2023-12-10,7:25 AM,Other impacts,0,IRONDALE,AL,52.0,1,Dawn,Rain,Yard,Single Car,2,950,0,13200,M411,33.548904999999998,-86.678009000000003
CSX,000215904,2024-02-01,1:30 PM,Derailment,0,MONTGOMERY,AL,59.0,2,Day,Clear,Yard,Yard/switching,4,1959,40025,41984,H704,32.376041000000001,-86.326436999999999
CSX,000182895,2019-05-10,4:43 AM,Derailment,0,ATLANTA,GA,68.0,1,Dawn,Clear,Siding,Cut of cars,2,13795,859,14654,H318,33.725834999999996,-84.514298999999994
BNSF,PR1217111,2017-12-08,1:12 PM,Derailment,0,PUEBLO,CO,57.0,2,Day,Cloudy,Yard,Yard/switching,3,9301,15000,24301,H703,38.271397999999998,-104.625022
CSX,000180170,2018-12-04,6:26 PM,Derailment,0,SAVANNAH,GA,55.0,4,Dark,Clear,Main,Freight Train,20,105564,37480,143044,E53C,32.114857000000001,-81.171142000000003
UP,0217CB011,2017-02-16,2:17 PM,Derailment,0,SIOUX CITY,IA,62.0,2,Day,Clear,Yard,Freight Train,8,51676,103890,155566,E68L,42.483435,-96.388214000000005
NS,151431,2022-11-10,11:30 PM,Other impacts,0,IRONDALE,AL,59.0,4,Dark,Rain,Yard,Single Car,0,250,0,3750,M411,33.548904999999998,-86.678009000000003
NS,155829,2024-02-21,7:55 PM,Hwy-rail crossing,0,N/A,AL,57.0,3,Dusk,Clear,Main,Freight Train,50,288,100000,100288,M308,33.442382000000002,-86.913471000000001
UP,0317DV004,2017-03-05,6:35 PM,Derailment,0,DENVER,CO,56.0,4,Dark,Clear,Yard,Yard/switching,4,17840,99983,117823,M201,39.795262000000001,-104.99806700000001
NS,151431,2022-11-10,11:30 PM,Other impacts,0,IRONDALE,AL,59.0,4,Dark,Rain,Yard,Single Car,4,1500,0,3750,M411,33.548904999999998,-86.678009000000003
MNCW,74117,2021-02-10,1:00 AM,Other impacts,0,STAMFORD,CT,30.0,4,Dark,Clear,Yard,EMU,0,22391,0,44782,M199,41.049261000000001,-73.053405999999995
ALS,20220414,2022-04-14,7:50 AM,Raking collision,0,EAST ST LOUIS,IL,49.0,1,Dawn,Clear,Yard,Yard/switching,4,95500,33,95533,H307,38.598193999999999,-90.148401000000007
BLF,20244023,2024-01-27,6:57 PM,Hwy-rail crossing,0,BOCA RATON,FL,70.0,4,Dark,Clear,Main,Passenger Train - Pulling,62,41449,0,42623,M308,26.340899,-80.089517000000001
IC,914208,2017-02-21,11:35 PM,Other impacts,0,DECATUR,IL,53.0,4,Dark,Clear,Yard,Yard/switching,0,35000,0,36000,H020,39.855992000000001,-88.945290999999997
CSX,000214983,2023-12-08,12:09 PM,Derailment,0,DECATUR,AL,72.0,2,Day,Clear,Industry,Yard/switching,3,35163,0,35163,H306,34.614919,-86.984423000000007
UP,0521GL015,2021-05-16,1:54 PM,Derailment,10,SIBLEY,IA,73.0,2,Day,Cloudy,Main,Freight Train,46,2834847,583268,3418115,H504,43.380431999999999,-95.75958
NS,154121,2023-09-01,8:45 PM,Other impacts,0,MUSCLE SHOALS,AL,85.0,4,Dark,Clear,Yard,Single Car,4,600,11619,13369,H312,34.712550999999998,-87.616782999999998
NS,151431,2022-11-10,11:30 PM,Other impacts,0,IRONDALE,AL,59.0,4,Dark,Rain,Yard,Single Car,0,1000,0,3750,M411,33.548904999999998,-86.678009000000003
BRC,13601,2015-07-13,5:00 PM,Derailment,0,BEDFORD PARK,IL,90.0,2,Day,Clear,Yard,Light loco(s),5,24000,775,24775,H303,41.764310999999999,-87.734216000000004
BNSF,SF0515107,2015-05-17,9:00 PM,Derailment,0,MITCHELL,IL,65.0,4,Dark,Clear,Yard,Freight Train,3,44781,0,44905,H607,38.694190999999996,-90.165862000000004
NS,123655,2017-01-21,4:50 PM,Derailment,0,HALFWAY,MD,50.0,3,Dusk,Fog,Yard,Freight Train,2,12500,18000,30500,E67C,39.623914999999997,-77.736701999999994
NIRC,9419001184,2022-11-26,10:10 PM,Derailment,0,CHICAGO,IL,46.0,4,Dark,Cloudy,Main,Commuter Train - Pushing,15,0,0,51612,T222,41.885807,-87.640782999999999
NS,138597,2020-07-21,4:55 PM,Other impacts,0,ELKHART,IN,80.0,3,Dusk,Cloudy,Yard,Single Car,2,74309,0,159815,H302,41.67736,-85.978494999999995
CSX,000160916,2016-06-28,4:30 PM,Other impacts,0,AVON,IN,70.0,3,Dusk,Cloudy,Yard,Yard/switching,7,19275,0,22275,H607,39.759791,-86.327526000000006