reportingrailroadcode,accidentnumber,date,time,accidenttype,hazmatreleasedcars,station,stateabbr,temperature,visibility_code,visibility,weathercondition,tracktype,equipmenttype,trainspeed,equipmentdamagecost,trackdamagecost,totaldamagecost,primaryaccidentcausecode,latitude,longitude
IC,1132844,2023-05-14,5:20 AM,Derailment,0,GEISMAR,LA,65.0,4,Dark,Clear,Yard,Freight Train,4,21369,3513,24882,E4BC,30.180154000000002,-90.976753000000002
NOGC,OP12022016,2016-12-02,4:00 PM,Other impacts,0,HARVEY,LA,65.0,2,Day,Clear,Main,Freight Train,2,72899,0,72899,H021,29.908849,-90.079209000000006
CSX,000173576,2017-12-20,10:10 AM,Raking collision,0,FRANKLIN,KY,50.0,2,Day,Rain,Main,Freight Train,7,11039,0,19426,H302,36.787002000000001,-86.558190999999994
NS,141126,2021-04-04,7:25 PM,Derailment,0,NEW ALBANY,IN,70.0,3,Dusk,Clear,Main,Freight Train,6,181974,237715,419689,H524,38.285190999999998,-85.814102000000005
NS,142774,2021-09-06,11:45 AM,Derailment,0,IRONDALE,AL,75.0,2,Day,Clear,Yard,Single Car,0,6351,0,146240,S006,33.555371999999998,-86.683971
MBTA,1985,2015-03-10,9:40 AM,Derailment,0,BOSTON,MA,46.0,2,Day,Clear,Yard,Passenger Train - Pushing,4,150000,0,243210,H799,42.332867999999998,-71.060107000000002
CSX,000155211,2015-12-16,1:40 AM,Derailment,0,AVON,IN,41.0,4,Dark,Cloudy,Yard,Yard/switching,7,65451,17500,82951,M599,39.759791999999997,-86.327527000000003
CSX,000219886,2024-08-11,7:45 AM,Derailment,0,UNION MILLS,IN,75.0,1,Dawn,Clear,Main,Freight Train,40,119955,52438,172393,E61C,41.497672999999999,-86.764352000000002
CSX,000145852,2015-05-05,5:05 PM,Side collision,0,AUGUSTA,GA,86.0,2,Day,Clear,Yard,Light loco(s),0,0,0,17592,H307,33.455379000000001,-81.952251000000004
UP,0517DV024,2017-05-25,5:00 AM,Derailment,0,DENVER,CO,60.0,4,Dark,Clear,Yard,Yard/switching,9,17099,5980,23079,M204,39.78689,-104.99872000000001
CC,906156,2016-11-12,2:00 AM,Hwy-rail crossing,0,BURLINGTON,IL,32.0,4,Dark,Clear,Main,Freight Train,20,41600,6935,48535,M308,42.050704000000003,-88.556518999999994
KCS,16082802,2016-08-28,12:00 PM,Other impacts,0,LAKE CHARLES,LA,85.0,2,Day,Rain,Yard,Cut of cars,4,10825,0,10825,H318,30.255495,-93.304995000000005
IC,912164,2017-01-25,11:00 PM,Derailment,0,RESERVE,LA,54.0,4,Dark,Clear,Industry,Yard/switching,4,16030,6662,22692,M504,30.059949,-90.583010999999999
CSX,000217109,2024-03-30,5:30 PM,Derailment,0,LOUISVILLE,KY,55.0,3,Dusk,Clear,Yard,Yard/switching,5,33126,14983,48109,T213,38.160739999999997,-85.749135999999993
BNSF,GC0115108,2015-01-28,6:49 AM,Derailment,0,LAFAYETTE,LA,55.0,1,Dawn,Clear,Yard,Yard/switching,6,45000,19200,64200,H307,30.234793,-92.033276000000001
CMQX,1001881412,2023-04-15,8:28 AM,Derailment,0,NORTHEAST SOMERSET,ME,54.0,2,Day,Clear,Main,Freight Train,35,5235942,7536,5243478,M103,45.633287000000003,-69.898286999999996
NS,145717,2022-06-30,9:20 AM,Other impacts,0,NEW ORLEANS,LA,72.0,2,Day,Clear,Siding,Freight Train,5,22000,0,95500,H307,29.986469,-90.060862999999998
CSX,000191390,2020-07-16,7:45 AM,Derailment,0,CHICAGO,IL,72.0,1,Dawn,Clear,Yard,Freight Train,8,0,0,18975,H307,41.779542999999997,-87.679338000000001
MBTA,YR202152,2021-07-27,8:01 PM,Obstruction,0,MIDDLEBORO,MA,72.0,3,Dusk,Clear,Main,Passenger Train - Pushing,45,17048,0,17048,M101,42.260026000000003,-71.013593999999998
UP,0315PR018,2015-03-10,6:30 PM,Derailment,0,NORTHLAKE,IL,40.0,3,Dusk,Clear,Yard,Cut of cars,0,498,0,57042,S007,41.899352,-87.903808999999995
CSX,000175395,2018-03-25,6:00 PM,Derailment,0,WAYCROSS,GA,56.0,2,Day,Cloudy,Yard,Single Car,15,16076,0,69770,M407,31.213524,-82.353588000000002
CSX,000205502,2022-06-11,5:10 PM,Derailment,0,BIRMINGHAM,AL,84.0,2,Day,Clear,Yard,Yard/switching,4,19551,328,19879,H503,33.543615000000003,-86.790110999999996
NS,137004,2020-01-30,2:35 PM,Other (describe in narrative),0,GEORGETOWN,KY,41.0,2,Day,Clear,Yard,Freight Train,11,249,10655,10904,H702,38.289459999999998,-84.540288000000004
CSX,000202045,2021-12-23,6:30 PM,Fire/violent rupture,0,SHORTER,AL,50.0,3,Dusk,Clear,Main,Freight Train,50,78000,95,78095,M406,32.416029999999999,-85.964641
ATK,163135,2020-02-16,5:00 PM,Other impacts,0,BOSTON,MA,45.0,2,Day,Clear,Yard,Yard/switching,4,2553,2423,21139,H602,42.329791,-71.059291000000002
WC,1063048,2021-03-03,3:25 AM,Derailment,0,GARY,IN,36.0,4,Dark,Clear,Yard,Light loco(s),14,600,12585,13185,H607,41.629587000000001,-87.406394000000006
UP,0620GL019,2020-06-27,7:30 AM,Derailment,0,COUNCIL BLUFFS,IA,70.0,2,Day,Cloudy,Yard,Yard/switching,5,18168,13030,31198,H703,41.246608000000002,-95.875147999999996
IC,1087731,2021-11-08,7:00 PM,Derailment,0,HARAHAN,LA,58.0,2,Day,Clear,Yard,Single Car,0,45000,0,46799,H315,29.973026999999998,-90.204162999999994
CSX,000209496,2023-01-26,12:56 AM,Derailment,0,MONTGOMERY,AL,39.0,4,Dark,Clear,Yard,Yard/switching,8,62478,0,64437,H703,32.376258,-86.326211999999998
NS,134624,2019-07-07,2:02 PM,Other impacts,0,IRONDALE,AL,86.0,2,Day,Cloudy,Yard,Yard/switching,4,29000,450,29450,S007,33.548904999999998,-86.67801
NS,146414,2022-09-06,1:30 PM,Other (describe in narrative),0,BIRMINGHAM,AL,80.0,2,Day,Cloudy,Industry,Yard/switching,3,10920,28843,39763,H307,33.535307000000003,-86.757785999999996
UP,1123ES023,2023-11-14,11:35 AM,Obstruction,0,ALEXANDRIA,LA,63.0,2,Day,Cloudy,Main,Spec. MoW Equip.,0,6489,0,6489,H997,31.194890000000001,-92.422341000000003
UP,0719PR014,2019-07-07,3:17 AM,Other impacts,0,NORTHLAKE,IL,68.0,4,Dark,Clear,Yard,Single Car,0,19669,0,31312,M411,41.898919999999997,-87.907863000000006
NS,153691,2023-07-22,1:37 AM,Other (describe in narrative),0,CHICAGO,IL,64.0,4,Dark,Clear,Yard,Freight Train,4,14460,11955,26415,H702,41.809671999999999,-87.635774999999995
NS,139460,2020-10-18,7:45 PM,Other impacts,0,IRONDALE,AL,72.0,3,Dusk,Clear,Yard,Single Car,0,400,0,11494,M411,33.548904999999998,-86.67801
MBTA,7018,2016-06-05,9:00 AM,Other (describe in narrative),0,FRAMINGHAM,MA,65.0,2,Day,Clear,Main,Spec. MoW Equip.,5,0,24167,24167,H999,42.275070999999997,-71.425557999999995
TASD,D20220908A,2022-09-08,4:30 AM,Derailment,0,MOBILE,AL,70.0,4,Dark,Clear,Industry,Freight Train,4,29150,127,29277,M101,30.654284000000001,-88.042299
CSX,000220124,2024-08-25,5:02 PM,Derailment,0,INDIANAPOLIS,IN,78.0,3,Dusk,Cloudy,Yard,Yard/switching,0,55700,0,91245,H305,39.759798000000004,-86.327516000000003
CSX,000180640,2019-01-03,12:38 AM,Hwy-rail crossing,0,CLARKSVILLE,IN,41.0,4,Dark,Clear,Main,Freight Train,41,8493,0,33493,M399,38.341977999999997,-85.747524999999996
KCS,19070401,2019-07-04,4:50 AM,Derailment,0,BATON ROUGE,LA,90.0,4,Dark,Clear,Industry,Cut of cars,0,0,0,17931,H306,30.565795999999999,-91.205782999999997
CSX,000191039,2020-06-24,8:29 PM,Other impacts,0,INDIANAPOLIS,IN,80.0,4,Dark,Clear,Yard,Single Car,4,9222,0,17980,M407,39.759791,-86.327526000000006
UP,0624PR015,2024-06-29,12:40 AM,Derailment,0,MELROSE PARK,IL,64.0,4,Dark,Cloudy,Yard,Freight Train,6,5285,241632,246917,M101,41.894495999999997,-87.877694000000005
NS,130081,2018-07-04,5:06 AM,Other impacts,0,ELKHART,IN,70.0,1,Dawn,Clear,Yard,Yard/switching,2,1982,22633,24615,E39C,41.67736,-85.978494999999995
KCS,17061302,2017-06-13,10:30 AM,Other impacts,0,SHREVEPORT,LA,84.0,2,Day,Clear,Yard,Single Car,0,10378,0,22172,M411,32.535843,-93.835273000000001
MNBR,MNB656720,2020-09-03,9:35 AM,Hwy-rail crossing,0,THOMASTON,AL,82.0,2,Day,Clear,Main,Freight Train,25,5000,20000,25000,M303,32.264392999999998,-87.625398000000004
BRS,231010003,2023-10-10,6:25 PM,Other impacts,0,BATON ROUGE,LA,75.0,3,Dusk,Cloudy,Yard,Single Car,7,10044,3612,19313,H021,30.576073999999998,-91.212790999999996
NS,141011,2021-03-23,11:05 AM,Side collision,0,ELKHART,IN,68.0,2,Day,Clear,Main,Freight Train,4,153427,0,407480,E30C,41.677391,-85.978436000000002
BNSF,CH1222114,2022-12-22,10:30 PM,Derailment,0,GALESBURG,IL,-5.0,4,Dark,Snow,Yard,Yard/switching,4,34130,0,34130,M101,40.932248999999999,-90.372146000000001
CP,1001416213,2021-01-22,6:20 PM,Hwy-rail crossing,0,PRINCETON,IA,25.0,3,Dusk,Clear,Main,Freight Train,37,21,36786,36807,M302,41.67727,-90.340787000000006
NS,152052,2023-01-20,2:14 AM,Side collision,0,ELKHART,IN,38.0,4,Dark,Cloudy,Yard,Cut of cars,8,277940,0,286151,H307,41.677391999999998,-85.978437
NS,136234,2019-11-18,5:35 PM,Other impacts,0,ELKHART,IN,42.0,3,Dusk,Cloudy,Yard,Single Car,5,35000,18735,58735,E30C,41.67736,-85.978494999999995
UP,1117LV012,2017-11-12,9:54 AM,Hwy-rail crossing,0,VACHERIE,LA,70.0,2,Day,Clear,Main,Freight Train,50,57677,1946,59623,M302,30.010289,-90.670596000000003
KCS,15080802,2015-08-08,8:20 AM,Hwy-rail crossing,0,MANSFIELD,LA,83.0,2,Day,Clear,Main,Freight Train,44,22237,255,22492,M302,31.903639999999999,-93.710059999999999
UP,0121GC013,2021-01-15,2:33 AM,Other impacts,0,LIVONIA,LA,49.0,4,Dark,Clear,Yard,Single Car,2,15847,0,33007,S016,30.525814,-91.555392999999995
BNSF,KS0316103,2016-03-14,12:02 AM,Derailment,0,CIMARRON,KS,46.0,4,Dark,Cloudy,Main,,0,0,363000,3147355,M506,37.808481999999998,-100.381272
CSX,000150324,2015-08-05,1:55 PM,Side collision,0,CHAVIES,KY,85.0,2,Day,Clear,Industry,Freight Train,3,0,0,18357,M501,37.360281000000001,-83.370547999999999
UP,0616TC007,2016-06-19,12:45 PM,Other impacts,0,EAGLE GROVE,IA,90.0,2,Day,Clear,Yard,Yard/switching,8,32,67484,68385,H021,42.675896999999999,-93.916217000000003
BLF,20244443,2024-04-18,11:16 AM,Hwy-rail crossing,0,MICCO,FL,84.0,2,Day,Clear,Main,Passenger Train - Pulling,102,22000,0,22656,M308,27.883617000000001,-80.505731999999995
IAIS,2022051,2022-11-16,7:55 PM,Derailment,0,SILVIS,IL,30.0,4,Dark,Cloudy,Yard,Freight Train,7,0,39225,39225,E4BC,41.515360000000001,-90.423547999999997
CP,1000302086,2015-11-13,11:30 PM,Derailment,0,BEDFORD PARK,IL,43.0,4,Dark,Clear,Yard,Freight Train,4,8796,0,14351,T221,41.757075999999998,-87.713616000000002
BNSF,CH1123113,2023-11-13,8:02 PM,Derailment,0,EOLA,IL,48.0,3,Dusk,Clear,Yard,Yard/switching,5,80560,0,80560,H302,41.772329999999997,-88.256082000000006
UP,0222GC012,2022-02-10,8:25 AM,Other impacts,0,WESTWEGO,LA,66.0,2,Day,Clear,Yard,Single Car,5,18560,0,33769,H307,29.918153,-90.192014999999998
IC,1139149,2023-09-21,2:00 PM,Side collision,0,CICERO,IL,60.0,2,Day,Rain,Yard,Single Car,0,1099,0,18099,H318,41.799413999999999,-87.791512999999995
UP,0317PR004,2017-03-05,9:30 PM,Derailment,0,NORTHLAKE,IL,46.0,4,Dark,Cloudy,Yard,Yard/switching,5,25444,1320,26764,H702,41.909336000000003,-87.915385999999998
UP,1222HL005,2022-12-05,3:00 AM,Other impacts,0,KANSAS CITY,KS,35.0,4,Dark,Cloudy,Yard,Single Car,0,26073,0,36864,S099,39.097535000000001,-94.666460000000001
GRS,20210718W4,2021-07-18,10:15 PM,Derailment,0,ORANGE,MA,70.0,4,Dark,Cloudy,Main,Freight Train,20,10950,107200,118150,M101,42.35324,-72.261989999999997
UP,0517PR023,2017-05-16,12:00 PM,Other (describe in narrative),0,NORTHLAKE,IL,70.0,2,Day,Clear,Yard,Single Car,0,42475,0,42475,M411,41.900159000000002,-87.911359000000004
CSX,000169991,2017-06-30,7:10 PM,Derailment,0,NEW ORLEANS,LA,87.0,2,Day,Clear,Main,Yard/switching,8,6591,16074,22665,M405,30.013075000000001,-89.987070000000003
UP,0719PR030,2019-07-26,5:00 AM,Derailment,0,SOUTH HOLLAND,IL,63.0,1,Dawn,Clear,Yard,Yard/switching,5,27448,658,28106,M410,41.634166,-87.612707999999998
CSX,000194723,2020-12-30,4:55 PM,Obstruction,0,CONNERSVILLE,IN,41.0,3,Dusk,Cloudy,Main,Freight Train,0,0,0,80277,H997,39.658925000000004,-85.217200000000005
NS,146324,2022-08-27,5:50 PM,Other impacts,0,IRONDALE,AL,82.0,3,Dusk,Clear,Yard,Single Car,0,31512,0,54635,H019,33.555371999999998,-86.683971
IC,992791,2019-03-02,10:34 PM,Derailment,0,BATON ROUGE,LA,65.0,4,Dark,Clear,Main,,0,0,500,15161,H307,30.468845999999999,-91.176950000000005
NS,133778,2019-04-30,4:30 PM,Derailment,0,PHELPS,KY,70.0,3,Dusk,Clear,Main,Freight Train,10,13324,2518,15842,E00C,37.497627999999999,-82.137814000000006
CSX,000205351,2022-06-05,5:50 AM,Derailment,0,ROSEDALE,MD,72.0,1,Dawn,Clear,Yard,Freight Train,4,75639,18588,94227,H306,39.304516999999997,-76.532484999999994
IC,872098,2015-11-23,12:02 AM,Derailment,0,MANTENO,IL,37.0,4,Dark,Clear,Main,Freight Train,35,51546,8300,59846,H503,41.251185,-87.833605000000006
IC,975478,2018-10-10,1:59 PM,Hwy-rail crossing,0,FLUKER,LA,86.0,2,Day,Clear,Main,,0,0,1300,39850,M302,30.817516999999999,-90.510321000000005
TNHR,TNH879621,2021-12-02,10:15 AM,Derailment,0,MCKENZIE,AL,65.0,2,Day,Clear,Main,Freight Train,8,15500,3600,19100,T221,31.566351999999998,-86.706083000000007
BNSF,HL1219101,2019-12-08,4:39 AM,Derailment,0,ADAMSVILLE,AL,58.0,1,Dawn,Cloudy,Main,Freight Train,15,200674,35000,235674,M599,33.579754999999999,-86.944682
UP,1222GL029,2022-12-27,2:00 PM,Other (describe in narrative),0,BOONE,IA,28.0,2,Day,Clear,Yard,Cut of cars,0,42653,0,42653,M501,42.060975999999997,-93.859230999999994
CSX,000171953,2017-10-01,2:44 PM,Derailment,0,ATLANTA,GA,64.0,2,Day,Clear,Yard,Cut of cars,0,77900,0,239835,E40C,33.790407000000002,-84.432942999999995
NS,131131,2018-09-30,12:30 PM,Derailment,0,IRONDALE,AL,85.0,2,Day,Clear,Yard,Yard/switching,5,31523,99844,131367,M405,33.548904999999998,-86.67801
CSX,000155645,2015-12-31,6:10 PM,Derailment,0,WESTFIELD,MA,38.0,4,Dark,Clear,Yard,Freight Train,3,15000,1200,16200,T220,42.130032999999997,-72.746199000000004
UP,0318PR004,2018-03-06,6:20 PM,Raking collision,0,NORTHLAKE,IL,30.0,4,Dark,Snow,Yard,Yard/switching,7,93122,141346,260441,H307,41.929884999999999,-87.914129000000003
NS,153597,2023-07-11,5:30 AM,Derailment,0,DANVILLE,KY,58.0,1,Dawn,Clear,Yard,Work train,4,1054,13887,14941,H508,37.668067999999998,-84.782201999999998
NS,151948,2023-01-08,6:25 AM,Other impacts,0,IRONDALE,AL,49.0,1,Dawn,Cloudy,Yard,Single Car,3,1767,0,11756,H316,33.548904999999998,-86.678009000000003
NS,136097,2019-11-06,9:00 AM,Other impacts,0,CHATTANOOGA,AL,52.0,2,Day,Clear,Yard,Cut of cars,0,34479,0,34773,H318,32.757798999999999,-85.601337999999998
CSX,000199154,2021-07-29,4:28 AM,Derailment,0,BIRMINGHAM,AL,80.0,4,Dark,Clear,Yard,Yard/switching,7,37677,57269,94946,S011,33.543607000000002,-86.790088999999995
UP,0621PR021,2021-06-22,10:30 PM,Other impacts,0,DOLTON,IL,60.0,4,Dark,Cloudy,Yard,Yard/switching,6,18727,5460,80840,H318,41.616239,-87.610539000000003
NS,136751,2020-01-06,1:45 PM,Derailment,0,ATLANTA,GA,58.0,2,Day,Clear,Yard,Freight Train,7,1713,14492,16205,H525,33.793886999999998,-84.445407000000003
MBTA,1957,2015-02-04,11:40 AM,Hwy-rail crossing,0,BRAINTREE,MA,30.0,2,Day,Clear,Main,Passenger Train - Pushing,56,54583,7579,62162,M306,42.187213999999997,-70.974191000000005
BNSF,KS1221109,2021-12-08,11:20 AM,Other impacts,0,KANSAS CITY,KS,46.0,2,Day,Clear,Yard,Yard/switching,3,43470,0,43470,M411,39.085884,-94.691506000000004
UP,0421GC032,2021-04-21,7:00 PM,Other impacts,0,LAKE CHARLES,LA,64.0,3,Dusk,Clear,Yard,Yard/switching,4,38432,0,42632,M411,30.238503999999999,-93.183622
NS,128274,2018-01-24,2:05 PM,Derailment,0,LOGANSPORT,IN,28.0,2,Day,Clear,Main,Freight Train,17,12214,7447,35460,E24C,40.750692999999998,-86.358407
NS,133557,2019-04-13,1:10 AM,Derailment,0,IRONDALE,AL,68.0,4,Dark,Clear,Yard,Yard/switching,7,200,30100,30300,M404,33.548904999999998,-86.67801
ALS,20151020,2015-10-20,8:15 PM,Derailment,0,EAST ST LOUIS,IL,65.0,4,Dark,Cloudy,Yard,,0,0,149016,214259,H503,38.582855000000002,-90.135947999999999
UP,0117LK018,2017-01-13,9:15 AM,Derailment,0,SHREVEPORT,LA,63.0,2,Day,Clear,Main,Freight Train,8,14314,4132,62823,E60C,32.51437,-93.744288999999995
GU,GU0827181,2018-08-27,12:15 AM,Derailment,0,GRAFTON,MA,75.0,4,Dark,Clear,Yard,,0,0,1300,13193,M599,42.240780999999998,-71.708905000000001
NS,152582,2023-03-19,7:35 AM,Other (describe in narrative),0,LOUISVILLE,KY,22.0,1,Dawn,Clear,Yard,Light loco(s),0,1100,0,14118,H306,38.263516000000003,-85.801423999999997
NS,132783,2019-02-08,9:06 PM,Derailment,0,VANCE,AL,36.0,4,Dark,Clear,Siding,Freight Train,9,68000,20557,88557,H303,33.181279000000004,-87.210845000000006
UP,0219GL093,2019-02-23,5:00 PM,Other impacts,0,MELROSE PARK,IL,39.0,2,Day,Rain,Yard,Yard/switching,2,24356,0,37838,M411,41.89873,-87.907931000000005
CSX,000190505,2020-05-27,4:54 PM,Derailment,0,INDIANAPOLIS,IN,75.0,2,Day,Clear,Yard,Cut of cars,10,52403,500,52903,S011,39.759791,-86.327526000000006
CSO,CSO221122A,2022-10-12,3:00 AM,Other (describe in narrative),0,WINDSOR LOCKS,CT,47.0,4,Dark,Cloudy,Yard,Freight Train,9,0,0,32200,H702,41.938063999999997,-72.625388999999998
AGR,AGR095723,2023-01-30,8:00 PM,Side collision,0,PINE HILL,AL,60.0,4,Dark,Cloudy,Yard,Freight Train,5,38928,0,41778,H301,31.967459999999999,-87.469949999999997
CSX,000187177,2019-12-15,6:30 PM,Derailment,0,BALTIMORE,MD,40.0,3,Dusk,Clear,Industry,Yard/switching,2,22131,0,22131,M405,39.276229000000001,-76.559669999999997
NS,132854,2019-02-14,1:10 AM,Other (describe in narrative),0,HOWARD,GA,49.0,4,Dark,Clear,Siding,Freight Train,8,750,62499,63249,H701,32.594470999999999,-84.374915999999999
IC,839326,2015-01-30,10:48 AM,Derailment,0,SALEM,IL,40.0,2,Day,Clear,Yard,Freight Train,6,6575,0,16015,T220,38.655209999999997,-88.913362000000006
UP,0524GC001,2024-05-02,6:15 AM,Other impacts,0,LOTTIE,LA,73.0,1,Dawn,Clear,Yard,Single Car,0,44654,0,160155,S016,30.526205999999998,-91.555184999999994
UP,0716KC009,2016-07-11,8:27 PM,Fire/violent rupture,0,BONNER SPRINGS,KS,85.0,3,Dusk,Clear,Main,Freight Train,55,11382,0,11382,E74L,39.053879999999999,-94.893387000000004
ATK,173615,2023-02-02,3:00 AM,Obstruction,0,OLD LYME,CT,19.0,4,Dark,Clear,Main,Spec. MoW Equip.,0,100000,0,100000,H607,41.310394000000002,-72.343408999999994
KCT,UP210730,2021-07-30,12:49 PM,Derailment,0,KANSAS CITY,KS,96.0,2,Day,Clear,Main,,0,0,5500,160623,H506,39.084788000000003,-94.611618000000007
EARY,EAR071522,2022-12-14,4:45 PM,Derailment,0,SYLACAUGA,AL,60.0,2,Day,Rain,Main,Freight Train,8,191000,20000,211000,T220,33.204313999999997,-86.210835000000003
NS,144944,2022-04-11,12:25 PM,Other impacts,0,ALTON,IL,62.0,2,Day,Rain,Yard,Single Car,0,198,0,14488,M408,38.885122000000003,-90.164027000000004
CSX,000204306,2022-04-15,9:10 PM,Derailment,0,BESSEMER,AL,62.0,4,Dark,Clear,Main,Freight Train,0,199,97,29284,H501,33.410879999999999,-86.967903000000007
CSX,000216249,2024-02-15,11:57 PM,Side collision,0,MIAMI-DADE,FL,70.0,4,Dark,Clear,Industry,Freight Train,5,11500,0,40097,H306,25.782392999999999,-80.394110999999995
BNSF,KS0621110,2021-06-24,7:15 AM,Side collision,0,KANSAS CITY,KS,63.0,1,Dawn,Cloudy,Yard,Yard/switching,4,18300,100,80228,M407,39.081237999999999,-94.674115999999998
CSX,000216406,2024-01-19,4:00 PM,Obstruction,0,AVON PARK,FL,52.0,3,Dusk,Clear,Main,,0,0,0,0,M404,27.59066,-81.502831999999998
CSX,000187791,2020-01-11,9:30 AM,Derailment,0,HOPKINSVILLE,KY,60.0,2,Day,Rain,Yard,Cut of cars,0,12293,32,27982,M105,36.818691999999999,-87.434961000000001
NOPB,D20160613F,2016-06-13,11:18 AM,Derailment,0,METAIRIE,LA,85.0,2,Day,Cloudy,Main,,0,0,13500,19032,S011,29.581479999999999,-90.101269000000002
MBTA,19098,2019-04-09,7:40 PM,Side collision,0,BOSTON,MA,40.0,4,Dark,Clear,Main,Passenger Train - Pushing,40,23499,0,427875,H221,42.343285999999999,-71.059997999999993
UP,1218GL043,2018-12-21,7:22 PM,Hwy-rail crossing,0,LE MARS,IA,30.0,3,Dusk,Cloudy,Main,Freight Train,12,38393,200,38593,M303,42.778337999999998,-96.185843000000006
IHB,2466,2018-12-02,7:00 PM,Derailment,0,HAMMOND,IN,39.0,4,Dark,Rain,Yard,Freight Train,4,22500,2500,25000,H305,41.606489000000003,-87.480531999999997
BNSF,CH0119102,2019-01-11,12:40 AM,Derailment,0,GALESBURG,IL,15.0,4,Dark,Clear,Yard,Yard/switching,7,13258,16598,29856,H607,40.916167000000002,-90.380759999999995
ATK,165083,2020-08-10,2:59 PM,Hwy-rail crossing,0,PONCHATOULA,LA,90.0,2,Day,Clear,Main,Passenger Train - Pulling,74,116000,0,116000,M302,30.407216999999999,-90.431708999999998
IHB,2477,2018-12-22,2:30 AM,Derailment,0,EAST CHICAGO,IN,30.0,4,Dark,Cloudy,Yard,,0,0,13723,13723,H503,41.650506999999998,-87.437910000000002
UP,0319HL036,2019-03-28,4:40 PM,Derailment,0,KANSAS CITY,KS,59.0,2,Day,Cloudy,Industry,Light loco(s),6,23964,150,24114,M101,39.069611999999999,-94.615059000000002
NIRC,2021072023,2021-01-01,12:46 PM,Hwy-rail crossing,0,FRANKLIN PARK,IL,20.0,2,Day,Snow,Main,Commuter Train - Pushing,40,12594,0,12594,M310,41.933459999999997,-87.851410000000001
UP,0315PR032,2015-03-30,10:00 AM,Other (describe in narrative),0,NORTHLAKE,IL,35.0,2,Day,Clear,Yard,Single Car,5,13248,0,13248,H601,41.910868000000001,-87.914991999999998
BNSF,KS1222104,2022-12-05,4:28 AM,Side collision,0,KANSAS CITY,KS,40.0,1,Dawn,Clear,Yard,Light loco(s),3,5000,39710,129116,H607,39.086976999999997,-94.694749000000002
UP,0722GC002,2022-07-01,7:40 PM,Other impacts,0,WESTWEGO,LA,81.0,3,Dusk,Clear,Yard,Yard/switching,4,59348,0,83348,H302,29.918216999999999,-90.189769999999996
NS,143386,2021-11-06,6:20 PM,Other impacts,0,ELKHART,IN,55.0,3,Dusk,Clear,Yard,Single Car,3,5429,24060,32790,S006,41.677391,-85.978436000000002
NS,143019,2021-10-01,6:24 PM,Derailment,0,IRONDALE,AL,77.0,3,Dusk,Clear,Yard,Yard/switching,2,150,30062,30212,H303,33.556530000000002,-86.682974999999999
IC,1134590,2023-06-21,2:00 AM,Side collision,0,ST ROSE,LA,80.0,4,Dark,Cloudy,Industry,Single Car,0,18000,0,18737,H020,29.948488999999999,-90.352592000000001
UP,0615CB019,2015-06-29,12:55 PM,Derailment,0,OSKALOOSA,IA,81.0,2,Day,Cloudy,Industry,Yard/switching,3,139,29750,29889,M101,41.977125000000001,-92.823143000000002
ATK,166617,2021-03-12,4:52 AM,Obstruction,0,WASHINGTON,MA,61.0,2,Day,Cloudy,Main,Passenger Train - Pulling,0,21989,0,21989,M404,42.372660000000003,-73.110029999999995
NS,125837,2017-07-17,4:40 AM,Derailment,0,LOUISVILLE,KY,73.0,1,Dawn,Clear,Main,Freight Train,3,85049,630653,715702,H702,38.273052,-85.796644000000001
UP,0616NP021,2016-06-24,1:10 PM,Derailment,0,MERINO,CO,99.0,2,Day,Clear,Main,Work train,0,19057,0,19057,M299,40.500832000000003,-103.32739100000001
BNSF,CH0515109,2015-05-24,7:45 PM,Side collision,0,GALESBURG,IL,72.0,3,Dusk,Cloudy,Yard,Yard/switching,10,13200,0,13600,M408,40.914709000000002,-90.380700000000004
UP,0223PR016,2023-02-24,4:58 AM,Other impacts,0,MELROSE PARK,IL,19.0,1,Dawn,Cloudy,Yard,Yard/switching,1,62833,0,72783,H306,41.895525999999997,-87.888945000000007
UP,0624GC001,2024-06-01,5:00 AM,Other impacts,0,LOTTIE,LA,73.0,1,Dawn,Cloudy,Yard,Single Car,0,11032,0,24128,M411,30.521791,-91.550443000000001
UP,0521ES041,2021-05-21,1:00 PM,Obstruction,0,WEST FRANKFORT,IL,80.0,2,Day,Clear,Main,Spec. MoW Equip.,25,38300,0,38300,M501,37.905878999999999,-88.928376
UP,0919GC024,2019-09-11,2:00 PM,Other impacts,0,LIVONIA,LA,92.0,2,Day,Cloudy,Yard,Single Car,3,25967,0,26466,S006,30.525873000000001,-91.555325999999994
NS,144543,2022-02-28,10:30 AM,Other impacts,0,THOMASVILLE,AL,58.0,2,Day,Clear,Main,Spec. MoW Equip.,0,5000,0,25000,H599,31.888349000000002,-87.733304000000004
BNSF,KS0221106,2021-02-19,1:12 PM,Derailment,0,KANSAS CITY,KS,25.0,2,Day,Clear,Yard,Light loco(s),5,47532,1500,49032,H702,39.076416000000002,-94.653066999999993
ATK,177968,2024-01-13,2:32 PM,Obstruction,0,STONINGTON,CT,53.0,2,Day,Cloudy,Main,Passenger Train - Pulling,0,13760,0,13760,M403,41.344929,-71.954042000000001
CSX,000205207,2022-05-26,11:36 PM,Other impacts,0,BIRMINGHAM,AL,68.0,4,Dark,Clear,Yard,Single Car,10,38470,856,123774,H318,33.543615000000003,-86.790110999999996