reportingrailroadcode,accidentnumber,date,time,accidenttype,hazmatreleasedcars,station,stateabbr,temperature,visibility_code,visibility,weathercondition,tracktype,equipmenttype,trainspeed,equipmentdamagecost,trackdamagecost,totaldamagecost,primaryaccidentcausecode,latitude,longitude
ALE,2001CONTR,2020-11-17,2:26 PM,Obstruction,0,PRICHARD,AL,73.0,2,Day,Clear,Main,Spec. MoW Equip.,0,25000,0,53000,H315,30.738817999999998,-88.087084000000004
ATK,157213,2019-01-14,8:40 AM,Raking collision,0,BOSTON,MA,20.0,2,Day,Clear,Yard,Spec. MoW Equip.,5,35000,0,35000,H999,42.240377000000002,-71.136995999999996
WC,1074278,2021-06-20,6:22 PM,Derailment,0,GARY,IN,80.0,2,Day,Clear,Yard,Yard/switching,2,11032,1216,13150,H018,41.629562999999997,-87.406386999999995
NOPB,D20150427E,2015-04-27,10:55 AM,Derailment,0,JEFFERSON,LA,75.0,2,Day,Rain,Main,Freight Train,4,280850,100435,662135,M105,29.95898,-90.181850999999995
NS,141760,2021-06-03,5:00 PM,Derailment,0,IRONDALE,AL,76.0,3,Dusk,Cloudy,Yard,Single Car,0,56043,0,130855,H317,33.548904999999998,-86.678008000000005
UP,1214PR021,2014-12-01,9:00 AM,Other impacts,0,NORTHLAKE,IL,40.0,2,Day,Clear,Yard,Single Car,4,11785,0,11785,H601,41.893481999999999,-87.875420000000005
NS,129726,2018-06-05,4:09 PM,Derailment,0,MACON,GA,79.0,3,Dusk,Clear,Yard,Yard/switching,6,133421,504,133925,M408,32.813657999999997,-83.622784999999993
SLRG,SL160429A,2016-04-29,3:39 PM,Derailment,0,MONTE VISTA,CO,34.0,2,Day,Cloudy,Main,Freight Train,25,1500,79205,80705,T221,37.532035999999998,-106.0294
CMQX,1001781814,2022-10-19,1:45 AM,Derailment,0,MILO,ME,35.0,4,Dark,Clear,Main,Freight Train,24,524992,22111,547103,M103,45.179993000000003,-68.878476000000006
UP,1221HL024,2021-12-29,10:31 AM,Broken train collision,0,PECK,KS,28.0,2,Day,Cloudy,Main,Single Car,0,7522,0,15957,H601,37.48413,-97.372579000000002
NS,135998,2019-10-30,2:35 AM,Other impacts,0,IRONDALE,AL,62.0,4,Dark,Rain,Yard,Cut of cars,3,35516,0,48331,M407,33.548904999999998,-86.67801
BNSF,KS0222109,2022-02-06,11:00 PM,Other (describe in narrative),0,KANSAS CITY,KS,33.0,4,Dark,Clear,Yard,Yard/switching,5,11647,0,11647,M599,39.085107000000001,-94.688612000000006
ALS,210620,2021-06-20,10:15 AM,Derailment,0,EAST ST LOUIS,IL,85.0,2,Day,Clear,Yard,Yard/switching,4,45000,5200,50200,S007,38.587494999999997,-90.134623000000005
CCHA,CCH102723,2023-02-12,9:59 PM,Derailment,0,SEALE,AL,37.0,4,Dark,Cloudy,Main,Freight Train,11,5000,102000,107000,E46L,32.338887,-85.053329000000005
BRS,180901002,2018-09-01,10:55 AM,Derailment,0,BATON ROUGE,LA,90.0,2,Day,Clear,Yard,Cut of cars,12,27147,0,27147,H513,30.578496000000001,-91.233540000000005
WC,1062824,2021-03-01,5:27 AM,Derailment,0,GARY,IN,27.0,4,Dark,Clear,Yard,Yard/switching,7,7783,15792,23575,E79L,41.629570999999999,-87.406436999999997
NOGC,OP072715NO,2015-07-27,11:30 PM,Derailment,0,BELLE CHASSE,LA,75.0,4,Dark,Clear,Yard,Yard/switching,3,54000,2000,56000,T223,29.832999999999998,-90.0
CSX,000163601,2016-10-16,3:46 PM,Derailment,0,LOUISVILLE,KY,80.0,2,Day,Clear,Yard,Freight Train,8,12445,2256,14701,M599,38.292163000000002,-85.510334
BNSF,CH0315108,2015-03-26,1:00 PM,Other (describe in narrative),0,SMITHSHIRE,IL,50.0,2,Day,Clear,Main,Spec. MoW Equip.,3,15000,0,15000,H997,40.800640999999999,-90.757885000000002
CSX,000170152,2017-07-11,11:26 AM,Derailment,0,HAGERSTOWN,MD,89.0,2,Day,Clear,Yard,Freight Train,4,42713,500,43213,M203,39.643760999999998,-77.735033000000001
CSX,000172891,2017-11-13,2:55 PM,Hwy-rail crossing,0,NICHOLLS,GA,73.0,2,Day,Clear,Main,Freight Train,47,11000,97,11097,M308,31.513642000000001,-82.694839999999999
BNSF,KS0716104,2016-07-19,7:50 PM,Derailment,0,TOPEKA,KS,93.0,3,Dusk,Clear,Yard,Freight Train,5,8481,8900,17381,H504,39.047170999999999,-95.665820999999994
UP,0415PR005,2015-04-10,1:15 PM,Derailment,0,STERLING,IL,56.0,2,Day,Clear,Yard,Yard/switching,4,11070,3101,14171,E64C,41.787903,-89.715008999999995
GRS,20190910P1,2019-09-10,12:45 AM,Fire/violent rupture,0,GARDNER,MA,0.0,4,Dark,Clear,Yard,Single Car,0,50400,0,50400,M599,42.567534000000002,-71.985130999999996
IC,984243,2019-01-12,5:30 AM,Derailment,0,CICERO,IL,30.0,4,Dark,Cloudy,Yard,Cut of cars,0,22765,0,123308,H702,41.832447000000002,-87.762940999999998
MBTA,19011,2019-01-17,3:00 AM,Derailment,0,SOMERVILLE,MA,20.0,4,Dark,Clear,Yard,Passenger Train - Pulling,3,18470,0,18470,H702,42.373587000000001,-71.075377000000003
NS,154344,2023-09-27,10:00 PM,Side collision,0,MUSCLE SHOALS,AL,60.0,4,Dark,Clear,Yard,Yard/switching,6,71950,0,80094,H702,34.712550999999998,-87.616782999999998
CSX,000200579,2021-10-10,11:22 PM,Other impacts,0,INDIANAPOLIS,IN,72.0,4,Dark,Clear,Yard,Cut of cars,3,26650,0,28681,H999,39.759791,-86.327526000000006
CSX,000180621,2019-01-06,2:27 PM,Derailment,0,NEW ORLEANS,LA,68.0,2,Day,Clear,Main,Light loco(s),5,200,11086,89641,H019,30.005989,-90.019451000000004
NS,144543,2022-02-28,10:30 AM,Other impacts,0,THOMASVILLE,AL,58.0,2,Day,Clear,Main,Spec. MoW Equip.,0,20000,0,25000,H599,31.888349000000002,-87.733304000000004
CC,1067153,2021-04-12,10:25 AM,Derailment,0,COUNCIL BLUFFS,IA,55.0,2,Day,Clear,Yard,Yard/switching,9,126522,5594,132116,T220,41.284387000000002,-95.863586999999995
NS,138954,2020-08-25,12:30 AM,Side collision,0,IRONDALE,AL,72.0,4,Dark,Clear,Yard,Yard/switching,4,113756,101168,350924,H702,33.548904999999998,-86.67801
NS,155386,2024-01-16,9:37 AM,Other impacts,0,RIVERSIDE,AL,19.0,2,Day,Cloudy,Main,Spec. MoW Equip.,15,15000,0,20000,H402,33.589120999999999,-86.237558000000007
NS,135596,2019-09-23,3:44 PM,Other (describe in narrative),0,DECATUR,IL,72.0,2,Day,Clear,Yard,Freight Train,8,8165,51045,59210,H525,39.861868999999999,-88.885992000000002
UP,0315PR028,2015-03-27,3:15 PM,Derailment,0,SOUTH HOLLAND,IL,36.0,2,Day,Cloudy,Yard,Freight Train,4,20917,7400,28317,M405,41.622746999999997,-87.612177000000003
BRC,13527,2015-02-23,12:30 AM,Derailment,0,BEDFORD PARK,IL,4.0,4,Dark,Clear,Yard,,0,0,3885,24343,H702,41.767426,-87.796280999999993
BNSF,KS1020103,2020-10-02,12:28 AM,Other impacts,0,KANSAS CITY,KS,57.0,4,Dark,Clear,Yard,Yard/switching,7,15774,0,15774,H317,39.085486000000003,-94.691900000000004
UP,0717LV018,2017-07-11,9:30 PM,Fire/violent rupture,0,PORT ALLEN,LA,73.0,4,Dark,Cloudy,Main,Freight Train,7,17681,0,17681,E74L,30.506606999999999,-91.204604000000003
NIRC,9419000098,2021-02-15,8:25 PM,Derailment,0,BLUE ISLAND,IL,10.0,4,Dark,Snow,Siding,EMU,3,5317,12606,17923,M101,41.655749,-87.676107999999999
NS,138569,2020-07-18,3:10 PM,Derailment,0,COALING,AL,94.0,2,Day,Clear,Main,Freight Train,39,884995,296804,1181799,H508,33.158906999999999,-87.310807999999994
CARR,CRR050801,2017-05-08,9:15 AM,Side collision,0,WORTHVILLE,KY,55.0,2,Day,Clear,Yard,Freight Train,5,24670,0,24670,M506,38.609276000000001,-85.069229000000007
EVWR,E2024JUL1D,2024-07-07,12:37 AM,Derailment,0,MOUNT VERNON,IN,76.0,4,Dark,Clear,Main,Freight Train,25,0,46041,46041,E86C,37.939216000000002,-87.907233000000005
ATK,143683,2016-08-05,3:00 PM,Other (describe in narrative),0,WESTWOOD,MA,85.0,2,Day,Clear,Main,Passenger Train - Pulling,0,17916,20000,37916,E78L,42.124124000000002,-71.184843999999998
UP,1018PR019,2018-10-15,2:30 PM,Other impacts,0,CHICAGO,IL,52.0,2,Day,Clear,Yard,Yard/switching,7,1508,0,49136,H306,41.843454000000001,-87.636653999999993
NS,143338,2021-11-02,1:45 AM,Side collision,0,ELKHART,IN,40.0,4,Dark,Clear,Yard,Yard/switching,7,16,0,11572,H305,41.677391,-85.978436000000002
CSX,000186398,2019-11-04,2:39 AM,Hwy-rail crossing,0,MCCORDSVILLE,IN,43.0,4,Dark,Clear,Main,Freight Train,20,11383,861,12244,M302,39.916718000000003,-85.881136999999995
NS,153058,2023-05-10,9:05 PM,Other impacts,0,IRONDALE,AL,72.0,4,Dark,Clear,Yard,Yard/switching,4,4100,12874,16974,M411,33.555373000000003,-86.683971999999997
NS,139858,2020-11-30,10:55 AM,Rear end collision,0,ARCOLA,IN,34.0,2,Day,Rain,Main,Spec. MoW Equip.,0,5000,0,30000,H997,41.085726000000001,-85.373352999999994
CSX,000186177,2019-10-23,8:39 AM,Obstruction,0,LOUISVILLE,KY,49.0,2,Day,Clear,Main,Spec. MoW Equip.,15,14818,0,18606,M501,38.273673000000002,-85.521225000000001
UP,0317PR011,2017-03-10,7:09 PM,Derailment,0,ROCHELLE,IL,19.0,4,Dark,Clear,Yard,Freight Train,8,28290,11873,40163,E64C,41.915264999999998,-89.087065999999993
BNSF,CH0615108,2015-06-30,11:05 AM,Derailment,0,AURORA,IL,75.0,2,Day,Clear,Yard,Yard/switching,8,18600,12000,30600,H704,41.771836999999998,-88.267696999999998
BNSF,NE0715116,2015-07-29,1:30 AM,Derailment,0,SIOUX CITY,IA,60.0,4,Dark,Clear,Main,Freight Train,9,30000,64000,94000,S011,42.507579999999997,-96.375765999999999
ATK,156901,2018-12-25,10:45 PM,Derailment,0,NEW ORLEANS,LA,65.0,4,Dark,Clear,Yard,Light loco(s),4,23384,8500,31884,H702,29.954429000000001,-90.092309999999998
CSX,000212333,2023-07-14,1:14 PM,Derailment,0,RICHMOND,KY,90.0,2,Day,Clear,Main,Freight Train,18,12164,0,12164,H601,37.732940999999997,-84.289546000000001
NS,135321,2019-08-30,4:40 AM,Other impacts,0,LOUISVILLE,KY,65.0,1,Dawn,Clear,Main,,0,0,4768,4768,H306,38.230628000000003,-85.776697999999996
BNSF,HL0322101,2022-03-01,5:49 AM,Derailment,0,BIRMINGHAM,AL,36.0,1,Dawn,Clear,Yard,Yard/switching,5,20518,4920,41394,H702,33.527486000000003,-86.848574999999997
NS,136783,2020-01-10,7:44 AM,Derailment,0,IRONDALE,AL,68.0,1,Dawn,Cloudy,Yard,Freight Train,7,18639,0,18639,H303,33.548904999999998,-86.67801
CSX,000166576,2017-02-06,4:28 AM,Hwy-rail crossing,0,SONORA,KY,45.0,1,Dawn,Clear,Main,Freight Train,23,10000,35000,45000,M303,37.580025999999997,-85.904015000000001
UP,0516LV006,2016-05-06,4:30 PM,Derailment,0,ALEXANDRIA,LA,80.0,2,Day,Clear,Yard,Yard/switching,3,19370,10262,29632,H702,31.273451000000001,-92.439514000000003
IANR,WLD0213191,2019-02-13,12:01 AM,Other impacts,0,WATERLOO,IA,8.0,4,Dark,Snow,Yard,Light loco(s),7,12461,3500,35662,H525,42.465370999999998,-92.314842999999996
UP,0822MA035,2022-08-26,9:00 PM,Other (describe in narrative),0,DUPO,IL,74.0,4,Dark,Clear,Yard,Yard/switching,4,0,16320,16320,H318,38.509492000000002,-90.216356000000005
GRS,20200309W2,2020-03-09,11:15 AM,Obstruction,0,CONWAY,MA,66.0,2,Day,Clear,Main,Spec. MoW Equip.,0,35000,0,235000,H993,42.556959999999997,-72.677903999999998
UP,0716DV002,2016-07-05,2:05 PM,Derailment,0,GRAND JUNCTION,CO,90.0,2,Day,Clear,Yard,Yard/switching,7,15955,36001,191956,H309,39.062629000000001,-108.55591200000001
BNSF,CH0623109,2023-06-15,2:47 AM,Derailment,0,STREATOR,IL,60.0,4,Dark,Clear,Yard,Freight Train,3,12000,1500,13663,H307,41.098050000000001,-88.810772
CSX,000207736,2022-10-11,11:12 AM,Other impacts,0,DECATUR,AL,73.0,2,Day,Clear,Yard,Single Car,4,18624,96,21000,H318,34.588495999999999,-86.985263000000003
KCS,19062001,2019-06-20,7:30 PM,Other impacts,0,BATON ROUGE,LA,80.0,3,Dusk,Cloudy,Industry,Yard/switching,5,9748,0,23310,H302,30.451467999999998,-91.187146999999996
TRRA,23053,2023-11-18,11:28 AM,Derailment,0,MADISON,IL,53.0,2,Day,Clear,Yard,Yard/switching,4,13697,62530,76227,H501,38.659084,-90.159006000000005
UP,0517PR027,2017-05-31,12:00 PM,Other (describe in narrative),0,NORTHLAKE,IL,75.0,2,Day,Clear,Yard,Single Car,5,11388,0,11388,M411,41.900159000000002,-87.911359000000004
KO,211130002,2021-11-30,9:30 AM,Other impacts,0,SALINA,KS,50.0,2,Day,Clear,Industry,Yard/switching,3,20503,0,24003,H302,38.857007000000003,-97.659285999999994
NS,138695,2020-07-30,9:45 PM,Derailment,0,PER,IN,69.0,4,Dark,Clear,Main,Freight Train,7,68083,25533,93616,H303,40.789603,-85.902089000000004
KCS,15042003,2015-04-20,2:40 PM,Other impacts,0,LAKE CHARLES,LA,75.0,2,Day,Clear,Yard,Single Car,2,34181,0,34181,H318,30.253606000000001,-93.304281000000003
UP,0524GC005,2024-05-03,1:25 PM,Other impacts,0,SULPHUR,LA,67.0,2,Day,Rain,Yard,Freight Train,5,25639,0,25639,H999,30.237231999999999,-93.463592000000006
MBTA,5707,2017-01-01,1:15 PM,Hwy-rail crossing,0,HOLBROOK,MA,41.0,2,Day,Clear,Main,Passenger Train - Pulling,40,15768,0,15768,M308,42.156336000000003,-71.027381000000005
CSX,000219441,2024-07-20,12:00 AM,Derailment,0,CLOVERDALE,IN,79.0,4,Dark,Clear,Industry,Single Car,2,51328,3900,55228,M501,39.514091999999998,-86.797308000000001
UP,0219GC018,2019-02-11,12:49 AM,Derailment,0,ALEXANDRIA,LA,58.0,4,Dark,Fog,Yard,Yard/switching,7,9210,8003,17213,H306,31.251073999999999,-92.434673000000004
IHB,2099,2015-05-08,11:05 PM,Derailment,0,RIVERDALE,IL,60.0,4,Dark,Rain,Yard,Yard/switching,5,86836,3815,90651,M507,41.640886999999999,-87.657505
MBTA,7086,2018-03-08,2:55 PM,Derailment,0,BOSTON,MA,40.0,2,Day,Clear,Yard,Passenger Train - Pulling,6,21145,0,21145,H607,42.241287999999997,-71.128660999999994
BNSF,KS0421101,2021-04-07,3:30 PM,Derailment,0,HOLCOMB,KS,45.0,2,Day,Clear,Industry,Freight Train,5,27600,9000,36600,M101,37.929794000000001,-100.982846
CSX,000151486,2015-08-31,2:30 PM,Side collision,0,WEST SPRINGFIELD,MA,84.0,2,Day,Clear,Yard,Cut of cars,3,38135,0,38335,H318,42.098748000000001,-72.603181000000006
BRC,13646,2015-11-06,3:45 AM,Other impacts,0,BEDFORD PARK,IL,55.0,4,Dark,Clear,Yard,Yard/switching,4,18513,5555,24068,S007,41.762582000000002,-87.729752000000005
BLF,20244114,2024-02-16,7:01 PM,Other impacts,0,VERO BEACH,FL,71.0,4,Dark,Clear,Main,Passenger Train - Pulling,79,16000,0,16000,M599,27.609090999999999,-80.384569999999997
ABS,231128003,2023-11-28,4:30 AM,Derailment,0,TUSCALOOSA,AL,29.0,4,Dark,Clear,Yard,Cut of cars,0,277000,0,434500,H504,33.201104000000001,-87.570423000000005
NICD,N1700041,2017-12-07,4:50 AM,Hwy-rail crossing,0,MICHIGAN CITY,IN,15.0,4,Dark,Snow,Main,Passenger Train - Pulling,20,20673,0,20673,M399,41.712702,-86.894265000000004
UP,0123HL013,2023-01-18,2:37 AM,Other impacts,0,TOPEKA,KS,39.0,4,Dark,Cloudy,Yard,Light loco(s),0,0,0,37095,H318,39.067722000000003,-95.672306000000006
UP,1221GC013,2021-12-17,12:01 AM,Other impacts,0,MARINGOUIN,LA,67.0,4,Dark,Cloudy,Yard,Single Car,5,536,0,22098,M411,30.527246000000002,-91.557302000000007
UP,1017LV029,2017-10-31,10:30 PM,Hwy-rail crossing,0,COUSHATTA,LA,65.0,4,Dark,Rain,Main,Freight Train,10,1648,69180,70828,M304,31.980081999999999,-93.363477000000003
ATK,164091,2020-04-12,5:05 PM,Obstruction,0,YORK,AL,76.0,2,Day,Rain,Main,Passenger Train - Pulling,63,12500,0,12500,M404,32.477334999999997,-88.313372999999999
NS,125008,2017-05-10,1:35 PM,Other impacts,0,DANVILLE,KY,76.0,2,Day,Clear,Yard,Freight Train,0,42172,0,51172,H017,37.682406999999998,-84.781724999999994
UP,0524GC031,2024-05-24,4:50 AM,Other impacts,0,LOTTIE,LA,76.0,1,Dawn,Cloudy,Yard,Yard/switching,6,192261,0,194887,S016,30.526492999999999,-91.554597999999999
CSX,000190077,2020-05-04,11:45 PM,Obstruction,0,ELKMONT,AL,65.0,4,Dark,Cloudy,Main,Freight Train,40,12139,97,12236,M404,34.910114,-86.902747000000005
CSX,000200790,2021-10-20,1:42 AM,Other impacts,0,BIRMINGHAM,AL,56.0,4,Dark,Clear,Yard,Freight Train,7,185045,1486,213361,H306,33.543607000000002,-86.790088999999995
CSX,000166388,2017-01-29,5:15 AM,Broken train collision,0,CUMBERLAND,MD,26.0,4,Dark,Cloudy,Yard,Cut of cars,4,6468,1130,55616,E30C,39.630276000000002,-78.753443000000004
NS,135962,2019-10-26,9:25 PM,Other (describe in narrative),0,IRONDALE,AL,65.0,4,Dark,Clear,Yard,Yard/switching,10,242210,72903,315113,H306,33.548904999999998,-86.67801
CSX,000180590,2019-01-02,11:33 AM,Other impacts,0,INDIANAPOLIS,IN,37.0,2,Day,Cloudy,Industry,Yard/switching,3,4000,0,18100,H018,39.806683999999997,-86.045503999999994
UP,0915LV010,2015-09-11,10:45 AM,Derailment,0,TIOGA,LA,85.0,2,Day,Cloudy,Main,Cut of cars,0,19699,0,121361,H511,31.372648000000002,-92.435948999999994
NS,157512,2024-07-28,8:30 AM,Side collision,0,IRONDALE,AL,79.0,2,Day,Clear,Yard,Freight Train,4,20955,0,20955,H302,33.548904999999998,-86.678009000000003
UP,1122GC036,2022-11-29,8:00 PM,Derailment,0,REEVES,LA,75.0,4,Dark,Cloudy,Siding,Freight Train,5,10112,162562,172674,H701,30.518993999999999,-93.043231000000006
CSX,000189339,2020-03-26,2:00 PM,Hwy-rail crossing,0,AUBURN,AL,80.0,2,Day,Clear,Main,Freight Train,38,4547,9777,14324,M303,32.609378,-85.503255999999993
NS,137746,2020-04-16,6:18 AM,Derailment,0,EAST CHICAGO,IN,31.0,1,Dawn,Clear,Main,Freight Train,25,15138,41764,56902,E52C,41.655045999999999,-87.445042000000001
IHB,2170,2016-01-17,6:30 PM,Other (describe in narrative),0,EAST CHICAGO,IN,2.0,4,Dark,Cloudy,Yard,Yard/switching,8,64502,885,65387,H702,41.651437999999999,-87.438889000000003
NS,146309,2022-08-28,3:50 PM,Derailment,0,IRONDALE,AL,88.0,2,Day,Clear,Yard,Yard/switching,3,43577,1790,45367,M101,33.548248999999998,-86.690658999999997
NS,146656,2022-09-30,2:25 PM,Other impacts,0,IRONDALE,AL,51.0,2,Day,Clear,Yard,Cut of cars,3,28895,0,34775,H310,33.548904999999998,-86.678008000000005
TRRA,21002I,2021-01-20,5:03 AM,Derailment,0,EAST ST LOUIS,IL,24.0,4,Dark,Clear,Industry,Yard/switching,2,20431,33095,53526,H306,38.614831000000002,-90.179728999999995
NS,128890,2018-03-18,11:14 PM,Head on collision,0,LEXINGTON,KY,40.0,4,Dark,Clear,Main,Freight Train,0,2746367,0,4000114,H221,38.173831999999997,-84.541094000000001
BNSF,HL0319111,2019-03-11,2:05 AM,Derailment,0,KEOKUK,IA,33.0,4,Dark,Clear,Main,Freight Train,25,586632,970807,1557439,E59C,40.390725000000003,-91.380520000000004
PSBX,17060401,2017-06-04,4:20 AM,Other impacts,0,SHREVEPORT,LA,80.0,4,Dark,Clear,Yard,Yard/switching,4,13662,364,20753,H306,32.366487999999997,-93.643587999999994
NS,151023,2022-10-02,4:10 AM,Derailment,0,NATURAL BRIDGE,AL,45.0,1,Dawn,Clear,Main,Freight Train,23,28224,39413,67637,E00C,34.070449000000004,-87.583697000000001
CSS,CSS1219141,2014-12-19,5:20 AM,Derailment,0,MICHIGAN CITY,IN,30.0,4,Dark,Cloudy,Yard,Freight Train,8,361461,40228,434450,M507,41.705401999999999,-86.926469999999995
NS,145252,2022-05-11,4:07 PM,Other impacts,0,MAYLENE,AL,88.0,3,Dusk,Clear,Main,Spec. MoW Equip.,15,18000,13,18013,H402,33.217748,-86.886427999999995
UP,0118LV071,2018-01-22,1:50 PM,Derailment,0,LIVONIA,LA,60.0,2,Day,Clear,Yard,Light loco(s),4,37240,916,38156,H702,30.532744999999998,-91.561014
LIRC,0306202001,2020-03-06,4:10 PM,Hwy-rail crossing,0,EDINBURG,IN,37.0,2,Day,Cloudy,Main,Freight Train,48,1100,11000,12100,M308,39.346600000000002,-85.962699999999998
KCS,15042003,2015-04-20,2:40 PM,Other impacts,0,MOSSVILLE,LA,75.0,2,Day,Clear,Yard,Yard/switching,6,0,0,34181,H318,30.253606000000001,-93.304281000000003
KCS,22012601,2022-01-26,5:35 PM,Derailment,0,NEW ORLEANS,LA,55.0,2,Day,Clear,Yard,Freight Train,6,4356,12962,17318,H704,29.971561999999999,-90.121127999999999
NS,120978,2016-06-12,12:47 AM,Other impacts,0,ELKHART,IN,68.0,4,Dark,Clear,Yard,Yard/switching,8,14115,0,14115,M505,41.67736,-85.978494999999995
BNSF,CH0622117,2022-06-08,8:36 PM,Obstruction,0,ALTONA,IL,68.0,3,Dusk,Clear,Main,,0,0,0,117663,M404,41.133012000000001,-90.118224999999995
UP,0319HL031,2019-03-25,8:30 PM,Derailment,0,KANSAS CITY,KS,51.0,4,Dark,Cloudy,Yard,Yard/switching,3,5532,19630,25162,E35C,39.096198000000001,-94.662423000000004
CSX,000211850,2023-06-16,11:20 AM,Derailment,0,BUCKNER,KY,72.0,2,Day,Clear,Industry,Freight Train,2,273,12753,13026,H306,38.382281999999996,-85.440882000000002
ATK,148735,2017-08-01,5:00 PM,Derailment,0,WASHINGTON,DC,87.0,2,Day,Cloudy,Yard,Light loco(s),0,23594,500,24094,H799,38.917101000000002,-76.988123999999999
BRC,14268,2019-06-09,12:40 PM,Derailment,0,BEDFORD PARK,IL,70.0,2,Day,Clear,Yard,Yard/switching,7,972408,0,972408,H306,41.768031000000001,-87.760457000000002
PW,PWR791224A,2024-05-07,10:56 PM,Fire/violent rupture,0,STAMFORD,CT,60.0,4,Dark,Clear,Main,Freight Train,20,125000,0,150000,E79L,41.055678,-73.524247000000003
CSX,000215273,2023-12-31,1:09 AM,Hwy-rail crossing,0,HORSE CAVE,KY,32.0,4,Dark,Clear,Main,Freight Train,46,159,43785,43944,M308,37.179606,-85.907999000000004
BNSF,KS0622110,2022-06-11,1:30 AM,Derailment,0,KANSAS CITY,KS,75.0,4,Dark,Clear,Yard,Yard/switching,10,52300,0,52300,M411,39.085203999999997,-94.686462000000006
CSX,000210415,2023-03-21,11:12 PM,Derailment,0,MONTGOMERY,AL,49.0,4,Dark,Clear,Yard,Yard/switching,4,23563,580,24143,E32C,32.376061,-86.326449999999994
BNSF,CH0221120,2021-02-24,5:40 PM,Derailment,0,CHILLICOTHE,IA,5.0,3,Dusk,Clear,Industry,Freight Train,4,28000,0,28000,H607,41.090983999999999,-92.552428000000006
CSX,000137735,2014-11-18,1:40 AM,Other impacts,0,ROMULUS,MI,13.0,4,Dark,Clear,Industry,Cut of cars,0,239,0,16992,H302,42.223869000000001,-83.395345000000006
LAS,M644214,2014-12-01,8:30 PM,Fire/violent rupture,0,BRYCELAND,LA,46.0,4,Dark,Rain,Main,Yard/switching,0,100000,2800,102800,E74L,32.233544999999999,-92.574164999999994
UP,0121GL016,2021-01-20,3:15 PM,Hwy-rail crossing,0,LU VERNE,IA,37.0,2,Day,Cloudy,Main,Freight Train,25,33470,1155,34625,M302,42.980297999999998,-94.159103000000002
CSX,000203170,2022-02-17,11:25 PM,Other impacts,0,MOBILE,AL,63.0,4,Dark,Rain,Yard,Cut of cars,2,3938,0,12902,H318,30.711362999999999,-88.046535000000006
NS,151564,2022-11-27,2:30 AM,Side collision,0,IRONDALE,AL,55.0,4,Dark,Clear,Yard,Cut of cars,3,0,0,0,M408,33.548904999999998,-86.678009000000003
KCS,19041101,2019-04-11,8:48 AM,Obstruction,0,DE QUINCY,LA,75.0,2,Day,Clear,Main,Freight Train,33,25859,0,25859,M402,30.453440000000001,-93.434270999999995
CSX,000196349,2021-03-16,12:03 AM,Derailment,0,HOMEWOOD,AL,65.0,4,Dark,Rain,Main,Freight Train,21,144291,0,180449,E27C,33.439867999999997,-86.846784999999997
CSX,000196845,2021-04-08,12:55 AM,Derailment,0,BIRMINGHAM,AL,39.0,4,Dark,Clear,Industry,Yard/switching,4,149655,1352,151790,M405,33.543664,-86.809414000000004
NS,126290,2017-08-18,10:45 PM,Derailment,0,NEW HAVEN,IN,75.0,4,Dark,Clear,Main,Freight Train,25,264942,337833,602775,E65C,41.073407000000003,-85.024884
IC,1094348,2022-02-09,4:00 AM,Side collision,0,CHAMPAIGN,IL,33.0,4,Dark,Clear,Yard,Yard/switching,1,18500,0,18500,H302,40.167372999999998,-88.219257999999996
BNSF,CH0115113,2015-01-17,6:50 AM,Other (describe in narrative),0,GALESBURG,IL,35.0,1,Dawn,Clear,Main,Yard/switching,10,250,19081,19331,H503,40.940350000000002,-90.368279999999999
BNSF,CH0317121,2017-03-26,1:00 PM,Derailment,0,CHICAGO,IL,60.0,2,Day,Cloudy,Yard,,0,0,750,10750,H704,41.860582999999998,-87.640810000000002
NS,131044,2018-09-22,7:30 PM,Derailment,0,IRONDALE,AL,78.0,3,Dusk,Clear,Yard,Freight Train,10,9064,9355,18419,M405,33.548904999999998,-86.67801
CSX,000207391,2022-09-21,4:37 AM,Hwy-rail crossing,0,TERRE HAUTE,IN,75.0,4,Dark,Clear,Main,Freight Train,50,10494,0,12079,M303,39.554744999999997,-87.276291000000001
BNSF,KS1221118,2021-12-30,4:54 PM,Derailment,0,KANSAS CITY,KS,50.0,2,Day,Clear,Yard,Yard/switching,4,4579,14774,19353,M409,39.074784000000001,-94.651594000000003
UP,1217LV038,2017-12-30,12:05 PM,Other (describe in narrative),0,LIVONIA,LA,40.0,2,Day,Cloudy,Yard,Single Car,3,26651,0,26651,M411,30.520987999999999,-91.551672999999994
UP,0321HL020,2021-03-29,10:57 AM,Derailment,0,WICHITA,KS,58.0,2,Day,Clear,Main,Freight Train,8,15393,0,15393,E40C,37.715088000000002,-97.330764000000002
CSX,000212776,2023-08-07,8:03 AM,Derailment,0,COVINGTON,KY,80.0,2,Day,Clear,Main,Freight Train,5,5530,6278,11808,M204,39.051122999999997,-84.499251000000001
UP,0119GL010,2019-01-10,1:02 PM,Other impacts,0,AMES,IA,29.0,2,Day,Clear,Main,Work train,5,500,50,114560,E89C,42.02908,-93.570425999999998