reportingrailroadcode,accidentnumber,date,time,accidenttype,hazmatreleasedcars,station,stateabbr,temperature,visibility_code,visibility,weathercondition,tracktype,equipmenttype,trainspeed,equipmentdamagecost,trackdamagecost,totaldamagecost,primaryaccidentcausecode,latitude,longitude
UP,0418UT019,2018-04-22,11:55 PM,Derailment,0,POCATELLO,ID,50.0,4,Dark,Rain,Yard,Yard/switching,6,7201,5049,12250,H702,42.858162,-112.443316
CSX,000187283,2019-12-21,2:00 AM,Other impacts,0,BIRMINGHAM,AL,53.0,4,Dark,Clear,Yard,Yard/switching,10,14622,66248,382258,E34C,33.543607000000002,-86.790088999999995
UP,1018LV031,2018-10-28,1:00 PM,Other impacts,0,SULPHUR,LA,78.0,2,Day,Clear,Yard,Single Car,4,14914,0,20474,H318,30.229728000000001,-93.296375999999995
CSX,000211245,2023-05-09,12:15 AM,Derailment,0,BIRMINGHAM,AL,69.0,4,Dark,Cloudy,Main,Freight Train,10,7528,5060,12588,E67C,33.484195,-86.828196000000005
IAIS,2022053,2022-12-06,12:00 PM,Hwy-rail crossing,0,SPARLAND,IL,44.0,2,Day,Cloudy,Main,Light loco(s),24,0,0,0,M308,41.027486000000003,-89.438365000000005
UP,0519GL001,2019-05-01,8:30 PM,Other impacts,0,MELROSE PARK,IL,55.0,4,Dark,Rain,Yard,Cut of cars,2,3442,0,47388,H020,41.899571999999999,-87.907650000000004
CSX,000185981,2019-10-14,9:30 PM,Derailment,0,RUSSELL,KY,52.0,4,Dark,Clear,Yard,Yard/switching,4,34218,100,34318,E27C,38.531874000000002,-82.697192000000001
UP,1217PR019,2017-12-20,4:00 PM,Other (describe in narrative),0,MELROSE PARK,IL,30.0,2,Day,Clear,Yard,Single Car,5,15229,0,15229,M411,41.89873,-87.908321999999998
KCS,17060301,2017-06-03,11:16 PM,Derailment,0,LEESVILLE,LA,75.0,4,Dark,Clear,Main,Freight Train,7,31107,28073,59180,H513,31.120258,-93.268503999999993
UP,1215KC009,2015-12-12,4:25 AM,Derailment,0,HAVILAND,KS,30.0,4,Dark,Clear,Industry,Freight Train,3,56463,32190,88653,T221,37.615229999999997,-99.106105999999997
ATK,154583,2018-08-02,11:50 PM,Derailment,0,WASHINGTON,DC,86.0,4,Dark,Clear,Main,Passenger Train - Pulling,12,30364,8000,38364,M405,38.897300000000001,-77.006299999999996
UP,1021GC023,2021-10-09,5:24 PM,Other impacts,0,MARINGOUIN,LA,85.0,2,Day,Clear,Yard,Cut of cars,6,39928,0,39983,M411,30.526183,-91.554981999999995
BNSF,CH0322113,2022-03-18,11:53 AM,Other impacts,0,EOLA,IL,55.0,2,Day,Cloudy,Yard,Freight Train,1,1890,0,31224,H307,41.769987999999998,-88.274472000000003
CP,1001255115,2020-06-10,7:09 PM,Side collision,0,MASON CITY,IA,70.0,3,Dusk,Clear,Main,Freight Train,14,17155,42,22881,H018,43.139065000000002,-93.168677000000002
CSX,000201531,2021-11-27,12:55 PM,Other impacts,0,INDIANAPOLIS,IN,36.0,2,Day,Clear,Yard,Single Car,3,2544,1154,11130,S007,39.759791,-86.327526000000006
NS,142919,2021-09-22,10:30 PM,Derailment,0,BIRMINGHAM,AL,72.0,4,Dark,Clear,Main,,0,0,45000,166462,H519,33.508499,-86.814531000000002
UP,0319MA043,2019-03-28,6:03 PM,Derailment,0,EAST ST LOUIS,IL,61.0,3,Dusk,Cloudy,Yard,Freight Train,2,13612,0,15747,H526,38.589612000000002,-90.138829000000001
BNSF,RD1222106,2022-12-08,10:45 PM,Derailment,0,LAFAYETTE,LA,50.0,4,Dark,Clear,Yard,Yard/switching,8,7550,47754,55304,H702,30.234480999999999,-92.047319999999999
NS,121778,2016-08-22,3:30 AM,Raking collision,0,IRONDALE,AL,77.0,4,Dark,Clear,Yard,Yard/switching,1,11062,0,19364,H316,33.548904999999998,-86.67801
ABS,210129004,2021-01-29,8:15 PM,Derailment,0,TUSCALOOSA,AL,35.0,4,Dark,Clear,Industry,Yard/switching,4,12200,10300,22500,H510,33.202584999999999,-87.603736999999995
IC,994929,2019-04-17,12:55 AM,Side collision,0,GEISMAR,LA,64.0,4,Dark,Clear,Yard,Yard/switching,4,8500,150,12845,H702,30.179773999999998,-90.978522999999996
MMID,MMI428523D,2023-05-25,10:45 AM,Derailment,0,FINKSBURG,MD,68.0,2,Day,Clear,Main,Freight Train,17,48975,0,48975,M204,39.541189000000003,-76.896704
IANR,WLD0213191,2019-02-13,12:01 AM,Other impacts,0,WATERLOO,IA,8.0,4,Dark,Snow,Yard,Light loco(s),0,19701,0,35662,H525,42.465370999999998,-92.314842999999996
TRRA,24023OR,2024-07-20,6:35 AM,Derailment,0,EAST ST LOUIS,IL,65.0,2,Day,Clear,Main,,0,0,5657,21667,H518,38.595554999999997,-90.156110999999996
UP,0520MA027,2020-05-22,6:00 AM,Obstruction,0,SHREVEPORT,LA,73.0,1,Dawn,Cloudy,Industry,Yard/switching,6,12742,0,12742,E7AL,32.433509999999998,-93.921633999999997
UP,0919PR001,2019-09-01,9:00 AM,Other impacts,0,MELROSE PARK,IL,65.0,2,Day,Cloudy,Yard,Single Car,10,0,0,23993,H318,41.895415,-87.888963000000004
SKOL,180426004,2018-04-26,4:00 PM,Derailment,0,COLUMBUS,KS,72.0,2,Day,Clear,Yard,Work train,4,15000,8100,23100,H704,37.177675999999998,-94.949382999999997
BNSF,GC0515201,2015-05-29,9:40 PM,Hwy-rail crossing,0,KEITHVILLE,LA,77.0,4,Dark,Cloudy,Main,Freight Train,50,500,0,21500,M302,32.233714999999997,-93.888480000000001
SKOL,221219001,2022-12-19,8:00 AM,Derailment,0,CHEROKEE,KS,42.0,2,Day,Clear,Siding,Freight Train,6,13207,6100,19307,H504,37.351666999999999,-94.795939000000004
CSX,000209496,2023-01-26,12:56 AM,Derailment,0,MONTGOMERY,AL,39.0,4,Dark,Clear,Yard,Yard/switching,0,500,1459,64437,H703,32.376258,-86.326211999999998
NIRC,9419000359,2021-07-17,7:15 AM,Other impacts,0,CHICAGO,IL,78.0,1,Dawn,Clear,Main,Spec. MoW Equip.,15,150000,0,150000,H997,41.675040000000003,-87.618290000000002
NS,143547,2021-11-23,7:15 AM,Hwy-rail crossing,0,CENTREVILLE,AL,32.0,1,Dawn,Cloudy,Main,Freight Train,10,43202,0,43202,M302,32.872692999999998,-86.898171000000005
IHB,2181,2016-02-08,12:10 AM,Rear end collision,0,HAMMOND,IN,32.0,4,Dark,Clear,Yard,Light loco(s),0,0,0,25890,H607,41.605629999999998,-87.477070999999995
BRC,13603,2015-07-20,11:15 AM,Other impacts,0,BEDFORD PARK,IL,80.0,2,Day,Clear,Yard,Yard/switching,7,16039,0,16039,S016,41.762006,-87.735416999999998
IR,192408,2019-02-23,10:30 PM,Derailment,0,OREGON,IL,38.0,4,Dark,Rain,Main,Cut of cars,15,927000,13638,940638,M502,42.003518999999997,-89.365955
ATK,153950,2018-06-26,3:20 PM,Hwy-rail crossing,0,BIRMINGHAM,AL,95.0,2,Day,Clear,Main,Passenger Train - Pulling,70,1815,0,79230,M308,33.468834999999999,-86.882954999999995
UP,0917NP014,2017-09-13,7:10 PM,Derailment,0,MARYSVILLE,KS,85.0,3,Dusk,Clear,Main,Freight Train,13,145037,439538,584575,E51C,39.855271000000002,-96.654432
AGR,AGR817624O,2024-06-01,6:05 PM,Derailment,0,KIMBROUGH,AL,80.0,2,Day,Cloudy,Yard,,0,0,1500,21949,H306,32.032460999999998,-87.572472000000005
NS,141016,2021-03-23,11:00 PM,Other impacts,0,MUSCLE SHOALS,AL,72.0,4,Dark,Cloudy,Yard,Single Car,0,776,0,43556,E31C,34.712550999999998,-87.616782000000001
UP,0423HL023,2023-04-24,10:00 AM,Hwy-rail crossing,0,YATES CENTER,KS,58.0,2,Day,Clear,Main,Freight Train,40,1401457,444322,1845779,M308,37.835413000000003,-95.693181999999993
NS,140095,2020-12-23,11:44 AM,Derailment,0,PORTAGE,IN,40.0,2,Day,Clear,Main,Freight Train,40,701654,2223806,2925460,E53C,41.610666000000002,-87.221324999999993
NS,115876,2015-05-31,2:20 PM,Derailment,0,EAST POINT,GA,75.0,2,Day,Clear,Yard,Yard/switching,3,10550,3025,13575,H312,33.689884999999997,-84.436434000000006
IC,886050,2016-04-21,1:40 AM,Other impacts,0,KENNER,LA,65.0,4,Dark,Cloudy,Yard,Yard/switching,4,18500,25,18525,H318,29.971862999999999,-90.186070999999998
CSX,000191526,2020-07-21,11:40 AM,Hwy-rail crossing,0,OPELIKA,AL,93.0,2,Day,Clear,Main,Freight Train,41,11533,11598,23131,M302,32.630113999999999,-85.419385000000005
CSX,000192726,2020-09-18,3:35 PM,Other impacts,0,BIRMINGHAM,AL,80.0,2,Day,Clear,Main,Cut of cars,8,0,0,17201,H018,33.543607000000002,-86.790088999999995
LAS,170106001,2017-01-06,10:00 PM,Other (describe in narrative),0,MINDEN,LA,17.0,4,Dark,Sleet,Industry,Yard/switching,2,20000,0,20000,H020,32.588645,-93.511644000000004
CSX,000177725,2018-07-21,7:20 AM,Raking collision,0,WORCESTER,MA,72.0,2,Day,Clear,Yard,Cut of cars,0,0,0,178911,H996,42.251632999999998,-71.807986
ATK,157671,2019-02-19,12:29 AM,Derailment,0,BOSTON,MA,21.0,4,Dark,Clear,Yard,Yard/switching,6,18786,0,18786,M101,42.333737999999997,-71.061589999999995
NICD,N2400012,2024-06-25,9:00 AM,Obstruction,0,SOUTH BEND,IN,82.0,2,Day,Rain,Main,Passenger Train - Pulling,80,212398,8000,220398,M105,41.690306,-86.380898999999999
UP,1020PN012,2020-10-12,6:05 PM,Derailment,0,NAMPA,ID,72.0,3,Dusk,Clear,Yard,Yard/switching,2,10786,597,11383,H318,43.586841999999997,-116.569165
CSX,000210100,2023-03-01,12:00 AM,Other impacts,0,AVON,IN,36.0,4,Dark,Clear,Yard,Single Car,10,29954,10427,107069,S007,39.759821000000002,-86.327532000000005
UP,0223GC001,2023-02-01,11:50 PM,Other impacts,0,WESTWEGO,LA,56.0,4,Dark,Fog,Yard,Light loco(s),5,5242,250,33379,H310,29.917559000000001,-90.186493999999996
UP,0517DV002,2017-05-02,5:00 PM,Derailment,0,GLENWOOD SPGS,CO,50.0,2,Day,Cloudy,Main,Freight Train,21,45781,66706,112487,M404,39.55386,-107.31507999999999
ATK,165845,2020-10-31,2:56 AM,Derailment,0,BOSTON,MA,31.0,4,Dark,Rain,Yard,,0,0,85000,162560,H702,42.336019999999998,-71.060078000000004
NS,136234,2019-11-18,5:35 PM,Other impacts,0,ELKHART,IN,42.0,3,Dusk,Cloudy,Yard,Single Car,7,5000,0,58735,E30C,41.67736,-85.978494999999995
IC,1083454,2020-12-20,8:14 PM,Other (describe in narrative),0,LOCKPORT,IL,36.0,4,Dark,Clear,Main,,0,0,47898,47898,E69L,41.604464999999998,-88.052181000000004
KCS,15080301,2015-08-03,6:05 AM,Hwy-rail crossing,0,ZWOLLE,LA,75.0,1,Dawn,Clear,Main,Freight Train,42,88244,7635,95879,M399,31.631409999999999,-93.643789999999996
CSX,000208804,2022-12-13,2:00 PM,Hwy-rail crossing,0,FORT DEPOSIT,AL,63.0,2,Day,Cloudy,Main,Freight Train,32,33149,66979,100128,M303,32.049928000000001,-86.545496999999997
NS,151489,2022-11-17,1:10 PM,Hwy-rail crossing,0,BIRMINGHAM,AL,48.0,2,Day,Clear,Main,,0,0,16000,40156,M308,33.499630000000003,-86.833101999999997
ATK,163135,2020-02-16,5:00 PM,Other impacts,0,BOSTON,MA,45.0,2,Day,Clear,Yard,Light loco(s),0,13740,2423,21139,H602,42.329791,-71.059291000000002
ATK,146968,2017-04-06,7:24 PM,Derailment,0,DENVER,CO,59.0,3,Dusk,Cloudy,Yard,Passenger Train - Pulling,5,44688,0,52895,H702,39.759020999999997,-104.992486
NS,146356,2022-09-01,8:30 AM,Derailment,0,BIRMINGHAM,AL,72.0,2,Day,Clear,Yard,Yard/switching,2,26500,761,27261,S016,33.556421999999998,-86.664184000000006
NIRC,MEI065,2015-06-04,6:39 AM,Other (describe in narrative),0,HOMEWOOD,IL,72.0,1,Dawn,Clear,Main,EMU,0,7701,8213,15914,M599,41.555250999999998,-87.671841999999998
CSX,000194306,2020-12-01,10:20 AM,Fire/violent rupture,0,LOUISVILLE,KY,33.0,2,Day,Cloudy,Yard,Cut of cars,0,74461,0,74461,M406,38.160708999999997,-85.749173999999996
WC,1058952,2021-01-15,6:09 PM,Hwy-rail crossing,0,PLAINFIELD,IL,50.0,4,Dark,Fog,Main,Freight Train,34,0,28247,28247,M308,41.613880000000002,-88.200000000000003
CSX,000198303,2021-06-17,10:29 AM,Derailment,0,ALPINE,AL,85.0,2,Day,Clear,Main,Freight Train,42,186632,759,187391,E33C,33.387518999999998,-86.376936000000001
NS,135791,2019-10-09,10:13 PM,Derailment,0,PINE KNOT,KY,60.0,4,Dark,Clear,Main,Freight Train,40,3500,7685,11185,E33C,36.646560999999998,-84.438395999999997
PW,PWR686421S,2021-02-04,5:25 AM,Side collision,0,WORCESTER,MA,31.0,1,Dawn,Snow,Yard,Yard/switching,9,12500,0,25500,H302,42.220806000000003,-71.788278000000005
NS,135584,2019-09-22,5:30 PM,Derailment,0,DALTON,GA,85.0,3,Dusk,Clear,Yard,Light loco(s),5,25974,400,26374,H702,34.772806000000003,-84.966888999999995
SLRG,SL180503A,2018-05-03,1:41 PM,Derailment,0,LA VETA,CO,52.0,2,Day,Cloudy,Main,Freight Train,10,222442,10000,232442,E40C,37.522778000000002,-105.14277800000001
BNSF,KS1222114,2022-12-29,11:00 AM,Derailment,0,WALTON,KS,56.0,2,Day,Clear,Siding,Freight Train,8,30266,36800,67066,E02C,38.130502,-97.240819999999999
UP,1221HL004,2021-12-04,8:49 PM,Derailment,0,HERINGTON,KS,41.0,4,Dark,Clear,Yard,Yard/switching,2,10700,821,15279,E0HC,38.690776999999997,-96.950068999999999
UP,1020GL016,2020-10-14,3:05 AM,Derailment,0,COUNCIL BLUFFS,IA,52.0,4,Dark,Clear,Yard,Freight Train,4,20883,697,21580,H503,41.243976000000004,-95.865849999999995
CSX,000157861,2016-03-08,6:18 AM,Other impacts,0,AVON,IN,58.0,1,Dawn,Cloudy,Yard,Cut of cars,4,13767,0,20767,H306,39.759791,-86.327526000000006
NS,132914,2019-02-20,2:50 PM,Other (describe in narrative),0,GAINESVILLE,GA,72.0,2,Day,Rain,Yard,Freight Train,8,8853,77884,86737,H702,34.294600000000003,-83.811670000000007
CSX,000175542,2018-03-30,6:43 PM,Derailment,0,LOUISVILLE,KY,60.0,2,Day,Clear,Yard,Freight Train,1,52321,2509,96530,H702,38.279950999999997,-85.516779
IC,1139149,2023-09-21,2:00 PM,Side collision,0,CICERO,IL,60.0,2,Day,Rain,Yard,Yard/switching,0,17000,0,18099,H318,41.799413999999999,-87.791512999999995
KYLE,KYL218819D,2019-10-22,12:45 AM,Other (describe in narrative),0,COURTLAND,KS,50.0,4,Dark,Clear,Yard,Freight Train,5,25000,750,25750,H306,39.780566999999998,-97.893777999999998
NS,155636,2024-01-31,4:30 PM,Side collision,0,DECATUR,AL,35.0,3,Dusk,Clear,Yard,Freight Train,9,50000,0,61500,H018,34.615470000000002,-86.983773999999997
CSX,000203598,2022-03-14,10:10 AM,Derailment,0,BIRMINGHAM,AL,66.0,2,Day,Clear,Yard,Freight Train,10,12158,291,33476,E4BC,33.512357999999999,-86.806415000000001
ATK,157347,2019-01-26,2:20 PM,Hwy-rail crossing,0,KENNER,LA,60.0,2,Day,Cloudy,Main,Passenger Train - Pulling,61,11464,0,11820,M302,29.9741,-90.215903999999995
UP,0722MA002,2022-07-01,6:48 PM,Derailment,0,EAST ST LOUIS,IL,93.0,3,Dusk,Clear,Yard,Freight Train,2,287188,0,287188,H514,38.583441999999998,-90.135103000000001
BNSF,KS0916105,2016-09-09,8:00 PM,Derailment,0,KIOWA,KS,68.0,3,Dusk,Cloudy,Yard,Cut of cars,10,32015,0,32015,M105,37.005203999999999,-98.488009000000005
GRS,20160514M1,2016-05-14,3:15 PM,Derailment,0,CHARLEMONT,MA,68.0,2,Day,Clear,Main,Freight Train,24,78787,7910,86697,M201,42.625413999999999,-72.865893999999997
CSX,000166388,2017-01-29,5:15 AM,Broken train collision,0,CUMBERLAND,MD,26.0,4,Dark,Cloudy,Yard,Yard/switching,4,48018,0,55616,E30C,39.630276000000002,-78.753443000000004
MBTA,7019,2016-04-30,2:45 PM,Other (describe in narrative),0,BOSTON,MA,60.0,2,Day,Clear,Yard,,0,0,0,17913,H993,42.323141,-71.053082000000003
UP,1015ES009,2015-10-23,12:45 PM,Obstruction,0,GURNEE,IL,68.0,2,Day,Clear,Main,Spec. MoW Equip.,15,4272,0,69272,H199,42.370786000000003,-87.895557999999994
NS,154134,2023-08-31,9:20 PM,Derailment,0,IRONDALE,AL,82.0,4,Dark,Clear,Yard,Freight Train,2,15000,0,15000,E7AL,33.555373000000003,-86.683971999999997
UP,0616DV010,2016-06-16,12:38 AM,Side collision,0,DENVER,CO,60.0,4,Dark,Clear,Yard,Light loco(s),0,25418,0,36267,H302,39.803849999999997,-104.962583
CSX,000193610,2020-11-04,2:28 PM,Derailment,0,DECATUR,AL,60.0,2,Day,Clear,Yard,Yard/switching,4,36401,1252,37653,M503,34.588509999999999,-86.985257000000004
CSX,000218213,2024-05-22,7:35 PM,Derailment,0,LAKELAND,FL,88.0,2,Day,Clear,Yard,Freight Train,5,20711,3282,23993,H306,28.027218000000001,-82.011127999999999
NS,145068,2022-04-23,10:25 PM,Side collision,0,DECATUR,IL,75.0,4,Dark,Clear,Yard,Yard/switching,4,130,450,15665,H306,39.852181999999999,-88.918342999999993
UP,0315SL017,2015-03-27,11:30 PM,Derailment,0,DUPO,IL,40.0,4,Dark,Cloudy,Yard,Freight Train,7,14782,300,15082,H306,38.519388999999997,-90.213520000000003
ATK,136159,2015-02-03,8:25 AM,Derailment,0,BOSTON,MA,18.0,2,Day,Snow,Yard,Yard/switching,5,29000,0,29000,H303,42.333058000000001,-71.059999000000005
CSX,000214655,2023-11-21,6:15 AM,Derailment,0,OWENSBORO,KY,45.0,4,Dark,Cloudy,Industry,Freight Train,10,1759,40158,41917,H309,37.788764999999998,-87.142477999999997
NS,137325,2020-02-28,3:34 PM,Obstruction,0,MOUNDVILLE,AL,57.0,2,Day,Clear,Main,,0,0,0,46137,M404,33.012362000000003,-87.615333000000007
UP,1114LV008,2014-11-16,11:20 PM,Derailment,0,LIVONIA,LA,40.0,4,Dark,Cloudy,Yard,Yard/switching,1,12555,0,12555,E34C,30.544363000000001,-91.568978999999999
WTA,180312WTA,2018-03-12,3:45 PM,Derailment,0,WICHITA,KS,50.0,2,Day,Clear,Yard,Light loco(s),17,1000,0,20687,H603,37.715249999999997,-97.330820000000003
NS,133643,2019-04-21,5:25 AM,Other impacts,0,MACON,GA,46.0,1,Dawn,Clear,Yard,Single Car,0,86666,0,555947,H312,32.813657999999997,-83.622784999999993
TASD,D20190906A,2019-09-06,4:00 PM,Derailment,0,MOBILE,AL,87.0,3,Dusk,Clear,Yard,,0,0,15385,16385,E46L,30.722999999999999,-88.052499999999995
CSX,000204504,2022-04-24,3:15 AM,Side collision,0,BIRMINGHAM,AL,65.0,4,Dark,Clear,Yard,Cut of cars,4,3500,132,20186,E08C,33.543615000000003,-86.790110999999996
UP,0815CB016,2015-08-31,1:45 AM,Derailment,0,LOWDEN,IA,55.0,4,Dark,Fog,Main,Freight Train,50,6464,198821,205285,E61C,41.874156999999997,-90.974514999999997
WC,1127514,2023-03-09,11:38 AM,Derailment,0,GARY,IN,39.0,2,Day,Cloudy,Yard,Yard/switching,4,49303,9577,58880,E04C,41.630071000000001,-87.412261999999998
IC,977696,2018-11-02,1:45 AM,Side collision,0,BEDFORD PARK,IL,42.0,4,Dark,Clear,Industry,Yard/switching,5,15795,0,24895,H306,41.769159000000002,-87.835185999999993
UP,0721MA002,2021-07-01,5:01 PM,Derailment,0,SHREVEPORT,LA,93.0,2,Day,Clear,Main,Freight Train,7,95148,1408,96556,T222,32.504941000000002,-93.729659999999996
NS,152880,2023-04-21,3:15 PM,Other impacts,0,DECATUR,AL,70.0,2,Day,Cloudy,Yard,Cut of cars,4,25500,0,65321,E30C,34.612340000000003,-87.023427999999996
UP,1217KC010,2017-12-09,7:04 PM,Other (describe in narrative),0,KANSAS CITY,KS,38.0,4,Dark,Clear,Industry,Yard/switching,6,12544,33,12577,H601,39.141719000000002,-94.601037000000005
CSX,000200249,2021-09-22,11:50 PM,Derailment,0,BIRMINGHAM,AL,58.0,4,Dark,Clear,Main,Freight Train,14,121039,423,166462,H519,33.509476999999997,-86.812250000000006
CSX,000188368,2020-02-11,6:50 AM,Derailment,0,INDIANAPOLIS,IN,31.0,1,Dawn,Cloudy,Yard,Yard/switching,5,19404,250,19654,E67C,39.759791,-86.327526000000006
UP,0716KC006,2016-07-06,2:29 PM,Hwy-rail crossing,0,HAVILAND,KS,100.0,2,Day,Clear,Main,Work train,47,25090,1000,26090,M302,37.613036999999998,-99.141260000000003
UP,0719PR032,2019-07-24,12:00 PM,Other (describe in narrative),0,NORTHLAKE,IL,79.0,2,Day,Clear,Yard,Single Car,0,34959,0,34959,M411,41.895580000000002,-87.892995999999997
TASD,D20230422A,2023-04-22,7:30 PM,Derailment,0,MOBILE,AL,70.0,3,Dusk,Clear,Yard,Yard/switching,5,8636,6789,15425,H318,30.721415,-88.051220999999998
UP,0223GC001,2023-02-01,11:50 PM,Other impacts,0,WESTWEGO,LA,56.0,4,Dark,Fog,Yard,Cut of cars,2,27887,0,33379,H310,29.917559000000001,-90.186493999999996
UP,0523PR017,2023-05-29,11:00 AM,Derailment,0,MELROSE PARK,IL,80.0,2,Day,Clear,Yard,Yard/switching,3,14229,600,14829,H318,41.894531999999998,-87.877506999999994
CSX,000173022,2017-11-22,3:23 PM,Other impacts,0,COVINGTON,KY,37.0,2,Day,Cloudy,Siding,Single Car,3,21433,0,21433,H018,39.041378999999999,-84.515420000000006
UP,0223PR016,2023-02-24,4:58 AM,Other impacts,0,MELROSE PARK,IL,19.0,1,Dawn,Cloudy,Yard,Light loco(s),1,9800,150,72783,H306,41.895525999999997,-87.888945000000007
UP,0518PD032,2018-05-13,12:00 PM,Other (describe in narrative),0,NAMPA,ID,65.0,2,Day,Clear,Yard,Single Car,0,24960,0,24960,H312,43.563004999999997,-116.53402800000001
BNSF,CH0323105,2023-03-08,6:00 PM,Derailment,0,WILLOW SPRINGS,IL,41.0,3,Dusk,Cloudy,Yard,Yard/switching,7,22446,1000,23446,H318,41.757708000000001,-87.867112000000006
NS,138609,2020-07-22,1:23 PM,Derailment,0,BOLIGEE,AL,95.0,2,Day,Clear,Siding,Freight Train,8,18260,47705,65965,E67C,32.759466000000003,-88.024726999999999
UP,0421PR011,2021-04-16,12:00 PM,Other impacts,0,ELWOOD,IL,50.0,2,Day,Clear,Yard,Single Car,0,11563,0,178443,H306,41.450409000000001,-88.117406000000003
UP,0915PR014,2015-09-23,5:20 AM,Derailment,0,CHICAGO,IL,68.0,4,Dark,Clear,Yard,Yard/switching,4,11353,2368,13721,H704,41.863455999999999,-87.685674000000006
NS,144010,2022-01-12,4:40 PM,Other impacts,0,IRONDALE,AL,49.0,3,Dusk,Clear,Yard,Yard/switching,2,46191,4046,50237,M411,33.548904999999998,-86.678009000000003
CSX,000174528,2018-02-06,6:00 AM,Derailment,0,WORCESTER,MA,19.0,1,Dawn,Cloudy,Yard,Yard/switching,6,32844,500,33344,H704,42.255139,-71.805321000000006
NS,140933,2021-03-16,12:15 AM,Derailment,0,IRONDALE,AL,66.0,4,Dark,Cloudy,Yard,Yard/switching,3,600,38600,39200,H506,33.548904999999998,-86.678009000000003
UP,0116LV004,2016-01-09,9:19 PM,Hwy-rail crossing,0,OAKDALE,LA,47.0,4,Dark,Clear,Main,Freight Train,49,44297,15500,59797,M303,30.787575,-92.677632000000003
CFE,CFE365723D,2023-03-23,5:00 PM,Derailment,0,FORT WAYNE,IN,48.0,2,Day,Clear,Yard,Cut of cars,0,5000,0,124407,E65C,41.060443999999997,-85.096943999999993
UP,0123GC002,2023-01-05,3:50 PM,Derailment,0,LOTTIE,LA,66.0,2,Day,Clear,Yard,Yard/switching,7,23862,51630,75492,E33C,30.521635,-91.550854999999999
UP,0422HL011,2022-04-19,9:59 AM,Other impacts,0,EL DORADO,KS,52.0,2,Day,Cloudy,Yard,Yard/switching,1,34012,0,39150,H020,37.820601000000003,-96.841275999999993
NS,139783,2020-11-18,1:30 PM,Derailment,0,DECATUR,AL,68.0,2,Day,Clear,Yard,,0,0,10820,10820,H303,34.613681999999997,-86.986609000000001
NS,135998,2019-10-30,2:35 AM,Other impacts,0,IRONDALE,AL,62.0,4,Dark,Rain,Yard,Yard/switching,10,6200,6615,48331,M407,33.548904999999998,-86.67801
BNSF,KS0720102,2020-07-07,7:30 AM,Derailment,0,KANSAS CITY,KS,85.0,1,Dawn,Clear,Yard,Yard/switching,4,12340,30185,42525,E30C,39.085948000000002,-94.691485
KCS,19071501,2019-07-15,4:15 AM,Derailment,0,SHREVEPORT,LA,75.0,4,Dark,Rain,Main,Freight Train,8,1123,130075,131198,E67L,32.544843999999998,-93.848489999999998
NS,125399,2017-06-12,6:50 AM,Derailment,0,ATLANTA,GA,72.0,1,Dawn,Clear,Main,Freight Train,4,222319,303180,525499,H511,33.787202000000001,-84.433345000000003
CSX,000149173,2015-07-14,5:07 AM,Derailment,0,WAYCROSS,GA,78.0,4,Dark,Clear,Yard,Yard/switching,3,34153,601,34754,E30C,31.213524,-82.353588999999999
NS,143262,2021-10-19,3:30 PM,Hwy-rail crossing,0,PINE HILL,AL,75.0,2,Day,Clear,Main,Freight Train,40,33,35000,35033,M308,31.978978000000001,-87.586838
CSX,000199014,2021-07-21,11:11 PM,Hwy-rail crossing,0,PELHAM,AL,80.0,4,Dark,Clear,Main,Freight Train,30,12959,0,12959,M302,33.263142000000002,-86.793260000000004
CSX,000145694,2015-05-02,9:26 PM,Side collision,0,ATLANTA,GA,55.0,4,Dark,Clear,Yard,Single Car,9,1253,1060,57283,E09C,33.799641000000001,-84.439903000000001
CC,912994,2017-02-06,2:20 PM,Hwy-rail crossing,0,RYAN,IA,45.0,2,Day,Clear,Main,Freight Train,24,5515,15000,20515,M303,42.350883000000003,-91.479183000000006
BNSF,KS1019108,2019-10-14,10:30 PM,Side collision,0,KANSAS CITY,KS,64.0,4,Dark,Clear,Yard,Yard/switching,4,6375,0,34000,M407,39.082264000000002,-94.678162999999998
CSX,000194402,2020-12-12,5:15 PM,Other impacts,0,MOBILE,AL,60.0,3,Dusk,Clear,Yard,Cut of cars,0,38252,0,53484,H306,30.711373999999999,-88.046531999999999
ATK,164453,2020-05-21,3:35 PM,Obstruction,0,WEST SPRINGFIELD,MA,70.0,2,Day,Clear,Main,Passenger Train - Pulling,0,12641,0,12641,M404,42.099246999999998,-72.602324999999993
BNSF,KS0815100,2015-08-01,2:58 AM,Derailment,0,KANSAS CITY,KS,75.0,4,Dark,Clear,Yard,Yard/switching,3,3056,9000,13081,M408,39.082436000000001,-94.679524000000001
CSX,000198393,2021-06-16,4:00 PM,Other impacts,0,INDIANAPOLIS,IN,84.0,2,Day,Clear,Yard,Cut of cars,0,20203,0,23840,E76L,39.759791,-86.327526000000006
NS,143020,2021-10-02,12:30 AM,Other (describe in narrative),0,IRONDALE,AL,35.0,4,Dark,Clear,Main,Light loco(s),4,0,49733,49733,H702,33.548904999999998,-86.678009000000003
PAL,2015APR3D,2015-04-21,8:15 PM,Derailment,0,PADUCAH,KY,54.0,4,Dark,Rain,Yard,Freight Train,5,13053,13068,26121,T221,37.054926999999999,-88.610118999999997