reportingrailroadcode,accidentnumber,date,time,accidenttype,hazmatreleasedcars,station,stateabbr,temperature,visibility_code,visibility,weathercondition,tracktype,equipmenttype,trainspeed,equipmentdamagecost,trackdamagecost,totaldamagecost,primaryaccidentcausecode,latitude,longitude
UP,0222GC012,2022-02-10,8:25 AM,Other impacts,0,WESTWEGO,LA,66.0,2,Day,Clear,Yard,Yard/switching,2,14284,925,33769,H307,29.918153,-90.192014999999998
CSX,000219388,2024-07-17,9:13 PM,Derailment,0,INDIANAPOLIS,IN,78.0,3,Dusk,Clear,Industry,Freight Train,3,89168,48105,137273,H704,39.733629000000001,-86.087384
NS,146433,2022-09-09,1:00 PM,Obstruction,0,SCHERERVILLE,IN,85.0,2,Day,Clear,Main,Freight Train,30,0,96000,96000,M404,41.522748999999997,-87.466442000000001
NS,132078,2018-12-17,12:30 AM,Derailment,0,BIRMINGHAM,AL,40.0,4,Dark,Cloudy,Main,,0,0,1445,29050,H507,33.542389,-86.808521999999996
NS,123251,2016-12-21,5:20 PM,Other impacts,0,IRONDALE,AL,47.0,3,Dusk,Clear,Yard,Single Car,7,12101,0,12161,M407,33.548904999999998,-86.67801
UP,1021GC019,2021-10-10,3:46 PM,Hwy-rail crossing,0,CHENEYVILLE,LA,84.0,2,Day,Cloudy,Main,Freight Train,40,13588,150,13738,M302,31.005564,-92.280901
CSX,000191039,2020-06-24,8:29 PM,Other impacts,0,INDIANAPOLIS,IN,80.0,4,Dark,Clear,Yard,Light loco(s),0,8658,0,17980,M407,39.759791,-86.327526000000006
UP,0419MA045,2019-04-17,11:30 PM,Derailment,0,DUPO,IL,67.0,4,Dark,Rain,Yard,Light loco(s),6,18620,1250,19870,H202,38.519919000000002,-90.213241999999994
CSX,000194065,2020-11-23,6:20 PM,Derailment,0,BALTIMORE,MD,46.0,3,Dusk,Clear,Main,Freight Train,0,459345,1000,460345,H020,39.305259999999997,-76.620341999999994
NOPB,S20170507T,2017-05-07,9:00 AM,Side collision,0,NEW ORLEANS,LA,82.0,2,Day,Clear,Yard,Single Car,5,15000,0,15750,H318,29.915469000000002,-90.117013999999998
ATK,173189,2022-12-26,4:25 PM,Obstruction,0,BOLIGEE,AL,48.0,2,Day,Cloudy,Main,Passenger Train - Pulling,64,73814,0,73814,M404,32.735554,-88.056717000000006
MBTA,YR202144,2021-07-16,1:51 AM,Other (describe in narrative),0,SOMERVILLE,MA,70.0,4,Dark,Clear,Industry,Passenger Train - Pulling,2,484,35748,36232,H999,42.376044,-71.076434000000006
ATK,147885,2017-06-13,9:00 AM,Obstruction,0,DECATUR,MI,79.0,2,Day,Clear,Main,Maint./inspect Car,5,0,0,25000,H699,42.108097999999998,-85.974457000000001
CP,1000299049,2015-11-08,10:00 PM,Derailment,0,FRANKLIN PARK,IL,36.0,4,Dark,Clear,Yard,Freight Train,2,42387,4303,46690,H701,41.937930999999999,-87.871872999999994
BNSF,SF0315115,2015-03-17,6:55 PM,Derailment,0,VENICE,IL,43.0,3,Dusk,Clear,Yard,Light loco(s),8,20000,0,31834,T211,38.662742999999999,-90.160729000000003
UP,0318TC010,2018-03-08,6:04 AM,Derailment,0,LOWDEN,IA,14.0,1,Dawn,Clear,Main,Freight Train,55,15632,0,15632,E53C,41.878289000000002,-90.995942999999997
TZPR,TZP987219R,2019-03-16,1:25 AM,Other impacts,0,PEORIA,IL,30.0,4,Dark,Clear,Industry,Freight Train,5,64218,2000,66218,H510,40.590788000000003,-89.662319999999994
IC,1003612,2019-06-27,6:00 AM,Derailment,0,DESTREHAN,LA,85.0,4,Dark,Cloudy,Industry,Freight Train,5,173200,40000,213200,T222,29.950271999999998,-90.345678000000007
BNSF,CH0419107,2019-04-17,3:55 PM,Derailment,0,ALBIA,IA,65.0,2,Day,Clear,Industry,Freight Train,4,72858,2000,74858,H305,41.092574999999997,-92.655389999999997
MNCW,82830,2024-06-24,5:45 PM,Other (describe in narrative),0,NEW HAVEN,CT,72.0,2,Day,Cloudy,Yard,EMU,5,18177,0,18177,H311,41.296565000000001,-72.924282000000005
CSX,000170855,2017-08-10,11:00 PM,Derailment,0,INDIANAPOLIS,IN,70.0,4,Dark,Clear,Main,Cut of cars,9,153428,19336,172764,H020,39.759791,-86.327526000000006
CSX,000160916,2016-06-28,4:30 PM,Other impacts,0,AVON,IN,70.0,3,Dusk,Cloudy,Yard,Yard/switching,0,3000,0,22275,H607,39.759791,-86.327526000000006
CSX,000216249,2024-02-15,11:57 PM,Side collision,0,MIAMI-DADE,FL,70.0,4,Dark,Clear,Industry,Cut of cars,0,28500,97,40097,H306,25.782392999999999,-80.394110999999995
NS,113892,2015-01-13,3:30 PM,Derailment,0,CHICAGO,IL,19.0,2,Day,Clear,Main,Freight Train,3,22000,500,22500,H504,41.820166,-87.664514999999994
MBTA,19093,2019-04-02,7:00 AM,Derailment,0,SOMERVILLE,MA,34.0,1,Dawn,Clear,Main,Passenger Train - Pushing,24,42284,39302,81586,E51L,42.391854000000002,-71.075756999999996
OVR,20160217,2016-02-17,8:00 AM,Obstruction,0,EVANSVILLE,IN,34.0,2,Day,Cloudy,Yard,,0,0,0,70654,S016,38.016494999999999,-87.592843999999999
NS,138597,2020-07-21,4:55 PM,Other impacts,0,ELKHART,IN,80.0,3,Dusk,Cloudy,Yard,Yard/switching,3,65118,20388,159815,H302,41.67736,-85.978494999999995
NS,138867,2020-08-16,5:52 AM,Derailment,0,IRONDALE,AL,80.0,1,Dawn,Clear,Yard,Yard/switching,3,48271,10862,59133,H504,33.548904999999998,-86.67801
CSX,000179877,2018-11-16,3:35 AM,Derailment,0,MOBILE,AL,35.0,4,Dark,Clear,Yard,Yard/switching,2,31650,1609,33259,H318,30.711373999999999,-88.046531999999999
MBTA,7011,2016-04-04,4:00 PM,Other (describe in narrative),0,BOSTON,MA,49.0,2,Day,Clear,Main,Passenger Train - Pulling,0,100000,0,100000,E74L,42.254702999999999,-71.125686000000002
MBTA,19104,2019-04-20,7:05 AM,Hwy-rail crossing,0,WEST BRIDGEWATER,MA,64.0,1,Dawn,Clear,Main,Passenger Train - Pushing,54,22464,3285,25749,M304,42.011916999999997,-70.98124
CSX,000186921,2019-12-03,11:26 AM,Derailment,0,MIDLAND CITY,AL,49.0,2,Day,Clear,Industry,Freight Train,2,26744,97,26841,M501,31.312891,-85.547783999999993
NIRC,MEJ121,2016-12-19,6:30 AM,Other (describe in narrative),0,CHICAGO,IL,16.0,4,Dark,Clear,Main,,0,0,5587,53061,M599,41.8095,-87.590999999999994
NS,154720,2023-11-07,4:44 PM,Derailment,0,IRONDALE,AL,73.0,3,Dusk,Clear,Yard,Single Car,4,30000,0,31800,M408,33.548904999999998,-86.678009000000003
UP,1115PR006,2015-11-08,6:15 PM,Side collision,0,NORTHLAKE,IL,42.0,4,Dark,Clear,Yard,Light loco(s),8,9876,0,14863,H301,41.928348,-87.914592999999996
TRRA,23052I,2023-11-13,2:00 AM,Derailment,0,EAST ST LOUIS,IL,65.0,4,Dark,Clear,Industry,Yard/switching,3,274,43308,43582,M404,38.623111000000002,-90.176737000000003
IC,1007149,2019-07-28,5:03 PM,Hwy-rail crossing,0,UNIVERSITY PARK,IL,86.0,2,Day,Cloudy,Main,,0,0,500000,1561628,M308,41.456310000000002,-87.724754000000004
UP,0315PR027,2015-03-27,8:15 AM,Other impacts,0,NORTHLAKE,IL,20.0,2,Day,Cloudy,Yard,Cut of cars,0,4166,0,44374,S011,41.910868000000001,-87.914991999999998
IAIS,2017008,2017-02-07,11:55 AM,Hwy-rail crossing,0,DURANT,IA,34.0,2,Day,Cloudy,Main,Freight Train,38,39000,0,39000,M302,41.601612000000003,-90.940971000000005
ATK,137360,2015-05-10,1:34 PM,Hwy-rail crossing,0,AMITE,LA,85.0,2,Day,Clear,Main,Passenger Train - Pulling,77,510025,0,511019,M302,30.739826000000001,-90.508937000000003
ATK,151088,2017-12-20,10:59 PM,Derailment,0,CHICAGO,IL,32.0,4,Dark,Cloudy,Yard,Passenger Train - Pushing,0,14031,0,14031,H307,41.863551000000001,-87.635627999999997
UP,0223MA025,2023-02-19,7:19 PM,Other impacts,0,SHREVEPORT,LA,63.0,3,Dusk,Clear,Yard,Single Car,0,153,0,36469,H318,32.430323000000001,-93.905929
IC,1089457,2021-12-01,3:38 PM,Hwy-rail crossing,0,INDEPENDENCE,LA,68.0,2,Day,Clear,Main,,0,0,0,89983,M302,30.682912999999999,-90.507934000000006
CSX,000171939,2017-09-30,9:00 AM,Derailment,0,ROSEDALE,MD,60.0,2,Day,Cloudy,Yard,Freight Train,4,44507,10000,54507,E67C,39.304566000000001,-76.532432999999997
BNSF,CH0417103,2017-04-06,10:40 AM,Derailment,0,CICERO,IL,38.0,2,Day,Clear,Yard,Freight Train,10,750,11396,12146,E67C,41.842506999999998,-87.756546999999998
NS,146171,2022-08-10,12:30 AM,Other impacts,0,IRONDALE,AL,82.0,4,Dark,Clear,Yard,Single Car,7,16960,2063,118275,M407,33.548904999999998,-86.678008000000005
FEC,X07012724,2024-01-27,6:57 PM,Hwy-rail crossing,0,BOCA RATON,FL,70.0,4,Dark,Clear,Main,,0,0,1174,42623,M308,26.340899,-80.089517000000001
NS,124097,2017-02-24,8:45 PM,Other impacts,0,MUSCLE SHOALS,AL,70.0,4,Dark,Cloudy,Yard,Yard/switching,0,2813,0,17347,M408,34.712550999999998,-87.616781000000003
CSX,000194402,2020-12-12,5:15 PM,Other impacts,0,MOBILE,AL,60.0,3,Dusk,Clear,Yard,Yard/switching,3,15232,0,53484,H306,30.711373999999999,-88.046531999999999
NS,123110,2016-12-12,11:21 AM,Derailment,0,MIDDLESBOROUGH,KY,63.0,2,Day,Cloudy,Industry,Freight Train,4,44425,862,45287,H306,36.594991,-83.765670999999998
ATK,148762,2017-08-02,3:40 AM,Side collision,0,WASHINGTON,DC,81.0,4,Dark,Clear,Yard,Yard/switching,15,94400,6045,116780,H199,38.9148,-76.985900000000001
MBTA,19246,2019-12-06,11:31 PM,Derailment,0,BOSTON,MA,34.0,4,Dark,Clear,Yard,Work train,8,0,0,0,H303,42.351802999999997,-71.113724000000005
BNSF,TC0918104,2018-09-08,12:50 AM,Other (describe in narrative),0,SIOUX CITY,IA,50.0,4,Dark,Clear,Yard,Light loco(s),5,0,24000,24000,H607,42.529662999999999,-96.364047999999997
UP,0315LV010,2015-03-20,2:50 AM,Obstruction,0,CYPRESS,LA,60.0,4,Dark,Fog,Main,Freight Train,40,3297,8310,11607,M402,31.620284000000002,-93.042102
BNSF,GC1015107,2015-10-15,4:45 AM,Derailment,0,AVONDALE,LA,75.0,1,Dawn,Clear,Yard,Freight Train,8,8281,0,11281,H307,29.916858999999999,-90.185823999999997
WC,900165,2016-09-08,9:35 AM,Hwy-rail crossing,0,STEPHENSON,MI,69.0,2,Day,Clear,Main,Freight Train,40,78,48314,48392,M308,45.376876000000003,-87.612228000000002
CSX,000173576,2017-12-20,10:10 AM,Raking collision,0,FRANKLIN,KY,50.0,2,Day,Rain,Main,Cut of cars,0,8387,0,19426,H302,36.787002000000001,-86.558190999999994
IC,1084882,2021-10-06,3:31 PM,Obstruction,0,CONVENT,LA,70.0,2,Day,Clear,Main,Freight Train,16,50114,20509,70623,H211,30.054024999999999,-90.832787999999994
ATK,162805,2020-01-19,2:05 PM,Derailment,0,WASHINGTON,DC,36.0,2,Day,Clear,Yard,Light loco(s),2,26349,1439,27788,H702,38.900497000000001,-77.007507000000004
IC,994929,2019-04-17,12:55 AM,Side collision,0,GEISMAR,LA,64.0,4,Dark,Clear,Yard,Freight Train,7,4195,0,12845,H702,30.179773999999998,-90.978522999999996
NS,152582,2023-03-19,7:35 AM,Other (describe in narrative),0,LOUISVILLE,KY,22.0,1,Dawn,Clear,Yard,Yard/switching,6,11133,1885,14118,H306,38.263516000000003,-85.801423999999997
BNSF,CH0515101,2015-05-03,10:00 PM,Derailment,0,AURORA,IL,53.0,4,Dark,Rain,Main,Freight Train,36,12916,200,13116,E33C,41.751978999999999,-88.320898
BRS,I160930003,2016-09-30,5:00 PM,Derailment,0,BATON ROUGE,LA,85.0,2,Day,Clear,Yard,Yard/switching,5,17000,15000,32000,H702,30.458300000000001,-91.140299999999996
KCS,22072903,2022-07-29,3:00 PM,Hwy-rail crossing,0,RODESSA,LA,100.0,2,Day,Clear,Main,Freight Train,56,41585,2104,43689,M302,32.944839999999999,-93.993709999999993
CSX,000178205,2018-08-12,2:20 PM,Derailment,0,MOBILE,AL,80.0,2,Day,Clear,Industry,Freight Train,4,30976,0,39622,M101,30.711373999999999,-88.046531999999999
CSX,000172880,2017-11-14,5:06 PM,Side collision,0,LOUISVILLE,KY,55.0,3,Dusk,Clear,Yard,Freight Train,0,22486,1500,45186,H306,38.292163000000002,-85.510334
CSX,000216357,2024-02-24,6:25 PM,Obstruction,0,PRESTONSBURG,KY,35.0,3,Dusk,Cloudy,Main,Freight Train,33,310000,0,310000,M404,37.665725000000002,-82.742311999999998
UP,0722GC002,2022-07-01,7:40 PM,Other impacts,0,WESTWEGO,LA,81.0,3,Dusk,Clear,Yard,Single Car,0,24000,0,83348,H302,29.918216999999999,-90.189769999999996
UP,0423HL009,2023-04-11,8:50 AM,Derailment,0,COFFEYVILLE,KS,53.0,2,Day,Clear,Main,Freight Train,17,132792,234800,367592,E47C,37.028739999999999,-95.624574999999993
UP,0917PD030,2017-09-26,6:00 PM,Derailment,0,NAPLES,ID,80.0,2,Day,Clear,Main,Spec. MoW Equip.,15,72037,0,72037,H402,48.606462000000001,-116.388143
UP,1018PR030,2018-10-28,12:40 PM,Derailment,0,MELROSE PARK,IL,48.0,2,Day,Cloudy,Yard,Single Car,6,15843,1500,17343,M101,41.899624000000003,-87.908600000000007
GRW,03,2021-01-20,2:12 AM,Broken train collision,0,GARY,IN,15.0,4,Dark,Clear,Yard,Yard/switching,1,31600,0,63200,E35C,41.621884000000001,-87.381214999999997
MBTA,YR2020119,2020-10-07,12:36 PM,Fire/violent rupture,0,WHITMAN,MA,73.0,2,Day,Clear,Main,Passenger Train - Pushing,30,21536,0,21536,E74L,42.108060999999999,-70.935274000000007
CSX,000217094,2024-03-28,10:50 PM,Fire/violent rupture,0,DWALE,KY,50.0,4,Dark,Cloudy,Main,Freight Train,23,75000,0,75000,H515,37.629164000000003,-82.724024999999997
AGR,AGR674024L,2024-01-23,12:30 PM,Rear end collision,0,ALICEVILLE,AL,70.0,2,Day,Rain,Main,Spec. MoW Equip.,10,21000,0,21000,H607,33.013356000000002,-88.148059000000003
UP,1015ES009,2015-10-23,12:45 PM,Obstruction,0,GURNEE,IL,68.0,2,Day,Clear,Main,Spec. MoW Equip.,20,65000,0,69272,H199,42.370786000000003,-87.895557999999994
BNSF,KS0916100,2016-09-01,4:30 AM,Raking collision,0,KANSAS CITY,KS,63.0,4,Dark,Clear,Yard,Yard/switching,7,100,0,13300,H99C,39.084207999999997,-94.687517
MBTA,7060,2017-07-12,6:48 PM,Other impacts,0,NEWTON,MA,75.0,2,Day,Rain,Main,Passenger Train - Pushing,55,20818,0,20818,M404,42.354875,-71.193754999999996
KCS,14112002,2014-11-20,4:30 PM,Derailment,0,SHREVEPORT,LA,64.0,2,Day,Cloudy,Yard,Yard/switching,4,10819,6814,17633,M411,32.523378000000001,-93.820301000000001
NS,143338,2021-11-02,1:45 AM,Side collision,0,ELKHART,IN,40.0,4,Dark,Clear,Yard,Yard/switching,4,7168,4388,11572,H305,41.677391,-85.978436000000002
NS,138954,2020-08-25,12:30 AM,Side collision,0,IRONDALE,AL,72.0,4,Dark,Clear,Yard,Freight Train,4,136000,0,350924,H702,33.548904999999998,-86.67801
NS,120778,2016-06-07,11:30 PM,Derailment,0,SOUTH BEND,IN,54.0,4,Dark,Clear,Main,Freight Train,12,119845,191355,311200,E51L,41.669541000000002,-86.260561999999993
KO,211130002,2021-11-30,9:30 AM,Other impacts,0,SALINA,KS,50.0,2,Day,Clear,Industry,Cut of cars,0,3500,0,24003,H302,38.857007000000003,-97.659285999999994
CSX,000200297,2021-09-24,8:36 AM,Obstruction,0,CALERA,AL,65.0,2,Day,Clear,Main,Cut of cars,0,0,324,13588,M402,33.148831000000001,-86.757428000000004
NS,133643,2019-04-21,5:25 AM,Other impacts,0,MACON,GA,46.0,1,Dawn,Clear,Yard,Yard/switching,10,0,151416,555947,H312,32.813657999999997,-83.622784999999993
UP,0323HL013,2023-03-12,9:45 AM,Derailment,2,MCPHERSON,KS,31.0,2,Day,Clear,Main,Freight Train,35,855934,911666,1767600,E62C,38.351109999999998,-97.672393
NS,156410,2024-04-18,2:15 PM,Other impacts,0,IRONDALE,AL,75.0,2,Day,Cloudy,Yard,Yard/switching,5,1039,16501,17540,M411,33.548904999999998,-86.678009000000003
MGRZ,792024,2024-07-09,3:15 PM,Other impacts,0,JEFFERSONVILLE,IN,89.0,2,Day,Clear,Industry,Yard/switching,4,16500,8850,25350,H307,38.322679999999998,-85.670500000000004
IHB,2624,2020-08-30,9:30 AM,Other impacts,0,HAMMOND,IN,75.0,2,Day,Clear,Yard,Yard/switching,0,10890,1047,14037,H306,41.604073,-87.472065000000001
NS,154720,2023-11-07,4:44 PM,Derailment,0,IRONDALE,AL,73.0,3,Dusk,Clear,Yard,Yard/switching,5,800,1000,31800,M408,33.548904999999998,-86.678009000000003
WC,1701499,2024-08-15,10:46 AM,Side collision,0,GARY,IN,68.0,2,Day,Rain,Yard,Single Car,3,0,0,21000,M599,41.621794000000001,-87.375403000000006
UP,0222ES035,2022-02-15,10:35 AM,Obstruction,0,DELIA,KS,52.0,2,Day,Clear,Main,Spec. MoW Equip.,5,22000,0,31695,H993,39.233229000000001,-95.957052000000004
IC,900562,2016-09-12,11:00 AM,Other impacts,0,BATON ROUGE,LA,89.0,2,Day,Clear,Yard,Freight Train,3,11700,0,21730,H318,30.474910999999999,-91.188372999999999
CSX,000213694,2023-09-24,2:05 PM,Derailment,0,MONTGOMERY,AL,91.0,2,Day,Clear,Yard,Freight Train,4,38098,1460,39558,H702,32.376258,-86.326211999999998
CSX,000165343,2016-12-20,11:05 PM,Derailment,0,WORCESTER,MA,24.0,4,Dark,Clear,Yard,Yard/switching,3,16593,314,16907,H303,42.255139,-71.805321000000006
KCS,21121401,2021-12-14,9:00 AM,Hwy-rail crossing,0,CLARENCE,LA,67.0,2,Day,Clear,Main,Freight Train,47,15280,18990,34270,M304,31.820979999999999,-93.030460000000005
CSX,000150371,2015-08-09,1:27 AM,Obstruction,0,CANNONSBURG,KY,72.0,4,Dark,Clear,Industry,Yard/switching,5,20150,100,20250,H307,38.385345999999998,-82.746065000000002
CSX,000200989,2021-10-29,8:34 PM,Other impacts,0,BIRMINGHAM,AL,58.0,4,Dark,Rain,Yard,Yard/switching,0,122139,0,136801,H020,33.543607000000002,-86.790088999999995
KCS,19062001,2019-06-20,7:30 PM,Other impacts,0,BATON ROUGE,LA,80.0,3,Dusk,Cloudy,Industry,Cut of cars,0,13562,0,23310,H302,30.451467999999998,-91.187146999999996
BNSF,KS0816103,2016-08-15,8:25 AM,Side collision,0,KANSAS CITY,KS,81.0,1,Dawn,Cloudy,Yard,Yard/switching,1,70000,0,175836,H607,39.079644000000002,-94.667004000000006
UP,1018PR019,2018-10-15,2:30 PM,Other impacts,0,CHICAGO,IL,52.0,2,Day,Clear,Yard,Cut of cars,0,46981,0,49136,H306,41.843454000000001,-87.636653999999993
BNSF,HL0223119,2023-02-21,5:40 AM,Derailment,0,ADAMSVILLE,AL,72.0,1,Dawn,Rain,Industry,Freight Train,5,81915,38787,120702,M101,33.642479999999999,-87.045133000000007
BNSF,KS0916103,2016-09-14,4:23 PM,Derailment,0,KANSAS CITY,KS,75.0,2,Day,Clear,Yard,Light loco(s),5,16003,150,16153,S011,39.086818999999998,-94.693422999999996
CSX,000210473,2023-03-27,4:00 AM,Other impacts,0,MONTGOMERY,AL,67.0,1,Dawn,Rain,Yard,Yard/switching,4,279004,774,292545,H309,32.376061,-86.326449999999994
UP,0216DV002,2016-02-01,5:44 PM,Derailment,0,STEAMBOAT SPGS,CO,20.0,3,Dusk,Snow,Industry,Freight Train,2,61192,0,61192,M101,40.354686000000001,-107.058898
UP,0123HL013,2023-01-18,2:37 AM,Other impacts,0,TOPEKA,KS,39.0,4,Dark,Cloudy,Yard,Cut of cars,5,13982,23113,37095,H318,39.067722000000003,-95.672306000000006
KYLE,KYL126119D,2019-07-25,6:20 PM,Derailment,0,BELOIT,KS,90.0,2,Day,Clear,Yard,Freight Train,5,0,68500,68500,M405,39.453862999999998,-98.092903000000007
UP,0118LK004,2018-01-04,3:35 AM,Derailment,0,BONITA,LA,21.0,4,Dark,Clear,Main,Freight Train,47,3055,14162,17217,E33C,32.921892999999997,-91.673686000000004
UP,0223MA025,2023-02-19,7:19 PM,Other impacts,0,SHREVEPORT,LA,63.0,3,Dusk,Clear,Yard,Yard/switching,10,36316,0,36469,H318,32.430323000000001,-93.905929
UP,0422GC040,2022-04-29,4:45 PM,Other impacts,0,ADDIS,LA,84.0,2,Day,Clear,Yard,Freight Train,4,118201,238400,421030,H318,30.356203000000001,-91.267930000000007
PW,PW730118D,2018-07-21,7:20 AM,Raking collision,0,WORCESTER,MA,77.0,1,Dawn,Clear,Yard,,0,0,0,178911,H996,42.251632999999998,-71.807986
NS,121750,2016-08-19,1:10 PM,Derailment,0,GARDEN CITY,GA,92.0,2,Day,Cloudy,Yard,Yard/switching,4,7190,4939,12129,H306,32.103678000000002,-81.171833000000007
TASD,D20200526A,2020-05-26,8:00 PM,Side collision,0,MOBILE,AL,70.0,4,Dark,Clear,Yard,Freight Train,0,20159,1800,25157,H306,30.7103,-88.046400000000006
BAYL,BAY723721,2021-01-28,12:30 AM,Other impacts,0,DOTHAN,AL,48.0,4,Dark,Clear,Yard,Yard/switching,5,130823,3000,133823,H020,31.228435000000001,-85.380697999999995
IC,984243,2019-01-12,5:30 AM,Derailment,0,CICERO,IL,30.0,4,Dark,Cloudy,Yard,Freight Train,2,87600,12943,123308,H702,41.832447000000002,-87.762940999999998
UP,0421GC032,2021-04-21,7:00 PM,Other impacts,0,LAKE CHARLES,LA,64.0,3,Dusk,Clear,Yard,Single Car,0,4200,0,42632,M411,30.238503999999999,-93.183622
BNSF,GC1015107,2015-10-15,4:45 AM,Derailment,0,AVONDALE,LA,75.0,1,Dawn,Clear,Yard,Freight Train,4,500,1000,11281,H307,29.916858999999999,-90.185823999999997
CSX,000155330,2015-12-19,2:15 AM,Broken train collision,0,AVON,IN,25.0,4,Dark,Clear,Yard,Yard/switching,4,33339,0,33339,E31C,39.759366,-86.346097
CSX,000201531,2021-11-27,12:55 PM,Other impacts,0,INDIANAPOLIS,IN,36.0,2,Day,Clear,Yard,Yard/switching,4,7432,0,11130,S007,39.759791,-86.327526000000006
ATK,169741,2022-02-09,4:07 AM,Obstruction,0,HAVRE DE GRACE,MD,22.0,4,Dark,Clear,Main,Spec. MoW Equip.,0,1300000,0,1600000,H699,39.542715999999999,-76.107697999999999
NS,151968,2023-01-11,4:00 AM,Obstruction,0,IRONDALE,AL,50.0,1,Dawn,Clear,Yard,Yard/switching,4,102000,1844,103844,E32C,33.555373000000003,-86.683971999999997
NS,116699,2015-07-27,7:20 PM,Derailment,0,CHICAGO,IL,80.0,3,Dusk,Clear,Yard,Yard/switching,8,21605,250,21855,M405,41.802518999999997,-87.634516000000005
MACZ,2109160700,2021-09-16,7:00 AM,Side collision,0,BALTIMORE,MD,70.0,1,Dawn,Cloudy,Yard,Light loco(s),9,100000,0,300000,H702,39.271189999999997,-76.600030000000004
KCS,22012902,2022-01-29,2:30 PM,Derailment,0,GIBSLAND,LA,69.0,2,Day,Clear,Yard,,0,0,3319,18319,E4TL,32.546214999999997,-93.052493999999996
CSX,000180590,2019-01-02,11:33 AM,Other impacts,0,INDIANAPOLIS,IN,37.0,2,Day,Cloudy,Industry,Single Car,3,14100,0,18100,H018,39.806683999999997,-86.045503999999994
UP,0318PR004,2018-03-06,6:20 PM,Raking collision,0,NORTHLAKE,IL,30.0,4,Dark,Snow,Yard,Freight Train,10,25973,0,260441,H307,41.929884999999999,-87.914129000000003
WC,993309,2019-04-02,9:00 PM,Broken train collision,0,CHICAGO HTS,IL,41.0,4,Dark,Clear,Main,Freight Train,20,35000,0,47500,E30C,41.498176000000001,-87.600194999999999
BNSF,CH0519106,2019-05-11,5:16 AM,Other (describe in narrative),0,WILLOW SPRINGS,IL,45.0,1,Dawn,Clear,Yard,Light loco(s),5,0,13200,13200,H607,41.752245000000002,-87.865335999999999
ALS,0423AS008,2023-04-13,5:05 AM,Derailment,0,EAST ST LOUIS,IL,55.0,1,Dawn,Clear,Yard,Light loco(s),5,1680,3033,4713,S014,38.585394000000001,-90.162255000000002
UP,0319GL053,2019-03-18,9:10 AM,Derailment,0,CEDAR RAPIDS,IA,29.0,2,Day,Clear,Yard,Light loco(s),3,560,12807,13367,H702,41.932361999999998,-91.716228000000001
CSX,000156883,2016-02-06,12:36 AM,Derailment,0,FRAMINGHAM,MA,20.0,4,Dark,Clear,Yard,Freight Train,4,27300,628,27928,H702,42.277020999999998,-71.416601
CP,1000576239,2017-06-15,9:10 PM,Derailment,0,BALLTOWN,IA,69.0,4,Dark,Rain,Main,Freight Train,35,390292,36200,426492,E24C,42.669373,-90.882408999999996
CSX,000155628,2015-12-28,2:20 PM,Derailment,0,NEW ORLEANS,LA,75.0,2,Day,Clear,Yard,Yard/switching,5,24448,2020,26468,H523,30.005989,-90.019452000000001
CSX,000207736,2022-10-11,11:12 AM,Other impacts,0,DECATUR,AL,73.0,2,Day,Clear,Yard,Single Car,4,2280,0,21000,H318,34.588495999999999,-86.985263000000003
UP,0319GP060,2019-03-30,7:24 AM,Fire/violent rupture,0,MISSOURI VALLEY,IA,32.0,2,Day,Cloudy,Main,Freight Train,30,60362,0,60362,M406,41.558765000000001,-96.033946
NS,136848,2020-01-15,5:15 PM,Other impacts,0,IRONDALE,AL,65.0,3,Dusk,Clear,Main,Cut of cars,0,1500,0,17970,S016,33.548904999999998,-86.67801
UP,0621GL028,2021-06-24,2:00 PM,Derailment,0,AMES,IA,84.0,2,Day,Clear,Main,Freight Train,30,1472282,517760,1990042,E47C,42.027248999999998,-93.588041000000004
CSX,000204632,2022-04-29,10:10 AM,Hwy-rail crossing,0,GORDON,AL,75.0,2,Day,Clear,Main,Freight Train,30,2259,17533,19792,M302,31.139488,-85.115131000000005
NS,140049,2020-12-17,6:52 PM,Side collision,0,OSCEOLA,IN,26.0,3,Dusk,Clear,Yard,Light loco(s),7,1160,0,87173,H305,41.664667999999999,-86.052581000000004
IC,936481,2017-09-20,7:40 AM,Other impacts,0,ST GABRIEL,LA,88.0,2,Day,Clear,Yard,Yard/switching,6,55674,200,55874,H318,30.211186000000001,-91.035655000000006
UP,0622MA019,2022-06-13,7:10 AM,Hwy-rail crossing,0,GRANITE CITY,IL,94.0,2,Day,Clear,Yard,,0,0,100,30100,M302,38.687551999999997,-90.131576999999993
ATK,137689,2015-06-05,3:56 PM,Hwy-rail crossing,0,WILMINGTON,IL,80.0,2,Day,Clear,Main,Passenger Train - Pulling,52,26000,0,39993,M308,41.326867,-88.140687999999997
UP,0619GC015,2019-06-12,7:05 PM,Derailment,0,ALEXANDRIA,LA,83.0,3,Dusk,Clear,Yard,Yard/switching,6,57016,6983,63999,H702,31.280577999999998,-92.441066000000006
CSX,000186177,2019-10-23,8:39 AM,Obstruction,0,LOUISVILLE,KY,49.0,2,Day,Clear,Main,Spec. MoW Equip.,15,3788,0,18606,M501,38.273673000000002,-85.521225000000001