reportingrailroadcode,accidentnumber,date,time,accidenttype,hazmatreleasedcars,station,stateabbr,temperature,visibility_code,visibility,weathercondition,tracktype,equipmenttype,trainspeed,equipmentdamagecost,trackdamagecost,totaldamagecost,primaryaccidentcausecode,latitude,longitude
UP,0319GL093,2019-03-31,3:20 AM,Derailment,0,MELROSE PARK,IL,27.0,4,Dark,Cloudy,Yard,Yard/switching,6,121382,22500,143882,H503,41.900101999999997,-87.911372
NS,137107,2020-02-09,3:10 PM,Other impacts,0,NEW ORLEANS,LA,72.0,2,Day,Clear,Yard,Single Car,6,4000,0,14881,H312,29.973692,-90.045276000000001
BNSF,HL0818123,2018-08-30,1:30 AM,Rear end collision,0,ADAMSVILLE,AL,75.0,4,Dark,Clear,Main,Freight Train,14,848253,27500,923312,H605,33.633479999999999,-87.029869000000005
KCS,15123003,2015-12-30,4:30 AM,Derailment,0,SHREVEPORT,LA,45.0,4,Dark,Clear,Yard,Light loco(s),4,0,15970,15970,H702,32.535189000000003,-93.832751999999999
NS,142774,2021-09-06,11:45 AM,Derailment,1,IRONDALE,AL,75.0,2,Day,Clear,Yard,Single Car,0,94874,0,146240,S006,33.555371999999998,-86.683971
NS,151458,2022-11-12,4:30 AM,Derailment,0,BALTIMORE,MD,40.0,1,Dawn,Clear,Industry,Freight Train,8,21457,15000,36457,T221,39.282797000000002,-76.561100999999994
NS,151370,2022-11-02,2:45 PM,Other (describe in narrative),0,CHICAGO,IL,70.0,2,Day,Clear,Yard,Freight Train,3,4427,9393,13820,H702,41.694381999999997,-87.564355000000006
GRS,20220819BA,2022-08-19,10:00 PM,Side collision,0,SOUTH PORTLAND,ME,79.0,4,Dark,Clear,Yard,Freight Train,2,6270,96,6366,H210,43.614027999999998,-70.300324000000003
NS,141977,2021-06-24,2:45 AM,Derailment,0,IRONDALE,AL,64.0,4,Dark,Clear,Yard,Yard/switching,2,8700,70817,79517,M411,33.548904999999998,-86.678009000000003
UP,1019GL006,2019-10-07,11:50 AM,Other impacts,0,EAGLE GROVE,IA,60.0,2,Day,Clear,Yard,Single Car,0,56824,0,57585,H020,42.675265000000003,-93.914609999999996
NS,146202,2022-08-16,9:45 AM,Other (describe in narrative),0,MUSCLE SHOALS,AL,76.0,2,Day,Cloudy,Yard,Freight Train,5,1009,29896,30905,H306,34.712550999999998,-87.616782000000001
ABS,230328007,2023-03-23,10:30 PM,Derailment,0,TUSCALOOSA,AL,51.0,4,Dark,Clear,Industry,Freight Train,4,120000,140000,260000,T221,33.203986,-87.592898000000005
BNSF,PR0716102,2016-07-08,9:30 AM,Other impacts,0,DENVER,CO,80.0,2,Day,Clear,Yard,Freight Train,0,140315,0,152952,H607,39.779313000000002,-104.976035
BNSF,KS0222119,2022-02-21,11:50 PM,Derailment,0,KANSAS CITY,KS,32.0,4,Dark,Clear,Yard,Yard/switching,8,4964,8782,24395,M407,39.082270999999999,-94.678196
BNSF,CH0617117,2017-06-24,3:55 PM,Derailment,0,CHICAGO,IL,80.0,2,Day,Clear,Yard,Yard/switching,9,12819,2000,14819,H306,41.810397000000002,-87.715000000000003
CSX,000215955,2024-02-03,3:31 PM,Other (describe in narrative),0,JACKSONVILLE,FL,60.0,2,Day,Clear,Yard,Cut of cars,0,0,0,41344,H702,30.383475000000001,-81.768294999999995
CSX,000169801,2017-06-21,7:40 AM,Fire/violent rupture,0,INDIANAPOLIS,IN,71.0,2,Day,Clear,Yard,Single Car,2,106715,32,106747,M406,39.759791,-86.327526000000006
ATK,150447,2017-11-01,12:04 PM,Other (describe in narrative),0,ROSEDALE,MD,55.0,2,Day,Clear,Main,Passenger Train - Pulling,110,2669,11181,13850,E78L,39.306691000000001,-76.504446999999999
NOPB,NOPB00044F,2023-05-08,9:25 PM,Derailment,0,METAIRE,LA,78.0,4,Dark,Clear,Main,,0,0,4553,4552,H501,0.0,0.0
UP,0221MA053,2021-02-26,12:40 PM,Derailment,0,EAST ST LOUIS,IL,49.0,2,Day,Cloudy,Main,,0,0,0,19087,H523,38.566947999999996,-90.178066999999999
WC,1142877,2023-12-26,2:05 PM,Other (describe in narrative),0,GARY,IN,50.0,2,Day,Clear,Yard,Yard/switching,5,13000,0,13000,M505,41.630026000000001,-87.412000000000006
BNSF,CH0318111,2018-03-14,1:30 PM,Raking collision,0,GALESBURG,IL,40.0,2,Day,Clear,Yard,Yard/switching,4,2605,0,10705,M408,40.915869000000001,-90.380994000000001
CVR,CVR020321D,2021-02-03,7:00 PM,Side collision,0,ULYSSES,KS,51.0,3,Dusk,Cloudy,Industry,Cut of cars,0,29515,1900,82270,H399,37.539999999999999,-101.192222
CSX,000208713,2022-12-06,4:25 AM,Derailment,0,DOTHAN,AL,59.0,4,Dark,Clear,Yard,Freight Train,9,40248,0,113272,T211,31.230753,-85.387193999999994
NS,125008,2017-05-10,1:35 PM,Other impacts,0,DANVILLE,KY,76.0,2,Day,Clear,Yard,Light loco(s),10,9000,0,51172,H017,37.682406999999998,-84.781724999999994
BNSF,PR0316115,2016-03-28,2:00 PM,Other (describe in narrative),0,COMMERCE CITY,CO,50.0,2,Day,Clear,Yard,Spec. MoW Equip.,4,18000,0,18000,H997,39.806758000000002,-104.939511
NS,145717,2022-06-30,9:20 AM,Other impacts,0,NEW ORLEANS,LA,72.0,2,Day,Clear,Main,Cut of cars,0,73500,0,95500,H307,29.986469,-90.060862999999998
NOPB,D20150907T,2015-09-07,5:15 AM,Broken train collision,0,NEW ORLEANS,LA,80.0,4,Dark,Clear,Yard,Yard/switching,3,54768,108,69674,H307,29.915514000000002,-90.118269999999995
MBTA,19207,2019-10-17,5:46 AM,Other impacts,0,SCITUATE,MA,50.0,1,Dawn,Clear,Main,Passenger Train - Pushing,50,243000,0,267054,M101,42.190074000000003,-70.739867000000004
CSX,000189386,2020-03-30,4:00 AM,Other impacts,0,INDIANAPOLIS,IN,50.0,4,Dark,Clear,Yard,Cut of cars,3,16456,0,16456,H318,39.762937999999998,-86.106987000000004
PSBX,17060401,2017-06-04,4:20 AM,Other impacts,0,SHREVEPORT,LA,80.0,4,Dark,Clear,Yard,Cut of cars,0,6727,0,20753,H306,32.366487999999997,-93.643587999999994
UP,0317LV038,2017-03-26,8:18 PM,Other impacts,0,LIVONIA,LA,85.0,4,Dark,Cloudy,Yard,Single Car,3,8231,0,15502,M411,30.53304,-91.558719999999994
UP,0315SL008,2015-03-20,1:10 PM,Other (describe in narrative),0,ST ELMO,IL,45.0,2,Day,Cloudy,Main,,0,0,0,51000,E39L,39.00797,-88.848062999999996
CSX,000166515,2017-02-04,5:30 AM,Derailment,0,INDIANAPOLIS,IN,15.0,4,Dark,Clear,Yard,Freight Train,5,17772,8819,26591,H525,39.759791,-86.327526000000006
UP,0120GC027,2020-01-27,1:00 PM,Other impacts,0,LIVONIA,LA,57.0,2,Day,Cloudy,Yard,Yard/switching,2,75274,363,99689,E39C,30.521507,-91.549114000000003
CSX,000175981,2018-04-23,4:58 PM,Obstruction,0,BROOKWOOD,AL,64.0,2,Day,Clear,Siding,Freight Train,5,38500,0,38500,M404,33.323856999999997,-87.15907
UP,1018LV031,2018-10-28,1:00 PM,Other impacts,0,SULPHUR,LA,78.0,2,Day,Clear,Yard,Yard/switching,4,5461,99,20474,H318,30.229728000000001,-93.296375999999995
BRC,13558,2015-04-06,11:40 AM,Other impacts,0,BEDFORD PARK,IL,60.0,2,Day,Clear,Yard,Yard/switching,1,30875,0,60750,H307,41.761046,-87.728808000000001
MBTA,YR2020135,2020-11-25,9:20 PM,Obstruction,0,AYER,MA,41.0,3,Dusk,Rain,Main,Passenger Train - Pushing,41,15132,0,15132,M402,42.557923000000002,-71.543065999999996
NS,155317,2024-01-12,5:50 AM,Side collision,0,IRONDALE,AL,46.0,1,Dawn,Clear,Yard,Cut of cars,1,5750,0,36194,M105,33.548904999999998,-86.678009000000003
CSX,000194124,2020-11-27,1:45 PM,Side collision,0,CUMBERLAND,MD,58.0,2,Day,Clear,Yard,Freight Train,8,25869,0,32680,E08C,39.600571000000002,-78.740390000000005
CSX,000167215,2017-03-04,1:27 AM,Fire/violent rupture,0,HARALSON,GA,30.0,4,Dark,Cloudy,Main,Freight Train,0,193401,0,193401,E72L,33.227192000000002,-84.569441999999995
CTM,CT080215D,2015-08-02,3:01 PM,Derailment,0,BENSENVILLE,IL,87.0,2,Day,Clear,Yard,Freight Train,8,13450,410,13860,M503,41.973847999999997,-87.949359999999999
NS,145485,2022-06-08,10:27 AM,Other impacts,0,ELKHART,IN,72.0,2,Day,Clear,Yard,Single Car,0,16562,0,17250,M411,41.668489999999998,-86.014269999999996
MBTA,7010,2016-03-21,8:00 AM,Other (describe in narrative),0,BEVERLY,MA,30.0,2,Day,Snow,Main,Passenger Train - Pushing,0,100000,0,100000,E74L,42.564475999999999,-70.809394999999995
CSX,000194339,2020-12-09,4:00 AM,Side collision,0,BIRMINGHAM,AL,32.0,1,Dawn,Clear,Yard,Freight Train,0,9012,0,38371,H305,33.543607000000002,-86.790088999999995
NS,116858,2015-08-08,1:45 PM,Derailment,0,SHIVELY,KY,85.0,2,Day,Clear,Yard,Yard/switching,4,26042,937,26979,H306,38.234900000000003,-85.803990999999996
UP,1015LK017,2015-10-12,1:29 PM,Hwy-rail crossing,0,PLAIN DEALING,LA,87.0,2,Day,Clear,Main,Freight Train,43,12821,2286,15107,M302,32.919381999999999,-93.699516000000003
SERX,136235NS,2019-11-18,11:53 PM,Derailment,0,RINCON,GA,52.0,4,Dark,Clear,Main,,0,0,200000,432152,M505,32.310817999999998,-81.240031000000002
CSX,000196682,2021-03-30,1:00 PM,Other impacts,0,ANDERSON,IN,70.0,2,Day,Clear,Yard,Yard/switching,9,37287,0,44804,H306,40.098289000000001,-85.693905000000001
NS,121778,2016-08-22,3:30 AM,Raking collision,0,IRONDALE,AL,77.0,4,Dark,Clear,Yard,Single Car,2,8302,0,19364,H316,33.548904999999998,-86.67801
NS,117915,2015-10-25,5:00 AM,Derailment,0,ELKHART,IN,45.0,1,Dawn,Clear,Yard,Yard/switching,18,286353,1000,287353,H601,41.677391,-85.978436000000002
CP,1000218394,2015-06-02,10:15 AM,Other impacts,0,FRANKLIN PARK,IL,75.0,2,Day,Clear,Yard,Cut of cars,0,10884,0,10984,E39C,41.944290000000002,-87.890789999999996
NS,134255,2019-06-09,9:00 PM,Other (describe in narrative),0,COLUMBUS,GA,72.0,4,Dark,Rain,Yard,Freight Train,5,0,12444,12444,H306,32.465828000000002,-84.982415000000003
UP,1221HL004,2021-12-04,8:49 PM,Derailment,0,HERINGTON,KS,41.0,4,Dark,Clear,Yard,Single Car,0,3758,0,15279,E0HC,38.690776999999997,-96.950068999999999
NOPB,D20150301E,2015-03-01,6:15 PM,Derailment,0,NEW ORLEANS,LA,58.0,4,Dark,Clear,Industry,Freight Train,5,45868,16337,62205,M507,30.00468,-90.022329999999997
CSX,000200790,2021-10-20,1:42 AM,Other impacts,0,BIRMINGHAM,AL,56.0,4,Dark,Clear,Yard,Cut of cars,0,26830,0,213361,H306,33.543607000000002,-86.790088999999995
CSX,000157775,2016-03-04,5:10 PM,Other impacts,0,AVON,IN,40.0,3,Dusk,Cloudy,Yard,Cut of cars,16,31837,0,31837,M407,39.759220999999997,-86.353898999999998
ATK,141217,2016-02-19,10:45 AM,Hwy-rail crossing,0,JOLIET,IL,61.0,2,Day,Clear,Main,Passenger Train - Pulling,64,61000,0,61000,M308,41.480524000000003,-88.090083000000007
IC,1051476,2020-10-16,12:30 AM,Derailment,0,RESERVE,LA,70.0,4,Dark,Clear,Main,Yard/switching,4,14540,1260,15800,H702,30.059605999999999,-90.594110000000001
UP,1221HL014,2021-12-16,6:40 AM,Other impacts,0,KANSAS CITY,KS,33.0,1,Dawn,Clear,Yard,Single Car,5,1261,0,13921,M105,39.097292000000003,-94.664806999999996
NS,137420,2020-03-07,9:10 AM,Derailment,0,HELENA,AL,40.0,2,Day,Clear,Main,Freight Train,12,179779,12889,192668,H506,33.278826000000002,-86.931396000000007
IAIS,2018019,2018-08-28,10:36 AM,Hwy-rail crossing,0,WEST LIBERTY,IA,82.0,2,Day,Clear,Main,Freight Train,38,29541,6271,35812,M302,41.569305999999997,-91.263447999999997
UP,0515LV016,2015-05-29,9:40 PM,Hwy-rail crossing,0,KEITHVILLE,LA,80.0,4,Dark,Cloudy,Main,,0,0,21000,21500,M302,32.233756,-93.888447999999997
NS,128890,2018-03-18,11:14 PM,Head on collision,0,LEXINGTON,KY,40.0,4,Dark,Clear,Main,Freight Train,32,811368,442379,4000114,H221,38.173831999999997,-84.541094000000001
CSX,000203170,2022-02-17,11:25 PM,Other impacts,0,MOBILE,AL,63.0,4,Dark,Rain,Yard,Yard/switching,0,8964,0,12902,H318,30.711362999999999,-88.046535000000006
MCRL,MC160317A,2016-03-17,7:00 PM,Derailment,0,WALPOLE,MA,48.0,3,Dusk,Cloudy,Yard,,0,0,18062,20126,T217,42.147660000000002,-71.258984999999996
CSX,000195129,2021-01-20,8:08 PM,Side collision,0,FLATWOODS,KY,28.0,4,Dark,Clear,Yard,Freight Train,9,86324,96,86420,H307,38.540045999999997,-82.712368999999995
MBTA,7028,2016-10-10,5:05 AM,Other (describe in narrative),0,GLOUCESTER,MA,59.0,4,Dark,Clear,Main,Passenger Train - Pushing,45,38942,0,38942,M404,42.615561999999997,-70.699106
CSX,000193698,2020-11-09,5:50 PM,Other impacts,0,BIRMINGHAM,AL,74.0,3,Dusk,Clear,Yard,Cut of cars,0,25277,196,71699,H018,33.543607000000002,-86.790088999999995
ISW,02172016,2016-02-17,8:00 AM,Obstruction,0,EVANSVILLE,IN,34.0,2,Day,Cloudy,Yard,Spec. MoW Equip.,0,70654,0,70654,S016,38.013100000000001,-87.590360000000004
BRC,13644,2015-10-31,5:00 PM,Derailment,0,BEDFORD PARK,IL,60.0,3,Dusk,Rain,Yard,Yard/switching,4,19822,925,20747,T221,41.763798999999999,-87.742885000000001
ATK,157677,2019-02-18,4:30 PM,Obstruction,0,BOSTON,MA,32.0,3,Dusk,Snow,Yard,Yard/switching,10,29723,0,29723,M402,42.333831000000004,-71.060648
UP,0416LV008,2016-04-11,7:14 AM,Hwy-rail crossing,0,MONROE,LA,65.0,2,Day,Clear,Main,Freight Train,48,184,98418,98602,M304,32.351030999999999,-92.105542999999997
UP,0315SL021,2015-03-31,3:05 PM,Derailment,0,SPARTA,IL,72.0,2,Day,Clear,Main,Freight Train,1,36453,22644,59097,H607,38.165090999999997,-89.646276
UP,0419HL029,2019-04-20,1:42 AM,Derailment,0,HERINGTON,KS,46.0,4,Dark,Clear,Main,Yard/switching,6,7653,3421,11074,H310,38.694902999999996,-96.949562999999998
CSX,000209874,2023-02-17,3:00 PM,Derailment,0,AVON,IN,30.0,2,Day,Cloudy,Yard,Yard/switching,5,16066,251,16317,H707,39.759821000000002,-86.327532000000005
UP,0520HL007,2020-05-18,11:51 AM,Derailment,0,COFFEYVILLE,KS,60.0,2,Day,Cloudy,Siding,Freight Train,4,42086,490,42576,H607,37.030304999999998,-95.628844999999998
CSX,000177725,2018-07-21,7:20 AM,Raking collision,0,WORCESTER,MA,72.0,2,Day,Clear,Yard,Yard/switching,8,164651,0,178911,H996,42.251632999999998,-71.807986
CSX,000207082,2022-09-01,8:52 AM,Raking collision,0,RIVERDALE,IL,89.0,2,Day,Clear,Yard,Cut of cars,4,12505,0,18073,M204,41.650035000000003,-87.643692000000001
CSX,000212859,2023-08-10,9:02 PM,Side collision,0,BIRMINGHAM,AL,85.0,3,Dusk,Clear,Yard,Yard/switching,5,3529,974,48514,H306,33.543615000000003,-86.790110999999996
UP,1221HL024,2021-12-29,10:31 AM,Broken train collision,0,PECK,KS,28.0,2,Day,Cloudy,Main,Freight Train,5,8435,0,15957,H601,37.48413,-97.372579000000002
NS,123251,2016-12-21,5:20 PM,Other impacts,0,IRONDALE,AL,47.0,3,Dusk,Clear,Yard,Yard/switching,7,60,0,12161,M407,33.548904999999998,-86.67801
IAIS,2019011,2019-02-20,7:54 AM,Hwy-rail crossing,0,ALTOONA,IA,28.0,1,Dawn,Cloudy,Main,Freight Train,33,24227,0,24227,M308,41.672572000000002,-93.425809000000001
CSX,000213961,2023-10-10,12:02 AM,Derailment,0,ALLEN,KY,47.0,4,Dark,Cloudy,Main,Freight Train,24,9712,34758,44470,E62C,37.612209999999997,-82.729787000000002
UP,0419GC011,2019-04-09,10:24 AM,Hwy-rail crossing,0,SHREVEPORT,LA,71.0,2,Day,Clear,Main,Freight Train,41,1383920,94075,1477995,M308,32.226649999999999,-93.483671000000001
CSX,000196138,2021-03-07,1:50 PM,Derailment,0,THEODORE,AL,64.0,2,Day,Clear,Industry,Freight Train,10,178275,2162,180437,H303,30.555060999999998,-88.167383999999998
UP,0616DV010,2016-06-16,12:38 AM,Side collision,0,DENVER,CO,60.0,4,Dark,Clear,Yard,Light loco(s),2,10849,0,36267,H302,39.803849999999997,-104.962583
MBTA,5703,2016-08-11,11:26 AM,Hwy-rail crossing,0,WAKEFIELD,MA,88.0,2,Day,Clear,Main,Passenger Train - Pushing,30,14622,0,14622,M304,42.497500000000002,-71.071667000000005
UP,0323PR018,2023-03-28,5:49 AM,Other impacts,0,MELROSE PARK,IL,27.0,1,Dawn,Cloudy,Yard,Cut of cars,0,15271,9688,39222,H318,41.895634000000001,-87.888923000000005
UP,0721HL004,2021-07-04,1:34 AM,Other (describe in narrative),0,HERINGTON,KS,67.0,4,Dark,Cloudy,Yard,Single Car,0,12390,0,12390,M501,38.664028999999999,-96.949972000000002
NS,138264,2020-06-17,8:15 AM,Derailment,0,IRONDALE,AL,72.0,2,Day,Clear,Yard,Yard/switching,3,14200,13677,27877,M405,33.555371999999998,-86.683971
IC,978059,2018-11-03,2:00 PM,Derailment,0,METAIRIE,LA,72.0,2,Day,Clear,Main,,0,0,21085,65134,H503,29.970151000000001,-90.173805999999999
CSX,000208864,2022-12-17,4:37 AM,Derailment,0,BRUNSWICK,MD,40.0,1,Dawn,Clear,Yard,Freight Train,6,118262,2184,120446,H702,39.312989000000002,-77.635424999999998
CSX,000212165,2023-07-06,4:46 PM,Other impacts,0,RUSSELL,KY,82.0,2,Day,Clear,Yard,Cut of cars,7,28500,0,95953,H021,38.532100999999997,-82.697680000000005
UP,0524GC001,2024-05-02,6:15 AM,Other impacts,0,LOTTIE,LA,73.0,1,Dawn,Clear,Yard,Yard/switching,10,115501,0,160155,S016,30.526205999999998,-91.555184999999994
NS,155636,2024-01-31,4:30 PM,Side collision,0,DECATUR,AL,35.0,3,Dusk,Clear,Yard,Cut of cars,6,11500,0,61500,H018,34.615470000000002,-86.983773999999997
CSX,000210806,2023-04-14,8:03 AM,Other impacts,0,SHORTER,AL,74.0,2,Day,Clear,Main,Spec. MoW Equip.,12,2000,0,27300,M599,32.441823999999997,-85.901657999999998
ALS,0323AS003,2023-03-05,4:15 PM,Other impacts,0,EAST ST LOUIS,IL,62.0,2,Day,Clear,Yard,Cut of cars,7,80700,19062,147312,M407,38.594465999999997,-90.146386000000007
WC,961683,2018-06-05,11:24 AM,Obstruction,0,GARY,IN,60.0,2,Day,Clear,Yard,Yard/switching,10,14000,0,14000,H993,41.614927000000002,-87.365133999999998
BNSF,KS0316115,2016-03-31,2:15 PM,Other (describe in narrative),0,HOLCOMB,KS,57.0,2,Day,Clear,Main,Maint./inspect Car,4,14572,0,14572,M599,37.980311,-100.960342
CSX,000192464,2020-09-05,11:00 AM,Other impacts,0,MOBILE,AL,95.0,2,Day,Clear,Yard,Yard/switching,3,8658,0,79848,H309,30.711373999999999,-88.046531999999999
CSX,000197897,2021-05-30,10:05 PM,Other impacts,0,MONTGOMERY,AL,73.0,4,Dark,Clear,Yard,Yard/switching,6,11500,0,36632,H306,32.375967000000003,-86.32647
WC,1121647,2022-12-30,3:15 AM,Derailment,0,GARY,IN,55.0,4,Dark,Rain,Yard,,0,0,5420,5420,H702,41.629815000000001,-87.412032999999994
UP,0416DV001,2016-04-01,1:00 AM,Derailment,0,DENVER,CO,30.0,4,Dark,Cloudy,Yard,Freight Train,7,12712,3644,16356,S103,39.771368000000002,-104.973377
BNSF,GC0816103,2016-08-11,6:40 PM,Derailment,0,LAKE CHARLES,LA,92.0,3,Dusk,Clear,Main,Freight Train,24,326054,0,332424,H503,30.242267999999999,-93.276019000000005
BNSF,CH0115126,2015-01-31,4:00 AM,Derailment,0,GALESBURG,IL,27.0,1,Dawn,Cloudy,Yard,Yard/switching,4,33071,10000,43071,M101,40.903989000000003,-90.385694000000001
NS,130629,2018-08-18,2:15 PM,Derailment,0,MACON,GA,82.0,2,Day,Cloudy,Yard,Yard/switching,5,47123,27656,74779,E04C,32.813657999999997,-83.622784999999993
BNSF,KS1220109,2020-12-28,1:36 AM,Derailment,0,KANSAS CITY,KS,40.0,4,Dark,Clear,Yard,Yard/switching,2,14234,0,14234,E34C,39.087217000000003,-94.701586000000006
BNSF,GC0215105,2015-02-11,3:35 AM,Derailment,0,LAFAYETTE,LA,55.0,4,Dark,Clear,Main,Freight Train,5,500,12000,12500,H701,30.234967000000001,-92.070003
NS,135990,2019-10-29,7:30 PM,Other impacts,0,IRONDALE,AL,72.0,3,Dusk,Clear,Yard,Yard/switching,4,17444,100,117544,M407,33.548904999999998,-86.67801
GRS,20211226J1,2021-12-26,11:00 AM,Derailment,0,FAIRFIELD,ME,25.0,2,Day,Clear,Main,Freight Train,6,44500,11615,56115,T220,44.663783000000002,-69.624595999999997
CSX,000207444,2022-09-23,3:15 PM,Derailment,0,BIRMINGHAM,AL,90.0,2,Day,Clear,Yard,Cut of cars,7,11572,0,11572,H318,33.543615000000003,-86.790110999999996
CSX,000220124,2024-08-25,5:02 PM,Derailment,0,INDIANAPOLIS,IN,78.0,3,Dusk,Cloudy,Yard,Yard/switching,3,27650,7895,91245,H305,39.759798000000004,-86.327516000000003
TASD,D20180905A,2018-09-05,7:00 PM,Derailment,0,MOBILE,AL,80.0,3,Dusk,Cloudy,Industry,Freight Train,5,13564,3453,17017,T221,30.670500000000001,-88.0428
IC,1021268,2019-12-13,12:00 PM,Derailment,0,GONZALES,LA,59.0,2,Day,Cloudy,Yard,Freight Train,10,183300,19000,202300,T220,30.235510000000001,-91.080597999999995
UP,1217PR031,2017-12-04,7:57 PM,Obstruction,0,BRAIDWOOD,IL,62.0,4,Dark,Cloudy,Main,,0,0,0,15061,M404,41.267569000000002,-88.207738000000006
ABS,230813001,2023-08-13,12:30 AM,Other impacts,0,TUSCALOOSA,AL,83.0,4,Dark,Clear,Yard,Cut of cars,0,55000,1000,61000,H306,33.202063000000003,-87.573306000000002
KCS,18120401,2018-12-04,1:30 AM,Derailment,0,SHREVEPORT,LA,40.0,4,Dark,Clear,Yard,Cut of cars,0,3971,0,29743,M411,32.533850999999999,-93.834818999999996
IC,951642,2018-03-02,7:36 AM,Hwy-rail crossing,0,HUMBOLDT,IL,34.0,2,Day,Clear,Main,,0,0,17744,24930,M308,39.601027999999999,-88.321365
HRRC,0219,2019-07-17,5:23 PM,Derailment,0,STOCK BRIDGE,MA,92.0,2,Day,Clear,Main,Freight Train,10,1846,23206,25052,E29C,42.300086999999998,-73.332886000000002
UP,0617DV004,2017-06-02,2:52 PM,Derailment,0,GRAND JUNCTION,CO,85.0,2,Day,Cloudy,Main,Freight Train,28,106914,27294,134208,M199,39.036110000000001,-108.56720900000001
NS,146656,2022-09-30,2:25 PM,Other impacts,0,IRONDALE,AL,51.0,2,Day,Clear,Yard,Light loco(s),6,5605,275,34775,H310,33.548904999999998,-86.678008000000005
IC,851624,2015-05-29,2:30 AM,Derailment,0,OTTO,IL,80.0,4,Dark,Clear,Yard,Freight Train,3,48511,1577,50088,T220,41.052149999999997,-87.889968999999994
NS,141760,2021-06-03,5:00 PM,Derailment,0,IRONDALE,AL,76.0,3,Dusk,Cloudy,Yard,Yard/switching,2,73097,1715,130855,H317,33.548904999999998,-86.678008000000005
CSX,000204504,2022-04-24,3:15 AM,Side collision,0,BIRMINGHAM,AL,65.0,4,Dark,Clear,Yard,Yard/switching,0,16554,0,20186,E08C,33.543615000000003,-86.790110999999996
NOGC,NOGC00017F,2022-11-01,8:25 AM,Derailment,0,WESTWEGO,LA,70.0,2,Day,Clear,Yard,Freight Train,4,165000,0,206661,H607,29.915220000000001,-90.165800000000004
BRC,14255,2019-05-08,5:00 PM,Derailment,0,CHICAGO,IL,65.0,2,Day,Clear,Yard,,0,0,27673,72552,H702,41.763838,-87.730598999999998
BRC,14271,2019-06-15,6:23 AM,Derailment,0,BEDFORD PARK,IL,65.0,1,Dawn,Clear,Yard,,0,0,3818,18111,M409,41.763806000000002,-87.730324999999993
ALM,ALM053116D,2016-08-12,11:48 AM,Derailment,0,COLLINSTON,LA,92.0,2,Day,Clear,Yard,Freight Train,7,30300,38050,68350,E46C,32.690328000000001,-91.870598000000001
BNSF,KS1222108,2022-12-21,5:13 AM,Derailment,0,KANSAS CITY,KS,-8.0,1,Dawn,Snow,Yard,Light loco(s),5,29400,3000,32400,H703,39.087384,-94.700019999999995
WTA,171031WTA,2017-10-31,2:50 AM,Derailment,0,WICHITA,KS,30.0,4,Dark,Clear,Yard,Yard/switching,5,8390,1550,28534,M503,37.71452,-97.330460000000002
KO,210815001,2021-08-15,7:15 PM,Derailment,0,GENESEO,KS,75.0,3,Dusk,Rain,Siding,Cut of cars,0,53000,0,53000,M105,38.514997999999999,-98.182888000000005
NS,144029,2022-01-15,6:00 AM,Other (describe in narrative),0,CALERA,AL,50.0,1,Dawn,Cloudy,Industry,Light loco(s),10,288,16000,16288,H702,33.095638999999998,-86.802531000000002
KO,240710002,2024-07-10,12:10 AM,Derailment,0,LYONS,KS,74.0,4,Dark,Clear,Industry,Freight Train,2,12600,225,12825,H702,38.178040000000003,-98.113418999999993
CSX,000208713,2022-12-06,4:25 AM,Derailment,0,DOTHAN,AL,59.0,4,Dark,Clear,Yard,Cut of cars,0,43788,29236,113272,T211,31.230753,-85.387193999999994
NS,152352,2023-02-20,12:20 PM,Other (describe in narrative),0,DECATUR,IL,55.0,2,Day,Clear,Yard,Freight Train,3,15730,2108,17838,H702,39.858407,-88.898385000000005
CSX,000192464,2020-09-05,11:00 AM,Other impacts,0,MOBILE,AL,95.0,2,Day,Clear,Yard,Cut of cars,3,70994,196,79848,H309,30.711373999999999,-88.046531999999999
UP,0319GL066,2019-03-21,4:45 PM,Other impacts,0,MELROSE PARK,IL,48.0,2,Day,Cloudy,Yard,Single Car,0,92,0,21419,M411,41.897900999999997,-87.898267000000004
BNSF,PR0418113,2018-04-19,6:05 PM,Derailment,0,DENVER,CO,53.0,3,Dusk,Clear,Yard,Yard/switching,8,11015,5000,16015,H503,39.768448999999997,-104.991831
BNSF,KS0617117,2017-06-29,1:14 PM,Obstruction,0,LECOMPTON,KS,92.0,2,Day,Clear,Main,,0,0,0,16641,M404,39.031263000000003,-95.344723999999999
BNSF,HL1019124,2019-10-28,9:25 PM,Derailment,0,TEMPLETON,IA,30.0,4,Dark,Clear,Industry,Freight Train,10,257173,0,257173,H211,41.923310999999998,-94.954043999999996
NS,155638,2024-01-31,7:45 AM,Hwy-rail crossing,0,OAKMAN,AL,31.0,1,Dawn,Clear,Siding,Spec. MoW Equip.,5,25000,0,25000,M302,33.713908000000004,-87.334928000000005
CSX,000202836,2022-02-01,11:06 PM,Other impacts,0,MOBILE,AL,65.0,4,Dark,Cloudy,Yard,Yard/switching,8,14798,0,14798,H601,30.711362999999999,-88.046535000000006
NS,141016,2021-03-23,11:00 PM,Other impacts,0,MUSCLE SHOALS,AL,72.0,4,Dark,Cloudy,Yard,Cut of cars,3,3566,39214,43556,E31C,34.712550999999998,-87.616782000000001