reportingrailroadcode,accidentnumber,date,time,accidenttype,hazmatreleasedcars,station,stateabbr,temperature,visibility_code,visibility,weathercondition,tracktype,equipmenttype,trainspeed,equipmentdamagecost,trackdamagecost,totaldamagecost,primaryaccidentcausecode,latitude,longitude
NS,143187,2021-10-17,11:00 PM,Derailment,0,IRONDALE,AL,45.0,4,Dark,Clear,Yard,Yard/switching,4,12967,67027,79994,H506,33.548904999999998,-86.678008000000005
FEC,T09021624,2024-02-16,7:01 PM,Other (describe in narrative),0,VERO BEACH,FL,71.0,4,Dark,Clear,Main,,0,0,0,16000,M599,27.609090999999999,-80.384569999999997
IC,844674,2015-03-23,9:30 PM,Other impacts,0,GEISMAR,LA,60.0,4,Dark,Clear,Yard,Yard/switching,7,15200,0,15200,M599,30.169339000000001,-90.966847000000001
CFRC,24066,2024-03-06,3:12 PM,Derailment,0,DELAND,FL,83.0,2,Day,Clear,Industry,Spec. MoW Equip.,8,14795,250,15045,H303,28.976683999999999,-81.332172999999997
BNSF,KS1221112,2021-12-14,6:17 PM,Derailment,0,KANSAS CITY,KS,65.0,3,Dusk,Clear,Yard,Yard/switching,7,17687,1629,19316,M411,39.085881000000001,-94.689620000000005
NS,139460,2020-10-18,7:45 PM,Other impacts,0,IRONDALE,AL,72.0,3,Dusk,Clear,Yard,Single Car,6,10494,0,11494,M411,33.548904999999998,-86.67801
NS,137025,2020-02-02,4:15 PM,Other (describe in narrative),0,FRANKFORT,IN,48.0,3,Dusk,Clear,Main,Freight Train,5,39419,8643,48062,M405,40.282466999999997,-86.546803999999995
NS,145472,2022-06-06,9:13 PM,Derailment,0,ELKHART,IN,76.0,4,Dark,Clear,Yard,Yard/switching,15,147173,178503,325676,H525,41.671247999999999,-85.995315000000005
BNSF,KS1019108,2019-10-14,10:30 PM,Side collision,0,KANSAS CITY,KS,64.0,4,Dark,Clear,Yard,Yard/switching,7,2125,25500,34000,M407,39.082264000000002,-94.678162999999998
ATK,167860,2021-07-27,4:31 AM,Derailment,0,SPRINGFIELD,MA,70.0,4,Dark,Clear,Yard,Passenger Train - Pulling,5,21765,4770,26535,H303,42.103360000000002,-72.596369999999993
UP,0816LV004,2016-08-11,6:40 PM,Derailment,0,WESTLAKE,LA,88.0,3,Dusk,Clear,Main,,0,0,6370,332424,H503,30.242267999999999,-93.276019000000005
CSX,000210100,2023-03-01,12:00 AM,Other impacts,0,AVON,IN,36.0,4,Dark,Clear,Yard,Yard/switching,10,66688,0,107069,S007,39.759821000000002,-86.327532000000005
NIRC,CPH003,2014-12-09,3:30 AM,Derailment,0,BENSENVILLE,IL,35.0,4,Dark,Clear,Main,,0,0,580,102367,H505,41.952620000000003,-87.918557000000007
UP,1121GC017,2021-11-15,4:32 PM,Other (describe in narrative),0,MARINGOUIN,LA,65.0,2,Day,Clear,Yard,Yard/switching,4,20528,0,20528,M411,30.527882000000002,-91.556531000000007
CSX,000175593,2018-04-02,4:48 PM,Hwy-rail crossing,0,ACWORTH,GA,70.0,2,Day,Clear,Main,Freight Train,35,101283,11461,112744,M304,34.067101000000001,-84.680701999999997
KYLE,KYL795821L,2021-06-08,5:30 PM,Obstruction,0,SIMPSON,KS,85.0,2,Day,Clear,Main,Maint./inspect Car,0,0,0,25000,H402,39.393895999999998,-97.950173000000007
CSX,000196234,2021-03-11,3:25 AM,Side collision,0,INDIANAPOLIS,IN,50.0,4,Dark,Clear,Yard,Yard/switching,3,120919,2120,127490,H306,39.759791,-86.327526000000006
NS,132449,2019-01-16,1:20 PM,Other impacts,0,MACON,GA,57.0,2,Day,Clear,Yard,Yard/switching,9,2390,11899,14364,M411,32.813657999999997,-83.622784999999993
ISRR,ISR041819A,2019-05-07,2:00 PM,Fire/violent rupture,0,OAKLAND CITY,IN,75.0,2,Day,Clear,Main,Spec. MoW Equip.,0,30000,0,30000,M406,38.350597,-87.337093999999993
BLF,20244381,2024-04-07,6:02 AM,Hwy-rail crossing,0,NORTH MIAMI BEACH,FL,75.0,1,Dawn,Clear,Main,Passenger Train - Pulling,45,20752,0,21173,M308,25.947475000000001,-80.147559000000001
BRC,14403,2020-11-08,12:20 AM,Other impacts,0,BEDFORD PARK,IL,54.0,4,Dark,Clear,Yard,Single Car,3,13355,0,13355,H318,41.767743000000003,-87.774872000000002
UP,1018LV022,2018-10-17,8:20 AM,Hwy-rail crossing,0,ST JAMES,LA,70.0,2,Day,Fog,Main,Freight Train,45,40968,99,41067,M304,29.975726999999999,-90.818489999999997
UP,0616TC007,2016-06-19,12:45 PM,Other impacts,0,EAGLE GROVE,IA,90.0,2,Day,Clear,Yard,Single Car,1,869,0,68385,H021,42.675896999999999,-93.916217000000003
CSX,000184097,2019-07-12,5:56 PM,Hwy-rail crossing,0,BRUNDIDGE,AL,74.0,2,Day,Clear,Main,Freight Train,38,20576,97,20673,M302,31.720285000000001,-85.813805000000002
UP,0519GL038,2019-05-28,2:12 AM,Derailment,0,CEDAR RAPIDS,IA,61.0,4,Dark,Cloudy,Yard,,0,0,45496,95239,H514,41.993309000000004,-91.674207999999993
PAL,2016OCT1D,2016-10-09,1:01 PM,Derailment,0,MADISONVILLE,KY,75.0,2,Day,Clear,Yard,Freight Train,8,18653,0,22208,E40C,37.337499999999999,-87.486699999999999
BNSF,CH1123103,2023-11-02,8:10 PM,Derailment,0,MONTGOMERY,IL,42.0,3,Dusk,Clear,Industry,Yard/switching,9,4753,10000,14753,H307,41.712898000000003,-88.358919999999998
UP,0318KC019,2018-03-12,3:45 PM,Derailment,0,WICHITA,KS,50.0,2,Day,Clear,Main,,0,0,19687,20687,H603,37.715088000000002,-97.330764000000002
CSX,000206071,2022-07-12,8:33 AM,Derailment,0,BIRMINGHAM,AL,91.0,2,Day,Clear,Main,Freight Train,9,32208,23210,55418,E67C,33.47072,-86.846230000000006
ATK,168721,2021-09-14,9:00 AM,Other (describe in narrative),0,MIDDLE RIVER,MD,80.0,2,Day,Clear,Main,,0,0,0,205193,H099,39.340192000000002,-76.413927000000001
UP,0716KC011,2016-07-14,7:30 AM,Derailment,0,HIAWATHA,KS,85.0,2,Day,Clear,Industry,Single Car,5,139,11509,11648,M504,39.854855999999998,-95.542451
CSX,000194740,2020-12-31,12:03 AM,Derailment,0,DANVILLE,IN,28.0,4,Dark,Cloudy,Main,Freight Train,27,14200,101267,115467,E06C,39.732039,-86.601451999999995
BNSF,CH1120112,2020-11-27,12:00 PM,Derailment,0,CHICAGO,IL,39.0,2,Day,Cloudy,Yard,Light loco(s),5,13321,300,13621,H525,41.810079000000002,-87.713229999999996
CSX,000216626,2024-03-07,8:35 PM,Other impacts,0,SOUTH PORTLAND,ME,37.0,4,Dark,Clear,Yard,Yard/switching,2,60,116,48350,H306,43.618876999999998,-70.299040000000005
NS,129635,2018-05-29,6:10 AM,Other (describe in narrative),0,MUSCLE SHOALS,AL,70.0,1,Dawn,Clear,Yard,Yard/switching,4,15,143576,143591,H702,34.712550999999998,-87.616781000000003
IC,1145031,2024-02-14,6:05 PM,Hwy-rail crossing,0,NEOGA,IL,46.0,3,Dusk,Clear,Main,,0,0,0,15721,M302,39.277482999999997,-88.472424000000004
BNSF,CH0315101,2015-03-08,4:15 AM,Derailment,0,GALESBURG,IL,29.0,1,Dawn,Clear,Yard,Yard/switching,7,17306,4000,21306,H307,40.915761000000003,-90.380589999999998
ATK,156672,2018-12-10,6:39 PM,Hwy-rail crossing,0,CHAMPAIGN,IL,24.0,4,Dark,Fog,Main,Passenger Train - Pulling,51,26518,0,28662,M304,40.127279999999999,-88.235990000000001
NICD,N1900002,2019-01-20,8:15 PM,Other impacts,0,MICHIGAN CITY,IN,15.0,4,Dark,Snow,Yard,Cut of cars,5,0,26547,26547,M101,41.713205000000002,-86.864495000000005
UP,0421PR011,2021-04-16,12:00 PM,Other impacts,0,ELWOOD,IL,50.0,2,Day,Clear,Yard,Single Car,0,166880,0,178443,H306,41.450409000000001,-88.117406000000003
IC,983532,2019-01-06,12:27 AM,Derailment,0,BATON ROUGE,LA,42.0,4,Dark,Cloudy,Yard,Freight Train,2,17800,775,18575,H306,30.513054,-91.182911000000004
CSX,000202382,2022-01-12,11:46 PM,Derailment,0,WAYCROSS,GA,40.0,4,Dark,Cloudy,Yard,Yard/switching,5,2200,0,19918,H318,31.203671,-82.365787999999995
CSX,000194888,2021-01-08,9:42 PM,Derailment,0,MONTGOMERY,AL,60.0,4,Dark,Cloudy,Yard,Yard/switching,4,29870,97,29967,H312,32.375967000000003,-86.32647
NS,142774,2021-09-06,11:45 AM,Derailment,0,IRONDALE,AL,75.0,2,Day,Clear,Yard,Yard/switching,2,38322,6693,146240,S006,33.555371999999998,-86.683971
UP,0822MA034,2022-08-26,10:12 PM,Derailment,0,DUPO,IL,81.0,4,Dark,Clear,Yard,Freight Train,3,23541,7960,31501,E64C,38.520892000000003,-90.210448999999997
CSX,000196734,2021-04-01,5:14 PM,Hwy-rail crossing,0,BESSEMER,AL,55.0,3,Dusk,Clear,Main,Light loco(s),25,28526,0,28526,M303,33.405715000000001,-86.946044000000001
LXVR,LXV437623D,2023-06-07,4:45 AM,Derailment,0,MILLPORT,AL,62.0,4,Dark,Clear,Main,Freight Train,5,2000,37582,39582,H702,33.570729999999998,-88.033287999999999
UP,0423GC023,2023-04-23,1:21 AM,Other (describe in narrative),0,MARINGOUIN,LA,59.0,4,Dark,Clear,Yard,Yard/switching,5,85154,0,85154,M201,30.526698,-91.555085000000005
UP,0819GL008,2019-08-04,9:51 PM,Derailment,0,MARSHALLTOWN,IA,76.0,4,Dark,Clear,Yard,Freight Train,7,1660,42828,44488,H503,42.042945000000003,-92.899816000000001
BNSF,CH0515102,2015-05-03,8:10 PM,Other (describe in narrative),0,CHICAGO,IL,70.0,3,Dusk,Clear,Main,Freight Train,8,10901,0,10901,H305,41.845592000000003,-87.739119000000002
ATK,170134,2022-03-25,4:30 PM,Hwy-rail crossing,0,YORK,AL,75.0,2,Day,Clear,Main,Passenger Train - Pulling,58,21976,0,33976,M302,32.496715000000002,-88.283928000000003
CSX,000210072,2023-02-27,8:15 AM,Derailment,0,NEW ORLEANS,LA,75.0,2,Day,Clear,Main,Freight Train,8,28189,13223,41412,M204,30.013096999999998,-89.987078999999994
ATK,173868,2022-11-26,10:10 PM,Derailment,0,CHICAGO,IL,46.0,4,Dark,Cloudy,Main,,0,0,51612,51612,T222,41.885807,-87.640782999999999
UP,0422HL013,2022-04-21,10:23 AM,Derailment,0,COFFEYVILLE,KS,67.0,2,Day,Rain,Yard,Yard/switching,8,47930,99,48029,H505,37.030180999999999,-95.626514999999998
MBTA,5718,2018-06-25,10:58 AM,Hwy-rail crossing,0,LITTLETON,MA,80.0,2,Day,Clear,Main,Passenger Train - Pulling,21,5558,76000,81558,M308,42.519345000000001,-71.502324000000002
CSX,000187283,2019-12-21,2:00 AM,Other impacts,0,BIRMINGHAM,AL,53.0,4,Dark,Clear,Yard,Cut of cars,25,301388,0,382258,E34C,33.543607000000002,-86.790088999999995
NS,130088,2018-07-05,3:13 AM,Derailment,0,PELL CITY,AL,72.0,4,Dark,Clear,Main,Freight Train,40,1446457,634078,2080535,H504,33.586973,-86.308170000000004
GRW,01,2015-01-02,9:25 PM,Derailment,0,GARY,IN,32.0,4,Dark,Clear,Yard,Yard/switching,5,10214,31573,41787,H308,41.619421000000003,-87.352277999999998
NS,145581,2022-06-18,6:00 PM,Other (describe in narrative),0,IRONDALE,AL,80.0,3,Dusk,Clear,Yard,Single Car,6,300,13863,14163,S006,33.548904999999998,-86.678009000000003
INRD,644275,2021-03-05,3:35 PM,Derailment,0,JASONVILLE,IN,50.0,2,Day,Clear,Siding,Yard/switching,5,1000,10400,11400,H704,39.146250999999999,-87.196672000000007
NS,115668,2015-05-15,1:00 PM,Derailment,0,ATLANTA,GA,80.0,2,Day,Cloudy,Yard,Freight Train,2,20000,41454,61454,H303,33.793908000000002,-84.445462000000006
UP,0519HL014,2019-05-10,2:04 AM,Other impacts,0,KANSAS CITY,KS,44.0,4,Dark,Clear,Yard,Single Car,0,7740,0,16325,H312,39.096639000000003,-94.662300999999999
UP,0420PR021,2020-04-27,1:00 PM,Obstruction,0,LOVES PARK,IL,61.0,2,Day,Rain,Industry,Light loco(s),9,500,108724,109224,M101,42.276646999999997,-89.083268000000004
CP,1000151494,2014-12-09,3:30 AM,Derailment,0,BENSENVILLE,IL,35.0,4,Dark,Clear,Yard,Yard/switching,4,28078,73709,102367,H505,41.952620000000003,-87.918557000000007
CSX,000145694,2015-05-02,9:26 PM,Side collision,0,ATLANTA,GA,55.0,4,Dark,Clear,Yard,Single Car,5,54970,0,57283,E09C,33.799641000000001,-84.439903000000001
CSX,000196234,2021-03-11,3:25 AM,Side collision,0,INDIANAPOLIS,IN,50.0,4,Dark,Clear,Yard,Light loco(s),7,4451,0,127490,H306,39.759791,-86.327526000000006
KCS,16081902,2016-08-19,12:22 PM,Derailment,0,SHREVEPORT,LA,84.0,2,Day,Cloudy,Yard,Yard/switching,4,677,20701,21378,H702,32.526986999999998,-93.826520000000002
NS,132478,2019-01-17,9:30 PM,Derailment,0,ELKHART,IN,28.0,4,Dark,Cloudy,Yard,Yard/switching,2,12276,3887,16163,H504,41.677719000000003,-85.963137000000003
CSX,000216800,2024-03-17,10:45 PM,Other impacts,0,OWENSBORO,KY,45.0,4,Dark,Clear,Yard,Yard/switching,3,2825,0,24975,H318,37.773969000000001,-87.080106999999998
MBTA,19098,2019-04-09,7:40 PM,Side collision,0,BOSTON,MA,40.0,4,Dark,Clear,Main,Passenger Train - Pushing,15,326236,0,427875,H221,42.343285999999999,-71.059997999999993
NS,121765,2016-08-20,1:00 PM,Hwy-rail crossing,0,HARRODSBURG,KY,80.0,2,Day,Cloudy,Main,Freight Train,15,581,152448,153029,M303,37.770826,-84.857387000000003
MBTA,1955,2015-01-29,2:03 PM,Side collision,0,BOSTON,MA,28.0,2,Day,Clear,Yard,Passenger Train - Pulling,2,7203,0,16391,H999,42.240127999999999,-71.130362000000005
UP,0219GC027,2019-02-16,10:15 AM,Derailment,0,LOTTIE,LA,64.0,2,Day,Cloudy,Yard,Single Car,0,100,0,15219,E07C,30.526033000000002,-91.555147000000005
TRRA,15006,2015-03-13,4:45 PM,Other impacts,0,VENICE,IL,51.0,2,Day,Rain,Yard,Single Car,0,26000,18784,44784,M407,38.669882999999999,-90.162890000000004
BNSF,CH0519108,2019-05-17,5:00 AM,Other impacts,0,GALESBURG,IL,60.0,1,Dawn,Cloudy,Yard,Yard/switching,3,25162,0,25162,E09C,40.905419999999999,-90.384501
BNSF,CH1214115,2014-12-26,8:30 PM,Derailment,0,GALESBURG,IL,41.0,3,Dusk,Cloudy,Yard,Yard/switching,4,40096,600,40696,H307,40.91583,-90.380589999999998
CSX,000159422,2016-05-01,6:35 AM,Derailment,2,WASHINGTON DC,DC,50.0,4,Dark,Rain,Main,Freight Train,27,421774,487085,908859,E54C,38.929577999999999,-76.993877999999995
CSX,000207573,2022-09-30,11:45 PM,Hwy-rail crossing,0,MOBILE,AL,65.0,4,Dark,Clear,Main,Freight Train,22,0,16480,16480,M301,30.683209000000002,-88.038554000000005
CSX,000147646,2015-06-10,3:30 PM,Derailment,0,GREENSBORO,GA,89.0,2,Day,Clear,Main,Freight Train,35,137487,167298,304785,E51C,33.600386999999998,-83.141547000000003
UP,0815ES025,2015-08-13,3:30 PM,Obstruction,0,BONITA,LA,93.0,2,Day,Clear,Main,Spec. MoW Equip.,0,800,0,20533,H995,32.941735999999999,-91.658613000000003
CSX,000141429,2015-02-12,5:30 AM,Other impacts,0,AVON,IN,18.0,4,Dark,Snow,Yard,Single Car,10,1327,0,14199,E09C,39.759222000000001,-86.353898999999998
NS,138614,2020-07-23,1:15 AM,Derailment,0,IRONDALE,AL,75.0,4,Dark,Clear,Yard,Yard/switching,4,4998,5900,10898,H504,33.548904999999998,-86.67801
UP,1118PR022,2018-11-25,4:10 PM,Derailment,0,STERLING,IL,31.0,2,Day,Snow,Yard,Yard/switching,4,2031,1320,11848,H302,41.788584999999998,-89.725588000000002
BNSF,KS1222104,2022-12-05,4:28 AM,Side collision,0,KANSAS CITY,KS,40.0,1,Dawn,Clear,Yard,Freight Train,6,84406,0,129116,H607,39.086976999999997,-94.694749000000002
CSX,000194337,2020-12-09,7:55 AM,Side collision,0,LOUISVILLE,KY,34.0,1,Dawn,Clear,Yard,Cut of cars,0,14299,0,21925,H302,38.160708999999997,-85.749173999999996
WC,1151672,2024-06-14,9:45 PM,Derailment,0,GARY,IN,63.0,4,Dark,Clear,Yard,Freight Train,2,3180,10938,14118,H702,41.623866,-87.384534000000002
CSX,000150324,2015-08-05,1:55 PM,Side collision,0,CHAVIES,KY,85.0,2,Day,Clear,Industry,Cut of cars,0,18357,0,18357,M501,37.360281000000001,-83.370547999999999
CSX,000170912,2017-08-12,7:50 PM,Derailment,0,ELIZABETHTOWN,KY,82.0,2,Day,Clear,Main,Freight Train,22,1017541,165779,1183320,E39C,37.770347999999998,-85.790136000000004
FEC,X09013024,2024-01-30,9:33 PM,Hwy-rail crossing,0,POMPANO BEACH,FL,64.0,4,Dark,Clear,Main,,0,0,1010,17010,M302,26.231583000000001,-80.125822999999997
UP,0719PR005,2019-07-02,8:30 PM,Other impacts,0,MELROSE PARK,IL,74.0,4,Dark,Cloudy,Yard,Yard/switching,4,176396,98799,275295,H021,41.893239999999999,-87.884140000000002
BNSF,CH0822107,2022-08-08,8:00 PM,Derailment,0,ELWOOD,IL,70.0,3,Dusk,Cloudy,Yard,Freight Train,10,30000,4000,34000,H607,41.403444999999998,-88.157212000000001
UP,0518TC016,2018-05-19,1:00 PM,Derailment,0,MASON CITY,IA,70.0,2,Day,Clear,Yard,Light loco(s),4,250,21350,21600,H702,43.166339999999998,-93.213082999999997
SAN,09042019,2019-09-04,9:45 AM,Hwy-rail crossing,0,SANDERSVILLE,GA,85.0,2,Day,Clear,Main,Freight Train,19,11000,97,11097,M304,33.000729999999997,-82.83596
UP,1119PR015,2019-11-25,3:45 AM,Derailment,0,NORTHLAKE,IL,38.0,4,Dark,Clear,Yard,Yard/switching,10,88477,40872,129349,H703,41.927391,-87.914558
BNSF,HL0322101,2022-03-01,5:49 AM,Derailment,0,BIRMINGHAM,AL,36.0,1,Dawn,Clear,Yard,Yard/switching,4,15956,0,41394,H702,33.527486000000003,-86.848574999999997
KCS,15091201,2015-09-12,12:15 AM,Other impacts,0,WESTLAKE,LA,76.0,4,Dark,Cloudy,Industry,Cut of cars,5,22231,0,87686,H318,30.239854999999999,-93.268347000000006
UP,0917TC020,2017-09-26,9:15 AM,Derailment,0,MASON CITY,IA,60.0,2,Day,Cloudy,Yard,Freight Train,3,92714,6010,98724,H704,43.161251999999998,-93.210910999999996
TSWS,911166002,2016-12-13,1:30 AM,Side collision,0,JOLIET,IL,19.0,4,Dark,Clear,Yard,Yard/switching,8,10000,0,35000,H399,41.481307000000001,-88.097787999999994
NS,152701,2023-03-27,7:44 AM,Other impacts,0,ELKHART,IN,42.0,1,Dawn,Cloudy,Yard,Single Car,3,28000,0,31700,M411,41.677391999999998,-85.978437
BNSF,PR0716102,2016-07-08,9:30 AM,Other impacts,0,DENVER,CO,80.0,2,Day,Clear,Yard,Yard/switching,9,12000,637,152952,H607,39.779313000000002,-104.976035
NS,130307,2018-07-22,11:30 PM,Other impacts,0,ELKHART,IN,72.0,4,Dark,Cloudy,Yard,Yard/switching,3,19960,0,19960,H399,41.67736,-85.978494999999995
ATK,173131,2022-11-08,5:08 AM,Derailment,0,MIDDLE RIVER,MD,51.0,1,Dawn,Clear,Main,,0,0,8936,705105,H307,39.343895000000003,-76.401640999999998
UP,0519GC020,2019-05-07,4:53 PM,Hwy-rail crossing,0,SHREVEPORT,LA,85.0,2,Day,Clear,Main,Freight Train,38,1319983,153547,1473530,M303,32.270448000000002,-93.534794000000005
BNSF,HL0818123,2018-08-30,1:30 AM,Rear end collision,0,ADAMSVILLE,AL,75.0,4,Dark,Clear,Main,Freight Train,0,47559,0,923312,H605,33.633479999999999,-87.029869000000005
CSX,000173322,2017-12-08,5:00 AM,Side collision,0,RUSSELL,KY,28.0,4,Dark,Clear,Yard,Yard/switching,0,133203,0,141503,H607,38.531874000000002,-82.697192000000001
CSX,000195564,2021-01-28,12:30 AM,Other impacts,0,DOTHAN,AL,48.0,4,Dark,Clear,Yard,Cut of cars,5,0,0,133823,H020,31.228435000000001,-85.380697999999995
NS,128683,2018-03-02,8:35 AM,Derailment,0,IRONDALE,AL,72.0,2,Day,Clear,Yard,Yard/switching,8,3800,52083,55883,M405,33.548904999999998,-86.67801
IHB,2624,2020-08-30,9:30 AM,Other impacts,0,HAMMOND,IN,75.0,2,Day,Clear,Yard,Yard/switching,3,2100,0,14037,H306,41.604073,-87.472065000000001
IC,887424,2016-05-05,2:00 AM,Side collision,0,HARAHAN,LA,62.0,4,Dark,Clear,Yard,Light loco(s),0,15000,0,82965,H306,29.971744000000001,-90.185961000000006
BNSF,CH0119123,2019-01-27,8:00 PM,Derailment,0,GALESBURG,IL,15.0,3,Dusk,Clear,Yard,Yard/switching,8,26458,8200,34658,H308,40.914143000000003,-90.380516
NS,144801,2022-03-25,4:30 PM,Hwy-rail crossing,0,MCGREGOR,AL,75.0,3,Dusk,Clear,Main,,0,0,12000,33976,M303,32.493335000000002,-88.287165000000002
NS,144018,2022-01-14,12:30 AM,Other impacts,0,IRONDALE,AL,37.0,4,Dark,Clear,Yard,Single Car,4,500,1303,13732,M411,33.548904999999998,-86.678009000000003
UP,0517DV018,2017-05-19,9:30 PM,Derailment,0,LA SALLE,CO,32.0,4,Dark,Cloudy,Siding,Yard/switching,5,14795,5770,20565,H318,40.346136999999999,-104.705141
BNSF,CH1115105,2015-11-13,8:32 AM,Derailment,0,CHICAGO,IL,47.0,1,Dawn,Clear,Yard,,0,0,500,180500,H307,41.871896999999997,-87.638174000000006
UP,1023GC040,2023-10-30,7:10 AM,Other impacts,0,ADDIS,LA,64.0,2,Day,Clear,Yard,Freight Train,5,554192,0,555066,H302,30.361958999999999,-91.270099999999999
KCS,22090503,2022-09-05,9:00 PM,Derailment,0,SHREVEPORT,LA,85.0,4,Dark,Clear,Yard,Yard/switching,10,185471,17340,202811,M411,32.532986999999999,-93.833219999999997
KCS,15100301,2015-10-03,8:05 AM,Derailment,0,MONROE,LA,59.0,2,Day,Clear,Yard,Light loco(s),6,12796,900,13696,E64L,32.504069999999999,-92.106880000000004
UP,1119MA055,2019-11-27,8:14 AM,Obstruction,0,NILWOOD,IL,38.0,2,Day,Cloudy,Main,,0,0,0,15718,M404,39.36448,-89.830876000000004
KCS,18120401,2018-12-04,1:30 AM,Derailment,0,SHREVEPORT,LA,40.0,4,Dark,Clear,Yard,Yard/switching,4,24295,1477,29743,M411,32.533850999999999,-93.834818999999996
CSX,000191960,2020-08-12,12:48 PM,Raking collision,0,FLATWOODS,KY,91.0,2,Day,Clear,Yard,Light loco(s),0,0,0,51681,H607,38.540045999999997,-82.712368999999995
CSX,000212859,2023-08-10,9:02 PM,Side collision,0,BIRMINGHAM,AL,85.0,3,Dusk,Clear,Yard,Freight Train,0,44011,0,48514,H306,33.543615000000003,-86.790110999999996
IMRR,IMR347417O,2017-06-28,12:20 PM,Derailment,0,SPRINGFIELD,IL,84.0,2,Day,Clear,Yard,,0,0,1200,26900,E64L,39.810721999999998,-89.630105999999998
BNSF,CH0217106,2017-02-11,11:45 PM,Derailment,0,GALESBURG,IL,35.0,4,Dark,Clear,Yard,Freight Train,10,372732,702321,1075053,E04C,40.932682,-90.372015000000005
MBTA,5711,2017-07-25,8:14 PM,Hwy-rail crossing,0,ABINGTON,MA,65.0,3,Dusk,Cloudy,Main,Passenger Train - Pushing,60,28891,6208,35099,M308,42.128016000000002,-70.941288999999998
CSX,000150371,2015-08-09,1:27 AM,Obstruction,0,CANNONSBURG,KY,72.0,4,Dark,Clear,Industry,Spec. MoW Equip.,0,0,0,20250,H307,38.385345999999998,-82.746065000000002
IC,847843,2015-04-24,8:40 PM,Hwy-rail crossing,0,HOLDEN,LA,75.0,4,Dark,Cloudy,Main,Freight Train,24,19535,170,19705,M308,30.503889000000001,-90.687019000000006
CSX,000190809,2020-06-15,5:36 AM,Side collision,0,MONTGOMERY,AL,67.0,4,Dark,Cloudy,Yard,Yard/switching,5,10408,0,36738,H702,32.375967000000003,-86.32647
UP,0815CB013,2015-08-22,11:23 AM,Hwy-rail crossing,0,MECHANICSVILLE,IA,73.0,2,Day,Clear,Main,Freight Train,40,10205,102969,113174,M304,41.915413999999998,-91.303893000000002
MBTA,YR202043,2020-03-19,8:08 PM,Hwy-rail crossing,0,BEVERLY,MA,38.0,4,Dark,Rain,Main,Passenger Train - Pushing,53,14585,0,14585,M303,42.558911000000002,-70.833883
BNSF,CH1015201,2015-10-16,3:45 AM,Hwy-rail crossing,0,GALESBURG,IL,52.0,4,Dark,Clear,Yard,Light loco(s),6,0,29345,29345,M302,40.937460000000002,-90.367294999999999
ABS,190724006,2019-07-24,2:15 AM,Derailment,0,GORDO,AL,70.0,4,Dark,Clear,Main,Freight Train,8,19712,103057,122769,E53C,33.319310000000002,-87.899699999999996
NICD,N2400010,2024-06-10,7:45 AM,Hwy-rail crossing,0,GARY,IN,82.0,1,Dawn,Clear,Main,Passenger Train - Pulling,24,170000,2715,172715,M599,41.605612000000001,-87.367845000000003
NS,143245,2021-10-22,9:15 PM,Other impacts,0,GARDEN CITY,GA,72.0,4,Dark,Clear,Yard,Freight Train,9,14040,0,38460,H021,32.111612999999998,-81.175484999999995
NIRC,MEI044,2015-06-12,1:30 PM,Hwy-rail crossing,0,CHICAGO,IL,60.0,2,Day,Cloudy,Main,EMU,25,75955,28009,103964,M308,41.764446,-87.564926
CSX,000211445,2023-05-24,8:22 AM,Side collision,0,CURTIS BAY,MD,70.0,2,Day,Clear,Yard,Light loco(s),0,11613,1010,36430,H306,39.241171000000001,-76.604185999999999
ATK,169149,2021-12-01,3:38 PM,Hwy-rail crossing,0,INDEPENDENCE,LA,68.0,2,Day,Clear,Main,Passenger Train - Pulling,78,89983,0,89983,M302,30.683,-90.507666999999998
KCS,18122903,2018-12-29,8:25 AM,Derailment,0,SHREVEPORT,LA,42.0,2,Day,Cloudy,Yard,Yard/switching,7,6297,19557,25854,M405,32.525773000000001,-93.824629000000002
CSX,000141429,2015-02-12,5:30 AM,Other impacts,0,AVON,IN,18.0,4,Dark,Snow,Yard,Single Car,10,1200,0,14199,E09C,39.759222000000001,-86.353898999999998
UP,1222HL005,2022-12-05,3:00 AM,Other impacts,0,KANSAS CITY,KS,35.0,4,Dark,Cloudy,Yard,Yard/switching,4,10626,165,36864,S099,39.097535000000001,-94.666460000000001
UP,0216LK017,2016-02-18,9:30 AM,Derailment,0,SHREVEPORT,LA,59.0,2,Day,Cloudy,Main,Freight Train,4,15915,900,16815,H522,32.512272000000003,-93.744619
CSX,000164388,2016-11-16,3:45 AM,Derailment,0,EAST SAINT LOUIS,IL,45.0,4,Dark,Clear,Yard,Freight Train,5,33474,435,33909,E41C,38.642252999999997,-90.098853000000005
BNSF,GC1015107,2015-10-15,4:45 AM,Derailment,0,AVONDALE,LA,75.0,1,Dawn,Clear,Yard,Freight Train,0,1500,0,11281,H307,29.916858999999999,-90.185823999999997
UP,1123ES023,2023-11-14,11:35 AM,Obstruction,0,ALEXANDRIA,LA,63.0,2,Day,Cloudy,Main,Spec. MoW Equip.,10,0,0,6489,H997,31.194890000000001,-92.422341000000003