reportingrailroadcode,accidentnumber,date,time,accidenttype,hazmatreleasedcars,station,stateabbr,temperature,visibility_code,visibility,weathercondition,tracktype,equipmenttype,trainspeed,equipmentdamagecost,trackdamagecost,totaldamagecost,primaryaccidentcausecode,latitude,longitude
BNSF,KS0222119,2022-02-21,11:50 PM,Derailment,0,KANSAS CITY,KS,32.0,4,Dark,Clear,Yard,Yard/switching,4,10649,0,24395,M407,39.082270999999999,-94.678196
BRC,13508,2015-01-20,9:05 PM,Derailment,0,BEDFORD PARK,IL,35.0,4,Dark,Rain,Yard,Yard/switching,1,51287,48085,99372,H702,41.762936000000003,-87.743604000000005
IC,1128413,2023-03-17,8:10 PM,Side collision,0,PAXTON,IL,25.0,4,Dark,Clear,Industry,Light loco(s),3,2444,0,24341,H302,40.473852999999998,-88.091469000000004
IC,1086611,2021-10-27,2:15 PM,Derailment,0,GEISMAR,LA,80.0,2,Day,Clear,Yard,Yard/switching,4,35000,400,35400,H702,30.192402000000001,-91.000600000000006
CSX,000170060,2017-07-06,5:50 PM,Derailment,0,CUMBERLAND,MD,73.0,3,Dusk,Clear,Yard,Yard/switching,7,81994,15000,96994,H503,39.625216000000002,-78.736373
CSX,000173485,2017-12-16,9:30 PM,Side collision,0,LOUISVILLE,KY,41.0,4,Dark,Clear,Yard,Yard/switching,4,14005,0,41265,H306,38.160708999999997,-85.749173999999996
ATK,145701,2016-12-28,1:20 PM,Hwy-rail crossing,0,INDEPENDENCE,LA,73.0,2,Day,Clear,Main,Passenger Train - Pulling,77,6415,0,24440,M303,30.444828000000001,-90.441199999999995
MBTA,19207,2019-10-17,5:46 AM,Other impacts,0,SCITUATE,MA,50.0,1,Dawn,Clear,Main,Passenger Train - Pulling,30,24054,0,267054,M101,42.100740000000002,-70.739867000000004
ATK,142631,2016-05-29,5:30 PM,Derailment,0,"WASHINGTON, DC",DC,80.0,2,Day,Rain,Yard,Yard/switching,10,52300,2425,54725,H702,38.914633000000002,-76.990733000000006
CSX,000210075,2023-02-27,9:30 AM,Derailment,0,LOWNDESBORO,AL,68.0,2,Day,Cloudy,Main,Freight Train,8,57034,387,57421,H702,32.327736999999999,-86.512128000000004
CSX,000154636,2015-11-24,6:15 AM,Derailment,0,WEST SPRINGFIELD,MA,32.0,1,Dawn,Clear,Yard,Freight Train,4,17186,1000,18186,H503,42.098748000000001,-72.603181000000006
IC,937382,2017-09-28,6:00 PM,Derailment,0,KENNER,LA,80.0,2,Day,Clear,Yard,Freight Train,9,13194,3000,16194,M507,29.973088000000001,-90.203902999999997
NS,139460,2020-10-18,7:45 PM,Other impacts,0,IRONDALE,AL,72.0,3,Dusk,Clear,Yard,Single Car,6,300,300,11494,M411,33.548904999999998,-86.67801
NS,143632,2021-12-02,10:25 AM,Derailment,0,MOBILE,AL,71.0,2,Day,Clear,Main,Freight Train,6,0,0,32077,M501,30.707239000000001,-88.049283000000003
CSX,000172880,2017-11-14,5:06 PM,Side collision,0,LOUISVILLE,KY,55.0,3,Dusk,Clear,Yard,Yard/switching,9,21200,0,45186,H306,38.292163000000002,-85.510334
WC,978354,2018-11-08,9:00 AM,Derailment,0,GARY,IN,39.0,2,Day,Cloudy,Yard,Yard/switching,3,15500,996,16496,H702,41.627268999999998,-87.39179
NS,137400,2020-03-05,9:00 PM,Other impacts,0,IRONDALE,AL,50.0,4,Dark,Fog,Yard,Single Car,9,44572,0,110433,S007,33.548904999999998,-86.67801
CSX,000141429,2015-02-12,5:30 AM,Other impacts,0,AVON,IN,18.0,4,Dark,Snow,Yard,Single Car,10,11572,100,14199,E09C,39.759222000000001,-86.353898999999998
WC,993309,2019-04-02,9:00 PM,Broken train collision,0,CHICAGO HTS,IL,41.0,4,Dark,Clear,Main,Freight Train,0,12500,0,47500,E30C,41.498176000000001,-87.600194999999999
CSX,000198393,2021-06-16,4:00 PM,Other impacts,0,INDIANAPOLIS,IN,84.0,2,Day,Clear,Yard,Single Car,5,3637,0,23840,E76L,39.759791,-86.327526000000006
CP,1001255115,2020-06-10,7:09 PM,Side collision,0,MASON CITY,IA,70.0,3,Dusk,Clear,Yard,Single Car,2,5642,42,22881,H018,43.139065000000002,-93.168677000000002
TRRA,21005OR,2021-01-27,2:08 AM,Derailment,0,EAST ST LOUIS,IL,30.0,4,Dark,Clear,Main,,0,0,58296,58296,H503,38.595624000000001,-90.155882000000005
NS,153705,2023-07-24,6:00 AM,Other impacts,0,LOUISVILLE,KY,70.0,1,Dawn,Clear,Yard,Single Car,4,43000,0,64000,H302,38.263516000000003,-85.801423999999997
BNSF,KS0916100,2016-09-01,4:30 AM,Raking collision,0,KANSAS CITY,KS,63.0,4,Dark,Clear,Yard,Yard/switching,4,13200,0,13300,H99C,39.084207999999997,-94.687517
NS,143386,2021-11-06,6:20 PM,Other impacts,0,ELKHART,IN,55.0,3,Dusk,Clear,Yard,Single Car,3,3301,0,32790,S006,41.677391,-85.978436000000002
NS,145252,2022-05-11,4:07 PM,Other impacts,0,MAYLENE,AL,88.0,3,Dusk,Clear,Main,Light loco(s),0,0,0,18013,H402,33.217748,-86.886427999999995
NS,155317,2024-01-12,5:50 AM,Side collision,0,IRONDALE,AL,46.0,1,Dawn,Clear,Yard,Yard/switching,7,26944,3500,36194,M105,33.548904999999998,-86.678009000000003
BNSF,CH0822104,2022-08-02,9:04 PM,Derailment,0,GALESBURG,IL,77.0,4,Dark,Clear,Main,Freight Train,61,1740840,1900000,3640840,E6AC,40.943855999999997,-90.315194000000005
CSX,000171953,2017-10-01,2:44 PM,Derailment,0,ATLANTA,GA,64.0,2,Day,Clear,Yard,Freight Train,9,160052,1883,239835,E40C,33.790407000000002,-84.432942999999995
CSX,000146344,2015-05-18,2:10 AM,Derailment,0,IDEAL,GA,79.0,4,Dark,Clear,Main,Freight Train,40,3384,38094,41478,E39C,32.377724999999998,-84.191822999999999
CTHS,CTHS00007F,2024-05-19,10:43 AM,Obstruction,0,BERLIN,CT,70.0,2,Day,Cloudy,Main,Passenger Train - Pushing,82,68579,0,68579,M402,41.582099999999997,-72.773799999999994
UP,1018PR019,2018-10-15,2:30 PM,Other impacts,0,CHICAGO,IL,52.0,2,Day,Clear,Yard,Cut of cars,0,647,0,49136,H306,41.843454000000001,-87.636653999999993
CSX,000160826,2016-06-25,7:25 PM,Derailment,0,LOUISVILLE,KY,82.0,3,Dusk,Clear,Yard,Freight Train,5,20751,100,20851,E40C,38.166384999999998,-85.750642999999997
KAW,240722006,2024-07-22,3:00 AM,Other impacts,0,KANSAS CITY,KS,70.0,4,Dark,Clear,Yard,Cut of cars,8,14810,2674,34062,H310,39.078792999999997,-94.631224000000003
NIRC,MRK028,2017-05-27,10:20 PM,Hwy-rail crossing,0,BARTLETT,IL,65.0,4,Dark,Clear,Main,Commuter Train - Pushing,30,4913,5921,10834,M301,41.992097999999999,-88.183800000000005
CSX,000180761,2019-01-13,7:00 PM,Derailment,0,NEW ORLEANS,LA,45.0,4,Dark,Cloudy,Main,,0,0,12845,477505,E46L,30.005989,-90.019451000000004
CSX,000210473,2023-03-27,4:00 AM,Other impacts,0,MONTGOMERY,AL,67.0,1,Dawn,Rain,Yard,Cut of cars,4,12767,0,292545,H309,32.376061,-86.326449999999994
CSX,000216626,2024-03-07,8:35 PM,Other impacts,0,SOUTH PORTLAND,ME,37.0,4,Dark,Clear,Yard,Cut of cars,0,48174,0,48350,H306,43.618876999999998,-70.299040000000005
CSX,000212165,2023-07-06,4:46 PM,Other impacts,0,RUSSELL,KY,82.0,2,Day,Clear,Yard,Cut of cars,7,67341,112,95953,H021,38.532100999999997,-82.697680000000005
ALS,20190823,2019-08-23,9:32 PM,Derailment,0,EAST ST LOUIS,IL,91.0,2,Day,Clear,Yard,,0,0,200,18003,E09C,38.582529000000001,-90.136418000000006
ALS,20150805,2015-08-05,2:30 AM,Raking collision,0,EAST ST LOUIS,IL,65.0,4,Dark,Clear,Yard,Cut of cars,4,15750,0,15750,S016,38.58925,-90.140482000000006
UP,1218RM028,2018-12-14,1:00 PM,Derailment,0,DUBOIS,ID,22.0,2,Day,Cloudy,Main,Freight Train,9,36934,13092,50026,H702,44.179079000000002,-112.22756099999999
UP,0423HL008,2023-04-08,7:25 PM,Derailment,0,TOPEKA,KS,67.0,3,Dusk,Clear,Yard,Yard/switching,4,3153,16957,20110,H505,39.069074000000001,-95.675803000000002
UP,0318TC011,2018-03-08,10:00 PM,Derailment,0,DES MOINES,IA,28.0,4,Dark,Cloudy,Yard,Yard/switching,5,1060,11910,12970,M507,41.620545999999997,-93.590281000000004
NS,146324,2022-08-27,5:50 PM,Other impacts,0,IRONDALE,AL,82.0,3,Dusk,Clear,Yard,Single Car,0,10026,0,54635,H019,33.555371999999998,-86.683971
BNSF,PR0418117,2018-04-27,7:02 AM,Derailment,0,FORT COLLINS,CO,36.0,1,Dawn,Clear,Siding,Freight Train,10,6500,30000,36500,H607,40.595931999999998,-105.027174
KCS,15082204,2015-08-22,6:15 PM,Derailment,0,MOSSVILLE,LA,90.0,2,Day,Cloudy,Yard,Yard/switching,5,45784,3800,49584,H702,30.256988,-93.305316000000005
MBTA,YR202057,2020-04-22,4:58 AM,Derailment,0,EVERETT,MA,0.0,3,Dusk,Clear,Yard,Spec. MoW Equip.,10,0,40041,40041,M599,42.400221999999999,-71.065477999999999
IAIS,2023014,2023-03-29,12:40 PM,Raking collision,0,SILVIS,IL,42.0,2,Day,Clear,Industry,Yard/switching,1,60000,0,60000,H306,41.515273000000001,-90.421017000000006
NIRC,2018070605,2018-03-09,9:12 AM,Hwy-rail crossing,0,CHICAGO,IL,33.0,2,Day,Clear,Main,Commuter Train - Pulling,40,37729,1179,38908,M303,41.738512,-87.599856000000003
AGR,AGR479519,2019-09-03,4:00 PM,Derailment,0,KIMBROUGH,AL,85.0,2,Day,Clear,Main,,0,0,4064,52546,M599,32.028674000000002,-87.556933999999998
NS,154826,2023-11-20,6:00 AM,Obstruction,0,CHICAGO,IL,46.0,1,Dawn,Clear,Yard,Freight Train,4,13950,0,13950,M402,41.795347,-87.635317000000001
UP,0317LV038,2017-03-26,8:18 PM,Other impacts,0,LIVONIA,LA,85.0,4,Dark,Cloudy,Yard,Yard/switching,0,7271,0,15502,M411,30.53304,-91.558719999999994
BNSF,KS0123115,2023-01-26,10:36 PM,Derailment,0,NEWTON,KS,24.0,4,Dark,Clear,Yard,Freight Train,7,12829,21250,34079,E64C,38.025081,-97.375827000000001
UP,1117KC001,2017-11-01,3:20 AM,Hwy-rail crossing,0,BAILEYVILLE,KS,34.0,4,Dark,Cloudy,Main,Freight Train,37,25132,1226,26358,M308,39.841600999999997,-96.181105000000002
UP,1220GC005,2020-12-03,11:31 PM,Other (describe in narrative),0,LOTTIE,LA,49.0,4,Dark,Cloudy,Yard,Single Car,0,11814,0,11814,M411,30.519283999999999,-91.548990000000003
CSX,000157861,2016-03-08,6:18 AM,Other impacts,0,AVON,IN,58.0,1,Dawn,Cloudy,Yard,Yard/switching,4,7000,0,20767,H306,39.759791,-86.327526000000006
KCS,20010201,2020-01-02,9:25 PM,Derailment,0,LEESVILLE,LA,60.0,4,Dark,Rain,Main,Freight Train,30,17584,233,17817,E53C,30.948827000000001,-93.281580000000005
NS,135467,2019-09-12,4:50 PM,Other (describe in narrative),0,DORAVILLE,GA,95.0,3,Dusk,Cloudy,Yard,Freight Train,2,25058,0,25058,H306,33.923529000000002,-84.251852999999997
NS,145485,2022-06-08,10:27 AM,Other impacts,0,ELKHART,IN,72.0,2,Day,Clear,Yard,Single Car,2,688,0,17250,M411,41.668489999999998,-86.014269999999996
CSX,000200297,2021-09-24,8:36 AM,Obstruction,0,CALERA,AL,65.0,2,Day,Clear,Main,Freight Train,32,13264,0,13588,M402,33.148831000000001,-86.757428000000004
CSX,000170362,2017-07-19,10:00 PM,Other impacts,0,LOUISVILLE,KY,82.0,4,Dark,Clear,Yard,Cut of cars,0,8000,0,174815,H020,38.160708999999997,-85.749173999999996
NS,137107,2020-02-09,3:10 PM,Other impacts,0,NEW ORLEANS,LA,72.0,2,Day,Clear,Yard,Single Car,6,4000,6881,14881,H312,29.973692,-90.045276000000001
NS,153979,2023-08-18,8:25 AM,Derailment,0,MENTONE,AL,84.0,2,Day,Clear,Siding,Freight Train,7,202785,0,202785,E47C,34.645932999999999,-85.568274000000002
MBTA,7009,2016-03-21,7:27 AM,Other (describe in narrative),0,BEVERLY,MA,30.0,1,Dawn,Snow,Main,Passenger Train - Pulling,0,100000,0,100000,E74L,42.547282000000003,-70.885510999999994
CSX,000215955,2024-02-03,3:31 PM,Other (describe in narrative),0,JACKSONVILLE,FL,60.0,2,Day,Clear,Yard,Freight Train,6,0,41344,41344,H702,30.383475000000001,-81.768294999999995
CSX,000214554,2023-11-17,7:05 PM,Derailment,0,BROOKWOOD,AL,60.0,4,Dark,Clear,Industry,Freight Train,3,160963,13400,174363,M101,33.281471000000003,-87.291869000000005
GTW,975788,2018-10-14,3:00 AM,Hwy-rail crossing,0,MISHAWAKA,IN,37.0,4,Dark,Clear,Main,Freight Train,43,100,15137,15237,M308,41.698810000000002,-86.154740000000004
BNSF,HL1020108,2020-10-10,3:31 PM,Derailment,0,BIRMINGHAM,AL,75.0,2,Day,Clear,Yard,,0,0,4500,12500,H519,33.537027000000002,-86.829305000000005
NS,122010,2016-09-09,10:55 PM,Other impacts,0,IRONDALE,AL,72.0,4,Dark,Clear,Yard,Yard/switching,4,16107,0,16107,S016,33.548904999999998,-86.67801
ALE,2101DERAIL,2021-12-02,10:20 AM,Derailment,0,MOBILE,AL,71.0,2,Day,Clear,Yard,,0,0,32077,32077,H703,30.707239000000001,-88.049283000000003
NOPB,D20160702E,2016-07-02,12:50 AM,Derailment,0,NEW ORLEANS,LA,85.0,4,Dark,Clear,Yard,Yard/switching,4,58000,10000,68000,H704,29.914863,-90.114366000000004
CSX,000161982,2016-08-09,5:45 PM,Hwy-rail crossing,0,NEW ORLEANS,LA,86.0,2,Day,Clear,Main,Freight Train,49,9471,20000,29471,M302,30.040302000000001,-89.896742000000003
UP,0323PR002,2023-03-02,12:35 PM,Obstruction,0,MELROSE PARK,IL,38.0,2,Day,Cloudy,Yard,Yard/switching,5,11832,5846,17678,M404,41.916553999999998,-87.913843999999997
IHB,2283,2017-01-29,9:32 PM,Derailment,0,HAMMOND,IN,63.0,4,Dark,Clear,Main,,0,0,7986,25429,E62C,41.606144999999998,-87.476539000000002
ATK,141515,2016-03-14,12:02 AM,Derailment,0,CIMARRON,KS,46.0,4,Dark,Cloudy,Main,Passenger Train - Pulling,60,2784355,0,3147355,M506,37.808481999999998,-100.381272
WC,1091131,2021-12-26,5:45 AM,Derailment,0,GARY,IN,27.0,4,Dark,Clear,Yard,Light loco(s),4,1579,10729,12308,H702,41.629531999999998,-87.406318999999996
MNR,837406,2024-04-03,1:20 PM,Hwy-rail crossing,0,MASARDIS,ME,38.0,2,Day,Clear,Main,Freight Train,11,20842,23197,44039,M302,46.503880000000002,-68.360389999999995
UP,1115PR006,2015-11-08,6:15 PM,Side collision,0,NORTHLAKE,IL,42.0,4,Dark,Clear,Yard,Light loco(s),0,4687,300,14863,H301,41.928348,-87.914592999999996
UP,0323PR018,2023-03-28,5:49 AM,Other impacts,0,MELROSE PARK,IL,27.0,1,Dawn,Cloudy,Yard,Yard/switching,5,14263,0,39222,H318,41.895634000000001,-87.888923000000005
BNSF,KS1015101,2015-10-03,10:00 AM,Derailment,0,EMPORIA,KS,65.0,2,Day,Clear,Yard,Yard/switching,10,19341,7560,26901,H306,38.400844999999997,-96.211246000000003
NS,124982,2017-05-08,1:30 AM,Derailment,0,IRONDALE,AL,48.0,4,Dark,Clear,Yard,Yard/switching,8,19405,1103,20508,M202,33.548904999999998,-86.67801
NOPB,NOPB00033F,2022-11-09,3:00 PM,Derailment,0,NEW ORLEANS,LA,81.0,2,Day,Clear,Yard,Yard/switching,4,20000,4000,24000,H306,29.915330000000001,-90.114074000000002
CSX,000200950,2021-10-27,8:45 AM,Derailment,0,BALTIMORE,MD,68.0,2,Day,Clear,Industry,Yard/switching,3,1932,10628,12560,M506,39.276319999999998,-76.629007000000001
UP,0423HL028,2023-04-27,1:30 AM,Derailment,0,KANSAS CITY,KS,56.0,4,Dark,Clear,Industry,Yard/switching,4,37268,1424,38692,H503,39.127009999999999,-94.604510000000005
UP,0619GC007,2019-06-05,3:20 AM,Derailment,0,WESTWEGO,LA,80.0,4,Dark,Cloudy,Yard,Yard/switching,5,41690,6788,48478,H607,29.917608999999999,-90.183136000000005
NS,157578,2024-08-01,11:15 PM,Derailment,0,DECATUR,AL,71.0,4,Dark,Clear,Industry,Freight Train,5,14700,5500,20200,M505,34.615470000000002,-86.983773999999997
UP,0122GC056,2022-01-15,12:05 AM,Derailment,0,WESTWEGO,LA,57.0,4,Dark,Clear,Yard,Yard/switching,2,14584,2250,16834,M405,29.917840999999999,-90.188976999999994
CSX,000168826,2017-05-11,10:49 AM,Hwy-rail crossing,0,FAIRBURN,GA,85.0,2,Day,Clear,Main,Freight Train,30,14093,0,14093,M304,33.537526999999997,-84.625966000000005
CSX,000174413,2018-01-31,2:28 AM,Derailment,0,CORBIN,KY,18.0,4,Dark,Clear,Yard,Yard/switching,5,59264,1000,60264,E46C,36.950769999999999,-84.095866999999998
CSX,000215646,2024-01-13,6:40 AM,Obstruction,0,SHEPHERDSVILLE,KY,23.0,4,Dark,Cloudy,Main,Freight Train,53,12304,0,12304,M404,37.956749000000002,-85.705256000000006
CSX,000177725,2018-07-21,7:20 AM,Raking collision,0,WORCESTER,MA,72.0,2,Day,Clear,Yard,Cut of cars,0,0,14260,178911,H996,42.251632999999998,-71.807986
UP,1019GL006,2019-10-07,11:50 AM,Other impacts,0,EAGLE GROVE,IA,60.0,2,Day,Clear,Yard,Yard/switching,2,728,33,57585,H020,42.675265000000003,-93.914609999999996
UP,0217DV001,2017-02-01,5:05 AM,Obstruction,0,FRUITA,CO,35.0,4,Dark,Clear,Main,Freight Train,47,13739,990,14729,M402,39.167082000000001,-108.756947
TASD,D20211022A,2021-10-22,1:20 AM,Derailment,0,MOBILE,AL,67.0,4,Dark,Fog,Yard,Yard/switching,5,16526,7883,24409,T221,30.702829999999999,-88.041799999999995
ATK,145837,2016-11-04,1:00 AM,Obstruction,0,BOSTON,MA,45.0,4,Dark,Clear,Main,,0,0,0,32704,H025,42.351529999999997,-71.054993999999994
CSX,000194124,2020-11-27,1:45 PM,Side collision,0,CUMBERLAND,MD,58.0,2,Day,Clear,Yard,Single Car,8,6811,0,32680,E08C,39.600571000000002,-78.740390000000005
NS,128297,2018-01-26,7:30 AM,Other impacts,0,GAINESVILLE,GA,70.0,1,Dawn,Clear,Yard,Single Car,0,150,0,10927,H312,34.304237999999998,-83.799757
NS,135617,2019-09-25,6:30 AM,Other (describe in narrative),0,GEORGETOWN,KY,60.0,1,Dawn,Clear,Yard,Freight Train,1,5829,5789,11618,H306,38.277965999999999,-84.547217000000003
CSX,000187791,2020-01-11,9:30 AM,Derailment,0,HOPKINSVILLE,KY,60.0,2,Day,Rain,Yard,Cut of cars,0,15657,0,27982,M105,36.818691999999999,-87.434961000000001
CSX,000186844,2019-11-30,4:56 PM,Obstruction,0,AUXIER,KY,46.0,3,Dusk,Rain,Main,Freight Train,4,69700,0,69700,M404,37.743761999999997,-82.781791999999996
WC,1701499,2024-08-15,10:46 AM,Side collision,0,GARY,IN,68.0,2,Day,Rain,Yard,Yard/switching,3,21000,0,21000,M599,41.621794000000001,-87.375403000000006
NS,124097,2017-02-24,8:45 PM,Other impacts,0,MUSCLE SHOALS,AL,70.0,4,Dark,Cloudy,Yard,Yard/switching,2,14534,0,17347,M408,34.712550999999998,-87.616781000000003
IR,IR192473,2019-05-09,11:44 AM,Hwy-rail crossing,0,OTTAWA,IL,55.0,2,Day,Clear,Main,Light loco(s),9,3000,0,3000,M303,41.350555,-88.864722
MBTA,YR202018,2020-02-04,10:43 PM,Derailment,0,SOMERVILLE,MA,34.0,4,Dark,Clear,Yard,Yard/switching,6,144460,183732,328192,M599,42.375352999999997,-71.076887999999997
CSX,000212171,2023-07-07,1:10 PM,Hwy-rail crossing,0,TAMPA,FL,95.0,2,Day,Clear,Main,,0,0,9976,16550,M308,27.966051,-82.365054000000001
ATK,148762,2017-08-02,3:40 AM,Side collision,0,WASHINGTON,DC,81.0,4,Dark,Clear,Yard,Light loco(s),0,16335,0,116780,H199,38.9148,-76.985900000000001
UP,1021PR001,2021-10-01,6:24 AM,Other impacts,0,NORTHLAKE,IL,61.0,1,Dawn,Clear,Yard,Cut of cars,0,808,0,14413,M599,41.923775999999997,-87.914357999999993
UP,0719PR005,2019-07-02,8:30 PM,Other impacts,0,MELROSE PARK,IL,74.0,4,Dark,Cloudy,Yard,Cut of cars,4,100,0,275295,H021,41.893239999999999,-87.884140000000002
UP,0917TC001,2017-09-01,3:30 AM,Derailment,0,BELLE PLAINE,IA,62.0,4,Dark,Cloudy,Main,Freight Train,32,10455,3200,13655,E35C,41.897747000000003,-92.252702999999997
IAIS,202362,2023-11-10,9:24 AM,Hwy-rail crossing,0,ANNAWAN,IL,46.0,2,Day,Clear,Main,Freight Train,32,60000,0,60000,M308,41.397199999999998,-89.904700000000005
CSX,000175395,2018-03-25,6:00 PM,Derailment,0,WAYCROSS,GA,56.0,2,Day,Cloudy,Yard,Cut of cars,0,35178,18516,69770,M407,31.213524,-82.353588000000002
CSX,000200579,2021-10-10,11:22 PM,Other impacts,0,INDIANAPOLIS,IN,72.0,4,Dark,Clear,Yard,Cut of cars,5,2031,0,28681,H999,39.759791,-86.327526000000006
CP,1001024408,2019-07-05,6:18 AM,Hwy-rail crossing,0,COLUMBUS JCTN,IA,75.0,1,Dawn,Clear,Main,Freight Train,28,5395,7760,13155,M399,41.280735999999997,-91.355684999999994
MNR,689322,2023-04-11,6:05 PM,Derailment,0,OAKFIELD,ME,52.0,4,Dark,Clear,Yard,Yard/switching,5,0,14518,14518,H514,46.109820999999997,-68.147621000000001
CSX,000199534,2021-08-17,10:02 PM,Derailment,0,BRIDGEPORT,AL,75.0,4,Dark,Clear,Industry,Freight Train,8,27450,9539,36989,M202,34.951048,-85.706380999999993
CSX,000196682,2021-03-30,1:00 PM,Other impacts,0,ANDERSON,IN,70.0,2,Day,Clear,Yard,Cut of cars,9,7517,0,44804,H306,40.098289000000001,-85.693905000000001
CSX,000194390,2020-12-10,9:00 AM,Derailment,0,INDIANAPOLIS,IN,55.0,2,Day,Clear,Yard,Freight Train,8,113517,91617,205134,H992,39.759791,-86.327526000000006
IC,1087731,2021-11-08,7:00 PM,Derailment,0,HARAHAN,LA,58.0,2,Day,Clear,Yard,Yard/switching,4,250,1549,46799,H315,29.973026999999998,-90.204162999999994
KCS,18032502,2018-03-25,6:45 PM,Derailment,0,SHREVEPORT,LA,70.0,2,Day,Clear,Yard,Light loco(s),3,4360,7090,11450,H303,32.538423999999999,-93.834996000000004
CSX,000153287,2015-10-15,4:26 PM,Hwy-rail crossing,0,NAPPANEE,IN,64.0,3,Dusk,Cloudy,Main,Freight Train,59,33581,6454,40035,M303,41.440710000000003,-85.998720000000006
UP,0119MA041,2019-01-29,2:40 PM,Derailment,0,SHREVEPORT,LA,43.0,2,Day,Clear,Yard,Freight Train,8,13308,2646,15954,M101,32.436005999999999,-93.918538999999996
CSX,000187005,2019-12-08,2:39 PM,Raking collision,0,INDIANAPOLIS,IN,55.0,2,Day,Cloudy,Yard,Freight Train,8,105200,0,133065,H307,39.759791,-86.327526000000006
UP,0418TC023,2018-04-24,4:30 PM,Obstruction,0,MASON CITY,IA,56.0,2,Day,Clear,Main,Freight Train,5,11250,955,12205,M503,43.155312000000002,-93.210555999999997
UP,0719PR014,2019-07-07,3:17 AM,Other impacts,0,NORTHLAKE,IL,68.0,4,Dark,Clear,Yard,Yard/switching,1,11610,33,31312,M411,41.898919999999997,-87.907863000000006
UP,0817LK010,2017-08-07,8:45 AM,Derailment,0,SHREVEPORT,LA,82.0,2,Day,Cloudy,Yard,Yard/switching,6,22680,4965,27645,H704,32.460976000000002,-93.793801000000002
UP,0421GC027,2021-04-20,2:00 AM,Other impacts,0,WESTWEGO,LA,63.0,4,Dark,Clear,Yard,Single Car,0,10530,0,22722,H306,29.916754000000001,-90.181562
CSX,000215700,2024-01-23,7:16 AM,Other (describe in narrative),0,MONTGOMERY,AL,54.0,1,Dawn,Rain,Yard,Freight Train,4,42354,2527,44881,H306,32.376041000000001,-86.326436999999999
IHB,2287,2017-02-21,2:30 AM,Derailment,0,HAMMOND,IN,57.0,4,Dark,Clear,Yard,Freight Train,5,8087,3794,11881,H503,41.613633,-87.501233999999997
UP,0916KC006,2016-09-11,11:50 PM,Derailment,0,PRATT,KS,75.0,4,Dark,Cloudy,Yard,Freight Train,7,12215,24386,36601,H303,37.653804999999998,-98.738731999999999
CSX,000204306,2022-04-15,9:10 PM,Derailment,0,BESSEMER,AL,62.0,4,Dark,Clear,Main,Freight Train,5,28988,0,29284,H501,33.410879999999999,-86.967903000000007
CSX,000206720,2022-08-17,8:35 AM,Derailment,0,MONTGOMERY,AL,71.0,2,Day,Rain,Yard,Yard/switching,4,34403,131,34534,H993,32.376258,-86.326211999999998
CSX,000180682,2019-01-10,4:45 AM,Derailment,0,NEW ORLEANS,LA,36.0,1,Dawn,Clear,Yard,,0,0,9487,98487,H503,30.005989,-90.019451000000004
ALS,20150601,2015-06-01,9:30 PM,Raking collision,0,EAST ST LOUIS,IL,60.0,4,Dark,Cloudy,Yard,Cut of cars,4,12000,28,12028,S011,38.58925,-90.140482000000006
UP,0715SL002,2015-07-06,11:45 PM,Derailment,0,PONTIAC,IL,70.0,4,Dark,Rain,Industry,Freight Train,4,317327,185980,503307,E64C,40.919668000000001,-88.600206999999997
MACZ,2109160700,2021-09-16,7:00 AM,Side collision,0,BALTIMORE,MD,70.0,1,Dawn,Cloudy,Yard,Passenger Train - Pushing,0,200000,0,300000,H702,39.271189999999997,-76.600030000000004
ATK,136774,2015-03-23,1:04 PM,Derailment,0,CHICAGO,IL,35.0,2,Day,Snow,Yard,Light loco(s),2,12500,0,12500,H703,41.893236999999999,-87.697377000000003
CSX,000183443,2019-06-09,1:30 AM,Derailment,0,INDIANAPOLIS,IN,67.0,4,Dark,Clear,Yard,Yard/switching,4,138273,0,209239,M408,39.759791,-86.327526000000006
CSX,000188722,2020-02-26,6:52 PM,Derailment,0,FLOMATON,AL,50.0,3,Dusk,Clear,Main,Freight Train,14,24127,418,24545,E47C,31.002607000000001,-87.270567
CSX,000211288,2023-05-13,7:00 AM,Derailment,0,NEW ORLEANS,LA,73.0,1,Dawn,Clear,Yard,Yard/switching,2,152901,81728,234629,H702,30.006012999999999,-90.019469999999998
UP,1122PR011,2022-11-24,2:30 AM,Derailment,0,MELROSE PARK,IL,45.0,4,Dark,Clear,Industry,Yard/switching,5,1990,98034,100024,H307,41.889260999999998,-87.847769999999997
IC,890330,2016-06-03,7:12 AM,Derailment,0,CONVENT,LA,82.0,2,Day,Clear,Industry,Freight Train,5,174000,9040,183040,T221,30.048186999999999,-90.829633999999999
CSX,000166932,2017-02-19,4:44 AM,Derailment,0,MARSHALL,IL,34.0,1,Dawn,Clear,Main,Freight Train,17,0,37182,37182,H999,39.466065999999998,-87.560986999999997
MBTA,YR2020127,2020-10-31,2:56 AM,Derailment,0,BOSTON,MA,31.0,4,Dark,Cloudy,Yard,Passenger Train - Pulling,6,77560,0,162560,H702,42.336019999999998,-71.060078000000004
NS,144792,2022-03-14,10:10 AM,Derailment,0,BIRMINGHAM,AL,60.0,2,Day,Cloudy,Yard,,0,0,21027,33476,E4BC,33.512357999999999,-86.806415000000001