reportingrailroadcode,accidentnumber,date,time,accidenttype,hazmatreleasedcars,station,stateabbr,temperature,visibility_code,visibility,weathercondition,tracktype,equipmenttype,trainspeed,equipmentdamagecost,trackdamagecost,totaldamagecost,primaryaccidentcausecode,latitude,longitude
CSX,000150659,2015-08-14,10:55 PM,Derailment,0,EMERLING,KY,75.0,4,Dark,Clear,Yard,Freight Train,6,30765,14936,45701,E40C,36.855334999999997,-83.347489999999993
UP,0422GC040,2022-04-29,4:45 PM,Other impacts,0,ADDIS,LA,84.0,2,Day,Clear,Yard,Single Car,4,64429,0,421030,H318,30.356203000000001,-91.267930000000007
UP,0319GL066,2019-03-21,4:45 PM,Other impacts,0,MELROSE PARK,IL,48.0,2,Day,Cloudy,Yard,Yard/switching,2,6495,0,21419,M411,41.897900999999997,-87.898267000000004
BNSF,KS0123121,2023-01-28,1:00 AM,Derailment,0,WICHITA,KS,30.0,4,Dark,Clear,Yard,,0,0,20000,25787,H704,37.730609999999999,-97.326531000000003
NOPB,D20150907T,2015-09-07,5:15 AM,Broken train collision,0,NEW ORLEANS,LA,80.0,4,Dark,Clear,Yard,Yard/switching,3,14690,108,69674,H307,29.915541000000001,-90.118269999999995
NS,145836,2022-07-14,9:15 PM,Other (describe in narrative),0,IRONDALE,AL,80.0,4,Dark,Clear,Yard,Yard/switching,6,70314,29758,100072,H306,33.548904999999998,-86.678008000000005
UP,1216CB018,2016-12-30,3:35 PM,Hwy-rail crossing,0,LE MARS,IA,41.0,2,Day,Clear,Main,Freight Train,24,9390,5456,14846,M308,42.793050000000001,-96.164634000000007
WC,1056326,2020-11-27,3:52 AM,Other (describe in narrative),0,GARY,IN,35.0,4,Dark,Cloudy,Yard,Cut of cars,15,14700,0,14700,H312,41.629525000000001,-87.406390999999999
TNHR,TNH922322,2022-02-23,9:15 AM,Derailment,0,MCKENZIE,AL,65.0,2,Day,Cloudy,Main,Freight Train,10,86327,60460,146787,T216,31.581994999999999,-86.692825999999997
UP,0120GC027,2020-01-27,1:00 PM,Other impacts,0,LIVONIA,LA,57.0,2,Day,Cloudy,Yard,Freight Train,0,24052,0,99689,E39C,30.521507,-91.549114000000003
NS,132449,2019-01-16,1:20 PM,Other impacts,0,MACON,GA,57.0,2,Day,Clear,Yard,Single Car,0,75,0,14364,M411,32.813657999999997,-83.622784999999993
BRC,13542,2015-01-31,4:28 AM,Other impacts,0,BEDFORD PARK,IL,25.0,4,Dark,Clear,Yard,Yard/switching,2,15456,0,15456,M407,41.761429999999997,-87.711385000000007
UP,0822GC027,2022-08-30,10:07 AM,Other (describe in narrative),0,PLAQUEMINE,LA,80.0,2,Day,Clear,Industry,Single Car,0,20685,0,20685,M501,30.240711000000001,-91.196325000000002
UP,0616LV012,2016-06-13,11:18 AM,Derailment,0,METAIRIE,LA,81.0,2,Day,Cloudy,Main,Freight Train,10,532,0,19032,S011,29.923203000000001,-90.071409000000003
NS,152688,2023-03-31,11:15 AM,Derailment,0,DECATUR,IL,55.0,2,Day,Clear,Yard,Freight Train,5,42765,11401,56946,T211,39.862136,-88.884787000000003
ALS,0323AS005,2023-03-14,8:30 AM,Side collision,0,EAST ST LOUIS,IL,31.0,2,Day,Clear,Yard,Yard/switching,4,47500,50,47550,H307,38.595821000000001,-90.146090999999998
CSX,000196349,2021-03-16,12:03 AM,Derailment,0,HOMEWOOD,AL,65.0,4,Dark,Rain,Main,Freight Train,24,36158,0,180449,E27C,33.439867999999997,-86.846784999999997
UP,0624GC001,2024-06-01,5:00 AM,Other impacts,0,LOTTIE,LA,73.0,1,Dawn,Cloudy,Yard,Yard/switching,4,13096,0,24128,M411,30.521791,-91.550443000000001
ATK,180150,2024-05-09,8:53 AM,Obstruction,0,MENDOTA,IL,55.0,2,Day,Clear,Main,Passenger Train - Pulling,40,17889,0,17889,M404,41.547058999999997,-89.11806
WC,962400,2018-06-12,9:24 PM,Other impacts,0,GARY,IN,72.0,4,Dark,Clear,Yard,Yard/switching,2,16000,0,16000,H302,41.613376000000002,-87.357217000000006
NS,152576,2023-03-18,10:46 AM,Derailment,0,ELKHART,IN,17.0,2,Day,Clear,Yard,Single Car,4,3426,0,29452,E67C,41.677391999999998,-85.978437
NS,146324,2022-08-27,5:50 PM,Other impacts,0,IRONDALE,AL,82.0,3,Dusk,Clear,Yard,Single Car,2,10026,3071,54635,H019,33.555371999999998,-86.683971
KCS,15071401,2015-07-14,12:20 AM,Derailment,0,WEST LAKE,LA,85.0,4,Dark,Clear,Yard,Yard/switching,4,152,10352,10504,H312,30.248670000000001,-93.302149
BNSF,HL0918116,2018-09-17,12:40 PM,Other impacts,0,BIRMINGHAM,AL,89.0,2,Day,Clear,Yard,Yard/switching,5,17751,0,17751,H318,33.534312,-86.833307000000005
CSX,000185957,2019-10-14,1:00 AM,Other impacts,0,INDIANAPOLIS,IN,40.0,4,Dark,Clear,Yard,Freight Train,1,9299,0,15793,H702,39.759791,-86.327526000000006
CSX,000138052,2014-11-24,6:24 PM,Derailment,0,DEARBORN,MI,33.0,3,Dusk,Clear,Yard,Yard/switching,4,30805,1000,31805,H312,42.303435,-83.150096000000005
IC,1094348,2022-02-09,4:00 AM,Side collision,0,CHAMPAIGN,IL,33.0,4,Dark,Clear,Yard,Cut of cars,0,0,0,18500,H302,40.167372999999998,-88.219257999999996
FEC,X11021324,2024-02-13,12:05 AM,Hwy-rail crossing,0,WEST PALM BEACH,FL,68.0,4,Dark,Clear,Main,,0,0,478,16478,M301,26.706403999999999,-80.055458999999999
NS,138367,2020-06-29,11:40 AM,Derailment,0,TUSCALOOSA,AL,90.0,2,Day,Clear,Yard,Freight Train,9,11529,1500,13029,H503,33.192435000000003,-87.560364000000007
BNSF,KS0621110,2021-06-24,7:15 AM,Side collision,0,KANSAS CITY,KS,63.0,1,Dawn,Cloudy,Yard,Yard/switching,0,61828,0,80228,M407,39.081237999999999,-94.674115999999998
NS,155386,2024-01-16,9:37 AM,Other impacts,0,RIVERSIDE,AL,19.0,2,Day,Cloudy,Main,Spec. MoW Equip.,0,5000,0,20000,H402,33.589120999999999,-86.237558000000007
CSX,000210454,2023-03-24,5:05 PM,Other impacts,0,LAFAYETTE,IN,40.0,3,Dusk,Cloudy,Yard,Cut of cars,4,20100,0,34166,H993,40.443815000000001,-86.879413999999997
NS,135990,2019-10-29,7:30 PM,Other impacts,0,IRONDALE,AL,72.0,3,Dusk,Clear,Yard,Single Car,3,100000,0,117544,M407,33.548904999999998,-86.67801
UP,1220GC002,2020-12-03,3:30 AM,Other impacts,0,LIVONIA,LA,52.0,4,Dark,Cloudy,Yard,Single Car,2,0,0,92724,E09C,30.530647999999999,-91.559199000000007
KCS,19070401,2019-07-04,4:50 AM,Derailment,0,BATON ROUGE,LA,90.0,4,Dark,Clear,Industry,Yard/switching,6,8312,9619,17931,H306,30.565795999999999,-91.205782999999997
NS,141192,2021-04-09,11:15 PM,Hwy-rail crossing,0,RICHMOND,IN,46.0,4,Dark,Clear,Main,Freight Train,35,750,16000,16750,M303,39.834781,-84.891487999999995
NIRC,2017070273,2017-07-06,9:18 AM,Other (describe in narrative),0,CHICAGO,IL,81.0,2,Day,Clear,Main,DMU,10,54287,0,54287,E78L,41.884146999999999,-87.623002999999997
NS,156928,2024-06-01,6:05 PM,Derailment,0,KIMBROUGH,AL,81.0,3,Dusk,Clear,Yard,Freight Train,8,20449,0,21949,H303,32.032460999999998,-87.572472000000005
WC,982633,2018-12-25,9:45 PM,Other impacts,0,GARY,IN,27.0,4,Dark,Clear,Yard,Yard/switching,5,104235,4680,108915,H021,41.619022999999999,-87.372671999999994
UP,0717LK040,2017-07-30,8:30 PM,Derailment,0,SHREVEPORT,LA,85.0,4,Dark,Clear,Yard,Single Car,0,95,0,17562,H704,32.432921,-93.911365000000004
LIRC,LIRC0076F,2024-08-24,7:20 PM,Derailment,0,JEFFERSONVILLE,IN,89.0,3,Dusk,Clear,Yard,Yard/switching,6,8759,24190,32949,H702,38.303221000000001,-85.751748000000006
CSX,000145852,2015-05-05,5:05 PM,Side collision,0,AUGUSTA,GA,86.0,2,Day,Clear,Yard,Yard/switching,2,17128,464,17592,H307,33.455379000000001,-81.952251000000004
BRC,14403,2020-11-08,12:20 AM,Other impacts,0,BEDFORD PARK,IL,54.0,4,Dark,Clear,Yard,Light loco(s),5,0,0,13355,H318,41.767743000000003,-87.774872000000002
NIRC,MEI127,2015-11-11,8:46 PM,Other (describe in narrative),0,BLUE ISLAND,IL,55.0,4,Dark,Rain,Main,EMU,30,31564,7369,38933,M404,41.669373,-87.660627000000005
CSX,000210171,2023-03-03,6:30 PM,Other (describe in narrative),0,HILLSDALE,IN,45.0,3,Dusk,Rain,Main,Freight Train,0,26000,0,26000,M199,39.809530000000002,-87.387767999999994
MBTA,19269,2019-12-26,3:40 PM,Derailment,0,BOSTON,MA,35.0,2,Day,Cloudy,Main,Passenger Train - Pushing,9,37647,15512,53159,H702,42.349769000000002,-71.109525000000005
CSX,000207082,2022-09-01,8:52 AM,Raking collision,0,RIVERDALE,IL,89.0,2,Day,Clear,Yard,Yard/switching,4,5568,0,18073,M204,41.650035000000003,-87.643692000000001
UP,0118LV046,2018-01-12,5:45 AM,Derailment,0,LOTTIE,LA,45.0,4,Dark,Cloudy,Yard,Light loco(s),3,10204,3488,13692,H702,30.533116,-91.562251000000003
NS,130052,2017-10-08,11:59 AM,Obstruction,0,LEEDS,AL,75.0,2,Day,Rain,Main,,0,0,0,27829,M404,33.540934,-86.532617999999999
BLF,20244386,2024-04-07,9:45 PM,Obstruction,0,FORT PIERCE,FL,72.0,4,Dark,Clear,Main,Passenger Train - Pulling,98,21125,0,21375,M402,27.381519999999998,-80.296881999999997
CSX,000207062,2022-09-04,1:00 PM,Derailment,0,BIRMINGHAM,AL,85.0,2,Day,Rain,Main,Freight Train,18,15314,15177,30491,E62C,33.473790999999999,-86.839879999999994
NS,143016,2021-10-01,4:15 PM,Derailment,0,IRONDALE,AL,82.0,3,Dusk,Clear,Yard,Yard/switching,8,43000,9446,52446,H504,33.548904999999998,-86.678009000000003
UP,0722MA030,2022-07-13,7:15 PM,Other impacts,0,SHREVEPORT,LA,97.0,3,Dusk,Cloudy,Yard,Cut of cars,0,0,0,11638,E29C,32.449883999999997,-93.798698999999999
NIRC,MEI079,2015-07-25,9:00 PM,Other (describe in narrative),0,CHICAGO,IL,80.0,4,Dark,Clear,Main,EMU,12,290000,19661,309661,H499,41.475746999999998,-87.351241999999999
NS,131123,2018-09-29,6:30 PM,Derailment,0,IRONDALE,AL,72.0,3,Dusk,Clear,Yard,Cut of cars,10,10500,2605,13105,M405,33.548904999999998,-86.67801
UP,0617KC003,2017-06-07,2:16 AM,Derailment,0,HERINGTON,KS,63.0,4,Dark,Clear,Main,Freight Train,8,5886,6319,12205,H702,38.674334999999999,-96.949475000000007
BRC,13534,2015-03-05,6:10 PM,Other impacts,0,BEDFORD PARK,IL,19.0,2,Day,Clear,Yard,Cut of cars,15,19409,945,20354,M407,41.761749999999999,-87.741339999999994
MACZ,168369,2021-09-14,9:00 AM,Other (describe in narrative),0,MIDDLE RIVER,MD,80.0,2,Day,Clear,Main,Passenger Train - Pushing,90,205193,0,205193,H099,39.340192000000002,-76.413927000000001
BNSF,KS0623105,2023-06-04,5:24 AM,Derailment,0,KANSAS CITY,KS,75.0,1,Dawn,Clear,Yard,Yard/switching,3,25968,7000,32968,S007,39.083942,-94.689661999999998
CARR,CRR050801,2017-05-08,9:15 AM,Side collision,0,WORTHVILLE,KY,55.0,2,Day,Clear,Yard,Single Car,0,0,0,24670,M506,38.609276000000001,-85.069229000000007
ABS,231128003,2023-11-28,4:30 AM,Derailment,0,TUSCALOOSA,AL,29.0,4,Dark,Clear,Yard,Freight Train,2,125000,32500,434500,H504,33.201104000000001,-87.570423000000005
UP,1118PR022,2018-11-25,4:10 PM,Derailment,0,STERLING,IL,31.0,2,Day,Snow,Yard,Single Car,0,8497,0,11848,H302,41.788584999999998,-89.725588000000002
ATK,139804,2015-10-20,4:00 AM,Other impacts,0,BALTIMORE,MD,50.0,4,Dark,Clear,Yard,Spec. MoW Equip.,5,0,0,18000,H997,39.296666000000002,-76.540358999999995
NIRC,RII053,2015-09-13,10:50 AM,Derailment,0,BLUE ISLAND,IL,60.0,2,Day,Clear,Main,Commuter Train - Pulling,8,6418,7153,13571,M507,41.498299000000003,-87.907700000000006
TASD,D20180812A,2018-08-12,12:00 AM,Derailment,0,MOBILE,AL,80.0,4,Dark,Clear,Industry,,0,0,8646,39622,M101,30.711373999999999,-88.046531999999999
BRC,13651,2015-11-13,10:40 PM,Derailment,0,BEDFORD PARK,IL,43.0,4,Dark,Clear,Yard,,0,0,5555,14351,T221,41.757075999999998,-87.713616000000002
CSX,000194337,2020-12-09,7:55 AM,Side collision,0,LOUISVILLE,KY,34.0,1,Dawn,Clear,Yard,Yard/switching,7,7626,0,21925,H302,38.160708999999997,-85.749173999999996
IC,863187,2015-08-23,8:05 AM,Other (describe in narrative),0,CLINTON,KY,90.0,2,Day,Cloudy,Main,Freight Train,4,15675,25,15700,H018,36.585095000000003,-88.943248999999994
ATK,148499,2017-07-14,9:30 PM,Other (describe in narrative),0,WASHINGTON,DC,85.0,3,Dusk,Cloudy,Yard,Yard/switching,10,11250,0,11250,E78L,38.915725000000002,-76.988795999999994
ATK,173615,2023-02-02,3:00 AM,Obstruction,0,OLD LYME,CT,19.0,4,Dark,Clear,Main,Spec. MoW Equip.,5,0,0,100000,H607,41.310394000000002,-72.343408999999994
WTA,210506WTA,2021-05-06,3:19 PM,Other impacts,0,WICHITA,KS,67.0,2,Day,Clear,Yard,Yard/switching,3,16350,0,16350,H318,37.718468000000001,-97.331750999999997
UP,0622MA003,2022-06-03,11:55 AM,Derailment,0,EAST ST LOUIS,IL,79.0,2,Day,Clear,Main,Yard/switching,8,0,66,66,H514,38.597149999999999,-90.155640000000005
NS,152505,2023-03-09,6:26 AM,Derailment,0,HEFLIN,AL,59.0,1,Dawn,Cloudy,Main,Freight Train,24,1938654,642712,2581366,E39L,33.662925999999999,-85.647588999999996
NS,144944,2022-04-11,12:25 PM,Other impacts,0,ALTON,IL,62.0,2,Day,Rain,Yard,Single Car,0,14290,0,14488,M408,38.885122000000003,-90.164027000000004
ALS,220911,2022-09-11,4:15 PM,Derailment,0,EAST ST LOUIS,IL,70.0,2,Day,Clear,Yard,Yard/switching,4,5800,9050,14850,M411,38.595399999999998,-90.147069999999999
UP,0415LV004,2015-04-04,12:15 PM,Derailment,0,AVONDALE,LA,75.0,2,Day,Clear,Yard,Yard/switching,6,33071,50764,83835,H702,29.917840000000002,-90.204603000000006
BLF,20244094,2024-02-13,12:05 AM,Hwy-rail crossing,0,WEST PALM BEACH,FL,68.0,4,Dark,Clear,Main,Passenger Train - Pulling,24,16000,0,16478,M301,26.706403999999999,-80.055458999999999
UP,0123HL010,2023-01-12,11:00 PM,Derailment,0,HERINGTON,KS,26.0,4,Dark,Clear,Main,Yard/switching,10,13911,3305,17216,H607,38.673380999999999,-96.949505000000002
NS,128657,2018-02-26,8:00 PM,Derailment,0,BOLIGEE,AL,60.0,4,Dark,Cloudy,Yard,,0,0,16193,20029,E07C,32.759466000000003,-88.024726999999999
CSX,000152166,2015-09-16,6:50 PM,Other impacts,0,RIVERDALE,IL,79.0,3,Dusk,Clear,Yard,Cut of cars,3,50900,0,50900,E31C,41.650474000000003,-87.647464999999997
IANR,WLP0220192,2019-02-20,12:57 PM,Other impacts,0,WATERLOO,IA,30.0,2,Day,Snow,Yard,Freight Train,7,16194,0,16194,H302,42.466110999999998,-92.315205000000006
CFE,CFE365723D,2023-03-23,5:00 PM,Derailment,0,FORT WAYNE,IN,48.0,2,Day,Clear,Yard,Yard/switching,4,96000,23407,124407,E65C,41.060443999999997,-85.096943999999993
CP,1000875796,2018-11-14,8:30 AM,Hwy-rail crossing,0,BUTLER,IN,30.0,2,Day,Clear,Main,Freight Train,25,13793,0,13793,M303,41.42971,-84.860730000000004
UP,0318PR007,2018-03-08,8:31 AM,Other (describe in narrative),0,MELROSE PARK,IL,30.0,2,Day,Cloudy,Yard,Single Car,0,65549,0,65549,M411,41.898752000000002,-87.907916999999998
BNSF,CH0119105,2019-01-13,5:00 PM,Derailment,0,ADAIR,IL,17.0,3,Dusk,Clear,Main,Freight Train,44,659570,446520,1106090,E52C,40.403739999999999,-90.478386
MBTA,1955,2015-01-29,2:03 PM,Side collision,0,BOSTON,MA,28.0,2,Day,Clear,Yard,Yard/switching,2,9188,0,16391,H999,42.240127999999999,-71.130362000000005
NS,134294,2019-06-11,11:30 AM,Side collision,0,MOBILE,AL,85.0,2,Day,Clear,Yard,Freight Train,9,220000,55868,293868,H306,30.706530999999998,-88.048817999999997
BNSF,RD1117125,2017-11-29,12:50 AM,Other impacts,0,ARKANSAS CITY,KS,48.0,4,Dark,Rain,Siding,Freight Train,6,18750,0,18750,H302,37.070497000000003,-97.032814000000002
NS,151948,2023-01-08,6:25 AM,Other impacts,0,IRONDALE,AL,49.0,1,Dawn,Cloudy,Yard,Yard/switching,3,9989,0,11756,H316,33.548904999999998,-86.678009000000003
UP,0623MA027,2023-06-20,4:45 AM,Derailment,0,EAST ST LOUIS,IL,64.0,1,Dawn,Clear,Yard,Freight Train,4,66100,0,140552,E4AC,38.584482000000001,-90.133084999999994
NS,142218,2021-07-15,12:45 PM,Hwy-rail crossing,0,FULTON,AL,92.0,2,Day,Clear,Main,Freight Train,35,14,25000,25014,M303,31.790075999999999,-87.727547000000001
NS,133643,2019-04-21,5:25 AM,Other impacts,0,MACON,GA,46.0,1,Dawn,Clear,Yard,Single Car,0,78764,0,555947,H312,32.813657999999997,-83.622784999999993
CSX,000181241,2019-02-07,2:16 PM,Hwy-rail crossing,0,HELENA,AL,74.0,2,Day,Clear,Main,Freight Train,36,22528,80,22608,M303,33.27467,-86.812955000000002
KCS,15032702,2015-03-27,7:00 AM,Hwy-rail crossing,0,RUSTON,LA,40.0,2,Day,Clear,Main,Freight Train,46,1284,19083,20367,M304,32.528793,-92.675278000000006
CSX,000191390,2020-07-16,7:45 AM,Derailment,0,CHICAGO,IL,72.0,1,Dawn,Clear,Yard,Cut of cars,8,18975,0,18975,H307,41.779542999999997,-87.679338000000001
CSX,000196511,2021-03-23,3:00 AM,Derailment,0,TALLADEGA,AL,55.0,4,Dark,Cloudy,Industry,Freight Train,8,40288,1321,141609,T211,33.430221000000003,-86.111309000000006
UP,0716DV002,2016-07-05,2:05 PM,Derailment,0,GRAND JUNCTION,CO,90.0,2,Day,Clear,Yard,Spec. MoW Equip.,0,140000,0,191956,H309,39.062629000000001,-108.55591200000001
CP,1001644857,2022-02-11,5:30 AM,Other impacts,0,BENSENVILLE,IL,33.0,4,Dark,Cloudy,Yard,Light loco(s),0,7246,0,12843,H799,41.941768000000003,-87.885514999999998
NS,132005,2018-10-31,7:18 PM,Raking collision,0,DANVILLE,KY,65.0,3,Dusk,Clear,Yard,Freight Train,2,13894,0,13894,H302,37.682406999999998,-84.781724999999994
CSX,000180621,2019-01-06,2:27 PM,Derailment,0,NEW ORLEANS,LA,68.0,2,Day,Clear,Main,Yard/switching,4,78355,0,89641,H019,30.005989,-90.019451000000004
NS,142846,2021-09-14,2:55 PM,Derailment,0,MACON,GA,80.0,2,Day,Clear,Yard,Freight Train,0,25000,0,48657,E30C,32.813729000000002,-83.622793000000001
CSX,000180403,2018-12-19,7:41 PM,Other impacts,0,INDIANAPOLIS,IN,32.0,3,Dusk,Clear,Yard,Single Car,0,46791,0,46791,S099,39.759791,-86.327526000000006
UP,0219GL093,2019-02-23,5:00 PM,Other impacts,0,MELROSE PARK,IL,39.0,2,Day,Rain,Yard,Single Car,0,13482,0,37838,M411,41.89873,-87.907931000000005
UP,0920GC033,2020-09-27,1:30 AM,Other impacts,0,MARINGOUIN,LA,70.0,4,Dark,Clear,Yard,Single Car,6,0,0,262849,M411,30.526440000000001,-91.554669000000004
CSX,000171795,2017-09-18,9:10 PM,Derailment,0,NEW ORLEANS,LA,84.0,4,Dark,Cloudy,Yard,Yard/switching,6,413261,120539,534970,M405,30.005989,-90.019451000000004
GRW,15,2017-06-27,2:35 PM,Derailment,0,GARY,IN,76.0,2,Day,Clear,Yard,Yard/switching,7,19739,0,19739,E29C,41.608801,-87.333966000000004
CSX,000142138,2015-02-26,11:46 PM,Other impacts,0,AVON,IN,5.0,4,Dark,Clear,Yard,Single Car,5,1594,0,13874,E09C,39.759222000000001,-86.353898999999998
GWR,GWRC161534,2016-07-22,11:00 PM,Derailment,0,WINDSOR,CO,71.0,4,Dark,Clear,Main,Cut of cars,20,100144,10244,110388,H318,40.469999999999999,-104.88787499999999
LAS,D640215,2015-01-01,1:55 PM,Derailment,0,HODGE,LA,36.0,2,Day,Rain,Main,Freight Train,8,0,15700,15700,H503,32.164453000000002,-92.434641999999997
CSX,000213655,2023-09-19,8:28 PM,Obstruction,0,TERRE HAUTE,IN,65.0,4,Dark,Cloudy,Main,Freight Train,20,18905,0,18905,M404,39.393653,-87.375567000000004
NS,130875,2018-09-10,2:40 AM,Derailment,0,IRONDALE,AL,72.0,4,Dark,Clear,Yard,Yard/switching,15,13000,13761,37761,M407,33.548904999999998,-86.67801
CSX,000151486,2015-08-31,2:30 PM,Side collision,0,WEST SPRINGFIELD,MA,84.0,2,Day,Clear,Yard,Single Car,3,200,0,38335,H318,42.098748000000001,-72.603181000000006
NS,142340,2021-07-24,9:00 AM,Derailment,0,MUSCLE SHOALS,AL,95.0,2,Day,Clear,Yard,Light loco(s),8,3850,11300,15150,M404,34.712550999999998,-87.616782000000001
BNSF,HL1220118,2020-12-27,8:36 PM,Derailment,0,KEOKUK,IA,48.0,3,Dusk,Clear,Yard,Freight Train,3,32000,70000,102000,H703,40.386592999999998,-91.403130000000004
KO,02170201,2017-02-01,2:30 AM,Derailment,0,BAZINE,KS,30.0,4,Dark,Clear,Main,Freight Train,7,200000,13310,213310,T220,38.440810999999997,-99.798152999999999
BNSF,CH0515109,2015-05-24,7:45 PM,Side collision,0,GALESBURG,IL,72.0,3,Dusk,Cloudy,Yard,Yard/switching,3,400,0,13600,M408,40.914709000000002,-90.380700000000004
ATK,172164,2022-09-27,5:04 PM,Obstruction,0,NEWCARROLLTON,MD,72.0,2,Day,Clear,Main,Passenger Train - Pulling,90,29955,0,29955,M404,38.949075000000001,-76.871232000000006
CSX,000200989,2021-10-29,8:34 PM,Other impacts,0,BIRMINGHAM,AL,58.0,4,Dark,Rain,Yard,Cut of cars,10,14498,164,136801,H020,33.543607000000002,-86.790088999999995
UP,0816LV015,2016-08-22,12:00 PM,Derailment,0,LIVONIA,LA,85.0,2,Day,Clear,Yard,Yard/switching,5,232,14592,14824,H303,30.53304,-91.558719999999994
NS,127978,2018-01-03,12:15 PM,Derailment,0,MCINTOSH,AL,32.0,2,Day,Clear,Industry,Freight Train,3,12000,1500,13500,H306,31.256833,-88.007977999999994
NS,145447,2022-06-03,12:16 PM,Derailment,0,ELKHART,IN,72.0,2,Day,Clear,Yard,Freight Train,8,83298,380413,463711,H306,41.677391,-85.978436000000002
UP,0422HL020,2022-04-29,8:30 PM,Derailment,0,WHITE CITY,KS,72.0,4,Dark,Rain,Main,Freight Train,0,70666,400,71066,M102,38.749428000000002,-96.801933000000005
CSX,000204022,2022-04-05,6:32 AM,Derailment,0,MONTGOMERY,AL,65.0,1,Dawn,Cloudy,Yard,Freight Train,7,10947,1860,12807,H704,32.396349999999998,-86.314903999999999
UP,0719GC018,2019-07-08,10:30 PM,Derailment,0,PORT ALLEN,LA,84.0,4,Dark,Clear,Main,Yard/switching,4,100,29260,29360,H702,30.491572999999999,-91.217710999999994
ATK,148716,2017-07-24,12:10 PM,Other (describe in narrative),0,BALTIMORE,MD,89.0,2,Day,Clear,Main,Passenger Train - Pulling,90,17371,0,17371,E78L,39.304721999999998,-76.591387999999995
NS,140049,2020-12-17,6:52 PM,Side collision,0,OSCEOLA,IN,26.0,3,Dusk,Clear,Yard,Cut of cars,4,83926,2087,87173,H305,41.664667999999999,-86.052581000000004
IC,870149,2015-11-03,2:55 PM,Hwy-rail crossing,0,HAMMOND,LA,70.0,2,Day,Cloudy,Main,,0,0,25,27173,M302,30.407216999999999,-90.431708999999998
NS,115120,2015-04-03,8:50 PM,Hwy-rail crossing,0,MULBERRY,IN,35.0,4,Dark,Clear,Main,Freight Train,41,30,62042,62072,M302,40.338566,-86.661113999999998
NS,153705,2023-07-24,6:00 AM,Other impacts,0,LOUISVILLE,KY,70.0,1,Dawn,Clear,Yard,Single Car,0,21000,0,64000,H302,38.263516000000003,-85.801423999999997
NS,130102,2018-07-05,6:00 PM,Other impacts,0,ELKHART,IN,80.0,3,Dusk,Clear,Yard,Yard/switching,2,150,0,19950,E39C,41.67736,-85.978494999999995
CSX,000185957,2019-10-14,1:00 AM,Other impacts,0,INDIANAPOLIS,IN,40.0,4,Dark,Clear,Yard,Cut of cars,0,6494,0,15793,H702,39.759791,-86.327526000000006
BNSF,KS0222112,2022-02-10,10:06 AM,Derailment,0,KANSAS CITY,KS,30.0,2,Day,Clear,Yard,Yard/switching,10,79740,1500,81240,M407,39.082315000000001,-94.679297000000005
UP,0722MA030,2022-07-13,7:15 PM,Other impacts,0,SHREVEPORT,LA,97.0,3,Dusk,Cloudy,Yard,Yard/switching,1,11638,0,11638,E29C,32.449883999999997,-93.798698999999999
NS,156062,2024-03-16,3:30 AM,Other (describe in narrative),0,DANVILLE,KY,37.0,4,Dark,Fog,Yard,Freight Train,1,27400,500,27900,H702,37.637861000000001,-84.781619000000006
CSX,000216800,2024-03-17,10:45 PM,Other impacts,0,OWENSBORO,KY,45.0,4,Dark,Clear,Yard,Single Car,0,22150,0,24975,H318,37.773969000000001,-87.080106999999998
IC,1140339,2023-10-20,11:20 PM,Side collision,0,DESTREHAN,LA,55.0,4,Dark,Clear,Main,Freight Train,3,13000,0,18834,H607,29.953389000000001,-90.366465000000005
NS,144018,2022-01-14,12:30 AM,Other impacts,0,IRONDALE,AL,37.0,4,Dark,Clear,Yard,Single Car,0,11929,0,13732,M411,33.548904999999998,-86.678009000000003
NS,151564,2022-11-27,2:30 AM,Side collision,0,IRONDALE,AL,55.0,4,Dark,Clear,Yard,Cut of cars,3,0,0,0,M408,33.548904999999998,-86.678009000000003
UP,0520HL010,2020-05-19,6:40 AM,Derailment,0,COFFEYVILLE,KS,50.0,1,Dawn,Cloudy,Yard,Freight Train,5,28626,33,28659,H525,37.017887999999999,-95.625096999999997
UP,0123HL018,2023-01-25,11:00 PM,Derailment,0,PARSONS,KS,24.0,4,Dark,Cloudy,Yard,Freight Train,7,13320,25360,38680,M409,37.346899999999998,-95.269800000000004
UP,0317LV019,2017-03-08,12:00 PM,Other (describe in narrative),0,SHREVEPORT,LA,69.0,2,Day,Clear,Industry,Single Car,0,14494,0,14494,M507,32.361386000000003,-93.641932999999995
BNSF,CH1222109,2022-12-17,3:15 AM,Derailment,0,GALESBURG,IL,22.0,4,Dark,Clear,Yard,Yard/switching,4,113874,3000,116874,M101,40.905943000000001,-90.385974000000004
CSX,000191039,2020-06-24,8:29 PM,Other impacts,0,INDIANAPOLIS,IN,80.0,4,Dark,Clear,Yard,Cut of cars,0,0,100,17980,M407,39.759791,-86.327526000000006
KO,IN210101,2021-01-01,10:00 PM,Derailment,0,WICHITA,KS,28.0,4,Dark,Clear,Industry,Yard/switching,5,44645,20000,64645,T212,37.591743999999998,-97.411016000000004
NS,128718,2018-03-05,3:15 PM,Derailment,0,LOUISVILLE,KY,45.0,2,Day,Cloudy,Yard,Yard/switching,7,70023,0,70023,H017,38.263534999999997,-85.801413999999994