reportingrailroadcode,accidentnumber,date,time,accidenttype,hazmatreleasedcars,station,stateabbr,temperature,visibility_code,visibility,weathercondition,tracktype,equipmenttype,trainspeed,equipmentdamagecost,trackdamagecost,totaldamagecost,primaryaccidentcausecode,latitude,longitude
CSX,000204768,2022-05-06,9:35 PM,Hwy-rail crossing,0,DOTHAN,AL,65.0,4,Dark,Clear,Main,Freight Train,0,13498,958,14456,M302,31.217161999999998,-85.350300000000004
IAIS,2019006,2019-02-04,8:10 PM,Derailment,0,DES MOINES,IA,15.0,4,Dark,Cloudy,Main,,0,0,28808,57437,H702,41.587091999999998,-93.591108000000006
CSX,000191960,2020-08-12,12:48 PM,Raking collision,0,FLATWOODS,KY,91.0,2,Day,Clear,Yard,Freight Train,8,51681,0,51681,H607,38.540045999999997,-82.712368999999995
BNSF,RD1117110,2017-11-15,7:05 AM,Side collision,0,LAFAYETTE,LA,68.0,1,Dawn,Clear,Yard,Cut of cars,0,21645,0,49765,H318,30.235113999999999,-92.043548999999999
NS,156995,2024-06-08,6:32 AM,Derailment,0,ELKHART,IN,56.0,1,Dawn,Clear,Yard,Yard/switching,2,20610,10823,31433,M405,41.677391999999998,-85.978437
PW,PWR686421S,2021-02-04,5:25 AM,Side collision,0,WORCESTER,MA,31.0,1,Dawn,Snow,Yard,Cut of cars,0,13000,0,25500,H302,42.220806000000003,-71.788278000000005
ATK,160924,2019-08-30,11:25 PM,Other (describe in narrative),0,CHICAGO,IL,65.0,4,Dark,Clear,Main,Passenger Train - Pulling,0,66777,0,66777,E03L,41.881832000000003,-87.623176999999998
CSX,000180403,2018-12-19,7:41 PM,Other impacts,0,INDIANAPOLIS,IN,32.0,3,Dusk,Clear,Yard,Single Car,7,0,0,46791,S099,39.759791,-86.327526000000006
PAL,2015APR4D,2015-04-23,10:08 AM,Derailment,0,PROVIDENCE,KY,60.0,2,Day,Clear,Industry,Freight Train,4,18498,0,18498,T211,37.455168999999998,-87.779662999999999
UP,1021PR001,2021-10-01,6:24 AM,Other impacts,0,NORTHLAKE,IL,61.0,1,Dawn,Clear,Yard,Yard/switching,2,13355,250,14413,M599,41.923775999999997,-87.914357999999993
FEC,D14033024,2024-03-30,9:05 AM,Derailment,0,JACKSONVILLE,FL,70.0,2,Day,Clear,Yard,Yard/switching,5,25667,454,26121,H315,30.239750000000001,-81.602410000000006
UP,0219GP021,2019-02-07,2:31 PM,Derailment,0,SCRANTON,IA,7.0,2,Day,Cloudy,Main,Freight Train,40,102999,114708,217707,H503,42.022626000000002,-94.569148999999996
NS,145644,2022-06-22,10:30 PM,Other (describe in narrative),0,IRONDALE,AL,72.0,4,Dark,Clear,Yard,Yard/switching,4,4600,115455,120055,H702,33.548904999999998,-86.678009000000003
CSX,000205207,2022-05-26,11:36 PM,Other impacts,0,BIRMINGHAM,AL,68.0,4,Dark,Clear,Yard,Yard/switching,10,84448,0,123774,H318,33.543615000000003,-86.790110999999996
UP,0317PR013,2017-03-15,2:30 AM,Derailment,0,LAKE FOREST,IL,15.0,4,Dark,Snow,Main,Freight Train,26,687066,39167,726233,T220,42.264297999999997,-87.862746999999999
UP,0116LV006,2016-01-13,2:15 AM,Other impacts,0,ALEXANDRIA,LA,34.0,4,Dark,Clear,Yard,Yard/switching,5,12113,0,12113,E35C,31.261704999999999,-92.437634000000003
NS,136335,2019-11-27,7:45 AM,Other impacts,0,ALBANY,GA,68.0,1,Dawn,Clear,Yard,Single Car,0,0,0,11012,H312,31.584475000000001,-84.149669000000003
NS,136097,2019-11-06,9:00 AM,Other impacts,0,CHATTANOOGA,AL,52.0,2,Day,Clear,Yard,Yard/switching,4,294,0,34773,H318,32.757798999999999,-85.601337999999998
BNSF,HL0322104,2022-03-07,3:15 PM,Derailment,0,BIRMINGHAM,AL,65.0,2,Day,Clear,Yard,Freight Train,5,38619,6237,44856,H503,33.533760999999998,-86.834811999999999
UP,0519HL014,2019-05-10,2:04 AM,Other impacts,0,KANSAS CITY,KS,44.0,4,Dark,Clear,Yard,Yard/switching,4,7335,1250,16325,H312,39.096639000000003,-94.662300999999999
AGR,AGR477319,2019-09-06,4:00 PM,Derailment,0,MOBILE,AL,95.0,2,Day,Clear,Yard,Freight Train,8,1000,0,16385,E46L,30.725300000000001,-88.052499999999995
MBTA,7095,2018-01-13,7:30 AM,Other (describe in narrative),0,SOUTHBOROUGH,MA,27.0,1,Dawn,Clear,Main,Passenger Train - Pushing,30,15128,0,15128,M199,42.305549999999997,-71.523621000000006
NS,136848,2020-01-15,5:15 PM,Other impacts,0,IRONDALE,AL,65.0,3,Dusk,Clear,Main,Freight Train,6,15970,500,17970,S016,33.548904999999998,-86.67801
UP,0715PR025,2015-07-08,8:55 AM,Other (describe in narrative),0,SOUTH HOLLAND,IL,59.0,2,Day,Clear,Main,Single Car,0,52040,0,52040,E21C,41.622757,-87.612308999999996
IC,887424,2016-05-05,2:00 AM,Side collision,0,HARAHAN,LA,62.0,4,Dark,Clear,Yard,Yard/switching,4,32839,250,82965,H306,29.971744000000001,-90.185961000000006
CSX,000156656,2016-01-30,5:10 PM,Derailment,0,WEST SPRINGFIELD,MA,35.0,3,Dusk,Clear,Yard,Freight Train,4,332010,6506,338516,T220,42.098671000000003,-72.620755000000003
BNSF,KS0815100,2015-08-01,2:58 AM,Derailment,0,KANSAS CITY,KS,75.0,4,Dark,Clear,Yard,Cut of cars,0,1025,0,13081,M408,39.082436000000001,-94.679524000000001
IC,1142710,2023-12-22,11:00 PM,Derailment,0,METAIRIE,LA,55.0,4,Dark,Clear,Yard,Single Car,0,10000,0,16300,H312,29.972248,-90.192580000000007
CSX,000202089,2021-12-28,7:15 AM,Derailment,0,ELKMONT,AL,65.0,1,Dawn,Cloudy,Main,Freight Train,40,27315,20493,47808,E67C,34.959066,-86.866015000000004
BNSF,CH0815100,2015-08-01,2:45 AM,Derailment,0,GALESBURG,IL,72.0,4,Dark,Clear,Yard,Passenger Train - Pushing,2,15900,500,16400,H312,40.932983,-90.371972
AGR,AGR988522,2022-07-07,9:00 PM,Derailment,0,MOBILE,AL,87.0,4,Dark,Cloudy,Yard,Freight Train,10,40000,0,40000,H503,30.724080000000001,-88.05301
BNSF,CH1214110,2014-12-16,10:13 AM,Derailment,0,OREGON,IL,34.0,2,Day,Cloudy,Yard,,0,0,10000,30000,T222,42.001458999999997,-89.334701999999993
IR,IR171945,2017-12-04,1:29 PM,Other impacts,0,WEDRON,IL,32.0,2,Day,Clear,Industry,Yard/switching,5,72400,0,72400,H318,41.421111000000003,-88.776666000000006
NS,130389,2018-07-28,10:00 PM,Other impacts,0,NEW ORLEANS,LA,79.0,4,Dark,Clear,Yard,Single Car,3,83,0,17965,H312,29.989433999999999,-90.044345000000007
UP,1215KC010,2015-12-15,10:10 PM,Derailment,0,KANSAS CITY,KS,51.0,4,Dark,Clear,Yard,Yard/switching,10,8860,114136,122996,M405,39.131861000000001,-94.612078999999994
UP,1217PR020,2017-12-23,12:12 AM,Derailment,0,MELROSE PARK,IL,20.0,4,Dark,Clear,Yard,Yard/switching,7,29267,2820,32087,E40C,41.900061999999998,-87.907360999999995
UP,0219GC027,2019-02-16,10:15 AM,Derailment,0,LOTTIE,LA,64.0,2,Day,Cloudy,Yard,Yard/switching,5,11888,3231,15219,E07C,30.526033000000002,-91.555147000000005
MNCW,82341,2024-04-05,1:30 AM,Other (describe in narrative),0,STAMFORD,CT,38.0,4,Dark,Cloudy,Yard,EMU,5,18474,0,18474,H599,41.048771000000002,-73.534806000000003
UP,0717LK040,2017-07-30,8:30 PM,Derailment,0,SHREVEPORT,LA,85.0,4,Dark,Clear,Yard,Yard/switching,4,15437,2030,17562,H704,32.432921,-93.911365000000004
NS,139858,2020-11-30,10:55 AM,Rear end collision,0,ARCOLA,IN,34.0,2,Day,Rain,Main,Spec. MoW Equip.,20,25000,0,30000,H997,41.085726000000001,-85.373352999999994
CSX,000191692,2020-07-30,3:46 AM,Derailment,0,LOUISVILLE,KY,74.0,4,Dark,Cloudy,Yard,Yard/switching,7,10289,1000,11289,E46C,38.160708999999997,-85.749173999999996
NS,152370,2022-12-26,4:25 PM,Obstruction,0,BOLIGEE,AL,48.0,,,Cloudy,Main,,0,0,0,73814,M404,32.734386000000001,-88.057856999999998
NS,133643,2019-04-21,5:25 AM,Other impacts,0,MACON,GA,46.0,1,Dawn,Clear,Yard,Cut of cars,0,66730,0,555947,H312,32.813657999999997,-83.622784999999993
KCS,18072501,2018-07-25,9:00 AM,Derailment,0,SORRENTO,LA,88.0,2,Day,Clear,Main,Spec. MoW Equip.,0,211755,22807,234562,M299,30.18141,-90.845455999999999
UP,0121GL017,2021-01-20,3:00 PM,Derailment,0,DES MOINES,IA,45.0,2,Day,Clear,Yard,Light loco(s),7,1680,22800,24480,H702,41.589415000000002,-93.561638000000002
NS,152880,2023-04-21,3:15 PM,Other impacts,0,DECATUR,AL,70.0,2,Day,Cloudy,Yard,Cut of cars,0,12787,0,65321,E30C,34.612340000000003,-87.023427999999996
NS,152529,2023-03-07,9:20 AM,Hwy-rail crossing,0,N/A,IN,35.0,2,Day,Clear,Main,Spec. MoW Equip.,15,40997,0,40997,M302,41.194946000000002,-84.972299000000007
GRS,20220823B1,2022-08-23,11:55 PM,Fire/violent rupture,0,PORTLAND,ME,73.0,4,Dark,Cloudy,Siding,Cut of cars,0,41956,375,42331,M502,43.620376999999998,-70.296986000000004
NS,114266,2015-02-09,12:45 AM,Other (describe in narrative),0,LOGANSPORT,IN,20.0,4,Dark,Clear,Main,Freight Train,10,24100,403,24503,E20C,40.741266000000003,-86.383250000000004
UP,1122GC010,2022-11-16,8:56 AM,Derailment,0,LOTTIE,LA,44.0,2,Day,Cloudy,Yard,Yard/switching,6,62907,3150,66057,E24C,30.52449,-91.554547999999997
CSX,000212121,2023-07-06,10:00 AM,Derailment,0,LOUISVILLE,KY,80.0,2,Day,Clear,Yard,Yard/switching,5,22846,730,23576,H312,38.160739999999997,-85.749135999999993
AGR,AGR095723,2023-01-30,8:00 PM,Side collision,0,PINE HILL,AL,60.0,4,Dark,Cloudy,Yard,Freight Train,5,2050,800,41778,H301,31.967459999999999,-87.469949999999997
PAL,2019DEC2D,2019-12-26,6:54 AM,Derailment,0,SHIVELY,KY,60.0,1,Dawn,Cloudy,Siding,Freight Train,9,15000,74460,89460,M507,38.208817000000003,-85.811329000000001
UP,0419GL041,2019-04-26,1:21 AM,Derailment,0,MELROSE PARK,IL,53.0,4,Dark,Rain,Yard,Yard/switching,2,46619,10500,57119,M404,41.898457999999998,-87.908384999999996
ATK,172772,2022-11-17,1:10 PM,Hwy-rail crossing,0,BIRMINGHAM,AL,44.0,2,Day,Clear,Main,Passenger Train - Pulling,62,24156,0,40156,M308,33.499628999999999,-86.833101999999997
NOPB,D20150702T,2015-07-02,2:18 AM,Derailment,0,NEW ORLEANS,LA,80.0,4,Dark,Clear,Industry,Yard/switching,3,9791,19406,29197,H702,29.914576,-90.125298999999998
ATK,143003,2016-06-26,9:45 AM,Hwy-rail crossing,0,TRINIDAD,CO,77.0,2,Day,Clear,Main,Passenger Train - Pulling,74,34658,0,34658,M302,37.216703000000003,-104.464547
BNSF,RD1023129,2023-10-24,2:26 AM,Other (describe in narrative),0,LAFAYETTE,LA,72.0,4,Dark,Clear,Yard,Yard/switching,4,18450,0,18450,H318,30.234553999999999,-92.046780999999996
UP,0815ES025,2015-08-13,3:30 PM,Obstruction,0,BONITA,LA,93.0,2,Day,Clear,Main,Spec. MoW Equip.,18,19733,0,20533,H995,32.941735999999999,-91.658613000000003
IHB,2181,2016-02-08,12:10 AM,Rear end collision,0,HAMMOND,IN,32.0,4,Dark,Clear,Yard,Light loco(s),8,25890,0,25890,H607,41.605629999999998,-87.477070999999995
MBTA,YR202123,2021-04-14,9:13 PM,Other (describe in narrative),0,BOSTON,MA,48.0,3,Dusk,Cloudy,Industry,Passenger Train - Pushing,2,13011,0,13011,H999,42.336672,-71.059460999999999
UP,0419GC058,2019-04-18,3:00 AM,Obstruction,0,MARINGOUIN,LA,69.0,4,Dark,Cloudy,Yard,Yard/switching,2,0,14100,14100,M201,30.530194000000002,-91.558544999999995
UP,0917TC007,2017-09-06,2:24 AM,Derailment,0,SIOUX CITY,IA,55.0,4,Dark,Clear,Yard,Freight Train,5,57331,14613,71944,H704,42.515092000000003,-96.385002999999998
CSX,000211230,2023-05-09,4:18 AM,Derailment,0,MOBILE,AL,75.0,1,Dawn,Cloudy,Yard,Freight Train,7,12520,3020,15540,M101,30.711383000000001,-88.046549999999996
CSX,000200823,2021-10-20,7:15 AM,Side collision,0,INDIANAPOLIS,IN,48.0,4,Dark,Clear,Yard,Yard/switching,2,235563,0,352676,H306,39.759791,-86.327526000000006
ALS,220906,2022-09-06,5:30 PM,Derailment,0,EAST ST LOUIS,IL,78.0,2,Day,Clear,Yard,Light loco(s),4,34000,3400,37400,S011,38.59807,-90.149240000000006
NS,132505,2019-01-19,1:30 PM,Derailment,0,TOCCOA,GA,72.0,2,Day,Rain,Yard,Yard/switching,1,107264,1000,108264,H318,34.585974999999998,-83.295933000000005
IC,1091724,2022-01-05,2:15 AM,Derailment,0,BATON ROUGE,LA,65.0,4,Dark,Clear,Yard,Yard/switching,9,104187,38723,142910,H704,30.544074999999999,-91.176934000000003
ALS,20150628,2015-06-28,4:15 PM,Derailment,0,EAST ST LOUIS,IL,87.0,2,Day,Clear,Yard,,0,0,241018,310354,S011,38.588576000000003,-90.127866999999995
ATK,139601,2015-10-13,1:40 PM,Hwy-rail crossing,0,SOMONAUK,IL,65.0,2,Day,Clear,Main,Passenger Train - Pulling,50,0,0,30000,M302,41.629989999999999,-88.707099999999997
UP,1218GP012,2018-12-01,7:47 PM,Fire/violent rupture,0,MISSOURI VALLEY,IA,34.0,3,Dusk,Snow,Main,Freight Train,30,16419,0,16419,E74L,41.557727999999997,-95.994800999999995
UP,0720HL018,2020-07-16,6:00 PM,Side collision,0,TOPEKA,KS,82.0,3,Dusk,Clear,Yard,Freight Train,1,61982,5520,102686,H307,39.072840999999997,-95.685402999999994
BNSF,CH0322113,2022-03-18,11:53 AM,Other impacts,0,EOLA,IL,55.0,2,Day,Cloudy,Yard,Freight Train,0,29334,0,31224,H307,41.769987999999998,-88.274472000000003
UP,1221HL014,2021-12-16,6:40 AM,Other impacts,0,KANSAS CITY,KS,33.0,1,Dawn,Clear,Yard,Yard/switching,4,12660,0,13921,M105,39.097292000000003,-94.664806999999996
CSX,000210820,2023-04-16,1:42 AM,Derailment,0,BESSEMER,AL,71.0,4,Dark,Clear,Main,Freight Train,9,308543,54027,362570,H520,33.411465999999997,-86.967072000000002
IHB,2192,2016-03-11,1:15 AM,Side collision,0,HAMMOND,IN,40.0,4,Dark,Clear,Yard,Yard/switching,5,0,0,46108,H306,41.603968000000002,-87.471446999999998
CSX,000190809,2020-06-15,5:36 AM,Side collision,0,MONTGOMERY,AL,67.0,4,Dark,Cloudy,Yard,Freight Train,8,25225,1105,36738,H702,32.375967000000003,-86.32647
UP,0618LV001,2018-06-01,8:15 AM,Other (describe in narrative),0,LOTTIE,LA,83.0,2,Day,Cloudy,Yard,Single Car,0,35677,0,35677,M411,30.523980000000002,-91.554179000000005
BRC,14416,2021-02-10,5:25 AM,Derailment,0,CHICAGO,IL,5.0,4,Dark,Snow,Main,,0,0,175000,582926,H522,41.723298,-87.548434999999998
IC,1058817,2021-01-14,7:30 AM,Derailment,0,MOUND CITY,IL,45.0,2,Day,Clear,Siding,Yard/switching,8,59176,274,59450,T220,37.112136,-89.202326999999997
KAW,240722006,2024-07-22,3:00 AM,Other impacts,0,KANSAS CITY,KS,70.0,4,Dark,Clear,Yard,Yard/switching,2,14252,2326,34062,H310,39.078792999999997,-94.631224000000003
ABS,230729001,2023-07-29,8:30 PM,Derailment,0,BROOKWOOD,AL,78.0,4,Dark,Clear,Main,,0,0,40000,89995,H503,33.271754999999999,-87.312357000000006
IHB,2163,2015-12-06,4:50 AM,Hwy-rail crossing,0,OAK LAWN,IL,31.0,4,Dark,Clear,Main,Freight Train,10,12625,0,12625,M302,41.695652000000003,-87.759155000000007
UP,0323HL008,2023-03-08,1:22 PM,Other impacts,0,KANSAS CITY,KS,45.0,2,Day,Rain,Yard,Single Car,5,485,0,41938,S015,39.097693999999997,-94.666802000000004
UP,0919HL019,2019-09-19,10:15 PM,Other impacts,0,KANSAS CITY,KS,78.0,4,Dark,Clear,Yard,Yard/switching,4,14201,3653,19014,H312,39.096485000000001,-94.662332000000006
GRS,20220819BB,2022-08-19,10:00 PM,Side collision,0,SOUTH PORTLAND,ME,79.0,4,Dark,Clear,Yard,Freight Train,2,42299,0,42299,H210,43.614027999999998,-70.300324000000003
NS,130102,2018-07-05,6:00 PM,Other impacts,0,ELKHART,IN,80.0,3,Dusk,Clear,Yard,Yard/switching,2,19800,0,19950,E39C,41.67736,-85.978494999999995
BNSF,KS0616107,2016-06-22,11:25 AM,Derailment,0,NEWTON,KS,95.0,2,Day,Clear,Yard,Freight Train,5,53738,5000,58738,H704,38.023974000000003,-97.378218000000004
LAS,240614004,2024-06-14,12:30 PM,Hwy-rail crossing,0,BIENVILLE,LA,80.0,2,Day,Clear,Main,Freight Train,10,3795,164000,167795,M302,32.291410999999997,-92.876041999999998
ALS,20150901,2015-09-01,12:00 AM,Derailment,0,EAST ST LOUIS,IL,75.0,4,Dark,Clear,Yard,Yard/switching,7,26350,668,27018,H503,38.583508999999999,-90.135515999999996
NS,137400,2020-03-05,9:00 PM,Other impacts,0,IRONDALE,AL,50.0,4,Dark,Fog,Yard,Yard/switching,10,64861,1000,110433,S007,33.548904999999998,-86.67801
IHB,2192,2016-03-11,1:15 AM,Side collision,0,HAMMOND,IN,40.0,4,Dark,Clear,Yard,Yard/switching,5,46108,0,46108,H306,41.603968000000002,-87.471446999999998
UP,0822GC015,2022-08-13,11:21 AM,Derailment,0,WESTWEGO,LA,87.0,2,Day,Cloudy,Yard,Yard/switching,4,5264,6200,11464,H504,29.915922999999999,-90.188878000000003
CSX,000163439,2016-10-09,1:01 PM,Derailment,0,MADISONVILLE,KY,70.0,2,Day,Clear,Yard,,0,0,3555,22208,E40C,37.349479000000002,-87.494426000000004
NS,154090,2023-08-31,10:23 AM,Other (describe in narrative),0,BUECHEL,KY,87.0,2,Day,Clear,Yard,Freight Train,5,20000,28000,48000,H306,38.193356999999999,-85.648432999999997
UP,0119GL010,2019-01-10,1:02 PM,Other impacts,0,AMES,IA,29.0,2,Day,Clear,Main,Freight Train,37,114010,0,114560,E89C,42.02908,-93.570425999999998
UP,0517PR026,2017-05-15,12:00 PM,Other (describe in narrative),0,NORTHLAKE,IL,65.0,2,Day,Clear,Yard,Single Car,0,11953,0,11953,M411,41.900159000000002,-87.911359000000004
ALE,2001CONTR,2020-11-17,2:26 PM,Obstruction,0,PRICHARD,AL,73.0,2,Day,Clear,Main,Freight Train,18,0,0,53000,H315,30.738817999999998,-88.087084000000004
WC,992648,2019-03-27,11:00 PM,Other impacts,0,JOLIET,IL,41.0,4,Dark,Rain,Yard,Yard/switching,1,30000,0,30000,E27C,41.540697999999999,-88.076474000000005
CSX,000210454,2023-03-24,5:05 PM,Other impacts,0,LAFAYETTE,IN,40.0,3,Dusk,Cloudy,Yard,Maint./inspect Car,0,14066,0,34166,H993,40.443815000000001,-86.879413999999997
ALS,20150517A,2015-05-17,9:00 PM,Derailment,0,MITCHELL,IL,73.0,4,Dark,Clear,Main,,0,0,124,44905,H607,38.694190999999996,-90.165862000000004
CSX,000215267,2023-12-30,8:00 PM,Derailment,0,CALERA,AL,32.0,4,Dark,Clear,Yard,Cut of cars,2,66356,174,66530,H021,33.105443999999999,-86.751369999999994
ATK,147635,2017-05-24,11:00 PM,Other impacts,0,WASHINGTON,DC,62.0,4,Dark,Cloudy,Yard,Light loco(s),10,143,0,34237,H605,38.901896999999998,-77.004705999999999
IC,1090954,2021-12-21,7:50 AM,Derailment,0,BATON ROUGE,LA,53.0,2,Day,Cloudy,Yard,Yard/switching,4,38000,6214,44214,T217,30.487407999999999,-91.186445000000006
NS,142805,2021-09-09,2:15 PM,Derailment,0,HEFLIN,AL,72.0,2,Day,Clear,Main,Freight Train,44,12166,663,12829,E35C,33.658408000000001,-85.707622000000001
UP,0524GC031,2024-05-24,4:50 AM,Other impacts,0,LOTTIE,LA,76.0,1,Dawn,Cloudy,Yard,Single Car,1,2626,0,194887,S016,30.526492999999999,-91.554597999999999
CSX,000193698,2020-11-09,5:50 PM,Other impacts,0,BIRMINGHAM,AL,74.0,3,Dusk,Clear,Yard,Single Car,10,46226,0,71699,H018,33.543607000000002,-86.790088999999995
AUT,200701001,2020-07-01,11:48 AM,Hwy-rail crossing,0,BILLINGSLEY,AL,90.0,2,Day,Clear,Main,Freight Train,22,37500,4500,42000,M308,32.626533000000002,-86.671448999999996
BRC,13661,2015-11-25,1:00 PM,Derailment,0,BEDFORD PARK,IL,45.0,2,Day,Clear,Yard,,0,0,26980,93437,H503,41.761749999999999,-87.741168000000002
MBTA,YR202013,2020-01-21,10:51 AM,Derailment,0,LOWELL,MA,10.0,2,Day,Clear,Main,,0,0,128069,136569,M507,42.626525000000001,-71.304288999999997
NIRC,9419002188,2024-06-19,7:40 PM,Hwy-rail crossing,0,ORLAND PARK,IL,85.0,3,Dusk,Clear,Main,Commuter Train - Pulling,45,4108,33788,37896,M308,41.600951999999999,-87.876549999999995
CSX,000210806,2023-04-14,8:03 AM,Other impacts,0,SHORTER,AL,74.0,2,Day,Clear,Main,Spec. MoW Equip.,12,25300,0,27300,M599,32.441823999999997,-85.901657999999998
KCS,15091201,2015-09-12,12:15 AM,Other impacts,0,WESTLAKE,LA,76.0,4,Dark,Cloudy,Industry,Cut of cars,5,65455,0,87686,H318,30.239854999999999,-93.268347000000006
ATK,177302,2023-11-18,12:17 PM,Derailment,0,CHICAGO,IL,48.0,2,Day,Clear,Main,Yard/switching,13,6111,86368,92479,T222,41.872540000000001,-87.638239999999996
IC,1140339,2023-10-20,11:20 PM,Side collision,0,DESTREHAN,LA,55.0,4,Dark,Clear,Main,Freight Train,3,5834,0,18834,H607,29.952389,-90.366465000000005
NS,123743,2017-01-29,11:50 AM,Derailment,0,COE,IN,40.0,2,Day,Clear,Main,Freight Train,36,26152,12631,38783,E22C,38.353997,-87.285295000000005
CRSH,135421,2019-09-07,6:30 PM,Raking collision,0,RIVER ROUGE,MI,70.0,3,Dusk,Clear,Yard,Yard/switching,4,129573,0,131151,H020,42.260292,-83.143082000000007
CSX,000173485,2017-12-16,9:30 PM,Side collision,0,LOUISVILLE,KY,41.0,4,Dark,Clear,Yard,Yard/switching,4,16800,10460,41265,H306,38.160708999999997,-85.749173999999996
ABS,200712001,2020-07-12,3:00 PM,Other (describe in narrative),0,REFORM,AL,90.0,2,Day,Rain,Main,Freight Train,20,20000,0,20000,M105,33.401167000000001,-88.091835000000003
CSX,000173322,2017-12-08,5:00 AM,Side collision,0,RUSSELL,KY,28.0,4,Dark,Clear,Yard,Yard/switching,4,8300,0,141503,H607,38.531874000000002,-82.697192000000001
CSX,000170186,2017-07-12,7:15 PM,Side collision,0,LAFAYETTE,IN,73.0,3,Dusk,Cloudy,Yard,Yard/switching,4,12306,0,43755,H307,40.419595000000001,-86.896255999999994
CSX,000184789,2019-08-17,11:17 AM,Other impacts,0,ATLANTA,GA,93.0,2,Day,Clear,Yard,Cut of cars,5,25685,0,26656,E08C,33.794105000000002,-84.417334999999994
TRRA,21003,2021-01-21,11:48 PM,Derailment,0,EAST ST LOUIS,IL,28.0,4,Dark,Clear,Yard,,0,0,15226,32226,H503,38.640734000000002,-90.154833999999994
IC,916280,2017-03-16,9:10 AM,Hwy-rail crossing,0,PLAINFIELD,IL,35.0,2,Day,Clear,Main,Freight Train,37,75,20335,20410,M308,41.680202999999999,-88.234143000000003
NS,157252,2024-07-03,6:21 AM,Other (describe in narrative),0,IRONDALE,AL,82.0,1,Dawn,Clear,Yard,Yard/switching,2,67260,37900,105160,H702,33.548904999999998,-86.678009000000003
UP,0619GC005,2019-06-04,9:53 PM,Derailment,0,WESTWEGO,LA,83.0,4,Dark,Clear,Yard,Freight Train,6,11842,582,12424,H518,29.916582999999999,-90.180071999999996
UP,1023GC040,2023-10-30,7:10 AM,Other impacts,0,ADDIS,LA,64.0,2,Day,Clear,Yard,Single Car,0,874,0,555066,H302,30.361958999999999,-91.270099999999999
CSX,000192726,2020-09-18,3:35 PM,Other impacts,0,BIRMINGHAM,AL,80.0,2,Day,Clear,Main,Freight Train,0,17201,0,17201,H018,33.543607000000002,-86.790088999999995
UP,1221GC013,2021-12-17,12:01 AM,Other impacts,0,MARINGOUIN,LA,67.0,4,Dark,Cloudy,Yard,Yard/switching,4,21562,0,22098,M411,30.527246000000002,-91.557302000000007
WC,1074278,2021-06-20,6:22 PM,Derailment,0,GARY,IN,80.0,2,Day,Clear,Yard,Cut of cars,0,902,0,13150,H018,41.629562999999997,-87.406386999999995
CSX,000177633,2018-07-17,8:22 PM,Derailment,0,LOUISVILLE,KY,84.0,3,Dusk,Clear,Yard,Yard/switching,8,97530,11041,108571,E07C,38.160708999999997,-85.749173999999996
WC,1058574,2021-01-11,4:55 PM,Side collision,0,GARY,IN,27.0,4,Dark,Clear,Yard,Light loco(s),2,7327,149,32713,H607,41.629772000000003,-87.405683999999994
UP,1017LK015,2017-10-11,5:05 PM,Derailment,0,PINE BLUFF,AR,72.0,2,Day,Cloudy,Yard,Yard/switching,4,7820,8820,16640,M404,34.246684000000002,-91.942946000000006
BNSF,TC1015101,2015-10-01,12:05 PM,Derailment,0,MINNEAPOLIS,MN,60.0,2,Day,Clear,Yard,Yard/switching,9,21700,243838,265538,H506,45.031438999999999,-93.271418999999995
UP,0415LK012,2015-04-11,6:45 PM,Derailment,0,NORTH LITTLE ROCK,AR,71.0,2,Day,Clear,Yard,Yard/switching,8,225,21877,22102,S006,34.763821,-92.260121999999996
UP,1019ST005,2019-10-04,12:02 PM,Hwy-rail crossing,0,RILLITO,AZ,82.0,2,Day,Clear,Main,Freight Train,62,57371,1000,58371,M302,32.397244999999998,-111.124206
UP,0417LK005,2017-04-07,7:21 PM,Derailment,0,NORTH LITTLE ROCK,AR,74.0,2,Day,Clear,Yard,Yard/switching,6,176374,127446,304336,M405,34.763995999999999,-92.260131000000001
IMSA,80015S002,2015-10-20,5:05 AM,Derailment,0,JOLIET,IL,57.0,4,Dark,Clear,Yard,Freight Train,7,20000,28070,48070,H704,41.481090999999999,-88.097137000000004
UP,0622MA002,2022-06-01,1:22 PM,Hwy-rail crossing,0,WALDO,AR,89.0,2,Day,Clear,Yard,Freight Train,8,2562,141110,143672,M302,33.327866,-93.309098000000006
IC,1009541,2019-08-17,10:15 AM,Side collision,0,MARKHAM,IL,85.0,2,Day,Cloudy,Yard,Freight Train,4,22100,3300,27650,H702,41.568463999999999,-87.664073000000002
NIRC,2019071298,2019-03-14,8:47 AM,Derailment,0,CHICAGO,IL,0.0,2,Day,Rain,Main,Commuter Train - Pulling,18,30458,0,30458,H602,41.810372000000001,-87.628946999999997
UP,0318DV003,2018-03-04,10:30 AM,Other impacts,0,DENVER,CO,60.0,2,Day,Clear,Yard,Yard/switching,3,26108,4792,214825,H318,39.773791000000003,-104.970344
BNSF,KS0521108,2021-05-31,8:05 AM,Side collision,0,KANSAS CITY,KS,70.0,1,Dawn,Cloudy,Yard,Yard/switching,4,2977,0,11277,M407,39.082515000000001,-94.680673999999996