reportingrailroadcode,accidentnumber,date,time,accidenttype,hazmatreleasedcars,station,stateabbr,temperature,visibility_code,visibility,weathercondition,tracktype,equipmenttype,trainspeed,equipmentdamagecost,trackdamagecost,totaldamagecost,primaryaccidentcausecode,latitude,longitude
BNSF,TX1214101,2014-12-05,12:24 PM,Derailment,0,ARKANSAS CITY,KS,35.0,2,Day,Rain,Yard,Yard/switching,5,21853,217401,239254,H703,37.061619999999998,-97.032929999999993
BNSF,HL0717104,2017-07-10,4:00 PM,Derailment,0,JONESBORO,AR,90.0,2,Day,Clear,Industry,Cut of cars,0,41056,0,70063,H306,35.808931999999999,-90.636680999999996
AKMD,AKM911122,2022-02-02,11:00 AM,Derailment,0,HOT SPRINGS,AR,45.0,2,Day,Cloudy,Industry,Yard/switching,3,15000,0,15000,H306,34.522620000000003,-93.123800000000003
ATK,156688,2018-12-11,4:35 PM,Hwy-rail crossing,0,WHITING,IN,33.0,2,Day,Cloudy,Main,Passenger Train - Pulling,45,24770,0,24770,M304,41.683020999999997,-87.491742000000002
AKMD,AKM543318D,2018-01-11,10:52 PM,Derailment,0,MONTICELLO,AR,36.0,4,Dark,Rain,Main,Freight Train,14,15079,1000,16079,E24C,33.631079999999997,-91.846943999999993
CSX,000190454,2020-05-27,4:23 AM,Side collision,0,INDIANAPOLIS,IN,65.0,4,Dark,Clear,Yard,Yard/switching,4,17417,0,361256,H607,39.759791,-86.327526000000006
AKMD,871118D,2018-11-29,10:15 PM,Derailment,0,WARREN,AR,65.0,4,Dark,Rain,Yard,Freight Train,14,41852,0,41852,M405,33.618836999999999,-92.047167999999999
MNNR,0720001,2020-07-31,12:45 PM,Side collision,0,MINNEAPOLIS,MN,85.0,2,Day,Clear,Yard,Cut of cars,0,12500,0,76704,H307,44.936666000000002,-93.229275000000001
NS,139692,2020-11-10,8:45 AM,Other (describe in narrative),0,DECATUR,AL,72.0,2,Day,Cloudy,Yard,Cut of cars,0,184274,0,240206,E30C,34.615476999999998,-86.983763999999994
NS,136688,2019-12-31,2:20 PM,Other (describe in narrative),0,LAFAYETTE,IN,28.0,2,Day,Cloudy,Yard,Single Car,0,200,0,307190,E30C,40.374637999999997,-86.841312000000002
UP,0316WH006,2016-03-17,8:50 PM,Other impacts,0,PARSONS,KS,51.0,4,Dark,Clear,Yard,Light loco(s),0,18879,0,239214,H306,37.334204,-95.262964999999994
UP,1118LK044,2018-11-29,12:30 PM,Other (describe in narrative),0,MARION,AR,59.0,2,Day,Cloudy,Yard,Freight Train,6,0,12408,12408,H702,35.195669000000002,-90.254183999999995
UP,0815LK018,2015-08-21,5:15 AM,Derailment,0,NORTH LITTLE ROCK,AR,68.0,4,Dark,Clear,Yard,Yard/switching,4,3031,17391,20422,E49C,34.763821,-92.260121999999996
BNSF,HL0824206,2024-08-30,2:36 PM,Hwy-rail crossing,0,JOINER,AR,89.0,2,Day,Clear,Main,Freight Train,45,30000,5291,35291,M308,35.507705000000001,-90.149248
UP,0619PR017,2019-06-12,12:00 PM,Other (describe in narrative),0,MELROSE PARK,IL,72.0,2,Day,Cloudy,Yard,Cut of cars,0,45584,0,45584,E29C,41.896205999999999,-87.898590999999996
UP,0519PR003,2019-05-23,7:20 PM,Derailment,0,MELROSE PARK,IL,72.0,3,Dusk,Clear,Yard,Freight Train,10,12212,33,12245,H508,41.900030999999998,-87.907552999999993
UP,0415PR008,2015-04-13,10:30 AM,Derailment,0,NORTHLAKE,IL,51.0,2,Day,Clear,Yard,Yard/switching,5,84849,101255,186104,T220,41.910868000000001,-87.914991999999998
UP,0816ST001,2016-08-02,3:34 PM,Hwy-rail crossing,0,FLORENCE,AZ,100.0,2,Day,Clear,Main,Freight Train,50,730,120000,120730,M308,33.117904000000003,-111.49967700000001
BNSF,SW1215105,2015-12-30,8:40 PM,Derailment,0,KINGMAN,AZ,25.0,3,Dusk,Clear,Siding,Freight Train,6,30500,50000,80500,H307,35.257500999999998,-113.968406
BNSF,PR0816110,2016-08-15,8:30 PM,Derailment,0,DENVER,CO,85.0,3,Dusk,Clear,Yard,Yard/switching,10,11219,2080,13299,H703,39.784291000000003,-104.98013
UP,0221MA015,2021-02-06,7:00 AM,Other impacts,0,NORTH LITTLE ROCK,AR,40.0,1,Dawn,Cloudy,Yard,Cut of cars,4,45318,264,50117,M407,34.776035,-92.219128999999995
UP,0117LK022,2017-01-19,3:30 AM,Derailment,0,PINE BLUFF,AR,51.0,4,Dark,Rain,Yard,Yard/switching,4,6675,6303,12978,E48C,34.243414000000001,-91.945605999999998
CSX,000144419,2015-04-06,11:40 AM,Other impacts,0,DOLTON,IL,57.0,2,Day,Clear,Yard,Yard/switching,2,29875,0,60750,M501,41.643124,-87.615775999999997
UP,0619MA046,2019-06-23,9:45 AM,Other impacts,0,EAST ST LOUIS,IL,73.0,2,Day,Cloudy,Yard,Freight Train,7,7305,0,28505,H701,38.587699000000001,-90.135195999999993
GTW,1049486,2020-09-28,2:10 AM,Hwy-rail crossing,0,MERRILLVILLE,IN,61.0,4,Dark,Clear,Main,Freight Train,40,1050,20944,21994,M308,41.500250000000001,-87.336020000000005
UP,0316LK016,2016-03-17,9:20 PM,Fire/violent rupture,0,FAIR OAKS,AR,63.0,4,Dark,Cloudy,Main,Freight Train,35,74276,0,74276,E99L,35.241309999999999,-91.005593000000005
UP,0123MA041,2023-01-12,9:53 AM,Derailment,0,NORTH LITTLE ROCK,AR,0.0,2,Day,Cloudy,Yard,Single Car,0,30208,114,31590,E09C,34.772807999999998,-92.229816999999997
BNSF,TC0118116,2018-01-26,7:45 PM,Derailment,0,ST PAUL,MN,39.0,3,Dusk,Clear,Yard,Light loco(s),5,14861,0,15871,H607,44.964809000000002,-93.184155000000004
UP,0916WH013,2016-09-30,3:30 PM,Hwy-rail crossing,0,MORRILTON,AR,72.0,2,Day,Clear,Main,Freight Train,30,75183,330,75513,M308,35.153261000000001,-92.700844000000004
UP,0323HL028,2023-03-23,1:29 AM,Derailment,0,OSAWATOMIE,KS,50.0,4,Dark,Fog,Main,Freight Train,17,282201,689233,971434,E61C,38.448974,-95.069705999999996
UP,1122LA007,2022-11-06,12:10 AM,Derailment,0,PHOENIX,AZ,60.0,4,Dark,Clear,Yard,Yard/switching,7,536135,761301,1297436,H306,33.443950000000001,-112.048033
UP,1015LK033,2015-10-15,6:35 PM,Fire/violent rupture,0,NORTH LITTLE ROCK,AR,80.0,3,Dusk,Clear,Yard,Light loco(s),0,33461,0,33461,E73L,34.761949999999999,-92.275658000000007
CSX,000197897,2021-05-30,10:05 PM,Other impacts,0,MONTGOMERY,AL,73.0,4,Dark,Clear,Yard,Cut of cars,6,25132,0,36632,H306,32.375967000000003,-86.32647
UP,1120MA009,2020-11-11,7:20 AM,Obstruction,0,AFFTON,MO,36.0,1,Dawn,Cloudy,Main,,0,0,0,17799,M404,38.429473000000002,-90.305802
UP,0422HL005,2022-04-11,7:53 AM,Derailment,0,KANSAS CITY,MO,50.0,1,Dawn,Cloudy,Main,Freight Train,9,180279,107919,771921,M204,39.109603,-94.501948999999996
CSX,000166174,2017-01-21,6:00 PM,Other impacts,0,CUMBERLAND,MD,35.0,3,Dusk,Clear,Yard,Cut of cars,8,30310,0,30310,M411,39.644503999999998,-78.760839000000004
NIRC,2018071137,2018-12-03,6:26 PM,Fire/violent rupture,0,MORTON GROVE,IL,31.0,4,Dark,Cloudy,Main,Passenger Train - Pulling,0,450000,0,450000,E73L,42.035015000000001,-87.785149000000004
NS,136913,2020-01-23,12:55 AM,Other impacts,0,ELKHART,IN,29.0,4,Dark,Clear,Yard,Single Car,2,12202,0,28293,M407,41.668489000000001,-86.014285000000001
CSX,000182899,2019-05-11,2:30 PM,Side collision,0,INDIANAPOLIS,IN,60.0,2,Day,Rain,Yard,Cut of cars,10,14500,0,22785,M408,39.759791,-86.327526000000006
BNSF,SW0523105,2023-05-15,11:00 AM,Other (describe in narrative),0,WILLIAMS,AZ,70.0,2,Day,Clear,Siding,Spec. MoW Equip.,10,0,15000,15000,H702,35.244250000000001,-112.138625
UP,0921LA036,2021-09-25,1:50 AM,Derailment,0,TUCSON,AZ,72.0,4,Dark,Cloudy,Yard,Yard/switching,4,13636,9950,23586,H702,32.191119999999998,-110.917395
UP,0919PR008,2019-09-11,8:25 PM,Derailment,0,CHICAGO,IL,79.0,4,Dark,Cloudy,Yard,Freight Train,7,13387,97750,111137,H702,41.860218000000003,-87.672776999999996
UP,0418ST008,2018-04-12,8:01 AM,Hwy-rail crossing,0,DATELAND,AZ,70.0,2,Day,Clear,Main,Freight Train,35,53352,1260,54612,M308,32.823911000000003,-113.440854
GDLK,191010005,2019-10-10,12:30 AM,Other impacts,0,KALAMAZOO,MI,45.0,4,Dark,Clear,Yard,Yard/switching,4,19000,0,19000,H020,42.291595000000001,-85.559633000000005
UP,0915LK024,2015-09-12,3:00 AM,Fire/violent rupture,0,CRAWFORDSVILLE,AR,77.0,4,Dark,Clear,Main,Freight Train,0,13580,0,13580,E99L,35.226619999999997,-90.334282000000002
UP,0418LK006,2018-04-07,6:55 PM,Derailment,0,NORTH LITTLE ROCK,AR,65.0,4,Dark,Clear,Yard,Yard/switching,7,201580,0,614837,E40C,34.775981999999999,-92.219277000000005
NS,141701,2021-05-29,10:14 PM,Derailment,0,IRONDALE,AL,68.0,4,Dark,Clear,Yard,Yard/switching,10,74335,18022,92357,E4TC,33.548904999999998,-86.678008000000005
UP,0617LK015,2017-06-08,9:00 AM,Other (describe in narrative),0,NORTH LITTLE ROCK,AR,75.0,2,Day,Clear,Yard,Single Car,0,12377,0,12377,E35C,34.774061000000003,-92.216199000000003
BNSF,CH0819113,2019-08-19,5:55 PM,Derailment,0,ELWOOD,IL,85.0,3,Dusk,Clear,Yard,Freight Train,8,11000,18900,29900,E64C,41.378335,-88.159318999999996
UP,0218KC003,2018-02-05,11:30 AM,Derailment,0,FORT MADISON,IA,15.0,2,Day,Cloudy,Main,Freight Train,18,531095,0,787595,E71L,40.591673999999998,-91.420899000000006
NS,129378,2018-05-06,10:30 PM,Raking collision,0,IRONDALE,AL,63.0,4,Dark,Clear,Yard,Yard/switching,6,320828,0,348022,H399,33.548904999999998,-86.67801
UP,0922HL015,2022-09-16,7:15 AM,Hwy-rail crossing,0,KANSAS CITY,MO,60.0,2,Day,Clear,Main,Freight Train,40,3984,9037,13021,M302,39.029108999999998,-94.528498999999996
NS,129997,2018-06-26,3:20 PM,Hwy-rail crossing,0,BIRMINGHAM,AL,95.0,2,Day,Clear,Main,,0,0,77415,79230,M308,33.468741000000001,-86.883004999999997
NS,144200,2022-01-30,8:00 PM,Derailment,0,SADIEVILLE,KY,25.0,4,Dark,Clear,Yard,Freight Train,10,0,17425,17425,H303,38.303668999999999,-84.537222
UP,0519GL015,2019-05-13,7:30 AM,Other (describe in narrative),0,MELROSE PARK,IL,43.0,2,Day,Clear,Yard,Yard/switching,5,9498,1320,10818,M204,41.894444,-87.889064000000005
MBTA,5721,2018-11-16,5:51 AM,Other impacts,0,ACTON,MA,31.0,1,Dawn,Sleet,Main,Passenger Train - Pushing,59,21363,0,21363,M101,42.465829999999997,-71.468620000000001
UP,1221MA032,2021-12-24,9:46 AM,Other (describe in narrative),0,NORTH LITTLE ROCK,AR,43.0,2,Day,Fog,Yard,Single Car,0,28445,0,28445,M411,34.774526999999999,-92.225282000000007
UP,0716LK014,2016-07-18,9:12 AM,Hwy-rail crossing,0,WILMOT,AR,95.0,2,Day,Clear,Main,Freight Train,50,9830,61165,70995,M303,33.059868000000002,-91.573379000000003
UP,0120MA046,2020-01-11,12:10 AM,Obstruction,0,KNOBEL,AR,66.0,4,Dark,Rain,Main,,0,0,99,23557,M404,36.356935,-90.589167000000003
INRD,644204,2015-07-15,12:50 PM,Derailment,0,NEWTON,IL,80.0,2,Day,Clear,Industry,Freight Train,18,700000,150000,850000,T221,38.98856,-88.189059
CSX,000171795,2017-09-18,9:10 PM,Derailment,0,NEW ORLEANS,LA,84.0,4,Dark,Cloudy,Yard,Freight Train,0,1170,0,534970,M405,30.005989,-90.019451000000004
CSX,000194501,2020-12-15,1:25 PM,Other impacts,0,INDIANAPOLIS,IN,26.0,2,Day,Snow,Yard,Cut of cars,10,624,0,16224,S015,39.759791,-86.327526000000006
UP,0416LK006,2016-04-15,2:00 PM,Obstruction,0,NORTH LITTLE ROCK,AR,75.0,2,Day,Clear,Yard,Cut of cars,0,15344,0,15344,M105,34.766295,-92.242542999999998
UP,0920HL011,2020-09-15,7:49 AM,Derailment,0,KANSAS CITY,KS,58.0,1,Dawn,Clear,Main,Freight Train,26,151515,0,1094515,H220,39.081623999999998,-94.604218000000003
DQE,IO200114,2020-09-14,10:00 AM,Head on collision,0,NASHVILLE,AR,85.0,2,Day,Clear,Yard,Yard/switching,0,950000,0,951500,H607,34.063122999999997,-93.853764999999996
BNSF,SW0616103,2016-06-15,4:20 PM,Derailment,0,KINGMAN,AZ,95.0,2,Day,Clear,Yard,Freight Train,4,26777,7500,34277,H702,35.261437999999998,-113.961907
UP,1017LK032,2017-10-20,12:33 PM,Fire/violent rupture,0,GOULD,AR,73.0,2,Day,Cloudy,Main,Freight Train,40,44299,33,44332,E99L,34.038817000000002,-91.618898999999999
UP,1023MA049,2023-10-31,8:56 PM,Hwy-rail crossing,0,ALEXANDER,AR,42.0,4,Dark,Clear,Main,Freight Train,43,11059,109300,120359,M302,34.612457999999997,-92.468140000000005
BNSF,SW1019109,2019-10-14,5:57 AM,Derailment,0,FLAGSTAFF,AZ,31.0,1,Dawn,Clear,Main,Freight Train,24,706419,731000,1437419,E42C,35.194724999999998,-111.314151
BNSF,TC0119116,2019-01-22,3:00 AM,Side collision,0,MINNEAPOLIS,MN,8.0,4,Dark,Snow,Yard,Yard/switching,4,31583,0,102602,H607,45.030740999999999,-93.270022999999995
UP,0915LK031,2015-09-21,2:20 PM,Hwy-rail crossing,0,WALDENBURG,AR,85.0,2,Day,Clear,Main,Freight Train,41,9494,2427,11921,M304,35.565527000000003,-90.930508000000003
UP,0321GL014,2021-03-13,7:50 PM,Derailment,0,SHAKOPEE,MN,51.0,3,Dusk,Cloudy,Yard,Freight Train,3,45911,67449,113360,H607,44.794449999999998,-93.445054999999996
UP,1021MA033,2021-10-15,5:37 AM,Other (describe in narrative),0,NORTH LITTLE ROCK,AR,69.0,1,Dawn,Cloudy,Yard,Yard/switching,10,25621,0,25621,M411,34.775719000000002,-92.222420999999997
NS,132517,2019-01-20,4:40 PM,Derailment,0,IRONDALE,AL,34.0,3,Dusk,Clear,Yard,Light loco(s),4,13136,131,13267,H303,33.548904999999998,-86.67801
NS,138411,2020-07-03,4:30 PM,Derailment,0,BYNUM,AL,91.0,3,Dusk,Cloudy,Main,Freight Train,43,1679117,317067,1996184,E34C,33.605783000000002,-86.002837
NS,144602,2022-03-05,9:10 AM,Other impacts,0,DECATUR,IL,53.0,2,Day,Clear,Yard,Cut of cars,6,5635,79,20124,H312,39.853228000000001,-88.914282
UP,0124MA037,2024-01-30,4:17 PM,Other impacts,0,PINE BLUFF,AR,74.0,2,Day,Cloudy,Yard,Single Car,2,0,0,33754,S016,34.244207000000003,-91.946439999999996
UP,0522GC042,2022-05-26,6:00 PM,Other impacts,0,MARINGOUIN,LA,76.0,3,Dusk,Cloudy,Yard,Yard/switching,10,65,0,27532,M411,30.527629000000001,-91.555628999999996
UP,0818ES008,2018-08-06,11:30 AM,Obstruction,0,ARKADELPHIA,AR,100.0,2,Day,Clear,Main,Spec. MoW Equip.,15,0,0,40000,H997,34.060164999999998,-93.089248999999995
UP,0419RM034,2019-04-24,10:04 AM,Hwy-rail crossing,0,POCATELLO,ID,56.0,2,Day,Clear,Main,Light loco(s),35,29264,2215,31479,M304,42.863846000000002,-112.450124
NS,153159,2023-05-24,7:09 AM,Other (describe in narrative),0,DECATUR,IL,75.0,1,Dawn,Clear,Yard,Light loco(s),5,13200,1470,14670,H702,39.862136,-88.884787000000003
UP,0319MA016,2019-03-12,12:10 AM,Other impacts,0,PINE BLUFF,AR,54.0,4,Dark,Cloudy,Yard,Yard/switching,0,10662,0,165584,H306,34.244061000000002,-91.946275
UP,0315SL003,2015-03-02,2:23 AM,Fire/violent rupture,0,ROYAL,IL,20.0,4,Dark,Clear,Main,Freight Train,47,199889,0,199889,E72L,40.259390000000003,-87.935922000000005
IC,1702199,2024-08-30,6:14 PM,Side collision,0,BATON ROUGE,LA,86.0,2,Day,Cloudy,Yard,Yard/switching,3,21329,0,46329,H318,30.465382999999999,-91.189220000000006
BNSF,TC0424102,2024-04-03,6:38 AM,Other (describe in narrative),0,ST  PAUL,MN,50.0,1,Dawn,Clear,Main,,0,0,0,31225,E21C,44.965452999999997,-93.087588999999994
CSX,000186262,2019-10-29,5:00 AM,Other impacts,0,MONTGOMERY,AL,70.0,4,Dark,Clear,Yard,Cut of cars,5,3832,48,13041,H307,32.375967000000003,-86.32647
CP,1000790367,2018-07-04,11:54 AM,Hwy-rail crossing,0,LA CRESCENT,MN,85.0,2,Day,Clear,Main,,0,0,0,12172,M302,43.845739999999999,-91.297148000000007
UP,0918LK044,2018-09-17,2:05 AM,Other (describe in narrative),0,AUSTIN,AR,80.0,4,Dark,Cloudy,Main,Freight Train,4,14947,99,15046,E21C,34.995289,-91.986265000000003
KRR,KRR512217D,2017-12-11,8:15 AM,Derailment,0,FULTON,AR,43.0,2,Day,Clear,Main,Freight Train,10,230000,50000,280000,T220,33.642026999999999,-93.885968000000005
UP,0717LK017,2017-07-08,10:00 PM,Obstruction,0,PINE BLUFF,AR,80.0,4,Dark,Cloudy,Yard,Cut of cars,0,11612,0,27402,E12C,34.243237999999998,-91.945398999999995
ALS,20150202,2015-02-02,11:00 PM,Raking collision,0,EAST ST LOUIS,IL,30.0,4,Dark,Clear,Yard,Cut of cars,4,18300,58,18358,M408,38.596145,-90.147391999999996
UP,1117TC011,2017-11-14,12:45 AM,Derailment,0,MANKATO,MN,45.0,4,Dark,Cloudy,Yard,Yard/switching,5,13203,4798,24685,H702,44.211261999999998,-93.985217000000006
LXVR,LXV589220,2020-04-27,10:30 PM,Derailment,0,MILLPORT,AL,61.0,4,Dark,Clear,Main,Freight Train,9,10080,5000,15080,H018,33.573011999999999,-88.025036
UP,0822MA014,2022-08-02,12:00 AM,Other impacts,0,NORTH LITTLE ROCK,AR,74.0,4,Dark,Cloudy,Yard,Yard/switching,4,28593,0,28593,M411,34.773192000000002,-92.227273999999994
CSX,000178672,2018-09-10,12:38 AM,Other impacts,0,MONTGOMERY,AL,76.0,4,Dark,Cloudy,Yard,Single Car,5,100,0,11871,H318,32.375967000000003,-86.32647
ATK,151039,2017-12-19,7:10 PM,Hwy-rail crossing,0,LAWTON,MI,39.0,4,Dark,Clear,Main,Passenger Train - Pulling,110,25123,0,25123,M308,42.175252,-85.840106000000006
CSX,000206540,2022-08-05,6:20 PM,Hwy-rail crossing,0,ROSEDALE,MD,81.0,2,Day,Rain,Main,Freight Train,40,270335,138,270473,M302,39.323777999999997,-76.497452999999993
UP,0515PR003,2015-05-01,10:30 AM,Other impacts,0,NORTHLAKE,IL,65.0,2,Day,Clear,Yard,Single Car,0,59443,0,68732,H601,41.895952999999999,-87.907422999999994
CP,1000298233,2015-11-06,10:45 PM,Other impacts,0,ST PAUL,MN,35.0,4,Dark,Clear,Yard,Freight Train,8,11084,250,17534,H212,44.926569000000001,-93.022441999999998
BNSF,HL0119110,2019-01-11,4:00 PM,Derailment,0,SPRINGFIELD,MO,35.0,2,Day,Rain,Yard,Light loco(s),3,15314,900,16214,H307,37.229486999999999,-93.308301
NS,135212,2019-08-23,11:30 AM,Other impacts,0,OAKLEY,IL,82.0,2,Day,Clear,Yard,Cut of cars,0,64238,33528,142278,H306,39.862597999999998,-88.881304999999998
BNSF,TC0820101,2020-08-08,1:00 AM,Derailment,0,HINTON,IA,60.0,4,Dark,Clear,Industry,Freight Train,4,25000,0,25000,M501,42.628591,-96.290847999999997
CSX,000207391,2022-09-21,4:37 AM,Hwy-rail crossing,0,TERRE HAUTE,IN,75.0,4,Dark,Clear,Main,Freight Train,50,1585,0,12079,M303,39.554744999999997,-87.276291000000001
IC,1025424,2020-01-29,12:30 PM,Derailment,0,GEISMAR,LA,58.0,2,Day,Clear,Yard,Yard/switching,10,29600,2712,32312,H704,30.186309999999999,-90.989429999999999
UP,0518UT005,2018-05-04,8:02 AM,Hwy-rail crossing,0,RUPERT,ID,55.0,2,Day,Clear,Main,Freight Train,0,1500,0,61914,M308,42.760047999999998,-113.51141
UP,0822GC004,2022-08-05,4:40 PM,Hwy-rail crossing,0,SHREVEPORT,LA,94.0,2,Day,Clear,Main,Freight Train,30,17714,0,17714,M302,32.365319,-93.646579000000003
BNSF,HL0521112,2021-05-27,8:35 AM,Derailment,0,BIRMINGHAM,AL,75.0,1,Dawn,Clear,Yard,Yard/switching,5,1810,10600,12410,H307,33.527287999999999,-86.848753000000002
UP,0923MA027,2023-09-15,6:28 PM,Hwy-rail crossing,0,BALD KNOB,AR,79.0,3,Dusk,Clear,Main,Freight Train,30,13521,0,13521,M302,35.299717000000001,-91.520640999999998
NS,151865,2022-12-29,10:50 AM,Derailment,0,ROANOKE,IN,52.0,2,Day,Cloudy,Siding,Freight Train,12,111421,39141,150562,H504,40.980030999999997,-85.348117000000002
DRIR,03282002,2020-03-28,9:15 AM,Derailment,0,DENVER,CO,35.0,2,Day,Clear,Yard,,0,0,30000,62212,H503,39.782076000000004,-104.97395
UP,1217LK017,2017-12-13,6:41 AM,Raking collision,0,PINE BLUFF,AR,40.0,1,Dawn,Clear,Yard,Yard/switching,0,4779,0,12490,H702,34.255848999999998,-91.934206000000003
ITSL,ITSL212,2021-02-04,11:30 PM,Derailment,0,EDGERTON,KS,21.0,4,Dark,Clear,Yard,Yard/switching,14,187000,0,187000,H607,38.788947,-94.958524999999995
NS,131771,2018-11-23,11:00 AM,Derailment,0,IRONDALE,AL,51.0,2,Day,Cloudy,Yard,Yard/switching,4,5500,14465,19965,E34C,33.548904999999998,-86.67801
UP,0516LK016,2016-05-10,12:20 PM,Derailment,0,PERLA,AR,85.0,2,Day,Cloudy,Main,,0,0,44789,66789,S011,34.383966000000001,-92.725583999999998
UP,0716SL003,2016-07-07,1:35 AM,Derailment,0,BLOOMFIELD,MO,75.0,4,Dark,Clear,Main,Freight Train,25,61888,539389,601277,H306,36.937589000000003,-89.863185999999999
AZER,AZE227422D,2022-10-21,3:10 PM,Derailment,0,SOLOMON,AZ,84.0,2,Day,Clear,Main,Freight Train,25,2848,48897,51745,M405,32.434333000000002,-109.526444
UP,0118KC038,2018-01-29,5:42 PM,Derailment,0,KANSAS CITY,MO,28.0,2,Day,Clear,Yard,Yard/switching,6,100,14010,14210,S016,39.121935000000001,-94.504037999999994
NS,138410,2020-07-03,1:50 PM,Raking collision,0,ELKHART,IN,90.0,2,Day,Clear,Yard,Yard/switching,4,3336,0,144267,H706,41.67736,-85.978494999999995
IC,1045405,2020-06-05,1:16 PM,Obstruction,0,KENTWOOD,LA,86.0,2,Day,Cloudy,Main,,0,0,0,12721,M404,30.976054999999999,-90.485512
NOPB,D20170319T,2017-03-19,4:15 AM,Side collision,0,NEW ORLEANS,LA,65.0,4,Dark,Cloudy,Siding,Cut of cars,0,77000,0,77000,H306,29.915469000000002,-90.117013999999998
UP,1021MA014,2021-10-12,10:00 AM,Derailment,0,PINE BLUFF,AR,74.0,2,Day,Clear,Yard,Yard/switching,7,79337,3619,82956,M405,34.250081999999999,-91.940826999999999
BNSF,SW0617111,2017-06-29,9:10 AM,Derailment,0,PHOENIX,AZ,94.0,2,Day,Clear,Yard,Freight Train,6,52338,8103,60441,H607,33.462862999999999,-112.101007
BNSF,TC1120109,2020-11-24,3:50 AM,Other impacts,0,FRIDLEY,MN,35.0,4,Dark,Clear,Yard,Yard/switching,5,14837,0,14837,H316,45.041057000000002,-93.272402
LSRC,M170731,2017-07-31,10:00 PM,Obstruction,0,ROSCOMMON,MI,80.0,4,Dark,Cloudy,Siding,Freight Train,10,15387,0,227477,H702,44.500864999999997,-84.595274000000003
UP,0416KC008,2016-04-17,4:26 PM,Fire/violent rupture,0,PRESTON,KS,70.0,2,Day,Clear,Main,Freight Train,50,17712,33,17745,E74L,37.752782000000003,-98.574346000000006
BNSF,SW0116109,2016-01-25,10:20 PM,Fire/violent rupture,0,KINGMAN,AZ,60.0,4,Dark,Clear,Main,Freight Train,25,110657,0,110657,M406,35.388306999999998,-113.845311
UP,0917LK017,2017-09-13,2:43 AM,Other (describe in narrative),0,NORTH LITTLE ROCK,AR,70.0,4,Dark,Clear,Yard,Single Car,0,26393,0,26393,M507,34.770364999999998,-92.232889999999998
UP,0319MA023,2019-03-15,9:30 PM,Derailment,0,EAST ST LOUIS,IL,44.0,4,Dark,Clear,Main,Freight Train,5,5398,0,19441,E00C,38.597000999999999,-90.155685000000005
UP,0520MA040,2020-05-26,10:18 AM,Fire/violent rupture,0,CURTIS,AR,68.0,2,Day,Cloudy,Main,Freight Train,40,27551,0,27551,E72L,33.943210000000001,-93.130291
TSWS,92020174,2017-07-01,11:30 AM,Derailment,0,MARION,AR,83.0,2,Day,Clear,Yard,Yard/switching,3,70000,27578,97578,H513,35.203403000000002,-90.279329000000004
WC,1000199,2019-05-30,1:50 PM,Hwy-rail crossing,0,ESCANABA,MI,65.0,2,Day,Clear,Main,Freight Train,17,110800,42364,153164,M302,45.775956000000001,-87.108520999999996
ATK,156753,2018-12-15,5:59 PM,Hwy-rail crossing,0,BIRMINGHAM,AL,48.0,4,Dark,Cloudy,Main,Passenger Train - Pulling,76,15832,0,15832,M308,33.483736,-86.860532000000006
BNSF,HL0318107,2018-03-11,11:45 AM,Derailment,0,ARMOREL,AR,40.0,2,Day,Rain,Yard,Freight Train,10,1600,94451,96051,E69C,35.920833000000002,-89.828329999999994
BNSF,SW0819111,2019-08-24,6:33 AM,Derailment,0,WINSLOW,AZ,78.0,1,Dawn,Clear,Yard,Freight Train,5,57654,12500,70154,H607,35.022309999999997,-110.700222
BNSF,TC0818111,2018-08-29,4:09 AM,Derailment,0,DILWORTH,MN,53.0,1,Dawn,Clear,Yard,Yard/switching,3,11048,0,11048,H018,46.874217000000002,-96.681122000000002
UP,0222LA035,2022-02-21,11:35 AM,Derailment,1,COOLIDGE,AZ,61.0,2,Day,Clear,Main,Freight Train,4,648178,237682,885860,H519,32.885643000000002,-111.51065699999999
UP,0416KC001,2016-04-04,3:39 AM,Derailment,0,KANSAS CITY,MO,50.0,4,Dark,Clear,Yard,Yard/switching,2,40863,3690,71008,H306,39.124893,-94.517968999999994
UP,0416WH001,2016-04-05,3:20 AM,Hwy-rail crossing,0,CONWAY,AR,50.0,4,Dark,Clear,Main,Freight Train,40,42354,364,42718,M304,35.011519,-92.414529999999999
CSX,000186262,2019-10-29,5:00 AM,Other impacts,0,MONTGOMERY,AL,70.0,4,Dark,Clear,Yard,Yard/switching,5,9161,0,13041,H307,32.375967000000003,-86.32647
BNSF,SW0116106,2016-01-24,5:00 PM,Derailment,0,WINSLOW,AZ,55.0,2,Day,Clear,Yard,Freight Train,5,18373,250,18623,H307,35.028720999999997,-110.715035
UP,0915LK009,2015-09-06,2:00 AM,Derailment,0,NORTH LITTLE ROCK,AR,77.0,4,Dark,Clear,Yard,Yard/switching,5,11368,20161,31529,M507,34.764184999999998,-92.258872999999994
UP,0824MA041,2024-08-29,9:40 AM,Hwy-rail crossing,0,WYNNE,AR,83.0,2,Day,Cloudy,Main,Freight Train,45,20000,132,20132,M304,35.260342999999999,-90.675360999999995
IC,862205,2015-06-07,10:55 PM,Obstruction,0,TUSCOLA,IL,68.0,4,Dark,Rain,Main,,0,0,0,12753,M404,39.808992000000003,-88.289473999999998