reportingrailroadcode,accidentnumber,date,time,accidenttype,hazmatreleasedcars,station,stateabbr,temperature,visibility_code,visibility,weathercondition,tracktype,equipmenttype,trainspeed,equipmentdamagecost,trackdamagecost,totaldamagecost,primaryaccidentcausecode,latitude,longitude
KCS,18061602,2018-06-16,10:00 PM,Derailment,0,WEST MONROE,LA,79.0,4,Dark,Clear,Industry,Yard/switching,5,0,86618,86618,M501,32.482812000000003,-92.145641999999995
BNSF,TC0216112,2016-02-25,7:15 AM,Other impacts,0,FRIDLEY,MN,38.0,1,Dawn,Cloudy,Yard,Light loco(s),0,4500,0,24589,H306,45.042333999999997,-93.272688000000002
LSI,69187,2019-03-09,9:00 AM,Derailment,0,PALMER,MI,25.0,2,Day,Cloudy,Industry,Light loco(s),12,17500,0,17500,M101,46.255020999999999,-87.374228000000002
UP,0115SL013,2015-01-30,10:48 AM,Derailment,0,SALEM,IL,34.0,2,Day,Clear,Yard,,0,0,9440,16015,T220,38.655209999999997,-88.913362000000006
UP,0824HO029,2024-08-15,4:15 PM,Derailment,0,KEITHVILLE,LA,96.0,2,Day,Cloudy,Main,Freight Train,30,97401,306243,403644,E30C,32.339213000000001,-93.832409999999996
BNSF,SW0322105,2022-03-24,11:30 PM,Derailment,0,WILLIAMS,AZ,26.0,4,Dark,Clear,Main,Freight Train,9,33414,10000,43414,H703,35.247059,-112.21627700000001
NS,138034,2020-05-24,12:40 AM,Other impacts,0,ELKHART,IN,60.0,4,Dark,Rain,Yard,Yard/switching,5,6938,2326,37510,M407,41.67736,-85.978494999999995
GTW,833882,2014-11-28,9:45 PM,Derailment,0,FERNDALE,MI,30.0,4,Dark,Snow,Yard,Freight Train,4,10661,3009,13670,H704,42.450704000000002,-83.117127999999994
UP,1017LK003,2017-10-02,6:10 AM,Derailment,0,TEXARKANA,AR,85.0,1,Dawn,Clear,Siding,Freight Train,10,126088,84456,212917,E34C,33.420951000000002,-94.030359000000004
UP,0119GL018,2019-01-14,7:06 AM,Other (describe in narrative),0,CHICAGO,IL,24.0,1,Dawn,Cloudy,Yard,Freight Train,8,40000,0,70980,H607,41.820805,-87.673669000000004
BNSF,KS1115103,2015-11-15,2:20 PM,Derailment,0,KANSAS CITY,KS,60.0,2,Day,Clear,Yard,Light loco(s),2,24792,7950,32742,H607,39.077412000000002,-94.656942999999998
UP,0615PR015,2015-06-19,1:30 AM,Side collision,0,NORTHLAKE,IL,65.0,4,Dark,Cloudy,Yard,Light loco(s),3,17327,66,75955,H605,41.909337000000001,-87.915128999999993
BNSF,KS0621108,2021-06-14,11:11 AM,Side collision,0,KANSAS CITY,KS,80.0,2,Day,Clear,Yard,Yard/switching,2,3261,0,47492,H317,39.082321,-94.679091999999997
CSX,000182382,2019-04-15,4:24 PM,Derailment,0,RIVERDALE,IL,54.0,2,Day,Cloudy,Yard,Freight Train,4,17456,724,18180,H506,41.649979000000002,-87.657311000000007
UP,1116LK007,2016-11-11,7:48 PM,Raking collision,0,NORTH LITTLE ROCK,AR,55.0,4,Dark,Clear,Yard,Yard/switching,0,5405,0,78359,H302,34.775872999999997,-92.221286000000006
UP,0715PR023,2015-07-28,9:30 PM,Other impacts,0,NORTHLAKE,IL,78.0,4,Dark,Clear,Yard,Cut of cars,5,3575,3612,60749,H020,41.909337000000001,-87.915128999999993
BNSF,SW0618107,2018-06-21,9:00 AM,Derailment,0,SELIGMAN,AZ,85.0,2,Day,Clear,Main,Freight Train,17,265719,97000,362719,E22L,35.321871000000002,-112.859961
BNSF,CH0215112,2015-02-23,12:30 AM,Derailment,0,CICERO,IL,4.0,4,Dark,Clear,Yard,Freight Train,5,20458,0,24343,H704,41.767426,-87.796280999999993
ATK,147635,2017-05-24,11:00 PM,Other impacts,0,WASHINGTON,DC,62.0,4,Dark,Cloudy,Yard,Passenger Train - Pushing,0,34094,0,34237,H605,38.901896999999998,-77.004705999999999
CSX,000204823,2022-05-09,12:20 AM,Derailment,0,BLOOMINGTON,MD,44.0,4,Dark,Clear,Main,Freight Train,10,20791,576,21367,E79L,39.485126999999999,-79.075794000000002
CP,1000656068,2017-11-19,10:40 AM,Derailment,0,WINONA,MN,37.0,2,Day,Cloudy,Yard,Yard/switching,9,192961,5458,198419,T221,43.84769,-91.297748999999996
UP,0821MA014,2021-08-05,8:00 AM,Other (describe in narrative),0,PINE BLUFF,AR,71.0,2,Day,Clear,Yard,Single Car,0,13392,0,13392,M411,34.253014,-91.936119000000005
NS,131641,2018-11-12,10:25 PM,Side collision,0,IRONDALE,AL,53.0,4,Dark,Rain,Yard,Yard/switching,3,38970,50,39020,E09C,33.548904999999998,-86.67801
BNSF,SW0417107,2017-04-18,11:00 AM,Obstruction,0,WILLIAMS,AZ,80.0,2,Day,Clear,Main,Spec. MoW Equip.,0,10000,0,14000,H402,35.275274000000003,-112.186132
NS,137601,2020-03-28,2:30 AM,Other (describe in narrative),0,TUSCALOOSA,AL,72.0,4,Dark,Clear,Yard,Freight Train,8,6240,5971,12211,H307,33.198397999999997,-87.555879000000004
NS,135376,2019-09-03,4:00 PM,Derailment,0,KIMBROUGH,AL,87.0,3,Dusk,Clear,Main,Freight Train,7,48482,0,52546,H506,32.028674000000002,-87.556933999999998
KO,IN191229,2019-12-29,9:30 PM,Derailment,0,SALINA,KS,35.0,4,Dark,Snow,Industry,Cut of cars,15,20800,0,20800,H022,38.856208000000002,-97.657049000000001
BNSF,SW1022201,2022-10-03,3:27 PM,Hwy-rail crossing,0,SUN CITY,AZ,90.0,2,Day,Clear,Main,Freight Train,40,800,35000,35800,M302,33.597735999999998,-112.271868
KCS,18120701,2018-12-07,10:50 AM,Derailment,0,SHREVEPORT,LA,47.0,2,Day,Rain,Yard,Freight Train,4,4042,17371,21413,E30C,32.537855999999998,-93.839798999999999
UP,0415LK013,2015-04-10,8:25 PM,Derailment,0,NORTH LITTLE ROCK,AR,65.0,4,Dark,Clear,Yard,Yard/switching,8,300,18562,18862,S006,34.763821,-92.260121999999996
UP,0522GC039,2022-05-31,3:42 PM,Other impacts,0,MARINGOUIN,LA,91.0,2,Day,Cloudy,Yard,Single Car,0,41956,0,41956,M411,30.526810999999999,-91.555188000000001
WC,876033,2016-01-07,3:40 AM,Derailment,0,GARY,IN,33.0,4,Dark,Cloudy,Yard,,0,0,11039,75536,H704,41.621763999999999,-87.377270999999993
NS,136688,2019-12-31,2:20 PM,Other (describe in narrative),0,LAFAYETTE,IN,28.0,2,Day,Cloudy,Yard,Cut of cars,0,44083,0,307190,E30C,40.374637999999997,-86.841312000000002
TASD,D20210416A,2021-04-16,9:45 AM,Derailment,0,MOBILE,AL,68.0,2,Day,Cloudy,Industry,Freight Train,3,15167,20381,35548,H702,30.6648,-88.039900000000003
UP,0823GC009,2023-08-12,2:14 AM,Other impacts,0,MARINGOUIN,LA,80.0,4,Dark,Clear,Yard,Single Car,5,0,0,51325,M411,30.525321999999999,-91.552395000000004
BNSF,SW0316102,2016-03-04,4:00 PM,Other impacts,0,PEACH SPRINGS,AZ,65.0,2,Day,Clear,Main,Maint./inspect Car,4,4000,18000,22000,H402,35.512934999999999,-113.33794899999999
FEC,D17040724,2024-04-07,9:45 PM,Obstruction,0,FT PIERCE,FL,72.0,4,Dark,Clear,Main,,0,0,250,21375,M402,27.381519999999998,-80.296881999999997
UP,0220MA016,2020-02-13,7:05 AM,Other impacts,0,NORTH LITTLE ROCK,AR,39.0,1,Dawn,Cloudy,Yard,Single Car,6,38818,99,63018,M407,34.774174000000002,-92.223459000000005
UP,0119MA025,2019-01-20,1:50 AM,Derailment,0,NORTH LITTLE ROCK,AR,29.0,4,Dark,Clear,Yard,Yard/switching,5,586,71350,71936,S006,34.774517000000003,-92.222414000000001
UP,0317LK047,2017-03-30,9:00 AM,Fire/violent rupture,0,PRESCOTT,AR,65.0,2,Day,Clear,Main,Freight Train,38,21655,33,21688,E73L,33.799266000000003,-93.384473
CSX,000191914,2020-08-10,6:15 PM,Derailment,0,WAYCROSS,GA,88.0,3,Dusk,Clear,Yard,Freight Train,1,56404,18192,74596,E42C,31.213524,-82.353588000000002
CSX,000195429,2021-02-02,7:50 AM,Derailment,0,FLATWOODS,KY,25.0,1,Dawn,Clear,Yard,Freight Train,6,28802,1500,30302,H704,38.540045999999997,-82.712368999999995
BRC,14318,2019-11-30,8:00 AM,Derailment,0,BEDFORD PARK,IL,36.0,2,Day,Rain,Yard,Single Car,17,27824,0,27824,M407,41.767271000000001,-87.766132999999996
MQT,MQT568018S,2018-02-02,1:15 PM,Other impacts,0,BALDWIN,MI,12.0,2,Day,Snow,Yard,Yard/switching,8,47518,0,47518,H021,43.89752,-85.884750999999994
NS,145068,2022-04-23,10:25 PM,Side collision,0,DECATUR,IL,75.0,4,Dark,Clear,Yard,Cut of cars,4,15085,0,15665,H306,39.852181999999999,-88.918342999999993
BNSF,CH0919109,2019-09-29,12:53 AM,Derailment,0,CICERO,IL,70.0,4,Dark,Cloudy,Yard,Yard/switching,5,29493,0,29493,H307,41.842734,-87.754185000000007
BNSF,SW0821115,2021-08-31,8:45 AM,Derailment,0,GLENDALE,AZ,95.0,1,Dawn,Clear,Yard,Cut of cars,0,970,0,139627,M503,33.527301999999999,-112.17329700000001
WC,1024689,2020-01-23,1:30 AM,Side collision,0,GARY,IN,31.0,4,Dark,Snow,Yard,Cut of cars,5,70900,0,95000,H099,41.626900999999997,-87.419051999999994
KCS,21082001,2021-08-20,4:49 PM,Hwy-rail crossing,0,WILTON,AR,95.0,2,Day,Clear,Main,Freight Train,20,2727186,320048,3047234,M302,33.757129999999997,-94.191119999999998
UP,0319GL066,2019-03-21,4:45 PM,Other impacts,0,MELROSE PARK,IL,48.0,2,Day,Cloudy,Yard,Single Car,0,14832,0,21419,M411,41.897900999999997,-87.898267000000004
NS,129444,2018-05-13,12:20 AM,Derailment,0,IRONDALE,AL,65.0,4,Dark,Clear,Yard,Yard/switching,4,15000,35692,50692,E45C,33.548904999999998,-86.67801
BNSF,TC0118111,2018-01-17,7:30 PM,Derailment,0,CLOQUET,MN,29.0,3,Dusk,Clear,Yard,Freight Train,9,1500,41070,42570,H703,46.723711999999999,-92.441339999999997
NS,122858,2016-11-22,5:20 PM,Derailment,0,DECATUR,IL,42.0,3,Dusk,Cloudy,Yard,Yard/switching,3,40868,300,44453,H210,39.858894999999997,-88.896691000000004
UP,0715PR015,2015-07-27,7:30 PM,Derailment,0,CHICAGO HTS,IL,71.0,4,Dark,Clear,Yard,Yard/switching,5,38247,7613,45860,M405,41.500624999999999,-87.613167000000004
UP,0415PR006,2015-04-08,6:10 PM,Derailment,0,NORTHLAKE,IL,65.0,3,Dusk,Cloudy,Yard,Yard/switching,0,26720,264,26984,M411,41.897179999999999,-87.901289000000006
NS,142116,2021-07-07,2:40 AM,Other impacts,0,IRONDALE,AL,72.0,4,Dark,Rain,Yard,Yard/switching,3,21000,1445,22445,M411,33.548904999999998,-86.678009000000003
KRR,KRR002716D,2016-06-21,6:50 AM,Derailment,0,FOREMAN,AR,78.0,1,Dawn,Clear,Yard,Freight Train,3,10000,5000,15000,E4AC,33.725295000000003,-94.426412999999997
BNSF,CH1116108,2016-11-21,10:25 AM,Obstruction,0,CHILLICOTHE,IL,40.0,2,Day,Clear,Main,Maint./inspect Car,0,100000,0,100500,H402,40.929758,-89.427908000000002
NS,136913,2020-01-23,12:55 AM,Other impacts,0,ELKHART,IN,29.0,4,Dark,Clear,Yard,Yard/switching,2,7548,293,28293,M407,41.668489000000001,-86.014285000000001
CSX,000192345,2020-08-29,3:16 PM,Derailment,0,TALLADEGA,AL,90.0,2,Day,Clear,Siding,Freight Train,10,161384,0,271991,T220,33.438552000000001,-86.099869999999996
UP,0115ES003,2015-01-16,12:30 PM,Obstruction,0,ALMA,AR,50.0,2,Day,Clear,Main,Spec. MoW Equip.,0,30000,0,86000,H307,35.457504999999998,-94.275266999999999
WC,1007593,2019-07-31,1:30 PM,Derailment,0,MANISTIQUE,MI,74.0,2,Day,Clear,Main,Freight Train,24,9360,104165,113525,M204,45.968724000000002,-86.230468999999999
UP,0719PR017,2019-07-11,9:30 PM,Other impacts,0,MELROSE PARK,IL,70.0,4,Dark,Cloudy,Yard,Cut of cars,2,1726,1500,12721,H021,41.914960999999998,-87.91413
UP,0316WH006,2016-03-17,8:50 PM,Other impacts,0,PARSONS,KS,51.0,4,Dark,Clear,Yard,Cut of cars,0,24382,0,239214,H306,37.334204,-95.262964999999994
CRSH,128351,2018-02-01,3:40 AM,Derailment,0,DETROIT,MI,36.0,4,Dark,Cloudy,Yard,Freight Train,7,60549,6000,80865,H306,42.322147000000001,-83.127206999999999
UP,0518ES031,2018-05-26,9:16 AM,Other impacts,0,PINE BLUFF,AR,86.0,2,Day,Clear,Yard,Spec. MoW Equip.,0,28939,33,28973,H993,34.249932999999999,-91.939763999999997
BNSF,CH0419112,2019-04-04,5:00 PM,Fire/violent rupture,0,MENDOTA,IL,45.0,2,Day,Rain,Main,,0,0,0,13940,M406,41.556826000000001,-89.106668999999997
ALE,2001DERAIL,2020-08-08,4:45 PM,Derailment,0,MOBILE,AL,92.0,2,Day,Clear,Yard,Yard/switching,5,0,17968,17968,H704,30.708814,-88.050647999999995
CSX,000198125,2021-06-08,7:00 PM,Other impacts,0,ROANOKE,AL,70.0,3,Dusk,Rain,Main,Freight Train,50,14510,0,14510,M404,33.138838,-85.450006999999999
UP,0720HL028,2020-07-30,4:27 PM,Other impacts,0,KANSAS CITY,KS,77.0,2,Day,Cloudy,Yard,Cut of cars,4,78486,0,440629,E04C,39.095103000000002,-94.655056999999999
NS,131375,2018-10-18,7:01 PM,Other impacts,0,DECATUR,AL,64.0,3,Dusk,Clear,Industry,Yard/switching,2,6055,7729,13784,H020,34.608420000000002,-87.032088000000002
BNSF,KS0621108,2021-06-14,11:11 AM,Side collision,0,KANSAS CITY,KS,80.0,2,Day,Clear,Yard,Yard/switching,0,44231,0,47492,H317,39.082321,-94.679091999999997
MNN,MNN5272021,2021-05-27,8:25 AM,Derailment,0,ROSEAU,MN,45.0,2,Day,Clear,Main,Freight Train,10,10000,26180,36180,T221,48.838194999999999,-95.895745000000005
UP,0115PR015,2015-01-17,1:05 PM,Other (describe in narrative),0,NORTHLAKE,IL,25.0,2,Day,Cloudy,Yard,Single Car,10,11296,0,11296,H601,41.909292999999998,-87.915379999999999
UP,1217LK017,2017-12-13,6:41 AM,Raking collision,0,PINE BLUFF,AR,40.0,1,Dawn,Clear,Yard,Light loco(s),8,7446,265,12490,H702,34.255848999999998,-91.934206000000003
BNSF,HL0517202,2017-05-03,1:35 PM,Hwy-rail crossing,0,OSCEOLA,AR,70.0,2,Day,Rain,Main,Freight Train,52,1000,60000,61000,M308,35.732962999999998,-89.964136999999994
BNSF,KS1120107,2020-11-13,5:30 PM,Derailment,0,TOPEKA,KS,60.0,3,Dusk,Clear,Yard,Light loco(s),4,23952,250,24202,H703,39.054293000000001,-95.644768999999997
BNSF,KS0521108,2021-05-31,8:05 AM,Side collision,0,KANSAS CITY,KS,70.0,1,Dawn,Cloudy,Yard,Yard/switching,5,8300,0,11277,M407,39.082515000000001,-94.680673999999996
CSX,000200358,2021-09-28,9:15 AM,Hwy-rail crossing,0,SHEPHERDSVILLE,KY,65.0,2,Day,Clear,Main,Freight Train,45,9302,28911,38213,M302,37.990456000000002,-85.713592000000006
BNSF,HL1220116,2020-12-25,5:41 PM,Derailment,0,SPRINGFIELD,MO,60.0,3,Dusk,Clear,Yard,Yard/switching,4,7168,120000,127168,M411,37.228107999999999,-93.324096999999995
UP,1116ST002,2016-11-07,11:06 PM,Derailment,0,PHOENIX,AZ,72.0,4,Dark,Clear,Yard,Single Car,1,15764,0,56424,H318,33.444153999999997,-112.148797
ARZC,ARZ933919D,2019-01-31,4:40 AM,Derailment,0,AGUILA,AZ,48.0,4,Dark,Clear,Main,Freight Train,9,194361,204734,399095,H503,33.944000000000003,-113.17189999999999
UP,0917LK011,2017-09-05,7:39 AM,Other (describe in narrative),0,NORTH LITTLE ROCK,AR,75.0,2,Day,Clear,Yard,Yard/switching,6,13480,0,13480,M507,34.774256000000001,-92.226875000000007
IMSA,80015S001,2015-05-05,11:25 AM,RR grade crossing,0,JOLIET,IL,60.0,2,Day,Clear,Yard,Yard/switching,7,5000,8000,13000,M402,41.504975000000002,-88.084588999999994
TCWR,20190110A,2019-01-10,9:00 PM,Derailment,0,NORWOOD,MN,20.0,4,Dark,Cloudy,Main,Freight Train,10,20000,5500,25500,E67C,44.767246,-93.911046999999996
UP,0818ST016,2018-08-17,1:05 PM,Derailment,0,TUCSON,AZ,96.0,2,Day,Clear,Yard,Yard/switching,5,12970,6686,19656,H702,32.203448000000002,-110.938452
UP,0119ES037,2019-01-14,12:37 PM,Obstruction,0,MCGEHEE,AR,41.0,2,Day,Cloudy,Main,Spec. MoW Equip.,5,969,49775,50744,H993,33.634262999999997,-91.398580999999993
UP,1020LA016,2020-10-07,5:00 PM,Derailment,0,PHOENIX,AZ,101.0,2,Day,Clear,Siding,Freight Train,4,209116,3390,212506,H303,33.430025000000001,-112.137591
UP,1018TC013,2018-10-20,3:55 AM,Derailment,0,ST PAUL,MN,38.0,4,Dark,Clear,Main,Light loco(s),8,42238,550,42788,H993,44.921152999999997,-93.045024999999995
UP,0620MA026,2020-06-20,2:26 PM,Derailment,0,PINE BLUFF,AR,87.0,2,Day,Cloudy,Yard,Yard/switching,3,116229,43202,159431,E36C,34.249493999999999,-91.941233999999994
UP,0315LK008,2015-03-09,11:22 AM,Hwy-rail crossing,0,JONESBORO,AR,40.0,2,Day,Fog,Main,Freight Train,35,20827,600,21427,M302,35.705579999999998,-90.849590000000006
CP,1000399733,2016-05-22,4:15 PM,Hwy-rail crossing,0,MORENCI,MI,70.0,2,Day,Clear,Main,Freight Train,47,49885,0,51385,M302,41.750959000000002,-84.251405000000005
IC,1001622,2019-06-11,11:30 AM,Side collision,0,MOBILE,AL,86.0,2,Day,Clear,Yard,Yard/switching,7,18000,0,293868,H306,30.705117999999999,-88.046481
UP,0817LK006,2017-08-07,3:29 PM,Hwy-rail crossing,0,CONWAY,AR,82.0,2,Day,Cloudy,Main,Freight Train,44,12580,100,12680,M302,35.011566999999999,-92.414516000000006
WC,1058574,2021-01-11,4:55 PM,Side collision,0,GARY,IN,27.0,4,Dark,Clear,Yard,Yard/switching,5,25237,0,32713,H607,41.629772000000003,-87.405683999999994
UP,0123MA041,2023-01-12,9:53 AM,Derailment,0,NORTH LITTLE ROCK,AR,0.0,2,Day,Cloudy,Yard,Yard/switching,7,1268,0,31590,E09C,34.772807999999998,-92.229816999999997
UP,1017LK016,2017-10-10,9:20 PM,Derailment,0,PINE BLUFF,AR,70.0,4,Dark,Clear,Yard,Yard/switching,4,38938,132348,171286,E07C,34.249862,-91.940321999999995
NS,139508,2020-10-23,5:40 AM,Derailment,0,ENGLISH,IN,50.0,1,Dawn,Clear,Main,Freight Train,26,55196,62161,117357,H518,38.344560999999999,-86.417004000000006
FEC,D22040624,2024-04-06,4:48 AM,Other (describe in narrative),0,NORTH MIAMI BEACH,FL,65.0,4,Dark,Clear,Main,,0,0,250,27653,M402,25.964034999999999,-80.147430999999997
NIRC,MEI016,2015-02-05,9:11 PM,Other impacts,0,CHICAGO,IL,11.0,4,Dark,Cloudy,Yard,EMU,5,5456,30000,35456,H306,41.857906999999997,-87.620463999999998
UP,0119MA015,2019-01-15,9:35 PM,Obstruction,0,DWIGHT,IL,36.0,4,Dark,Clear,Main,Freight Train,60,0,20300,20300,M402,41.098419,-88.420541
BNSF,SW1018110,2018-10-19,10:45 AM,Raking collision,0,SELIGMAN,AZ,50.0,2,Day,Clear,Main,Freight Train,10,1000,0,16000,H997,35.301749999999998,-112.780862
IC,1051614,2020-10-17,8:45 PM,Derailment,0,HARAHAN,LA,65.0,4,Dark,Clear,Yard,Freight Train,6,12042,29762,41804,T217,29.972854000000002,-90.201374000000001
NS,131935,2018-12-05,5:00 PM,Derailment,0,MUSCLE SHOALS,AL,33.0,3,Dusk,Clear,Main,Freight Train,5,13400,3852,17252,E06C,34.706715000000003,-87.658322999999996
UP,0319GL047,2019-03-15,12:10 PM,Derailment,0,DOLTON,IL,39.0,2,Day,Clear,Yard,Freight Train,5,17528,7594,25122,T221,41.617460999999999,-87.610889999999998
BNSF,HL0717203,2017-07-26,2:08 PM,Hwy-rail crossing,0,CLARKEDALE,AR,94.0,2,Day,Clear,Main,Freight Train,49,2500,11000,13500,M308,35.309344000000003,-90.235956999999999
IC,1142710,2023-12-22,11:00 PM,Derailment,0,METAIRIE,LA,55.0,4,Dark,Clear,Yard,Yard/switching,2,5000,1300,16300,H312,29.972248,-90.192580000000007
UP,0115ES003,2015-01-16,12:30 PM,Obstruction,0,ALMA,AR,50.0,2,Day,Clear,Main,Spec. MoW Equip.,0,51000,0,86000,H307,35.457504999999998,-94.275266999999999
NICD,N1500030,2015-11-16,4:52 PM,Hwy-rail crossing,0,PORTAGE,IN,50.0,4,Dark,Cloudy,Main,Passenger Train - Pulling,65,10694,0,10694,M399,41.617246999999999,-87.189749000000006
UP,0418LK006,2018-04-07,6:55 PM,Derailment,0,NORTH LITTLE ROCK,AR,65.0,4,Dark,Clear,Yard,Yard/switching,7,232433,180824,614837,E40C,34.775981999999999,-92.219277000000005
BNSF,TC0524107,2024-05-23,5:30 AM,Derailment,0,ALBERTA,MN,70.0,1,Dawn,Clear,Industry,Freight Train,7,327331,44883,372214,T212,45.574914999999997,-96.030531999999994
CSX,000184579,2019-08-05,1:15 PM,Other impacts,0,DECATUR,AL,80.0,2,Day,Clear,Yard,Single Car,0,0,0,11860,H401,34.588509999999999,-86.985257000000004
FEC,D53082923,2023-08-29,5:23 PM,Side collision,0,JACKSONVILLE,FL,90.0,2,Day,Cloudy,Yard,Single Car,0,2500,0,30388,H318,30.242280999999998,-81.603168999999994
UP,0515TC008,2015-05-19,2:00 PM,Hwy-rail crossing,0,NEW PRAGUE,MN,48.0,2,Day,Clear,Main,Freight Train,30,10562,431,10993,M304,44.572564,-93.583096999999995
NS,139692,2020-11-10,8:45 AM,Other (describe in narrative),0,DECATUR,AL,72.0,2,Day,Cloudy,Yard,Cut of cars,5,1000,0,240206,E30C,34.615476999999998,-86.983763999999994
CSX,000197700,2021-05-20,12:40 PM,Hwy-rail crossing,0,ALBION,IN,87.0,2,Day,Clear,Main,Freight Train,35,3171,32766,35937,M304,41.391146999999997,-85.424025
CSX,000201862,2021-12-13,7:11 PM,Hwy-rail crossing,0,HORSE CAVE,KY,48.0,4,Dark,Clear,Main,Freight Train,39,8500,35019,43519,M303,37.187441999999997,-85.898081000000005
NS,121480,2016-07-31,2:00 AM,Derailment,0,MELVINDALE,MI,70.0,4,Dark,Cloudy,Yard,,0,0,100,52230,H702,42.281784000000002,-83.159847999999997
NS,145589,2022-06-19,1:30 PM,Derailment,0,ROANOKE,IN,79.0,2,Day,Clear,Yard,Work train,10,118016,126070,244086,H506,40.976716000000003,-85.349429999999998
UP,0518TC010,2018-05-13,3:45 AM,Obstruction,0,KIESTER,MN,55.0,4,Dark,Cloudy,Main,Freight Train,12,100,19536,19636,M402,43.534294000000003,-93.710825
UP,0316ST007,2016-03-17,9:15 AM,Fire/violent rupture,0,TUCSON,AZ,50.0,2,Day,Clear,Main,Freight Train,20,39693,0,39693,E74L,32.163052,-110.908433
UP,0619MA029,2019-06-14,7:51 PM,Hwy-rail crossing,0,FULTS,IL,71.0,3,Dusk,Clear,Main,Freight Train,47,232665,775600,1008265,M302,38.162025,-90.210507000000007
BNSF,CH0619102,2019-06-02,1:07 PM,Derailment,0,QUINCY,IL,76.0,2,Day,Clear,Yard,,0,0,1500,59102,H507,39.960704999999997,-91.362319999999997
RJAL,RJAL2001,2020-09-30,2:10 PM,Other (describe in narrative),0,CHILDERSBURG,AL,76.0,2,Day,Clear,Yard,Yard/switching,2,15000,0,15000,H310,33.334600000000002,-86.354699999999994
NIRC,2019071782,2019-12-07,5:15 PM,Fire/violent rupture,0,JOLIET,IL,40.0,3,Dusk,Clear,Yard,Light loco(s),0,500000,0,500000,E74L,41.529409999999999,-88.069689999999994
UP,0116TC008,2016-01-16,4:54 PM,Derailment,0,BREWSTER,MN,-8.0,3,Dusk,Cloudy,Industry,Freight Train,3,48988,1250,50238,M101,43.701191999999999,-95.466832999999994
UP,1021LA038,2021-10-23,1:03 AM,Derailment,0,MARANA,AZ,67.0,4,Dark,Clear,Industry,Yard/switching,3,8033,7610,15643,H702,32.411315999999999,-111.152205
KCT,UP210324,2021-03-24,1:05 AM,Derailment,0,KANSAS CITY,MO,51.0,4,Dark,Rain,Main,,0,0,36261,66938,M203,39.076093,-94.603320999999994
TSWS,9202018003,2018-11-22,1:00 PM,Derailment,0,MARION,AR,45.0,2,Day,Clear,Yard,Light loco(s),6,15000,60000,75000,H702,35.203201999999997,-90.279066
CSX,000206508,2022-08-03,5:14 PM,Hwy-rail crossing,0,BRUNSWICK,MD,95.0,3,Dusk,Clear,Main,,0,0,8781,11801,M308,39.311929999999997,-77.627217000000002
BNSF,SW0522201,2022-05-01,1:40 PM,Hwy-rail crossing,0,SANDERS,AZ,60.0,2,Day,Clear,Main,Freight Train,70,1200,20000,21200,M303,35.122795000000004,-109.536823
ATK,153115,2018-05-07,4:15 AM,Derailment,0,WASHINGTON,DC,60.0,4,Dark,Clear,Yard,Light loco(s),10,15500,600,16100,H402,38.914751000000003,-76.985907999999995
ATK,162723,2020-01-11,12:10 AM,Obstruction,0,KNOBEL,AR,67.0,4,Dark,Rain,Main,Passenger Train - Pulling,75,23458,0,23557,M404,36.368478000000003,-90.588791999999998
BNSF,SW0618104,2018-06-05,3:56 PM,Rear end collision,0,TRUXTON,AZ,85.0,2,Day,Clear,Main,Work train,9,1163996,0,1336729,H605,35.432257,-113.630162
UP,0723GL018,2023-07-12,5:30 AM,Derailment,0,SOUTH ST PAUL,MN,64.0,1,Dawn,Clear,Yard,Freight Train,4,12481,9792,22273,H702,44.942774999999997,-93.051471000000006
AKMD,AKM096823,2023-02-03,2:00 PM,Derailment,0,MALVERN,AR,45.0,2,Day,Clear,Industry,Yard/switching,3,11450,8750,20200,M405,34.429571000000003,-92.843040000000002
ATK,171838,2022-08-26,2:10 PM,Other (describe in narrative),0,BALTIMORE,MD,91.0,2,Day,Cloudy,Main,Passenger Train - Pulling,0,11211,5290,16501,E78L,39.288975999999998,-76.661142999999996
UP,0122LA035,2022-01-07,7:30 AM,Other (describe in narrative),0,TUCSON,AZ,37.0,1,Dawn,Clear,Industry,Freight Train,4,14125,0,14125,E22C,33.132803000000003,-111.500334
CSX,000182845,2019-05-08,4:28 PM,Derailment,0,CHICAGO,IL,73.0,2,Day,Clear,Yard,Yard/switching,2,44879,0,72552,H702,41.763838,-87.730598999999998
MNA,MNA526617D,2017-12-29,1:35 AM,Derailment,0,BATESVILLE,AR,22.0,4,Dark,Cloudy,Main,Freight Train,9,75500,33000,108500,M204,35.770747999999998,-91.654928999999996
BNSF,NE0615110,2015-06-26,5:54 PM,Derailment,0,MELROSE,IA,75.0,3,Dusk,Clear,Main,Freight Train,9,159676,41000,200676,H305,40.972974999999998,-92.985968999999997
NS,133393,2019-03-30,5:45 PM,Other impacts,0,DETROIT,MI,35.0,3,Dusk,Cloudy,Main,Freight Train,5,50302,0,50302,H302,42.320864999999998,-83.130504000000002
ATK,157165,2019-01-12,12:29 PM,Derailment,0,HANNIBAL,MO,29.0,2,Day,Snow,Yard,Yard/switching,10,16500,0,18500,H307,40.044407999999997,-91.496769999999998
NIRC,2019071586,2019-09-13,3:18 PM,Hwy-rail crossing,0,CHICAGO,IL,73.0,2,Day,Clear,Main,Commuter Train - Pushing,40,210281,22081,232362,M304,41.756801000000003,-87.687652