reportingrailroadcode,accidentnumber,date,time,accidenttype,hazmatreleasedcars,station,stateabbr,temperature,visibility_code,visibility,weathercondition,tracktype,equipmenttype,trainspeed,equipmentdamagecost,trackdamagecost,totaldamagecost,primaryaccidentcausecode,latitude,longitude
KCS,22121405,2022-12-14,5:23 PM,Derailment,0,SHREVEPORT,LA,58.0,2,Day,Clear,Yard,Yard/switching,4,5048,90713,95761,M411,32.532460999999998,-93.831631000000002
UP,1216ST009,2016-12-15,2:45 PM,Fire/violent rupture,0,DRAGOON,AZ,75.0,2,Day,Clear,Main,Freight Train,15,25065,0,25065,E74L,32.039180999999999,-109.97453
UP,0724MA045,2024-07-25,7:04 PM,Other (describe in narrative),0,PINE BLUFF,AR,76.0,3,Dusk,Clear,Yard,Single Car,0,65641,0,65641,E23C,34.228738,-91.962891999999997
BNSF,TC0216112,2016-02-25,7:15 AM,Other impacts,0,FRIDLEY,MN,38.0,1,Dawn,Cloudy,Yard,Light loco(s),10,20089,0,24589,H306,45.042333999999997,-93.272688000000002
CRSH,127835,2017-12-19,7:00 PM,Derailment,0,DETROIT,MI,42.0,3,Dusk,Cloudy,Yard,Yard/switching,5,30981,0,31131,H306,42.320846000000003,-83.129760000000005
UP,0516LK017,2016-05-14,2:50 AM,Hwy-rail crossing,0,BUCKNER,AR,65.0,4,Dark,Clear,Main,Freight Train,60,77509,14500,92009,M303,33.357056,-93.436203000000006
BNSF,SW0616105,2016-06-18,9:30 AM,Other impacts,0,PHOENIX,AZ,98.0,2,Day,Clear,Yard,Yard/switching,8,19096,0,40885,H020,33.457689000000002,-112.101038
MCER,20181031,2018-10-30,11:55 AM,Derailment,0,WARE,MA,60.0,2,Day,Clear,Industry,Freight Train,5,121813,0,121813,H303,42.267671999999997,-72.219780999999998
NS,129378,2018-05-06,10:30 PM,Raking collision,0,IRONDALE,AL,63.0,4,Dark,Clear,Yard,Yard/switching,9,21306,5888,348022,H399,33.548904999999998,-86.67801
ATK,151578,2017-09-29,10:30 AM,Other (describe in narrative),0,WASHINGTON,DC,70.0,2,Day,Clear,Main,,0,0,0,14729,E79L,38.907192000000002,-77.036869999999993
UP,0619PR023,2019-06-22,10:47 PM,Other (describe in narrative),0,MELROSE PARK,IL,70.0,4,Dark,Cloudy,Yard,Single Car,0,27041,33,27074,M411,41.899397999999998,-87.907691999999997
NS,130806,2018-09-03,5:55 PM,Other impacts,0,IRONDALE,AL,82.0,3,Dusk,Clear,Siding,Cut of cars,0,1527,10000,12027,M407,33.548904999999998,-86.67801
UP,0517TC003,2017-05-05,5:15 PM,Derailment,0,ST PAUL,MN,78.0,2,Day,Clear,Yard,,0,0,43934,97749,M405,44.941214000000002,-93.050241999999997
CSX,000190427,2020-05-26,8:02 PM,Side collision,0,MOBILE,AL,70.0,4,Dark,Clear,Yard,Yard/switching,6,3198,0,25157,M501,30.684332999999999,-88.038583000000003
NS,129924,2018-06-17,4:15 AM,Other (describe in narrative),0,BIRMINGHAM,AL,62.0,1,Dawn,Clear,Main,Freight Train,10,75000,0,75000,M406,33.504790999999997,-86.822327000000001
UP,1017LK033,2017-10-24,3:41 PM,Fire/violent rupture,0,WEINER,AR,74.0,2,Day,Clear,Main,Freight Train,48,11401,0,11401,E79L,35.608854999999998,-90.905503999999993
NS,140613,2021-02-16,1:50 AM,Other impacts,0,ATLANTA,GA,36.0,4,Dark,Clear,Yard,Single Car,0,10356,0,20652,H601,33.793526999999997,-84.444462000000001
BNSF,HL1018119,2018-10-24,7:45 PM,Side collision,0,BLYTHEVILLE,AR,52.0,3,Dusk,Clear,Yard,Freight Train,5,577,0,83077,H306,35.920952,-89.826261000000002
NS,136335,2019-11-27,7:45 AM,Other impacts,0,ALBANY,GA,68.0,1,Dawn,Clear,Yard,Single Car,4,0,11012,11012,H312,31.584475000000001,-84.149669000000003
NS,131266,2018-10-10,6:30 AM,Derailment,0,IRONDALE,AL,74.0,1,Dawn,Cloudy,Yard,Yard/switching,4,25000,7018,32018,M405,33.548904999999998,-86.67801
CSX,000167703,2017-03-27,12:45 AM,Other impacts,0,HAGERSTOWN,MD,45.0,4,Dark,Rain,Yard,Cut of cars,0,47724,0,54801,H020,39.634459999999997,-77.763852999999997
BNSF,CH0818124,2018-08-29,1:30 PM,Other (describe in narrative),0,SORENTO,IL,64.0,2,Day,Clear,Main,Spec. MoW Equip.,0,0,23560,23560,M599,39.001582999999997,-89.573808
CP,1000811923,2018-08-05,9:40 PM,Derailment,0,DAKOTA,MN,64.0,4,Dark,Rain,Siding,Freight Train,20,41458,1556,43014,H999,43.864316000000002,-91.310602000000003
NS,127743,2017-12-12,11:45 AM,Derailment,0,HUNTSVILLE,MO,44.0,2,Day,Clear,Main,Maint./inspect Car,3,75000,8254,83254,M599,39.433774,-92.543559000000002
BNSF,TC1115114,2015-11-21,1:00 AM,Derailment,0,MINNEAPOLIS,MN,18.0,4,Dark,Clear,Yard,Yard/switching,10,2000,38637,40637,E86C,45.03537,-93.270573999999996
UP,0524MA043,2024-05-26,3:35 AM,Derailment,0,MARION,AR,76.0,4,Dark,Cloudy,Main,,0,0,63181,70806,H703,35.194488,-90.243791999999999
BNSF,KS0316107,2016-03-22,2:00 PM,Derailment,0,KANSAS CITY,KS,70.0,2,Day,Clear,Yard,Yard/switching,7,152309,32567,184876,H508,39.087589999999999,-94.684376
UP,0218LK041,2018-02-27,1:36 PM,Hwy-rail crossing,0,LAMAR,AR,57.0,2,Day,Cloudy,Main,Light loco(s),31,52596,198,52794,M302,35.395232,-93.381201000000004
ALS,20150416,2015-04-16,6:15 PM,Derailment,0,EAST ST LOUIS,IL,70.0,3,Dusk,Clear,Yard,Yard/switching,4,37000,3179,40179,M405,38.582141999999997,-90.143714000000003
NS,115180,2015-04-08,6:30 PM,Derailment,0,DECATUR,IL,64.0,3,Dusk,Cloudy,Yard,Yard/switching,4,36378,30459,66837,H508,39.851844999999997,-88.920433000000003
LNW,ID180107,2018-08-01,2:30 PM,Derailment,0,MCNEIL,AR,86.0,2,Day,Clear,Yard,,0,0,70266,76867,H504,33.345799999999997,-93.211500000000001
CSX,000174562,2018-02-07,1:35 PM,Derailment,0,BANGOR,MI,13.0,2,Day,Snow,Main,Freight Train,12,6781,9717,16498,E63L,42.285221999999997,-86.138328999999999
IR,IR182285,2018-10-28,7:30 AM,Other (describe in narrative),0,WEDRON,IL,45.0,1,Dawn,Cloudy,Yard,Yard/switching,5,82500,0,82500,H302,41.416443999999998,-88.728262999999998
NS,155508,2024-01-22,9:45 AM,Derailment,0,DANVILLE,KY,28.0,2,Day,Clear,Yard,Freight Train,3,19000,0,19000,H507,37.635015000000003,-84.780806999999996
NS,136688,2019-12-31,2:20 PM,Other (describe in narrative),0,LAFAYETTE,IN,28.0,2,Day,Cloudy,Yard,Yard/switching,4,173713,31860,307190,E30C,40.374637999999997,-86.841312000000002
UP,0524MA036,2024-05-26,2:05 PM,Derailment,0,NORTH LITTLE ROCK,AR,88.0,2,Day,Clear,Yard,Yard/switching,7,18613,10061,28674,M410,34.775660000000002,-92.220331999999999
MACZ,149733,2017-09-29,10:30 AM,Other (describe in narrative),0,"WASHINGTON, DC",DC,70.0,2,Day,Clear,Main,Commuter Train - Pulling,0,14729,0,14729,E79L,38.907192000000002,-77.036869999999993
KRR,639318D,2018-04-11,10:20 AM,Derailment,0,MCNAB,AR,68.0,2,Day,Clear,Main,Freight Train,8,20000,1500,21500,T220,33.646678999999999,-93.860212000000004
NIRC,2019071296,2019-03-07,6:00 PM,Other impacts,0,BLUE ISLAND,IL,26.0,3,Dusk,Clear,Yard,EMU,6,13373,14167,27540,H307,41.656139000000003,-87.675853000000004
BNSF,SW0122102,2022-01-04,2:20 AM,Derailment,0,WINSLOW,AZ,25.0,4,Dark,Clear,Yard,Freight Train,5,11250,35000,46250,H307,35.026173,-110.710179
UP,0824GC011,2024-08-06,4:43 PM,Other impacts,0,LOTTIE,LA,96.0,2,Day,Clear,Yard,Single Car,0,0,0,52040,S007,30.526152,-91.554288999999997
UP,0418LK012,2018-04-06,9:30 AM,Fire/violent rupture,0,HIGGINSON,AR,45.0,2,Day,Rain,Main,Freight Train,20,88000,766,88766,E73L,34.651482000000001,-92.234043999999997
UP,1023MA032,2023-10-21,12:50 AM,Other impacts,0,PINE BLUFF,AR,64.0,4,Dark,Clear,Yard,Freight Train,0,0,0,41081,H307,34.230835999999996,-91.959061000000005
AM,AM10242022,2022-10-24,10:30 AM,Other (describe in narrative),0,MONETT,MO,45.0,2,Day,Rain,Yard,Freight Train,2,600,750000,750600,H021,36.920088,-93.919629999999998
UP,0124MA015,2024-01-12,10:38 PM,Other impacts,0,PINE BLUFF,AR,19.0,4,Dark,Cloudy,Yard,Yard/switching,3,9060,8300,18757,E06C,34.249654,-91.940889999999996
CSX,000208989,2022-11-22,10:06 AM,Other (describe in narrative),0,INDIANAPOLIS,IN,49.0,2,Day,Cloudy,Yard,Single Car,3,49470,0,49470,E21C,39.762915,-86.106838999999994
KCS,21070901,2021-07-09,7:37 AM,Hwy-rail crossing,0,MENA,AR,88.0,1,Dawn,Clear,Main,Freight Train,40,40761,10937,77973,M308,34.554183999999999,-94.339044999999999
LAS,200714001,2020-07-14,7:20 PM,Derailment,0,MINDEN,LA,90.0,3,Dusk,Clear,Yard,Yard/switching,3,150000,6000,156000,H704,32.606327999999998,-93.291970000000006
MNNR,0118002,2018-01-26,7:45 PM,Derailment,0,ST PAUL,MN,39.0,3,Dusk,Clear,Yard,,0,0,1010,15871,H607,44.964809000000002,-93.184155000000004
UP,0415LK017,2015-04-14,2:04 PM,Derailment,0,NORTH LITTLE ROCK,AR,70.0,2,Day,Cloudy,Yard,Yard/switching,2,150,25000,25150,M404,34.774445,-92.222538999999998
CSX,000183420,2019-06-06,6:40 PM,Obstruction,0,ROMULUS,MI,70.0,3,Dusk,Clear,Industry,Freight Train,3,2375,10966,13341,H306,42.265991999999997,-83.396721999999997
AKMD,AKM887016D,2016-02-05,2:36 PM,Derailment,0,MONTICELLO,AR,53.0,2,Day,Clear,Yard,Yard/switching,4,25000,9000,34000,E46C,33.627906000000003,-91.769073000000006
UP,0824MA038,2024-08-25,2:56 PM,Derailment,0,PINE BLUFF,AR,96.0,2,Day,Clear,Yard,Yard/switching,6,11779,7206,18985,H306,34.250534999999999,-91.938935000000001
UP,0121HL011,2021-01-18,7:55 AM,Other impacts,0,KANSAS CITY,KS,30.0,1,Dawn,Cloudy,Yard,Yard/switching,3,1624,99,25964,H318,39.094746999999998,-94.653239999999997
UP,1122MA029,2022-11-22,8:35 AM,Other impacts,0,PINE BLUFF,AR,38.0,2,Day,Cloudy,Yard,Yard/switching,8,250,1254,270504,H306,34.249932000000001,-91.938492999999994
UP,0221MA015,2021-02-06,7:00 AM,Other impacts,0,NORTH LITTLE ROCK,AR,40.0,1,Dawn,Cloudy,Yard,Yard/switching,0,4535,0,50117,M407,34.776035,-92.219128999999995
NIRC,9419000306,2021-06-27,5:03 PM,Hwy-rail crossing,0,CHICAGO,IL,83.0,2,Day,Clear,Main,Commuter Train - Pushing,76,208735,29121,237856,M308,41.699440000000003,-87.658410000000003
UP,0818ST002,2018-08-04,9:30 AM,Derailment,0,CASA GRANDE,AZ,100.0,2,Day,Clear,Yard,Yard/switching,4,15949,860,16809,H303,32.888868000000002,-111.776815
PHRR,001,2022-11-11,9:14 PM,Derailment,0,MADISON,IL,33.0,4,Dark,Clear,Industry,Yard/switching,5,1800,36541,38341,H303,38.494799999999998,-89.543599999999998
UP,1122MA020,2022-11-09,3:45 AM,Other (describe in narrative),0,PINE BLUFF,AR,63.0,4,Dark,Clear,Yard,Single Car,0,26156,0,26156,M411,34.249473000000002,-91.940022999999997
BNSF,SW0518105,2018-05-14,3:55 PM,Rear end collision,0,PEACH SPRINGS,AZ,85.0,2,Day,Clear,Main,Spec. MoW Equip.,0,90000,0,101000,H402,35.514445000000002,-113.459683
BNSF,TC1215117,2015-12-16,6:45 AM,Derailment,0,DILWORTH,MN,5.0,1,Dawn,Clear,Yard,Freight Train,9,36968,181618,218586,H703,46.874122,-96.704490000000007
IANR,CRD0204201,2020-02-04,5:44 AM,Other impacts,0,CEDAR RAPIDS,IA,28.0,4,Dark,Cloudy,Yard,Freight Train,8,37037,0,52987,H020,42.004254000000003,-91.687493000000003
UP,0824GC021,2024-08-20,12:55 AM,Derailment,0,VACHERIE,LA,79.0,4,Dark,Clear,Main,Freight Train,46,162890,158088,320978,E61C,29.996597000000001,-90.728938999999997
EBSR,032015,2015-03-20,7:05 PM,Derailment,0,EAST BROOKFIELD,MA,25.0,3,Dusk,Clear,Yard,Light loco(s),7,20000,5000,25000,H303,42.225696999999997,-72.032013000000006
UP,0416LK022,2016-04-29,1:00 PM,Hwy-rail crossing,0,LITTLE ROCK,AR,71.0,2,Day,Rain,Main,Spec. MoW Equip.,18,12120,0,12120,M304,34.672238,-92.361677999999998
UP,0518UT005,2018-05-04,8:02 AM,Hwy-rail crossing,0,RUPERT,ID,55.0,2,Day,Clear,Main,Freight Train,50,60216,198,61914,M308,42.760047999999998,-113.51141
UP,0116LK020,2016-01-22,9:40 AM,Other impacts,0,NORTH LITTLE ROCK,AR,32.0,2,Day,Clear,Yard,Yard/switching,7,2064,40000,42580,M411,34.763821,-92.260121999999996
NS,134575,2019-07-03,1:30 AM,Derailment,0,IRONDALE,AL,72.0,4,Dark,Clear,Yard,Light loco(s),3,53943,0,53943,H306,33.548904999999998,-86.67801
UP,0621MA031,2021-06-23,8:26 PM,Derailment,0,PINE BLUFF,AR,83.0,4,Dark,Clear,Yard,Yard/switching,4,7778,52699,60477,H306,34.244061000000002,-91.946275
BNSF,CH1019112,2019-10-20,12:30 PM,Derailment,0,CHICAGO,IL,59.0,2,Day,Cloudy,Yard,,0,0,10000,20000,H703,41.868380000000002,-87.637715999999998
UP,0318LK006,2018-03-03,7:52 PM,Other impacts,0,PINE BLUFF,AR,55.0,3,Dusk,Clear,Yard,Yard/switching,8,17708,0,329597,H307,34.251061999999997,-91.937928999999997
UP,1216LK012,2016-12-07,12:40 PM,Hwy-rail crossing,0,HARRISBURG,AR,43.0,2,Day,Cloudy,Main,Freight Train,38,40383,0,40383,M304,35.606878999999999,-90.720748
UP,0315PR027,2015-03-27,8:15 AM,Other impacts,0,NORTHLAKE,IL,20.0,2,Day,Cloudy,Yard,Cut of cars,5,39680,528,44374,S011,41.910868000000001,-87.914991999999998
UP,0316SL011,2016-03-27,5:20 PM,Derailment,0,ST LOUIS,MO,50.0,2,Day,Clear,Yard,Yard/switching,7,11702,12528,24230,H607,38.605691,-90.193881000000005
UP,0421MA049,2021-04-10,7:08 AM,Obstruction,0,FULTON,AR,53.0,1,Dawn,Clear,Main,,0,0,0,13207,M404,33.623609999999999,-93.733119000000002
ATK,171538,2022-08-03,5:14 PM,Hwy-rail crossing,0,BRUNSWICK,MD,85.0,2,Day,Clear,Main,Passenger Train - Pulling,40,3020,0,11801,M308,39.311357000000001,-77.627347999999998
BNSF,CH0118111,2018-01-20,6:00 AM,Derailment,0,GALESBURG,IL,25.0,1,Dawn,Clear,Yard,Yard/switching,4,31576,3200,34776,H704,40.934291999999999,-90.370154999999997
NIRC,NCI001,2015-03-09,3:16 PM,Derailment,0,CHICAGO,IL,51.0,2,Day,Cloudy,Main,Passenger Train - Pulling,15,34693,20057,54750,H702,41.913654999999999,-87.719054999999997
NS,138750,2020-08-04,4:00 PM,Other impacts,0,DECATUR,AL,88.0,3,Dusk,Clear,Yard,Single Car,5,13685,0,106822,H312,34.615476999999998,-86.983763999999994
BNSF,SW0417107,2017-04-18,11:00 AM,Obstruction,0,WILLIAMS,AZ,80.0,2,Day,Clear,Main,Freight Train,25,4000,0,14000,H402,35.275274000000003,-112.186132
BNSF,CH0919101,2019-09-02,7:46 PM,Derailment,0,ELWOOD,IL,80.0,3,Dusk,Clear,Yard,Yard/switching,4,109288,500,109788,S102,41.379435999999998,-88.150509
UP,0519MA042,2019-05-18,7:10 PM,Derailment,0,TEXARKANA,AR,63.0,3,Dusk,Rain,Main,,0,0,498662,549564,E62C,33.501652,-93.942509000000001
UP,0720HL028,2020-07-30,4:27 PM,Other impacts,0,KANSAS CITY,KS,77.0,2,Day,Cloudy,Yard,Yard/switching,1,83217,278926,440629,E04C,39.095103000000002,-94.655056999999999
IHB,2074,2015-03-05,10:30 AM,Derailment,0,RIVERDALE,IL,18.0,2,Day,Clear,Yard,Cut of cars,5,30575,1900,32475,M411,41.639052,-87.650041000000002
CSX,000167168,2017-03-02,8:35 AM,Derailment,0,IJAMSVILLE,MD,42.0,2,Day,Cloudy,Main,Freight Train,25,211065,10929,221994,E09C,39.370187999999999,-77.282314
BNSF,CH0418110,2018-04-08,3:45 AM,Obstruction,0,MEDIA,IL,48.0,4,Dark,Clear,Main,Maint./inspect Car,7,10600,8032,18632,M404,40.782483999999997,-90.805689000000001
UP,0219MA010,2019-02-07,7:39 AM,Derailment,0,SPARTA,IL,45.0,2,Day,Rain,Main,Freight Train,11,791783,149261,941044,E24C,38.135773,-89.696053000000006
BNSF,HL0421125,2021-04-08,12:55 AM,Derailment,0,BIRMINGHAM,AL,65.0,4,Dark,Clear,Yard,,0,0,783,151790,M405,33.543664,-86.809414000000004
CP,1000289944,2015-10-23,12:58 PM,Derailment,0,ST PAUL,MN,46.0,2,Day,Rain,Main,Freight Train,3,991,0,39191,H504,44.965515000000003,-93.087474
WC,1024689,2020-01-23,1:30 AM,Side collision,0,GARY,IN,31.0,4,Dark,Snow,Yard,Yard/switching,5,24100,0,95000,H099,41.626900999999997,-87.419051999999994
ATN,ATN202860,2020-12-09,4:00 AM,Side collision,0,BIRMINGHAM,AL,32.0,1,Dawn,Clear,Yard,Freight Train,4,29359,0,38371,H305,33.543607000000002,-86.790088999999995
BNSF,KS0223109,2023-02-15,11:00 PM,Derailment,0,KANSAS CITY,KS,50.0,4,Dark,Rain,Yard,Freight Train,3,23621,42588,66209,H525,39.087395000000001,-94.702662000000004
UP,0720LA037,2020-07-29,6:06 AM,Derailment,1,TEMPE,AZ,90.0,1,Dawn,Clear,Main,Freight Train,22,559073,8711005,9270078,T220,33.435012999999998,-111.944074
KCS,17110203,2017-11-02,10:44 AM,Hwy-rail crossing,0,SILOAM SPRINGS,AR,75.0,2,Day,Clear,Main,Freight Train,33,16206,0,16206,M303,36.149949999999997,-94.545159999999996
UP,1018LK033,2018-10-29,8:48 AM,Other impacts,0,NORTH LITTLE ROCK,AR,80.0,2,Day,Clear,Yard,Single Car,4,487,0,14284,M411,34.774856999999997,-92.220708999999999
UP,0318DV003,2018-03-04,10:30 AM,Other impacts,0,DENVER,CO,60.0,2,Day,Clear,Yard,Yard/switching,0,183925,0,214825,H318,39.773791000000003,-104.970344
RJCC,RJCC2007,2020-08-25,10:23 PM,Derailment,0,LEXINGTON,KY,78.0,4,Dark,Clear,Yard,Yard/switching,3,20000,0,20000,H306,38.053600000000003,-84.508899999999997
BNSF,TC1118101,2018-11-01,2:00 AM,Derailment,0,MINNEAPOLIS,MN,45.0,4,Dark,Clear,Yard,Yard/switching,3,6874,12000,18874,H308,45.034367000000003,-93.271225999999999
CRL,CRL151092,2015-05-21,1:20 AM,Derailment,0,CHICAGO,IL,45.0,4,Dark,Clear,Yard,Freight Train,10,50000,35000,85000,H704,41.723252000000002,-87.572858999999994
AGR,AGR177118,2018-02-26,8:00 PM,Derailment,0,BOLIGEE,AL,60.0,4,Dark,Cloudy,Main,Freight Train,5,3836,0,20029,E07C,32.757786000000003,-88.022891000000001
UP,0720LA036,2020-07-28,7:30 AM,Other impacts,0,PHOENIX,AZ,91.0,1,Dawn,Clear,Yard,Single Car,5,28642,0,31418,H020,33.443784000000001,-112.05996399999999
BNSF,CH0315102,2015-03-13,3:50 AM,Derailment,0,HODGKINS,IL,55.0,4,Dark,Clear,Yard,Freight Train,9,8437,19000,27437,S011,41.756386999999997,-87.861510999999993
UP,0316LK012,2016-03-15,3:00 PM,Raking collision,0,NORTH LITTLE ROCK,AR,70.0,2,Day,Clear,Yard,Single Car,1,206,0,12622,S016,34.763821,-92.260121999999996
BNSF,HL0823204,2023-08-26,11:39 AM,Hwy-rail crossing,0,BAY,AR,95.0,2,Day,Cloudy,Main,Freight Train,56,19017,1374,20391,M302,35.706702999999997,-90.527338999999998
BNSF,CH0315200,2015-03-30,11:35 AM,Hwy-rail crossing,0,LOCKPORT,IL,51.0,2,Day,Clear,Main,Freight Train,40,115000,19500,134500,M303,41.664836000000001,-88.036877000000004
BNSF,HL0419112,2019-04-16,3:30 AM,Derailment,0,JONESBORO,AR,62.0,4,Dark,Clear,Main,Freight Train,40,3000,182000,185000,E61C,35.794153999999999,-90.621323000000004
UP,0516LK011,2016-05-05,4:02 AM,Fire/violent rupture,0,TEXARKANA,AR,70.0,4,Dark,Clear,Main,Freight Train,30,12205,0,12205,E73L,33.422553999999998,-94.036998999999994
CSX,000190454,2020-05-27,4:23 AM,Side collision,0,INDIANAPOLIS,IN,65.0,4,Dark,Clear,Yard,Yard/switching,2,308267,35572,361256,H607,39.759791,-86.327526000000006
CSX,000166027,2017-01-15,5:45 AM,Other impacts,0,WALDORF,MD,38.0,4,Dark,Clear,Industry,Cut of cars,3,13250,0,32572,M504,38.555844999999998,-76.800848000000002
UP,0524MA049,2024-05-31,5:40 PM,Other impacts,0,NORTH LITTLE ROCK,AR,77.0,2,Day,Rain,Yard,Yard/switching,3,13063,2200,30226,S016,34.774675999999999,-92.221964999999997
IC,891160,2016-06-10,6:19 PM,Derailment,0,MARKHAM,IL,89.0,2,Day,Clear,Yard,Freight Train,8,109015,76921,235327,H503,41.577893000000003,-87.656049999999993
UP,0418LK015,2018-04-10,2:03 PM,Other impacts,0,NORTH LITTLE ROCK,AR,58.0,2,Day,Clear,Yard,Yard/switching,7,397,39704,40101,M401,34.771140000000003,-92.232982000000007
CSX,000177996,2018-08-05,1:52 AM,Side collision,0,WAYCROSS,GA,78.0,4,Dark,Clear,Yard,Light loco(s),0,10321,0,23369,H607,31.213524,-82.353588000000002
UP,0124MA037,2024-01-30,4:17 PM,Other impacts,0,PINE BLUFF,AR,74.0,2,Day,Cloudy,Yard,Yard/switching,10,33754,0,33754,S016,34.244207000000003,-91.946439999999996
UP,0515PR001,2015-05-01,10:00 AM,Other (describe in narrative),0,NORTHLAKE,IL,58.0,2,Day,Clear,Yard,Single Car,5,34591,0,34591,H601,41.910671999999998,-87.915233999999998
BNSF,CH0318117,2018-03-29,6:40 AM,Derailment,0,CHICAGO,IL,39.0,1,Dawn,Cloudy,Yard,Yard/switching,5,11954,1000,12954,H502,41.816605000000003,-87.716302999999996
CSX,000194501,2020-12-15,1:25 PM,Other impacts,0,INDIANAPOLIS,IN,26.0,2,Day,Snow,Yard,Cut of cars,9,15600,0,16224,S015,39.759791,-86.327526000000006
NS,139314,2020-09-30,2:00 PM,Other (describe in narrative),0,IRONDALE,AL,76.0,2,Day,Clear,Yard,Light loco(s),5,39600,500,40100,H702,33.548904999999998,-86.67801
BNSF,HL0119111,2019-01-12,12:29 PM,Derailment,0,HANNIBAL,MO,29.0,2,Day,Snow,Yard,,0,0,2000,18500,H307,39.927588,-91.436992000000004
UP,0715PR023,2015-07-28,9:30 PM,Other impacts,0,NORTHLAKE,IL,78.0,4,Dark,Clear,Yard,Yard/switching,0,53562,0,60749,H020,41.909337000000001,-87.915128999999993
ATK,146765,2017-03-15,3:18 AM,Derailment,0,WASHINGTON,DC,20.0,4,Dark,Snow,Yard,Light loco(s),5,27048,0,27048,H303,40.750104,-73.929049000000006
BNSF,CH0619119,2019-06-28,10:00 AM,Other (describe in narrative),0,WILLOW SPRINGS,IL,86.0,2,Day,Cloudy,Industry,Yard/switching,5,0,26683,26683,H307,41.738539000000003,-87.880966000000001
CSX,000140514,2015-01-22,10:36 PM,Derailment,0,SMITHBORO,IL,30.0,4,Dark,Clear,Main,Freight Train,49,42710,2500,45210,E32C,38.933557999999998,-89.197345999999996
UP,0920PR021,2020-09-27,7:01 AM,Derailment,0,DOLTON,IL,65.0,1,Dawn,Clear,Yard,Freight Train,5,1437,16651,18088,H511,41.620952000000003,-87.612161999999998
TASD,D20190503A,2019-05-03,10:15 AM,Derailment,0,MOBILE,AL,80.0,2,Day,Clear,Industry,Freight Train,12,63476,4069,67545,H607,30.7653,-88.062100000000001
BNSF,TC0119116,2019-01-22,3:00 AM,Side collision,0,MINNEAPOLIS,MN,8.0,4,Dark,Snow,Yard,Yard/switching,4,11019,60000,102602,H607,45.030740999999999,-93.270022999999995
CSX,000188494,2020-02-18,4:38 AM,Other impacts,0,DECATUR,AL,70.0,4,Dark,Cloudy,Yard,Freight Train,4,7084,0,21982,H302,34.588509999999999,-86.985257000000004
BNSF,SW1116106,2016-11-26,7:20 AM,Derailment,0,WINSLOW,AZ,31.0,4,Dark,Clear,Yard,Freight Train,4,28379,18000,46379,H607,35.022241000000001,-110.70001600000001
KCS,18121403,2018-12-14,4:33 AM,Derailment,0,KANSAS CITY,MO,39.0,4,Dark,Clear,Main,Freight Train,0,193028,0,456404,H702,39.112603,-94.476961000000003
CSX,000176994,2018-06-14,10:07 AM,Other impacts,0,INDIANAPOLIS,IN,72.0,2,Day,Clear,Yard,Cut of cars,10,63791,32,63823,S007,39.759791,-86.327526000000006
UP,1217UT003,2017-12-04,5:40 PM,Other impacts,0,POCATELLO,ID,26.0,4,Dark,Cloudy,Yard,Light loco(s),3,1000,0,19909,H318,42.856785000000002,-112.44103200000001
CSX,000189870,2020-04-26,11:33 PM,Other (describe in narrative),0,WAYCROSS,GA,65.0,4,Dark,Clear,Yard,Freight Train,7,56897,97,56994,H996,31.213524,-82.353588000000002
KCS,15120301,2015-12-03,2:43 PM,Hwy-rail crossing,0,HATFIELD,AR,65.0,2,Day,Clear,Main,Freight Train,37,23031,0,23031,M302,34.487751000000003,-94.378035999999994
BNSF,TC0523105,2023-05-20,12:05 AM,Derailment,0,ST PAUL,MN,65.0,4,Dark,Clear,Yard,Freight Train,5,12723,0,12723,H307,44.939045999999998,-93.039682999999997
CSX,000187326,2019-12-23,5:24 AM,Hwy-rail crossing,0,LAFAYETTE,IN,26.0,1,Dawn,Clear,Main,Freight Train,18,39313,0,39313,M302,40.400354999999998,-86.911508999999995
BNSF,CH1120111,2020-11-25,9:17 PM,Derailment,0,LA ROSE,IL,40.0,4,Dark,Clear,Main,Freight Train,30,48515,35697,84212,E71L,40.927810000000001,-89.451448999999997
ATK,169963,2022-03-05,2:45 AM,Derailment,0,PERRYMAN,MD,32.0,4,Dark,Clear,Main,,0,0,1837109,2665230,E69C,39.441146000000003,-76.234026999999998
NS,127180,2017-10-26,6:25 AM,Hwy-rail crossing,0,TALLAPOOSA,GA,40.0,1,Dawn,Clear,Main,Freight Train,26,5092,21845,26937,M303,33.744173000000004,-85.287306000000001
CPKC,23101002,2023-10-10,6:25 PM,Other impacts,0,BATON ROUGE,LA,75.0,3,Dusk,Cloudy,Yard,Light loco(s),0,5657,0,19313,H018,30.576073999999998,-91.212790999999996
UP,0724MA013,2024-07-07,4:00 PM,Derailment,0,NORTH LITTLE ROCK,AR,91.0,2,Day,Cloudy,Yard,Yard/switching,10,17999,13984,31983,M101,34.771984000000003,-92.230355000000003
BNSF,SF0915105,2015-09-10,8:15 AM,Derailment,0,SPRINGFIELD,MO,80.0,1,Dawn,Clear,Yard,Yard/switching,5,25000,1000,26000,T220,37.228175,-93.324032000000003
NS,135621,2019-09-26,10:45 AM,Derailment,0,IRONDALE,AL,85.0,2,Day,Clear,Yard,Yard/switching,4,48233,852,49085,E04C,33.548904999999998,-86.67801
BNSF,HL0418117,2018-04-23,5:54 PM,Derailment,0,BIRMINGHAM,AL,65.0,3,Dusk,Clear,Yard,Yard/switching,7,28939,1000,29939,H607,33.527498000000001,-86.847162999999995