reportingrailroadcode,accidentnumber,date,time,accidenttype,hazmatreleasedcars,station,stateabbr,temperature,visibility_code,visibility,weathercondition,tracktype,equipmenttype,trainspeed,equipmentdamagecost,trackdamagecost,totaldamagecost,primaryaccidentcausecode,latitude,longitude
BNSF,TC1017107,2017-10-03,3:30 AM,Other (describe in narrative),0,FRIDLEY,MN,50.0,4,Dark,Clear,Yard,Yard/switching,5,18359,0,18359,M411,45.037317000000002,-93.270605000000003
UP,1114LK012,2014-11-17,2:15 PM,Derailment,0,NORTH LITTLE ROCK,AR,54.0,2,Day,Clear,Yard,Yard/switching,10,1747,18070,19817,M411,34.763821,-92.260121999999996
ALE,2001CONTR,2020-11-17,2:26 PM,Obstruction,0,PRICHARD,AL,73.0,2,Day,Clear,Main,Spec. MoW Equip.,0,28000,0,53000,H315,30.738817999999998,-88.087084000000004
UP,0323HL005,2023-03-04,5:13 PM,Derailment,0,WELLINGTON,KS,61.0,2,Day,Clear,Main,Freight Train,29,1101365,136878,1238243,T220,37.368383999999999,-97.392025000000004
NS,136913,2020-01-23,12:55 AM,Other impacts,0,ELKHART,IN,29.0,4,Dark,Clear,Yard,Single Car,0,8250,0,28293,M407,41.668489000000001,-86.014285000000001
UP,0219MA022,2019-02-08,1:02 PM,Derailment,0,BRADFORD,AR,33.0,2,Day,Clear,Main,Freight Train,9,24603,122449,147052,E07C,35.536071,-91.371509000000003
BNSF,CH1114117,2014-11-28,6:10 PM,Other impacts,0,GALESBURG,IL,12.0,3,Dusk,Clear,Yard,Yard/switching,4,15498,0,15498,M407,40.903199999999998,-90.385540000000006
UP,0817LK025,2017-08-20,7:09 AM,Other impacts,0,NORTH LITTLE ROCK,AR,79.0,2,Day,Cloudy,Yard,Yard/switching,4,13688,0,28653,H306,34.779310000000002,-92.211979999999997
CSX,000180005,2018-11-05,12:00 AM,Other impacts,0,DECATUR,AL,55.0,4,Dark,Clear,Yard,Cut of cars,0,28146,164,28310,H307,34.614947000000001,-86.984469000000004
NS,137973,2020-05-16,11:00 PM,Other impacts,0,IRONDALE,AL,70.0,4,Dark,Clear,Yard,Yard/switching,4,15033,200,15233,S007,33.548904999999998,-86.67801
UP,0522LA015,2022-05-11,9:29 AM,Hwy-rail crossing,0,MARICOPA,AZ,65.0,2,Day,Clear,Main,Freight Train,66,20294,15000,35294,M303,33.079462999999997,-112.11751099999999
NS,136863,2020-01-16,5:05 PM,Derailment,0,ABOITE,IN,25.0,3,Dusk,Clear,Siding,Freight Train,5,9766,12998,22764,H506,40.990637999999997,-85.343663000000006
UP,0715PR024,2015-07-31,9:00 AM,Other (describe in narrative),0,NORTHLAKE,IL,77.0,2,Day,Clear,Yard,Single Car,5,45026,0,45026,H601,41.909337000000001,-87.915128999999993
NS,137241,2020-02-20,12:45 PM,Obstruction,0,COALING,AL,44.0,2,Day,Rain,Main,Spec. MoW Equip.,0,0,0,42101,H997,33.163623999999999,-87.350335000000001
BNSF,KS0720109,2020-07-20,11:56 AM,Derailment,0,TOPEKA,KS,90.0,2,Day,Cloudy,Yard,Light loco(s),9,18709,0,18709,H607,39.053910000000002,-95.662910999999994
UP,0519MA012,2019-05-08,4:00 AM,Other impacts,0,NORTH LITTLE ROCK,AR,66.0,1,Dawn,Cloudy,Yard,Yard/switching,10,21138,0,52642,M407,34.775554999999997,-92.220626999999993
UP,0618LK014,2018-06-09,5:30 PM,Other impacts,0,NORTH LITTLE ROCK,AR,89.0,2,Day,Cloudy,Yard,Cut of cars,0,28756,0,30455,E32C,34.772567000000002,-92.233193999999997
BNSF,KS0323102,2023-03-02,2:10 PM,Derailment,0,KANSAS CITY,KS,50.0,2,Day,Clear,Yard,Light loco(s),3,28303,5000,33303,H607,39.079583999999997,-94.666021999999998
LRPA,062118,2018-06-21,9:09 AM,Hwy-rail crossing,0,LITTLE ROCK,AR,90.0,2,Day,Clear,Industry,Yard/switching,10,20000,0,20000,M302,34.707045000000001,-92.186352999999997
UP,0615PR015,2015-06-19,1:30 AM,Side collision,0,NORTHLAKE,IL,65.0,4,Dark,Cloudy,Yard,Freight Train,0,58562,0,75955,H605,41.909337000000001,-87.915128999999993
UP,1116LK014,2016-11-22,5:56 AM,Derailment,0,NORTH LITTLE ROCK,AR,43.0,4,Dark,Cloudy,Yard,Light loco(s),2,18620,0,18620,H307,34.763857999999999,-92.260136000000003
UP,0416SL007,2016-04-19,12:55 AM,Fire/violent rupture,0,WARRENSBURG,MO,50.0,4,Dark,Cloudy,Main,Freight Train,40,22791,0,22791,E74L,38.762799999999999,-93.733543999999995
UP,1022HL001,2022-10-02,10:45 PM,Derailment,0,COFFEYVILLE,KS,63.0,4,Dark,Clear,Yard,Yard/switching,5,64352,660,70702,H306,37.027379000000003,-95.624239000000003
MNA,MNA411919,2019-05-17,3:25 AM,Derailment,0,CRANE,MO,62.0,4,Dark,Clear,Main,Freight Train,8,2997,24330,27327,E53C,36.880108999999997,-93.555373000000003
WC,1022311,2019-12-28,9:27 PM,Derailment,0,GARY,IN,48.0,4,Dark,Clear,Yard,Light loco(s),15,23520,17472,40992,H706,41.628945999999999,-87.406391999999997
ALS,20220603,2022-06-03,11:59 AM,Derailment,0,EAST ST LOUIS,IL,79.0,2,Day,Clear,Main,Freight Train,7,10100,37490,85014,H514,38.597109000000003,-90.155074999999997
ATK,139804,2015-10-20,4:00 AM,Other impacts,0,BALTIMORE,MD,50.0,4,Dark,Clear,Yard,Maint./inspect Car,15,18000,0,18000,H997,39.296666000000002,-76.540358999999995
UP,0416DV010,2016-04-18,9:40 PM,Derailment,0,NEDERLAND,CO,30.0,4,Dark,Clear,Main,Freight Train,16,1336,11083,12419,H019,39.923613000000003,-105.355599
BNSF,HL1018119,2018-10-24,7:45 PM,Side collision,0,BLYTHEVILLE,AR,52.0,3,Dusk,Clear,Yard,Freight Train,0,80000,2500,83077,H306,35.920952,-89.826261000000002
BNSF,KS0223113,2023-02-26,11:19 PM,Derailment,0,MAYFIELD,KS,51.0,4,Dark,Rain,Main,Freight Train,0,569445,0,569445,M105,37.262678000000001,-97.508599000000004
UP,0824MA001,2024-08-01,7:30 AM,Derailment,0,NORTH LITTLE ROCK,AR,78.0,2,Day,Clear,Main,Freight Train,2,38463,100,38563,H518,34.775396000000001,-92.273514000000006
CSX,000144850,2015-04-13,11:55 AM,Derailment,0,O FALLON,IL,64.0,2,Day,Cloudy,Siding,Freight Train,10,39966,1140,41106,E34C,38.592601000000002,-89.925079999999994
NS,153181,2023-05-26,5:45 AM,Side collision,0,CHICAGO,IL,50.0,1,Dawn,Clear,Yard,Yard/switching,6,0,500,14300,H702,41.707776000000003,-87.573431999999997
NS,138233,2020-06-15,1:30 AM,Derailment,0,IRONDALE,AL,74.0,4,Dark,Clear,Yard,Yard/switching,10,176131,500,176631,H306,33.548904999999998,-86.67801
KAW,200528007,2020-05-28,2:30 PM,Other (describe in narrative),0,NORTH KANSAS CITY,MO,64.0,2,Day,Rain,Industry,Cut of cars,0,32000,0,32000,M103,39.142968000000003,-94.552357000000001
UP,0819ST015,2019-08-13,12:40 AM,Derailment,0,TUCSON,AZ,87.0,4,Dark,Clear,Yard,Cut of cars,0,72288,0,597083,H601,32.198078000000002,-110.92986000000001
UP,0516LK028,2016-05-28,3:00 PM,Derailment,0,MARION,AR,80.0,2,Day,Clear,Yard,Yard/switching,4,10817,8000,18817,H702,35.207039999999999,-90.287769999999995
CSX,000183395,2019-06-04,10:36 PM,Derailment,0,RIVERDALE,IL,72.0,4,Dark,Rain,Main,Freight Train,5,83300,7723,91023,H211,41.648034000000003,-87.667944000000006
UP,0615PR005,2015-06-12,6:26 AM,Other (describe in narrative),0,NORTHLAKE,IL,65.0,1,Dawn,Rain,Yard,Single Car,10,36466,0,36466,H601,41.895952999999999,-87.907422999999994
UP,0218LV017,2018-02-12,4:30 AM,Other impacts,0,LIVONIA,LA,40.0,4,Dark,Clear,Yard,Single Car,0,14757,0,30763,M411,30.521467000000001,-91.55059
UP,0823GC009,2023-08-12,2:14 AM,Other impacts,0,MARINGOUIN,LA,80.0,4,Dark,Clear,Yard,Yard/switching,5,51325,0,51325,M411,30.525321999999999,-91.552395000000004
NS,138385,2020-07-01,5:35 AM,Side collision,0,ELKHART,IN,75.0,1,Dawn,Clear,Yard,Yard/switching,4,17219,68856,87736,H706,41.67736,-85.978494999999995
CRSH,127835,2017-12-19,7:00 PM,Derailment,0,DETROIT,MI,42.0,3,Dusk,Cloudy,Yard,Cut of cars,0,0,150,31131,H306,42.320846000000003,-83.129760000000005
WC,947905,2018-01-16,1:33 PM,Other impacts,0,GARY,IN,-5.0,2,Day,Snow,Yard,Cut of cars,8,15000,0,15000,M201,41.615851999999997,-87.363900999999998
UP,0216LK008,2016-02-06,1:36 AM,Derailment,0,NORTH LITTLE ROCK,AR,32.0,4,Dark,Clear,Yard,Yard/switching,2,258,26246,26504,S007,34.77093,-92.227791999999994
UP,0720LA036,2020-07-28,7:30 AM,Other impacts,0,PHOENIX,AZ,91.0,1,Dawn,Clear,Yard,Yard/switching,1,125,2651,31418,H020,33.443784000000001,-112.05996399999999
UP,1122MA031,2022-11-26,7:05 AM,Other impacts,0,PINE BLUFF,AR,50.0,2,Day,Cloudy,Yard,Single Car,0,13290,0,13290,H308,34.243895999999999,-91.945867000000007
BNSF,CH0819114,2019-08-21,6:00 AM,Derailment,0,ELWOOD,IL,80.0,1,Dawn,Clear,Yard,Yard/switching,8,48961,98000,146961,H307,41.378591999999998,-88.154437999999999
UP,0415LK003,2015-04-02,3:45 AM,Derailment,0,NASHVILLE,AR,60.0,4,Dark,Cloudy,Main,Freight Train,3,4477,20704,25181,H303,34.070621000000003,-93.856119000000007
UP,0717LK014,2017-07-11,10:28 AM,Derailment,0,LITTLE ROCK,AR,88.0,2,Day,Clear,Industry,Freight Train,5,362356,55250,417606,M204,34.701611999999997,-92.231623999999996
BNSF,SW0116103,2016-01-20,6:35 PM,Derailment,0,JOSEPH CITY,AZ,48.0,3,Dusk,Clear,Industry,Freight Train,0,75519,6500,82019,H607,34.936309000000001,-110.303226
BNSF,SW0623102,2023-06-08,12:06 AM,Derailment,0,WILLIAMS,AZ,55.0,4,Dark,Clear,Main,Freight Train,40,2415852,485000,2900852,H503,35.240580999999999,-112.124178
ABS,190819003,2019-08-19,11:54 AM,Obstruction,0,REFORM,AL,96.0,2,Day,Clear,Main,Spec. MoW Equip.,12,20000,0,36751,H104,33.389325999999997,-88.067635999999993
CSX,000184579,2019-08-05,1:15 PM,Other impacts,0,DECATUR,AL,80.0,2,Day,Clear,Yard,Yard/switching,5,11860,0,11860,H401,34.588509999999999,-86.985257000000004
UP,0717LK017,2017-07-08,10:00 PM,Obstruction,0,PINE BLUFF,AR,80.0,4,Dark,Cloudy,Yard,Yard/switching,4,895,0,27402,E12C,34.243237999999998,-91.945398999999995
BNSF,SW0616105,2016-06-18,9:30 AM,Other impacts,0,PHOENIX,AZ,98.0,2,Day,Clear,Yard,Cut of cars,4,21489,300,40885,H020,33.457689000000002,-112.101038
CC,834267,2014-12-03,9:09 AM,Hwy-rail crossing,0,ALWORTH,IL,27.0,2,Day,Clear,Main,Freight Train,45,30552,6001,36553,M308,42.243398999999997,-89.245864999999995
UP,0715PR018,2015-07-29,10:00 AM,Derailment,0,NORTHLAKE,IL,89.0,2,Day,Clear,Yard,Yard/switching,4,111298,792,185657,M411,41.909337000000001,-87.915128999999993
CC,855659,2015-06-18,2:50 PM,Hwy-rail crossing,0,APLINGTON,IA,75.0,2,Day,Clear,Main,Freight Train,38,24951,795,25746,M308,42.585303000000003,-92.884575999999996
NS,130806,2018-09-03,5:55 PM,Other impacts,0,IRONDALE,AL,82.0,3,Dusk,Clear,Siding,Yard/switching,15,500,0,12027,M407,33.548904999999998,-86.67801
UP,0419MA024,2019-04-11,11:45 AM,Hwy-rail crossing,0,MARIANNA,AR,74.0,2,Day,Cloudy,Main,Freight Train,25,13539,99,13638,M303,34.684372000000003,-90.735996
BNSF,GC0516200,2016-05-02,1:38 PM,Hwy-rail crossing,0,LACASSINE,LA,75.0,2,Day,Clear,Main,,0,0,0,11343,M302,30.237853999999999,-92.878161000000006
GTW,1120572,2022-12-11,9:45 AM,Derailment,0,VALPARAISO,IN,37.0,2,Day,Cloudy,Main,Freight Train,20,2128,168452,170580,E53C,41.479604000000002,-87.072258000000005
NS,138017,2020-04-12,5:05 PM,Obstruction,0,YORK,AL,76.0,3,Dusk,Rain,Main,,0,0,0,12500,M404,32.477294999999998,-88.31326
UP,0315SL006,2015-03-15,9:30 AM,Hwy-rail crossing,0,ALTON,IL,40.0,2,Day,Clear,Main,,0,0,1200,22700,M308,38.917070000000002,-90.149969999999996
UP,0818ST021,2018-08-28,6:30 AM,Derailment,0,PHOENIX,AZ,85.0,1,Dawn,Clear,Main,Freight Train,10,31869,37332,69201,M409,33.449460000000002,-112.08301299999999
NS,138410,2020-07-03,1:50 PM,Raking collision,0,ELKHART,IN,90.0,2,Day,Clear,Yard,Yard/switching,3,70184,70747,144267,H706,41.67736,-85.978494999999995
IC,1009541,2019-08-17,10:15 AM,Side collision,0,MARKHAM,IL,85.0,2,Day,Cloudy,Yard,Freight Train,0,2250,0,27650,H702,41.568463999999999,-87.664073000000002
UP,0417LK015,2017-04-17,11:45 PM,Other impacts,0,NORTH LITTLE ROCK,AR,75.0,4,Dark,Cloudy,Yard,Yard/switching,4,1340,0,12078,S015,34.773063999999998,-92.229567000000003
NS,131265,2018-10-10,1:10 AM,Other (describe in narrative),0,IRONDALE,AL,72.0,4,Dark,Rain,Main,Yard/switching,3,0,12433,12433,H702,33.548904999999998,-86.67801
MACZ,172719,2022-11-08,5:08 AM,Derailment,0,MIDDLE RIVER,MD,51.0,1,Dawn,Clear,Yard,Commuter Train - Pushing,3,696169,0,705105,H307,39.343895000000003,-76.401640999999998
UP,0517LK015,2017-05-07,2:50 AM,Obstruction,0,RECTOR,AR,54.0,4,Dark,Cloudy,Main,Freight Train,53,4180,9148,13328,M402,36.269655,-90.283663000000004
ABS,200416002,2020-04-16,9:12 AM,Derailment,0,TUSCALOOSA,AL,70.0,2,Day,Clear,Yard,Yard/switching,10,40000,3500,43500,H505,33.207625,-87.575826000000006
BNSF,SW0618104,2018-06-05,3:56 PM,Rear end collision,0,TRUXTON,AZ,85.0,2,Day,Clear,Main,Freight Train,11,141083,31650,1336729,H605,35.432257,-113.630162
UP,0622HL001,2022-06-04,1:55 AM,Derailment,0,SEDALIA,MO,64.0,4,Dark,Clear,Main,Cut of cars,0,12852,0,44157,E22C,38.723762000000001,-93.279629
CSX,000144692,2015-03-20,1:10 PM,Other (describe in narrative),0,SAINT ELMO,IL,30.0,2,Day,Clear,Main,Freight Train,30,51000,0,51000,E39L,39.00797,-88.848062999999996
ABS,190819003,2019-08-19,11:54 AM,Obstruction,0,REFORM,AL,96.0,2,Day,Clear,Main,Spec. MoW Equip.,15,16751,0,36751,H104,33.389325999999997,-88.067635999999993
BNSF,SW0517104,2017-05-09,2:55 AM,Derailment,0,WINSLOW,AZ,53.0,4,Dark,Cloudy,Siding,Light loco(s),9,9090,2500,11590,H607,34.969541,-110.530579
UP,0424GL002,2024-04-03,6:38 AM,Other (describe in narrative),0,ST PAUL,MN,37.0,1,Dawn,Clear,Main,Freight Train,10,31225,0,31225,E21C,44.944806999999997,-93.058325999999994
UP,1118KC035,2018-11-23,9:45 PM,Fire/violent rupture,0,KANSAS CITY,MO,46.0,4,Dark,Clear,Main,Freight Train,15,19978,0,19978,E74L,39.08858,-94.569029999999998
UP,0817ST019,2017-08-21,12:01 AM,Derailment,0,PHOENIX,AZ,90.0,4,Dark,Cloudy,Yard,Yard/switching,3,161119,63744,224863,H601,33.444341000000001,-112.046313
NS,139692,2020-11-10,8:45 AM,Other (describe in narrative),0,DECATUR,AL,72.0,2,Day,Cloudy,Yard,Freight Train,5,14494,40438,240206,E30C,34.615476999999998,-86.983763999999994
UP,0821LA038,2021-08-18,6:20 PM,Derailment,0,PHOENIX,AZ,80.0,3,Dusk,Cloudy,Yard,Yard/switching,4,102240,2750,104990,M599,33.443888999999999,-112.059969
CSX,000143735,2015-03-26,2:07 PM,Hwy-rail crossing,0,PIERRON,IL,65.0,2,Day,Clear,Main,Freight Train,59,4500,9839,14339,M308,38.780343999999999,-89.598951999999997
FEC,D24051724,2024-05-17,3:40 AM,Obstruction,0,WEST PALM BEACH,FL,76.0,4,Dark,Clear,Main,Freight Train,45,18096,250,18346,M302,26.713971999999998,-80.055257999999995
BNSF,KS0217107,2017-02-17,6:12 PM,Derailment,0,EMPORIA,KS,50.0,3,Dusk,Clear,Main,Yard/switching,15,153449,24000,177449,H307,38.401316999999999,-96.171419
BNSF,KS0121105,2021-01-03,12:30 PM,Other impacts,0,WICHITA,KS,42.0,2,Day,Clear,Yard,Yard/switching,7,15144,0,15144,H318,37.731140000000003,-97.335161999999997
NS,132328,2019-01-07,10:35 AM,Other impacts,0,IRONDALE,AL,61.0,2,Day,Cloudy,Yard,Yard/switching,0,18850,0,18850,E30C,33.548904999999998,-86.67801
NS,140837,2021-03-05,3:55 PM,Derailment,0,OSCEOLA,IN,38.0,2,Day,Clear,Yard,Yard/switching,10,13442,10279,23721,M404,41.666583000000003,-86.033423999999997
BNSF,TC1121103,2021-11-05,9:30 PM,Other impacts,0,WILLMAR,MN,40.0,4,Dark,Clear,Yard,Yard/switching,4,24250,0,24250,H318,45.125751999999999,-95.031531000000001
BNSF,CH0919105,2019-09-18,4:45 AM,Derailment,0,ELWOOD,IL,68.0,1,Dawn,Clear,Yard,Yard/switching,4,22187,8600,30787,H607,41.398910999999998,-88.153262999999995
NS,136688,2019-12-31,2:20 PM,Other (describe in narrative),0,LAFAYETTE,IN,28.0,2,Day,Cloudy,Yard,Single Car,0,57334,0,307190,E30C,40.374637999999997,-86.841312000000002
NS,140841,2021-03-06,2:00 AM,Derailment,0,LEIGHTON,AL,43.0,4,Dark,Cloudy,Yard,Yard/switching,4,16332,2316,18648,M404,34.712397000000003,-87.598961000000003
TPW,TPW694315R,2015-02-15,2:55 PM,Derailment,0,EAST PEORIA,IL,12.0,2,Day,Clear,Siding,Yard/switching,5,30000,4000,34000,M101,40.666148999999997,-89.580096999999995
TSWS,06242023,2023-06-26,6:25 AM,Derailment,0,MARION,AR,78.0,1,Dawn,Clear,Yard,Freight Train,6,60000,10000,70000,H702,35.194850000000002,-90.247923
UP,0524MA049,2024-05-31,5:40 PM,Other impacts,0,NORTH LITTLE ROCK,AR,77.0,2,Day,Rain,Yard,Single Car,0,14963,0,30226,S016,34.774675999999999,-92.221964999999997
ATK,154110,2018-07-04,11:54 AM,Hwy-rail crossing,0,LA CRESCENT,MN,85.0,2,Day,Clear,Main,Passenger Train - Pulling,66,12172,0,12172,M302,43.845739999999999,-91.297148000000007
CSX,000182899,2019-05-11,2:30 PM,Side collision,0,INDIANAPOLIS,IN,60.0,2,Day,Rain,Yard,Yard/switching,10,8285,0,22785,M408,39.759791,-86.327526000000006
UP,0718LK017,2018-07-10,6:15 PM,Derailment,0,HOPE,AR,93.0,2,Day,Clear,Industry,Freight Train,4,5894,8896,14790,H995,33.733240000000002,-93.633274999999998
BNSF,SF0915111,2015-09-23,6:40 AM,Derailment,0,SPRINGFIELD,MO,75.0,1,Dawn,Clear,Yard,Freight Train,1,7745,49116,56861,H503,37.228546000000001,-93.317943
UP,0318LK006,2018-03-03,7:52 PM,Other impacts,0,PINE BLUFF,AR,55.0,3,Dusk,Clear,Yard,Light loco(s),0,306811,5078,329597,H307,34.251061999999997,-91.937928999999997
CSX,000165516,2016-12-28,11:20 AM,Other impacts,0,HAGERSTOWN,MD,50.0,2,Day,Cloudy,Yard,Freight Train,5,15001,424,15425,M599,39.644146999999997,-77.729465000000005
UP,0822MA014,2022-08-02,12:00 AM,Other impacts,0,NORTH LITTLE ROCK,AR,74.0,4,Dark,Cloudy,Yard,Single Car,0,0,0,28593,M411,34.773192000000002,-92.227273999999994
UP,0824GC011,2024-08-06,4:43 PM,Other impacts,0,LOTTIE,LA,96.0,2,Day,Clear,Yard,Yard/switching,8,52040,0,52040,S007,30.526152,-91.554288999999997
UP,0218LK032,2018-02-21,9:16 AM,Other impacts,0,NORTH LITTLE ROCK,AR,49.0,2,Day,Rain,Yard,Single Car,0,14949,0,14982,S016,34.773960000000002,-92.223348999999999
WC,1148465,2024-04-19,2:06 PM,Derailment,0,PROCTOR,MN,33.0,2,Day,Clear,Yard,Maint./inspect Car,0,4000,0,16505,M599,46.743583999999998,-92.228494999999995
TASD,D20190104A,2019-01-04,6:30 PM,Derailment,0,MOBILE,AL,53.0,4,Dark,Cloudy,Yard,Yard/switching,2,11368,85,11453,E37C,30.723199999999999,-88.044799999999995
CRSH,134743,2019-07-17,1:10 AM,Derailment,0,DETROIT,MI,74.0,4,Dark,Rain,Yard,Cut of cars,0,5139,0,84586,H503,42.322153999999998,-83.122508999999994
UP,0219ST014,2019-02-10,8:54 AM,Fire/violent rupture,0,BENSON,AZ,43.0,2,Day,Cloudy,Main,Freight Train,16,18883,0,18883,E74L,31.995232999999999,-110.369111
UP,0922MA043,2022-09-26,5:56 PM,Derailment,0,STAMPS,AR,82.0,2,Day,Clear,Main,Freight Train,43,231411,159890,391301,E27C,33.357385000000001,-93.459232999999998
NS,134351,2019-06-14,3:16 PM,Other impacts,0,RANDOLPH,AL,83.0,2,Day,Clear,Main,Freight Train,7,0,16723,16723,H312,32.955244999999998,-86.908096999999998
ATK,154611,2018-08-03,7:58 AM,Other (describe in narrative),0,ELKTON,MD,77.0,2,Day,Cloudy,Main,Passenger Train - Pulling,79,14446,0,14446,E78L,39.605570999999998,-75.849822000000003
NS,129419,2018-05-10,12:05 PM,Raking collision,0,IRONDALE,AL,88.0,2,Day,Clear,Yard,Yard/switching,7,756,80655,231503,H305,33.548904999999998,-86.67801
KJRY,KJ191018O,2019-10-18,4:25 PM,Other (describe in narrative),0,BURNSIDE,IL,52.0,2,Day,Clear,Main,Freight Train,10,17000,0,17000,E79L,40.502699999999997,-91.106399999999994
NS,138034,2020-05-24,12:40 AM,Other impacts,0,ELKHART,IN,60.0,4,Dark,Rain,Yard,Single Car,10,28246,0,37510,M407,41.67736,-85.978494999999995
UP,0615SL003,2015-06-05,3:56 PM,Hwy-rail crossing,0,WILMINGTON,IL,75.0,2,Day,Clear,Main,,0,0,13993,39993,M308,41.326867,-88.140687999999997
UP,1115LK007,2015-11-10,12:05 AM,Derailment,0,PINE BLUFF,AR,47.0,4,Dark,Clear,Yard,Yard/switching,7,3292,42926,46218,E64C,34.233468000000002,-91.957819000000001
UP,0415LK016,2015-04-14,4:34 AM,Derailment,0,NORTH LITTLE ROCK,AR,65.0,1,Dawn,Cloudy,Yard,Yard/switching,2,150,0,19530,M411,34.774303000000003,-92.226251000000005
UP,1017LK013,2017-10-05,2:55 AM,Derailment,0,PINE BLUFF,AR,70.0,4,Dark,Cloudy,Yard,Yard/switching,1,9027,2560,11587,T221,34.227361000000002,-91.964894000000001
UP,0417LK015,2017-04-17,11:45 PM,Other impacts,0,NORTH LITTLE ROCK,AR,75.0,4,Dark,Cloudy,Yard,Single Car,4,10738,0,12078,S015,34.773063999999998,-92.229567000000003
NS,129398,2018-05-08,10:15 PM,Derailment,0,IRONDALE,AL,65.0,4,Dark,Clear,Yard,Yard/switching,5,2100,0,11400,H020,33.548904999999998,-86.67801
BNSF,PR1016116,2016-10-17,1:00 PM,Obstruction,0,TRINIDAD,CO,66.0,2,Day,Clear,Main,,0,0,0,0,H997,37.037559000000002,-104.510086
ATK,136679,2015-03-15,9:30 AM,Hwy-rail crossing,0,ALTON,IL,60.0,2,Day,Clear,Main,Passenger Train - Pulling,75,21500,0,22700,M308,38.917070000000002,-90.149969999999996
NSCR,NS2018005,2018-12-28,5:55 PM,Hwy-rail crossing,0,ANOKA,MN,19.0,4,Dark,Cloudy,Main,Commuter Train - Pulling,74,10000,0,18614,M302,45.186968999999998,-93.345449000000002
BNSF,HL1022109,2022-10-15,4:40 PM,Derailment,0,NORTH KANSAS CITY,MO,65.0,2,Day,Clear,Yard,Yard/switching,2,15762,16000,31762,H506,39.121569000000001,-94.583270999999996
KCS,21070901,2021-07-09,7:37 AM,Hwy-rail crossing,0,MENA,AR,88.0,1,Dawn,Clear,Siding,Freight Train,0,26275,0,77973,M308,34.554183999999999,-94.339044999999999
UP,0519MA023,2019-05-12,7:20 AM,Derailment,0,PINE BLUFF,AR,60.0,2,Day,Cloudy,Yard,Light loco(s),4,12100,350,12450,H704,34.252916999999997,-91.936555999999996
RTDC,131119,2020-02-24,4:59 AM,Side collision,0,DENVER,CO,38.0,4,Dark,Clear,Yard,EMU,3,250,0,15250,M405,39.789819999999999,-104.99592
MNA,MNA782915D,2015-08-07,11:30 AM,Derailment,0,COTTER,AR,91.0,2,Day,Clear,Main,Freight Train,5,5000,169000,174000,E07C,36.274850999999998,-92.56026
CSX,000175542,2018-03-30,6:43 PM,Derailment,0,LOUISVILLE,KY,60.0,2,Day,Clear,Yard,Light loco(s),0,41700,0,96530,H702,38.279950999999997,-85.516779
UP,0721GL009,2021-07-10,2:32 PM,Derailment,0,BREWSTER,MN,64.0,2,Day,Cloudy,Main,Freight Train,28,819178,205760,1024938,H503,43.688488,-95.486412999999999
BNSF,KS0122111,2022-01-15,3:01 AM,Derailment,0,KANSAS CITY,KS,20.0,4,Dark,Snow,Yard,Yard/switching,5,300,15935,16235,H704,39.085529000000001,-94.679507999999998
CSX,000188494,2020-02-18,4:38 AM,Other impacts,0,DECATUR,AL,70.0,4,Dark,Cloudy,Yard,Cut of cars,4,14898,0,21982,H302,34.588509999999999,-86.985257000000004
BNSF,TC0915116,2015-09-25,4:30 AM,Other (describe in narrative),0,MINNEAPOLIS,MN,63.0,4,Dark,Cloudy,Yard,,0,0,75640,75640,H704,45.020335000000003,-93.263183999999995
UP,0718ST010,2018-07-10,4:30 PM,Derailment,0,MARANA,AZ,75.0,2,Day,Rain,Main,Freight Train,54,1026351,197220,1223571,M103,32.390569999999997,-111.11779
UP,0915DV013,2015-09-27,4:16 AM,Derailment,0,CARR,CO,55.0,4,Dark,Clear,Main,Freight Train,21,18395,500,18895,H503,40.987271999999997,-104.880697
BNSF,CH1020105,2020-10-13,12:45 AM,Side collision,0,GALESBURG,IL,45.0,4,Dark,Clear,Yard,Yard/switching,2,15838,0,18388,H702,40.915419999999997,-90.380633000000003
DRIR,07211501,2015-07-20,9:00 AM,Other impacts,0,DENVER,CO,72.0,2,Day,Clear,Yard,Yard/switching,5,30000,0,30000,H399,39.780428000000001,-104.915436
NS,117632,2015-10-04,6:15 PM,Derailment,0,JENNINGS,MO,60.0,3,Dusk,Cloudy,Yard,Freight Train,5,50900,300,51200,H525,38.702049000000002,-90.226974999999996
UP,0516SL010,2016-05-26,4:21 AM,Derailment,0,PIEDMONT,MO,66.0,4,Dark,Cloudy,Industry,Work train,3,77735,412402,490137,M501,37.242471999999999,-90.689674999999994
UP,0720MA038,2020-07-24,2:23 PM,Hwy-rail crossing,0,MINTURN,AR,91.0,2,Day,Clear,Main,Freight Train,37,12100,99,12199,M302,35.981150999999997,-91.023145999999997
BNSF,SW0518105,2018-05-14,3:55 PM,Rear end collision,0,PEACH SPRINGS,AZ,85.0,2,Day,Clear,Main,Spec. MoW Equip.,15,11000,0,101000,H402,35.514445000000002,-113.459683
UP,0520ST002,2020-05-05,3:00 AM,Other impacts,0,FLORENCE,AZ,70.0,4,Dark,Clear,Siding,Cut of cars,0,4694,0,39359,H702,33.135587999999998,-111.503002
UP,0115LK001,2015-01-05,8:30 AM,Side collision,0,PINE BLUFF,AR,30.0,2,Day,Cloudy,Yard,Light loco(s),0,6535,528,15304,H607,34.232616999999998,-91.958758000000003