reportingrailroadcode,accidentnumber,date,time,accidenttype,hazmatreleasedcars,station,stateabbr,temperature,visibility_code,visibility,weathercondition,tracktype,equipmenttype,trainspeed,equipmentdamagecost,trackdamagecost,totaldamagecost,primaryaccidentcausecode,latitude,longitude
UP,0816LK032,2016-08-31,6:45 AM,Hwy-rail crossing,0,CORNING,AR,80.0,1,Dawn,Clear,Main,Freight Train,40,1218,161023,162241,M303,36.407885,-90.579824000000002
BNSF,RD0519118,2019-05-18,7:10 PM,Derailment,0,TEXARKANA,AR,72.0,3,Dusk,Cloudy,Main,Freight Train,37,50902,0,549564,E62C,33.501652,-93.942509000000001
BNSF,KS1022102,2022-10-04,4:15 AM,Derailment,0,HUTCHINSON,KS,55.0,1,Dawn,Clear,Industry,Freight Train,5,19964,3945,23909,H306,38.061646000000003,-97.880500999999995
NS,122762,2016-11-15,4:17 PM,Hwy-rail crossing,0,NORCROSS,GA,70.0,3,Dusk,Clear,Main,Freight Train,42,0,16713,16713,M303,33.940604,-84.214426000000003
UP,0218LV017,2018-02-12,4:30 AM,Other impacts,0,LIVONIA,LA,40.0,4,Dark,Clear,Yard,Yard/switching,5,15206,800,30763,M411,30.521467000000001,-91.55059
UP,1023MA032,2023-10-21,12:50 AM,Other impacts,0,PINE BLUFF,AR,64.0,4,Dark,Clear,Yard,Yard/switching,4,40281,800,41081,H307,34.230835999999996,-91.959061000000005
UP,0816LK010,2016-08-14,1:00 PM,Derailment,0,LEWISVILLE,AR,80.0,2,Day,Cloudy,Main,Freight Train,42,2157791,821740,2979531,E23C,33.357942999999999,-93.632946000000004
BNSF,CH0315100,2015-03-05,1:24 PM,Derailment,10,GALENA,IL,25.0,2,Day,Clear,Main,Freight Train,23,2043165,2169305,4212470,E61C,42.374842999999998,-90.444164000000001
ABS,200509001,2020-05-09,2:45 PM,Derailment,0,TUSCALOOSA,AL,70.0,2,Day,Clear,Yard,Freight Train,5,5810,9411,15221,T220,33.207625,-87.575826000000006
UP,1018ST032,2018-10-31,9:00 AM,Hwy-rail crossing,0,BENSON,AZ,65.0,2,Day,Clear,Main,Freight Train,32,28935,97899,126834,M302,31.990660999999999,-110.435714
BNSF,TC0518101,2018-05-01,1:00 PM,Other (describe in narrative),0,HANLEY FALLS,MN,60.0,2,Day,Clear,Main,Freight Train,49,0,25000,25000,H404,44.642245000000003,-95.646162000000004
NS,139531,2020-10-25,12:20 PM,Derailment,0,ROANOKE,IN,48.0,2,Day,Clear,Yard,Freight Train,12,23519,51310,74829,H504,40.981451,-85.347554000000002
UP,1023MA037,2023-10-22,1:27 PM,Other impacts,0,PINE BLUFF,AR,79.0,2,Day,Clear,Yard,Single Car,2,0,0,14007,E23C,34.249586999999998,-91.940144000000004
UP,0517LK014,2017-05-09,1:45 AM,Derailment,0,BALD KNOB,AR,61.0,4,Dark,Clear,Yard,Single Car,0,40,0,19483,E64C,35.302354999999999,-91.577432999999999
BNSF,CH0419110,2019-04-27,7:30 PM,Derailment,0,CICERO,IL,40.0,3,Dusk,Rain,Yard,Freight Train,5,1000,30000,31000,T221,41.837786000000001,-87.768763000000007
UP,1019ST022,2019-10-21,5:59 PM,Derailment,0,TUCSON,AZ,84.0,2,Day,Clear,Yard,Light loco(s),0,500,0,88681,H511,32.202868000000002,-110.938868
UP,1020GL036,2020-10-26,9:20 PM,Derailment,0,MARSHALLTOWN,IA,22.0,4,Dark,Clear,Yard,Freight Train,8,6258,136870,143128,E64C,42.040889999999997,-92.918014999999997
CSX,000169716,2017-06-18,10:35 PM,Derailment,0,BRUNSWICK,MD,70.0,4,Dark,Clear,Yard,Freight Train,4,46417,856,47273,H702,39.313535000000002,-77.635341999999994
UP,0822MA005,2022-08-03,11:30 AM,Other impacts,0,PINE BLUFF,AR,87.0,2,Day,Clear,Yard,Yard/switching,0,28860,0,29067,H318,34.249420999999998,-91.939700000000002
UP,0123LA034,2023-01-22,6:15 AM,Derailment,0,PHOENIX,AZ,37.0,1,Dawn,Clear,Yard,Freight Train,7,11801,7399,19200,H307,33.443724000000003,-112.05996500000001
HESR,HES191719D,2019-10-01,2:10 AM,Derailment,0,AKRON,MI,70.0,4,Dark,Cloudy,Main,Freight Train,10,20000,0,20000,E24C,43.563372000000001,-83.516625000000005
NS,127427,2017-11-15,2:05 PM,Derailment,0,ATLANTA,GA,60.0,2,Day,Clear,Yard,Yard/switching,5,45,12280,12325,E67L,33.793886999999998,-84.445407000000003
CP,1000431241,2016-07-31,2:00 AM,Derailment,0,MELVINDALE,MI,69.0,4,Dark,Cloudy,Yard,Light loco(s),5,52130,0,52230,H702,42.281784000000002,-83.159847999999997
NS,141011,2021-03-23,11:05 AM,Side collision,0,ELKHART,IN,68.0,2,Day,Clear,Main,Yard/switching,2,216104,37949,407480,E30C,41.677391,-85.978436000000002
UP,0717LK003,2017-07-01,11:30 AM,Derailment,0,PINE BLUFF,AR,87.0,2,Day,Clear,Yard,Yard/switching,3,140396,177142,317538,M411,34.247050999999999,-91.941599999999994
UP,1018LV006,2018-10-05,5:05 AM,Derailment,0,WESTWEGO,LA,78.0,1,Dawn,Clear,Main,Freight Train,4,146024,5750,261084,H503,29.916951000000001,-90.182708000000005
UP,0716LK026,2016-07-29,8:45 AM,Fire/violent rupture,0,NEWPORT,AR,82.0,2,Day,Cloudy,Main,Freight Train,40,41231,0,41231,E74L,35.564377,-91.355485999999999
MNNR,0720001,2020-07-31,12:45 PM,Side collision,0,MINNEAPOLIS,MN,85.0,2,Day,Clear,Yard,Yard/switching,5,64204,0,76704,H307,44.936666000000002,-93.229275000000001
GLC,GLC4062017,2017-04-06,2:05 PM,Hwy-rail crossing,0,OWOSSO,MI,34.0,2,Day,Sleet,Main,Maint./inspect Car,7,0,11000,11000,M308,42.999854999999997,-84.186458999999999
NS,144602,2022-03-05,9:10 AM,Other impacts,0,DECATUR,IL,53.0,2,Day,Clear,Yard,Cut of cars,0,14410,0,20124,H312,39.853228000000001,-88.914282
BNSF,TC0219122,2019-02-26,1:00 AM,Derailment,0,HOLLOWAY,MN,-5.0,4,Dark,Snow,Industry,Freight Train,8,9371,5000,14371,M101,45.247160000000001,-95.911773999999994
BNSF,CH0819107,2019-08-10,6:30 AM,Derailment,0,GALESBURG,IL,65.0,1,Dawn,Clear,Yard,Yard/switching,7,40421,1000,41421,H503,40.906993,-90.386442000000002
UP,1116ST002,2016-11-07,11:06 PM,Derailment,0,PHOENIX,AZ,72.0,4,Dark,Clear,Yard,Yard/switching,8,37590,3070,56424,H318,33.444153999999997,-112.148797
IC,986080,2019-01-30,7:30 PM,Derailment,0,HARVEY,IL,-18.0,4,Dark,Clear,Yard,Freight Train,4,2200,29198,1099964,H702,41.606549999999999,-87.644570000000002
UP,0715ST002,2015-07-01,9:00 PM,Fire/violent rupture,0,BENSON,AZ,83.0,4,Dark,Clear,Main,Freight Train,10,253476,100,253576,E73L,31.992353000000001,-110.414131
UP,0117ST001,2017-01-04,7:40 AM,Hwy-rail crossing,0,DATELAND,AZ,52.0,2,Day,Clear,Main,Freight Train,62,47389,301412,348801,M304,32.823754000000001,-113.44206200000001
UP,1218MA003,2018-12-02,6:30 AM,Derailment,0,NORTH LITTLE ROCK,AR,45.0,1,Dawn,Cloudy,Yard,Yard/switching,8,33150,139110,172260,M405,34.776721000000002,-92.217380000000006
UP,0115LK011,2015-01-17,5:20 PM,Derailment,0,RISON,AR,47.0,3,Dusk,Clear,Main,Work train,38,467906,238738,706644,E61C,33.965569000000002,-92.184528999999998
UP,0524MA040,2024-05-29,1:00 AM,Derailment,0,PINE BLUFF,AR,73.0,4,Dark,Cloudy,Yard,Yard/switching,4,16356,1056,17412,M404,34.252926000000002,-91.936318
ARS,D626115,2015-07-06,2:20 AM,Derailment,0,WALDRON,AR,75.0,4,Dark,Clear,Main,Freight Train,9,90290,50000,140290,M199,34.939207000000003,-94.202725000000001
UP,0418LK015,2018-04-10,2:03 PM,Other impacts,0,NORTH LITTLE ROCK,AR,58.0,2,Day,Clear,Yard,Single Car,0,0,0,40101,M401,34.771140000000003,-92.232982000000007
KO,20160518,2016-05-17,10:00 AM,Derailment,0,BURDETT,KS,58.0,2,Day,Clear,Industry,Freight Train,5,16000,2000,18000,H099,38.192385999999999,-99.526033999999996
NIRC,MRI001,2015-01-13,7:01 AM,Hwy-rail crossing,0,ITASCA,IL,17.0,1,Dawn,Clear,Main,Commuter Train - Pushing,70,0,160000,160000,M306,41.971380000000003,-88.01361
BNSF,SW0623108,2023-06-08,1:30 PM,Obstruction,0,CHAMBERS,AZ,85.0,2,Day,Clear,Main,Spec. MoW Equip.,10,0,15000,15000,H993,35.049340000000001,-109.68212200000001
UP,0719PR017,2019-07-11,9:30 PM,Other impacts,0,MELROSE PARK,IL,70.0,4,Dark,Cloudy,Yard,Freight Train,0,9495,0,12721,H021,41.914960999999998,-87.91413
UP,0118KC038,2018-01-29,5:42 PM,Derailment,0,KANSAS CITY,MO,28.0,2,Day,Clear,Yard,Single Car,8,100,0,14210,S016,39.121935000000001,-94.504037999999994
UP,1218MA017,2018-12-08,10:30 AM,Hwy-rail crossing,0,EMMET,AR,38.0,2,Day,Rain,Main,Freight Train,30,9518,17000,26518,M302,33.728704,-93.473242999999997
BNSF,SW0420109,2020-04-18,11:45 AM,Derailment,0,HOLBROOK,AZ,60.0,2,Day,Clear,Yard,Single Car,0,30142,0,30142,M599,34.934398000000002,-110.047624
UP,1222MA012,2022-12-12,12:39 PM,Other (describe in narrative),0,PINE BLUFF,AR,50.0,2,Day,Clear,Yard,Single Car,0,24402,0,24402,M507,34.252178000000001,-91.937717000000006
UP,1122GC004,2022-11-05,3:00 AM,Derailment,0,LAKE CHARLES,LA,60.0,4,Dark,Rain,Main,Yard/switching,6,1821,24876,26697,H702,30.238278999999999,-93.197878000000003
CSX,000176146,2018-04-30,5:20 AM,Derailment,0,BIRMINGHAM,AL,65.0,1,Dawn,Clear,Main,Freight Train,17,179291,0,179291,E4AC,33.509476999999997,-86.812250000000006
KCS,20062501,2020-06-25,11:00 AM,Derailment,0,ASHDOWN,AR,89.0,2,Day,Clear,Industry,Freight Train,5,0,74482,74482,H306,33.644894999999998,-94.113050000000001
UP,0117LK010,2017-01-06,4:45 PM,Derailment,0,NORTH LITTLE ROCK,AR,20.0,2,Day,Cloudy,Yard,Freight Train,8,153751,38250,192001,T220,34.769582,-92.236953
BNSF,SW0416106,2016-04-29,2:55 PM,Derailment,0,GLENDALE,AZ,83.0,2,Day,Clear,Main,Freight Train,5,21200,1500,22700,H704,33.524810000000002,-112.170055
KCS,15041901,2015-04-19,3:30 AM,Other (describe in narrative),0,NEAME,LA,60.0,4,Dark,Fog,Main,Freight Train,6,0,11657,11657,H607,30.963621,-93.281828000000004
TCWR,TCW021919A,2019-02-19,11:58 AM,Hwy-rail crossing,0,RENVILLE,MN,10.0,2,Day,Cloudy,Main,Freight Train,20,20000,5000,25000,M302,44.789257999999997,-95.158627999999993
UP,0719ST025,2019-07-19,5:30 PM,Derailment,0,TUCSON,AZ,103.0,2,Day,Clear,Yard,Yard/switching,8,42786,200,42986,H318,32.200032999999998,-110.932602
NS,136875,2020-01-18,3:50 PM,Other impacts,0,ELKHART,IN,13.0,2,Day,Cloudy,Yard,Yard/switching,12,36980,0,63989,M408,41.67736,-85.978494999999995
UP,0622HL001,2022-06-04,1:55 AM,Derailment,0,SEDALIA,MO,64.0,4,Dark,Clear,Main,Freight Train,48,16252,15053,44157,E22C,38.723762000000001,-93.279629
NS,138750,2020-08-04,4:00 PM,Other impacts,0,DECATUR,AL,88.0,3,Dusk,Clear,Yard,Single Car,0,93137,0,106822,H312,34.615476999999998,-86.983763999999994
UP,0520ST002,2020-05-05,3:00 AM,Other impacts,0,FLORENCE,AZ,70.0,4,Dark,Clear,Siding,Yard/switching,5,34216,449,39359,H702,33.135587999999998,-111.503002
CSX,000190298,2020-05-18,6:05 PM,Derailment,0,SAVANNAH,GA,75.0,2,Day,Clear,Yard,Freight Train,1,10825,1775,12600,H505,32.074536000000002,-81.142500999999996
BNSF,HL0819112,2019-08-12,11:25 AM,Obstruction,0,DORA,AL,95.0,2,Day,Clear,Main,Freight Train,35,0,34577,34577,M404,33.724564999999998,-87.089940999999996
UP,0519MA012,2019-05-08,4:00 AM,Other impacts,0,NORTH LITTLE ROCK,AR,66.0,1,Dawn,Cloudy,Yard,Single Car,0,31504,0,52642,M407,34.775554999999997,-92.220626999999993
NS,130875,2018-09-10,2:40 AM,Derailment,0,IRONDALE,AL,72.0,4,Dark,Clear,Yard,Yard/switching,10,11000,0,37761,M407,33.548904999999998,-86.67801
TPW,TPW878818G,2018-12-07,3:58 PM,Hwy-rail crossing,0,KENTLAND,IN,27.0,2,Day,Cloudy,Main,Freight Train,23,99993,29993,129986,M308,40.767606000000001,-87.438073000000003
CSX,000177335,2018-07-01,1:22 PM,Other impacts,0,FAIRBURN,GA,83.0,2,Day,Cloudy,Main,Freight Train,6,11298,0,17968,H302,33.548605000000002,-84.544719000000001
FEC,X26051324,2024-05-13,10:54 PM,Hwy-rail crossing,0,LAKE WORTH,FL,79.0,4,Dark,Clear,Main,,0,0,507,24707,M308,26.596216999999999,-80.054739999999995
UP,0517LK014,2017-05-09,1:45 AM,Derailment,0,BALD KNOB,AR,61.0,4,Dark,Clear,Yard,Freight Train,8,13360,6083,19483,E64C,35.302354999999999,-91.577432999999999
WC,1148465,2024-04-19,2:06 PM,Derailment,0,PROCTOR,MN,33.0,2,Day,Clear,Yard,Freight Train,1,12505,0,16505,M599,46.743583999999998,-92.228494999999995
UP,0522GC042,2022-05-26,6:00 PM,Other impacts,0,MARINGOUIN,LA,76.0,3,Dusk,Cloudy,Yard,Single Car,5,27467,0,27532,M411,30.527629000000001,-91.555628999999996
BNSF,SW0716105,2016-07-20,11:20 AM,Other impacts,0,PHOENIX,AZ,103.0,2,Day,Clear,Yard,Yard/switching,1,13188,2500,15688,H018,33.457030000000003,-112.100917
UP,1123MA023,2023-11-18,3:00 PM,Other impacts,0,VAN BUREN,AR,67.0,2,Day,Clear,Siding,Freight Train,2,22758,0,108211,H307,35.433478000000001,-94.330219999999997
UP,0619PR016,2019-06-13,10:29 PM,Fire/violent rupture,0,MELROSE PARK,IL,59.0,4,Dark,Clear,Yard,Single Car,0,11600,0,11600,M406,41.896790000000003,-87.897667999999996
UP,1021MA039,2021-10-23,11:25 AM,Other impacts,0,NORTH LITTLE ROCK,AR,73.0,2,Day,Cloudy,Yard,Yard/switching,3,6901,0,138038,S016,34.775165999999999,-92.221825999999993
UP,1020GL014,2020-10-12,4:30 PM,Derailment,0,CEDAR RAPIDS,IA,65.0,2,Day,Clear,Yard,Yard/switching,4,159,18264,18423,H303,41.993485,-91.673888000000005
AZER,AZE109916D,2016-10-11,7:30 PM,Derailment,0,MIAMI,AZ,70.0,4,Dark,Clear,Main,Freight Train,10,55066,77056,132122,T222,33.409790000000001,-110.84566100000001
UP,0519PR004,2019-05-24,5:00 PM,Derailment,0,MELROSE PARK,IL,69.0,2,Day,Cloudy,Yard,Cut of cars,0,31713,0,341290,E64C,41.897181000000003,-87.898432999999997
NS,139291,2020-09-29,12:15 AM,Derailment,0,LITTLEVILLE,AL,68.0,4,Dark,Clear,Main,Freight Train,17,2700,36508,39208,M405,34.613401000000003,-87.657111
BNSF,CH1217112,2017-12-28,6:30 PM,Derailment,0,WILLOW SPRINGS,IL,10.0,3,Dusk,Snow,Siding,Yard/switching,8,25787,0,25787,H309,41.754823999999999,-87.870203000000004
BNSF,PR0516107,2016-05-19,11:55 AM,Derailment,0,DENVER,CO,60.0,2,Day,Clear,Yard,Yard/switching,4,23169,1200,24369,H312,39.774943,-104.983278
NS,121306,2016-07-17,8:30 AM,Derailment,0,SELMA,AL,85.0,2,Day,Cloudy,Yard,Freight Train,7,10357,2368,12725,H020,32.414943999999998,-87.015839999999997
KCS,18060901,2018-06-09,11:21 AM,Derailment,0,SHREVEPORT,LA,90.0,2,Day,Clear,Yard,Yard/switching,5,10952,61958,72910,E02C,32.532322999999998,-93.831666999999996
UP,0316LK027,2016-03-24,6:40 AM,Obstruction,0,PARAGOULD,AR,51.0,1,Dawn,Rain,Main,Freight Train,44,0,84434,84434,M402,36.049362000000002,-90.488242999999997
BNSF,TC1216109,2016-12-13,3:47 AM,Derailment,0,MOORHEAD,MN,-5.0,4,Dark,Clear,Yard,Yard/switching,4,8951,1600,10551,H702,46.874212999999997,-96.681168999999997
CSX,000187005,2019-12-08,2:39 PM,Raking collision,0,INDIANAPOLIS,IN,55.0,2,Day,Cloudy,Yard,Yard/switching,2,21140,6725,133065,H307,39.759791,-86.327526000000006
UP,0617ES036,2017-06-28,1:40 PM,Obstruction,0,BERGER,MO,87.0,2,Day,Clear,Main,Spec. MoW Equip.,5,17531,0,17531,H997,38.665033999999999,-91.315572000000003
PAL,2024FEB1D,2024-02-08,2:51 PM,Derailment,0,PADUCAH,KY,64.0,2,Day,Clear,Yard,Freight Train,9,31262,1500,32762,H702,37.065334,-88.608928000000006
UP,0215PR006,2015-02-03,10:00 AM,Other impacts,0,NORTHLAKE,IL,30.0,2,Day,Cloudy,Yard,Single Car,0,13555,0,13555,H601,41.909292999999998,-87.915379999999999
BNSF,CH0618105,2018-06-08,1:36 PM,Derailment,0,KAHOKA,MO,90.0,2,Day,Clear,Main,Freight Train,60,571624,850000,1427724,E53C,40.429374000000003,-91.787575000000004
BNSF,PR0115122,2015-01-31,9:40 AM,Derailment,0,PUEBLO,CO,50.0,2,Day,Clear,Yard,Yard/switching,5,9885,12000,21885,H507,38.271281000000002,-104.625052
ALS,20150325,2015-03-25,9:30 PM,Derailment,0,EAST ST LOUIS,IL,55.0,4,Dark,Rain,Yard,Cut of cars,4,10250,8531,18781,M408,38.595087999999997,-90.147473000000005
UP,0821MA012,2021-08-11,2:48 AM,Derailment,0,PINE BLUFF,AR,81.0,4,Dark,Clear,Yard,Yard/switching,10,25102,97404,122506,H505,34.249541999999998,-91.939361000000005
UP,0219GL092,2019-02-23,2:51 PM,Other (describe in narrative),0,MELROSE PARK,IL,38.0,2,Day,Cloudy,Yard,Single Car,0,48263,0,48263,M411,41.900101999999997,-87.911372
AM,AM092421,2021-09-24,2:00 AM,Derailment,0,VAN BUREN,AR,87.0,4,Dark,Clear,Yard,Yard/switching,3,31398,25000,56398,H502,35.260264999999997,-94.213987000000003
BNSF,RD0823203,2023-08-21,5:03 PM,Hwy-rail crossing,0,NEW IBERIA,LA,100.0,3,Dusk,Clear,Main,Freight Train,47,1545691,1534234,3079925,M302,30.054554,-91.875513999999995
UP,0916LK013,2016-09-20,3:15 PM,Derailment,0,HOPE,AR,89.0,2,Day,Clear,Yard,Yard/switching,3,2960,11748,14708,E25C,33.659242999999996,-93.633487000000002
BNSF,CH0415106,2015-04-17,12:45 AM,Derailment,0,EOLA,IL,58.0,4,Dark,Clear,Yard,Freight Train,10,30000,1500,31500,E64C,41.774659999999997,-88.249133999999998
CSX,000153169,2015-10-12,6:45 PM,Other impacts,0,AVON,IN,65.0,2,Day,Clear,Yard,Cut of cars,7,26119,0,26119,E24C,39.759222000000001,-86.353898999999998
UP,1018ST016,2018-10-15,3:17 PM,Fire/violent rupture,0,TUCSON,AZ,74.0,2,Day,Clear,Main,Freight Train,60,31100,0,31100,E79L,32.359630000000003,-111.088768
UP,1023MA037,2023-10-22,1:27 PM,Other impacts,0,PINE BLUFF,AR,79.0,2,Day,Clear,Yard,Yard/switching,2,12927,1080,14007,E23C,34.249586999999998,-91.940144000000004
UP,0819MA019,2019-08-09,10:18 AM,Other impacts,0,NORTH LITTLE ROCK,AR,79.0,2,Day,Cloudy,Yard,Yard/switching,5,9705,750,10715,H307,34.769919999999999,-92.236220000000003
BNSF,SW0918201,2018-09-13,10:54 AM,Hwy-rail crossing,0,PHOENIX,AZ,101.0,2,Day,Clear,Yard,Freight Train,8,12500,0,12500,M302,33.425947999999998,-112.09286299999999
UP,0815LK014,2015-08-18,3:15 PM,Hwy-rail crossing,0,PALESTINE,AR,85.0,2,Day,Clear,Main,Freight Train,22,34048,0,34048,M302,34.961658999999997,-90.942702999999995
BNSF,SW1221102,2021-12-07,5:22 AM,Derailment,0,WINSLOW,AZ,25.0,1,Dawn,Clear,Yard,Freight Train,5,159512,14800,174312,H307,35.023035,-110.70279600000001
UP,1019HL007,2019-10-05,9:58 AM,Hwy-rail crossing,0,KANSAS CITY,KS,62.0,2,Day,Rain,Main,Freight Train,42,16514,250,16764,M302,39.078980999999999,-94.748562000000007
UP,0315PR024,2015-03-19,9:52 AM,Derailment,0,NORTHLAKE,IL,40.0,2,Day,Cloudy,Yard,Yard/switching,5,75293,57223,132516,E44C,41.894928999999998,-87.898257999999998
UP,0316LK012,2016-03-15,3:00 PM,Raking collision,0,NORTH LITTLE ROCK,AR,70.0,2,Day,Clear,Yard,Yard/switching,2,783,0,12622,S016,34.763821,-92.260121999999996
UP,0817LK025,2017-08-20,7:09 AM,Other impacts,0,NORTH LITTLE ROCK,AR,79.0,2,Day,Cloudy,Yard,Freight Train,0,14866,99,28653,H306,34.779310000000002,-92.211979999999997
CSX,000178672,2018-09-10,12:38 AM,Other impacts,0,MONTGOMERY,AL,76.0,4,Dark,Cloudy,Yard,Cut of cars,0,11707,64,11871,H318,32.375967000000003,-86.32647
CC,857184,2015-06-30,12:00 PM,Derailment,0,DUBUQUE,IA,71.0,2,Day,Cloudy,Yard,Freight Train,8,19142,33675,52817,H704,42.490544,-90.660193000000007
UP,0124MA015,2024-01-12,10:38 PM,Other impacts,0,PINE BLUFF,AR,19.0,4,Dark,Cloudy,Yard,Cut of cars,5,1397,0,18757,E06C,34.249654,-91.940889999999996
WC,1120794,2022-12-14,9:44 PM,Side collision,0,GARY,IN,37.0,4,Dark,Rain,Yard,Freight Train,0,21341,17846,48137,S016,41.629815000000001,-87.412032999999994
NS,137241,2020-02-20,12:45 PM,Obstruction,0,COALING,AL,44.0,2,Day,Rain,Main,Spec. MoW Equip.,5,42101,0,42101,H997,33.163623999999999,-87.350335000000001
UP,0416WH005,2016-04-26,10:08 PM,Derailment,0,BLACKWELL,AR,75.0,4,Dark,Cloudy,Main,Freight Train,37,7069,230357,237426,E62C,35.240895999999999,-92.997681
CSX,000190058,2020-05-06,8:10 AM,Derailment,0,BIRMINGHAM,AL,62.0,2,Day,Clear,Yard,Yard/switching,7,190160,27984,218144,T221,33.543607000000002,-86.790088999999995
UP,1217UT003,2017-12-04,5:40 PM,Other impacts,0,POCATELLO,ID,26.0,4,Dark,Cloudy,Yard,Cut of cars,3,18909,0,19909,H318,42.856785000000002,-112.44103200000001
BNSF,HL0717104,2017-07-10,4:00 PM,Derailment,0,JONESBORO,AR,90.0,2,Day,Clear,Industry,Yard/switching,2,29007,0,70063,H306,35.808931999999999,-90.636680999999996
KAW,220524003,2022-05-24,12:45 PM,Derailment,0,LIBERTY,MO,50.0,2,Day,Rain,Industry,Yard/switching,3,0,15000,15000,H306,39.23312,-94.428330000000003
UP,0121HL022,2021-01-28,7:30 AM,Derailment,0,WICHITA,KS,22.0,1,Dawn,Cloudy,Yard,Freight Train,5,32834,5380,38214,T220,37.736866999999997,-97.319192000000001
BNSF,SW0821108,2021-08-16,8:45 PM,Derailment,0,ST JOHNS,AZ,90.0,3,Dusk,Clear,Main,Freight Train,45,509368,100000,609368,T219,34.684074000000003,-109.34538000000001
UP,0615SL011,2015-06-28,4:15 PM,Derailment,0,EAST ST LOUIS,IL,85.0,2,Day,Clear,Yard,Freight Train,9,69336,0,310354,S011,38.588576000000003,-90.127866999999995
CSX,000198408,2021-06-22,3:20 PM,Derailment,0,BESSEMER,AL,82.0,2,Day,Clear,Main,Freight Train,8,82561,0,82561,M405,33.412063000000003,-86.967247
UP,0622MA032,2022-06-24,9:15 AM,Derailment,0,NEWPORT,AR,82.0,2,Day,Clear,Yard,Yard/switching,7,6188,5250,11438,H503,35.611283,-91.278661
CSX,000185109,2019-09-03,7:21 PM,Derailment,0,BIRMINGHAM,AL,85.0,3,Dusk,Clear,Yard,Yard/switching,4,31506,1576,33082,S011,33.543607000000002,-86.790088999999995
CSX,000195785,2021-02-17,2:10 PM,Obstruction,0,HARTSELLE,AL,34.0,2,Day,Cloudy,Main,Freight Train,47,14621,0,14621,M404,34.495922999999998,-86.959552000000002
NS,141417,2021-05-02,9:45 AM,Derailment,0,IRONDALE,AL,70.0,2,Day,Cloudy,Yard,Yard/switching,7,2650,17788,20438,H504,33.548904999999998,-86.678009000000003
UP,0715PR018,2015-07-29,10:00 AM,Derailment,0,NORTHLAKE,IL,89.0,2,Day,Clear,Yard,Single Car,0,73567,0,185657,M411,41.909337000000001,-87.915128999999993
UP,0318LK011,2018-03-02,5:02 AM,Other impacts,0,PINE BLUFF,AR,50.0,4,Dark,Cloudy,Yard,Single Car,0,3614,0,13475,S007,34.243630000000003,-91.944833000000003
NS,153181,2023-05-26,5:45 AM,Side collision,0,CHICAGO,IL,50.0,1,Dawn,Clear,Yard,Cut of cars,6,13800,0,14300,H702,41.707776000000003,-87.573431999999997
IHB,2806,2023-02-04,5:15 AM,Raking collision,0,HAMMOND,IN,13.0,4,Dark,Clear,Yard,Yard/switching,6,5000,4632,17593,T220,41.613190000000003,-87.499849999999995
CSX,000195129,2021-01-20,8:08 PM,Side collision,0,FLATWOODS,KY,28.0,4,Dark,Clear,Yard,Cut of cars,0,0,0,86420,H307,38.540045999999997,-82.712368999999995
CSX,000187135,2019-12-14,8:30 AM,Side collision,0,INDIANAPOLIS,IN,42.0,2,Day,Cloudy,Yard,Yard/switching,2,31776,0,47920,H306,39.759791,-86.327526000000006
UP,1021MA030,2021-10-13,7:00 AM,Other (describe in narrative),0,PINE BLUFF,AR,74.0,2,Day,Cloudy,Yard,Single Car,0,44719,33,44752,M201,34.253112999999999,-91.936263999999994
UP,1017LK003,2017-10-02,6:10 AM,Derailment,0,TEXARKANA,AR,85.0,1,Dawn,Clear,Siding,Cut of cars,0,2373,0,212917,E34C,33.420951000000002,-94.030359000000004
UP,0417LK005,2017-04-07,7:21 PM,Derailment,0,NORTH LITTLE ROCK,AR,74.0,2,Day,Clear,Yard,Single Car,0,516,0,304336,M405,34.763995999999999,-92.260131000000001
UP,1015SL012,2015-10-20,7:00 PM,Other impacts,0,ST LOUIS,MO,75.0,3,Dusk,Clear,Yard,Yard/switching,4,1890,0,14005,H310,38.605691,-90.193881000000005
UP,0322LA011,2022-03-16,10:05 AM,Derailment,0,RIO RICO,AZ,49.0,2,Day,Clear,Main,Freight Train,2,24678,82935,107613,H306,31.458444,-110.97084700000001
NS,138385,2020-07-01,5:35 AM,Side collision,0,ELKHART,IN,75.0,1,Dawn,Clear,Yard,Yard/switching,4,1661,0,87736,H706,41.67736,-85.978494999999995
BNSF,SF0915110,2015-09-22,1:31 AM,Derailment,0,BLYTHEVILLE,AR,57.0,4,Dark,Clear,Main,Freight Train,12,20000,164704,184704,H607,35.912225999999997,-89.905478000000002
UP,0821MA010,2021-08-09,11:05 AM,Other impacts,0,NORTH LITTLE ROCK,AR,89.0,2,Day,Clear,Yard,Yard/switching,0,23446,33,26214,M407,34.775278999999998,-92.221879000000001
UP,0517LK031,2017-05-20,8:20 AM,Obstruction,0,KENSETT,AR,70.0,2,Day,Cloudy,Main,Freight Train,47,15336,0,15336,M404,35.215519,-91.689372000000006
ATK,169741,2022-02-09,4:07 AM,Obstruction,0,HAVRE DE GRACE,MD,22.0,4,Dark,Clear,Main,Spec. MoW Equip.,32,300000,0,1600000,H699,39.542715999999999,-76.107697999999999
UP,0316LK012,2016-03-15,3:00 PM,Raking collision,0,NORTH LITTLE ROCK,AR,70.0,2,Day,Clear,Yard,Single Car,1,11633,0,12622,S016,34.763821,-92.260121999999996