reportingrailroadcode,accidentnumber,date,time,accidenttype,hazmatreleasedcars,station,stateabbr,temperature,visibility_code,visibility,weathercondition,tracktype,equipmenttype,trainspeed,equipmentdamagecost,trackdamagecost,totaldamagecost,primaryaccidentcausecode,latitude,longitude
UP,0415PR031,2015-04-22,12:27 PM,Other (describe in narrative),0,NORTHLAKE,IL,65.0,2,Day,Clear,Yard,Single Car,10,12964,0,12964,H601,41.894928999999998,-87.898257999999998
UP,0218LK032,2018-02-21,9:16 AM,Other impacts,0,NORTH LITTLE ROCK,AR,49.0,2,Day,Rain,Yard,Yard/switching,10,0,33,14982,S016,34.773960000000002,-92.223348999999999
UP,0824MA024,2024-08-20,12:40 PM,Hwy-rail crossing,0,NORTH LITTLE ROCK,AR,83.0,2,Day,Clear,Main,Freight Train,25,3000,10167,13167,M303,34.823692000000001,-92.325209999999998
BNSF,TC0316106,2016-03-25,4:22 AM,Other (describe in narrative),0,FRIDLEY,MN,30.0,1,Dawn,Clear,Yard,Yard/switching,5,15000,0,15000,M407,45.046669999999999,-93.273685999999998
UP,0316WH006,2016-03-17,8:50 PM,Other impacts,0,PARSONS,KS,51.0,4,Dark,Clear,Yard,Yard/switching,10,135782,60171,239214,H306,37.334204,-95.262964999999994
UP,0717LK017,2017-07-08,10:00 PM,Obstruction,0,PINE BLUFF,AR,80.0,4,Dark,Cloudy,Yard,Single Car,0,14895,0,27402,E12C,34.243237999999998,-91.945398999999995
IR,IR140933,2014-12-16,10:13 AM,Derailment,0,OREGON,IL,34.0,2,Day,Cloudy,Yard,Cut of cars,4,20000,0,30000,T222,42.001458999999997,-89.334701999999993
BNSF,SF0116112,2016-01-23,9:49 PM,Derailment,0,NEOSHO,MO,30.0,4,Dark,Clear,Main,Freight Train,17,27017,1500,28517,E21C,36.915368999999998,-94.343742000000006
UP,0715PR007,2015-07-15,7:17 PM,Other impacts,0,NORTHLAKE,IL,70.0,4,Dark,Cloudy,Yard,Yard/switching,4,14253,792,18790,M411,41.893904999999997,-87.889093000000003
WC,973757,2018-09-22,3:45 PM,Fire/violent rupture,0,IRON,MN,50.0,2,Day,Clear,Main,Freight Train,30,12465,0,12465,E71L,47.450485,-92.608795000000001
BNSF,TC0318111,2018-03-23,5:15 AM,Derailment,0,MINNEAPOLIS,MN,32.0,1,Dawn,Cloudy,Yard,Yard/switching,2,900,11000,11900,M411,45.033887999999997,-93.272400000000005
BRC,13547,2015-03-22,5:38 PM,Other impacts,0,BEDFORD PARK,IL,40.0,2,Day,Clear,Yard,Cut of cars,4,35416,3065,56737,H999,41.759573000000003,-87.764427999999995
UP,0616KC011,2016-06-22,12:15 AM,Derailment,0,KANSAS CITY,MO,83.0,4,Dark,Clear,Yard,Light loco(s),5,17810,4359,22169,H303,39.120801,-94.544624999999996
UP,0920MA008,2020-09-07,5:50 AM,Other (describe in narrative),0,CHESTER,IL,64.0,1,Dawn,Clear,Siding,Yard/switching,10,0,49310,49310,S104,37.881481999999998,-89.786435999999995
ATK,163051,2020-02-06,5:20 AM,Obstruction,0,EMMET,AR,34.0,1,Dawn,Cloudy,Main,Passenger Train - Pulling,70,10904,0,10904,M404,33.743966,-93.453835999999995
UP,0818ST021,2016-08-28,6:30 AM,Derailment,0,PHOENIX,AZ,85.0,1,Dawn,Clear,Main,Freight Train,10,4000,37332,41332,M409,33.449460000000002,-112.08301299999999
UP,1215LK004,2015-12-07,9:30 PM,Derailment,0,MARION,AR,53.0,4,Dark,Cloudy,Yard,Light loco(s),4,39725,5700,45425,H306,35.195934000000001,-90.254149999999996
UP,1122GC001,2022-11-01,8:25 AM,Derailment,0,WESTWEGO,LA,68.0,2,Day,Cloudy,Yard,Freight Train,0,2928,38733,206661,H702,29.915220000000001,-90.165800000000004
KCS,15011201,2015-01-12,5:33 AM,Derailment,0,HATFIELD,AR,34.0,4,Dark,Rain,Main,Freight Train,28,11613,84000,95613,E67C,34.476939000000002,-94.379548
LRPA,2016001,2016-07-21,4:55 AM,Derailment,0,LITTLE ROCK,AR,85.0,4,Dark,Cloudy,Industry,,0,0,11000,20292,H524,34.717824999999998,-92.237399999999994
UP,0516KC014,2016-05-27,11:15 AM,Derailment,0,KANSAS CITY,MO,81.0,2,Day,Cloudy,Main,Freight Train,4,78459,185720,264179,H518,39.110290999999997,-94.500675000000001
CSX,000187829,2020-01-12,6:33 PM,Obstruction,0,ALPINE,AL,60.0,3,Dusk,Rain,Main,Freight Train,30,122564,48,122612,M404,33.397446000000002,-86.331681000000003
IC,985968,2019-01-29,5:30 AM,Other impacts,0,CHICAGO,IL,10.0,1,Dawn,Snow,Yard,Yard/switching,2,21797,64,21861,H318,41.804502999999997,-87.780161000000007
CRSH,134743,2019-07-17,1:10 AM,Derailment,0,DETROIT,MI,74.0,4,Dark,Rain,Yard,Freight Train,0,34896,44551,84586,H503,42.322153999999998,-83.122508999999994
UP,1116ST001,2016-11-05,6:28 AM,Derailment,0,PHOENIX,AZ,64.0,4,Dark,Clear,Main,Freight Train,4,3080,18954,22034,H702,33.444243999999998,-112.073753
AKMD,AKM527419,2019-02-20,1:43 AM,Derailment,0,MALVERN,AR,40.0,4,Dark,Clear,Yard,,0,0,400,56261,M506,34.365690000000001,-92.816703000000004
UP,1121HL007,2021-11-14,8:11 AM,Other impacts,0,PARSONS,KS,39.0,2,Day,Clear,Yard,Freight Train,5,16621,0,59960,H306,37.362986999999997,-95.275672999999998
KCS,18062701,2018-06-27,3:15 AM,Derailment,0,SHREVEPORT,LA,89.0,4,Dark,Clear,Yard,Freight Train,6,13943,50495,64438,H702,32.526318000000003,-93.825434000000001
UP,0519PR004,2019-05-24,5:00 PM,Derailment,0,MELROSE PARK,IL,69.0,2,Day,Cloudy,Yard,Yard/switching,4,237650,71927,341290,E64C,41.897181000000003,-87.898432999999997
CP,1000946766,2019-02-28,10:00 AM,Other impacts,0,KANSAS CITY,MO,23.0,2,Day,Cloudy,Yard,Yard/switching,4,10000,0,36000,H020,39.128760999999997,-94.517204000000007
CSX,000166027,2017-01-15,5:45 AM,Other impacts,0,WALDORF,MD,38.0,4,Dark,Clear,Industry,Cut of cars,1,18972,350,32572,M504,38.555844999999998,-76.800848000000002
IC,1702199,2024-08-30,6:14 PM,Side collision,0,BATON ROUGE,LA,86.0,2,Day,Cloudy,Yard,Cut of cars,2,25000,0,46329,H318,30.465382999999999,-91.189220000000006
UP,0115ES003,2015-01-16,12:30 PM,Obstruction,0,ALMA,AR,50.0,2,Day,Clear,Main,Work train,12,5000,0,86000,H307,35.457504999999998,-94.275266999999999
BNSF,TC1115116,2015-11-11,5:30 PM,Other (describe in narrative),0,FRIDLEY,MN,52.0,2,Day,Rain,Yard,Yard/switching,5,11515,0,11515,M411,45.038513000000002,-93.272873000000004
BNSF,TC1015128,2015-10-24,5:30 AM,Derailment,0,ST PAUL,MN,50.0,1,Dawn,Rain,Yard,Freight Train,5,10020,4800,14820,H607,44.968823999999998,-93.157612
NS,140904,2021-03-12,6:30 AM,Derailment,0,IRONDALE,AL,60.0,1,Dawn,Clear,Yard,Yard/switching,4,18273,16808,35081,H504,33.548904999999998,-86.678009000000003
UP,1116LK007,2016-11-11,7:48 PM,Raking collision,0,NORTH LITTLE ROCK,AR,55.0,4,Dark,Clear,Yard,Yard/switching,3,72954,0,78359,H302,34.775872999999997,-92.221286000000006
UP,0318KC023,2018-03-15,9:30 AM,Derailment,0,POLO,MO,50.0,2,Day,Clear,Main,Spec. MoW Equip.,3,159,11764,11923,H702,39.591830000000002,-94.012033000000002
UP,0116LK020,2016-01-22,9:40 AM,Other impacts,0,NORTH LITTLE ROCK,AR,32.0,2,Day,Clear,Yard,Single Car,0,516,0,42580,M411,34.763821,-92.260121999999996
UP,1015SL012,2015-10-20,7:00 PM,Other impacts,0,ST LOUIS,MO,75.0,3,Dusk,Clear,Yard,Single Car,5,12115,0,14005,H310,38.605691,-90.193881000000005
BNSF,TC0219110,2019-02-16,11:25 AM,Derailment,0,BROOKSTON,MN,18.0,2,Day,Cloudy,Main,Freight Train,39,2184224,116919,2301143,E61C,46.774329999999999,-92.484949999999998
BNSF,TC0618103,2018-06-13,8:20 AM,Derailment,0,MINNEAPOLIS,MN,67.0,1,Dawn,Clear,Yard,Yard/switching,5,4524,21500,26024,H506,45.040112999999998,-93.270135999999994
BNSF,HL0722107,2022-07-12,8:30 AM,Derailment,0,ST  JOSEPH,MO,75.0,1,Dawn,Clear,Yard,Yard/switching,4,6949,10729,17678,H318,39.722059999999999,-94.865767000000005
RTDC,131119,2020-02-24,4:59 AM,Side collision,0,DENVER,CO,38.0,4,Dark,Clear,Yard,EMU,0,15000,0,15250,M405,39.789819999999999,-104.99592
UP,0318LK011,2018-03-02,5:02 AM,Other impacts,0,PINE BLUFF,AR,50.0,4,Dark,Cloudy,Yard,Yard/switching,16,9828,33,13475,S007,34.243630000000003,-91.944833000000003
BNSF,TC0318107,2018-03-10,8:02 PM,Derailment,0,GRAND RAPIDS,MN,30.0,3,Dusk,Clear,Yard,Light loco(s),10,3300,15572,18872,H307,47.204020999999997,-93.440061
NOPB,NOPB0084F,2024-08-14,10:30 PM,Side collision,0,METAIRE,LA,85.0,4,Dark,Clear,Yard,Yard/switching,4,18000,0,18000,H302,29.962,-90.182850000000002
BNSF,SF0816113,2016-08-24,7:05 PM,Derailment,0,JONESBORO,AR,80.0,2,Day,Clear,Yard,Yard/switching,4,4500,23500,28000,H307,35.843425000000003,-90.705397000000005
ABS,200524001,2020-05-24,3:15 AM,Derailment,0,REFORM,AL,68.0,4,Dark,Clear,Main,Freight Train,11,13640,0,13640,M404,33.348861999999997,-87.955016999999998
UP,0121LA026,2021-01-25,12:21 PM,Other (describe in narrative),0,CASA GRANDE,AZ,53.0,2,Day,Rain,Yard,Freight Train,10,11917,466,12383,H318,32.891331000000001,-111.78087499999999
BNSF,HL0724113,2024-07-14,1:40 AM,Derailment,0,BLYTHEVILLE,AR,78.0,4,Dark,Clear,Yard,Freight Train,6,621,48190,48811,H607,35.920952999999997,-89.826798999999994
KCS,20030902,2020-03-09,2:20 AM,Derailment,0,BATON ROUGE,LA,48.0,4,Dark,Cloudy,Industry,Cut of cars,0,976,0,12994,H306,30.56251,-91.212556000000006
NS,135453,2019-09-11,9:15 AM,Derailment,0,IRONDALE,AL,92.0,2,Day,Clear,Yard,Freight Train,3,3857,12000,15857,H504,33.548904999999998,-86.67801
NS,129398,2018-05-08,10:15 PM,Derailment,0,IRONDALE,AL,65.0,4,Dark,Clear,Yard,Cut of cars,5,9300,0,11400,H020,33.548904999999998,-86.67801
UP,0115LK020,2015-01-24,8:11 AM,Derailment,0,TEXARKANA,AR,31.0,2,Day,Cloudy,Yard,Yard/switching,6,1108,12216,13324,T219,33.418560999999997,-94.037689
RTDC,2015001,2015-07-16,4:25 AM,Derailment,0,DENVER,CO,65.0,1,Dawn,Clear,Main,,0,0,34900,57900,H306,39.758937000000003,-104.994749
UP,0220MA016,2020-02-13,7:05 AM,Other impacts,0,NORTH LITTLE ROCK,AR,39.0,1,Dawn,Cloudy,Yard,Yard/switching,2,24101,0,63018,M407,34.774174000000002,-92.223459000000005
UP,0415LK016,2015-04-14,4:34 AM,Derailment,0,NORTH LITTLE ROCK,AR,65.0,1,Dawn,Cloudy,Yard,Single Car,0,150,19230,19530,M411,34.774303000000003,-92.226251000000005
UP,0420MA030,2020-04-29,7:30 AM,Obstruction,0,GURDON,AR,63.0,2,Day,Cloudy,Main,Freight Train,40,16250,0,16250,M404,33.865350999999997,-93.279955000000001
BNSF,HL0319201,2019-03-19,8:15 PM,Hwy-rail crossing,0,BAY,AR,58.0,3,Dusk,Clear,Main,Freight Train,58,75000,500,75500,M302,35.767496000000001,-90.590901000000002
GDLK,180102003,2018-01-02,2:00 PM,Hwy-rail crossing,0,THREE RIVERS,MI,8.0,2,Day,Clear,Main,Freight Train,25,1140,27335,28475,M302,41.954695000000001,-85.639436000000003
KAW,220528001,2022-05-28,12:15 AM,Obstruction,0,KANSAS CITY,MO,80.0,4,Dark,Clear,Industry,Cut of cars,0,27500,20000,869635,H499,39.09384,-94.540239999999997
MNA,MNA666920,2020-09-28,12:35 PM,Derailment,0,AURORA,MO,70.0,2,Day,Clear,Yard,Light loco(s),4,250,0,15250,H702,36.976640000000003,-93.724453999999994
NS,135566,2019-09-20,6:20 AM,Derailment,0,DECATUR,IL,72.0,1,Dawn,Clear,Yard,Yard/switching,4,7525,78825,86350,H318,39.858894999999997,-88.896691000000004
CSX,000188951,2020-03-07,4:45 AM,Derailment,0,FLOMATON,AL,38.0,1,Dawn,Clear,Main,Freight Train,5,20421,36260,56681,E23C,30.999537,-87.256825000000006
UP,0819ST015,2019-08-13,12:40 AM,Derailment,0,TUCSON,AZ,87.0,4,Dark,Clear,Yard,Cut of cars,0,146941,0,597083,H601,32.198078000000002,-110.92986000000001
UP,0715PR019,2015-07-27,1:12 PM,Other (describe in narrative),0,NORTHLAKE,IL,65.0,2,Day,Clear,Yard,Cut of cars,10,68508,0,68508,H601,41.895952999999999,-87.907422999999994
UP,1017LK031,2017-10-25,7:03 PM,Derailment,0,PINE BLUFF,AR,55.0,4,Dark,Clear,Yard,Yard/switching,7,23016,2200,25216,T220,34.237597999999998,-91.950749999999999
CSX,000177335,2018-07-01,1:22 PM,Other impacts,0,FAIRBURN,GA,83.0,2,Day,Cloudy,Main,Cut of cars,6,6590,80,17968,H302,33.548605000000002,-84.544719000000001
CSX,000165516,2016-12-28,11:20 AM,Other impacts,0,HAGERSTOWN,MD,50.0,2,Day,Cloudy,Yard,Cut of cars,0,0,0,15425,M599,39.644146999999997,-77.729465000000005
CSX,000187135,2019-12-14,8:30 AM,Side collision,0,INDIANAPOLIS,IN,42.0,2,Day,Cloudy,Yard,Yard/switching,2,15894,250,47920,H306,39.759791,-86.327526000000006
NS,136875,2020-01-18,3:50 PM,Other impacts,0,ELKHART,IN,13.0,2,Day,Cloudy,Yard,Yard/switching,0,15570,11439,63989,M408,41.67736,-85.978494999999995
UP,0416KC001,2016-04-04,3:39 AM,Derailment,0,KANSAS CITY,MO,50.0,4,Dark,Clear,Yard,Freight Train,0,26455,0,71008,H306,39.124893,-94.517968999999994
CSX,000195208,2021-01-24,6:30 AM,Derailment,0,EVANSVILLE,IN,30.0,4,Dark,Rain,Yard,Freight Train,6,16407,178,16585,H704,37.962372000000002,-87.609363000000002
UP,0816DV024,2016-08-25,8:53 AM,Other impacts,0,WINTER PARK,CO,80.0,2,Day,Clear,Yard,Single Car,0,11430,0,11430,M411,39.796478999999998,-104.953429
UP,0123MA030,2023-01-02,7:25 PM,Other impacts,0,NORTH LITTLE ROCK,AR,69.0,3,Dusk,Rain,Yard,Yard/switching,5,17356,1300,22785,M407,34.774762000000003,-92.222020999999998
UP,1117TC011,2017-11-14,12:45 AM,Derailment,0,MANKATO,MN,45.0,4,Dark,Cloudy,Yard,Cut of cars,0,6684,0,24685,H702,44.211261999999998,-93.985217000000006
EARY,EAR653820,2020-08-29,3:16 PM,Derailment,0,TALLADEGA,AL,90.0,2,Day,Clear,Main,,0,0,110607,271991,T220,33.430647999999998,-86.110167000000004
UP,0719MA036,2019-07-19,6:39 AM,Hwy-rail crossing,0,WALDO,AR,75.0,1,Dawn,Clear,Main,Freight Train,48,13689,99,13788,M399,33.348806000000003,-93.273899999999998
ATK,163289,2020-02-28,3:34 PM,Obstruction,0,MOUNDVILLE,AL,57.0,2,Day,Clear,Main,Passenger Train - Pulling,59,46137,0,46137,M404,33.012515,-87.615127999999999
UP,1216LK006,2016-12-02,4:30 PM,Derailment,0,ALTHEIMER,AR,55.0,2,Day,Clear,Main,Freight Train,37,693005,470869,1163874,T211,34.324216999999997,-91.843137999999996
UP,0115LK001,2015-01-05,8:30 AM,Side collision,0,PINE BLUFF,AR,30.0,2,Day,Cloudy,Yard,Yard/switching,4,8241,0,15304,H607,34.232616999999998,-91.958758000000003
CP,1001552197,2021-08-25,5:08 PM,Side collision,0,ST PAUL,MN,82.0,2,Day,Clear,Main,Freight Train,21,275646,0,648137,H221,44.949669999999998,-93.072880999999995
BNSF,TC1120105,2020-11-12,5:50 AM,Derailment,0,FRIDLEY,MN,20.0,1,Dawn,Clear,Yard,Yard/switching,2,14382,25000,39382,H599,45.046267999999998,-93.273024000000007
BRC,014534,2022-04-28,6:40 PM,Derailment,0,BEDFORD PARK,IL,35.0,3,Dusk,Cloudy,Yard,Yard/switching,7,25189,4000,29189,H399,41.76735,-87.757350000000002
UP,1021MA039,2021-10-23,11:25 AM,Other impacts,0,NORTH LITTLE ROCK,AR,73.0,2,Day,Cloudy,Yard,Single Car,3,131137,0,138038,S016,34.775165999999999,-92.221825999999993
NS,129419,2018-05-10,12:05 PM,Raking collision,0,IRONDALE,AL,88.0,2,Day,Clear,Yard,Freight Train,8,150092,0,231503,H305,33.548904999999998,-86.67801
BNSF,CH0319102,2019-03-10,10:38 PM,Derailment,0,GALVA,IL,30.0,4,Dark,Clear,Industry,Light loco(s),7,14000,0,14000,H607,41.173926999999999,-90.026409999999998
UP,0622MA023,2022-06-17,11:29 AM,Derailment,0,PINE BLUFF,AR,92.0,2,Day,Clear,Yard,Yard/switching,4,50744,407,51151,M405,34.249726000000003,-91.940033999999997
BNSF,TC1015121,2015-10-23,12:58 PM,Derailment,0,ST PAUL,MN,46.0,2,Day,Rain,Main,,0,0,38200,39191,H504,44.965515000000003,-93.087474
UP,0121HL011,2021-01-18,7:55 AM,Other impacts,0,KANSAS CITY,KS,30.0,1,Dawn,Cloudy,Yard,Yard/switching,3,24241,0,25964,H318,39.094746999999998,-94.653239999999997
NS,135212,2019-08-23,11:30 AM,Other impacts,0,OAKLEY,IL,82.0,2,Day,Clear,Yard,Freight Train,8,44512,0,142278,H306,39.862597999999998,-88.881304999999998
LIRC,0603202001,2020-06-03,12:35 PM,Hwy-rail crossing,0,COLUMBUS,IN,85.0,2,Day,Clear,Main,,0,0,55000,56271,M308,39.253208999999998,-85.940432999999999
ATK,142342,2016-05-10,12:20 PM,Derailment,0,MALVERN,AR,80.0,2,Day,Clear,Main,Passenger Train - Pulling,10,22000,0,66789,S011,34.383966000000001,-92.725583999999998
UP,1019ST013,2019-10-12,5:15 PM,Derailment,0,TUCSON,AZ,88.0,2,Day,Clear,Industry,Yard/switching,10,21281,150,21431,H599,32.195127999999997,-110.929834
AM,AM071817,2017-07-18,2:10 PM,Derailment,0,VAN BUREN,AR,94.0,2,Day,Clear,Yard,Freight Train,10,5000,10518,15518,E49C,35.432623,-94.355900000000005
CSX,000192444,2020-09-04,7:35 AM,Hwy-rail crossing,0,ELIZABETHTOWN,KY,70.0,1,Dawn,Cloudy,Main,Freight Train,22,23855,200,24055,M303,37.647027999999999,-85.903077999999994
KCS,14113001,2014-11-30,11:00 AM,Derailment,0,MERIDIAN,MS,65.0,2,Day,Cloudy,Yard,Yard/switching,3,5871,4734,10605,M411,32.356717000000003,-88.719166999999999
UP,0816ST018,2016-08-22,1:00 PM,Derailment,0,PHOENIX,AZ,105.0,2,Day,Clear,Siding,Spec. MoW Equip.,5,16830,0,16830,H997,33.443052000000002,-112.09177699999999
UP,0618TC013,2018-06-12,2:15 AM,Derailment,0,SOUTH ST PAUL,MN,66.0,4,Dark,Cloudy,Yard,Yard/switching,10,10469,5611,16080,E67C,44.906509999999997,-93.04571
GIMY,GIM682320,2020-10-29,9:25 AM,Other impacts,0,GARDEN CITY,GA,82.0,2,Day,Cloudy,Yard,Cut of cars,0,0,0,42000,H702,32.027718,-81.148849999999996
BNSF,TC0619102,2019-06-06,2:32 PM,Other (describe in narrative),0,MINNEAPOLIS,MN,90.0,2,Day,Clear,Main,,0,0,21700,21700,H403,44.992511999999998,-93.250636
CSX,000177196,2018-06-25,12:45 PM,Obstruction,0,ST ELMO,IL,80.0,2,Day,Clear,Siding,Spec. MoW Equip.,20,10000,0,20000,H102,39.038072,-88.823836999999997
BNSF,NW0720109,2020-07-18,2:10 PM,Derailment,0,RATHDRUM,ID,80.0,2,Day,Clear,Yard,Freight Train,2,6900,3940,10840,H318,47.776721999999999,-116.955214
NS,132413,2019-01-14,7:06 AM,Other (describe in narrative),0,CHICAGO,IL,24.0,1,Dawn,Clear,Yard,,0,0,30980,70980,H607,41.820805,-87.673669000000004
UP,0120MA016,2020-01-18,8:00 PM,Other impacts,0,PINE BLUFF,AR,47.0,4,Dark,Clear,Yard,Light loco(s),7,0,183,23716,H017,34.252794999999999,-91.936677000000003
CSX,000212251,2023-07-10,7:30 PM,Derailment,0,JACKSONVILLE,FL,81.0,3,Dusk,Clear,Yard,Freight Train,3,11401,3715,15116,H702,30.383475000000001,-81.768294999999995
NS,140613,2021-02-16,1:50 AM,Other impacts,0,ATLANTA,GA,36.0,4,Dark,Clear,Yard,Yard/switching,4,10296,0,20652,H601,33.793526999999997,-84.444462000000001
UP,0118PR012,2018-01-15,9:00 PM,Other (describe in narrative),0,MELROSE PARK,IL,24.0,4,Dark,Cloudy,Yard,Single Car,3,13675,0,13675,M411,41.899445,-87.907678000000004
BRC,14609,2023-02-24,5:30 PM,Other impacts,1,BEDFORD PARK,IL,26.0,2,Day,Clear,Yard,Yard/switching,15,358807,100000,458807,H523,41.767499999999998,-87.776110000000003
ATK,135648,2014-12-19,2:13 AM,Derailment,0,"WASHINGTON, DC",DC,37.0,4,Dark,Cloudy,Yard,Light loco(s),3,9706,1935,11641,H702,38.899199000000003,-77.004718999999994
CSX,000176265,2018-05-08,7:25 AM,Derailment,0,PORT HURON,MI,55.0,1,Dawn,Clear,Yard,,0,0,8910,19323,H702,42.972512000000002,-82.420641000000003
UP,0819RM030,2019-08-24,8:51 PM,Hwy-rail crossing,0,BANCROFT,ID,81.0,4,Dark,Clear,Main,Freight Train,60,59402,200,59602,M302,42.680011,-111.789006
UP,0818PR008,2018-08-13,1:30 PM,Derailment,0,BEDFORD PARK,IL,85.0,2,Day,Clear,Industry,Freight Train,3,260342,0,266147,T221,41.765833000000001,-87.763733000000002
UP,0319MA015,2019-03-09,8:00 PM,Derailment,0,PINE BLUFF,AR,59.0,4,Dark,Clear,Yard,Yard/switching,6,6881,40497,47378,E07C,34.249068999999999,-91.940578000000002
UP,0515CB003,2015-05-08,1:00 AM,Obstruction,0,COUNCIL BLUFFS,IA,60.0,4,Dark,Cloudy,Main,Freight Train,0,10212,750,10962,M101,41.294165,-95.859581000000006
BNSF,MT0320109,2020-03-13,11:41 PM,Obstruction,0,SANDPOINT,ID,21.0,4,Dark,Snow,Main,,0,0,0,13692,M404,48.330630999999997,-116.56025699999999
ATK,147263,2017-04-30,7:48 AM,Obstruction,0,SHIPMAN,IL,52.0,2,Day,Rain,Main,Passenger Train - Pulling,55,29734,0,29734,M404,39.182921999999998,-89.969143000000003
NS,120161,2016-04-16,12:15 PM,Side collision,0,DORAVILLE,GA,65.0,2,Day,Cloudy,Yard,Freight Train,0,1320,0,30929,H307,33.899959000000003,-84.285000999999994
UP,0418LK023,2018-04-15,12:50 AM,Derailment,0,PINE BLUFF,AR,44.0,4,Dark,Cloudy,Yard,Cut of cars,0,58527,0,330148,T221,34.248559999999998,-91.939274999999995
NS,122858,2016-11-22,5:20 PM,Derailment,0,DECATUR,IL,42.0,3,Dusk,Cloudy,Yard,Yard/switching,7,3285,0,44453,H210,39.858894999999997,-88.896691000000004
EIRR,190130008,2019-01-30,1:00 PM,Derailment,0,REXBURG,ID,25.0,2,Day,Snow,Main,Light loco(s),25,36000,0,36000,M101,43.765295999999999,-111.719194
NS,131858,2018-11-29,9:45 AM,Hwy-rail crossing,0,HAZLEHURST,GA,68.0,2,Day,Clear,Main,Freight Train,35,15881,10824,26705,M302,31.858014000000001,-82.579335
UP,0219MA045,2019-02-25,2:35 AM,Derailment,0,NORTH LITTLE ROCK,AR,33.0,4,Dark,Clear,Yard,Yard/switching,4,500,49178,49678,H702,34.770189999999999,-92.235545999999999
UP,0319MA008,2019-03-05,5:20 AM,Obstruction,0,PINE BLUFF,AR,26.0,1,Dawn,Clear,Yard,Freight Train,5,1758,34205,35963,M404,34.234611999999998,-91.953215999999998
ALS,0623AS002,2023-06-05,6:35 AM,Derailment,0,EAST ST LOUIS,IL,82.0,1,Dawn,Clear,Yard,Freight Train,4,17750,15860,33610,M204,38.594599000000002,-90.146495999999999
BNSF,CH1218113,2018-12-19,9:20 PM,Derailment,0,CICERO,IL,30.0,4,Dark,Clear,Yard,Light loco(s),6,35000,8000,43000,H704,41.837327999999999,-87.775329999999997
UP,0415PR025,2015-04-22,3:30 AM,Derailment,0,NORTHLAKE,IL,61.0,4,Dark,Cloudy,Yard,Yard/switching,4,1245,10510,11755,T221,41.895774000000003,-87.896484000000001
BNSF,CH1217114,2017-12-29,7:32 PM,Other (describe in narrative),0,NIOTA,IL,15.0,3,Dusk,Sleet,Main,Freight Train,2,500,14000,14500,H702,40.618940000000002,-91.282511
UP,0820MA038,2020-08-29,8:20 AM,Other impacts,0,NORTH LITTLE ROCK,AR,78.0,2,Day,Cloudy,Yard,Yard/switching,4,12540,0,19878,S016,34.774898999999998,-92.222224999999995
UP,0419MA054,2019-04-21,5:25 PM,Obstruction,0,NORTH LITTLE ROCK,AR,79.0,2,Day,Clear,Yard,Yard/switching,4,17374,9680,27054,M410,34.775610999999998,-92.221500000000006
NS,120179,2016-04-18,9:05 AM,Derailment,0,DECATUR,IL,58.0,2,Day,Clear,Yard,Yard/switching,7,7500,3722,11222,E04C,39.852181999999999,-88.918342999999993
UP,0618PR008,2018-06-04,5:04 AM,Fire/violent rupture,0,MALTA,IL,51.0,1,Dawn,Clear,Main,Freight Train,45,269754,0,269754,M406,41.930413000000001,-88.863802000000007
WC,942222X,2017-11-18,7:24 AM,Side collision,0,JOLIET,IL,41.0,1,Dawn,Rain,Yard,Cut of cars,0,19000,135,22635,H307,41.540329999999997,-88.060288
IAIS,202329,2023-07-06,11:30 AM,Derailment,0,DES MOINES,IA,75.0,2,Day,Clear,Yard,,0,0,68785,137570,E07C,41.585290999999998,-93.542869999999994
UP,0818LV036,2018-08-28,4:24 PM,Derailment,0,LOTTIE,LA,81.0,2,Day,Clear,Main,Freight Train,4,37199,303416,340615,H702,30.544255,-91.568884999999995
BNSF,PR0917110,2017-09-20,6:15 PM,Derailment,0,STERLING,CO,72.0,3,Dusk,Clear,Yard,Cut of cars,5,9762,1500,11262,H020,40.641236999999997,-103.19239399999999
CSX,000158757,2016-04-05,4:25 AM,Other impacts,0,FAIRBURN,GA,50.0,4,Dark,Clear,Industry,Single Car,10,89395,0,129259,M501,33.536476999999998,-84.639516
FEC,D47081323,2023-08-13,11:15 PM,Derailment,0,HIALEAH,FL,85.0,4,Dark,Clear,Yard,Yard/switching,3,7400,16000,23400,M411,25.816230999999998,-80.308774999999997
CSX,000183611,2019-06-14,3:45 PM,Other (describe in narrative),0,ROSEDALE,IN,70.0,2,Day,Cloudy,Main,Freight Train,60,8000,7749,15749,E44C,39.581226000000001,-87.223444000000001
UP,1018LK032,2018-10-27,4:55 AM,Other (describe in narrative),0,PINE BLUFF,AR,45.0,1,Dawn,Clear,Yard,Yard/switching,7,24921,450,25371,S099,34.243465999999998,-91.945661999999999
BNSF,TC0217108,2017-02-12,9:20 AM,Raking collision,0,MINOT,ND,34.0,2,Day,Clear,Yard,Freight Train,10,5393,0,27393,H207,48.237409,-101.19507900000001
IC,951245,2018-02-27,2:00 AM,Other impacts,0,MARKHAM,IL,40.0,4,Dark,Clear,Yard,Freight Train,5,10200,0,23795,E08C,41.588625,-87.654032000000001
CSX,000194723,2020-12-30,4:55 PM,Obstruction,0,CONNERSVILLE,IN,41.0,3,Dusk,Cloudy,Main,Maint./inspect Car,47,80277,0,80277,H997,39.658925000000004,-85.217200000000005
NS,139476,2020-10-16,11:50 AM,Other impacts,0,GARDEN CITY,GA,72.0,2,Day,Clear,Yard,Cut of cars,0,15000,0,15500,H312,32.097940999999999,-81.167445000000001