reportingrailroadcode,accidentnumber,date,time,accidenttype,hazmatreleasedcars,station,stateabbr,temperature,visibility_code,visibility,weathercondition,tracktype,equipmenttype,trainspeed,equipmentdamagecost,trackdamagecost,totaldamagecost,primaryaccidentcausecode,latitude,longitude
NIRC,2018071077,2018-10-18,12:12 PM,Raking collision,0,CHICAGO,IL,50.0,2,Day,Clear,Yard,Light loco(s),3,5018,5691,10709,H017,41.807901999999999,-87.628964999999994
UP,0215SL006,2015-02-19,4:50 AM,Derailment,0,SALEM,IL,-5.0,4,Dark,Cloudy,Yard,Freight Train,6,40265,2178,66916,T220,38.649397999999998,-88.919916999999998
NS,145571,2022-06-17,12:05 AM,Hwy-rail crossing,0,SIMPSONVILLE,KY,76.0,4,Dark,Rain,Main,Freight Train,30,49,0,49,M303,38.206831000000001,-85.354669000000001
UP,0719MA009,2019-07-06,10:39 PM,Fire/violent rupture,0,HUMPHREY,AR,80.0,4,Dark,Clear,Main,Freight Train,50,460058,50,460108,E73L,34.423471999999997,-91.684010999999998
UP,0724GL007,2024-07-07,1:51 AM,Derailment,0,NEVADA,IA,66.0,4,Dark,Clear,Main,Freight Train,5,27503,1750,29253,E53C,42.015360000000001,-93.444540000000003
UP,0219MA035,2019-02-19,1:27 AM,Derailment,0,PINE BLUFF,AR,36.0,4,Dark,Cloudy,Yard,Yard/switching,10,80592,1530,82471,M411,34.247248999999996,-91.942313999999996
CP,1000170207,2015-02-04,11:20 AM,Derailment,7,SHERRILL,IA,16.0,2,Day,Clear,Main,Freight Train,24,954289,10911,965200,T220,42.66187,-90.848789999999994
UP,1018LK033,2018-10-29,8:48 AM,Other impacts,0,NORTH LITTLE ROCK,AR,80.0,2,Day,Clear,Yard,Yard/switching,4,487,13310,14284,M411,34.774856999999997,-92.220708999999999
UP,1120MA016,2020-11-15,1:15 AM,Derailment,0,HOXIE,AR,68.0,4,Dark,Rain,Main,Freight Train,0,13766,2650,16416,M105,36.047497999999997,-90.976748000000001
ALS,200903,2020-09-03,6:30 PM,Derailment,0,EAST ST LOUIS,IL,78.0,2,Day,Clear,Yard,Yard/switching,7,112000,2200,114200,M401,38.597521,-90.155204999999995
NECR,NEC934319A,2019-02-03,5:30 PM,Obstruction,0,CHARLESTOWN,NH,29.0,4,Dark,Snow,Main,,0,0,0,19907,M402,43.139004999999997,-72.447316999999998
BNSF,TC0115106,2015-01-13,12:45 PM,Other impacts,0,MINNEAPOLIS,MN,21.0,2,Day,Clear,Yard,Yard/switching,4,78249,0,79749,H305,45.041021999999998,-93.274277999999995
CP,1001346402,2020-10-19,2:55 PM,Other impacts,0,BENSENVILLE,IL,55.0,2,Day,Clear,Yard,Yard/switching,14,205635,0,413415,H306,41.950569000000002,-87.915062000000006
UP,0219GL022,2019-02-10,12:05 AM,Derailment,0,CLINTON,IA,22.0,4,Dark,Cloudy,Yard,Freight Train,8,120717,8875,129592,H303,41.817971999999997,-90.217247
CSX,000195310,2021-01-26,1:22 PM,Derailment,0,MIDDLETOWN,OH,41.0,2,Day,Cloudy,Industry,Freight Train,2,286565,12891,299456,H523,39.478757000000002,-84.416476000000003
UP,0515SL008,2015-05-15,3:05 AM,Obstruction,0,GRIMSBY,IL,58.0,4,Dark,Clear,Main,Freight Train,39,44105,0,44105,M101,37.767800000000001,-89.426360000000003
UP,0719RM008,2019-07-11,12:55 AM,Derailment,0,POCATELLO,ID,76.0,4,Dark,Clear,Yard,Yard/switching,10,115795,114881,230676,H306,42.878098000000001,-112.465858
NS,141346,2021-04-26,5:30 AM,Derailment,0,WILLIAMSTOWN,KY,42.0,1,Dawn,Clear,Main,Freight Train,43,10000,25768,35768,E61C,38.574936999999998,-84.585460999999995
UP,0218PR035,2018-02-26,9:28 AM,Fire/violent rupture,0,MELROSE PARK,IL,55.0,2,Day,Cloudy,Yard,Light loco(s),0,29891,0,29891,M406,41.897117000000001,-87.896476000000007
UP,0117LV050,2017-01-31,9:52 PM,Other impacts,0,LIVONIA,LA,50.0,4,Dark,Clear,Yard,Single Car,5,1336,0,21159,M411,30.520741000000001,-91.549564000000004
IC,973844,2018-09-23,2:57 PM,Hwy-rail crossing,0,SIDON,MS,74.0,2,Day,Rain,Main,Freight Train,51,6000,17830,23830,M399,33.409644,-90.207952000000006
NS,151894,2023-01-02,7:30 AM,Other impacts,0,BELLEVUE,OH,48.0,1,Dawn,Rain,Yard,Single Car,0,54131,0,194991,H312,41.288344000000002,-82.803528999999997
NS,138261,2020-06-17,9:20 AM,Hwy-rail crossing,0,DULUTH,GA,68.0,2,Day,Clear,Main,Freight Train,46,762385,271945,1034330,M303,33.986579999999996,-84.154200000000003
UP,0824MA010,2024-08-09,10:20 PM,Derailment,0,SAUGET,IL,69.0,4,Dark,Cloudy,Main,Freight Train,2,5045,99250,104295,H518,38.580272000000001,-90.166803999999999
CSX,000189869,2020-04-26,8:50 PM,Derailment,0,WAYCROSS,GA,58.0,4,Dark,Clear,Yard,Yard/switching,4,32320,195,32515,H212,31.213524,-82.353588000000002
ALS,20220613,2022-06-13,7:10 AM,Hwy-rail crossing,0,GRANITE CITY,IL,98.0,1,Dawn,Clear,Yard,Yard/switching,8,30000,0,30100,M308,38.688068999999999,-90.130932999999999
NIRC,9419001592,2023-06-30,11:15 AM,Hwy-rail crossing,0,CHICAGO,IL,87.0,2,Day,Cloudy,Main,Commuter Train - Pushing,75,12693,0,12693,M308,41.677452000000002,-87.666619999999995
CSX,000203430,2022-03-03,11:20 AM,Derailment,0,LEBANON,IN,37.0,2,Day,Cloudy,Industry,Freight Train,3,18765,20349,39114,H601,40.026288000000001,-86.480101000000005
UP,0619ES076,2019-06-20,5:15 AM,Obstruction,0,GIRARD,IL,62.0,1,Dawn,Clear,Main,Spec. MoW Equip.,3,17671,0,35461,H993,39.451113999999997,-89.775552000000005
NS,144751,2022-03-21,1:16 AM,Side collision,0,ALTOONA,PA,35.0,4,Dark,Clear,Yard,Yard/switching,1,4294,3144,82116,H306,40.517785000000003,-78.395860999999996
CP,1001249575,2020-06-04,6:49 AM,Other impacts,0,BENSENVILLE,IL,77.0,1,Dawn,Clear,Yard,Freight Train,0,68940,4789,287955,H307,41.944192000000001,-87.890234000000007
BNSF,CH1218103,2018-12-01,10:52 AM,Derailment,0,EOLA,IL,40.0,2,Day,Rain,Yard,Yard/switching,10,28705,2000,30705,E32C,41.773553,-88.257176000000001
BRC,14368,2020-06-03,10:18 PM,Derailment,0,BEDFORD PARK,IL,70.0,4,Dark,Clear,Yard,,0,0,90000,115011,H702,41.765886000000002,-87.787402999999998
UP,0620RM027,2020-06-17,8:24 PM,Derailment,0,BANCROFT,ID,44.0,4,Dark,Cloudy,Main,Freight Train,35,3304202,495741,3799943,H504,42.679938999999997,-111.78883999999999
FEC,X38081423,2023-08-14,2:38 PM,Hwy-rail crossing,0,NORTH MIAMI BEACH,FL,97.0,2,Day,Clear,Main,,0,0,333,11736,M308,25.947475000000001,-80.147559000000001
NS,140320,2021-01-20,7:50 AM,Other impacts,0,MACON,GA,52.0,1,Dawn,Clear,Yard,Yard/switching,4,51758,769,52527,H312,32.813729000000002,-83.622793000000001
UP,0320MA037,2020-03-28,3:35 PM,Other impacts,0,NORTH LITTLE ROCK,AR,73.0,2,Day,Rain,Yard,Single Car,10,38572,0,111892,M407,34.774462999999997,-92.221907999999999
BNSF,CH0219107,2019-02-08,7:18 PM,Derailment,1,JOLIET,IL,10.0,3,Dusk,Clear,Yard,Yard/switching,6,77968,191000,268968,E46C,41.546214999999997,-88.079566999999997
BNSF,CH0720203,2020-07-20,8:20 AM,Hwy-rail crossing,0,CHILLICOTHE,IA,80.0,1,Dawn,Clear,Main,Freight Train,60,626733,115847,742580,M308,41.092174999999997,-92.639959000000005
KCS,18111001,2018-11-10,10:30 AM,Derailment,0,ARTESIA,MS,45.0,2,Day,Clear,Main,,0,0,8077,18077,H525,33.426119,-88.611206999999993
UP,0518PR024,2018-05-19,9:45 AM,Derailment,0,CHICAGO,IL,65.0,2,Day,Cloudy,Yard,Yard/switching,6,1591,58744,60335,M405,41.863455000000002,-87.684901999999994
CSX,000203182,2022-02-17,9:55 AM,Derailment,0,KINGSTON,GA,58.0,2,Day,Cloudy,Main,Freight Train,35,139136,19946,159082,E61C,34.236210999999997,-84.943521000000004
BLF,20244373,2024-04-06,4:48 AM,Other (describe in narrative),0,NORTH MIAMI BEACH,FL,65.0,4,Dark,Clear,Main,Passenger Train - Pulling,79,27403,0,27653,M402,25.964034999999999,-80.147430999999997
BLF,20220624,2022-07-04,4:55 PM,Hwy-rail crossing,0,MIAMI,FL,82.0,2,Day,Clear,Main,Passenger Train - Pulling,39,12093,0,36418,M308,25.812835,-80.190498000000005
IC,981661,2018-12-14,11:35 AM,Derailment,0,HARVEY,IL,38.0,2,Day,Cloudy,Yard,Freight Train,8,55000,29409,84409,H524,41.607619,-87.644114999999999
UP,0119PN020,2019-01-17,10:00 PM,Derailment,0,NAMPA,ID,43.0,4,Dark,Rain,Yard,Yard/switching,10,83333,2132,85465,H312,43.586809000000002,-116.569175
NS,120859,2016-06-13,9:15 PM,Derailment,0,COLUMBUS,GA,80.0,4,Dark,Clear,Yard,Yard/switching,5,24469,1863,26332,H702,32.465828000000002,-84.982415000000003
BNSO,BNSO717110,2017-07-24,9:15 AM,Derailment,0,CHICAGO,IL,75.0,2,Day,Clear,Yard,Light loco(s),8,9000,0,108500,H310,41.868741,-87.637724000000006
NS,120068,2016-04-09,5:30 AM,Derailment,0,MACON,GA,60.0,1,Dawn,Clear,Yard,Yard/switching,6,36200,0,41720,H607,32.813657999999997,-83.622784999999993
ATK,136447,2015-02-20,7:55 AM,Other impacts,0,"WASHINGTON, DC",DC,8.0,1,Dawn,Clear,Yard,Light loco(s),0,19646,0,19646,H401,38.903590999999999,-77.004097000000002
FEC,X21041824,2024-04-18,11:16 AM,Hwy-rail crossing,0,MICCO,FL,84.0,2,Day,Clear,Main,,0,0,656,22656,M308,27.883617000000001,-80.505731999999995
NS,128055,2018-01-08,8:15 PM,Hwy-rail crossing,0,DURHAM,NC,41.0,4,Dark,Clear,Main,,0,0,25268,25268,M399,35.901563000000003,-78.852519999999998
UP,0517PD020,2017-05-22,3:45 AM,Derailment,0,PORTLAND,OR,56.0,4,Dark,Clear,Yard,Freight Train,1,36660,1100,37760,T221,45.496181999999997,-122.645898
CSX,000206643,2022-08-13,6:25 AM,Derailment,0,RICHMOND,KY,77.0,1,Dawn,Clear,Yard,Cut of cars,13,23279,496,23775,H316,37.844844999999999,-84.263315000000006
UP,0919GP018,2019-09-20,7:07 AM,Other impacts,0,NORTH PLATTE,NE,67.0,1,Dawn,Clear,Yard,Single Car,0,5082,792,10956,M411,41.150565,-100.81823199999999
UP,0418LK023,2018-04-15,12:50 AM,Derailment,0,PINE BLUFF,AR,44.0,4,Dark,Cloudy,Yard,Freight Train,9,192889,78732,330148,T221,34.248559999999998,-91.939274999999995
BNSF,HL1018129,2018-10-09,9:15 AM,Derailment,0,LITTLE ROCK,AR,76.0,2,Day,Clear,Main,Freight Train,9,500,0,157348,H503,34.718116000000002,-92.172500999999997
UP,1019MA010,2019-10-06,12:05 PM,Derailment,0,VAN BUREN,AR,78.0,2,Day,Cloudy,Industry,Yard/switching,7,65625,0,65625,M501,35.429853000000001,-94.353221000000005
NS,128025,2018-01-06,11:30 AM,Derailment,0,CHICAGO,IL,10.0,2,Day,Cloudy,Yard,Yard/switching,5,9700,4000,13700,M405,41.756058000000003,-87.687297999999998
BNSF,CH0219114,2019-02-16,10:23 AM,Side collision,0,CHICAGO,IL,15.0,2,Day,Snow,Yard,Yard/switching,2,27079,0,47079,H306,41.823774999999998,-87.714326
NS,140087,2020-12-22,7:37 PM,Other impacts,0,MACON,GA,45.0,3,Dusk,Clear,Yard,Light loco(s),2,2,0,16360,H307,32.813657999999997,-83.622784999999993
UP,0218LK038,2018-02-26,10:50 AM,Derailment,0,PINE BLUFF,AR,57.0,2,Day,Clear,Yard,Yard/switching,5,8490,4565,13055,H702,34.243059000000002,-91.945138
NS,120161,2016-04-16,12:15 PM,Side collision,0,DORAVILLE,GA,65.0,2,Day,Cloudy,Yard,Freight Train,1,29609,0,30929,H307,33.899959000000003,-84.285000999999994
UP,1118PR004,2018-11-04,2:15 PM,Other impacts,0,MELROSE PARK,IL,53.0,2,Day,Rain,Yard,Single Car,0,12155,0,12612,H302,41.896917000000002,-87.898285999999999
UP,0615CB012,2015-06-21,1:00 PM,Derailment,0,SIOUX CITY,IA,88.0,2,Day,Clear,Main,Freight Train,5,18630,1717,20347,T220,42.490178999999998,-96.392669999999995
BNSF,HL1023105,2023-10-05,10:40 AM,Other (describe in narrative),0,FOYIL,OK,75.0,2,Day,Clear,Main,Freight Train,30,73696,74925,148621,E20C,36.452252000000001,-95.504461000000006
UP,1217LK029,2017-12-26,6:55 PM,Derailment,0,PINE BLUFF,AR,40.0,4,Dark,Clear,Yard,Yard/switching,5,42930,2750,45680,E24C,34.263849,-91.919898000000003
UP,0419MA048,2019-04-19,1:33 PM,Derailment,0,MABELVALE,AR,57.0,2,Day,Cloudy,Main,Freight Train,8,15739,2105,17844,E53C,34.654297999999997,-92.391136000000003
UP,0820MA038,2020-08-29,8:20 AM,Other impacts,0,NORTH LITTLE ROCK,AR,78.0,2,Day,Cloudy,Yard,Cut of cars,0,7188,150,19878,S016,34.774898999999998,-92.222224999999995
UP,1219MA032,2019-12-10,6:53 AM,Other (describe in narrative),0,PINE BLUFF,AR,35.0,1,Dawn,Clear,Yard,Single Car,0,34737,33,34770,M507,34.249932000000001,-91.938492999999994
UP,0520MA017,2020-05-12,2:08 AM,Derailment,0,PINE BLUFF,AR,54.0,4,Dark,Cloudy,Yard,Yard/switching,7,62997,7134,70131,E86C,34.251879000000002,-91.937432000000001
UP,0619ES059,2019-06-17,10:14 PM,Other (describe in narrative),0,FARINA,IL,74.0,4,Dark,Clear,Main,Work train,30,45000,0,45000,E51C,38.904476000000003,-88.853530000000006
KO,IN201024,2020-10-24,12:40 PM,Derailment,0,MOUNT HOPE,KS,37.0,2,Day,Clear,Main,Freight Train,25,5000,7350,12350,E53C,37.836716000000003,-97.656899999999993
BNSF,SF0116102,2016-01-07,7:40 PM,Other (describe in narrative),0,GOLDEN CITY,MO,42.0,3,Dusk,Cloudy,Main,Freight Train,5,0,20000,20000,H307,37.402352999999998,-94.101332999999997
UP,0118PR023,2018-01-17,2:00 PM,Other (describe in narrative),0,MELROSE PARK,IL,40.0,2,Day,Clear,Yard,Single Car,7,52127,0,52127,M411,41.898851999999998,-87.907897000000006
CPKC,1002127900,2024-06-29,7:05 PM,Derailment,0,MONTPELIER,IA,84.0,3,Dusk,Clear,Industry,Freight Train,41,3807167,9742,3816909,H510,41.4617,-90.829999999999998
CSX,000206640,2022-08-11,12:30 PM,Other impacts,0,INDIANAPOLIS,IN,90.0,2,Day,Clear,Yard,Cut of cars,19,100110,48,100158,M407,39.759798000000004,-86.327516000000003
UP,1118LK005,2018-11-06,2:20 AM,Obstruction,0,ARKADELPHIA,AR,50.0,4,Dark,Fog,Main,Freight Train,48,5494,56444,61938,M402,34.113594999999997,-93.053445999999994
BNSF,PR0215111,2015-02-27,10:10 AM,Derailment,0,PUEBLO,CO,17.0,2,Day,Cloudy,Yard,Freight Train,6,16595,2500,19095,M101,38.223517000000001,-104.604167
IC,929941,2017-07-20,6:37 PM,Hwy-rail crossing,0,DALTON CITY,IL,85.0,2,Day,Clear,Main,Freight Train,40,48500,540,49040,M302,39.696784999999998,-88.790733000000003
BNSF,PR0417104,2017-04-12,7:30 AM,Derailment,0,PUEBLO,CO,60.0,1,Dawn,Clear,Yard,Yard/switching,4,18832,0,18832,H507,38.271127,-104.624486
CSX,000212352,2023-07-14,7:04 PM,Hwy-rail crossing,0,LAKELAND,FL,95.0,3,Dusk,Clear,Main,,0,0,15735,821212,M308,28.047975000000001,-81.922285000000002
IC,966983,2018-07-22,1:30 PM,Derailment,0,MOUND CITY,IL,79.0,2,Day,Cloudy,Industry,Freight Train,3,11815,35,11850,H505,37.084839000000002,-89.162531000000001
NS,125948,2017-07-23,8:15 AM,Obstruction,0,BELLMONT,IL,84.0,2,Day,Cloudy,Main,Freight Train,40,10272,983,11255,M404,38.383865999999998,-87.926535999999999
NIRC,2017070305,2017-09-11,12:08 AM,Hwy-rail crossing,0,ROSELLE,IL,0.0,4,Dark,Clear,Main,,0,0,24791,28181,M302,41.983637000000002,-88.077658
CSX,000171069,2017-08-18,2:29 PM,Other impacts,0,PARIS,IL,90.0,2,Day,Clear,Main,Freight Train,5,4734,0,19334,H020,39.613917999999998,-87.704536000000004
NS,143092,2021-10-07,8:20 PM,Other (describe in narrative),0,SHELBYVILLE,KY,72.0,4,Dark,Clear,Industry,Freight Train,5,600,6079,16070,H704,38.206479999999999,-85.257170000000002
UP,0615CB011,2015-06-20,6:10 PM,Derailment,0,MARSHALLTOWN,IA,80.0,2,Day,Cloudy,Yard,Yard/switching,3,19121,20081,39202,H508,42.041853000000003,-92.914401999999995
VREX,09242015A,2015-09-24,11:36 AM,Hwy-rail crossing,0,"WASHINGTON, DC",DC,75.0,2,Day,Clear,Main,Commuter Train - Pushing,22,250000,0,250000,M399,38.883747,-77.030523000000002
UP,1220GL019,2020-12-25,2:58 PM,Derailment,0,COUNCIL BLUFFS,IA,29.0,2,Day,Clear,Main,Freight Train,7,213462,247542,461004,H701,41.294021000000001,-95.859601999999995
UP,1220ES009,2020-12-04,3:30 PM,Obstruction,0,LITTLE ROCK,AR,53.0,2,Day,Clear,Main,Maint./inspect Car,0,22268,0,23768,M501,34.699863999999998,-92.326256999999998
BNSF,TC1015114,2015-10-18,2:45 AM,Other impacts,0,MINNEAPOLIS,MN,38.0,4,Dark,Cloudy,Yard,Yard/switching,10,12216,0,12216,M411,45.035111999999998,-93.270736999999997
BNSF,MT0723102,2023-07-13,5:45 AM,Other (describe in narrative),0,BLAISDELL,ND,60.0,1,Dawn,Clear,Main,Spec. MoW Equip.,0,16270,0,17770,M402,48.337676999999999,-102.090632
UP,1019GL025,2019-10-26,4:16 AM,Derailment,0,CEDAR RAPIDS,IA,29.0,1,Dawn,Clear,Yard,Freight Train,4,2906,57454,60360,H607,41.934547999999999,-91.709097
LRPA,LRPA100918,2018-10-09,9:15 AM,Derailment,0,LITTLE ROCK,AR,76.0,2,Day,Clear,Main,,0,0,156848,157348,H503,34.718116000000002,-92.172500999999997
NJTR,202407365,2024-06-23,9:00 AM,Other (describe in narrative),0,KEARNY,NJ,87.0,2,Day,Clear,Yard,Yard/switching,5,7650,4850,12500,E78L,40.744950000000003,-74.100734000000003
UP,1219RM018,2019-12-29,8:20 PM,Derailment,0,MONTPELIER,ID,14.0,4,Dark,Snow,Yard,Freight Train,4,2338,181789,184127,H702,42.316392,-111.312676
CSX,000183443,2019-06-09,1:30 AM,Derailment,0,INDIANAPOLIS,IN,67.0,4,Dark,Clear,Yard,Cut of cars,4,70466,500,209239,M408,39.759791,-86.327526000000006
UP,0515CB007,2015-05-22,11:14 PM,Derailment,0,BELLE PLAINE,IA,61.0,4,Dark,Clear,Main,Freight Train,31,555887,179753,735640,E29C,41.897495999999997,-92.257650999999996
UP,1119MA007,2019-11-02,9:46 AM,Derailment,0,NORTH LITTLE ROCK,AR,42.0,2,Day,Clear,Yard,Freight Train,2,8844,55350,64194,M405,34.763868000000002,-92.260118000000006
NS,128114,2018-01-13,2:20 AM,Derailment,0,VALLEY CITY,IL,10.0,4,Dark,Clear,Main,Freight Train,19,608800,627227,1236027,E65C,39.692880000000002,-90.669708
NS,139476,2020-10-16,11:50 AM,Other impacts,0,GARDEN CITY,GA,72.0,2,Day,Clear,Yard,Single Car,4,500,0,15500,H312,32.097940999999999,-81.167445000000001
UP,0517PR016,2017-05-10,8:00 PM,Other impacts,0,MELROSE PARK,IL,50.0,4,Dark,Rain,Yard,Single Car,0,21333,0,28348,M411,41.897089999999999,-87.896682999999996
UP,0518SL007,2018-05-07,11:50 PM,Derailment,0,DUPO,IL,60.0,4,Dark,Clear,Yard,Yard/switching,7,116462,2584,119046,H601,38.518757999999998,-90.211898000000005
UP,1020MA035,2020-10-30,12:16 PM,Hwy-rail crossing,0,GRADY,AR,54.0,2,Day,Clear,Main,Freight Train,50,29999,750,30749,M302,34.100265,-91.739908999999997
BNSF,NE0515105,2015-05-17,2:55 AM,Derailment,0,MURRAY,IA,60.0,4,Dark,Clear,Main,Freight Train,23,1282259,20000,1302259,M102,41.053342999999998,-93.922387000000001
UP,0315PR018,2015-03-10,6:30 PM,Derailment,0,NORTHLAKE,IL,40.0,3,Dusk,Clear,Yard,Freight Train,10,55884,660,57042,S007,41.899352,-87.903808999999995
UP,0518PR002,2018-05-02,12:30 PM,Derailment,0,BELVIDERE,IL,82.0,2,Day,Cloudy,Yard,Yard/switching,7,11729,19156,30885,E64C,42.259861000000001,-88.832695999999999
UP,0219GL015,2019-02-01,11:59 PM,Other (describe in narrative),0,ROCHELLE,IL,10.0,4,Dark,Cloudy,Yard,Yard/switching,4,177065,0,177065,E21C,41.902290999999998,-89.120198000000002
UP,1114ST010,2014-11-17,1:21 PM,Fire/violent rupture,0,SANTA TERESA,NM,45.0,2,Day,Clear,Yard,Freight Train,0,14588,0,14588,M406,31.884550000000001,-106.72253000000001
CSX,000177196,2018-06-25,12:45 PM,Obstruction,0,ST ELMO,IL,80.0,2,Day,Clear,Siding,Spec. MoW Equip.,0,10000,0,20000,H102,39.038072,-88.823836999999997
UP,1118LK025,2018-11-16,1:55 PM,Derailment,0,NORTH LITTLE ROCK,AR,60.0,2,Day,Clear,Yard,Yard/switching,4,394574,4200,398774,S006,34.776119999999999,-92.221870999999993
UP,0718PR009,2018-07-31,9:00 AM,Other impacts,0,MELROSE PARK,IL,80.0,2,Day,Clear,Yard,Yard/switching,5,289,792,11379,M411,41.898493999999999,-87.900087999999997
CSX,000195207,2021-01-23,7:19 AM,Other impacts,0,WAYCROSS,GA,55.0,1,Dawn,Clear,Yard,Freight Train,5,7980,260,18852,H309,31.213524,-82.353588000000002
NS,124868,2017-04-29,2:15 PM,Derailment,0,WHITING,IL,45.0,2,Day,Clear,Yard,Light loco(s),3,60,18568,18628,H303,41.722583,-87.547189000000003
UP,0815SL007,2015-08-07,12:40 PM,Hwy-rail crossing,0,ST LOUIS,MO,92.0,2,Day,Clear,Main,Freight Train,51,17479,0,17479,M304,38.483756,-90.280794999999998
KCS,18072502,2018-07-25,4:45 PM,Derailment,0,EAST ST LOUIS,IL,85.0,2,Day,Clear,Yard,Cut of cars,0,0,0,30197,H702,38.589705000000002,-90.149426000000005
GC,GCR933416D,2016-03-31,2:10 PM,Derailment,0,EAST DUBLIN,GA,78.0,2,Day,Cloudy,Main,Freight Train,20,5200,34490,39690,E46C,32.459460999999997,-82.708522000000002
KCS,20052805,2020-05-28,11:25 AM,Derailment,0,FORT SMITH,AR,75.0,2,Day,Clear,Yard,Freight Train,3,64233,510,64743,H303,35.376361000000003,-94.426686000000004
FEC,X22050522,2022-05-05,5:55 PM,Hwy-rail crossing,0,LANTANA,FL,81.0,2,Day,Clear,Main,,0,0,512,44079,M399,26.582903000000002,-80.052265000000006
UP,0117LV050,2017-01-31,9:52 PM,Other impacts,0,LIVONIA,LA,50.0,4,Dark,Clear,Yard,Single Car,0,19823,0,21159,M411,30.520741000000001,-91.549564000000004
ATK,151666,2017-12-04,7:57 PM,Obstruction,0,BRAIDWOOD,IL,62.0,4,Dark,Cloudy,Main,Passenger Train - Pulling,80,15061,0,15061,M404,41.258892000000003,-88.218688999999998
NS,140563,2021-02-10,4:15 PM,Derailment,0,ATLANTA,GA,69.0,3,Dusk,Clear,Yard,Cut of cars,0,40250,0,312087,H309,33.793519000000003,-84.444440999999998
GRW,24,2021-10-30,9:10 AM,Derailment,0,GARY,IN,54.0,2,Day,Clear,Industry,Yard/switching,2,8500,24667,33167,M599,41.61347,-87.327948000000006
SCXF,20230914C,2023-09-14,10:00 AM,Hwy-rail crossing,0,PALMDALE,FL,84.0,2,Day,Clear,Main,Freight Train,37,16500,500,17000,M302,26.958386999999998,-81.317143999999999
UP,0519MA067,2019-05-30,2:56 AM,Fire/violent rupture,0,ARKADELPHIA,AR,66.0,4,Dark,Cloudy,Main,Freight Train,75,22502,33,22535,M406,34.047851000000001,-93.085998000000004
CSX,000190755,2020-06-11,2:15 PM,Derailment,0,ATLANTA,GA,85.0,2,Day,Clear,Yard,Cut of cars,0,17441,7090,24531,H020,33.794105000000002,-84.417334999999994
BNSF,TC0115106,2015-01-13,12:45 PM,Other impacts,0,MINNEAPOLIS,MN,21.0,2,Day,Clear,Yard,Light loco(s),4,1500,0,79749,H305,45.041021999999998,-93.274277999999995
NIRC,2019071273,2019-02-26,11:10 AM,Hwy-rail crossing,0,CHICAGO,IL,25.0,2,Day,Clear,Main,Commuter Train - Pulling,35,15581,2680,18261,M303,41.734893999999997,-87.721374999999995
IC,1033843,2020-04-30,5:40 PM,Derailment,0,HARVEY,IL,52.0,2,Day,Cloudy,Yard,Freight Train,2,15680,5040,20720,H702,41.595153000000003,-87.650852999999998
UP,0119MA008,2019-01-10,1:40 PM,Hwy-rail crossing,0,WALDO,AR,50.0,2,Day,Clear,Industry,Freight Train,18,60953,0,60953,M302,33.329979999999999,-93.308492000000001
CSX,000138286,2014-12-02,10:18 PM,Derailment,0,AVON,IN,33.0,4,Dark,Fog,Yard,Cut of cars,2,1389,0,42494,H316,39.759779000000002,-86.328326000000004
UP,0720MA037,2020-07-24,12:35 AM,Derailment,0,EARLE,AR,76.0,4,Dark,Cloudy,Main,Freight Train,48,1344788,170107,1514895,T221,35.273429,-90.442598000000004
UP,0518LK007,2018-05-07,12:10 AM,Other impacts,0,PINE BLUFF,AR,60.0,4,Dark,Cloudy,Yard,Yard/switching,8,233724,0,282562,H306,34.221443000000001,-91.924420999999995
CSX,000208374,2022-11-16,6:50 AM,Derailment,0,SHELBIANA,KY,32.0,1,Dawn,Cloudy,Yard,Freight Train,4,18691,208,18899,H702,37.432068000000001,-82.490047000000004
CP,1000239033,2015-07-17,1:20 AM,Derailment,0,FRUITLAND,IA,74.0,4,Dark,Cloudy,Main,Freight Train,3,172746,13805,186551,H503,41.365389999999998,-91.115809999999996
BNSF,KS0621115,2021-06-29,12:23 PM,Derailment,0,EMPORIA,KS,75.0,2,Day,Rain,Yard,Freight Train,5,27201,8999,36200,H514,38.400903999999997,-96.197875999999994
ATK,163493,2020-03-13,11:41 PM,Obstruction,0,PONDERAY,ID,21.0,4,Dark,Snow,Main,Passenger Train - Pulling,80,13692,0,13692,M404,48.330630999999997,-116.56025699999999
UP,1118PR004,2018-11-04,2:15 PM,Other impacts,0,MELROSE PARK,IL,53.0,2,Day,Rain,Yard,Yard/switching,4,457,0,12612,H302,41.896917000000002,-87.898285999999999
UP,0317WH007,2017-03-14,9:50 AM,Hwy-rail crossing,0,POCASSET,OK,45.0,2,Day,Clear,Main,Freight Train,29,34103,0,34103,M302,35.188122,-97.950638999999995
ALS,0623AS009,2023-06-20,4:45 AM,Derailment,0,CENTREVILLE,IL,67.0,1,Dawn,Clear,Yard,Freight Train,3,39500,34952,140552,E4AC,38.587598,-90.129104999999996
ALS,0123AS024,2023-01-21,9:57 AM,Derailment,0,LOVEJOY,IL,40.0,2,Day,Clear,Yard,Freight Train,4,90100,0,193360,H503,38.650753999999999,-90.162255000000002
UP,0916CB002,2016-09-03,9:38 AM,Derailment,0,COUNCIL BLUFFS,IA,70.0,2,Day,Clear,Yard,Yard/switching,6,6705,70755,77460,E29C,41.250126000000002,-95.884302000000005