reportingrailroadcode,accidentnumber,date,time,accidenttype,hazmatreleasedcars,station,stateabbr,temperature,visibility_code,visibility,weathercondition,tracktype,equipmenttype,trainspeed,equipmentdamagecost,trackdamagecost,totaldamagecost,primaryaccidentcausecode,latitude,longitude
IC,951245,2018-02-27,2:00 AM,Other impacts,0,MARKHAM,IL,40.0,4,Dark,Clear,Yard,Single Car,5,12500,1095,23795,E08C,41.588625,-87.654032000000001
UP,0820MA001,2020-08-02,10:50 PM,Derailment,0,NORTH LITTLE ROCK,AR,76.0,4,Dark,Cloudy,Yard,Yard/switching,10,6083,109804,115887,E64C,34.772002999999998,-92.230169000000004
ATK,175417,2023-07-07,1:10 PM,Hwy-rail crossing,0,TAMPA,FL,94.0,2,Day,Clear,Main,Passenger Train - Pulling,73,6574,0,16550,M308,27.966051,-82.365054000000001
BNSF,RD0517100,2017-05-01,8:15 PM,Side collision,0,TULSA,OK,60.0,3,Dusk,Clear,Yard,Yard/switching,0,16374,0,20374,M408,36.122883999999999,-96.010654000000002
ALS,0423AS010,2023-04-13,1:30 PM,Raking collision,0,EAST ST LOUIS,IL,65.0,2,Day,Clear,Yard,Yard/switching,5,591,33,624,H99E,38.596330999999999,-90.162255000000002
UP,0720GL002,2020-07-02,9:30 PM,Derailment,0,COUNCIL BLUFFS,IA,79.0,4,Dark,Clear,Yard,Yard/switching,10,16290,12442,28732,H702,41.25009,-95.886771999999993
UP,0518PR016,2018-05-18,7:20 AM,Derailment,0,ROCHELLE,IL,63.0,2,Day,Cloudy,Yard,Yard/switching,3,85348,297,85645,M405,41.905287000000001,-89.108718999999994
UP,0419MA051,2019-04-21,3:05 AM,Other impacts,0,PINE BLUFF,AR,53.0,4,Dark,Clear,Yard,Freight Train,5,96632,0,103999,H306,34.252160000000003,-91.937241999999998
UP,0118PR002,2018-01-04,12:40 PM,Other impacts,0,MELROSE PARK,IL,6.0,2,Day,Clear,Yard,Cut of cars,0,29645,0,59848,M411,41.899746,-87.907627000000005
BRC,14179,2018-10-03,4:40 AM,Derailment,0,BEDFORD PARK,IL,65.0,4,Dark,Clear,Yard,Freight Train,3,9500,2207,11707,H702,41.767687000000002,-87.754022000000006
UP,0618LK014,2018-06-09,5:30 PM,Other impacts,0,NORTH LITTLE ROCK,AR,89.0,2,Day,Cloudy,Yard,Yard/switching,6,1666,33,30455,E32C,34.772567000000002,-92.233193999999997
IANR,PLD0810201,2020-08-10,12:53 PM,Derailment,0,PALO,IA,80.0,2,Day,Rain,Industry,Cut of cars,0,108199,250,108449,M105,42.086796,-91.803730000000002
UP,0515PR023,2015-05-22,10:59 AM,Other (describe in narrative),0,NORTHLAKE,IL,65.0,2,Day,Clear,Yard,Single Car,10,48096,0,48096,H601,41.895952999999999,-87.907422999999994
CSX,000164878,2016-12-05,5:45 AM,Derailment,0,WAYCROSS,GA,70.0,4,Dark,Rain,Yard,Yard/switching,7,14838,2316,17154,H309,31.205611000000001,-82.363511000000003
UP,0615CB004,2015-06-08,9:30 PM,Derailment,0,SIOUX CITY,IA,75.0,4,Dark,Clear,Yard,Yard/switching,6,74947,109962,184909,T220,42.519170000000003,-96.380221000000006
CPKC,1002146114,2024-08-01,12:20 PM,Hwy-rail crossing,0,PLEASANT VALLEY,IA,82.0,2,Day,Clear,Main,,0,0,30,20030,M302,41.567391999999998,-90.427805000000006
CSX,000157513,2016-02-27,8:50 AM,Other impacts,0,WAYCROSS,GA,50.0,2,Day,Clear,Yard,Light loco(s),7,34961,0,38256,H702,31.213524,-82.353588000000002
UP,0718UT026,2018-07-25,1:30 PM,Derailment,0,POCATELLO,ID,94.0,2,Day,Clear,Yard,Yard/switching,3,165661,14490,180151,E07C,42.853597999999998,-112.437139
ALS,22220819,2022-08-19,8:30 PM,Derailment,0,EAST ST LOUIS,IL,80.0,4,Dark,Clear,Yard,Freight Train,4,57900,4550,62450,H703,38.585799000000002,-90.132056000000006
ATK,136447,2015-02-20,7:55 AM,Other impacts,0,"WASHINGTON, DC",DC,8.0,1,Dawn,Clear,Yard,Yard/switching,5,0,0,19646,H401,38.903590999999999,-77.004097000000002
UP,1220ES009,2020-12-04,3:30 PM,Obstruction,0,LITTLE ROCK,AR,53.0,2,Day,Clear,Main,Spec. MoW Equip.,25,1500,0,23768,M501,34.699863999999998,-92.326256999999998
CP,1001387436,2020-12-13,9:05 PM,Hwy-rail crossing,0,WHITTEMORE,IA,20.0,4,Dark,Clear,Main,Freight Train,25,911,54772,55683,M304,43.065452999999998,-94.344395000000006
UP,0619GL026,2019-06-19,3:11 AM,Derailment,0,BELLE PLAINE,IA,64.0,4,Dark,Rain,Main,Freight Train,38,1767682,239948,2007630,E54C,41.904752999999999,-92.347222000000002
LIRC,LIRC000019,2021-10-13,9:30 AM,Derailment,0,AUSTIN,IN,72.0,2,Day,Clear,Main,Work train,20,138284,7170,145454,M599,38.757382,-85.815323000000006
WC,1091176,2021-12-27,2:21 AM,Derailment,0,GARY,IN,39.0,4,Dark,Cloudy,Yard,Freight Train,3,54850,5000,59850,E33C,41.629531999999998,-87.406318999999996
EDW,AI20181,2018-09-07,9:00 AM,Derailment,0,EL DORADO,AR,90.0,2,Day,Clear,Industry,Freight Train,5,9291,9700,18991,M599,33.194167,-92.705555000000004
IC,977696,2018-11-02,1:45 AM,Side collision,0,BEDFORD PARK,IL,42.0,4,Dark,Clear,Industry,Single Car,0,9100,0,24895,H306,41.769159000000002,-87.835185999999993
CSX,000137940,2014-11-23,5:00 AM,Derailment,0,WASHINGTON,DC,50.0,1,Dawn,Cloudy,Yard,Freight Train,5,18027,200,18227,T220,38.881970000000003,-76.966245999999998
UP,0515PR003,2015-05-01,10:30 AM,Other impacts,0,NORTHLAKE,IL,65.0,2,Day,Clear,Yard,Cut of cars,10,9289,0,68732,H601,41.895952999999999,-87.907422999999994
UP,1018PD019,2018-10-27,8:40 PM,Derailment,0,NAMPA,ID,52.0,4,Dark,Clear,Yard,Yard/switching,2,13878,150,14028,H312,43.590739999999997,-116.575182
CP,1001249575,2020-06-04,6:49 AM,Other impacts,0,BENSENVILLE,IL,77.0,1,Dawn,Clear,Yard,Yard/switching,13,214226,0,287955,H307,41.944192000000001,-87.890234000000007
FEC,X13030622,2022-03-06,5:20 PM,Hwy-rail crossing,0,OAKLAND PARK,FL,79.0,2,Day,Clear,Main,,0,0,890,16326,M308,26.170479,-80.131404000000003
NS,140930,2021-03-15,5:16 PM,Derailment,0,CONWAY,PA,45.0,3,Dusk,Clear,Yard,Cut of cars,3,5286,6706,11992,M411,40.672361000000002,-80.251825999999994
GTW,911295,2017-01-16,9:03 PM,Hwy-rail crossing,0,BANCROFT,MI,32.0,4,Dark,Sleet,Main,Freight Train,48,247,17328,17575,M399,42.873103999999998,-84.075385999999995
NIRC,2017070529,2017-12-27,10:40 AM,Obstruction,0,CHICAGO,IL,5.0,2,Day,Clear,Yard,EMU,0,21368,0,21368,H311,41.669916000000001,-87.616193999999993
ATK,135968,2015-01-16,10:44 AM,Derailment,0,"WASHINGTON, DC",DC,40.0,2,Day,Clear,Yard,Light loco(s),2,16632,4000,20632,T223,38.915680000000002,-76.987960000000001
UP,0818SL017,2018-08-26,1:25 PM,Derailment,0,SALEM,IL,92.0,2,Day,Clear,Yard,Freight Train,0,100,0,225149,M405,38.643124999999998,-88.924700000000001
UP,0219GL083,2019-02-28,3:15 PM,Derailment,0,ASHTON,IL,22.0,2,Day,Cloudy,Main,Freight Train,27,9670,16432,26102,E53C,41.853112000000003,-89.262050000000002
IC,843786,2015-03-14,1:30 AM,Raking collision,0,CHEBANSE,IL,45.0,4,Dark,Fog,Siding,Freight Train,3,76182,250,125430,H301,41.047471999999999,-87.891668999999993
UP,0619ES076,2019-06-20,5:15 AM,Obstruction,0,GIRARD,IL,62.0,1,Dawn,Clear,Main,Spec. MoW Equip.,25,17790,0,35461,H993,39.451113999999997,-89.775552000000005
ATK,157770,2019-02-23,10:58 PM,Hwy-rail crossing,0,BROWNSBURG,IN,50.0,4,Dark,Rain,Main,Passenger Train - Pulling,50,31473,0,31473,M308,39.823782999999999,-86.346236000000005
ATK,166874,2021-04-10,7:08 AM,Obstruction,0,FULTON,AR,55.0,2,Day,Clear,Main,Passenger Train - Pulling,61,13207,0,13207,M404,33.621586000000001,-93.741569999999996
NS,143008,2021-09-30,10:35 AM,Other (describe in narrative),0,FRANKFORT,IN,58.0,2,Day,Clear,Yard,Yard/switching,3,3367,13163,16530,H702,40.282547999999998,-86.518733999999995
CSX,000195207,2021-01-23,7:19 AM,Other impacts,0,WAYCROSS,GA,55.0,1,Dawn,Clear,Yard,Freight Train,0,10612,0,18852,H309,31.213524,-82.353588000000002
NS,118756,2016-01-01,6:15 PM,Derailment,0,DECATUR,IL,28.0,3,Dusk,Clear,Industry,Yard/switching,2,38564,0,38564,M101,39.863244999999999,-88.918453
NS,124316,2017-03-15,4:15 AM,Derailment,0,OLIVER,GA,38.0,1,Dawn,Clear,Main,Freight Train,2,4334,8800,13134,H701,32.506673999999997,-81.434496999999993
IANR,MAD0707161,2016-07-07,1:30 AM,Derailment,0,MANLY,IA,60.0,4,Dark,Rain,Siding,Cut of cars,0,30765,1374,32139,M105,43.277450000000002,-93.194191000000004
IHB,2558,2019-11-07,4:30 AM,Derailment,0,RIVERDALE,IL,28.0,4,Dark,Clear,Yard,Freight Train,9,374107,6500,380607,T220,41.640476,-87.656593000000001
UP,0719MA051,2019-07-26,6:30 PM,Obstruction,0,NORTH LITTLE ROCK,AR,85.0,3,Dusk,Cloudy,Yard,Yard/switching,8,11698,5070,16768,M409,34.771751000000002,-92.231261000000003
UP,1020MA030,2020-10-24,9:55 AM,Derailment,0,LITTLE ROCK,AR,47.0,2,Day,Cloudy,Main,Freight Train,15,55152,393242,448394,T220,34.753182000000002,-92.282608999999994
NS,139026,2020-08-31,5:40 PM,Derailment,0,ELKHART,IN,76.0,3,Dusk,Clear,Yard,Cut of cars,0,61688,0,635196,H504,41.67736,-85.978494999999995
UP,0121MA030,2021-01-23,9:14 AM,Other impacts,0,NORTH LITTLE ROCK,AR,34.0,2,Day,Cloudy,Yard,Yard/switching,4,652,23012,23936,M411,34.774790000000003,-92.224543999999995
BNSF,KS0121107,2021-01-06,11:52 PM,Derailment,0,NEWTON,KS,36.0,4,Dark,Cloudy,Yard,Freight Train,3,28000,7000,35000,T217,38.042763999999998,-97.351249999999993
CSX,000160283,2016-06-04,9:10 AM,Derailment,0,AVON,IN,70.0,2,Day,Rain,Yard,Yard/switching,7,11488,535,12023,E86C,39.759791,-86.327526000000006
CSX,000162753,2016-09-08,8:40 AM,Derailment,0,BRUNSWICK,GA,88.0,2,Day,Clear,Yard,,0,0,40146,40160,H799,31.130163,-81.488926000000006
UP,0419MA051,2019-04-21,3:05 AM,Other impacts,0,PINE BLUFF,AR,53.0,4,Dark,Clear,Yard,Yard/switching,5,6967,400,103999,H306,34.252160000000003,-91.937241999999998
CSX,000184040,2019-07-10,8:33 PM,Side collision,0,INDIANAPOLIS,IN,85.0,4,Dark,Clear,Yard,Yard/switching,8,124869,612,143401,H306,39.759791,-86.327526000000006
CSX,000213930,2023-10-07,2:00 AM,Derailment,0,CHICAGO,IL,48.0,4,Dark,Clear,Yard,Freight Train,5,18830,0,20330,T220,41.676423,-87.738641999999999
UP,0215DV015,2015-02-19,10:30 AM,Derailment,0,DENVER,CO,50.0,2,Day,Clear,Yard,Yard/switching,8,44774,200,44974,H702,39.771478999999999,-104.97145500000001
FEC,D53082923,2023-08-29,5:23 PM,Side collision,0,JACKSONVILLE,FL,90.0,2,Day,Cloudy,Yard,Single Car,5,27638,250,30388,H318,30.242280999999998,-81.603168999999994
BNSF,CH1118115,2018-11-28,2:48 AM,Side collision,0,GALESBURG,IL,26.0,4,Dark,Clear,Yard,Light loco(s),0,9000,0,11200,H607,40.904474,-90.385461000000006
NS,122792,2016-11-17,9:00 PM,Derailment,0,CHICAGO,IL,45.0,4,Dark,Clear,Yard,Freight Train,2,1156,12659,13815,H702,41.795105,-87.635349000000005
UP,1019MA032,2019-10-23,12:30 AM,Hwy-rail crossing,0,EMMET,AR,47.0,4,Dark,Clear,Main,Freight Train,62,11357,0,11357,M303,33.766832000000001,-93.425297999999998
UP,0817PR030,2017-08-24,2:40 AM,Derailment,0,RIVERDALE,IL,65.0,4,Dark,Cloudy,Main,Yard/switching,4,50266,0,85266,M405,41.898166000000003,-87.869082000000006
UP,0116CB005,2016-01-06,7:38 AM,Fire/violent rupture,0,STATE CENTER,IA,32.0,2,Day,Cloudy,Main,Freight Train,65,20530,0,20530,E74L,42.01755,-93.160663999999997
UP,0920GL006,2020-09-10,8:44 AM,Other impacts,0,COUNCIL BLUFFS,IA,46.0,2,Day,Rain,Yard,Yard/switching,2,96479,264,97088,H018,41.248206000000003,-95.875483000000003
UP,0219GL019,2019-02-07,11:58 PM,Derailment,0,NORTHLAKE,IL,10.0,4,Dark,Clear,Yard,Yard/switching,4,43566,2660,46226,H505,41.923760999999999,-87.914818999999994
NS,122811,2016-11-18,4:34 AM,Derailment,0,CHICAGO,IL,45.0,1,Dawn,Clear,Yard,Freight Train,2,143500,42513,186013,H704,41.795105,-87.635349000000005
CSX,000209680,2023-02-07,4:42 AM,Other impacts,0,AVON,IN,46.0,4,Dark,Clear,Yard,Yard/switching,4,42543,0,111273,M407,39.759821000000002,-86.327532000000005
NS,130220,2018-07-16,9:43 AM,Derailment,0,CHICAGO,IL,80.0,2,Day,Clear,Main,Freight Train,7,20313,0,72154,H508,41.723709999999997,-87.552194999999998
CSX,000171069,2017-08-18,2:29 PM,Other impacts,0,PARIS,IL,90.0,2,Day,Clear,Main,Cut of cars,5,14600,0,19334,H020,39.613917999999998,-87.704536000000004
IC,981375,2018-12-10,6:39 PM,Hwy-rail crossing,0,CHAMPAIGN,IL,24.0,4,Dark,Fog,Main,,0,0,2144,28662,M304,40.127279999999999,-88.235990000000001
BNSF,HL0820116,2020-08-14,1:08 AM,Obstruction,0,HOXIE,AR,80.0,4,Dark,Clear,Main,Freight Train,20,500,20000,20500,M402,36.032947,-90.940250000000006
UP,1118LK013,2018-11-07,9:00 AM,Fire/violent rupture,0,JUDSONIA,AR,51.0,2,Day,Cloudy,Siding,Light loco(s),0,26222,0,26222,E74L,35.290019000000001,-91.597775999999996
ATK,175516,2023-07-14,7:03 PM,Hwy-rail crossing,0,LAKELAND,FL,95.0,2,Day,Clear,Main,Passenger Train - Pulling,63,805477,0,821212,M304,28.047975000000001,-81.922285000000002
UP,0319MA025,2019-03-17,4:06 PM,Other impacts,0,NORTH LITTLE ROCK,AR,67.0,2,Day,Clear,Yard,Single Car,2,176,0,23685,S007,34.772140999999998,-92.228802999999999
NS,137041,2020-02-04,4:30 AM,Derailment,0,MACON,GA,50.0,1,Dawn,Clear,Yard,Work train,2,21000,0,21000,E21C,32.813657999999997,-83.622784999999993
UP,1017LK019,2017-10-07,2:52 AM,Other (describe in narrative),0,NORTH LITTLE ROCK,AR,60.0,4,Dark,Clear,Yard,Yard/switching,2,11648,0,11648,M507,34.775871000000002,-92.219740999999999
UP,1223GC016,2023-12-19,1:18 PM,Other impacts,0,MARINGOUIN,LA,56.0,2,Day,Clear,Yard,Single Car,5,118,0,49022,M411,30.540523,-91.566433000000004
BNSF,CH0918111,2018-09-12,12:15 PM,Derailment,0,KAHOKA,MO,85.0,2,Day,Clear,Main,Freight Train,14,133416,450000,583416,E53C,40.446662000000003,-91.761070000000004
UP,1220MA015,2020-12-14,6:30 AM,Derailment,0,PINE BLUFF,AR,36.0,1,Dawn,Cloudy,Yard,Freight Train,4,65036,3179,68215,H702,34.235106000000002,-91.952764999999999
ATK,139190,2015-09-13,4:00 PM,Derailment,0,"WASHINGTON, DC",DC,71.0,2,Day,Clear,Yard,Light loco(s),5,22612,500,23112,H303,38.915261999999998,-76.988883000000001
NS,143245,2021-10-22,9:15 PM,Other impacts,0,GARDEN CITY,GA,72.0,4,Dark,Clear,Yard,Cut of cars,5,24420,0,38460,H021,32.111612999999998,-81.175484999999995
UP,1120ES041,2020-11-17,7:45 AM,Hwy-rail crossing,0,NASHVILLE,AR,42.0,1,Dawn,Clear,Main,Spec. MoW Equip.,8,32218,0,32218,M302,33.926690000000001,-93.802660000000003
UP,0720MA002,2020-07-02,2:00 AM,Derailment,0,NORTH LITTLE ROCK,AR,74.0,4,Dark,Cloudy,Industry,Freight Train,5,16304,875,17179,T217,34.772824,-92.216893999999996
IAIS,2019048,2019-11-19,12:16 PM,Hwy-rail crossing,0,ANITA,IA,44.0,2,Day,Clear,Main,Freight Train,38,12753,0,12753,M302,41.425624999999997,-94.817490000000006
BNSO,BNSO101810,2018-10-18,2:30 PM,Raking collision,0,CHICAGO,IL,50.0,2,Day,Clear,Yard,Light loco(s),5,20000,0,30000,H307,41.862884999999999,-87.638323
CIC,D202299,2022-09-19,2:20 PM,Other impacts,0,CEDAR RAPIDS,IA,42.0,2,Day,Clear,Yard,Spec. MoW Equip.,0,26423,0,52846,H607,41.934179999999998,-91.702346000000006
CSX,000205422,2022-06-07,5:00 AM,Other impacts,0,LOUISVILLE,KY,68.0,1,Dawn,Clear,Yard,Yard/switching,8,0,0,17930,E39C,38.160739999999997,-85.749135999999993
BNSF,TC1018203,2018-10-22,6:04 PM,Hwy-rail crossing,0,RAYMOND,MN,50.0,3,Dusk,Clear,Main,Freight Train,43,11000,0,11000,M302,45.012431999999997,-95.247821000000002
CSX,000209591,2023-02-01,3:00 AM,Side collision,0,AVON,IN,16.0,4,Dark,Clear,Yard,Freight Train,0,10914,58,58688,H307,39.759821000000002,-86.327532000000005
UP,0521PN026,2021-05-29,6:25 PM,Other impacts,0,NAMPA,ID,75.0,3,Dusk,Clear,Yard,Yard/switching,3,148,150,17983,E30C,43.583883999999998,-116.564718
NIRC,9419001507,2023-05-09,6:40 AM,Other impacts,0,CHICAGO,IL,48.0,1,Dawn,Clear,Yard,Light loco(s),5,0,35593,35593,H306,41.893940000000001,-87.698340000000002
UP,1223GC016,2023-12-19,1:18 PM,Other impacts,0,MARINGOUIN,LA,56.0,2,Day,Clear,Yard,Yard/switching,2,48904,0,49022,M411,30.540523,-91.566433000000004
UP,0915TC005,2015-09-05,3:45 PM,Derailment,0,DES MOINES,IA,90.0,2,Day,Cloudy,Yard,Freight Train,8,33983,2775,36758,T221,41.630135000000003,-93.593644999999995
CSX,000201986,2021-12-20,6:30 PM,Side collision,0,WAYCROSS,GA,54.0,3,Dusk,Clear,Yard,Freight Train,9,525356,3035,537891,H399,31.213508999999998,-82.353556999999995
NS,144777,2022-03-19,4:15 PM,Derailment,0,WEST FAIRVIEW,PA,60.0,3,Dusk,Rain,Yard,Yard/switching,5,31000,600,31600,H312,40.279831999999999,-76.922471999999999
SFRV,08182023,2023-08-18,11:10 AM,Obstruction,0,WEST PALM BEACH,FL,81.0,2,Day,Clear,Main,Passenger Train - Pulling,31,15000,0,15000,M404,26.704540000000001,-80.061859999999996
CSX,000182099,2019-04-01,12:25 PM,Hwy-rail crossing,0,FRANKLIN,IN,45.0,2,Day,Clear,Main,Freight Train,40,16465,0,19465,M304,39.520699999999998,-86.066500000000005
BNSF,CH0323106,2023-03-09,1:00 PM,Derailment,0,GALESBURG,IL,40.0,2,Day,Sleet,Yard,Yard/switching,2,1000,20984,21984,M407,40.909770999999999,-90.382943999999995
CSX,000185983,2019-10-14,8:36 PM,Hwy-rail crossing,0,UNION CITY,GA,68.0,4,Dark,Cloudy,Main,Freight Train,29,6733,8395,15128,M303,33.581606000000001,-84.551089000000005
UP,0517SL008,2017-05-15,10:06 PM,Derailment,0,ELK HART,IL,68.0,4,Dark,Clear,Main,Freight Train,48,1554781,846613,2401394,H994,40.020055999999997,-89.484218999999996
IC,845106,2015-03-29,12:45 PM,Derailment,0,CAIRO,IL,50.0,2,Day,Clear,Yard,Freight Train,6,13771,3300,17071,H704,37.009782000000001,-89.173464999999993
BRC,13569,2015-05-09,12:35 AM,Other impacts,0,BEDFORD PARK,IL,65.0,4,Dark,Rain,Yard,Yard/switching,8,68392,29855,98247,M408,41.762390000000003,-87.744258000000002
UP,0917LK031,2017-09-30,3:05 AM,Other impacts,0,PINE BLUFF,AR,65.0,4,Dark,Clear,Yard,Yard/switching,1,23716,33,23876,H302,34.245206000000003,-91.945043999999996
WC,883630,2016-03-30,3:00 PM,Derailment,0,GARY,IN,52.0,2,Day,Cloudy,Yard,Yard/switching,7,14221,100,14321,H704,41.610419,-87.351403000000005
UP,0518LK026,2018-05-16,12:45 PM,Derailment,0,NORTH LITTLE ROCK,AR,85.0,2,Day,Clear,Yard,Yard/switching,8,22294,120579,142873,E4TC,34.776136999999999,-92.218832000000006
UP,0619MA049,2019-06-22,7:50 PM,Derailment,0,PINE BLUFF,AR,90.0,3,Dusk,Clear,Main,Freight Train,40,564253,126972,691225,E27C,34.110838000000001,-92.101380000000006
CSX,000200651,2021-10-13,5:55 AM,Side collision,0,INDIANAPOLIS,IN,55.0,4,Dark,Clear,Yard,Light loco(s),4,0,0,14720,H306,39.759791,-86.327526000000006
KCS,18072502,2018-07-25,4:45 PM,Derailment,0,EAST ST LOUIS,IL,85.0,2,Day,Clear,Yard,Yard/switching,6,16278,13919,30197,H702,38.589705000000002,-90.149426000000005
UP,0515PR026,2015-05-27,5:45 AM,Other (describe in narrative),0,NORTHLAKE,IL,68.0,1,Dawn,Clear,Yard,Single Car,10,11078,0,11078,H601,41.895952999999999,-87.907422999999994
CP,1001201598,2020-03-22,12:34 AM,Derailment,0,ELGIN,IL,30.0,4,Dark,Clear,Main,Freight Train,21,53822,0,272734,E52C,42.021487999999998,-88.276188000000005
BNSF,CH1118202,2018-11-22,9:40 AM,Hwy-rail crossing,0,WYANET,IL,37.0,2,Day,Clear,Main,,0,0,0,360374,M302,41.352814000000002,-89.610517000000002
LI,78527,2022-11-23,2:20 PM,Obstruction,0,JAMAICA,NY,45.0,2,Day,Clear,Siding,EMU,9,19194,7500,26694,H307,40.703040000000001,-73.796180000000007
SFRV,02032023,2023-02-03,1:30 AM,Side collision,0,MIAMI-DADE,FL,80.0,4,Dark,Clear,Yard,,0,0,5600,13000,H306,25.858094000000001,-80.259986999999995
ALS,20180124,2018-01-24,6:00 PM,Derailment,0,EAST ST LOUIS,IL,43.0,3,Dusk,Cloudy,Yard,Light loco(s),4,11352,1915,13267,S011,38.597012999999997,-9.1484660000000009
UP,0118SL001,2018-01-09,3:45 AM,Other (describe in narrative),0,DUPO,IL,34.0,4,Dark,Clear,Yard,Freight Train,6,0,11792,11792,H702,38.539344999999997,-90.201774999999998
BRC,14010,2017-10-30,12:10 PM,Other impacts,0,BEDFORD PARK,IL,55.0,2,Day,Clear,Yard,Cut of cars,2,22949,0,22949,E09C,41.768577999999998,-87.454530000000005
UP,0320MA011,2020-03-09,6:30 PM,Derailment,0,MCGEHEE,AR,64.0,3,Dusk,Rain,Industry,Freight Train,4,420,12200,12620,H307,33.614721000000003,-91.390173000000004
UP,0520ME011,2020-05-14,9:43 AM,Other (describe in narrative),0,POCATELLO,ID,51.0,2,Day,Clear,Yard,Light loco(s),7,0,12312,12312,H307,42.868594000000002,-112.45435999999999
UP,0220GL026,2020-02-18,5:30 AM,Derailment,0,MASON CITY,IA,15.0,1,Dawn,Clear,Yard,Freight Train,5,1469,16500,17969,H018,43.170681999999999,-93.215835999999996
UP,0219MA032,2019-02-13,4:40 AM,Derailment,0,LITTLE ROCK,AR,34.0,1,Dawn,Clear,Industry,Freight Train,3,70448,5500,75948,H303,34.696339999999999,-92.234678000000002
ATK,181189,2024-07-16,10:35 PM,Obstruction,0,MINERSVILLE,PA,0.0,4,Dark,Rain,Main,Passenger Train - Pulling,40,40335,0,40335,M404,40.364868999999999,-78.955001999999993
UP,0118SL006,2018-01-23,7:00 AM,Obstruction,0,CENTERTOWN,MO,35.0,2,Day,Cloudy,Main,Freight Train,40,4792,16770,21562,M101,38.689855000000001,-92.365555999999998
NIRC,2019071228,2019-01-30,7:30 PM,Derailment,0,HARVEY,IL,-18.0,4,Dark,Clear,Yard,,0,0,1068566,1099964,H702,41.606549999999999,-87.644570000000002
CP,1000232529,2015-07-04,2:40 PM,Other impacts,0,FRUITLAND,IA,78.0,2,Day,Clear,Industry,Light loco(s),24,20000,100,78579,H017,41.33813,-91.129909999999995
UP,1218GL008,2018-12-06,11:15 PM,Fire/violent rupture,0,ROCHELLE,IL,24.0,4,Dark,Clear,Main,Freight Train,30,60896,0,60896,E73L,41.929715000000002,-88.972759999999994
UP,0819MA019,2019-08-09,10:18 AM,Other impacts,0,NORTH LITTLE ROCK,AR,79.0,2,Day,Cloudy,Yard,Yard/switching,2,260,0,10715,H307,34.769919999999999,-92.236220000000003
ATK,161217,2019-09-20,12:30 AM,Hwy-rail crossing,0,ATHOL,ID,45.0,4,Dark,Clear,Main,Passenger Train - Pulling,65,28588,0,48588,M309,47.947797999999999,-116.708682
UP,0420MA020,2020-04-22,7:05 AM,Derailment,0,PINE BLUFF,AR,59.0,2,Day,Cloudy,Yard,Yard/switching,5,43819,21115,64934,T220,34.246285,-91.942504
UP,1215SL014,2015-12-17,10:35 AM,Hwy-rail crossing,0,TIPTON,MO,35.0,2,Day,Cloudy,Main,,0,0,0,21342,M302,38.663051000000003,-92.815779000000006
ATK,136348,2015-02-21,4:30 AM,Derailment,0,"WASHINGTON, DC",DC,5.0,4,Dark,Clear,Yard,Light loco(s),4,20200,0,20200,H303,38.911555999999997,-76.999482999999998
UP,0720MA014,2020-07-09,1:46 AM,Derailment,0,PINE BLUFF,AR,77.0,4,Dark,Cloudy,Yard,Yard/switching,10,9138,4370,13508,M405,34.248852999999997,-91.938984000000005
ATK,157715,2019-02-20,1:30 AM,Other (describe in narrative),0,WILMINGTON,DE,31.0,4,Dark,Cloudy,Main,Maint./inspect Car,5,23000,0,23000,H999,39.739071000000003,-75.539787000000004
NS,134402,2019-06-15,6:23 AM,Derailment,0,BEDFORD PARK,IL,65.0,1,Dawn,Clear,Yard,Freight Train,4,14293,0,18111,M409,41.763806000000002,-87.730324999999993
UP,0319MA018,2019-03-11,10:30 AM,Derailment,0,NORTH LITTLE ROCK,AR,49.0,2,Day,Cloudy,Yard,Yard/switching,4,96439,86778,183217,H508,34.763863000000001,-92.248447999999996
IANR,MAD0214151,2015-02-14,11:55 AM,Derailment,0,MANLY,IA,3.0,2,Day,Clear,Yard,Yard/switching,5,41015,7198,48213,H505,43.310341999999999,-93.204986000000005
WC,931690,2017-08-05,4:15 AM,Derailment,0,SCHILLER PARK,IL,80.0,4,Dark,Clear,Main,Freight Train,10,20000,4164,24164,H218,41.965699000000001,-87.870728999999997
CSX,000194442,2020-12-14,2:50 AM,Derailment,0,NAYLOR,GA,61.0,4,Dark,Cloudy,Main,Freight Train,22,8638,27501,36139,E53C,30.878505000000001,-83.153887999999995
CEIW,202136014,2021-10-29,3:20 PM,Hwy-rail crossing,0,ANDERSON,IN,50.0,2,Day,Cloudy,Main,Freight Train,10,13260,17600,30860,M302,40.091659999999997,-85.730109999999996
WC,1120447,2022-12-09,10:15 PM,Hwy-rail crossing,0,MATTESON,IL,39.0,4,Dark,Rain,Main,Freight Train,40,0,35000,35000,M308,41.491771999999997,-87.770955000000001
CSX,000195052,2021-01-18,5:40 PM,Derailment,0,ATLANTA,GA,42.0,3,Dusk,Clear,Yard,Yard/switching,1,10068,1853,11921,E07C,33.794105000000002,-84.417334999999994
NS,119524,2016-02-27,9:05 PM,Derailment,0,SYCAMORE,GA,48.0,4,Dark,Clear,Main,Freight Train,10,560,12000,12560,H222,31.666195999999999,-83.633656999999999