reportingrailroadcode,accidentnumber,date,time,accidenttype,hazmatreleasedcars,station,stateabbr,temperature,visibility_code,visibility,weathercondition,tracktype,equipmenttype,trainspeed,equipmentdamagecost,trackdamagecost,totaldamagecost,primaryaccidentcausecode,latitude,longitude
NS,140563,2021-02-10,4:15 PM,Derailment,0,ATLANTA,GA,69.0,3,Dusk,Clear,Yard,Cut of cars,0,800,0,312087,H309,33.793519000000003,-84.444440999999998
UP,0121GL026,2021-01-26,3:01 AM,Fire/violent rupture,0,CLARENCE,IA,22.0,4,Dark,Snow,Main,Freight Train,30,54993,0,54993,M406,41.885162000000001,-91.031980000000004
UP,0818SL017,2018-08-26,1:25 PM,Derailment,0,SALEM,IL,92.0,2,Day,Clear,Yard,Yard/switching,5,193370,31679,225149,M405,38.643124999999998,-88.924700000000001
TSWS,9202018002,2018-08-18,2:45 PM,Derailment,0,MARION,AR,88.0,2,Day,Clear,Yard,Yard/switching,6,65000,20000,85000,H210,35.195920000000001,-90.265865000000005
UP,0619GL011,2019-06-10,9:15 PM,Derailment,0,SIOUX CITY,IA,69.0,4,Dark,Clear,Yard,Yard/switching,4,14170,5677,19847,H019,42.516078999999998,-96.384749999999997
UP,1220GL004,2020-12-10,1:12 AM,Derailment,0,COUNCIL BLUFFS,IA,39.0,4,Dark,Cloudy,Yard,Yard/switching,7,223856,57270,281126,H508,41.241835000000002,-95.875618000000003
UP,1219MA018,2019-12-11,1:32 PM,Hwy-rail crossing,0,JONESBORO,AR,47.0,2,Day,Clear,Main,Freight Train,43,0,94569,94569,M302,35.873587999999998,-90.602891
EIRR,IN20032300,2020-03-23,1:20 PM,Derailment,0,BURLEY,ID,50.0,2,Day,Clear,Industry,Freight Train,2,13000,23300,36300,E64C,42.539116999999997,-113.802509
NECR,NEC273019Y,2019-07-06,5:41 PM,Obstruction,0,CHARLESTOWN,NH,73.0,3,Dusk,Clear,Main,,0,0,0,13179,M404,43.137770000000003,-72.452370000000002
BLOL,122922,2022-12-29,9:30 AM,Derailment,0,GIBSON CITY,IL,45.0,2,Day,Cloudy,Industry,Cut of cars,50,75000,0,75000,H303,40.464779,-88.393878000000001
UP,0118PR031,2018-01-26,11:16 PM,Derailment,0,PEORIA,IL,40.0,4,Dark,Clear,Yard,Freight Train,7,50200,1500,51700,H303,40.665897000000001,-89.625001999999995
NS,132393,2019-01-12,10:00 PM,Derailment,0,DECATUR,IL,28.0,4,Dark,Snow,Yard,Yard/switching,6,29018,0,29018,M101,39.858401000000001,-88.898396000000005
CSX,000194173,2020-11-22,3:00 AM,Derailment,0,TALBOTTON,GA,54.0,4,Dark,Cloudy,Main,Freight Train,25,25076,3848,28924,E54C,32.660558000000002,-84.532039999999995
UP,0118PR033,2018-01-25,8:00 AM,Other (describe in narrative),0,MELROSE PARK,IL,45.0,2,Day,Clear,Yard,Single Car,0,11312,0,11312,M411,41.899746,-87.907627000000005
CIRR,CIR833616,2016-02-17,11:10 AM,Derailment,0,CEDAR SPRINGS,GA,68.0,2,Day,Clear,Yard,Freight Train,3,45000,10000,55000,M507,31.081596000000001,-85.020124999999993
CIC,GCA202499,2024-08-15,2:00 AM,Hwy-rail crossing,0,AMANA,IA,69.0,4,Dark,Rain,Main,Freight Train,0,12000,0,12000,M302,41.662460000000003,-92.066519
UP,0319HL002,2019-03-02,4:15 AM,Raking collision,0,KANSAS CITY,KS,27.0,1,Dawn,Cloudy,Yard,Freight Train,5,13723,300,14023,H996,39.090992,-94.630770999999996
IAIS,2021041,2021-08-15,8:17 AM,Derailment,0,COUNCIL BLUFFS,IA,63.0,2,Day,Clear,Yard,,0,0,0,70302,H514,41.250945000000002,-95.871716000000006
NS,139026,2020-08-31,5:40 PM,Derailment,0,ELKHART,IN,76.0,3,Dusk,Clear,Yard,Yard/switching,6,2214,567690,635196,H504,41.67736,-85.978494999999995
NS,137687,2020-04-07,1:40 PM,Other impacts,0,MACON,GA,73.0,2,Day,Clear,Yard,Single Car,0,64995,0,75709,H312,32.813657999999997,-83.622784999999993
NICD,N1900001,2019-01-06,2:10 PM,Other (describe in narrative),0,CHICAGO,IL,32.0,2,Day,Cloudy,Main,Passenger Train - Pulling,50,18515,4884,23399,E78L,41.658197999999999,-87.565368000000007
UP,1118LK011,2018-11-04,4:00 PM,Other (describe in narrative),0,NORTH LITTLE ROCK,AR,65.0,2,Day,Cloudy,Yard,Single Car,0,38499,0,38499,E27C,34.771337000000003,-92.234703999999994
UP,0518PR001,2018-05-01,7:15 PM,Other impacts,0,CHICAGO HTS,IL,78.0,3,Dusk,Clear,Yard,Yard/switching,7,284,16953,18143,H312,41.500818000000002,-87.607343
KJRY,KJRY221201,2022-12-01,6:30 PM,Derailment,0,LA HARPE,IL,40.0,4,Dark,Clear,Main,Freight Train,9,3600,130000,133600,E40C,40.522011999999997,-91.037013000000002
ALS,20181211,2018-12-11,9:15 PM,Raking collision,0,EAST ST LOUIS,IL,42.0,4,Dark,Clear,Yard,Yard/switching,4,9200,2023,11223,S006,38.588482999999997,-90.140671999999995
NS,139341,2020-10-03,10:54 AM,Hwy-rail crossing,0,GARY,IN,64.0,2,Day,Clear,Main,Freight Train,33,16,18500,18516,M308,41.624851,-87.394034000000005
LI,69002,2019-01-03,5:03 AM,Hwy-rail crossing,0,QUOGUE,NY,40.0,4,Dark,Clear,Main,Passenger Train - Pulling,20,24885,818,25703,M303,40.834515000000003,-72.607656000000006
BNSF,CH1217111,2017-12-25,4:13 AM,Derailment,0,EDELSTEIN,IL,10.0,1,Dawn,Clear,Main,Freight Train,45,10000,23000,33000,E66C,40.935110000000002,-89.650300000000001
CSX,000152396,2015-09-24,11:36 AM,Hwy-rail crossing,0,WASHINGTON,DC,75.0,2,Day,Clear,Main,,0,0,0,250000,M399,38.883747,-77.030523000000002
ATK,155190,2018-09-09,12:53 AM,Obstruction,0,LA CLEDE,IL,60.0,4,Dark,Clear,Main,Passenger Train - Pulling,77,35189,0,35525,M402,38.879420000000003,-88.714775000000003
UP,0315PR009,2015-03-09,10:00 AM,Other (describe in narrative),0,NORTHLAKE,IL,20.0,2,Day,Clear,Yard,Single Car,5,12960,0,12960,H601,41.910671999999998,-87.915233999999998
UP,0818PR007,2018-08-12,5:45 PM,Derailment,0,MELROSE PARK,IL,88.0,2,Day,Clear,Yard,Yard/switching,4,48144,5250,53394,M409,41.899093999999998,-87.908390999999995
CSX,000158757,2016-04-05,4:25 AM,Other impacts,0,FAIRBURN,GA,50.0,4,Dark,Clear,Industry,Freight Train,10,39864,0,129259,M501,33.536476999999998,-84.639516
IC,951244,2018-02-26,10:58 PM,Derailment,0,CHAMPAIGN,IL,37.0,4,Dark,Clear,Yard,Freight Train,3,10100,10356,20456,E79L,40.143059000000001,-88.229399000000001
CSX,000204524,2022-04-25,10:21 PM,Derailment,0,HIALEAH,FL,86.0,4,Dark,Clear,Yard,Freight Train,8,8243,0,194710,H702,25.860399000000001,-80.259409000000005
UP,0319MA016,2019-03-12,12:10 AM,Other impacts,0,PINE BLUFF,AR,54.0,4,Dark,Cloudy,Yard,Yard/switching,2,154689,233,165584,H306,34.244061000000002,-91.946275
BNSF,RD1023118,2023-10-11,7:52 AM,Derailment,0,TULSA,OK,75.0,1,Dawn,Clear,Yard,Yard/switching,4,13167,0,13321,M408,36.122204000000004,-96.011403999999999
UP,0120MA016,2020-01-18,8:00 PM,Other impacts,0,PINE BLUFF,AR,47.0,4,Dark,Clear,Yard,Freight Train,0,23533,0,23716,H017,34.252794999999999,-91.936677000000003
UP,0118PR022,2018-01-20,2:15 PM,Other (describe in narrative),0,MELROSE PARK,IL,40.0,2,Day,Clear,Yard,Single Car,0,13238,0,13238,M411,41.898546000000003,-87.907993000000005
CRL,CRL182306,2018-11-14,3:20 PM,Derailment,0,CHICAGO,IL,30.0,2,Day,Clear,Yard,Freight Train,4,18439,0,18439,E07C,41.686993000000001,-87.557874999999996
CSX,000191549,2020-07-22,9:15 AM,Fire/violent rupture,0,WOODLAND,GA,86.0,2,Day,Clear,Main,Light loco(s),5,18459,0,18459,E73L,32.812398999999999,-84.55368
UP,0221MA004,2021-02-03,2:00 PM,Obstruction,0,PINE BLUFF,AR,50.0,2,Day,Clear,Yard,Yard/switching,4,20613,77252,97865,M404,34.242390999999998,-91.948453000000001
UP,0417SL016,2017-04-30,7:48 AM,Obstruction,0,SHIPMAN,IL,52.0,2,Day,Rain,Main,,0,0,0,29734,M404,39.182921999999998,-89.969143000000003
UP,0319MA025,2019-03-17,4:06 PM,Other impacts,0,NORTH LITTLE ROCK,AR,67.0,2,Day,Clear,Yard,Yard/switching,6,22189,1320,23685,S007,34.772140999999998,-92.228802999999999
UP,0220MA037,2020-02-06,5:20 AM,Obstruction,0,EMMET,AR,37.0,1,Dawn,Cloudy,Main,,0,0,0,10904,M404,33.744250000000001,-93.453705999999997
CSX,000202828,2022-02-01,10:00 AM,Obstruction,0,JOHNSTOWN,PA,15.0,2,Day,Clear,Main,Freight Train,8,28052,96,28148,M199,40.279615999999997,-78.919719000000001
NS,120607,2016-05-22,4:45 PM,Hwy-rail crossing,0,MORENCI,MI,72.0,3,Dusk,Clear,Main,,0,0,1500,51385,M302,41.750959000000002,-84.251405000000005
UP,0920GL006,2020-09-10,8:44 AM,Other impacts,0,COUNCIL BLUFFS,IA,46.0,2,Day,Rain,Yard,Single Car,0,345,0,97088,H018,41.248206000000003,-95.875483000000003
CSX,000175482,2018-03-27,5:30 AM,Derailment,0,CHICAGO,IL,40.0,1,Dawn,Cloudy,Main,Freight Train,15,1300,0,3575,E62C,41.606763999999998,-87.612273000000002
ATK,156405,2018-11-22,9:35 AM,Hwy-rail crossing,0,WYANET,IL,27.0,2,Day,Clear,Main,Passenger Train - Pulling,78,360374,0,360374,M302,41.352814000000002,-89.610517000000002
IANR,MAD0503152,2015-05-03,12:30 AM,Other impacts,0,MANLY,IA,60.0,4,Dark,Clear,Yard,Yard/switching,9,147567,0,147567,H302,43.296512,-93.204802999999998
BNSF,TC0523110,2023-05-23,8:10 AM,Derailment,0,GRAND FORKS,ND,70.0,1,Dawn,Clear,Yard,Freight Train,10,4678,15862,20540,M505,47.918407999999999,-97.076773000000003
UP,0518LK007,2018-05-07,12:10 AM,Other impacts,0,PINE BLUFF,AR,60.0,4,Dark,Cloudy,Yard,Light loco(s),5,11030,37808,282562,H306,34.221443000000001,-91.924420999999995
UP,0219GL090,2019-02-04,12:00 PM,Other (describe in narrative),0,MELROSE PARK,IL,50.0,2,Day,Cloudy,Yard,Single Car,0,43734,0,43734,S007,41.899777999999998,-87.907617000000002
CSX,000213966,2023-10-08,3:45 PM,Derailment,0,MIAMI SPRINGS,FL,88.0,2,Day,Clear,Yard,Freight Train,3,19667,6438,26105,H702,25.784295,-80.319508999999996
CSX,000198712,2021-07-06,11:15 PM,Derailment,0,CINCINNATI,OH,78.0,4,Dark,Cloudy,Main,Freight Train,9,7734,26884,34618,H995,39.103881999999999,-84.544235999999998
NS,151894,2023-01-02,7:30 AM,Other impacts,0,BELLEVUE,OH,48.0,1,Dawn,Rain,Yard,Single Car,0,28915,0,194991,H312,41.288344000000002,-82.803528999999997
NJTR,202008272,2020-08-05,11:56 PM,Derailment,0,KEARNY,NJ,91.0,4,Dark,Clear,Yard,Yard/switching,4,46647,11174,57821,M505,40.744463000000003,-74.101232999999993
UP,1121PR008,2021-11-12,6:09 AM,Derailment,0,DOLTON,IL,40.0,1,Dawn,Clear,Yard,Yard/switching,4,11662,0,11662,H307,41.620040000000003,-87.611970999999997
NS,152449,2023-02-28,1:30 AM,Derailment,0,ELKHART,IN,32.0,4,Dark,Cloudy,Yard,Cut of cars,5,70309,36781,107090,H507,41.677391999999998,-85.978437
CP,1000232529,2015-07-04,2:40 PM,Other impacts,0,FRUITLAND,IA,78.0,2,Day,Clear,Industry,Light loco(s),0,58479,0,78579,H017,41.33813,-91.129909999999995
UP,0919GL020,2019-09-13,6:21 PM,Derailment,0,MARSHALLTOWN,IA,69.0,3,Dusk,Clear,Yard,Yard/switching,5,262096,202987,465083,H703,42.043129999999998,-92.903107000000006
CP,1000681801,2018-01-08,10:30 AM,Derailment,0,BEDFORD PARK,IL,34.0,2,Day,Cloudy,Yard,Freight Train,4,26492,0,72797,H702,41.768340000000002,-87.774646000000004
BRC,14032,2018-01-08,10:30 AM,Derailment,0,BEDFORD PARK,IL,37.0,2,Day,Clear,Yard,,0,0,46305,72797,H702,41.768340000000002,-87.774646000000004
UP,0320MA037,2020-03-28,3:35 PM,Other impacts,0,NORTH LITTLE ROCK,AR,73.0,2,Day,Rain,Yard,Yard/switching,3,67504,5816,111892,M407,34.774462999999997,-92.221907999999999
UP,1020ES063,2020-10-19,11:00 AM,Derailment,0,INKOM,ID,59.0,2,Day,Clear,Main,Maint./inspect Car,10,19247,0,19247,T222,42.746718000000001,-112.215903
UP,0219MA037,2019-02-20,1:43 AM,Derailment,0,MALVERN,AR,39.0,4,Dark,Rain,Yard,Work train,4,55861,0,56261,T220,34.365690000000001,-92.816703000000004
UP,1218GL010,2018-12-07,6:30 AM,Derailment,0,CARLISLE,IA,12.0,1,Dawn,Clear,Main,Freight Train,5,11040,132,11172,H506,41.523434999999999,-93.497487000000007
UP,0718PR025,2018-07-25,11:20 AM,Fire/violent rupture,0,WINTHROP HARBOR,IL,85.0,2,Day,Clear,Main,Freight Train,20,10889,0,10889,M406,42.482419,-87.816241000000005
ALS,0724AS001,2024-07-02,9:30 PM,Derailment,0,EAST ST LOUIS,IL,83.0,4,Dark,Clear,Yard,Yard/switching,4,14125,1969,16094,H607,38.577226000000003,-90.133724999999998
BNSF,CH0824201,2024-08-01,12:45 PM,Hwy-rail crossing,0,PLEASANT VALLEY,IA,82.0,2,Day,Clear,Main,Freight Train,30,20000,0,20030,M302,41.567827999999999,-90.426339999999996
CSX,000200651,2021-10-13,5:55 AM,Side collision,0,INDIANAPOLIS,IN,55.0,4,Dark,Clear,Yard,Yard/switching,0,14120,600,14720,H306,39.759791,-86.327526000000006
UP,0320MA039,2020-03-28,5:02 PM,Derailment,1,JONESBORO,AR,73.0,2,Day,Rain,Main,Freight Train,0,2303296,4182,2307478,M102,35.836689999999997,-90.650537
BNSF,HL0620201,2020-06-07,10:45 AM,Hwy-rail crossing,0,BAY,AR,95.0,2,Day,Clear,Main,Freight Train,54,9320,59000,68320,M302,35.726399999999998,-90.543811000000005
UP,0623ES024,2023-06-16,1:40 PM,Hwy-rail crossing,0,BENTON,IL,82.0,2,Day,Clear,Main,Spec. MoW Equip.,10,16120,0,16120,M304,37.976793999999998,-88.951554999999999
BNSF,PR0215110,2015-02-24,9:30 PM,Derailment,0,DENVER,CO,30.0,4,Dark,Clear,Yard,Yard/switching,5,31121,11000,42121,H307,39.782671000000001,-104.99753800000001
CSX,000209591,2023-02-01,3:00 AM,Side collision,0,AVON,IN,16.0,4,Dark,Clear,Yard,Yard/switching,8,47716,0,58688,H307,39.759821000000002,-86.327532000000005
CSX,000148975,2015-06-26,12:15 AM,Other impacts,0,AVON,IN,74.0,4,Dark,Cloudy,Yard,Single Car,10,0,0,20746,S016,39.759341999999997,-86.347116
NS,120068,2016-04-09,5:30 AM,Derailment,0,MACON,GA,60.0,1,Dawn,Clear,Yard,Yard/switching,4,4000,1520,41720,H607,32.813657999999997,-83.622784999999993
GSWR,GSW871916,2016-04-27,5:20 PM,Derailment,0,CUTHBERT,GA,78.0,2,Day,Cloudy,Siding,Freight Train,4,29002,1000,30002,H306,31.763165999999998,-84.738946999999996
UP,0419MA021,2019-04-11,2:45 AM,Other impacts,0,PINE BLUFF,AR,70.0,4,Dark,Cloudy,Yard,Light loco(s),0,6453,0,19070,H702,34.252158999999999,-91.937698999999995
KCS,19083101,2019-08-31,3:22 AM,Other (describe in narrative),0,DE QUEEN,AR,72.0,4,Dark,Clear,Main,Freight Train,5,0,11985,11985,H702,34.040334000000001,-94.336335000000005
UP,0920GL007,2020-09-11,2:15 AM,Derailment,0,DES MOINES,IA,54.0,4,Dark,Cloudy,Main,Yard/switching,10,1759,41074,42833,E89C,41.586697000000001,-93.548047999999994
BNSF,PR0917111,2017-09-18,7:15 AM,Derailment,0,DENVER,CO,65.0,1,Dawn,Clear,Yard,Yard/switching,4,14118,400,14518,H318,39.769464999999997,-104.990922
BNSF,CH1020105,2020-10-13,12:45 AM,Side collision,0,GALESBURG,IL,45.0,4,Dark,Clear,Yard,Light loco(s),3,1550,1000,18388,H702,40.915419999999997,-90.380633000000003
NS,144751,2022-03-21,1:16 AM,Side collision,0,ALTOONA,PA,35.0,4,Dark,Clear,Yard,Freight Train,5,74678,0,82116,H306,40.517785000000003,-78.395860999999996
UP,0118PR002,2018-01-04,12:40 PM,Other impacts,0,MELROSE PARK,IL,6.0,2,Day,Clear,Yard,Single Car,0,30203,0,59848,M411,41.899746,-87.907627000000005
IC,984550,2019-01-15,7:15 PM,Other (describe in narrative),0,ASHKUM,IL,27.0,4,Dark,Snow,Main,Freight Train,58,3200,10238,13438,M208,40.87997,-87.955240000000003
KCS,20092903,2020-09-29,8:30 AM,Hwy-rail crossing,0,GRANNIS,AR,75.0,2,Day,Clear,Main,Freight Train,37,10965,0,10965,M308,34.274630000000002,-94.337680000000006
CSX,000201268,2021-11-11,8:13 AM,Side collision,0,SAVANNAH,GA,62.0,2,Day,Cloudy,Yard,Yard/switching,7,3000,0,20639,H307,32.027718,-81.148849999999996
ATK,141964,2016-04-13,9:46 AM,Derailment,0,"WASHINGTON, DC",DC,50.0,2,Day,Clear,Yard,Yard/switching,10,65129,4657,69786,H401,39.915238000000002,-76.988895999999997
BNSF,MT0320103,2020-03-17,12:52 AM,Derailment,0,ROUNDUP,MT,6.0,4,Dark,Clear,Main,Freight Train,30,27425,2253996,2281421,E53C,46.139521999999999,-108.62574600000001
NS,152909,2023-04-25,2:45 AM,Other impacts,0,JACKSONVILLE,FL,64.0,4,Dark,Cloudy,Yard,Cut of cars,0,147703,1627,307881,H020,30.360835999999999,-81.723365000000001
NS,157112,2024-06-20,8:33 PM,Other (describe in narrative),0,KING OF PRUSSIA,PA,73.0,4,Dark,Clear,Yard,Freight Train,6,14481,1940,16421,H702,40.115603,-75.395391000000004
ALS,2102223,2021-02-23,7:16 PM,Derailment,0,EAST ST LOUIS,IL,43.0,3,Dusk,Clear,Yard,,0,0,800,45439,H518,38.583576000000001,-90.135510999999994
FEC,X17040724,2024-04-07,6:02 AM,Hwy-rail crossing,0,NORTH MIAMI BEACH,FL,75.0,1,Dawn,Clear,Main,,0,0,421,21173,M308,25.947475000000001,-80.147559000000001
CSX,000212727,2023-08-07,2:15 AM,Other impacts,0,TAMPA,FL,91.0,4,Dark,Clear,Yard,Freight Train,10,5612,1064,61620,H306,27.955863000000001,-82.389629999999997
UP,0824PR009,2024-08-12,2:20 PM,Derailment,0,BERKELEY,IL,81.0,2,Day,Cloudy,Yard,Freight Train,3,25936,200,26136,H702,41.896259999999998,-87.911517000000003
BNSF,MT0919201,2019-09-20,12:30 AM,Hwy-rail crossing,0,ATHOL,ID,45.0,4,Dark,Clear,Main,,0,0,20000,48588,M302,47.947521999999999,-116.70874000000001
UP,0918LK034,2018-09-19,6:15 PM,Fire/violent rupture,0,MALVERN,AR,80.0,3,Dusk,Clear,Siding,Freight Train,10,19384,0,19384,E99L,34.320498999999998,-92.853809999999996
UP,0518PR001,2018-05-01,7:15 PM,Other impacts,0,CHICAGO HTS,IL,78.0,3,Dusk,Clear,Yard,Cut of cars,0,906,0,18143,H312,41.500818000000002,-87.607343
NICD,N2100022,2021-10-15,5:22 PM,Hwy-rail crossing,0,GARY,IN,68.0,3,Dusk,Cloudy,Main,Passenger Train - Pulling,60,26791,0,26791,M308,41.605541000000002,-87.371959000000004
UP,0518ES031,2018-05-26,9:16 AM,Other impacts,0,PINE BLUFF,AR,86.0,2,Day,Clear,Yard,Single Car,8,1,0,28973,H993,34.249932999999999,-91.939763999999997
WC,897238,2016-08-09,5:30 AM,Other impacts,0,GARY,IN,70.0,1,Dawn,Clear,Yard,Yard/switching,2,17000,0,54860,S014,41.616627999999999,-87.367188999999996
NS,129689,2018-06-02,4:50 PM,Derailment,0,CHICAGO,IL,63.0,3,Dusk,Clear,Yard,Cut of cars,5,11428,41662,53090,H303,41.753678000000001,-87.693584000000001
GIMY,GIM682320,2020-10-29,9:25 AM,Other impacts,0,GARDEN CITY,GA,82.0,2,Day,Cloudy,Yard,Yard/switching,8,40000,0,42000,H702,32.027718,-81.148849999999996
UP,0121MA030,2021-01-23,9:14 AM,Other impacts,0,NORTH LITTLE ROCK,AR,34.0,2,Day,Cloudy,Yard,Single Car,0,272,0,23936,M411,34.774790000000003,-92.224543999999995
TRRA,23037,2023-07-21,2:07 AM,Derailment,0,VENICE,IL,77.0,4,Dark,Clear,Yard,Yard/switching,3,39000,15458,54458,T213,38.661819000000001,-90.159927999999994
BNSF,CH0219104,2019-02-03,8:35 PM,Derailment,0,CHICAGO,IL,20.0,3,Dusk,Clear,Yard,Yard/switching,8,16478,3500,19978,T221,41.812308999999999,-87.713178999999997
UP,0718PR009,2018-07-31,9:00 AM,Other impacts,0,MELROSE PARK,IL,80.0,2,Day,Clear,Yard,Single Car,0,10298,0,11379,M411,41.898493999999999,-87.900087999999997
BNSO,BNSO717110,2017-07-24,9:15 AM,Derailment,0,CHICAGO,IL,75.0,2,Day,Clear,Yard,Passenger Train - Pulling,0,95000,0,108500,H310,41.868741,-87.637724000000006
CSX,000191654,2020-07-28,8:15 AM,Hwy-rail crossing,0,WARM SPRINGS,GA,74.0,2,Day,Clear,Main,Freight Train,27,13056,224,13280,M304,32.896721999999997,-84.715877000000006
BNSF,CH0319111,2019-03-28,9:28 AM,Derailment,0,GALESBURG,IL,45.0,2,Day,Clear,Yard,Yard/switching,7,3500,83000,86500,M599,40.93374,-90.371235999999996
CSX,000195954,2021-02-24,5:49 PM,Side collision,0,AUGUSTA,GA,61.0,3,Dusk,Clear,Yard,Freight Train,9,86678,1583,99349,H607,33.446840999999999,-81.982529
CSX,000164048,2016-11-02,10:45 AM,Other impacts,0,CINCINNATI,OH,75.0,2,Day,Cloudy,Yard,Single Car,6,4669,50,10719,S016,39.103521999999998,-84.537231000000006
ATK,152179,2018-03-03,9:39 PM,Hwy-rail crossing,0,SLEDGE,MS,45.0,4,Dark,Clear,Main,Passenger Train - Pulling,79,7127,0,116988,M308,34.453271000000001,-90.203877000000006
BNSF,HL0818120,2018-08-22,11:35 AM,Other (describe in narrative),0,AMORY,MS,75.0,2,Day,Clear,Main,Freight Train,45,4500,60500,65000,E61C,33.924453999999997,-88.388656999999995
UP,0317WH010,2017-03-30,1:30 PM,Fire/violent rupture,0,KNOXVILLE,AR,60.0,2,Day,Cloudy,Main,Freight Train,39,310936,100,311036,E73L,35.351559000000002,-93.338578999999996
CSX,000182313,2019-04-11,5:01 PM,Derailment,0,INDIANAPOLIS,IN,70.0,2,Day,Clear,Yard,Yard/switching,8,12687,200,47597,M408,39.759791,-86.327526000000006
ATK,155802,2018-10-11,4:00 PM,Derailment,0,WILMINGTON,DE,80.0,2,Day,Cloudy,Yard,Light loco(s),2,37460,0,37460,H099,39.747568999999999,-75.534008999999998
LI,78353,2022-11-03,2:24 AM,Derailment,0,JAMAICA,NY,47.0,4,Dark,Clear,Yard,EMU,3,137033,0,137033,H702,40.708044999999998,-73.773585999999995
NS,138208,2020-06-11,1:35 PM,Derailment,0,ATLANTA,GA,82.0,2,Day,Clear,Yard,Freight Train,7,16299,33367,49666,H506,33.793886999999998,-84.445407000000003
IHB,2468,2018-12-01,10:40 AM,Other impacts,0,RIVERDALE,IL,42.0,2,Day,Rain,Yard,Cut of cars,2,42029,0,42029,H318,41.639664000000003,-87.656222999999997
CP,1000189565,2015-03-22,5:38 PM,Other impacts,0,BEDFORD PARK,IL,40.0,2,Day,Clear,Yard,Freight Train,5,18256,0,56737,H999,41.759573000000003,-87.764427999999995
UP,0917LK031,2017-09-30,3:05 AM,Other impacts,0,PINE BLUFF,AR,65.0,4,Dark,Clear,Yard,Cut of cars,1,127,0,23876,H302,34.245206000000003,-91.945043999999996
UP,0215SL006,2015-02-19,4:50 AM,Derailment,0,SALEM,IL,-5.0,4,Dark,Cloudy,Yard,Freight Train,0,24473,0,66916,T220,38.649397999999998,-88.919916999999998
UP,0719RM020,2019-07-21,9:14 PM,Fire/violent rupture,0,ARVADA,CO,77.0,4,Dark,Cloudy,Main,Freight Train,25,36851,0,36851,M406,39.847250000000003,-105.165232
NS,139797,2020-11-20,5:18 AM,Other (describe in narrative),0,ELKHART,IN,52.0,1,Dawn,Clear,Yard,Cut of cars,3,400,4277,26966,M599,41.677391,-85.978436000000002
WC,837298,2015-01-09,7:00 PM,Other (describe in narrative),0,GARY,IN,6.0,4,Dark,Clear,Yard,,0,0,19148,19148,H702,41.623399999999997,-87.384921000000006
ATK,148135,2017-06-27,1:40 PM,Obstruction,0,DARIEN,CT,78.0,2,Day,Clear,Main,Passenger Train - Pulling,19,54306,0,58306,H999,41.077190999999999,-73.468686000000005
CSX,000157771,2016-03-05,6:24 AM,Derailment,0,KEARNY,NJ,20.0,1,Dawn,Clear,Yard,Freight Train,5,6509,8690,15199,H704,40.743020000000001,-74.100027999999995
UP,0216SL004,2016-02-09,7:45 AM,Fire/violent rupture,0,JEFFERSON CITY,MO,20.0,2,Day,Cloudy,Main,Freight Train,20,96484,0,96484,E73L,38.546792000000003,-92.059143000000006
BNSF,PR0715110,2015-07-22,9:36 PM,Derailment,0,PUEBLO,CO,74.0,4,Dark,Clear,Yard,Freight Train,6,9690,2000,11690,E35C,38.272198000000003,-104.626103
CSX,000154397,2015-11-19,8:12 AM,Hwy-rail crossing,0,LAKELAND,FL,80.0,2,Day,Cloudy,Main,Freight Train,29,15172,0,15172,M304,28.109642000000001,-82.017128
BNSF,PR0316111,2016-03-21,12:05 PM,Obstruction,0,TRINIDAD,CO,68.0,2,Day,Clear,Yard,Maint./inspect Car,3,500,23000,23500,H997,37.225211000000002,-104.48783400000001
NS,129187,2018-04-18,10:00 PM,Other impacts,0,CHICAGO,IL,72.0,4,Dark,Cloudy,Yard,Yard/switching,3,24000,0,24000,H318,41.700226999999998,-87.566652000000005
ATK,181561,2024-08-09,5:51 AM,Hwy-rail crossing,0,NORTH HAVEN,CT,72.0,2,Day,Rain,Main,Passenger Train - Pulling,80,57919,0,57919,M308,41.368293999999999,-72.882998999999998
UP,0718DV002,2018-07-03,3:43 AM,Derailment,0,DENVER,CO,68.0,4,Dark,Cloudy,Yard,Yard/switching,8,72169,121642,227472,T220,39.786180000000002,-104.99858399999999
NS,132575,2019-01-24,5:01 AM,Other impacts,0,CHEEKTOWAGA,NY,33.0,1,Dawn,Snow,Main,Light loco(s),17,30,0,50488,H210,42.889031000000003,-78.784492
MNCW,2019167,2019-11-01,9:00 AM,Derailment,0,STAMFORD,CT,55.0,2,Day,Clear,Yard,EMU,7,117786,1101,118887,H702,41.051105,-73.530619999999999
CSX,000200284,2021-09-23,10:30 AM,Other impacts,0,WILMINGTON,DE,72.0,2,Day,Rain,Yard,Yard/switching,3,100,0,21684,H310,39.759472000000002,-75.560376000000005
UP,0216DV014,2016-02-19,9:15 PM,Derailment,0,DENVER,CO,45.0,4,Dark,Clear,Yard,Freight Train,4,12265,71557,83822,H503,39.772291000000003,-104.972184
ATK,158550,2019-04-16,2:15 AM,Raking collision,0,WASHINGTON,DC,60.0,4,Dark,Clear,Main,Spec. MoW Equip.,5,0,22011,22011,E89C,38.897300000000001,-77.006299999999996
BNSF,PR1116105,2016-11-08,6:15 PM,Derailment,0,DENVER,CO,60.0,3,Dusk,Clear,Yard,Freight Train,8,29294,3600,52379,H525,39.767370999999997,-104.99212199999999