reportingrailroadcode,accidentnumber,date,time,accidenttype,hazmatreleasedcars,station,stateabbr,temperature,visibility_code,visibility,weathercondition,tracktype,equipmenttype,trainspeed,equipmentdamagecost,trackdamagecost,totaldamagecost,primaryaccidentcausecode,latitude,longitude
CSX,000207277,2022-09-15,1:45 PM,Derailment,0,INDIANAPOLIS,IN,82.0,2,Day,Clear,Industry,Yard/switching,2,18444,502,18946,H306,39.738542000000002,-86.297027999999997
CSX,000181278,2019-02-10,2:45 PM,Derailment,0,HAMLET,NC,50.0,2,Day,Cloudy,Yard,Yard/switching,8,15477,1974,17451,M405,34.925491000000001,-79.646586999999997
CDOT,152241,2018-03-07,10:44 PM,Derailment,0,NEWINGTON,CT,31.0,4,Dark,Snow,Yard,Light loco(s),5,17263,0,17263,M101,41.673282999999998,-72.714623000000003
MNCW,2019156,2019-10-14,10:45 AM,Rear end collision,0,NORWALK,CT,60.0,2,Day,Clear,Main,Spec. MoW Equip.,10,0,0,21084,H607,41.133485,-73.425110000000004
BNSF,PR1115114,2015-11-30,4:58 PM,Other impacts,0,DENVER,CO,30.0,2,Day,Snow,Yard,Yard/switching,10,250,18449,18949,H021,39.777056999999999,-104.997219
ATK,169802,2022-02-16,6:08 PM,Hwy-rail crossing,0,GARY,IN,52.0,3,Dusk,Cloudy,Main,Passenger Train - Pulling,62,18484,0,18484,M308,41.624851,-87.394034000000005
UP,1222GC025,2022-12-30,10:15 AM,Derailment,0,SULPHUR,LA,64.0,2,Day,Cloudy,Siding,Freight Train,5,5806,34824,40630,H306,30.237409,-93.402280000000005
ATK,145484,2016-12-14,1:00 AM,Other (describe in narrative),0,"WASHINGTON, DC",DC,36.0,4,Dark,Cloudy,Yard,Spec. MoW Equip.,10,10235,29010,39245,E99C,38.900590999999999,-77.004409999999993
NS,113657,2015-01-04,6:20 PM,Derailment,0,ELKHART,IN,18.0,3,Dusk,Snow,Yard,Yard/switching,2,117655,1000,118655,E31C,41.677391,-85.978436000000002
BNSF,PR0715108,2015-07-21,6:45 PM,Derailment,0,DENVER,CO,85.0,3,Dusk,Clear,Yard,Yard/switching,5,8510,5000,13510,E25C,39.773521000000002,-104.983628
BNSF,PR0516101,2016-05-03,2:55 PM,Derailment,0,STERLING,CO,65.0,2,Day,Cloudy,Yard,Yard/switching,4,10018,14895,24913,H318,40.641494999999999,-103.192136
CSX,000194745,2021-01-01,7:35 PM,Derailment,0,COLUMBUS,OH,48.0,4,Dark,Cloudy,Yard,Yard/switching,5,29899,48,29947,M599,39.972332999999999,-83.021122000000005
CSX,000198660,2021-07-05,6:45 PM,Derailment,0,WILMINGTON,DE,85.0,2,Day,Clear,Yard,Freight Train,5,26719,500,27219,H503,39.759472000000002,-75.560376000000005
BNSF,RD0823115,2023-08-08,9:25 PM,Derailment,0,TULSA,OK,72.0,4,Dark,Cloudy,Yard,Yard/switching,10,209245,5594,214839,H503,36.125287999999998,-96.012988000000007
FEC,X20072118,2018-07-21,5:05 PM,Hwy-rail crossing,0,PALM BEACH GARDENS,FL,90.0,2,Day,Rain,Main,Light loco(s),58,780,12674,13454,M309,26.837895,-80.093928000000005
ATK,171430,2022-07-26,8:23 AM,Hwy-rail crossing,0,GARY,IN,73.0,2,Day,Clear,Main,Passenger Train - Pulling,70,27653,0,27653,M308,41.624851,-87.394034000000005
UP,0723GP009,2023-07-11,12:30 PM,Derailment,0,DENVER,CO,91.0,2,Day,Clear,Yard,Yard/switching,3,12960,87210,100170,S104,39.770304000000003,-104.97489899999999
NS,122012,2016-09-10,2:00 AM,Derailment,0,CHICAGO,IL,70.0,4,Dark,Cloudy,Yard,Freight Train,3,9276,8551,17827,H702,41.795105,-87.635349000000005
ATK,181178,2024-07-12,4:30 AM,Derailment,0,HARTFORD,CT,76.0,4,Dark,Cloudy,Main,Spec. MoW Equip.,10,50000,0,50000,H599,41.797310000000003,-72.660454999999999
BNSF,PR0824109,2024-08-22,11:13 PM,Derailment,0,BOULDER,CO,68.0,4,Dark,Clear,Main,Freight Train,29,790000,930000,1720000,M502,40.019582,-105.23506
BNSF,TX0416104,2016-04-28,1:25 AM,Derailment,0,OKLAHOMA CITY,OK,65.0,4,Dark,Clear,Yard,,0,0,1000,16008,E4AC,35.455983000000003,-97.508375999999998
ATK,172623,2022-11-03,12:15 PM,Derailment,0,WASHINGTON,DC,68.0,2,Day,Clear,Yard,Yard/switching,3,17053,485,17538,H702,38.915483000000002,-76.988472999999999
ATK,141383,2016-03-01,10:15 AM,Obstruction,0,WEST PALM BEACH,FL,75.0,2,Day,Clear,Main,Passenger Train - Pulling,67,220180,0,221180,M404,26.776484,-80.103370999999996
CSO,CSO585223A,2023-10-25,12:35 AM,Other (describe in narrative),0,BERLIN,CT,41.0,4,Dark,Cloudy,Main,Freight Train,49,66865,0,66865,H515,41.645634000000001,-72.753731999999999
FEC,D02011220,2020-01-12,10:30 PM,Obstruction,0,HOLLYWOOD,FL,79.0,4,Dark,Clear,Main,,0,0,38,16881,M402,26.015893999999999,-80.085932
NJTR,202011394,2020-11-06,4:07 AM,Derailment,0,RARITAN,NJ,50.0,4,Dark,Clear,Yard,Yard/switching,5,17928,4795,22723,H704,40.570546999999998,-74.643186999999998
FEC,D69112116,2016-11-21,4:23 PM,Derailment,0,STUART,FL,75.0,2,Day,Clear,Main,Maint./inspect Car,7,1500,9265,10765,H997,26.972200000000001,-80.095009000000005
UP,0319GL045,2019-03-14,9:13 PM,Derailment,0,BERKELEY,IL,48.0,4,Dark,Cloudy,Yard,Yard/switching,4,18620,4722,23342,H702,41.892792999999998,-87.898680999999996
PAL,2015SEPT2D,2015-09-15,6:35 PM,Derailment,0,PADUCAH,KY,70.0,2,Day,Clear,Yard,Freight Train,9,3025,11484,14509,H312,37.053274000000002,-88.61036
TSWS,912201802C,2018-12-23,3:45 PM,Derailment,0,JOLIET,IL,35.0,2,Day,Clear,Yard,Yard/switching,5,50000,0,50000,H505,41.481650999999999,-88.101177000000007
SFRV,081418,2018-08-14,3:04 PM,Derailment,0,DEERFIELD BEACH,FL,98.0,2,Day,Clear,Main,Passenger Train - Pulling,5,20000,42988,62988,H702,26.30472,-80.126312999999996
UP,0119RM062,2019-01-08,12:35 PM,Other (describe in narrative),0,DENVER,CO,43.0,2,Day,Clear,Yard,Single Car,0,12790,0,12790,M201,39.799529999999997,-104.999837
MNCW,81724,2023-10-29,1:23 PM,Other (describe in narrative),0,NEW HAVEN,CT,52.0,2,Day,Rain,Main,,0,0,56000,58073,E78L,41.298254,-72.925251000000003
UP,0818PR009,2018-08-14,6:35 AM,Fire/violent rupture,0,MAPLE PARK,IL,75.0,1,Dawn,Clear,Main,Freight Train,40,26773,132,26905,E74L,41.914867999999998,-88.644801999999999
BNSF,CH1018110,2018-10-18,2:30 PM,Raking collision,0,CHICAGO,IL,50.0,2,Day,Clear,Yard,Light loco(s),0,10000,0,30000,H307,41.862884999999999,-87.638323
MNCW,77269,2022-06-03,12:45 AM,Obstruction,0,NEW HAVEN,CT,62.0,4,Dark,Cloudy,Yard,EMU,5,18309,0,18309,H211,41.294088000000002,-72.929055000000005
UP,0418DV010,2018-04-10,7:18 AM,Derailment,0,BOND,CO,45.0,2,Day,Cloudy,Main,Freight Train,12,253708,8744,262452,M101,39.907539,-106.689454
MNCW,78228,2022-10-17,7:36 AM,Derailment,0,MOUNT VERNON,NY,62.0,2,Day,Cloudy,Yard,EMU,11,48993,4228,53221,H607,40.922289999999997,-73.843011000000004
BNSF,PR0424110,2024-04-29,7:10 AM,Derailment,0,DENVER,CO,41.0,1,Dawn,Clear,Yard,Yard/switching,4,15554,3467,19021,H312,39.773068000000002,-104.98667500000001
CNYX,CNYX000002,2016-10-18,8:30 AM,Derailment,0,MULBERRY,FL,80.0,2,Day,Clear,Yard,Freight Train,5,692,11435,12127,H702,27.887748999999999,-81.924363
NICD,N2300022,2023-12-05,9:48 AM,Derailment,0,MICHIGAN CITY,IN,37.0,2,Day,Rain,Industry,Freight Train,10,0,47084,95946,H303,41.712870000000002,-86.861143999999996
CSX,000162087,2016-08-13,6:50 PM,Side collision,0,SELKIRK,NY,89.0,2,Day,Clear,Yard,Yard/switching,0,148303,0,359659,H306,42.565902999999999,-73.854184000000004
CSX,000209638,2023-02-04,5:15 AM,Derailment,0,HAMMOND,IN,9.0,4,Dark,Clear,Yard,Freight Train,6,7961,0,17593,T220,41.613190000000003,-87.499849999999995
TRRA,19006,2019-03-15,9:30 PM,Derailment,0,EAST ST LOUIS,IL,39.0,4,Dark,Clear,Main,,0,0,14043,19441,E00C,38.597000999999999,-90.155685000000005
IC,989814,2019-03-03,5:45 AM,Side collision,0,RESERVE,LA,45.0,1,Dawn,Clear,Industry,Freight Train,0,50150,0,50550,H306,30.095983,-90.590596000000005
BNSF,PR0118103,2018-01-06,5:03 AM,Derailment,0,PUEBLO,CO,20.0,1,Dawn,Clear,Yard,Yard/switching,5,13070,100,13170,E29C,38.268354000000002,-104.620926
UP,1222MA013,2022-12-13,8:30 AM,Hwy-rail crossing,0,PLAIN DEALING,LA,61.0,2,Day,Cloudy,Main,Freight Train,47,9699,25100,34799,M302,32.906728999999999,-93.701092000000003
PW,150705,2015-07-15,2:58 AM,Derailment,0,GROTON,CT,71.0,4,Dark,Fog,Main,Freight Train,9,46111,8118,54229,H704,41.366833999999997,-72.082087000000001
ATK,148207,2017-06-30,1:53 PM,Hwy-rail crossing,0,TAMPA,FL,93.0,2,Day,Clear,Main,Passenger Train - Pulling,75,706,0,15644,M304,27.965973000000002,-82.365002000000004
UP,1017DV028,2017-10-31,1:45 PM,Other impacts,0,COMMERCE CITY,CO,45.0,2,Day,Cloudy,Industry,Yard/switching,2,11681,99,11780,H302,39.812461999999996,-104.93603899999999
ATK,173137,2022-12-15,1:27 PM,Obstruction,0,COATESVILLE,PA,34.0,2,Day,Rain,Main,Passenger Train - Pulling,87,20725,0,20725,H997,39.987070000000003,-75.816180000000003
NS,129277,2018-04-27,9:10 AM,Derailment,0,DECATUR,IL,58.0,2,Day,Clear,Yard,Yard/switching,4,3086,14337,17423,M405,39.858401000000001,-88.898396000000005
SLAL,103019VP02,2019-10-30,4:10 PM,Derailment,0,PUEBLO,CO,0.0,2,Day,Clear,Industry,,0,0,744,1488,H017,38.188446999999996,-104.613387
BNSF,PR0120202,2020-01-10,6:02 PM,Hwy-rail crossing,0,PEETZ,CO,36.0,3,Dusk,Clear,Main,Freight Train,49,231684,3500,235184,M308,40.96414,-103.109787
UP,0517DV008,2017-05-09,12:40 PM,Derailment,0,PUEBLO,CO,55.0,2,Day,Rain,Yard,Yard/switching,5,130263,8412,138675,H317,38.265756000000003,-104.620204
BNSF,TC0217108,2017-02-12,9:20 AM,Raking collision,0,MINOT,ND,34.0,2,Day,Clear,Yard,Light loco(s),4,22000,0,27393,H207,48.237409,-101.19507900000001
UP,0418PR002,2018-04-02,9:20 AM,Other impacts,0,NORTHLAKE,IL,30.0,2,Day,Cloudy,Yard,Yard/switching,4,3796,0,22260,M411,41.949269999999999,-87.910839999999993
CSX,000213374,2023-09-10,6:55 AM,Derailment,0,NEW ORLEANS,LA,75.0,1,Dawn,Clear,Yard,Yard/switching,4,24804,39392,64196,H702,30.005993,-90.019454999999994
CSX,000177612,2018-07-16,4:00 AM,Derailment,0,MULBERRY,FL,81.0,4,Dark,Clear,Industry,Freight Train,10,13872,97,13969,M506,27.841819000000001,-82.041426000000001
UP,0323RM062,2023-03-16,12:00 AM,Obstruction,0,DE BEQUE,CO,37.0,4,Dark,Rain,Main,,0,0,0,0,M404,39.240259999999999,-108.266649
GTW,1114421,2022-09-21,9:36 AM,Rear end collision,0,MERRILLVILLE,IN,85.0,2,Day,Clear,Main,Spec. MoW Equip.,0,0,0,28283,H993,41.500692000000001,-87.300110000000004
PW,PWR207022D,2022-09-27,6:20 PM,Derailment,0,WALLINGFORD,CT,70.0,2,Day,Clear,Main,Freight Train,10,32630,14270,46900,E30C,41.471699999999998,-72.742140000000006
BNSF,PR0715106,2015-07-16,5:40 AM,Derailment,0,DENVER,CO,60.0,1,Dawn,Clear,Yard,Light loco(s),3,5000,18000,57900,H306,39.759815000000003,-104.99426800000001
BNSF,RD0923103,2023-09-03,8:45 AM,Other (describe in narrative),0,TULSA,OK,79.0,1,Dawn,Clear,Yard,Yard/switching,2,10000,0,11509,M408,36.123520999999997,-96.01155
UP,1114DV020,2014-11-26,10:00 AM,Derailment,0,GRANBY,CO,25.0,2,Day,Cloudy,Siding,Freight Train,18,80087,83580,163667,H303,40.084471000000001,-105.94004099999999
BNSF,CH0318111,2018-03-14,1:30 PM,Raking collision,0,GALESBURG,IL,40.0,2,Day,Clear,Yard,Yard/switching,0,8100,0,10705,M408,40.915869000000001,-90.380994000000001
UP,0117WH008,2017-01-10,5:11 PM,Fire/violent rupture,0,INOLA,OK,66.0,2,Day,Cloudy,Main,Freight Train,32,178038,0,178038,E73L,36.139291,-95.498507000000004
BNSF,CH1118115,2018-11-28,2:48 AM,Side collision,0,GALESBURG,IL,26.0,4,Dark,Clear,Yard,Yard/switching,3,2200,0,11200,H607,40.904474,-90.385461000000006
ATK,137007,2015-04-12,6:33 PM,Other (describe in narrative),0,WEST MYSTIC,CT,55.0,3,Dusk,Clear,Main,Passenger Train - Pulling,60,22220,7500,29720,E78L,41.346755999999999,-71.974932999999993
CDOT,172570,2022-10-30,8:03 AM,Obstruction,0,NEW HAVEN,CT,42.0,2,Day,Clear,Yard,Light loco(s),0,2688,82789,184982,H099,41.295285,-72.928376999999998
BRC,13648,2015-11-11,1:10 AM,Derailment,0,BEDFORD PARK,IL,45.0,4,Dark,Clear,Yard,,0,0,0,11112,H307,41.767021,-87.794006999999993
NS,140249,2021-01-13,6:45 PM,Derailment,0,EAST CANTON,OH,34.0,3,Dusk,Clear,Yard,Yard/switching,5,12047,0,12047,H306,40.818928999999997,-81.313845999999998
BNSF,PR0315112,2015-03-16,1:00 AM,Derailment,0,LARKSPUR,CO,35.0,4,Dark,Clear,Main,Freight Train,20,1968,0,68688,E53C,39.189537999999999,-104.856238
NS,113763,2015-01-09,7:00 PM,Other (describe in narrative),0,GARY,IN,6.0,3,Dusk,Snow,Yard,Freight Train,8,0,0,19148,H702,41.623399999999997,-87.384921000000006
KO,210428003,2021-04-28,6:50 AM,Derailment,0,SAWYER,KS,64.0,1,Dawn,Clear,Industry,Freight Train,4,2000,10558,12558,H312,37.496752999999998,-98.679418999999996
UP,0622HL014,2022-06-16,12:17 PM,Other (describe in narrative),0,PARSONS,KS,79.0,2,Day,Cloudy,Yard,Single Car,0,20650,0,20650,M507,37.347951999999999,-95.270388999999994
UP,0718DV018,2018-07-18,1:32 AM,Derailment,0,GRAND JUNCTION,CO,76.0,4,Dark,Cloudy,Yard,Freight Train,10,97554,318700,416254,E64C,39.060842000000001,-108.56756900000001
HOS,001,2021-11-29,8:45 AM,Derailment,0,SANTA CLAUS,IN,34.0,2,Day,Clear,Main,,0,0,9759,78759,H602,38.107134000000002,-86.975506999999993
BNSF,MT0723102,2023-07-13,5:45 AM,Other (describe in narrative),0,BLAISDELL,ND,60.0,1,Dawn,Clear,Main,Freight Train,44,1500,0,17770,M402,48.337676999999999,-102.090632
LI,77394,2022-06-20,11:40 AM,Derailment,0,RICHMOND HILL,NY,75.0,2,Day,Clear,Yard,Yard/switching,5,43861,0,43861,H703,40.697409999999998,-73.823580000000007
MNCW,2019156,2019-10-14,10:45 AM,Rear end collision,0,NORWALK,CT,60.0,2,Day,Clear,Main,Spec. MoW Equip.,0,357,0,21084,H607,41.133485,-73.425110000000004
UP,1017DV028,2017-10-31,1:45 PM,Other impacts,0,COMMERCE CITY,CO,45.0,2,Day,Cloudy,Industry,Single Car,0,0,0,11780,H302,39.812461999999996,-104.93603899999999
NICD,N1600005,2016-03-12,5:05 AM,Derailment,0,MICHIGAN CITY,IN,60.0,4,Dark,Clear,Main,Commuter Train - Pulling,10,593590,39215,632805,H499,41.713205000000002,-86.864495000000005
BNSF,PR1018107,2018-10-11,5:15 AM,Derailment,0,PUEBLO,CO,45.0,1,Dawn,Rain,Yard,Light loco(s),0,4000,0,68246,H307,38.269587999999999,-104.622186
BRC,14166,2018-03-27,5:30 AM,Derailment,0,CHICAGO,IL,50.0,1,Dawn,Rain,Main,,0,0,2275,3575,E62C,41.606763999999998,-87.612273000000002
ATK,144737,2016-10-18,11:00 AM,Derailment,0,"WASHINGTON, DC",DC,80.0,2,Day,Clear,Yard,Light loco(s),5,98100,395,98495,H099,38.901957000000003,-77.004822000000004
ATK,165656,2020-10-18,1:30 AM,Derailment,0,WASHINGTON,DC,46.0,4,Dark,Clear,Yard,Yard/switching,3,20400,968,21368,H702,38.898654000000001,-77.006668000000005
BNSF,KS0620108,2020-06-11,7:32 AM,Derailment,0,NEWTON,KS,64.0,1,Dawn,Clear,Yard,Light loco(s),4,109,16000,16109,H307,38.046264999999998,-97.345636999999996
UP,0317DV033,2017-03-20,1:10 PM,Derailment,0,DENVER,CO,80.0,2,Day,Cloudy,Yard,Yard/switching,4,1809,39863,41672,E39C,39.775449999999999,-104.96273600000001
UP,0424GP023,2024-04-26,12:40 PM,Derailment,0,GREELEY,CO,64.0,2,Day,Clear,Industry,Freight Train,5,1120,11930,13050,E44L,40.455928,-104.69441
ATK,135994,2015-01-19,4:15 PM,Obstruction,0,HATFIELD,MA,30.0,4,Dark,Clear,Main,Passenger Train - Pulling,79,16017,0,16017,M404,42.411577999999999,-72.621058000000005
BRC,14157,2018-08-13,1:30 PM,Derailment,0,BEDFORD PARK,IL,82.0,2,Day,Clear,Yard,,0,0,5805,266147,T221,41.765833000000001,-87.763733000000002
BNSF,PR1115114,2015-11-30,4:58 PM,Other impacts,0,DENVER,CO,30.0,2,Day,Snow,Yard,Freight Train,0,250,0,18949,H021,39.777056999999999,-104.997219
ATK,176378,2023-09-13,10:53 AM,Obstruction,0,WINDSOR,CT,67.0,2,Day,Rain,Main,Passenger Train - Pushing,76,29344,687,30031,M404,41.838115999999999,-72.645123999999996
BNSF,SF1215109,2015-12-27,9:30 AM,Derailment,0,NEOSHO,MO,36.0,2,Day,Rain,Siding,Freight Train,0,1260000,2500000,3760000,M103,36.896684,-94.362385000000003
ATK,174707,2023-05-12,5:44 PM,Fire/violent rupture,0,WILMINGTON,DE,80.0,2,Day,Clear,Main,Passenger Train - Pulling,0,13702,0,13702,E99C,39.738387000000003,-75.554424999999995
FEC,D17031317,2017-03-13,12:05 AM,Derailment,0,MIAMI-DADE,FL,78.0,4,Dark,Clear,Yard,Freight Train,2,270,37114,37384,S011,25.838384999999999,-80.306664999999995
CSX,000204646,2022-04-30,1:00 AM,Side collision,0,INDIANAPOLIS,IN,57.0,4,Dark,Cloudy,Yard,Yard/switching,7,128788,0,475231,H307,39.759798000000004,-86.327516000000003
BNSF,PR0119131,2019-01-30,7:46 PM,Fire/violent rupture,0,DENVER,CO,19.0,4,Dark,Cloudy,Main,,0,0,0,19247,E74L,39.768453000000001,-104.990015
UP,0120HL032,2020-01-22,1:00 PM,Derailment,0,COFFEYVILLE,KS,35.0,2,Day,Cloudy,Yard,Yard/switching,8,185436,101314,286750,T221,37.028153000000003,-95.624397000000002
BNSF,CH0217102,2017-02-10,5:15 AM,Derailment,0,WILLOW SPRINGS,IL,25.0,1,Dawn,Clear,Yard,Yard/switching,8,27588,500,28088,H703,41.737904999999998,-87.881170999999995
BNSF,PR0423107,2023-04-13,3:38 AM,Derailment,0,DENVER,CO,65.0,4,Dark,Clear,Yard,Yard/switching,3,1000,27816,28816,H607,39.771397999999998,-104.997551
BNSF,PR1115104,2015-11-15,9:30 PM,Derailment,0,PUEBLO,CO,45.0,4,Dark,Clear,Industry,Freight Train,10,44050,2000,46050,H607,38.115786999999997,-104.63491500000001
SFRV,070616,2016-07-06,10:00 AM,Hwy-rail crossing,0,WEST PALM BEACH,FL,90.0,2,Day,Clear,Main,,0,0,0,16305,M307,26.736630999999999,-80.064581000000004
UP,1017DV001,2017-10-01,8:20 PM,Derailment,0,DENVER,CO,50.0,4,Dark,Rain,Yard,Yard/switching,7,4758,47221,51979,E07C,39.783999999999999,-104.95816600000001
BNSF,PR0119120,2019-01-22,8:15 PM,Derailment,0,DENVER,CO,23.0,3,Dusk,Clear,Yard,Yard/switching,4,50600,0,91453,H702,39.775627999999998,-104.981877
BNSF,PR0324107,2024-03-25,7:00 AM,Derailment,0,DENVER,CO,39.0,1,Dawn,Snow,Main,Light loco(s),7,154,20000,20154,H305,39.765999999999998,-104.992295
FEC,X01010420,2020-01-04,8:06 AM,Hwy-rail crossing,0,POMPANO BEACH,FL,80.0,2,Day,Clear,Main,,0,0,656,17350,M308,26.153749999999999,-80.070400000000006
CRSH,137672,2020-04-05,5:15 PM,Other impacts,0,PAULSBORO,NJ,63.0,3,Dusk,Clear,Industry,Freight Train,5,351839,0,351839,H302,39.843654999999998,-75.224524000000002
BNSF,CH0217110,2017-02-16,4:03 AM,Derailment,0,EOLA,IL,30.0,1,Dawn,Clear,Yard,Light loco(s),5,8500,33238,41738,H607,41.775413999999998,-88.240212
UP,0215DV017,2015-02-27,2:13 AM,Derailment,0,DENVER,CO,8.0,4,Dark,Snow,Yard,Light loco(s),7,55647,200,55847,H702,39.770904000000002,-104.973203
RTDC,112499,2019-08-14,9:43 PM,Hwy-rail crossing,0,DENVER,CO,71.0,4,Dark,Clear,Main,EMU,37,25000,0,25000,M308,39.772035000000002,-104.903477
CSX,000164968,2016-12-06,11:00 AM,Derailment,0,TAMPA,FL,75.0,2,Day,Clear,Yard,Yard/switching,4,15658,2740,18398,H702,27.955840999999999,-82.389522999999997
BNSF,PR0617101,2017-06-05,4:20 PM,Other (describe in narrative),0,BRUSH,CO,85.0,2,Day,Clear,Main,Maint./inspect Car,2,0,17000,17000,H402,40.252687000000002,-103.65507599999999
CSX,000205052,2022-05-19,8:00 PM,Derailment,0,MONON,IN,76.0,4,Dark,Clear,Yard,Single Car,0,2094,3990,62969,H704,40.862596000000003,-86.884500000000003
ATK,164075,2020-04-10,2:30 PM,Derailment,0,WASHINGTON,DC,52.0,2,Day,Clear,Yard,Light loco(s),7,26427,512,26939,H607,38.916200000000003,-76.986000000000004
CSX,000177522,2018-07-11,1:38 PM,Other impacts,0,TAMPA,FL,91.0,2,Day,Clear,Yard,Yard/switching,3,11078,418,16553,H018,27.955840999999999,-82.389522999999997
NS,151046,2022-10-03,3:05 PM,Hwy-rail crossing,0,SOUTH WHITLEY,IN,70.0,2,Day,Clear,Main,Freight Train,50,13829,0,13829,M302,41.089303000000001,-85.647328000000002
CSX,000209279,2023-01-14,10:30 AM,Derailment,0,INDIANAPOLIS,IN,28.0,2,Day,Cloudy,Yard,Yard/switching,4,138000,210180,348180,T221,39.762915,-86.106838999999994
ALS,20180930,2018-09-30,3:05 AM,Derailment,0,EAST ST LOUIS,IL,56.0,4,Dark,Cloudy,Yard,Yard/switching,0,22500,9080,31580,H307,38.584609999999998,-90.133222000000004
UP,0217DV006,2017-02-01,8:20 PM,Derailment,0,COLORADO SPGS,CO,25.0,4,Dark,Cloudy,Yard,Freight Train,5,3334,19395,22729,M405,38.794983000000002,-104.781284
NS,145811,2022-07-07,6:30 AM,Derailment,0,ELKHART,IN,65.0,1,Dawn,Clear,Yard,Yard/switching,2,3500,21794,25294,M411,41.677391,-85.978436000000002
BNSF,PR0615103,2015-06-05,7:00 PM,Derailment,0,LITTLETON,CO,60.0,3,Dusk,Cloudy,Main,Work train,5,42843,0,42843,M202,39.593882999999998,-105.021188
CSX,000200823,2021-10-20,7:15 AM,Side collision,0,INDIANAPOLIS,IN,48.0,4,Dark,Clear,Yard,Yard/switching,6,116257,856,352676,H306,39.759791,-86.327526000000006
MNCW,82805,2024-06-23,2:45 PM,Obstruction,0,NEW HAVEN,CT,85.0,2,Day,Cloudy,Main,Spec. MoW Equip.,1,11000,0,31155,H997,41.288308000000001,-72.939352
NS,151522,2022-11-18,3:30 PM,Other (describe in narrative),0,OSCEOLA,IN,23.0,2,Day,Clear,Yard,Yard/switching,4,17054,34551,51605,H702,41.666583000000003,-86.033423999999997
ATK,152176,2018-03-02,7:36 AM,Hwy-rail crossing,0,HUMBOLDT,IL,34.0,2,Day,Clear,Main,Passenger Train - Pulling,79,7186,0,24930,M308,39.601027999999999,-88.321365
CSX,000199606,2021-08-20,6:42 PM,Side collision,0,INDIANAPOLIS,IN,80.0,3,Dusk,Clear,Yard,Cut of cars,2,1256,0,73586,H999,39.759791,-86.327526000000006
BNSF,PR0120114,2020-01-22,3:05 AM,Derailment,0,PUEBLO,CO,29.0,4,Dark,Clear,Yard,Yard/switching,10,14810,18633,33443,H506,38.235075999999999,-104.602949
CSX,000201357,2021-11-16,1:31 PM,Derailment,0,INDIANAPOLIS,IN,54.0,2,Day,Clear,Yard,Freight Train,0,43492,48,61691,H305,39.759791,-86.327526000000006
UP,0717DV005,2017-07-05,6:35 PM,Derailment,0,DENVER,CO,93.0,2,Day,Clear,Main,,0,0,67239,68239,H994,39.803334999999997,-105.01722700000001
IC,989814,2019-03-03,5:45 AM,Side collision,0,RESERVE,LA,45.0,1,Dawn,Clear,Industry,Cut of cars,5,400,0,50550,H306,30.095983,-90.590596000000005
BNSF,PR1116105,2016-11-08,6:15 PM,Derailment,0,DENVER,CO,60.0,3,Dusk,Clear,Yard,Cut of cars,0,19485,0,52379,H525,39.767370999999997,-104.99212199999999
BNSF,PR0916109,2016-09-18,1:41 AM,Derailment,0,DENVER,CO,65.0,4,Dark,Clear,Yard,Yard/switching,3,12700,1500,14200,H312,39.772289999999998,-104.987837
BNSF,KS1219108,2019-12-15,1:10 AM,Derailment,0,FLORENCE,KS,28.0,4,Dark,Snow,Main,Freight Train,48,3525,470000,473525,E62C,38.245018000000002,-96.894248000000005
NICD,N1500012,2015-05-08,4:25 AM,Other (describe in narrative),0,MICHIGAN CITY,IN,58.0,4,Dark,Clear,Yard,Cut of cars,5,14176,0,14176,H399,41.713205000000002,-86.864495000000005
UP,0723GP002,2023-07-03,9:00 AM,Derailment,0,DENVER,CO,70.0,2,Day,Clear,Yard,Yard/switching,5,477,30130,30607,H306,39.785936,-104.999101
ATK,162345,2019-12-11,7:25 AM,Other (describe in narrative),0,WASHINGTON,DC,32.0,1,Dawn,Clear,Main,,0,0,22868,22868,H222,38.900792000000003,-77.005161000000001
UP,0717PD004,2017-07-01,10:52 AM,Fire/violent rupture,0,PENDLETON,OR,70.0,2,Day,Clear,Main,Freight Train,60,59404,0,59404,E74L,45.453457999999998,-118.41456599999999
ATK,143215,2016-07-06,10:00 AM,Hwy-rail crossing,0,WEST PALM BEACH,FL,90.0,2,Day,Clear,Main,Passenger Train - Pulling,50,16305,0,16305,M307,26.736630999999999,-80.064581000000004
NS,140003,2020-12-14,3:03 AM,Derailment,0,ELKHART,IN,30.0,4,Dark,Clear,Yard,Freight Train,8,7768,4321,12089,H520,41.67736,-85.978494999999995
MNCW,2015070206,2015-07-02,2:32 AM,Obstruction,0,STAMFORD,CT,65.0,4,Dark,Clear,Yard,EMU,7,48000,3250,51250,H522,41.049059999999997,-73.535165000000006
UP,0724GC012,2024-07-16,11:02 AM,Other impacts,0,LOTTIE,LA,87.0,2,Day,Clear,Yard,Cut of cars,2,12771,0,13053,M411,30.521767000000001,-91.552719999999994
BNSF,RD1117130,2017-11-29,10:20 PM,Other impacts,0,ENID,OK,40.0,4,Dark,Clear,Main,Freight Train,5,20995,0,20995,H302,36.412461,-97.863146
BNSF,PR1021110,2021-10-18,11:21 PM,Side collision,0,DENVER,CO,48.0,4,Dark,Clear,Yard,Light loco(s),7,19200,0,59064,H607,39.763572000000003,-104.993317