reportingrailroadcode,accidentnumber,date,time,accidenttype,hazmatreleasedcars,station,stateabbr,temperature,visibility_code,visibility,weathercondition,tracktype,equipmenttype,trainspeed,equipmentdamagecost,trackdamagecost,totaldamagecost,primaryaccidentcausecode,latitude,longitude
ATK,138546,2015-08-02,6:15 PM,Other (describe in narrative),0,NEW HAVEN,CT,80.0,2,Day,Clear,Yard,Light loco(s),5,17963,0,17963,H702,41.296961000000003,-72.925850999999994
BLF,20190151,2019-04-02,3:00 PM,Hwy-rail crossing,0,POMPANO BEACH,FL,89.0,2,Day,Cloudy,Main,Passenger Train - Pulling,79,10793,0,11205,M308,26.234206,-80.125140999999999
ATK,176985,2023-10-29,1:23 PM,Other (describe in narrative),0,NEW HAVEN,CT,52.0,2,Day,Rain,Main,Yard/switching,15,2073,0,58073,E78L,41.298254,-72.925251000000003
BNSF,PR0824109,2024-08-22,11:13 PM,Derailment,0,BOULDER,CO,68.0,4,Dark,Clear,Main,Cut of cars,0,0,0,1720000,M502,40.019582,-105.23506
UP,0519GP038,2019-05-31,4:50 PM,Hwy-rail crossing,0,PIERCE,CO,76.0,2,Day,Cloudy,Main,Freight Train,59,21963,297,22260,M304,40.640059999999998,-104.75368
UP,0516DV016,2016-05-31,5:50 PM,Derailment,0,CRAIG,CO,55.0,2,Day,Clear,Yard,Freight Train,7,55847,3000,58847,M503,40.510596999999997,-107.537097
GRW,23,2015-07-23,3:50 PM,Derailment,0,GARY,IN,80.0,2,Day,Clear,Industry,Yard/switching,5,5000,9220,14220,E40C,41.624865999999997,-87.333856999999995
BNSF,PR0316103,2016-03-09,4:00 PM,Raking collision,0,PUEBLO,CO,55.0,2,Day,Clear,Yard,Yard/switching,9,169447,0,170247,H307,38.281565999999998,-104.634381
UP,0123HO029,2023-01-27,10:15 PM,Derailment,3,KEATCHIE,LA,44.0,4,Dark,Clear,Main,Freight Train,30,1045652,817711,1863363,E53C,32.200361000000001,-93.890747000000005
UP,0418SL005,2018-04-07,10:07 PM,Derailment,0,SALEM,IL,34.0,4,Dark,Cloudy,Yard,Yard/switching,10,59355,38858,98213,H702,38.648707000000002,-88.919130999999993
BNSF,PR0222118,2022-02-21,2:15 PM,Derailment,0,DENVER,CO,29.0,2,Day,Cloudy,Yard,Yard/switching,4,20667,8350,29017,M203,39.774675000000002,-104.98437800000001
UP,0618DV004,2018-06-04,3:50 AM,Other impacts,0,DENVER,CO,58.0,4,Dark,Clear,Yard,Yard/switching,0,49040,0,52413,H318,39.769840000000002,-104.976857
CFRC,17006,2017-01-06,7:15 PM,Hwy-rail crossing,0,KISSIMMEE,FL,78.0,4,Dark,Cloudy,Main,,0,0,18915,41336,M304,28.258899,-81.486016000000006
UP,0923GP009,2023-09-06,4:40 AM,Derailment,0,BENNETT,CO,54.0,1,Dawn,Cloudy,Main,Freight Train,50,76172,246875,323047,E34C,39.756920000000001,-104.46234200000001
UP,0623GP035,2023-06-15,10:50 PM,Derailment,0,COMMERCE CITY,CO,73.0,4,Dark,Cloudy,Yard,,0,0,165,237083,H307,39.806136000000002,-104.94064899999999
BNSF,PR0715122,2015-07-31,3:22 PM,Derailment,0,PUEBLO,CO,90.0,2,Day,Clear,Yard,Freight Train,6,43187,7000,61453,E35C,38.270713999999998,-104.623335
CSX,000208892,2022-12-17,12:00 AM,Side collision,0,INDIANAPOLIS,IN,32.0,4,Dark,Cloudy,Yard,Yard/switching,4,18755,0,21021,H307,39.759798000000004,-86.327516000000003
NS,151894,2023-01-02,7:30 AM,Other impacts,0,BELLEVUE,OH,48.0,1,Dawn,Rain,Yard,Single Car,0,31945,80000,194991,H312,41.288344000000002,-82.803528999999997
WC,1116324,2022-10-15,8:45 AM,Side collision,0,GARY,IN,36.0,2,Day,Clear,Yard,Yard/switching,5,203000,0,216065,M411,41.630071000000001,-87.411689999999993
CSX,000206581,2022-08-09,2:00 AM,Obstruction,0,HILLSDALE,IN,70.0,4,Dark,Rain,Main,Freight Train,60,31871,0,31871,M404,39.788545999999997,-87.386056999999994
CSX,000204646,2022-04-30,1:00 AM,Side collision,0,INDIANAPOLIS,IN,57.0,4,Dark,Cloudy,Yard,Yard/switching,7,149787,0,475231,H307,39.759798000000004,-86.327516000000003
NS,152272,2023-02-11,7:38 AM,Derailment,0,ELKHART,IN,24.0,1,Dawn,Clear,Yard,Light loco(s),15,86928,7944,94872,E46L,41.677391999999998,-85.978437
RTDC,245230,2023-03-30,2:29 AM,Other (describe in narrative),0,DENVER,CO,21.0,4,Dark,Clear,Main,EMU,15,0,22544,22544,H605,39.783405999999999,-104.996813
UP,0918DV032,2018-09-29,1:00 PM,Hwy-rail crossing,0,PIERCE,CO,75.0,2,Day,Clear,Main,Freight Train,44,14602,99,14701,M302,40.668264000000001,-104.76485599999999
UP,0724GC001,2024-07-02,4:23 AM,Other impacts,0,LOTTIE,LA,76.0,1,Dawn,Clear,Yard,Single Car,0,85,0,105059,M411,30.526986000000001,-91.554018999999997
BNSF,PR0315109,2015-03-11,12:00 PM,Derailment,0,GOLDEN,CO,55.0,2,Day,Clear,Yard,Yard/switching,2,8540,402500,411040,H307,39.763466000000001,-105.213993
BNSF,PR1117108,2017-11-12,8:00 AM,Side collision,0,DENVER,CO,40.0,1,Dawn,Clear,Yard,Light loco(s),0,15300,0,56100,H307,39.765968999999998,-104.99239
BNSF,PR1023107,2023-10-13,11:33 AM,Derailment,0,PUEBLO,CO,55.0,2,Day,Clear,Yard,Yard/switching,8,264061,0,264061,H306,38.273533999999998,-104.626125
BNSF,KS0220106,2020-02-14,6:51 AM,Other (describe in narrative),0,KANSAS CITY,KS,5.0,1,Dawn,Clear,Yard,Yard/switching,2,45824,42188,88012,M199,39.086207999999999,-94.694355999999999
CSX,000169516,2017-06-11,1:38 PM,Derailment,0,LAKELAND,FL,75.0,2,Day,Cloudy,Yard,Freight Train,6,11942,478,12420,H504,28.009305999999999,-81.995661999999996
NS,141120,2021-04-03,3:45 PM,Other impacts,0,ELKHART,IN,65.0,2,Day,Clear,Yard,Single Car,0,761,0,31792,M411,41.677391,-85.978436000000002
BNSF,PR0616106,2016-06-13,4:00 PM,Derailment,0,DENVER,CO,80.0,2,Day,Rain,Industry,Light loco(s),7,5000,5725,10725,H607,39.798386000000001,-104.997574
NS,129614,2018-05-26,6:15 AM,Derailment,0,HOMER,IL,72.0,1,Dawn,Clear,Main,Freight Train,44,319,90408,90727,E61C,40.035300999999997,-87.952228000000005
CSX,000175672,2018-04-06,12:27 PM,Derailment,0,JACKSONVILLE,FL,82.0,2,Day,Clear,Main,Freight Train,4,18225,99,18324,M405,30.329507,-81.682025999999993
MNCW,76971,2022-04-19,11:40 AM,Other impacts,0,NEW HAVEN,CT,46.0,2,Day,Cloudy,Yard,Yard/switching,1,14686,0,14686,E78L,41.296174999999998,-72.924706
UP,0120HL031,2020-01-21,4:25 PM,Other impacts,0,TOPEKA,KS,34.0,2,Day,Clear,Yard,Cut of cars,0,0,0,93893,H307,39.072138000000002,-95.683864999999997
NS,145874,2022-07-07,12:00 PM,Derailment,0,ELKHART,IN,90.0,2,Day,Clear,Yard,Yard/switching,10,18143,2500,20643,E45C,41.677391,-85.978436000000002
BNSF,PR0915109,2015-09-18,12:30 AM,Other (describe in narrative),0,DENVER,CO,65.0,4,Dark,Clear,Yard,Yard/switching,4,11588,0,11588,H318,39.775554999999997,-104.981191
ATK,142222,2016-05-03,12:50 PM,Hwy-rail crossing,0,PLANT CITY,FL,82.0,2,Day,Clear,Main,Passenger Train - Pulling,70,15066,0,15212,M302,27.997755000000002,-82.204375999999996
NS,146364,2022-08-30,5:45 PM,Other impacts,0,SCHNEIDER,IN,86.0,3,Dusk,Clear,Main,Spec. MoW Equip.,0,32000,0,32000,H997,41.188667000000002,-87.478144
MNCW,77442,2022-06-25,8:00 PM,Other impacts,0,NEW HAVEN,CT,84.0,3,Dusk,Clear,Yard,Yard/switching,5,14974,3472,18446,E78L,41.296554999999998,-72.924289999999999
WC,1088770,2021-11-22,5:26 PM,Derailment,0,GARY,IN,31.0,4,Dark,Cloudy,Yard,Single Car,4,8300,0,36830,M411,41.629506999999997,-87.406351000000001
CSX,000148975,2015-06-26,12:15 AM,Other impacts,0,AVON,IN,74.0,4,Dark,Cloudy,Yard,Single Car,6,20746,0,20746,S016,39.759341999999997,-86.347116
BNSF,PR0715122,2015-07-31,3:22 PM,Derailment,0,PUEBLO,CO,90.0,2,Day,Clear,Yard,Cut of cars,0,11266,0,61453,E35C,38.270713999999998,-104.623335
UP,0120HL031,2020-01-21,4:25 PM,Other impacts,0,TOPEKA,KS,34.0,2,Day,Clear,Yard,Freight Train,8,91115,2778,93893,H307,39.072138000000002,-95.683864999999997
ALS,20180914,2018-09-14,4:45 PM,Raking collision,0,EAST ST LOUIS,IL,88.0,2,Day,Clear,Yard,Cut of cars,4,16000,575,16575,S006,38.589619999999996,-90.139801000000006
MNCW,2015060323,2015-06-03,2:15 PM,Derailment,0,NEW HAVEN,CT,70.0,2,Day,Clear,Yard,Cut of cars,1,25000,5000,30000,H099,41.298870000000001,-72.923635000000004
BNSF,KS0119102,2019-01-05,6:30 PM,Derailment,0,SPRINGFIELD,CO,40.0,3,Dusk,Clear,Yard,Freight Train,3,55341,40000,95341,T215,37.391888999999999,-102.60386
BNSF,KS0419104,2019-04-15,3:10 AM,Derailment,0,LA JUNTA,CO,53.0,4,Dark,Clear,Yard,Freight Train,3,40205,0,40205,H503,37.988559000000002,-103.550957
UP,0320HL030,2020-03-25,2:40 AM,Other impacts,0,HERINGTON,KS,48.0,4,Dark,Clear,Yard,Yard/switching,4,6390,165,21866,H312,38.684820999999999,-96.949254999999994
WC,1120068,2022-10-26,9:06 AM,Other (describe in narrative),0,GARY,IN,62.0,2,Day,Cloudy,Yard,Freight Train,2,25000,0,25000,M204,41.629558000000003,-87.412719999999993
UP,0718DV007,2018-07-09,6:13 AM,Hwy-rail crossing,0,LA SALLE,CO,75.0,1,Dawn,Clear,Main,Freight Train,44,33139,33,33172,M304,40.301487999999999,-104.45383699999999
MNCW,79079,2023-02-14,7:22 AM,Obstruction,0,NEW CANAAN,CT,41.0,2,Day,Clear,Main,EMU,6,44068,16527,60595,H307,41.14564,-73.496560000000002
ATK,136606,2015-03-10,9:40 AM,Derailment,0,BOSTON,MA,40.0,2,Day,Clear,Yard,,0,0,93210,243210,H799,42.332867999999998,-71.060107000000002
BNSF,PR1117108,2017-11-12,8:00 AM,Side collision,0,DENVER,CO,40.0,1,Dawn,Clear,Yard,Light loco(s),6,40800,0,56100,H307,39.765968999999998,-104.99239
UP,1119GP021,2019-11-19,8:08 AM,Derailment,0,PUEBLO,CO,61.0,2,Day,Clear,Yard,Yard/switching,4,61009,5401,66410,H702,38.276429999999998,-104.63778499999999
ATK,145909,2017-01-13,1:35 PM,Hwy-rail crossing,0,KISSIMMEE,FL,75.0,2,Day,Cloudy,Main,Passenger Train - Pulling,44,8233,0,26428,M304,28.304513,-81.399433999999999
CSX,000164377,2016-11-16,3:55 AM,Side collision,0,OCALA,FL,45.0,4,Dark,Clear,Main,Freight Train,20,1045972,284087,4441401,H221,29.393677,-82.103022999999993
MNCW,78231,2022-10-17,10:51 AM,Hwy-rail crossing,0,WATERBURY,CT,55.0,2,Day,Rain,Main,Commuter Train - Pushing,32,40728,18295,59023,M303,41.537483999999999,-73.039755999999997
CSS,CSS624181,2018-06-24,2:25 PM,Derailment,0,CHICAGO,IL,80.0,2,Day,Clear,Yard,Freight Train,8,8980,0,12180,M405,41.723325000000003,-87.561378000000005
UP,0518PR042,2018-05-05,3:11 PM,Other (describe in narrative),0,MELROSE PARK,IL,80.0,2,Day,Clear,Yard,Single Car,2,41357,0,41357,M411,41.896189,-87.894088999999994
BNSF,PR0119120,2019-01-22,8:15 PM,Derailment,0,DENVER,CO,23.0,3,Dusk,Clear,Yard,Cut of cars,0,40853,0,91453,H702,39.775627999999998,-104.981877
CSX,000167065,2017-02-24,12:15 AM,Derailment,0,JACKSONVILLE,FL,75.0,4,Dark,Clear,Yard,Freight Train,5,22175,267,22442,H702,30.383312,-81.768904000000006
ATK,180292,2024-05-19,10:43 AM,Obstruction,0,BERLIN,CT,70.0,2,Day,Cloudy,Main,,0,0,0,68579,M402,41.582102999999996,-72.773803000000001
MNCW,2019156,2019-10-14,10:45 AM,Rear end collision,0,NORWALK,CT,60.0,2,Day,Clear,Main,Spec. MoW Equip.,10,7085,0,21084,H607,41.133485,-73.425110000000004
IC,1143941,2023-09-24,3:18 PM,Obstruction,0,FLUKER,LA,92.0,2,Day,Clear,Main,,0,0,0,53794,M404,30.836262000000001,-90.510677000000001
CSX,000145221,2015-04-22,3:10 AM,Other impacts,0,AVON,IN,40.0,4,Dark,Cloudy,Yard,Yard/switching,10,147082,2000,149082,H307,39.759779000000002,-86.328326000000004
CSX,000205052,2022-05-19,8:00 PM,Derailment,0,MONON,IN,76.0,4,Dark,Clear,Yard,Freight Train,7,56885,0,62969,H704,40.862596000000003,-86.884500000000003
BNSF,PR0323105,2023-03-08,10:45 AM,Derailment,0,PUEBLO,CO,35.0,2,Day,Clear,Yard,,0,0,2147,26448,H607,38.211423000000003,-104.61131899999999
WC,1116324,2022-10-15,8:45 AM,Side collision,0,GARY,IN,36.0,2,Day,Clear,Yard,Yard/switching,5,65,13000,216065,M411,41.630071000000001,-87.411689999999993
MNCW,80569,2023-08-29,9:50 AM,Derailment,0,NORWALK,CT,80.0,2,Day,Clear,Main,Spec. MoW Equip.,0,25000,0,25000,H999,41.099908999999997,-73.417415000000005
BNSF,NW0417108,2017-04-11,1:05 AM,Derailment,0,PORTLAND,OR,48.0,4,Dark,Cloudy,Yard,Freight Train,7,25673,152713,178386,H506,45.610726,-122.711157
UP,0415DV005,2015-04-15,4:46 AM,Derailment,0,DENVER,CO,40.0,4,Dark,Clear,Yard,Yard/switching,4,13632,348,13980,M409,39.766413,-104.99770700000001
UP,0717LV001,2017-07-05,7:05 PM,Other impacts,0,LOTTIE,LA,89.0,3,Dusk,Cloudy,Yard,Single Car,0,11189,0,11505,M411,30.531289000000001,-91.560108999999997
NS,132575,2019-01-24,5:01 AM,Other impacts,0,CHEEKTOWAGA,NY,33.0,1,Dawn,Snow,Main,Cut of cars,0,50458,0,50488,H210,42.889031000000003,-78.784492
CSX,000195204,2021-01-24,1:20 AM,Derailment,0,CINCINNATI,OH,32.0,4,Dark,Clear,Yard,Yard/switching,10,44277,12046,56323,S006,39.108302999999999,-84.538432
NKCR,NKCR243439,2024-03-06,12:00 AM,Derailment,0,FLEMING,CO,15.0,4,Dark,Clear,Main,Freight Train,24,72827,157000,229827,E53C,40.679595999999997,-102.83581599999999
UP,1114DV016,2014-11-22,11:30 PM,Derailment,0,GRANBY,CO,27.0,4,Dark,Snow,Main,Freight Train,25,5942,721446,727388,M101,40.017310999999999,-106.47478099999999
UP,0718DV010,2018-07-12,5:45 AM,Hwy-rail crossing,0,EATON,CO,75.0,1,Dawn,Clear,Main,Freight Train,54,53720,99,53819,M308,40.495500999999997,-104.702051
NS,143132,2021-10-12,1:30 PM,Derailment,0,ELKHART,IN,64.0,2,Day,Cloudy,Yard,Yard/switching,5,30100,2859,32959,E67C,41.677391,-85.978436000000002
BNSF,PR0524102,2024-05-06,4:30 AM,Derailment,0,YUMA,CO,50.0,1,Dawn,Clear,Industry,Freight Train,4,28489,35000,63489,H307,40.120787,-102.67008199999999
UP,1017DV010,2017-10-10,10:30 AM,Derailment,0,DENVER,CO,50.0,2,Day,Clear,Yard,Yard/switching,4,6883,4584,11467,E07C,39.785699000000001,-104.998485
CSX,000206391,2022-07-29,4:59 AM,Hwy-rail crossing,0,REYNOLDS,IN,67.0,1,Dawn,Clear,Main,Freight Train,27,0,12892,12892,M302,40.736446000000001,-86.872765000000001
CSX,000214887,2023-12-04,7:50 AM,Derailment,0,WASHINGTON DC,DC,45.0,2,Day,Clear,Yard,Freight Train,8,16890,0,16890,H702,38.892656000000002,-76.954355000000007
ATK,180899,2024-06-26,10:47 PM,Obstruction,0,WINDSOR,CT,69.0,4,Dark,Rain,Main,Passenger Train - Pulling,75,31110,0,31110,M404,41.838115999999999,-72.645123999999996
RTDC,050619,2019-05-06,10:18 AM,Hwy-rail crossing,0,AURORA,CO,67.0,2,Day,Clear,Main,EMU,45,200000,31000,231000,M308,39.762236000000001,-104.81931
MNCW,2015092005,2015-09-20,5:41 PM,Derailment,0,STAMFORD,CT,70.0,2,Day,Clear,Main,Spec. MoW Equip.,3,31090,0,31090,E99C,41.048946999999998,-73.536199999999994
BNSF,PR0617110,2017-06-13,11:45 PM,Derailment,0,DENVER,CO,65.0,4,Dark,Clear,Yard,Yard/switching,0,7034,0,15868,H309,39.768357000000002,-104.991527
BNSF,PR0616201,2016-06-26,9:45 AM,Hwy-rail crossing,0,TRINIDAD,CO,77.0,2,Day,Clear,Main,,0,0,0,34658,M302,37.216703000000003,-104.464547
CSX,000164875,2016-12-03,1:30 PM,Derailment,0,JACKSONVILLE,FL,75.0,2,Day,Clear,Main,Freight Train,5,59000,0,59000,H503,30.329507,-81.682025999999993
ATK,172620,2022-11-03,1:09 AM,Derailment,0,WASHINGTON,DC,52.0,4,Dark,Clear,Yard,Yard/switching,3,33105,0,33105,H303,38.898654000000001,-77.006668000000005
BNSF,PR1215108,2015-12-08,7:20 PM,Side collision,0,PUEBLO,CO,48.0,3,Dusk,Clear,Yard,Yard/switching,7,17000,0,17500,H018,38.272311999999999,-104.624984
PW,PWR505017A,2017-11-30,4:00 AM,Other impacts,0,NORWICH,CT,42.0,4,Dark,Clear,Main,Freight Train,10,64000,0,64000,H508,41.458298999999997,-72.079089999999994
BNSF,KS0321201,2021-03-15,6:14 AM,Hwy-rail crossing,0,BURLINGAME,KS,50.0,1,Dawn,Cloudy,Main,,0,0,0,19961,M302,38.702053999999997,-95.824119999999994
BNSF,SF0516112,2016-05-24,1:10 AM,Other impacts,0,TULSA,OK,75.0,4,Dark,Clear,Yard,Yard/switching,5,500,2000,23741,H305,36.126009000000003,-96.011195000000001
UP,0323RM061,2023-03-07,3:18 PM,Obstruction,0,KREMMLING,CO,39.0,2,Day,Clear,Main,,0,0,0,0,M403,40.055602,-106.395297
ATK,172831,2022-11-23,12:35 PM,Other (describe in narrative),0,WILMINGTON,DE,59.0,2,Day,Clear,Main,Passenger Train - Pulling,83,18789,16790,35579,E78L,39.748005999999997,-75.521844999999999
UP,1121GP005,2021-11-03,5:45 PM,Other impacts,0,DENVER,CO,58.0,2,Day,Clear,Main,Light loco(s),8,14176,300,14576,H302,39.771048999999998,-104.89415700000001
UP,0615DV010,2015-06-13,3:30 PM,Derailment,0,GRAND JUNCTION,CO,77.0,2,Day,Clear,Main,Freight Train,23,245939,307344,553283,T220,39.001109999999997,-108.51258300000001
BNSF,RD0623119,2023-06-17,9:00 PM,Derailment,0,TULSA,OK,70.0,4,Dark,Cloudy,Yard,Yard/switching,6,9235,3071,12306,H308,36.120378000000002,-96.011455999999995
UP,0315DV021,2015-03-23,8:45 PM,Derailment,0,LA SALLE,CO,48.0,4,Dark,Clear,Siding,Freight Train,17,44903,82430,127333,E40C,40.355888,-104.697861
BNSF,PR0915112,2015-09-23,5:10 PM,Raking collision,0,DENVER,CO,85.0,2,Day,Clear,Yard,Yard/switching,5,14497,250,16947,H306,39.775888000000002,-104.98091700000001
CSX,000159507,2016-05-03,12:50 PM,Hwy-rail crossing,0,PLANT CITY,FL,85.0,2,Day,Clear,Main,,0,0,146,15212,M302,28.020007,-82.095781000000002
IC,972271,2018-09-09,12:53 AM,Obstruction,0,LA CLEDE,IL,74.0,4,Dark,Cloudy,Main,,0,0,336,35525,M402,38.879420000000003,-88.714775000000003
CDOT,172570,2022-10-30,8:03 AM,Obstruction,0,NEW HAVEN,CT,42.0,2,Day,Clear,Yard,Light loco(s),5,16716,82789,184982,H099,41.295285,-72.928376999999998
MNCW,79075,2023-02-12,9:35 PM,Derailment,0,STAMFORD,CT,35.0,4,Dark,Clear,Yard,Yard/switching,4,12969,11371,24340,H702,41.049303999999999,-73.533315999999999
UP,0823GP052,2023-08-21,12:00 PM,Other impacts,0,DENVER,CO,91.0,2,Day,Clear,Yard,Single Car,0,30878,0,30878,H312,39.781064000000001,-104.99785900000001
LI,68541,2018-09-28,6:56 PM,Other (describe in narrative),0,WYANDANCH,NY,61.0,2,Day,Clear,Main,EMU,80,12791,0,12791,M502,40.756053999999999,-73.352530999999999
WC,1088770,2021-11-22,5:26 PM,Derailment,0,GARY,IN,31.0,4,Dark,Cloudy,Yard,Yard/switching,4,23027,5503,36830,M411,41.629506999999997,-87.406351000000001
BNSF,PR0617109,2017-06-14,11:15 AM,Derailment,0,GRAND VALLEY,CO,76.0,2,Day,Clear,Yard,Freight Train,10,14543,3250,17793,H303,39.465589000000001,-108.035662
IHB,2774,2022-08-15,2:24 AM,Side collision,0,EAST CHICAGO,IN,72.0,4,Dark,Clear,Main,Freight Train,0,54505,0,58023,H221,41.651285999999999,-87.452489
BNSF,PR0915112,2015-09-23,5:10 PM,Raking collision,0,DENVER,CO,85.0,2,Day,Clear,Yard,Light loco(s),5,2200,0,16947,H306,39.775888000000002,-104.98091700000001
BNSF,KS0221107,2021-02-20,2:40 PM,Derailment,0,KANSAS CITY,KS,38.0,2,Day,Clear,Yard,Yard/switching,8,9049,2500,11549,H312,39.083145999999999,-94.680318
UP,0518DV021,2018-05-27,4:00 AM,Derailment,0,DENVER,CO,73.0,4,Dark,Clear,Yard,Light loco(s),0,55375,0,215748,H524,39.793132999999997,-104.998014
FEC,D73123116,2016-12-31,3:23 AM,Obstruction,0,DELRAY BEACH,FL,70.0,4,Dark,Clear,Main,Freight Train,52,3673,15564,19237,M402,26.439439,-80.073853999999997
BNSF,CH1118204,2018-11-28,5:28 AM,Hwy-rail crossing,0,SMITHSHIRE,IL,8.0,1,Dawn,Clear,Main,Freight Train,64,10000,15000,25000,M308,40.803635,-90.749920000000003
IC,887424,2016-05-05,2:00 AM,Side collision,0,HARAHAN,LA,62.0,4,Dark,Clear,Yard,Cut of cars,0,34876,0,82965,H306,29.971744000000001,-90.185961000000006
RTDC,37517,2017-02-14,3:37 AM,Hwy-rail crossing,0,AURORA,CO,20.0,4,Dark,Clear,Main,EMU,69,600000,5000,605000,M309,39.759678000000001,-104.810126
CSX,000199606,2021-08-20,6:42 PM,Side collision,0,INDIANAPOLIS,IN,80.0,3,Dusk,Clear,Yard,Yard/switching,0,72282,48,73586,H999,39.759791,-86.327526000000006
NS,146552,2022-09-21,1:00 PM,Derailment,0,LAFAYETTE,IN,82.0,2,Day,Clear,Yard,Yard/switching,4,46931,82079,129010,H524,40.408934000000002,-86.898424000000006
BNSF,PR0624110,2024-06-28,11:03 AM,Derailment,0,DENVER,CO,85.0,2,Day,Clear,Yard,Freight Train,4,13984,8549,22533,H307,39.755735000000001,-105.003186
MNCW,76787,2022-03-21,2:40 AM,Other impacts,0,NEW HAVEN,CT,44.0,4,Dark,Clear,Yard,Commuter Train - Pulling,5,18272,0,18272,E78L,41.297561000000002,-72.924813999999998
WC,1108377,2022-07-14,7:35 AM,Derailment,0,GARY,IN,75.0,2,Day,Clear,Yard,Yard/switching,3,28200,1813,30013,E30C,41.628559000000003,-87.412003999999996
NS,140153,2021-01-03,2:21 AM,Other impacts,0,ELKHART,IN,25.0,4,Dark,Snow,Yard,Single Car,1,1000,11714,13514,M411,41.67736,-85.978494999999995
CSX,000201357,2021-11-16,1:31 PM,Derailment,0,INDIANAPOLIS,IN,54.0,2,Day,Clear,Yard,Yard/switching,4,18151,0,61691,H305,39.759791,-86.327526000000006
NS,140426,2021-01-31,12:30 AM,Derailment,0,LEESBURG,IN,27.0,4,Dark,Snow,Main,Freight Train,23,1500,50855,52355,E61C,41.333007000000002,-85.844481999999999
BNSF,PR0916116,2016-09-30,1:00 PM,Derailment,0,DENVER,CO,73.0,2,Day,Clear,Yard,Freight Train,8,3253,26000,29253,M401,39.771805999999998,-104.989171
CSX,000204646,2022-04-30,1:00 AM,Side collision,0,INDIANAPOLIS,IN,57.0,4,Dark,Cloudy,Yard,Freight Train,8,170529,26127,475231,H307,39.759798000000004,-86.327516000000003
IC,937377,2017-09-28,9:50 PM,Side collision,0,CONVENT,LA,80.0,4,Dark,Clear,Industry,Freight Train,0,129200,0,138206,H307,30.050242000000001,-90.830515000000005
BNSF,PR0118109,2018-01-15,3:51 PM,Derailment,0,DENVER,CO,25.0,2,Day,Cloudy,Yard,Yard/switching,5,37439,5000,42439,T211,39.775503,-104.983475
UP,0724GC001,2024-07-02,4:23 AM,Other impacts,0,LOTTIE,LA,76.0,1,Dawn,Clear,Yard,Single Car,4,104974,0,105059,M411,30.526986000000001,-91.554018999999997
FEC,D58091816,2016-09-18,5:12 PM,Derailment,0,MIAMI SPRINGS,FL,89.0,2,Day,Clear,Yard,Yard/switching,6,24589,15533,40122,H702,25.830683000000001,-80.309313000000003
ATK,165285,2020-09-02,4:44 PM,Obstruction,0,BERLIN,CT,85.0,2,Day,Clear,Main,Passenger Train - Pulling,95,16000,0,16000,M404,41.609530999999997,-72.766654000000003
MBTA,19139,2019-06-26,3:51 PM,Hwy-rail crossing,0,CHELSEA,MA,84.0,2,Day,Clear,Main,Passenger Train - Pushing,31,45389,11700,57089,M304,42.397821999999998,-71.044830000000005
BNSF,PR1215108,2015-12-08,7:20 PM,Side collision,0,PUEBLO,CO,48.0,3,Dusk,Clear,Yard,Single Car,2,500,0,17500,H018,38.272311999999999,-104.624984
BNSF,PR1023108,2023-10-15,4:24 PM,Derailment,0,PUEBLO,CO,62.0,2,Day,Clear,Main,Freight Train,32,2353722,10400000,12753722,M505,38.389037999999999,-104.619159
BNSF,PR0815106,2015-08-10,12:50 AM,Derailment,0,FOUNTAIN,CO,68.0,4,Dark,Rain,Main,Freight Train,40,1751,2138987,2140738,E65C,38.536808000000001,-104.639314
NS,139026,2020-08-31,5:40 PM,Derailment,0,ELKHART,IN,76.0,3,Dusk,Clear,Yard,Cut of cars,0,250,0,635196,H504,41.67736,-85.978494999999995
UP,0315DV020,2015-03-16,1:00 AM,Derailment,0,LARKSPUR,CO,45.0,4,Dark,Clear,Main,,0,0,66720,68688,H305,39.189537999999999,-104.856238
CSX,000142138,2015-02-26,11:46 PM,Other impacts,0,AVON,IN,5.0,4,Dark,Clear,Yard,Single Car,8,12280,0,13874,E09C,39.759222000000001,-86.353898999999998
BNSF,PR0316103,2016-03-09,4:00 PM,Raking collision,0,PUEBLO,CO,55.0,2,Day,Clear,Yard,Cut of cars,0,800,0,170247,H307,38.281565999999998,-104.634381
UP,0319GL002,2019-03-02,3:36 AM,Derailment,0,HIGHLAND PARK,IL,27.0,4,Dark,Cloudy,Main,Freight Train,36,26952,66230,93182,E53C,42.185724,-87.825661999999994
FEC,X21081218,2018-08-12,9:30 AM,Hwy-rail crossing,0,HOLLY HILL,FL,92.0,2,Day,Clear,Main,Maint./inspect Car,10,15000,0,15000,M399,29.244767,-81.044231999999994
CSX,000164483,2016-11-18,3:00 PM,Derailment,0,BROOKSVILLE,FL,80.0,2,Day,Clear,Industry,Freight Train,0,108276,0,108276,M501,28.584630000000001,-82.419477000000001
BNSF,RD0118108,2018-01-08,8:30 PM,Derailment,0,TULSA,OK,37.0,3,Dusk,Clear,Yard,Yard/switching,6,25234,139886,165120,T219,36.180509000000001,-95.914389
NS,146241,2022-08-19,6:30 PM,Hwy-rail crossing,0,GARY,IN,72.0,3,Dusk,Clear,Main,Freight Train,30,438,14000,14438,M303,41.624851,-87.394034000000005
CSX,000208892,2022-12-17,12:00 AM,Side collision,0,INDIANAPOLIS,IN,32.0,4,Dark,Cloudy,Yard,Light loco(s),4,2266,0,21021,H307,39.759798000000004,-86.327516000000003