reportingrailroadcode,accidentnumber,date,time,accidenttype,hazmatreleasedcars,station,stateabbr,temperature,visibility_code,visibility,weathercondition,tracktype,equipmenttype,trainspeed,equipmentdamagecost,trackdamagecost,totaldamagecost,primaryaccidentcausecode,latitude,longitude
CSX,000204335,2022-04-18,9:42 AM,Derailment,0,GARY,IN,36.0,2,Day,Clear,Yard,Yard/switching,2,23383,0,23483,H514,41.629592000000002,-87.406328999999999
UP,0619RM028,2019-06-22,12:31 AM,Fire/violent rupture,0,DE BEQUE,CO,49.0,4,Dark,Rain,Main,,0,0,0,53000,E73L,39.332518999999998,-108.20926799999999
BNSF,PR0216109,2016-02-09,2:55 AM,Derailment,0,PUEBLO,CO,18.0,4,Dark,Clear,Yard,Yard/switching,6,16487,0,16487,H507,38.277245999999998,-104.631522
UP,0615DV020,2015-06-12,12:02 PM,Fire/violent rupture,0,STEAMBOAT SPGS,CO,50.0,2,Day,Clear,Main,Freight Train,30,33893,0,33893,E79L,40.492780000000003,-106.951393
ATK,135645,2014-12-17,1:12 PM,Other (describe in narrative),0,BRIDGEPORT,CT,53.0,2,Day,Clear,Main,Passenger Train - Pulling,30,20000,0,21200,E78L,41.184694,-73.152251000000007
NS,117807,2015-10-16,1:15 AM,Derailment,0,SLOAN,NY,43.0,4,Dark,Clear,Yard,Freight Train,4,14500,750,15250,H702,42.890000999999998,-78.780743000000001
CSX,000207564,2022-09-30,9:20 PM,Side collision,0,OAKTOWN,IN,53.0,4,Dark,Clear,Industry,Freight Train,5,5481,0,26308,H702,38.871732999999999,-87.439665000000005
UP,0215DV014,2015-02-23,3:30 PM,Derailment,0,ENGLEWOOD,CO,15.0,2,Day,Cloudy,Industry,Freight Train,10,1360,190951,192311,M501,39.635418999999999,-105.007345
CSX,000205422,2022-06-07,5:00 AM,Other impacts,0,LOUISVILLE,KY,68.0,1,Dawn,Clear,Yard,Cut of cars,0,17930,0,17930,E39C,38.160739999999997,-85.749135999999993
NS,146174,2022-08-14,8:40 AM,Derailment,0,LYDICK,IN,72.0,2,Day,Clear,Main,Freight Train,25,12431,744,13175,M202,41.691316999999998,-86.372173000000004
BNSF,PR0824105,2024-08-18,10:31 PM,Derailment,0,DENVER,CO,72.0,4,Dark,Clear,Yard,Freight Train,5,13600,5862,19462,H307,39.764066999999997,-104.99290499999999
MNCW,83164,2024-08-02,12:48 AM,Other (describe in narrative),0,NEW HAVEN,CT,77.0,4,Dark,Clear,Yard,EMU,10,58030,21600,79630,H607,41.294764000000001,-72.928365999999997
UP,0719GP024,2019-07-21,12:00 PM,Other impacts,0,DENVER,CO,78.0,2,Day,Clear,Yard,Single Car,0,34989,0,34989,H318,39.786037999999998,-104.998437
BNSF,PR0917106,2017-09-12,3:36 AM,Derailment,0,DENVER,CO,65.0,4,Dark,Clear,Yard,Yard/switching,5,12187,300,12487,H312,39.768807000000002,-104.99155
NS,146150,2022-08-12,9:50 AM,Other impacts,0,NEW HAVEN,IN,76.0,2,Day,Clear,Yard,Yard/switching,5,14200,1285,15485,H312,41.074120000000001,-85.043588999999997
UP,0819HL003,2019-08-01,4:24 PM,Other (describe in narrative),0,ONAGA,KS,83.0,2,Day,Cloudy,Main,Freight Train,24,159,694257,694516,M202,39.558661000000001,-96.278638000000001
NS,146122,2022-08-08,7:28 AM,Derailment,0,LOUISVILLE,KY,75.0,1,Dawn,Clear,Main,Freight Train,3,53587,103823,157410,H503,38.252186999999999,-85.802588
BNSF,SF0616117,2016-06-17,1:00 PM,Derailment,0,TULSA,OK,98.0,2,Day,Clear,Yard,Yard/switching,4,7919,2800,10719,H507,36.122660000000003,-96.012541999999996
BNSF,PR0222108,2022-02-12,7:22 AM,Derailment,0,DENVER,CO,16.0,1,Dawn,Cloudy,Yard,Freight Train,4,170343,148350,318693,H505,39.762362000000003,-104.99618700000001
BNSF,PR1214119,2014-12-30,3:22 AM,Derailment,0,WALSENBURG,CO,-11.0,4,Dark,Cloudy,Main,,0,0,33679,36477,H702,37.625701999999997,-104.781492
NS,152240,2023-02-07,4:00 PM,Hwy-rail crossing,0,OSCEOLA,IN,48.0,3,Dusk,Cloudy,Main,Freight Train,56,500,25822,26322,M303,41.662821999999998,-86.070672999999999
CSX,000140278,2015-01-19,9:20 AM,Side collision,0,NEW ORLEANS,LA,66.0,2,Day,Clear,Yard,Yard/switching,4,14035,942,15440,H399,30.006007,-90.019369999999995
BNSF,RD1117118,2017-11-14,6:15 AM,Other impacts,0,SEWARD,OK,55.0,1,Dawn,Clear,Main,Freight Train,28,16611,0,16611,E33C,35.811343000000001,-97.473135999999997
UP,0518DV002,2018-05-02,6:06 PM,Hwy-rail crossing,0,LA SALLE,CO,50.0,3,Dusk,Rain,Main,Freight Train,59,32345,33,32378,M303,40.301375,-104.75396499999999
MBTA,3026,2015-11-20,11:06 AM,Hwy-rail crossing,0,NEWBURY,MA,59.0,2,Day,Clear,Main,Passenger Train - Pushing,24,14194,6803,20997,M304,42.790505000000003,-70.875760999999997
BNSF,KS0323108,2023-03-11,4:20 PM,Derailment,0,LA JUNTA,CO,60.0,2,Day,Clear,Yard,Freight Train,6,213913,7594,221507,H008,37.989542999999998,-103.543392
MNCW,2019156,2019-10-14,10:45 AM,Rear end collision,0,NORWALK,CT,60.0,2,Day,Clear,Main,Spec. MoW Equip.,10,52,0,21084,H607,41.133485,-73.425110000000004
BNSF,PR0416106,2016-04-22,8:45 PM,Derailment,0,PUEBLO,CO,65.0,3,Dusk,Clear,Yard,Yard/switching,2,15620,12500,28120,H504,38.268141,-104.620571
MNCW,82805,2024-06-23,2:45 PM,Obstruction,0,NEW HAVEN,CT,85.0,2,Day,Cloudy,Main,Spec. MoW Equip.,0,20155,0,31155,H997,41.288308000000001,-72.939352
UP,0419GP007,2019-04-03,8:15 AM,Hwy-rail crossing,0,PLATTEVILLE,CO,37.0,2,Day,Cloudy,Main,Freight Train,46,63053,99,63152,M303,40.260846000000001,-104.799834
BNSF,KS0323119,2023-03-26,5:40 AM,Derailment,0,LA JUNTA,CO,16.0,1,Dawn,Clear,Yard,Freight Train,2,16382,8000,24382,H607,37.988554999999998,-103.55146499999999
CSX,000190739,2020-06-11,1:20 AM,Derailment,0,WILMINGTON,DE,80.0,4,Dark,Rain,Yard,Yard/switching,4,35174,1000,36174,H704,39.759472000000002,-75.560376000000005
NS,114133,2015-02-02,3:55 AM,Other impacts,0,NEW HAVEN,IN,14.0,4,Dark,Snow,Yard,Yard/switching,4,45670,0,45670,H318,41.074134999999998,-85.038856999999993
UP,0315NP001,2015-03-03,12:49 PM,Derailment,0,NORTH PLATTE,NE,29.0,2,Day,Clear,Yard,Yard/switching,4,17766,66,17832,H303,41.150889999999997,-100.80999799999999
NS,146364,2022-08-30,5:45 PM,Other impacts,0,SCHNEIDER,IN,86.0,3,Dusk,Clear,Main,Spec. MoW Equip.,3,0,0,32000,H997,41.188667000000002,-87.478144
ALS,20180817,2018-08-17,1:15 PM,Derailment,0,EAST ST LOUIS,IL,91.0,2,Day,Clear,Yard,Yard/switching,4,22850,15744,38594,H999,38.588554999999999,-90.135731000000007
PW,150602,2015-06-15,5:35 AM,Derailment,0,GROTON,CT,60.0,1,Dawn,Cloudy,Yard,Freight Train,8,32200,8200,40400,H704,41.366340999999998,-72.082479000000006
ATK,148383,2017-07-11,3:16 PM,Hwy-rail crossing,0,SEBRING,FL,88.0,2,Day,Cloudy,Main,Passenger Train - Pulling,71,11477,0,11574,M308,27.437746000000001,-81.240266000000005
BNSF,PR0419108,2019-04-11,2:33 PM,Derailment,0,LONGMONT,CO,45.0,2,Day,Clear,Yard,Freight Train,9,26800,12000,38800,T221,40.180670999999997,-105.16209600000001
ATK,177527,2023-12-11,5:31 PM,Obstruction,0,WASHINGTON,DC,41.0,3,Dusk,Clear,Main,Passenger Train - Pulling,14,55137,0,55137,M402,38.89922,-77.005499999999998
NS,139797,2020-11-20,5:18 AM,Other (describe in narrative),0,ELKHART,IN,52.0,1,Dawn,Clear,Yard,Cut of cars,0,22289,0,26966,M599,41.677391,-85.978436000000002
RJCC,RJCC1803,2018-06-12,10:45 PM,Other impacts,0,LEXINGTON,KY,70.0,4,Dark,Cloudy,Main,Freight Train,33,18654,0,40841,H017,38.100078000000003,-84.572295999999994
MNCW,77014,2022-04-24,10:45 PM,Other impacts,0,NEW HAVEN,CT,49.0,4,Dark,Clear,Yard,EMU,7,18272,0,18272,E78L,41.292515000000002,-72.929627999999994
CSX,000177522,2018-07-11,1:38 PM,Other impacts,0,TAMPA,FL,91.0,2,Day,Clear,Yard,Cut of cars,0,5057,0,16553,H018,27.955840999999999,-82.389522999999997
CSX,000204848,2022-05-09,2:00 PM,Obstruction,0,LEBANON,IN,57.0,2,Day,Clear,Industry,Freight Train,2,998,20349,21347,H307,40.037987999999999,-86.480069
NS,140153,2021-01-03,2:21 AM,Other impacts,0,ELKHART,IN,25.0,4,Dark,Snow,Yard,Single Car,0,800,0,13514,M411,41.67736,-85.978494999999995
MNCW,81396,2023-12-12,5:10 AM,Derailment,0,STAMFORD,CT,32.0,1,Dawn,Clear,Yard,EMU,4,127454,15198,142652,H702,41.049748000000001,-73.532145999999997
UP,0622HL009,2022-06-09,9:35 PM,Derailment,0,KANSAS CITY,KS,75.0,4,Dark,Cloudy,Yard,Freight Train,3,13567,2640,16207,H701,39.090065000000003,-94.616484999999997
WE,200075,2020-09-28,12:20 AM,Derailment,0,CANTON,OH,55.0,4,Dark,Clear,Yard,Yard/switching,4,113230,310,113540,H020,40.769297000000002,-81.412569000000005
UP,0719GP024,2019-07-21,12:00 PM,Other impacts,0,DENVER,CO,78.0,2,Day,Clear,Yard,Yard/switching,4,0,0,34989,H318,39.786037999999998,-104.998437
UP,0518DV021,2018-05-27,4:00 AM,Derailment,0,DENVER,CO,73.0,4,Dark,Clear,Yard,Yard/switching,5,105728,54645,215748,H524,39.793132999999997,-104.998014
NS,113874,2015-01-16,12:50 PM,Derailment,0,ELKHART,IN,30.0,2,Day,Cloudy,Yard,Yard/switching,2,35756,80343,116099,H020,41.677391,-85.978436000000002
UP,0718DV002,2018-07-03,3:43 AM,Derailment,0,DENVER,CO,68.0,4,Dark,Cloudy,Yard,Cut of cars,0,33661,0,227472,T220,39.786180000000002,-104.99858399999999
FEC,D47073017,2017-07-30,5:57 AM,Derailment,0,JACKSONVILLE,FL,77.0,1,Dawn,Rain,Main,,0,0,15433,41884,T220,30.360828000000001,-81.723355999999995
UP,0619GP051,2019-06-11,12:00 PM,Other (describe in narrative),0,NORTH PLATTE,NE,64.0,2,Day,Cloudy,Yard,Single Car,0,12940,0,12940,M201,41.145653000000003,-100.804614
MNCW,2019156,2019-10-14,10:45 AM,Rear end collision,0,NORWALK,CT,60.0,2,Day,Clear,Main,Spec. MoW Equip.,0,4262,0,21084,H607,41.133485,-73.425110000000004
MNCW,76890,2022-04-04,1:00 AM,Other impacts,0,NEW HAVEN,CT,40.0,4,Dark,Clear,Yard,EMU,0,22510,0,45020,M507,41.297947999999998,-72.924717999999999
BNSF,RD0723205,2023-07-24,5:14 PM,Hwy-rail crossing,0,LUCIEN,OK,95.0,3,Dusk,Clear,Main,Freight Train,39,15000,0,15000,M302,36.277234999999997,-97.461241000000001
UP,0823GP038,2023-08-27,3:50 AM,Derailment,0,DENVER,CO,62.0,4,Dark,Clear,Yard,Light loco(s),5,8562,6096,14658,H307,39.785539999999997,-104.998921
ATK,178646,2024-02-29,2:01 PM,Derailment,0,WASHINGTON,DC,53.0,2,Day,Clear,Yard,Passenger Train - Pulling,5,30645,19915,50560,H702,38.916269,-76.984514000000004
CSX,000209680,2023-02-07,4:42 AM,Other impacts,0,AVON,IN,46.0,4,Dark,Clear,Yard,Cut of cars,4,68730,0,111273,M407,39.759821000000002,-86.327532000000005
BNSF,PR1018107,2018-10-11,5:15 AM,Derailment,0,PUEBLO,CO,45.0,1,Dawn,Rain,Yard,Yard/switching,6,62746,1500,68246,H307,38.269587999999999,-104.622186
MNCW,76890,2022-04-04,1:00 AM,Other impacts,0,NEW HAVEN,CT,40.0,4,Dark,Clear,Yard,Yard/switching,1,22510,0,45020,M507,41.297947999999998,-72.924717999999999
UP,0818DV013,2018-08-24,8:27 AM,Hwy-rail crossing,0,BRIGHTON,CO,92.0,2,Day,Clear,Main,Freight Train,12,27148,95677,122825,M303,40.000487999999997,-104.81608900000001
FEC,X24082418,2018-08-24,8:45 AM,Hwy-rail crossing,0,DEERFIELD BEACH,FL,80.0,2,Day,Clear,Main,Freight Train,51,7586,12524,20110,M304,26.317934000000001,-80.090739999999997
UP,0320HL030,2020-03-25,2:40 AM,Other impacts,0,HERINGTON,KS,48.0,4,Dark,Clear,Yard,Single Car,2,15311,0,21866,H312,38.684820999999999,-96.949254999999994
BNSF,HL0124123,2024-01-30,10:44 AM,Derailment,0,CATOOSA,OK,63.0,2,Day,Clear,Industry,Freight Train,6,9940,210000,219940,M505,36.217312,-95.757883000000007
CDOT,152148,2018-02-28,3:36 AM,Obstruction,0,NEW HAVEN,CT,35.0,4,Dark,Clear,Main,Commuter Train - Pulling,59,18276,0,18276,M402,41.308273999999997,-72.927882999999994
MNCW,2019157,2019-10-15,9:40 AM,Other (describe in narrative),0,NEW HAVEN,CT,60.0,2,Day,Clear,Yard,EMU,10,0,17991,17991,H704,41.293004000000003,-72.929586999999998
UP,0717DV004,2017-07-08,10:35 AM,Hwy-rail crossing,0,PLATTEVILLE,CO,75.0,2,Day,Clear,Main,Freight Train,43,47610,150,47760,M303,40.245820000000002,-104.816586
UP,1216PD018,2016-12-21,5:00 PM,Hwy-rail crossing,0,PORTLAND,OR,40.0,2,Day,Clear,Main,Freight Train,29,50716,0,50716,M303,45.577269000000001,-122.65366
CRSH,146886,2024-07-10,8:35 AM,Other impacts,0,NEWARK,NJ,92.0,2,Day,Clear,Yard,Freight Train,5,70052,5334,1794263,H307,40.714582999999998,-74.158927000000006
BNSF,KS0220203,2020-02-21,9:22 AM,Hwy-rail crossing,0,NEWTON,KS,24.0,2,Day,Clear,Main,Freight Train,28,500,12990,13490,M308,38.042734000000003,-97.351641999999998
CSX,000169561,2017-06-12,6:08 PM,Hwy-rail crossing,0,CALLAHAN,FL,76.0,3,Dusk,Rain,Main,,0,0,97,28090,M302,30.561084999999999,-81.836416
ATK,148229,2017-07-03,12:51 PM,Derailment,0,WASHINGTON,DC,91.0,2,Day,Clear,Yard,Yard/switching,8,24143,2195,26338,H307,38.90231,-77.005094999999997
ATK,147094,2017-04-16,5:26 PM,Other (describe in narrative),0,MYSTIC GROTON,CT,60.0,2,Day,Clear,Main,Passenger Train - Pulling,60,11245,12000,23245,E78L,41.346780000000003,-71.975082999999998
NS,141120,2021-04-03,3:45 PM,Other impacts,0,ELKHART,IN,65.0,2,Day,Clear,Yard,Yard/switching,5,21235,9796,31792,M411,41.677391,-85.978436000000002
CFRC,17013,2017-01-13,1:35 PM,Hwy-rail crossing,0,KISSIMMEE,FL,75.0,2,Day,Cloudy,Main,,0,0,18195,26428,M304,28.304513,-81.399433999999999
BNSF,KS0324108,2024-03-13,12:54 PM,Derailment,0,LA JUNTA,CO,60.0,2,Day,Clear,Yard,Freight Train,7,70774,20766,91540,H607,37.988695999999997,-103.549485
MNCW,82958,2024-07-10,5:01 AM,Other (describe in narrative),0,STAMFORD,CT,77.0,4,Dark,Clear,Main,EMU,5,0,49112,49112,H406,41.048561999999997,-73.537419
ATK,140620,2015-12-31,3:20 PM,Derailment,0,SANFORD,FL,5.0,2,Day,Clear,Yard,Light loco(s),2,14700,0,14700,H303,28.807255000000001,-81.289227999999994
FEC,D72121716,2016-12-17,5:27 PM,Other (describe in narrative),0,STUART,FL,75.0,4,Dark,Clear,Main,Freight Train,49,10745,228892,239637,E53C,27.130177,-80.169839999999994
BNSF,PR0617110,2017-06-13,11:45 PM,Derailment,0,DENVER,CO,65.0,4,Dark,Clear,Yard,Yard/switching,4,7034,1800,15868,H309,39.768357000000002,-104.991527
UP,0517DV031,2017-05-30,5:22 PM,Derailment,0,PUEBLO,CO,80.0,3,Dusk,Rain,Yard,Freight Train,8,4560,21937,26497,H702,38.273882,-104.630247
IC,937377,2017-09-28,9:50 PM,Side collision,0,CONVENT,LA,80.0,4,Dark,Clear,Industry,Freight Train,4,6000,3006,138206,H307,30.050242000000001,-90.830515000000005
RTDC,103126,2019-06-01,7:16 AM,Obstruction,0,WHEAT RIDGE,CO,72.0,1,Dawn,Clear,Main,EMU,5,60955,0,60955,H605,39.786949,-105.137441
UP,0724GC012,2024-07-16,11:02 AM,Other impacts,0,LOTTIE,LA,87.0,2,Day,Clear,Yard,Single Car,2,282,0,13053,M411,30.521767000000001,-91.552719999999994
NS,139492,2020-10-21,8:59 AM,Hwy-rail crossing,0,PAYNE,OH,59.0,2,Day,Clear,Main,Freight Train,39,66,20000,20066,M303,41.077688000000002,-84.803346000000005
NS,116590,2015-07-18,4:56 AM,Derailment,0,CHRISNEY,IN,77.0,1,Dawn,Clear,Industry,Freight Train,10,10795,800,11595,H702,37.973568999999998,-87.039169999999999
NS,129341,2018-05-02,6:00 PM,Derailment,0,CHICAGO,IL,72.0,3,Dusk,Rain,Yard,Cut of cars,0,76950,730,77680,M105,41.796536000000003,-87.635029000000003
CSX,000180642,2019-01-08,3:00 AM,Other impacts,0,SELKIRK,NY,25.0,4,Dark,Cloudy,Yard,Single Car,7,9680,0,22357,E09C,42.565902999999999,-73.854184000000004
NS,151894,2023-01-02,7:30 AM,Other impacts,0,BELLEVUE,OH,48.0,1,Dawn,Rain,Yard,Single Car,4,0,0,194991,H312,41.288344000000002,-82.803528999999997
BLF,20190162,2019-04-12,11:59 AM,Other (describe in narrative),0,POMPANO BEACH,FL,80.0,2,Day,Clear,Main,Passenger Train - Pulling,79,15325,0,15325,M599,26.203612,-80.132372000000004
GTW,1114421,2022-09-21,9:36 AM,Rear end collision,0,MERRILLVILLE,IN,85.0,2,Day,Clear,Main,Maint./inspect Car,0,28283,0,28283,H993,41.500692000000001,-87.300110000000004
UP,0224GP016,2024-02-12,7:00 AM,Derailment,0,DENVER,CO,27.0,2,Day,Clear,Yard,Yard/switching,4,34426,0,34426,H318,39.768822999999998,-104.863226
TSWS,9122018001,2018-06-06,3:45 PM,Derailment,0,JOLIET,IL,90.0,2,Day,Clear,Yard,Yard/switching,14,90000,0,90000,H601,41.47616,-88.105001000000001
BRC,14145,2018-07-16,9:43 AM,Derailment,0,CHICAGO,IL,85.0,2,Day,Clear,Main,,0,0,51841,72154,H518,41.723709999999997,-87.552194999999998
BLF,20180039,2018-02-14,8:11 PM,Hwy-rail crossing,0,BOCA RATON,FL,75.0,4,Dark,Clear,Main,Passenger Train - Pulling,22,20532,0,20692,M303,26.340083,-80.089584000000002
CSX,000200284,2021-09-23,10:30 AM,Other impacts,0,WILMINGTON,DE,72.0,2,Day,Rain,Yard,Cut of cars,4,21584,0,21684,H310,39.759472000000002,-75.560376000000005
UP,1017DV025,2017-10-26,5:20 PM,Hwy-rail crossing,0,GREELEY,CO,40.0,2,Day,Clear,Main,Freight Train,57,41303,17247,58550,M303,40.466458000000003,-104.69651399999999
BNSF,RD0723123,2023-07-23,11:22 PM,Derailment,0,ENID,OK,85.0,4,Dark,Clear,Yard,Freight Train,6,157428,522996,680424,H307,36.412370000000003,-97.852568000000005
ATK,151334,2018-01-05,4:20 PM,Derailment,0,WILMINGTON,DE,14.0,2,Day,Clear,Yard,Light loco(s),5,10889,0,10889,H703,39.739071000000003,-75.539787000000004
NS,151612,2022-12-01,12:00 AM,Derailment,0,WEST FAIRVIEW,PA,32.0,4,Dark,Clear,Main,Cut of cars,2,158214,595,158809,H506,40.279833000000004,-76.922471999999999
UP,0618DV004,2018-06-04,3:50 AM,Other impacts,0,DENVER,CO,58.0,4,Dark,Clear,Yard,Yard/switching,7,958,2415,52413,H318,39.769840000000002,-104.976857
ATK,144913,2016-11-02,2:55 PM,Derailment,0,SANFORD,FL,85.0,2,Day,Clear,Yard,Passenger Train - Pulling,5,42078,6000,48078,H305,28.807276000000002,-81.288568999999995
UP,1115DV001,2015-11-01,2:51 PM,Derailment,0,WALSENBURG,CO,65.0,2,Day,Clear,Yard,,0,0,5784,220784,E64C,37.618485,-104.79582499999999
BNSF,CH1223111,2023-12-25,1:15 PM,Derailment,0,NAPERVILLE,IL,50.0,2,Day,Rain,Main,Freight Train,50,6804,99000,105804,E61C,41.783555,-88.120891
UP,1118DV009,2018-11-22,9:35 PM,Derailment,0,DENVER,CO,46.0,4,Dark,Clear,Yard,Yard/switching,2,5798,134934,140732,H524,39.775188,-104.96154900000001
CSX,000180642,2019-01-08,3:00 AM,Other impacts,0,SELKIRK,NY,25.0,4,Dark,Cloudy,Yard,Single Car,7,12677,0,22357,E09C,42.565902999999999,-73.854184000000004
NS,139026,2020-08-31,5:40 PM,Derailment,0,ELKHART,IN,76.0,3,Dusk,Clear,Yard,Cut of cars,0,0,0,635196,H504,41.67736,-85.978494999999995
SLRG,SL112915D,2015-11-29,3:50 AM,Derailment,0,LA VETA,CO,27.0,4,Dark,Cloudy,Main,Freight Train,6,815027,0,815027,H513,37.495302000000002,-105.146657
NS,145199,2022-05-06,12:04 PM,Derailment,0,ABOITE,IN,51.0,2,Day,Rain,Industry,Freight Train,3,147356,63354,210710,H503,40.994050999999999,-85.338823000000005
UP,0220HL005,2020-02-05,5:30 AM,Other impacts,0,KANSAS CITY,KS,29.0,1,Dawn,Cloudy,Yard,Light loco(s),2,100,1060,30655,H308,39.095759999999999,-94.656809999999993
BLF,20200004,2020-01-04,8:06 AM,Hwy-rail crossing,0,POMPANO BEACH,FL,80.0,2,Day,Clear,Main,Passenger Train - Pulling,79,16694,0,17350,M308,26.153749999999999,-80.070400000000006
FEC,D52090616,2016-09-06,5:25 PM,Derailment,0,DANIA,FL,86.0,2,Day,Clear,Industry,Freight Train,10,25275,10850,36125,H522,26.083503,-80.129256999999996
BNSF,PR0621102,2021-06-06,3:30 PM,Derailment,0,LONGMONT,CO,84.0,2,Day,Clear,Yard,Freight Train,3,12500,200,12700,H306,40.158636000000001,-105.086778
NS,131745,2018-11-20,9:35 PM,Derailment,0,JACKSONVILLE,FL,70.0,4,Dark,Clear,Industry,Freight Train,4,64206,3187,67393,T217,30.360828000000001,-81.723355999999995
UP,0418PR002,2018-04-02,9:20 AM,Other impacts,0,NORTHLAKE,IL,30.0,2,Day,Cloudy,Yard,Single Car,3,18464,0,22260,M411,41.949269999999999,-87.910839999999993
BNSF,PR0315200,2015-03-13,5:30 PM,Hwy-rail crossing,0,PUEBLO,CO,47.0,3,Dusk,Cloudy,Main,Freight Train,38,28759,0,28759,M308,38.158822999999998,-104.615674
NS,153353,2023-06-14,4:49 PM,Derailment,0,ELKHART,IN,75.0,3,Dusk,Clear,Yard,Yard/switching,10,26981,35221,62202,H505,41.677391999999998,-85.978437
CSX,000207564,2022-09-30,9:20 PM,Side collision,0,OAKTOWN,IN,53.0,4,Dark,Clear,Industry,Freight Train,0,20827,0,26308,H702,38.871732999999999,-87.439665000000005
NS,121916,2016-09-01,2:07 PM,Derailment,0,MIDDLESBOROUGH,KY,86.0,2,Day,Clear,Industry,Freight Train,5,24302,17153,41455,H703,36.614122999999999,-83.771989000000005
WC,1100120,2022-04-18,9:42 AM,Derailment,0,GARY,IN,36.0,2,Day,Cloudy,Yard,,0,0,100,23483,H514,41.629592000000002,-87.406328999999999
NS,151440,2022-11-10,10:00 PM,Derailment,0,DANVILLE,KY,45.0,4,Dark,Cloudy,Yard,Freight Train,10,397771,37002,877945,M505,37.626669999999997,-84.783730000000006
TZPR,TZP587718A,2018-02-25,5:30 AM,Obstruction,0,PEKIN,IL,38.0,1,Dawn,Clear,Main,,0,0,10680,11180,M404,40.621985000000002,-89.626412999999999
BNSF,PR0315113,2015-03-22,9:35 AM,Derailment,0,HUDSON,CO,58.0,2,Day,Cloudy,Main,Freight Train,38,2095828,1006916,3102744,E62C,40.166134999999997,-104.411064
DCR,201031DCR,2020-10-31,4:00 PM,Other impacts,0,HARRINGTON,DE,64.0,2,Day,Clear,Yard,Cut of cars,10,70150,0,70150,H318,38.89819,-75.576504
DQE,ID240097,2024-04-23,12:25 AM,Derailment,0,WRIGHT CITY,OK,52.0,4,Dark,Clear,Main,Freight Train,21,80000,700000,780000,E53C,34.034219999999998,-94.949134999999998
BNSF,PR0415119,2015-04-24,4:00 AM,Derailment,0,ROCKY MT ARSENAL,CO,45.0,4,Dark,Clear,Yard,Yard/switching,0,11814,0,11814,E0HC,39.861798,-104.878613
UP,0317DV040,2017-03-29,3:00 PM,Derailment,0,EATON,CO,59.0,2,Day,Clear,Industry,Yard/switching,5,750,14256,15006,T220,40.521790000000003,-104.70804699999999
BNSF,PR0524114,2024-05-25,10:55 AM,Other (describe in narrative),0,DENVER,CO,60.0,2,Day,Clear,Yard,Yard/switching,6,0,22600,22600,H018,39.771895999999998,-104.99739
NIRC,MRK009,2017-02-08,9:05 AM,Derailment,0,CHICAGO,IL,30.0,2,Day,Cloudy,Yard,Light loco(s),5,17311,55893,73204,H399,41.893599999999999,-87.697999999999993
MNCW,78069,2022-09-23,4:33 AM,Derailment,0,NEW HAVEN,CT,55.0,4,Dark,Clear,Yard,Yard/switching,9,26107,14905,41012,H211,41.294001000000002,-72.929215999999997
UP,0216DV019,2016-02-29,6:30 PM,Derailment,0,DENVER,CO,45.0,4,Dark,Clear,Yard,Yard/switching,4,14921,52873,67794,H702,39.762804000000003,-104.98636500000001
UP,1022GP027,2022-10-31,1:15 PM,Derailment,0,COLORADO SPRINGS,CO,61.0,2,Day,Clear,Industry,Single Car,10,110232,6392,116624,M504,38.855130000000003,-104.83215300000001
MNCW,2019156,2019-10-14,10:45 AM,Rear end collision,0,NORWALK,CT,60.0,2,Day,Clear,Main,Spec. MoW Equip.,0,9328,0,21084,H607,41.133485,-73.425110000000004
UP,0423RM033,2023-04-03,12:06 PM,Obstruction,0,BOND,CO,50.0,2,Day,Cloudy,Main,,0,0,0,0,M404,39.866723,-106.640394
UP,0819HL003,2019-08-01,4:24 PM,Other (describe in narrative),0,ONAGA,KS,83.0,2,Day,Cloudy,Main,Freight Train,21,100,0,694516,M202,39.558661000000001,-96.278638000000001
BNSF,PR0119103,2019-01-02,8:45 PM,Derailment,0,DENVER,CO,24.0,3,Dusk,Clear,Yard,Yard/switching,6,64520,5000,69520,H503,39.762329999999999,-104.995541
NICD,N2200003,2022-03-21,11:00 PM,Derailment,0,CHESTERTON,IN,41.0,4,Dark,Clear,Main,Cut of cars,5,24430,6859,31289,H307,41.645341000000002,-87.059815999999998
WC,1120794,2022-12-14,9:44 PM,Side collision,0,GARY,IN,37.0,4,Dark,Rain,Yard,Single Car,5,8950,0,48137,S016,41.629815000000001,-87.412032999999994
NS,115342,2015-04-20,8:20 AM,Raking collision,0,NEWARK,NJ,51.0,2,Day,Rain,Yard,Freight Train,5,11000,0,13000,H302,40.713667999999998,-74.142477
UP,1015DV009,2015-10-21,2:10 PM,Derailment,0,PUEBLO,CO,50.0,2,Day,Rain,Yard,Yard/switching,4,14156,99,14255,E39C,38.273080999999998,-104.628748
BNSF,MT1119103,2019-11-14,8:50 PM,Derailment,0,BROADVIEW,MT,38.0,3,Dusk,Clear,Siding,Freight Train,0,2000,0,126000,H504,46.054552000000001,-108.846495
BNSF,KS0920102,2020-09-06,10:57 AM,Derailment,0,KANSAS CITY,KS,85.0,2,Day,Clear,Yard,Yard/switching,4,53101,0,53101,S016,39.085763999999998,-94.691032000000007
BNSF,KS0720203,2020-07-27,3:57 PM,Hwy-rail crossing,0,BURRTON,KS,90.0,2,Day,Clear,Main,Light loco(s),69,136932,168450,305382,M302,38.013572000000003,-97.591999000000001
BNSF,KS0816103,2016-08-15,8:25 AM,Side collision,0,KANSAS CITY,KS,81.0,1,Dawn,Cloudy,Yard,Yard/switching,5,105836,0,175836,H607,39.079644000000002,-94.667004000000006