reportingrailroadcode,accidentnumber,date,time,accidenttype,hazmatreleasedcars,station,stateabbr,temperature,visibility_code,visibility,weathercondition,tracktype,equipmenttype,trainspeed,equipmentdamagecost,trackdamagecost,totaldamagecost,primaryaccidentcausecode,latitude,longitude
FEC,D10012821,2021-01-28,10:30 PM,Side collision,0,MIAMI-DADE,FL,57.0,4,Dark,Clear,Industry,Yard/switching,4,19586,188,19774,H302,25.876977,-80.373771000000005
CSX,000180115,2018-11-28,8:26 AM,Hwy-rail crossing,0,MIAMI-DADE,FL,54.0,2,Day,Clear,Yard,Yard/switching,8,21839,0,21936,M304,25.799489999999999,-80.248289999999997
CSX,000205703,2022-06-18,9:30 PM,Derailment,0,GIBSONTON,FL,83.0,4,Dark,Clear,Industry,Cut of cars,0,2549,0,24852,M506,27.80791,-82.375215999999995
BNSF,GC0416106,2016-04-13,10:41 AM,Derailment,0,LAFAYETTE,LA,70.0,2,Day,Cloudy,Yard,Freight Train,9,127077,260000,387077,E46C,30.234942,-92.070700000000002
FEC,D68101421,2021-10-14,11:50 AM,Derailment,0,ST AUGUSTINE,FL,90.0,2,Day,Clear,Industry,Freight Train,9,15000,5057,20057,M599,29.837246,-81.388029000000003
UP,0415LV027,2015-04-27,10:55 AM,Derailment,0,JEFFERSON,LA,75.0,2,Day,Rain,Main,Freight Train,4,280850,0,662135,M105,29.95898,-90.181850999999995
SKOL,160913001,2016-09-13,8:00 AM,Derailment,0,THAYER,KS,80.0,2,Day,Clear,Industry,Freight Train,5,9500,6000,15500,T220,37.485618000000002,-95.470087000000007
SCXF,20191025R,2019-10-25,12:00 PM,Hwy-rail crossing,0,PAHOKEE,FL,90.0,2,Day,Clear,Main,Freight Train,33,350000,50000,400000,M302,26.748441,-80.659561999999994
IHB,2209,2016-04-29,11:36 AM,Other impacts,0,EAST CHICAGO,IN,50.0,2,Day,Cloudy,Yard,Yard/switching,4,13476,0,13476,H018,41.644067,-87.459181999999998
IC,1142923,2023-10-13,9:10 PM,Obstruction,0,PEOTONE,IL,56.0,4,Dark,Cloudy,Main,,0,0,0,0,M404,41.299557,-87.808006000000006
FEC,X29092518,2018-09-25,6:55 PM,Hwy-rail crossing,0,HOLLYWOOD,FL,80.0,3,Dusk,Clear,Main,,0,0,383,14731,M308,26.003954,-80.148792
BRC,14758,2024-04-04,2:00 PM,Raking collision,0,BEDFORD PARK,IL,42.0,2,Day,Clear,Yard,,0,31270,0,31712,H210,41.463999999999999,-87.454499999999996
CSX,000155146,2015-12-14,5:07 AM,Other impacts,0,WAYCROSS,GA,68.0,4,Dark,Clear,Yard,Freight Train,7,0,0,168788,H305,31.205611000000001,-82.363512
SAPT,SAP936222,2022-03-23,1:58 AM,Derailment,0,GARDEN CITY,GA,66.0,4,Dark,Clear,Yard,Yard/switching,6,85000,1500,86500,H307,32.137447000000002,-81.155801999999994
UP,0821MA001,2021-08-02,10:28 AM,Other impacts,0,NORTH LITTLE ROCK,AR,77.0,2,Day,Cloudy,Yard,Cut of cars,5,2483,0,33184,M411,34.775331999999999,-92.222234999999998
BLF,20220523,2022-05-31,4:16 PM,Other (describe in narrative),0,POMPANO BEACH,FL,82.0,2,Day,Clear,Main,Passenger Train - Pulling,79,15436,0,15436,M599,26.260777999999998,-80.117568000000006
GIMY,GIM821216,2016-01-20,11:30 AM,Derailment,0,SAVANNAH,GA,60.0,2,Day,Clear,Yard,Yard/switching,8,157202,1000,158202,H704,32.051367999999997,-81.155838000000003
ATK,156933,2018-12-30,5:00 PM,Raking collision,0,MANSFIELD,MA,33.0,3,Dusk,Clear,Main,Passenger Train - Pulling,125,9023,0,17954,E89C,42.033157000000003,-71.218732000000003
FEC,X14032019,2019-03-20,11:39 PM,Hwy-rail crossing,0,MIAMI-DADE,FL,80.0,4,Dark,Clear,Main,,0,0,1122,17762,M399,25.890758999999999,-80.170646000000005
CFE,CFE413723D,2023-05-10,2:35 PM,Derailment,0,FORT WAYNE,IN,74.0,2,Day,Clear,Yard,Cut of cars,0,13000,0,38816,M405,41.056168999999997,-85.085521999999997
NS,122395,2016-10-12,7:21 PM,Hwy-rail crossing,0,GARY,IN,58.0,3,Dusk,Clear,Main,Freight Train,40,90,20000,20090,M308,41.610379999999999,-87.222520000000003
SCXF,20181004,2018-10-04,2:00 PM,Hwy-rail crossing,0,FT PIERCE,FL,86.0,2,Day,Clear,Main,Freight Train,36,15000,0,15225,M302,27.320232000000001,-80.452725000000001
FEC,D60110719,2019-11-07,10:00 AM,Side collision,0,MIAMI-DADE,FL,80.0,2,Day,Clear,Industry,Single Car,0,0,0,50000,H302,25.833103999999999,-80.256162000000003
NS,143395,2021-11-07,3:35 PM,Derailment,0,JACKSONVILLE,FL,64.0,2,Day,Clear,Industry,Yard/switching,7,55000,0,55000,H518,30.352450999999999,-81.655681999999999
CSX,000206108,2022-07-13,2:21 PM,Hwy-rail crossing,0,CAVE CITY,KY,87.0,2,Day,Clear,Main,Freight Train,40,36123,0,36123,M302,37.101883000000001,-86.013955999999993
MRL,2020112,2020-12-08,9:00 AM,Other (describe in narrative),0,SANDPOINT,ID,32.0,2,Day,Clear,Main,Freight Train,28,0,0,0,H221,48.278435000000002,-116.546041
CSX,000217977,2024-05-10,12:23 PM,Derailment,0,LOUISVILLE,KY,75.0,2,Day,Clear,Yard,Yard/switching,3,13028,14088,27116,E29C,38.160739999999997,-85.749135999999993
UP,0721MA020,2021-07-16,5:57 PM,Other impacts,0,NORTH LITTLE ROCK,AR,84.0,2,Day,Cloudy,Yard,Yard/switching,9,58769,880,60158,M411,34.771751000000002,-92.229232999999994
NS,117078,2015-08-23,12:45 PM,Other impacts,0,ELKHART,IN,73.0,2,Day,Cloudy,Yard,Yard/switching,6,1957,21800,38757,S099,41.677391,-85.978436000000002
ATK,158411,2019-04-09,7:40 PM,Side collision,0,BOSTON,MA,40.0,4,Dark,Clear,Main,,0,0,78140,427875,H221,42.347960999999998,-71.056411999999995
NS,151830,2022-12-13,7:00 PM,Other impacts,0,ELKHART,IN,25.0,3,Dusk,Cloudy,Yard,Cut of cars,5,80541,0,93162,H602,41.677391999999998,-85.978437
SFRV,05312020,2020-05-31,1:57 AM,Obstruction,0,MIAMI,FL,80.0,4,Dark,Clear,Main,Commuter Train - Pulling,59,24175,0,24175,M402,25.525556999999999,-80.153689
MBTA,1920,2014-12-06,6:50 PM,Hwy-rail crossing,0,CAMBRIDGE,MA,39.0,4,Dark,Rain,Main,Passenger Train - Pushing,55,14747,0,14747,M302,42.390403999999997,-71.133414999999999
CSX,000165016,2016-12-08,5:40 AM,Side collision,0,NEW ORLEANS,LA,50.0,1,Dawn,Cloudy,Industry,Yard/switching,3,21081,0,36775,H020,30.005989,-90.019451000000004
CSX,000207699,2022-10-07,9:40 AM,Side collision,0,PENSACOLA,FL,80.0,2,Day,Clear,Yard,Freight Train,0,94931,967,131048,H702,30.437013,-87.219915999999998
UP,0722MA007,2022-07-03,1:29 PM,Other impacts,0,PINE BLUFF,AR,83.0,2,Day,Clear,Yard,Cut of cars,0,22356,0,81320,H601,34.249858000000003,-91.940199000000007
CSX,000173396,2017-12-11,8:04 AM,Derailment,0,CARTERSVILLE,GA,26.0,2,Day,Clear,Industry,Freight Train,5,133284,1479,134763,H703,34.126840999999999,-84.883052000000006
CSX,000211687,2023-06-05,6:29 PM,Hwy-rail crossing,0,JEFFERSONVILLE,IN,84.0,3,Dusk,Clear,Main,Freight Train,30,13017,0,222358,M302,38.340085000000002,-85.747882000000004
NS,119831,2016-03-22,6:45 AM,Other impacts,0,TOCCOA,GA,60.0,1,Dawn,Clear,Yard,Freight Train,0,32399,0,32399,H318,34.578339999999997,-83.326115000000001
FEC,X42111519,2019-11-15,3:24 PM,Hwy-rail crossing,0,NORTH MIAMI BEACH,FL,84.0,2,Day,Cloudy,Main,,0,0,960,25367,M308,25.574968999999999,-80.085104999999999
CSX,000179997,2018-11-24,6:30 PM,Side collision,0,WAYCROSS,GA,62.0,3,Dusk,Cloudy,Yard,Cut of cars,10,91,0,21912,S007,31.213524,-82.353588000000002
CSX,000177043,2018-06-17,12:30 AM,Side collision,0,JACKSONVILLE,FL,80.0,4,Dark,Cloudy,Yard,Yard/switching,3,19590,482,20072,H307,30.359362000000001,-81.716896000000006
UP,0722MA019,2022-07-09,1:15 PM,Derailment,0,NORTH LITTLE ROCK,AR,100.0,2,Day,Cloudy,Yard,Light loco(s),4,250,45474,45724,S011,34.775373000000002,-92.221236000000005
NS,143092,2021-10-07,8:20 PM,Other (describe in narrative),0,SHELBYVILLE,KY,72.0,4,Dark,Clear,Industry,Cut of cars,5,2700,0,16070,H704,38.206479999999999,-85.257170000000002
UP,1221MA024,2021-12-22,7:26 PM,Derailment,0,PINE BLUFF,AR,43.0,3,Dusk,Cloudy,Yard,Yard/switching,5,97920,93640,191560,M405,34.249201999999997,-91.939476999999997
CP,1000423399,2016-07-14,5:15 PM,Other impacts,0,ST PAUL,MN,75.0,2,Day,Clear,Yard,Freight Train,7,190,0,31562,H607,44.935557000000003,-93.036428000000001
NS,157064,2024-06-14,10:17 AM,Derailment,0,MACON,GA,85.0,2,Day,Clear,Yard,Yard/switching,1,17750,500,18250,S016,32.81373,-83.622793999999999
CSX,000185824,2019-10-06,1:37 PM,Hwy-rail crossing,0,LAKELAND,FL,77.0,2,Day,Rain,Main,,0,0,97,38545,M302,28.033215999999999,-82.019126999999997
PAL,2022SEPT2D,2022-09-10,12:45 PM,Derailment,0,PADUCAH,KY,86.0,2,Day,Cloudy,Yard,Freight Train,8,110000,45000,155000,M503,37.044559999999997,-88.610900000000001
BNSF,CH0517110,2017-05-18,6:50 PM,Derailment,0,GALESBURG,IL,73.0,3,Dusk,Clear,Yard,Yard/switching,8,39331,0,39331,H316,40.903829000000002,-90.385785999999996
BLF,20190352,2019-09-06,8:59 PM,Hwy-rail crossing,0,WEST PALM BEACH,FL,90.0,4,Dark,Cloudy,Main,Passenger Train - Pulling,78,174475,0,175090,M308,26.41328,-80.032105000000001
GTW,958463,2018-05-08,7:25 AM,Derailment,0,PORT HURON,MI,55.0,1,Dawn,Clear,Yard,Freight Train,4,10413,0,19323,H306,42.972512999999999,-82.420641000000003
ATK,158456,2019-04-11,2:58 PM,Hwy-rail crossing,0,SEVILLE,FL,84.0,2,Day,Clear,Main,Passenger Train - Pulling,78,14951,0,15048,M302,29.305599999999998,-81.487992000000006
NS,127837,2017-12-20,1:43 AM,Derailment,0,MACON,GA,65.0,4,Dark,Fog,Yard,Yard/switching,7,42144,3636,45780,H316,32.813657999999997,-83.622784999999993
BLF,20190220,2019-06-03,2:48 PM,Other (describe in narrative),0,BOYNTON BEACH,FL,81.0,2,Day,Clear,Main,Passenger Train - Pulling,72,15285,0,15285,M599,26.325503999999999,-80.032291999999998
NS,157027,2024-06-11,7:00 AM,Derailment,0,ATLANTA,GA,70.0,1,Dawn,Clear,Main,Freight Train,6,157864,0,166951,M405,33.788823000000001,-84.418678999999997
BNSF,HL0619111,2019-06-22,6:15 AM,Other impacts,0,FORT SCOTT,KS,70.0,1,Dawn,Clear,Main,Freight Train,5,426358,0,426358,H307,37.848533000000003,-94.694401999999997
NS,157191,2024-06-27,11:01 PM,Hwy-rail crossing,0,WAYNE,MI,63.0,4,Dark,Cloudy,Main,Freight Train,47,0,20000,20000,M303,42.179482,-83.527175999999997
NS,123736,2017-01-28,1:25 AM,Derailment,0,COLUMBUS,GA,42.0,4,Dark,Clear,Yard,Yard/switching,3,17292,6518,23810,M404,32.465828000000002,-84.982415000000003
CSX,000216216,2024-02-15,8:12 AM,Hwy-rail crossing,0,HORSE CAVE,KY,45.0,2,Day,Clear,Main,Freight Train,50,17949,0,17949,M303,37.160335000000003,-85.932304999999999
UP,0919HL019,2019-09-19,10:15 PM,Other impacts,0,KANSAS CITY,KS,78.0,4,Dark,Clear,Yard,Cut of cars,4,1160,0,19014,H312,39.096485000000001,-94.662332000000006
NS,152901,2023-04-24,7:15 AM,Other impacts,0,ELKHART,IN,30.0,1,Dawn,Clear,Yard,Cut of cars,10,12736,9758,71529,M507,41.677391999999998,-85.978437
UP,0521MA002,2021-05-04,6:44 PM,Derailment,0,HOPE,AR,67.0,3,Dusk,Cloudy,Main,Freight Train,9,16482,2184,18666,E24C,33.670202000000003,-93.592343999999997
NS,129611,2018-05-26,1:00 AM,Derailment,0,ADRIAN,MI,68.0,4,Dark,Cloudy,Yard,Freight Train,6,2060,18238,20298,H306,41.905082,-84.002758999999998
NICD,N1800002,2018-01-12,1:30 AM,Derailment,0,MICHIGAN CITY,IN,20.0,4,Dark,Snow,Yard,Cut of cars,10,20478,0,20478,H702,41.713205000000002,-86.864495000000005
ATK,174887,2023-05-25,8:10 AM,Hwy-rail crossing,0,REYNOLDS,IN,48.0,2,Day,Clear,Main,Passenger Train - Pulling,60,35507,0,35507,M302,40.717742999999999,-86.872062
BNSF,CH0724113,2024-07-27,11:50 AM,Derailment,0,GALESBURG,IL,75.0,2,Day,Clear,Yard,Yard/switching,4,15813,50000,65813,H995,40.903725999999999,-90.385822000000005
NS,135518,2019-09-17,12:45 AM,Derailment,0,JACKSONVILLE,FL,77.0,4,Dark,Clear,Industry,Yard/switching,8,24000,3383,27383,H399,30.349765999999999,-81.711933000000002
BNSF,KS0619110,2019-06-18,11:00 AM,Derailment,0,EDGERTON,KS,80.0,2,Day,Clear,Yard,,0,0,7000,7000,H508,38.789707,-94.961461999999997
FEC,D16040724,2024-04-07,8:20 PM,Other (describe in narrative),0,MIAMI SPRINGS,FL,80.0,4,Dark,Clear,Yard,Single Car,0,0,0,37562,H702,25.834070000000001,-80.306910000000002
FEC,X33070422,2022-07-04,4:55 PM,Hwy-rail crossing,0,MIAMI-DADE,FL,82.0,2,Day,Clear,Main,,0,0,24325,36418,M308,25.812835,-80.190498000000005
WC,899873,2016-09-04,10:30 PM,Derailment,0,GARY,IN,75.0,4,Dark,Clear,Yard,Yard/switching,4,116203,7120,123323,H704,41.622625999999997,-87.382650999999996
WC,940074,2017-10-26,6:32 AM,Derailment,0,GARY,IN,37.0,1,Dawn,Clear,Yard,Yard/switching,9,20000,13060,33060,S016,41.613593999999999,-87.359014999999999
UP,1119HL020,2019-11-23,11:45 AM,Other impacts,0,KANSAS CITY,KS,39.0,2,Day,Clear,Yard,Single Car,3,29994,0,59161,H312,39.096158000000003,-94.658617000000007
UP,0918LK020,2018-09-13,12:57 PM,Other impacts,0,NORTH LITTLE ROCK,AR,85.0,2,Day,Clear,Yard,Cut of cars,1,6563,0,37984,S016,34.772238000000002,-92.229889999999997
FEC,D44071615,2015-07-16,8:40 AM,Side collision,0,JACKSONVILLE,FL,86.0,2,Day,Clear,Yard,Light loco(s),5,92000,0,134781,H307,30.238194,-81.599841999999995
SFRV,03172024,2024-03-17,1:00 PM,Derailment,0,WEST PALM BEACH,FL,85.0,2,Day,Clear,Main,Commuter Train - Pulling,17,13530,13809,27339,E59C,26.756399999999999,-80.073520000000002
BNSF,CH0724105,2024-07-10,9:10 AM,Derailment,0,GALESBURG,IL,79.0,2,Day,Clear,Yard,Yard/switching,1,157478,316222,473700,H506,40.903644,-90.385868000000002
UP,0921MA007,2021-09-06,8:37 AM,Hwy-rail crossing,0,WILMOT,AR,72.0,2,Day,Cloudy,Main,Freight Train,51,11633,400,12033,M308,33.006929999999997,-91.623615000000001
NS,115026,2015-03-28,6:10 PM,Derailment,0,ELKHART,IN,27.0,3,Dusk,Clear,Yard,Yard/switching,4,41000,0,51400,H316,41.677391,-85.978436000000002
NS,154636,2023-10-30,9:40 PM,Other impacts,0,NEW HAVEN,IN,32.0,4,Dark,Clear,Yard,Single Car,0,3500,0,17900,H312,41.074131000000001,-85.037633999999997
CSX,000161987,2016-08-09,7:36 AM,Derailment,0,CARTERSVILLE,GA,80.0,2,Day,Clear,Industry,Freight Train,3,43665,1701,45366,H306,34.123403000000003,-84.907572999999999
CP,1001308424,2020-08-25,2:01 PM,Hwy-rail crossing,0,LE CLAIRE,IA,96.0,2,Day,Clear,Main,Freight Train,28,13595,0,13595,M302,41.63194,-90.345370000000003
IC,1143156,2024-01-06,2:14 PM,Other (describe in narrative),0,CARBONDALE,IL,39.0,2,Day,Cloudy,Main,,0,0,25000,25000,H702,37.728205000000003,-89.216399999999993
ALS,0724AS003,2024-07-06,11:00 PM,Derailment,0,EAST ST LOUIS,IL,74.0,4,Dark,Clear,Yard,Yard/switching,2,13244,1000,14244,H523,38.599062000000004,-90.152938000000006
CSX,000179634,2018-10-31,11:26 AM,Hwy-rail crossing,0,PALATKA,FL,81.0,2,Day,Clear,Main,,0,0,97,33885,M304,29.725472,-81.652022000000002
BNSF,CH0424102,2024-04-02,3:23 AM,Derailment,0,GALESBURG,IL,35.0,4,Dark,Fog,Yard,Yard/switching,4,19232,43316,62548,H607,40.917611000000001,-90.379728
BLF,20190310,2019-08-08,11:42 AM,Hwy-rail crossing,0,BOYNTON BEACH,FL,92.0,2,Day,Clear,Main,Passenger Train - Pulling,72,26339,0,26723,M308,26.507306,-80.063005000000004
NS,126842,2017-09-30,11:00 PM,Derailment,0,FORT WAYNE,IN,55.0,4,Dark,Clear,Yard,Freight Train,4,28444,23952,52396,H704,41.071404000000001,-85.117779999999996
CFRC,16269,2016-09-25,10:16 PM,Obstruction,0,EDGEWOOD,FL,85.0,4,Dark,Clear,Main,,0,0,0,12961,M402,28.471906000000001,-81.369878999999997
NS,156421,2024-04-19,9:55 AM,Other (describe in narrative),0,DECATUR,IL,51.0,2,Day,Clear,Yard,Yard/switching,2,14500,500,15000,H702,39.858407,-88.898385000000005
KJRY,ID240010,2024-01-11,12:59 PM,Head on collision,0,MARIETTA,IL,28.0,2,Day,Snow,Main,Freight Train,10,43128,20500,63628,T220,40.493198,-90.430538999999996
UP,1021MA004,2021-10-04,2:40 PM,Hwy-rail crossing,0,FAIR OAKS,AR,77.0,2,Day,Clear,Main,Freight Train,46,14606,200,14806,M302,35.236794000000003,-91.032667000000004
CSX,000208098,2022-10-29,9:45 AM,Other impacts,0,RUSSELL,KY,48.0,2,Day,Clear,Yard,Yard/switching,4,31833,0,79745,H318,38.532100999999997,-82.697680000000005
NS,120085,2016-04-11,9:00 AM,Derailment,0,ELKHART,IN,50.0,2,Day,Cloudy,Yard,Yard/switching,5,67190,24739,91929,E44C,41.677391,-85.978436000000002
CSX,000138050,2014-11-25,3:40 PM,Hwy-rail crossing,0,JACKSONVILLE,FL,62.0,2,Day,Rain,Main,Freight Train,55,16555,494,17049,M399,30.313970000000001,-81.847864999999999
NS,156316,2024-04-07,5:53 PM,Side collision,0,ELKHART,IN,44.0,3,Dusk,Clear,Yard,Yard/switching,4,0,0,20444,S007,41.677391999999998,-85.978437
RSOR,RSO765315D,2015-06-30,10:50 AM,Derailment,0,RICEBORO,GA,88.0,2,Day,Clear,Main,Freight Train,4,13487,9420,22907,E4BC,31.742685999999999,-81.427627999999999
SCXF,20191219C,2019-12-19,2:09 AM,Hwy-rail crossing,0,SOUTH BAY,FL,70.0,4,Dark,Clear,Main,Freight Train,24,1000,0,1000,M302,26.667715000000001,-80.748599999999996
JAIL,071620241,2024-07-16,1:59 AM,Hwy-rail crossing,0,JACKSON,MI,67.0,4,Dark,Rain,Main,Freight Train,5,0,0,0,M304,42.145850000000003,-84.24212
CSX,000147995,2015-04-25,10:40 PM,Obstruction,0,SAVANNAH,GA,65.0,4,Dark,Clear,Main,,0,0,0,18708,M404,32.018808999999997,-81.198674999999994
CSX,000168803,2017-05-09,4:32 PM,Derailment,0,FAIRMOUNT,GA,93.0,2,Day,Clear,Industry,Freight Train,5,8482,20000,28482,E40C,34.383017000000002,-84.713076000000001
NS,155879,2024-02-27,6:55 PM,Derailment,0,DECATUR,IL,60.0,3,Dusk,Clear,Yard,Freight Train,3,34223,43128,77351,H601,39.861739,-88.886505
NICD,N1800005,2018-01-29,3:35 AM,Other impacts,0,LA PORTE,IN,20.0,4,Dark,Snow,Main,Commuter Train - Pulling,79,25000,0,25000,M404,41.717551999999998,-86.699515000000005
CSX,000169173,2017-05-24,6:05 AM,Derailment,0,INDIANAPOLIS,IN,57.0,1,Dawn,Cloudy,Yard,Cut of cars,7,12580,232,12812,M411,39.759791,-86.327526000000006
CSX,000162005,2016-08-08,6:47 PM,Derailment,0,LOUISVILLE,KY,89.0,2,Day,Clear,Yard,Yard/switching,2,20865,6024,26889,M405,38.160708999999997,-85.749173999999996
CSX,000193702,2020-11-05,10:05 PM,Hwy-rail crossing,0,JACKSONVILLE,FL,75.0,4,Dark,Clear,Main,,0,0,34384,34384,M308,30.216546999999998,-81.703873000000002
CSX,000140359,2015-01-19,9:00 AM,Hwy-rail crossing,0,DEERFIELD BEACH,FL,70.0,2,Day,Clear,Main,,0,0,334,15026,M302,26.290476000000002,-80.130835000000005
CSX,000216519,2024-03-02,6:29 PM,Rear end collision,0,RIVERDALE,IL,35.0,2,Day,Clear,Yard,Yard/switching,10,12045,8724,240226,H306,41.649856999999997,-87.631208999999998
UP,0724GL015,2024-07-12,3:35 PM,Other impacts,0,BOONE,IA,84.0,2,Day,Clear,Yard,Yard/switching,4,23961,0,37226,H318,42.063287000000003,-93.866140000000001
NS,153214,2023-05-30,4:10 AM,Other impacts,0,ELKHART,IN,65.0,1,Dawn,Clear,Yard,Yard/switching,5,9824,0,84824,H021,41.668491000000003,-86.014269999999996
NS,153561,2023-07-07,12:30 AM,Other (describe in narrative),0,CHICAGO,IL,70.0,4,Dark,Clear,Yard,Light loco(s),5,17863,17788,35651,H702,41.795347,-87.635317000000001
NS,156263,2024-04-03,1:19 PM,Derailment,0,ELKHART,IN,38.0,2,Day,Cloudy,Yard,Yard/switching,4,0,170000,170000,E25C,41.677391999999998,-85.978437
CSX,000172025,2017-10-04,11:00 AM,Derailment,0,ATHENS,GA,78.0,2,Day,Clear,Industry,Yard/switching,3,14715,98,14813,M501,33.984568000000003,-83.340249999999997
BLF,20190451,2019-11-15,3:24 PM,Hwy-rail crossing,0,NORTH MIAMI BEACH,FL,84.0,2,Day,Cloudy,Main,Passenger Train - Pulling,55,24407,0,25367,M308,25.574968999999999,-80.085104999999999
NS,114236,2015-02-06,6:00 AM,Derailment,0,MCDONOUGH,GA,34.0,1,Dawn,Clear,Main,Freight Train,38,693191,688800,1381991,E4BC,33.404297,-84.146165999999994
FEC,D06021219,2019-02-12,4:45 AM,Other (describe in narrative),0,WEST PALM BEACH,FL,70.0,4,Dark,Clear,Main,Maint./inspect Car,10,44000,0,44000,H402,26.710404,-80.055306999999999
ALS,0424AS011,2024-04-18,2:05 AM,Derailment,0,EAST ST LOUIS,IL,59.0,4,Dark,Clear,Yard,Light loco(s),0,603,0,20468,H506,38.599206000000002,-90.152491999999995
NS,139828,2020-10-29,7:45 AM,Other (describe in narrative),0,HAVRE DE GRACE,MD,57.0,1,Dawn,Rain,Main,Freight Train,30,0,0,23500,M599,39.489404,-76.176794000000001
UP,0621MA020,2021-06-15,4:59 PM,Derailment,0,NORTH LITTLE ROCK,AR,93.0,2,Day,Clear,Yard,Freight Train,9,75171,8800,83971,H508,34.764175999999999,-92.258972999999997
BLF,20190104,2019-03-07,6:17 PM,Hwy-rail crossing,0,HOLLYWOOD,FL,67.0,3,Dusk,Clear,Main,Passenger Train - Pulling,77,12000,0,13110,M308,26.021643999999998,-80.149403000000007
FEC,D38052122,2022-05-21,11:24 AM,Derailment,0,JENSEN BEACH,FL,85.0,2,Day,Clear,Main,Work train,6,2000,65860,67860,E07C,27.239719999999998,-80.225964000000005
UP,1019HL029,2019-10-19,3:40 PM,Derailment,0,COFFEYVILLE,KS,71.0,2,Day,Clear,Yard,Yard/switching,4,214719,2325,217044,H511,37.030292000000003,-95.628654999999995
PHRR,21324,2024-02-13,6:30 PM,Other impacts,0,GRANITE CITY,IL,50.0,4,Dark,Clear,Yard,Freight Train,4,14000,3000,17000,H306,38.686762000000002,-90.176603999999998
NS,154636,2023-10-30,9:40 PM,Other impacts,0,NEW HAVEN,IN,32.0,4,Dark,Clear,Yard,Yard/switching,10,3500,9000,17900,H312,41.074131000000001,-85.037633999999997
FEC,D40091620,2020-09-16,1:35 PM,Derailment,0,MIAMI-DADE,FL,85.0,2,Day,Clear,Yard,Yard/switching,2,7143,9053,16196,H702,25.818981000000001,-80.308279999999996
GTW,960628,2018-05-27,1:45 PM,Derailment,0,LANSING,MI,93.0,2,Day,Clear,Yard,Freight Train,5,6991,18472,25463,H702,42.710253000000002,-84.612814999999998
CSX,000209794,2023-02-14,8:45 AM,Derailment,0,WAYCROSS,GA,55.0,2,Day,Clear,Yard,Freight Train,10,65218,5766,70984,H702,31.213529999999999,-82.353567999999996
BLF,20200066,2020-02-18,10:15 AM,Hwy-rail crossing,0,POMPANO BEACH,FL,80.0,2,Day,Clear,Main,Passenger Train - Pulling,78,66998,0,67371,M308,26.234183000000002,-80.125085999999996
UP,1219RM019,2019-12-27,6:29 AM,Fire/violent rupture,0,SPENCER,ID,9.0,1,Dawn,Clear,Main,Freight Train,0,326281,0,326281,E73L,44.360266000000003,-112.185146
CSX,000211967,2023-06-26,9:47 AM,Side collision,0,JACKSONVILLE,FL,91.0,2,Day,Clear,Yard,Yard/switching,3,6554,2495,352538,H306,30.359359000000001,-81.716903000000002
IC,1149731,2024-05-12,9:25 AM,Other impacts,0,MARKHAM,IL,74.0,2,Day,Clear,Yard,Yard/switching,4,1545,0,16545,H318,41.343910000000001,-87.392244000000005
BLF,20210069,2021-11-09,6:05 PM,Obstruction,0,NORTH MIAMI BEACH,FL,73.0,3,Dusk,Clear,Main,Passenger Train - Pulling,70,18441,0,18541,M402,25.926138999999999,-80.154248999999993
UP,1016LK028,2016-10-25,9:38 AM,Fire/violent rupture,0,BONITA,LA,80.0,2,Day,Clear,Main,Freight Train,20,11610,0,11610,E74L,32.886848000000001,-91.721266999999997
BNSF,CH1222116,2022-12-23,11:05 PM,Derailment,0,HODGKINS,IL,-5.0,4,Dark,Snow,Yard,Light loco(s),5,8604,2860,11464,H307,41.753048999999997,-87.864845000000003
NS,155996,2024-03-09,10:50 AM,Side collision,0,ELKHART,IN,55.0,2,Day,Clear,Yard,Light loco(s),13,39,0,539,H306,41.677391999999998,-85.978437
FEC,X40111219,2019-11-12,6:33 PM,Hwy-rail crossing,0,NORTH MIAMI BEACH,FL,85.0,3,Dusk,Cloudy,Main,,0,0,353,19037,M308,25.560566000000001,-80.090523000000005
CSX,000162536,2016-08-31,11:12 AM,Hwy-rail crossing,0,DOUGLAS,GA,89.0,2,Day,Cloudy,Main,Freight Train,58,18193,146,18339,M304,31.531196000000001,-82.915300000000002
NS,152576,2023-03-18,10:46 AM,Derailment,0,ELKHART,IN,17.0,2,Day,Clear,Yard,Single Car,4,6650,19376,29452,E67C,41.677391999999998,-85.978437
UP,0921MA034,2021-09-29,9:05 PM,Obstruction,0,TEXARKANA,AR,77.0,4,Dark,Cloudy,Main,,0,0,20000,20000,M404,33.466262,-93.987476999999998
UP,0122MA005,2022-01-10,3:49 AM,Derailment,0,GURDON,AR,35.0,4,Dark,Clear,Yard,Light loco(s),1,500,26580,27080,H702,33.914473000000001,-93.158254999999997
BLF,20220452,2022-05-02,5:41 AM,Hwy-rail crossing,0,POMPANO BEACH,FL,75.0,4,Dark,Clear,Main,Passenger Train - Pulling,79,67510,0,67664,M308,26.236923000000001,-80.124311000000006
NS,125152,2017-05-21,5:10 PM,Other impacts,0,ELKHART,IN,63.0,3,Dusk,Clear,Yard,Yard/switching,4,11455,212,35952,E39C,41.67736,-85.978494999999995