reportingrailroadcode,accidentnumber,date,time,accidenttype,hazmatreleasedcars,station,stateabbr,temperature,visibility_code,visibility,weathercondition,tracktype,equipmenttype,trainspeed,equipmentdamagecost,trackdamagecost,totaldamagecost,primaryaccidentcausecode,latitude,longitude
CFE,CFE105216O,2016-09-13,3:00 PM,Derailment,0,FORT WAYNE,IN,80.0,2,Day,Clear,Yard,,0,0,12000,40015,E59L,41.071438999999998,-85.108188999999996
KCT,UP082019,2019-08-20,4:45 PM,Derailment,0,KANSAS CITY,KS,95.0,2,Day,Clear,Main,,0,0,3900,11752,H525,39.079158,-94.612706000000003
CSX,000171221,2017-08-25,9:51 AM,Other impacts,0,INDIANAPOLIS,IN,80.0,2,Day,Clear,Main,Cut of cars,15,176464,1292,177756,H018,39.763019,-86.185691000000006
CSX,000182040,2019-03-29,3:10 PM,Derailment,0,MULBERRY,FL,78.0,2,Day,Clear,Yard,Freight Train,3,23173,4074,27247,M204,27.898949000000002,-81.976598999999993
UP,0724GL015,2024-07-12,3:35 PM,Other impacts,0,BOONE,IA,84.0,2,Day,Clear,Yard,Freight Train,0,13265,0,37226,H318,42.063287000000003,-93.866140000000001
CSX,000173443,2017-12-14,6:00 AM,Other impacts,0,SAVANNAH,GA,45.0,1,Dawn,Clear,Yard,Yard/switching,7,42000,0,42097,H318,32.027718,-81.148849999999996
SCXF,20210317S,2021-03-17,6:05 PM,Other (describe in narrative),0,LAKE HARBOR,FL,85.0,2,Day,Clear,Main,Freight Train,5,25000,0,25000,H318,26.6891,-80.825699999999998
SCXF,20221117I,2022-11-17,3:45 PM,Hwy-rail crossing,0,MOORE HAVEN,FL,80.0,2,Day,Clear,Main,Freight Train,37,15000,0,15000,M302,26.783204000000001,-80.985653999999997
CSX,000184664,2019-08-11,6:34 AM,Hwy-rail crossing,0,JACKSONVILLE,FL,79.0,1,Dawn,Clear,Main,,0,0,97,40097,M302,30.394262000000001,-81.744497999999993
ALS,20171217,2017-12-17,11:30 AM,Derailment,0,EAST ST LOUIS,IL,52.0,2,Day,Clear,Yard,Yard/switching,7,80695,477986,558681,M405,38.598795000000003,-90.153312999999997
BLF,20231544,2023-02-15,3:15 PM,Hwy-rail crossing,0,DEERFIELD BEACH,FL,80.0,2,Day,Clear,Main,Passenger Train - Pulling,79,16160,0,16571,M308,26.289978999999999,-80.109262999999999
BLF,20180388,2018-12-05,6:05 AM,Obstruction,0,LAKE WORTH,FL,70.0,1,Dawn,Clear,Main,Passenger Train - Pulling,79,22697,0,22806,M402,26.603802999999999,-80.058525000000003
CSX,000181455,2019-02-18,4:08 PM,Derailment,0,WILDWOOD,FL,87.0,3,Dusk,Clear,Yard,Freight Train,2,16439,2235,18674,M503,28.868075000000001,-82.039050000000003
UP,0217LV032,2017-02-15,2:00 PM,Other impacts,0,LIVONIA,LA,55.0,2,Day,Clear,Yard,Yard/switching,4,15762,0,15810,S006,30.523976999999999,-91.552850000000007
BNSF,CH0418120,2018-04-29,8:05 AM,Derailment,0,BARSTOW,IL,45.0,1,Dawn,Clear,Yard,Freight Train,3,4761,12817,17578,H607,41.519750000000002,-90.353262000000001
UP,0620HL016,2020-06-17,12:54 PM,Derailment,0,ATCHISON,KS,90.0,2,Day,Clear,Industry,Yard/switching,3,3599,26869,30468,E71L,39.560262999999999,-95.116918999999996
FEC,D58110619,2019-11-06,3:15 PM,Derailment,0,FORT LAUDERDALE,FL,82.0,2,Day,Clear,Industry,Yard/switching,7,20293,733,21026,M501,26.088756,-80.129519000000002
BLF,20233574,2023-11-11,4:26 PM,Other impacts,0,MIAMI-DADE,FL,82.0,2,Day,Clear,Main,Passenger Train - Pulling,78,13231,0,13231,M599,25.893141,-80.169556
CSX,000168348,2017-04-17,4:57 PM,Other impacts,0,ATLANTA,GA,81.0,2,Day,Clear,Yard,Single Car,12,4000,0,46600,H318,33.801256000000002,-84.449673000000004
BNSF,CH0724110,2024-07-21,5:15 AM,Derailment,0,JOLIET,IL,67.0,1,Dawn,Clear,Yard,Freight Train,7,13153,52608,65761,H509,41.541728999999997,-88.081416000000004
CSX,000220529,2024-06-20,6:11 AM,Obstruction,0,NAHUNTA,GA,77.0,1,Dawn,Cloudy,Main,,0,0,0,29800,M404,31.141355000000001,-81.998704000000004
KO,IN190815,2019-08-15,10:30 PM,Derailment,0,GREAT BEND,KS,80.0,4,Dark,Clear,Main,Freight Train,4,3000,9650,12650,E46C,38.353521000000001,-98.779657999999998
NS,121759,2016-08-19,3:17 PM,Hwy-rail crossing,0,MISHAWAKA,IN,76.0,2,Day,Clear,Main,Freight Train,52,230,22596,22826,M303,41.657550999999998,-86.196453000000005
IHB,2754,2022-05-27,4:00 AM,Side collision,0,HAMMOND,IN,62.0,4,Dark,Rain,Yard,Yard/switching,0,47500,250,49750,H306,41.611677999999998,-87.497552999999996
SFRV,03242019,2019-03-24,10:24 AM,Hwy-rail crossing,0,POMPANO BEACH,FL,76.0,2,Day,Clear,Main,Commuter Train - Pulling,70,18000,28698,46698,M302,26.135535000000001,-80.083697999999998
CSX,000157513,2016-02-27,8:50 AM,Other impacts,0,WAYCROSS,GA,50.0,2,Day,Clear,Yard,Light loco(s),0,2795,500,38256,H702,31.213524,-82.353588000000002
CSX,000207456,2022-09-24,6:51 PM,Head on collision,0,MIAMI,FL,88.0,3,Dusk,Clear,Main,Freight Train,20,106223,0,462912,H603,25.786863,-80.271732999999998
CSX,000174416,2018-01-31,8:45 AM,Hwy-rail crossing,0,JEFFERSON,GA,30.0,2,Day,Clear,Main,Spec. MoW Equip.,3,17000,0,17000,M399,34.083928999999998,-83.565253999999996
CSX,000199918,2021-09-08,3:15 AM,Derailment,0,JACKSONVILLE,FL,80.0,4,Dark,Cloudy,Yard,Freight Train,10,45846,790,46636,H306,30.383312,-81.768904000000006
SFRV,10252019,2019-10-25,4:54 PM,Hwy-rail crossing,0,FORT LAUDERDALE,FL,90.0,2,Day,Clear,Main,Commuter Train - Pulling,79,100000,0,100000,M303,26.105467999999998,-80.091763999999998
CSX,000192911,2020-09-28,10:05 AM,Derailment,0,SANFORD,FL,82.0,2,Day,Clear,Yard,Freight Train,0,0,0,38261,E85C,28.819004,-81.306788999999995
TRRA,23039,2023-07-27,4:40 AM,Derailment,0,VENICE,IL,84.0,1,Dawn,Clear,Yard,Cut of cars,2,13491,47072,60563,E35C,38.674990999999999,-90.163264999999996
SFRV,03132021,2021-03-13,4:12 PM,Fire/violent rupture,0,FORT LAUDERDALE,FL,85.0,2,Day,Clear,Main,Commuter Train - Pulling,0,29504,0,29504,E99L,26.034123000000001,-80.095343
NS,129339,2018-05-02,5:15 PM,Derailment,0,NEW ORLEANS,LA,82.0,3,Dusk,Clear,Yard,Freight Train,2,1043,17382,18425,H306,29.962168999999999,-90.050072
ATK,164077,2020-04-10,8:56 AM,Hwy-rail crossing,0,FORT LAUDERDALE,FL,75.0,2,Day,Clear,Main,Passenger Train - Pulling,78,21307,0,452110,M302,26.203340000000001,-80.149906000000001
KCS,17041101,2017-04-11,10:08 AM,Derailment,0,FRIERSON,LA,68.0,2,Day,Cloudy,Industry,,0,0,35000,39500,H703,32.164212999999997,-93.558137000000002
NS,125763,2017-07-10,3:25 PM,Derailment,0,ELKHART,IN,76.0,2,Day,Clear,Yard,Yard/switching,4,14700,9527,24227,H306,41.67736,-85.978494999999995
CSX,000191367,2020-07-15,8:00 PM,Derailment,0,JACKSONVILLE,FL,90.0,3,Dusk,Clear,Main,Freight Train,9,44552,97,44649,H525,30.331924000000001,-81.682353000000006
NS,154636,2023-10-30,9:40 PM,Other impacts,0,NEW HAVEN,IN,32.0,4,Dark,Clear,Yard,Single Car,0,1600,0,17900,H312,41.074131000000001,-85.037633999999997
KCS,18081501,2018-08-15,4:31 AM,Derailment,0,GUNTOWN,MS,77.0,4,Dark,Clear,Main,Freight Train,10,30127,14406,44533,E24C,34.426049999999996,-88.670990000000003
NS,115672,2015-05-15,8:30 PM,Derailment,0,DALLAS,GA,60.0,4,Dark,Clear,Main,Freight Train,17,3000,34467,37467,E47C,33.929772,-84.856956999999994
NS,146573,2022-09-23,5:51 AM,Other impacts,0,JACKSONVILLE,FL,78.0,1,Dawn,Clear,Yard,Cut of cars,0,31000,0,34500,H302,30.360835000000002,-81.723364000000004
UP,0722MA016,2022-07-07,6:47 PM,Other impacts,0,PINE BLUFF,AR,95.0,3,Dusk,Cloudy,Yard,Single Car,5,453,0,74658,H020,34.249805000000002,-91.939637000000005
CFRC,15281,2015-10-08,8:10 AM,Raking collision,0,WINTER PARK,FL,92.0,2,Day,Clear,Main,Commuter Train - Pulling,28,17370,0,17370,M402,28.604116999999999,-81.352867000000003
BNSF,CH0823116,2023-08-24,5:25 AM,Derailment,0,GALESBURG,IL,85.0,1,Dawn,Clear,Yard,Yard/switching,7,4000,44350,49550,H306,40.93421,-90.370217999999994
FEC,X30082519,2019-08-25,11:25 AM,Hwy-rail crossing,0,DEERFIELD BEACH,FL,80.0,2,Day,Clear,Main,,0,0,707,41164,M308,26.161795000000001,-80.065207000000001
TRRA,24018,2024-06-24,1:42 PM,Derailment,0,VENICE,IL,93.0,2,Day,Clear,Yard,Yard/switching,10,258000,134996,392996,M505,38.661237999999997,-90.159632999999999
KO,IN190610,2019-06-10,2:30 AM,Derailment,0,HUTCHINSON,KS,60.0,4,Dark,Clear,Main,Freight Train,7,75600,42000,117600,T221,38.048242000000002,-97.944320000000005
UP,1121MA044,2021-11-30,2:47 AM,Other impacts,0,NORTH LITTLE ROCK,AR,45.0,4,Dark,Cloudy,Yard,Yard/switching,8,75407,300,75928,H309,34.774960999999998,-92.225463000000005
CSX,000155446,2015-12-22,1:26 PM,Hwy-rail crossing,0,NICHOLLS,GA,77.0,2,Day,Rain,Main,Freight Train,52,240000,0,240000,M302,31.514675,-82.683143999999999
CSX,000172930,2017-11-15,9:30 PM,Side collision,0,WAYCROSS,GA,48.0,4,Dark,Clear,Yard,Yard/switching,1,0,97,14342,S007,31.213524,-82.353588000000002
BNSF,KS1016110,2016-10-17,4:30 AM,Derailment,0,NEWTON,KS,74.0,1,Dawn,Clear,Yard,Yard/switching,4,16642,1369,18011,H312,38.031367000000003,-97.367838000000006
BLF,20231562,2023-02-17,6:58 PM,Hwy-rail crossing,0,LANTANA,FL,76.0,4,Dark,Clear,Main,Passenger Train - Pulling,32,21997,0,22523,M308,26.571991000000001,-80.053848000000002
NS,143092,2021-10-07,8:20 PM,Other (describe in narrative),0,SHELBYVILLE,KY,72.0,4,Dark,Clear,Industry,Cut of cars,5,2900,0,16070,H704,38.206479999999999,-85.257170000000002
ALS,0724AS010,2024-07-20,6:35 AM,Derailment,0,EAST ST LOUIS,IL,64.0,1,Dawn,Clear,Yard,,0,0,5457,21667,H518,38.594954000000001,-90.156142000000003
NS,125074,2017-05-16,10:45 PM,Derailment,0,ELKHART,IN,60.0,4,Dark,Clear,Yard,Yard/switching,4,9753,0,71754,H305,41.67736,-85.978494999999995
ATK,180610,2024-06-09,10:34 PM,Obstruction,0,THREE OAKS,MI,0.0,4,Dark,Clear,Main,Passenger Train - Pulling,110,33522,0,33522,M404,41.801267000000003,-86.575247000000005
BNSF,KS0319108,2019-03-19,7:23 AM,Derailment,0,KANSAS CITY,KS,38.0,1,Dawn,Rain,Yard,Yard/switching,10,222406,0,257620,M407,39.082171000000002,-94.677796000000001
BLF,20233160,2023-08-14,2:38 PM,Hwy-rail crossing,0,NORTH MIAMI BEACH,FL,97.0,2,Day,Clear,Main,Passenger Train - Pulling,57,11403,0,11736,M308,25.947475000000001,-80.147559000000001
IC,1121001,2022-12-18,10:40 PM,Derailment,0,GEISMAR,LA,45.0,4,Dark,Clear,Industry,Freight Train,6,110229,20000,130229,H703,30.186319000000001,-90.989429000000001
BNSF,KS0819109,2019-08-18,12:01 AM,Derailment,0,WALTON,KS,72.0,4,Dark,Rain,Main,Freight Train,12,2471125,116386,3389552,M105,38.115468,-97.258125000000007
CSX,000209589,2023-02-01,3:57 PM,Derailment,0,INDIANAPOLIS,IN,30.0,2,Day,Clear,Industry,Yard/switching,3,13055,1525,14580,H306,39.891173000000002,-86.240267000000003
CSX,000217595,2024-04-23,9:15 PM,Other impacts,0,RIVERDALE,IL,40.0,4,Dark,Cloudy,Yard,Yard/switching,5,46632,0,46738,H018,41.650035000000003,-87.643692000000001
NOPB,D20170529U,2017-05-29,1:40 PM,Derailment,0,JEFFERSON,LA,85.0,2,Day,Clear,Main,,0,0,27000,27000,H507,29.970711000000001,-90.167902999999995
FEC,D88123115,2015-12-31,10:00 AM,Derailment,0,RIVIERA BEACH,FL,84.0,2,Day,Clear,Yard,Freight Train,6,14843,6180,21023,T221,26.771373000000001,-80.062009000000003
FEC,D66100622,2022-10-06,10:50 AM,Side collision,0,JACKSONVILLE,FL,83.0,2,Day,Clear,Yard,Yard/switching,4,120000,0,126010,H301,30.249400000000001,-81.60857
NS,156997,2024-06-08,7:00 AM,Side collision,0,MELVINDALE,MI,51.0,1,Dawn,Clear,Yard,Yard/switching,8,51370,3500,80874,H702,42.273904999999999,-83.191023999999999
FEC,X30101618,2018-10-16,12:04 PM,Hwy-rail crossing,0,DEERFIELD BEACH,FL,93.0,2,Day,Clear,Main,,0,0,27490,63588,M304,26.271298999999999,-80.114898999999994
NS,121894,2016-08-30,10:50 AM,Obstruction,0,LULA,GA,85.0,2,Day,Clear,Main,Freight Train,31,30,0,60030,H405,34.3855,-83.679372000000001
CSX,000180001,2018-11-24,7:58 PM,Derailment,0,PLYMOUTH,MI,44.0,3,Dusk,Cloudy,Yard,Freight Train,6,12068,200,12268,M503,42.380527999999998,-83.432794999999999
CSX,000206070,2022-07-12,8:30 AM,Derailment,0,PLANT CITY,FL,85.0,2,Day,Clear,Industry,Freight Train,5,8155,3912,12067,M501,28.011697999999999,-82.143705999999995
UP,0919HL013,2019-09-16,8:00 AM,Obstruction,0,KANSAS CITY,KS,75.0,2,Day,Clear,Yard,Freight Train,3,23190,1564,24754,M404,39.095480999999999,-94.658784999999995
ATK,176510,2023-09-24,3:18 PM,Obstruction,0,FLUKER,LA,92.0,2,Day,Clear,Main,Passenger Train - Pulling,77,53794,0,53794,M404,30.835905,-90.510643000000002
ATK,180531,2024-06-05,1:52 PM,Hwy-rail crossing,0,DE SOTO,IL,68.0,2,Day,Clear,Main,Passenger Train - Pulling,66,39242,0,39242,M302,37.781215000000003,-89.222926999999999
BNSF,KS1119102,2019-11-02,11:53 PM,Obstruction,0,SHAWNEE,KS,36.0,4,Dark,Clear,Main,,0,0,0,18624,M402,39.04016,-94.870859999999993
CSX,000140278,2015-01-19,9:20 AM,Side collision,0,NEW ORLEANS,LA,66.0,2,Day,Clear,Yard,Single Car,4,463,0,15440,H399,30.006007,-90.019369999999995
IC,1140718,2023-11-01,11:30 AM,Derailment,0,GEISMAR,LA,60.0,2,Day,Clear,Yard,Freight Train,9,62500,3500,66000,H704,30.185642000000001,-90.989086999999998
CSX,000195190,2021-01-22,4:40 PM,Hwy-rail crossing,0,HILLIARD,FL,61.0,2,Day,Rain,Main,Freight Train,40,629,45807,46436,M308,30.730581000000001,-81.950201000000007
NS,116447,2015-07-09,9:25 PM,Hwy-rail crossing,0,BUFORD,GA,80.0,4,Dark,Clear,Main,Freight Train,43,180,14013,14193,M303,34.118454999999997,-84.008983000000001
NOGC,OP06022019,2019-06-02,11:50 AM,Derailment,0,BELLE CHASSE,LA,99.0,2,Day,Clear,Main,Freight Train,9,80000,25000,105000,E46C,29.837910999999998,-89.998165999999998
NS,154828,2023-11-19,6:55 PM,Derailment,0,JACKSONVILLE,FL,70.0,3,Dusk,Clear,Yard,Freight Train,0,58703,55696,396582,H702,30.369481,-81.731904
FEC,X16031720,2020-03-17,11:09 AM,Hwy-rail crossing,0,POMPANO BEACH,FL,78.0,2,Day,Clear,Main,,0,0,499,24355,M308,26.236923000000001,-80.124311000000006
FEC,X25080619,2019-08-06,7:09 AM,Hwy-rail crossing,0,LANTANA,FL,80.0,2,Day,Clear,Main,,0,0,481,14333,M303,26.3431,-80.031300000000002
FEC,X31090619,2019-09-06,8:59 PM,Hwy-rail crossing,0,WEST PALM BEACH,FL,90.0,4,Dark,Cloudy,Main,,0,0,615,175090,M308,26.41328,-80.032105000000001
UP,0422HL004,2022-04-10,10:08 AM,Derailment,0,KANSAS CITY,KS,65.0,2,Day,Cloudy,Main,Freight Train,24,114408,0,558238,E24C,39.097262999999998,-94.620465999999993
ISRR,ISR675018D,2018-05-26,7:40 PM,Derailment,0,WASHINGTON,IN,91.0,2,Day,Clear,Main,Freight Train,16,92000,38400,130400,H603,38.639208000000004,-87.230967000000007
UP,0115CB004,2015-01-07,6:15 PM,Other (describe in narrative),0,JEFFERSON,IA,-15.0,4,Dark,Cloudy,Main,Freight Train,14,13250,0,13250,E27C,42.016845000000004,-94.435443000000006
CRSH,117296,2015-09-09,1:30 AM,Derailment,0,RIVER ROUGE,MI,72.0,4,Dark,Clear,Yard,Freight Train,4,1011,10800,11811,H702,42.274453999999999,-83.138534000000007
CSX,000172898,2017-11-16,3:35 AM,Derailment,0,LAFAYETTE,IN,58.0,4,Dark,Cloudy,Industry,Freight Train,6,25630,5838,31468,T221,40.400356000000002,-86.911508999999995
WC,997544,2019-05-03,5:50 AM,Other impacts,0,GARY,IN,50.0,1,Dawn,Clear,Yard,Single Car,12,12057,0,12057,H993,41.628680000000003,-87.415559000000002
NS,119221,2016-02-03,8:50 PM,Derailment,0,MACON,GA,60.0,4,Dark,Rain,Yard,Freight Train,11,1000,19000,110798,H607,32.813657999999997,-83.622784999999993
CSX,000154725,2015-11-28,11:00 PM,Other impacts,0,WAYCROSS,GA,61.0,4,Dark,Clear,Yard,Cut of cars,4,38259,50,38309,M411,31.213524,-82.353588000000002
CP,1000218394,2015-06-02,10:15 AM,Other impacts,0,FRANKLIN PARK,IL,75.0,2,Day,Clear,Yard,Yard/switching,5,0,100,10984,E39C,41.944290000000002,-87.890789999999996
NICD,N1700029,2017-10-05,8:30 PM,Derailment,0,MICHIGAN CITY,IN,60.0,4,Dark,Cloudy,Yard,Passenger Train - Pulling,11,85491,8724,94215,H702,41.713205000000002,-86.864495000000005
IC,1133876,2023-06-07,10:10 AM,Side collision,0,CHAMPAIGN,IL,74.0,2,Day,Clear,Yard,Cut of cars,0,24844,0,29344,H702,40.115977000000001,-88.241614999999996
NS,152901,2023-04-24,7:15 AM,Other impacts,0,ELKHART,IN,30.0,1,Dawn,Clear,Yard,Yard/switching,3,49035,0,71529,M507,41.677391999999998,-85.978437
UP,0823MA004,2023-08-07,6:05 PM,Hwy-rail crossing,0,GRANITE CITY,IL,79.0,3,Dusk,Cloudy,Main,,0,0,0,12661,M308,38.752298000000003,-90.102670000000003
CSX,000167263,2017-03-04,4:36 AM,Derailment,0,CARTERSVILLE,GA,68.0,4,Dark,Clear,Industry,Freight Train,2,121865,12100,133965,H702,34.125833999999998,-84.903071999999995
ATK,137191,2015-04-25,10:40 PM,Obstruction,0,SAVANNAH,GA,60.0,4,Dark,Rain,Main,Passenger Train - Pulling,44,18708,0,18708,M404,32.018808999999997,-81.198674999999994
BLF,20180282,2018-09-25,6:55 PM,Hwy-rail crossing,0,HOLLYWOOD,FL,80.0,3,Dusk,Clear,Main,Passenger Train - Pulling,27,14348,0,14731,M308,26.003599000000001,-80.149199999999993
BLF,20231497,2023-02-08,8:06 PM,Hwy-rail crossing,0,DELRAY BEACH,FL,71.0,4,Dark,Clear,Main,Passenger Train - Pulling,71,34171,0,50799,M308,26.425325000000001,-80.076109000000002
LIRC,0628201701,2017-06-28,1:30 PM,Hwy-rail crossing,0,HENRYVILLE,IN,80.0,2,Day,Clear,Main,,0,0,50000,53193,M308,38.541521000000003,-85.765378999999996
NOPB,D20160706T,2016-07-06,3:55 AM,Derailment,0,NEW ORLEANS,LA,90.0,4,Dark,Clear,Main,Freight Train,5,0,0,17000,H522,29.962433999999998,-90.048934000000003
NS,132095,2018-12-17,8:45 PM,Derailment,0,MACON,GA,45.0,4,Dark,Clear,Yard,Yard/switching,5,20457,0,20457,S016,32.813657999999997,-83.622784999999993
CSX,000179933,2018-11-16,5:20 AM,Derailment,0,OKEECHOBEE,FL,50.0,1,Dawn,Clear,Main,Freight Train,38,13056,1343,14399,M599,27.347100000000001,-81.058932999999996
BNSF,CH0424110,2024-04-25,2:38 PM,Derailment,0,CHICAGO,IL,50.0,2,Day,Cloudy,Yard,Yard/switching,5,71736,50000,121736,M503,41.859873,-87.666962999999996
CSX,000189998,2020-05-02,2:38 AM,Broken train collision,0,CUMBERLAND,MD,48.0,4,Dark,Cloudy,Yard,Spec. MoW Equip.,0,82612,1000,383999,E30C,39.644503999999998,-78.760839000000004
LIRC,LIRC00057F,2023-09-12,6:35 AM,Hwy-rail crossing,0,HENRYVILLE,IN,60.0,1,Dawn,Rain,Main,,0,0,72445,72445,M303,38.541510000000002,-85.765360000000001
NS,155044,2023-12-12,9:30 AM,Derailment,0,NEW SALEM,IL,30.0,2,Day,Clear,Main,Freight Train,39,1897620,350674,2248294,M505,39.700277,-90.831733999999997
FEC,D86122015,2015-12-20,5:00 AM,Derailment,0,ROCKLEDGE,FL,68.0,1,Dawn,Clear,Main,Freight Train,12,300000,271419,571419,E51L,28.258707999999999,-80.687335000000004
NS,154453,2023-10-10,1:00 AM,Derailment,0,ELKHART,IN,48.0,4,Dark,Clear,Yard,Yard/switching,8,2675,9000,11675,M405,41.668491000000003,-86.014269999999996
FEC,X13031819,2019-03-18,8:54 PM,Hwy-rail crossing,0,LAKE WORTH,FL,68.0,4,Dark,Cloudy,Main,,0,0,625,16325,M399,26.627737,-80.059240000000003
CSX,000194382,2020-12-11,1:46 AM,Derailment,0,BARTOW,FL,45.0,4,Dark,Fog,Industry,Freight Train,4,22179,472,22651,H702,27.892116000000001,-81.912315000000007
NS,152943,2023-04-28,12:15 PM,Derailment,0,ALEXANDRIA,IN,55.0,2,Day,Rain,Main,Freight Train,24,10200,5741,15941,E53C,40.248685000000002,-85.633240999999998
CSX,000171373,2017-08-30,11:00 PM,Other impacts,0,WAYCROSS,GA,75.0,4,Dark,Clear,Yard,Cut of cars,5,19457,33,19490,H316,31.213524,-82.353588000000002
CSX,000211781,2023-06-12,5:26 PM,Hwy-rail crossing,0,ST JOE,IN,62.0,3,Dusk,Clear,Main,Freight Train,36,8818,28676,37494,M308,41.314959000000002,-84.886814000000001
NS,151780,2022-12-20,10:44 PM,Other (describe in narrative),0,ABOITE,IN,21.0,4,Dark,Clear,Yard,Freight Train,2,1400,25678,27078,H702,40.994052000000003,-85.338823000000005
CSX,000193703,2020-11-07,7:13 PM,Hwy-rail crossing,0,LAKELAND,FL,75.0,3,Dusk,Clear,Main,Passenger Train - Pulling,0,0,0,12649,M302,28.045593,-81.890252000000004
CSX,000174346,2018-01-29,6:45 AM,Derailment,0,DACULA,GA,55.0,1,Dawn,Cloudy,Industry,Freight Train,8,112505,0,180505,H008,33.983919,-83.928137000000007
ATK,181243,2024-07-20,9:34 PM,Obstruction,0,RICHMOND HILL,GA,0.0,4,Dark,Clear,Main,Passenger Train - Pulling,75,18620,0,18620,M404,31.920406,-81.351508999999993
CFRC,20231,2020-08-18,2:25 AM,Derailment,0,SANFORD,FL,77.0,4,Dark,Clear,Yard,,0,0,3000,69835,T221,28.827988000000001,-81.321704999999994
BLF,20180271,2018-09-19,6:54 AM,Obstruction,0,HALLANDALE,FL,75.0,1,Dawn,Clear,Main,Passenger Train - Pulling,77,31384,0,31497,M402,25.997253000000001,-80.148381999999998
FEC,X20050222,2022-05-02,5:41 AM,Hwy-rail crossing,0,POMPANO BEACH,FL,75.0,4,Dark,Clear,Main,,0,0,154,67664,M308,26.236923000000001,-80.124311000000006
UP,0821MA001,2021-08-02,10:28 AM,Other impacts,0,NORTH LITTLE ROCK,AR,77.0,2,Day,Cloudy,Yard,Yard/switching,5,1481,29220,33184,M411,34.775331999999999,-92.222234999999998
CSX,000198852,2021-07-15,8:30 AM,Derailment,0,HIALEAH,FL,82.0,2,Day,Cloudy,Industry,Yard/switching,8,13147,0,33147,T212,25.816482000000001,-80.258837
NS,151830,2022-12-13,7:00 PM,Other impacts,0,ELKHART,IN,25.0,3,Dusk,Cloudy,Yard,Cut of cars,9,12621,0,93162,H602,41.677391999999998,-85.978437
CSX,000171221,2017-08-25,9:51 AM,Other impacts,0,INDIANAPOLIS,IN,80.0,2,Day,Clear,Main,Freight Train,0,0,0,177756,H018,39.763019,-86.185691000000006
SFRV,09242021,2021-09-24,11:17 PM,Derailment,0,HIALEAH,FL,82.0,4,Dark,Cloudy,Yard,Commuter Train - Pulling,5,36146,0,36146,H303,25.513631,-80.153593999999998
CSX,000172930,2017-11-15,9:30 PM,Side collision,0,WAYCROSS,GA,48.0,4,Dark,Clear,Yard,Cut of cars,1,14245,0,14342,S007,31.213524,-82.353588000000002
BNSF,KS1019107,2019-10-13,7:25 AM,Derailment,0,ABILENE,KS,45.0,1,Dawn,Clear,Industry,Freight Train,8,28896,0,28896,H307,38.915447,-97.221001999999999
CSX,000174838,2018-02-21,8:30 AM,Derailment,0,OAKTOWN,IN,33.0,2,Day,Clear,Industry,Freight Train,4,45097,250,45347,M501,38.871733999999996,-87.439674999999994
IC,1134590,2023-06-21,2:00 AM,Side collision,0,ST ROSE,LA,80.0,4,Dark,Cloudy,Industry,Cut of cars,2,737,0,18737,H020,29.948488999999999,-90.352592000000001
FEC,X35081822,2022-08-18,4:52 PM,Hwy-rail crossing,0,NORTH MIAMI,FL,82.0,2,Day,Clear,Main,,0,0,33451,41073,M308,25.906103000000002,-80.159063000000003
CSX,000162016,2016-08-10,10:30 AM,Derailment,0,FALMOUTH,KY,85.0,2,Day,Clear,Main,Freight Train,36,1256825,285911,1542736,H218,38.676943000000001,-84.335410999999993
ATK,167720,2021-07-15,9:29 PM,Hwy-rail crossing,0,PALATKA,FL,77.0,3,Dusk,Clear,Main,Passenger Train - Pulling,75,40466,0,59279,M302,29.745546999999998,-81.642086000000006
BLF,20180311,2018-10-16,12:04 PM,Hwy-rail crossing,0,DEERFIELD BEACH,FL,93.0,2,Day,Clear,Main,Passenger Train - Pulling,79,36098,0,63588,M304,26.271298999999999,-80.114898999999994
CSX,000169765,2017-06-21,9:00 AM,Hwy-rail crossing,0,GRANTVILLE,GA,72.0,2,Day,Rain,Main,Freight Train,33,5000,8722,13722,M303,33.234375999999997,-84.83511
CSX,000183956,2019-07-06,2:57 AM,Hwy-rail crossing,0,JACKSONVILLE,FL,76.0,4,Dark,Cloudy,Main,Light loco(s),30,334,36654,36988,M302,30.215161999999999,-81.704302999999996
KO,IN190430,2019-04-30,3:00 PM,Derailment,0,SCOTT CITY,KS,52.0,2,Day,Clear,Main,Freight Train,3,5000,12900,17900,T220,38.487228000000002,-100.909671
KCS,16100102,2016-10-01,9:35 AM,Derailment,0,SHREVEPORT,LA,72.0,2,Day,Clear,Yard,Yard/switching,3,5087,27253,32340,H504,32.540970999999999,-93.841728000000003
ATK,157589,2019-02-12,2:45 AM,Hwy-rail crossing,0,PEABODY,KS,29.0,4,Dark,Clear,Main,Passenger Train - Pulling,79,27135,0,27385,M302,38.188172000000002,-97.045126999999994
CSX,000168943,2017-05-17,4:27 PM,Hwy-rail crossing,0,EAST POINT,GA,88.0,2,Day,Clear,Main,Freight Train,30,10611,589,11200,M308,33.649104000000001,-84.520758000000001
UP,0520GL002,2020-05-03,7:30 PM,Other impacts,0,BOONE,IA,73.0,3,Dusk,Clear,Yard,Single Car,0,7007,0,37646,H312,42.060074999999998,-93.853622999999999
LAS,170605003,2017-06-05,1:00 PM,Derailment,0,MINDEN,LA,85.0,2,Day,Clear,Yard,Yard/switching,6,5500,12000,17500,T220,32.610100000000003,-93.291545999999997