reportingrailroadcode,accidentnumber,date,time,accidenttype,hazmatreleasedcars,station,stateabbr,temperature,visibility_code,visibility,weathercondition,tracktype,equipmenttype,trainspeed,equipmentdamagecost,trackdamagecost,totaldamagecost,primaryaccidentcausecode,latitude,longitude
CSX,000200444,2021-10-03,11:40 AM,Hwy-rail crossing,0,DOVER,FL,87.0,2,Day,Clear,Main,,0,0,0,26513,M308,27.997215000000001,-82.207401000000004
ALS,0424AS011,2024-04-18,2:05 AM,Derailment,0,EAST ST LOUIS,IL,59.0,4,Dark,Clear,Yard,Yard/switching,7,19865,0,20468,H506,38.599206000000002,-90.152491999999995
NS,115084,2015-04-01,3:20 AM,Derailment,0,PERU,IN,39.0,4,Dark,Clear,Yard,Freight Train,4,12621,1100,13721,H303,40.770631999999999,-86.022997000000004
CSX,000193170,2020-10-11,2:35 AM,Derailment,0,JACKSONVILLE,FL,75.0,4,Dark,Cloudy,Yard,Freight Train,4,12352,1000,13352,H704,30.383312,-81.768904000000006
CSX,000211967,2023-06-26,9:47 AM,Side collision,0,JACKSONVILLE,FL,91.0,2,Day,Clear,Yard,Freight Train,4,343489,0,352538,H306,30.359359000000001,-81.716903000000002
SGLR,SG202237,2022-07-05,11:21 AM,Hwy-rail crossing,0,FT MYERS,FL,90.0,2,Day,Clear,Main,Freight Train,17,131800,1800,133600,M304,26.644535000000001,-81.857221999999993
NS,126162,2017-08-10,11:10 AM,Hwy-rail crossing,0,MCDONOUGH,GA,80.0,2,Day,Clear,Main,Freight Train,29,2020,34456,36476,M303,33.351872999999998,-84.111945000000006
BRC,14115,2018-05-19,8:30 AM,Derailment,0,BEDFORD PARK,IL,70.0,2,Day,Cloudy,Yard,Yard/switching,7,17354,16703,34057,M101,41.765506999999999,-87.731258999999994
CSX,000143013,2015-03-14,7:15 AM,Derailment,0,AVON,IN,45.0,1,Dawn,Clear,Yard,Cut of cars,0,54998,0,57318,M407,39.759222000000001,-86.353898999999998
CP,1000155175,2014-12-20,3:25 AM,Derailment,0,OTTUMWA,IA,34.0,4,Dark,Cloudy,Yard,Freight Train,5,26819,3540,30359,T221,41.019370000000002,-92.450249999999997
NS,113583,2014-12-24,11:35 AM,Derailment,0,BURNS HARBOR,IN,39.0,2,Day,Rain,Industry,Freight Train,10,16000,1200,17200,M101,41.620514,-87.144907000000003
BNSF,TC0516107,2016-05-15,11:00 AM,Derailment,0,MINNEAPOLIS,MN,62.0,2,Day,Clear,Yard,Yard/switching,4,4500,30561,35061,H607,45.031897000000001,-93.271646000000004
CSX,000155067,2015-12-10,5:45 PM,Side collision,0,ATLANTA,GA,62.0,4,Dark,Cloudy,Yard,Cut of cars,0,1000,0,59223,H018,33.794142000000001,-84.417659999999998
NS,113549,2014-12-22,9:50 AM,Derailment,0,BALDWIN,GA,45.0,2,Day,Rain,Industry,Freight Train,7,7220,5000,12220,H524,34.483508,-83.554297000000005
CSX,000205703,2022-06-18,9:30 PM,Derailment,0,GIBSONTON,FL,83.0,4,Dark,Clear,Industry,Freight Train,7,21513,790,24852,M506,27.80791,-82.375215999999995
UP,0816KC016,2016-08-19,1:06 AM,Derailment,0,KANSAS CITY,KS,78.0,4,Dark,Clear,Yard,Yard/switching,3,3931,11765,15696,H702,39.092796,-94.654617000000002
NS,157583,2024-08-02,8:10 AM,Side collision,0,ADRIAN,MI,73.0,2,Day,Cloudy,Main,Freight Train,26,382019,273323,1397360,H021,41.892069999999997,-84.015974999999997
SFRV,03302019,2019-03-30,2:30 PM,Derailment,0,HIALEAH,FL,90.0,2,Day,Clear,Yard,Commuter Train - Pulling,5,34000,12316,46316,H702,26.511278000000001,-80.153554
CSX,000217595,2024-04-23,9:15 PM,Other impacts,0,RIVERDALE,IL,40.0,4,Dark,Cloudy,Yard,Cut of cars,3,106,0,46738,H018,41.650035000000003,-87.643692000000001
CSX,000168348,2017-04-17,4:57 PM,Other impacts,0,ATLANTA,GA,81.0,2,Day,Clear,Yard,Single Car,12,42600,0,46600,H318,33.801256000000002,-84.449673000000004
UPME,0124CM006,2024-01-10,8:00 AM,Obstruction,0,MT PROSPECT,IL,29.0,2,Day,Cloudy,Main,Passenger Train - Pulling,50,18820,2665,21485,M404,42.063240999999998,-87.936723000000001
CSX,000175129,2018-03-09,3:13 AM,Derailment,0,CORDELE,GA,30.0,4,Dark,Clear,Yard,Freight Train,3,12862,510,13372,H522,32.000256999999998,-83.813969
CSX,000155798,2016-01-07,3:40 AM,Derailment,0,GARY,IN,33.0,4,Dark,Cloudy,Yard,Freight Train,4,64497,0,75536,H702,41.621763999999999,-87.377270999999993
NS,154560,2023-10-20,3:30 AM,Other impacts,0,ELKHART,IN,40.0,4,Dark,Rain,Yard,Yard/switching,10,250245,3500,253745,M411,41.677391999999998,-85.978437
BLF,20190304,2019-08-06,7:09 AM,Hwy-rail crossing,0,LANTANA,FL,80.0,2,Day,Clear,Main,Passenger Train - Pulling,79,13852,0,14333,M303,26.3431,-80.031300000000002
WTA,220413WTA,2022-04-13,1:18 AM,Derailment,0,WICHITA,KS,51.0,4,Dark,Rain,Yard,Yard/switching,7,57242,1900,59142,E64C,37.730705999999998,-97.330980999999994
BNSF,RD0724103,2024-07-03,4:30 PM,Derailment,0,LAFAYETTE,LA,94.0,2,Day,Clear,Yard,Yard/switching,6,35127,13525,48652,H019,30.234773000000001,-92.047584999999998
FEC,D84121315,2015-12-13,2:30 PM,Derailment,0,JACKSONVILLE,FL,75.0,2,Day,Clear,Yard,Yard/switching,5,1065,13834,14899,H306,30.226568,-81.592556000000002
ATK,137931,2015-06-07,10:55 PM,Obstruction,0,TUSCOLA,IL,68.0,4,Dark,Rain,Main,Passenger Train - Pulling,70,12753,0,12753,M404,39.808992000000003,-88.289473999999998
NS,134592,2019-07-04,1:40 PM,Derailment,0,CHESTERTON,IN,88.0,2,Day,Clear,Main,Freight Train,18,76957,168878,245835,E06C,41.611856000000003,-87.056630999999996
SKOL,220504005,2022-05-04,7:00 PM,Derailment,0,CHERRYVALE,KS,56.0,2,Day,Rain,Yard,Yard/switching,6,32000,2500,34500,H303,37.327635000000001,-95.531651999999994
FEC,D10012821,2021-01-28,10:30 PM,Side collision,0,MIAMI-DADE,FL,57.0,4,Dark,Clear,Industry,Cut of cars,0,0,0,19774,H302,25.876977,-80.373771000000005
NS,157189,2024-06-27,9:55 AM,Other impacts,0,NEW ORLEANS,LA,85.0,2,Day,Clear,Yard,Yard/switching,0,0,0,30000,H018,29.975954999999999,-90.044582000000005
KO,IN181222,2018-12-22,12:30 AM,Raking collision,0,HUTCHINSON,KS,36.0,4,Dark,Clear,Main,Freight Train,3,20551,0,20551,H020,38.048411999999999,-97.937965000000005
CSX,000201018,2021-10-30,11:45 AM,Hwy-rail crossing,0,SEVILLE,FL,73.0,2,Day,Cloudy,Main,,0,0,0,15214,M302,29.354496999999999,-81.503353000000004
CSX,000198903,2021-07-15,9:31 PM,Hwy-rail crossing,0,PALATKA,FL,80.0,4,Dark,Clear,Main,,0,0,18813,59279,M302,29.745546999999998,-81.642086000000006
CSX,000216519,2024-03-02,6:29 PM,Rear end collision,0,RIVERDALE,IL,35.0,2,Day,Clear,Yard,Yard/switching,10,219457,0,240226,H306,41.649856999999997,-87.631208999999998
UP,0724GL008,2024-07-08,11:59 AM,Other impacts,0,COUNCIL BLUFFS,IA,73.0,2,Day,Cloudy,Yard,Cut of cars,4,36380,0,39221,M408,41.248446000000001,-95.875681
ALS,0324AS019,2024-03-29,2:20 AM,Derailment,0,EAST ST LOUIS,IL,46.0,4,Dark,Clear,Yard,Yard/switching,4,119301,33,119334,M405,38.596774000000003,-90.146889000000002
TPW,TPW558518A,2018-01-24,2:05 PM,Derailment,0,LOGANSPORT,IN,30.0,2,Day,Cloudy,Main,,0,0,15799,35460,E24C,40.751412000000002,-86.361231000000004
CSX,000216777,2024-03-16,5:48 PM,Other impacts,0,INDIANAPOLIS,IN,58.0,2,Day,Cloudy,Yard,Cut of cars,15,35116,0,35116,M407,39.759798000000004,-86.327516000000003
BNSF,KS0619107,2019-06-13,8:13 AM,Side collision,0,KANSAS CITY,KS,78.0,1,Dawn,Clear,Yard,Yard/switching,0,31540,0,32403,H317,39.082194999999999,-94.677633999999998
NOPB,D20210918E,2021-09-18,5:00 AM,Derailment,0,AVONDALE,LA,82.0,4,Dark,Clear,Main,Freight Train,8,20000,0,470825,M405,29.917211999999999,-90.185702000000006
CSX,000212727,2023-08-07,2:15 AM,Other impacts,0,TAMPA,FL,91.0,4,Dark,Clear,Yard,Cut of cars,0,54944,0,61620,H306,27.955863000000001,-82.389629999999997
CSX,000182304,2019-04-11,2:58 PM,Hwy-rail crossing,0,SEVILLE,FL,77.0,2,Day,Clear,Siding,,0,0,97,15048,M302,29.305551999999999,-81.488007999999994
FEC,D60110719,2019-11-07,10:00 AM,Side collision,0,MIAMI-DADE,FL,80.0,2,Day,Clear,Industry,Yard/switching,6,50000,0,50000,H302,25.833103999999999,-80.256162000000003
BNSF,RD0918105,2018-09-03,11:30 AM,Other impacts,0,LAFAYETTE,LA,90.0,2,Day,Rain,Yard,Yard/switching,5,18500,0,18500,H318,30.235146,-92.053586999999993
CSX,000175733,2018-04-10,8:58 PM,Side collision,0,INDIANAPOLIS,IN,35.0,4,Dark,Clear,Yard,Light loco(s),7,7000,0,16608,H307,39.759791,-86.327526000000006
UP,0724GL008,2024-07-08,11:59 AM,Other impacts,0,COUNCIL BLUFFS,IA,73.0,2,Day,Cloudy,Yard,Yard/switching,0,2841,0,39221,M408,41.248446000000001,-95.875681
UP,0219MA035,2019-02-19,1:27 AM,Derailment,0,PINE BLUFF,AR,36.0,4,Dark,Cloudy,Yard,Single Car,0,349,0,82471,M411,34.247248999999996,-91.942313999999996
CSX,000189998,2020-05-02,2:38 AM,Broken train collision,0,CUMBERLAND,MD,48.0,4,Dark,Cloudy,Yard,Cut of cars,0,197007,0,383999,E30C,39.644503999999998,-78.760839000000004
BRC,14758,2024-04-04,2:00 PM,Raking collision,0,BEDFORD PARK,IL,42.0,2,Day,Clear,Yard,,0,0,442,31712,H210,41.463999999999999,-87.454499999999996
CSX,000154347,2015-11-17,5:35 AM,Side collision,0,ATLANTA,GA,40.0,1,Dawn,Clear,Yard,Yard/switching,4,6000,251,18893,H306,33.749426,-84.376845000000003
BNSF,CH0624106,2024-06-22,11:31 PM,Raking collision,0,CHICAGO,IL,75.0,4,Dark,Clear,Main,Freight Train,13,4875,570,311460,H996,41.845585,-87.738849999999999
TRRA,24005OR,2024-02-25,9:13 AM,Derailment,0,EAST ST LOUIS,IL,50.0,2,Day,Clear,Yard,Freight Train,0,0,9233,16877,H503,38.597017000000001,-90.162255000000002
CSX,000173443,2017-12-14,6:00 AM,Other impacts,0,SAVANNAH,GA,45.0,1,Dawn,Clear,Yard,Single Car,7,0,97,42097,H318,32.027718,-81.148849999999996
UP,1220RM020,2020-12-21,2:00 AM,Derailment,0,BERN,ID,40.0,4,Dark,Cloudy,Main,Freight Train,31,530551,30442,560993,E7AL,42.367288000000002,-111.33990300000001
NS,117824,2015-10-18,8:00 AM,Derailment,0,ELKHART,IN,39.0,2,Day,Clear,Yard,Yard/switching,5,12876,2000,14876,M101,41.677391,-85.978436000000002
CSX,000173790,2018-01-03,2:37 AM,Derailment,0,VALDOSTA,GA,28.0,4,Dark,Rain,Yard,Freight Train,5,12287,197,12484,H503,30.816435999999999,-83.312826999999999
CSX,000192865,2020-09-26,1:00 AM,Derailment,0,BARTOW,FL,75.0,4,Dark,Clear,Main,Freight Train,16,28547,41122,69669,E53C,27.896725,-81.897391999999996
UP,1016LV021,2016-10-29,7:38 PM,Derailment,0,LIVONIA,LA,67.0,3,Dusk,Clear,Yard,Yard/switching,9,54940,88140,143080,M507,30.521699999999999,-91.548322999999996
SFRV,041115,2015-04-11,7:50 PM,Other impacts,0,FORT LAUDERDALE,FL,80.0,4,Dark,Cloudy,Main,Commuter Train - Pulling,50,40882,0,40882,M402,26.145612,-80.170303000000004
BLF,20180315,2018-10-19,1:05 PM,Hwy-rail crossing,0,HOLLYWOOD,FL,86.0,2,Day,Clear,Main,Passenger Train - Pulling,79,76103,0,76179,M303,26.036024000000001,-80.149889999999999
UP,0419HL023,2019-04-16,2:40 AM,Derailment,0,WICHITA,KS,65.0,4,Dark,Cloudy,Yard,Yard/switching,3,23630,26676,50306,H702,37.737952,-97.312281999999996
NICD,N1800003,2018-01-14,10:38 PM,Fire/violent rupture,0,CHESTERTON,IN,18.0,4,Dark,Snow,Main,EMU,40,500000,65000,565000,E78L,41.644551999999997,-87.062236999999996
NS,117450,2015-09-21,12:15 AM,Derailment,0,ELKHART,IN,55.0,4,Dark,Clear,Yard,Yard/switching,2,53850,2000,55850,S016,41.677391,-85.978436000000002
WC,847700,2015-04-23,11:25 PM,Other impacts,0,GARY,IN,34.0,4,Dark,Clear,Yard,Cut of cars,0,3694,0,76852,H706,41.619278999999999,-87.370749000000004
FEC,X26080819,2019-08-08,11:42 AM,Hwy-rail crossing,0,BOYNTON BEACH,FL,92.0,2,Day,Clear,Main,,0,0,384,26723,M308,26.507306,-80.063005000000004
UP,1018KC003,2018-10-04,5:00 PM,Other impacts,0,KANSAS CITY,KS,60.0,2,Day,Cloudy,Yard,Yard/switching,4,32349,1720,35020,H312,39.097315000000002,-94.665940000000006
UP,0819HL029,2019-08-20,4:45 PM,Derailment,0,KANSAS CITY,KS,95.0,2,Day,Clear,Main,Freight Train,38,7852,0,11752,H525,39.079158,-94.612706000000003
ISW,02172016,2016-02-17,8:00 AM,Obstruction,0,EVANSVILLE,IN,34.0,2,Day,Cloudy,Yard,Yard/switching,3,0,0,70654,S016,38.013100000000001,-87.590360000000004
LAS,220129005,2022-01-29,2:30 PM,Derailment,0,GIBSLAND,LA,69.0,2,Day,Clear,Yard,Freight Train,10,15000,0,18319,E4TL,32.324599999999997,-93.031000000000006
BLF,20190448,2019-11-12,6:33 PM,Hwy-rail crossing,0,NORTH MIAMI BEACH,FL,85.0,3,Dusk,Cloudy,Main,Passenger Train - Pulling,52,18684,0,19037,M308,25.560566000000001,-80.090523000000005
BNSF,KS0319108,2019-03-19,7:23 AM,Derailment,0,KANSAS CITY,KS,38.0,1,Dawn,Rain,Yard,Yard/switching,0,35214,0,257620,M407,39.082171000000002,-94.677796000000001
UP,0215LK008,2015-02-10,10:28 AM,Hwy-rail crossing,0,PLAIN DEALING,LA,51.0,2,Day,Clear,Main,Freight Train,48,16285,1650,17935,M308,32.943181000000003,-93.690365999999997
NS,113766,2015-01-10,6:35 PM,Derailment,0,MACON,GA,40.0,3,Dusk,Clear,Yard,Yard/switching,4,4700,19680,24380,M411,32.813729000000002,-83.622793000000001
SFRV,05182024,2024-05-18,10:55 PM,Hwy-rail crossing,0,WEST PALM BEACH,FL,80.0,4,Dark,Clear,Main,Passenger Train - Pulling,59,20000,0,20000,M399,26.73639,-80.058300000000003
UP,0119HL012,2019-01-15,11:20 AM,Other (describe in narrative),0,OSAWATOMIE,KS,37.0,2,Day,Cloudy,Main,Freight Train,40,1846,20773,22619,E69C,38.418253999999997,-94.956620000000001
NS,154828,2023-11-19,6:55 PM,Derailment,0,JACKSONVILLE,FL,70.0,3,Dusk,Clear,Yard,Yard/switching,4,282183,0,396582,H702,30.369481,-81.731904
CFRC,21272,2021-09-29,6:38 AM,Hwy-rail crossing,0,ORLANDO,FL,70.0,4,Dark,Clear,Main,Commuter Train - Pushing,71,40000,28896,68896,M302,28.392734999999998,-81.374537000000004
CSX,000187589,2019-12-28,8:41 PM,Derailment,0,DEARBORN,MI,37.0,4,Dark,Cloudy,Yard,Light loco(s),10,32241,200,32441,H306,42.296850999999997,-83.145398
UP,1123GC018,2023-11-15,8:20 AM,Other impacts,0,MARINGOUIN,LA,57.0,,,Cloudy,Yard,Single Car,5,55536,0,59596,H301,30.522189000000001,-91.551609999999997
NS,153665,2023-07-19,1:05 AM,Derailment,0,CHICAGO,IL,62.0,4,Dark,Clear,Yard,Yard/switching,4,12373,2374,14747,H303,41.694381999999997,-87.564355000000006
NS,123014,2016-12-05,3:00 PM,Derailment,0,AUSTELL,GA,55.0,2,Day,Rain,Yard,Freight Train,9,19400,1600,21000,H601,33.814067000000001,-84.628338999999997
NS,151440,2022-11-10,10:00 PM,Derailment,0,DANVILLE,KY,45.0,4,Dark,Cloudy,Yard,Freight Train,10,366668,76504,877945,H504,37.626669999999997,-84.783730000000006
FEC,D64092722,2022-09-27,10:00 AM,Other (describe in narrative),0,PORT SAINT LUCIE,FL,78.0,2,Day,Clear,Main,Work train,32,165000,0,165000,M299,27.381253000000001,-80.295399000000003
CSX,000174495,2018-02-04,8:35 PM,Derailment,0,WAYCROSS,GA,55.0,4,Dark,Cloudy,Yard,Yard/switching,2,88000,2209,90209,E27C,31.213524,-82.353588000000002
CSX,000143013,2015-03-14,7:15 AM,Derailment,0,AVON,IN,45.0,1,Dawn,Clear,Yard,Single Car,20,2220,100,57318,M407,39.759222000000001,-86.353898999999998
GRW,04,2018-02-03,11:30 PM,Derailment,0,GARY,IN,34.0,4,Dark,Snow,Yard,Yard/switching,7,16332,18701,35033,E04C,41.623226000000003,-87.351105000000004
UP,0118KC034,2018-01-26,10:00 AM,Derailment,0,KANSAS CITY,KS,60.0,2,Day,Clear,Yard,Yard/switching,5,6934,8708,15642,M405,39.116807999999999,-94.613916000000003
ATK,156069,2018-10-31,11:26 AM,Hwy-rail crossing,0,PALATKA,FL,0.0,2,Day,Clear,Main,Passenger Train - Pulling,70,33788,0,33885,M302,29.725472,-81.652022000000002
CSX,000213333,2023-09-05,3:14 PM,Hwy-rail crossing,0,FROSTPROOF,FL,92.0,2,Day,Cloudy,Main,,0,0,0,92606,M308,27.681144,-81.549786999999995
NS,146671,2022-07-26,8:30 AM,Hwy-rail crossing,0,GARY,IN,73.0,2,Day,Clear,Main,,0,0,0,27653,M308,41.624831999999998,-87.393979999999999
NS,153214,2023-05-30,4:10 AM,Other impacts,1,ELKHART,IN,65.0,1,Dawn,Clear,Yard,Single Car,0,75000,0,84824,H021,41.668491000000003,-86.014269999999996
CSX,000142608,2015-03-06,11:00 AM,Hwy-rail crossing,0,MORRISTOWN,IN,35.0,2,Day,Clear,Main,Freight Train,29,0,47355,47355,M303,39.671075999999999,-85.680627000000001
NS,156316,2024-04-07,5:53 PM,Side collision,0,ELKHART,IN,44.0,3,Dusk,Clear,Yard,Yard/switching,3,20444,0,20444,S007,41.677391999999998,-85.978437
UP,0724GC028,2024-07-26,3:45 AM,Other impacts,0,LAKE CHARLES,LA,74.0,4,Dark,Clear,Yard,Light loco(s),7,0,0,46416,H306,30.238464,-93.181888000000001
NIRC,9419002246,2024-07-15,10:08 PM,Obstruction,0,NEW LENOX,IL,91.0,4,Dark,Rain,Main,Commuter Train - Pushing,60,16002,0,16002,M404,41.506079999999997,-87.962310000000002
NS,155558,2024-01-25,10:15 AM,Derailment,0,MACON,GA,70.0,2,Day,Cloudy,Yard,Freight Train,3,18900,1165,20065,E89C,32.828532000000003,-83.625275999999999
UP,1019HL041,2019-10-03,11:52 AM,Other (describe in narrative),0,KANSAS CITY,KS,55.0,2,Day,Clear,Yard,Single Car,0,20546,0,20546,M507,39.096677999999997,-94.662291999999994
UP,1221MA027,2021-12-26,4:10 AM,Other impacts,0,NORTH LITTLE ROCK,AR,55.0,1,Dawn,Fog,Yard,Yard/switching,5,169313,952,174447,H307,34.780698999999998,-92.211087000000006
UP,0724MA034,2024-07-20,5:53 AM,Derailment,0,EAST ST LOUIS,IL,73.0,1,Dawn,Clear,Main,Freight Train,6,10553,0,21667,H518,38.594655000000003,-90.156754000000006
IHB,2824,2023-04-10,11:30 AM,Derailment,0,HAMMOND,IN,69.0,2,Day,Clear,Yard,,0,0,12635,16335,H513,41.612920000000003,-87.499099000000001
BNSF,KS0819109,2019-08-18,12:01 AM,Derailment,1,WALTON,KS,72.0,4,Dark,Rain,Main,Freight Train,0,802041,0,3389552,M105,38.115468,-97.258125000000007
ISRR,ISR346917D,2017-06-26,5:15 PM,Derailment,0,PETERSBURG,IN,80.0,2,Day,Clear,Main,Freight Train,7,12400,24000,36400,E85C,38.532699999999998,-87.242099999999994
CSX,000162754,2016-09-06,11:12 PM,Obstruction,0,LA GRANGE,GA,73.0,4,Dark,Clear,Main,Freight Train,23,122499,41475,163974,M509,33.032369000000003,-85.048237
LIRC,0207201801,2018-02-07,3:59 PM,Derailment,0,JEFFERSONVILLE,IN,34.0,2,Day,Clear,Yard,Freight Train,9,9000,9200,18200,T221,38.277569999999997,-85.737184999999997
CSX,000147968,2015-06-17,9:22 PM,Side collision,0,AUGUSTA,GA,86.0,4,Dark,Clear,Yard,Yard/switching,2,5000,50,32173,H306,33.455379000000001,-81.952251000000004
CSX,000157921,2016-03-09,12:24 PM,Obstruction,0,JUNCTION CITY,GA,72.0,2,Day,Clear,Industry,Light loco(s),3,23175,0,23175,H017,32.625757999999998,-84.473877000000002
TSWS,05192024,2024-05-19,12:05 AM,Other impacts,0,JOLIET,IL,70.0,4,Dark,Clear,Yard,Freight Train,8,75000,10000,187879,H301,41.480853000000003,-88.102033000000006
CSX,000165183,2016-12-13,11:02 AM,Other impacts,0,TALMO,GA,49.0,2,Day,Rain,Main,Light loco(s),14,35000,0,60000,M101,34.183919000000003,-83.741883999999999
UP,0721MA020,2021-07-16,5:57 PM,Other impacts,0,NORTH LITTLE ROCK,AR,84.0,2,Day,Cloudy,Yard,Single Car,0,265,0,60158,M411,34.771751000000002,-92.229232999999994
ATK,177120,2023-11-09,5:24 PM,Raking collision,0,CHICAGO,IL,60.0,3,Dusk,Clear,Main,Passenger Train - Pulling,15,12000,6500,18500,H999,41.871310000000001,-87.637699999999995
IC,1153445,2024-07-20,3:32 AM,Derailment,0,VENICE,IL,70.0,4,Dark,Clear,Yard,Freight Train,4,0,0,0,H703,38.662846999999999,-90.160664999999995
UP,1121MA044,2021-11-30,2:47 AM,Other impacts,0,NORTH LITTLE ROCK,AR,45.0,4,Dark,Cloudy,Yard,Yard/switching,4,221,0,75928,H309,34.774960999999998,-92.225463000000005
UP,1016KC013,2016-10-22,4:23 AM,Derailment,0,WILLIS,KS,42.0,4,Dark,Clear,Main,Freight Train,2,11850,0,11850,E66C,39.747154000000002,-95.556214999999995
FEC,D19030621,2021-03-06,10:30 PM,Obstruction,0,HOLLYWOOD,FL,80.0,4,Dark,Rain,Main,Freight Train,49,13347,135,13482,M402,25.997374000000001,-80.148668000000001
CP,1001346402,2020-10-19,2:55 PM,Other impacts,0,BENSENVILLE,IL,55.0,2,Day,Clear,Yard,Freight Train,4,254,1892,413415,H306,41.950569000000002,-87.915062000000006
CSX,000213682,2023-09-21,10:30 PM,Obstruction,0,WESTVILLE,IN,60.0,4,Dark,Clear,Industry,Freight Train,4,20792,0,20792,M599,41.50712,-86.866909000000007
WC,847700,2015-04-23,11:25 PM,Other impacts,0,GARY,IN,34.0,4,Dark,Clear,Yard,Yard/switching,7,72908,250,76852,H706,41.619278999999999,-87.370749000000004
CSX,000149941,2015-07-28,11:15 AM,Hwy-rail crossing,0,LIVE OAK,FL,88.0,2,Day,Clear,Main,Freight Train,33,30000,10000,40000,M304,30.304323,-83.009140000000002
UP,0724GC028,2024-07-26,3:45 AM,Other impacts,0,LAKE CHARLES,LA,74.0,4,Dark,Clear,Yard,Single Car,0,46416,0,46416,H306,30.238464,-93.181888000000001
MBTA,5720,2018-11-14,4:28 PM,Hwy-rail crossing,0,ABINGTON,MA,35.0,4,Dark,Clear,Main,Passenger Train - Pushing,42,15436,0,15436,M304,42.126466000000001,-70.940804
BNSF,KS0819203,2019-08-13,5:10 PM,Hwy-rail crossing,0,SPEARVILLE,KS,78.0,3,Dusk,Clear,Main,Freight Train,52,17500,1000,18500,M302,37.826171000000002,-99.806138000000004
HAL,HAL891916,2016-06-13,3:22 PM,Derailment,0,BLAKELY,GA,92.0,2,Day,Clear,Main,Freight Train,20,134000,50000,184000,M599,31.396239999999999,-84.907330000000002
MAUP,102221,2021-10-22,7:45 AM,Derailment,0,PALMETTO,FL,65.0,1,Dawn,Clear,Industry,Yard/switching,6,21620,4163,25783,H702,27.6373,-82.537800000000004
NS,151970,2023-01-10,10:10 AM,Side collision,0,OSCEOLA,IN,40.0,2,Day,Clear,Yard,Yard/switching,0,6000,629,11821,M407,41.666583000000003,-86.033423999999997
NS,126094,2017-08-04,10:00 PM,Derailment,0,NEW HAVEN,IN,60.0,4,Dark,Clear,Yard,Yard/switching,3,188,10770,10958,H399,41.071635999999998,-85.019841
UP,0921ME013,2021-09-13,7:29 AM,Derailment,0,PINE BLUFF,AR,70.0,1,Dawn,Clear,Yard,Light loco(s),4,12843,352,13195,H306,34.231423999999997,-91.957167999999996
WC,897238,2016-08-09,5:30 AM,Other impacts,0,GARY,IN,70.0,1,Dawn,Clear,Yard,Single Car,16,37000,860,54860,S014,41.616627999999999,-87.367188999999996
MBTA,19036,2019-02-07,1:40 AM,Other (describe in narrative),0,BOSTON,MA,28.0,4,Dark,Rain,Yard,Passenger Train - Pulling,2,30832,4076,34908,E40C,42.240630000000003,-71.128488000000004
FEC,X27100418,2018-10-04,2:00 PM,Hwy-rail crossing,0,FT PIERCE,FL,86.0,2,Day,Clear,Main,,0,0,225,15225,M302,27.320232000000001,-80.452725000000001
BRC,14781,2024-06-22,11:31 PM,Raking collision,0,CHICAGO,IL,75.0,4,Dark,Clear,Main,Freight Train,13,4875,150570,311460,H996,41.845585,-87.738849999999999
UP,0823PR003,2023-08-05,5:35 PM,Derailment,0,BUDA,IL,81.0,2,Day,Cloudy,Main,Freight Train,36,16479,110568,251255,E53C,41.334814999999999,-89.700986999999998
NS,125074,2017-05-16,10:45 PM,Derailment,0,ELKHART,IN,60.0,4,Dark,Clear,Yard,Yard/switching,4,62001,0,71754,H305,41.67736,-85.978494999999995
BNSF,KS0719106,2019-07-14,5:54 AM,Derailment,0,KANSAS CITY,KS,75.0,1,Dawn,Clear,Yard,Yard/switching,5,186771,319950,506721,H704,39.076526000000001,-94.656529000000006
CSX,000216672,2024-03-11,1:45 AM,Derailment,0,RIVERDALE,IL,40.0,4,Dark,Clear,Yard,Yard/switching,5,6361,6175,12536,H702,41.856304000000002,-87.739619000000005
NS,118348,2015-11-24,8:00 AM,Derailment,0,ELKHART,IN,31.0,2,Day,Cloudy,Yard,Light loco(s),2,12816,0,12816,E61L,41.677391,-85.978436000000002
HOG,HOG086617,2017-08-06,8:30 AM,Derailment,0,CORDELE,GA,90.0,2,Day,Clear,Yard,Work train,7,18600,5462,24062,H599,31.967549999999999,-83.742914999999996
FEC,D47090919,2019-09-09,3:35 PM,Derailment,0,MIAMI-DADE,FL,84.0,2,Day,Clear,Yard,Yard/switching,5,5348,5766,11114,H702,25.771953,-80.166364000000002
BNSF,KS1019104,2019-10-07,10:10 PM,Derailment,0,DODGE CITY,KS,51.0,4,Dark,Clear,Yard,Yard/switching,9,33402,3000,36402,T212,37.751855999999997,-100.010086
UP,0721MA040,2021-07-29,11:59 AM,Other impacts,0,CAMDEN,AR,89.0,2,Day,Clear,Yard,Freight Train,3,67800,3936,148178,H307,33.592270999999997,-92.828219000000004
IC,1149731,2024-05-12,9:25 AM,Other impacts,0,MARKHAM,IL,74.0,2,Day,Clear,Yard,Single Car,1,15000,0,16545,H318,41.343910000000001,-87.392244000000005
TPW,TPW311923D,2023-01-27,7:54 PM,Derailment,0,REYNOLDS,IN,33.0,4,Dark,Snow,Main,Freight Train,9,1600,15000,16600,E62C,40.752777999999999,-86.873333000000002