reportingrailroadcode,accidentnumber,date,time,accidenttype,hazmatreleasedcars,station,stateabbr,temperature,visibility_code,visibility,weathercondition,tracktype,equipmenttype,trainspeed,equipmentdamagecost,trackdamagecost,totaldamagecost,primaryaccidentcausecode,latitude,longitude
SFRV,12272019,2019-12-27,11:08 PM,Hwy-rail crossing,0,POMPANO BEACH,FL,88.0,4,Dark,Cloudy,Main,,0,0,24265,28422,M303,26.274847999999999,-80.134276
CSX,000157735,2016-03-03,5:57 PM,Hwy-rail crossing,0,INDIANAPOLIS,IN,45.0,2,Day,Cloudy,Main,Freight Train,24,2071,26819,28890,M303,39.794097000000001,-86.116600000000005
WC,1000787,2019-05-13,3:45 PM,Side collision,0,GARY,IN,55.0,2,Day,Clear,Yard,Light loco(s),4,7000,0,14000,H516,41.626099000000004,-87.410920000000004
MBTA,3020,2015-11-07,7:50 PM,Obstruction,0,MANCHESTER,MA,45.0,4,Dark,Clear,Main,Passenger Train - Pushing,50,28444,0,28444,M101,42.576799999999999,-70.758139
ATK,177379,2023-11-27,11:30 PM,Derailment,0,NEW ORLEANS,LA,50.0,4,Dark,Clear,Yard,Yard/switching,5,30841,0,30841,H303,29.953583999999999,-90.090744999999998
CSX,000184790,2019-08-17,2:00 AM,Side collision,0,JACKSONVILLE,FL,78.0,4,Dark,Cloudy,Yard,Freight Train,0,7000,472,19472,H306,30.359362000000001,-81.716896000000006
CFRC,23284,2023-10-11,11:47 AM,Fire/violent rupture,0,DE BARY,FL,80.0,2,Day,Clear,Main,Spec. MoW Equip.,3,0,15250,20500,M406,28.859821,-81.324054000000004
IC,1139244,2023-09-24,1:50 PM,Side collision,0,GILMAN,IL,81.0,2,Day,Clear,Industry,Cut of cars,0,30843,0,46343,H302,40.759534000000002,-88.021820000000005
BNSF,KS0519103,2019-05-07,5:40 PM,Derailment,0,ROCK,KS,57.0,3,Dusk,Rain,Main,Freight Train,0,491187,0,491187,M105,37.430328000000003,-97.010502000000002
UP,0719GC051,2019-07-31,9:08 AM,Hwy-rail crossing,0,DE QUINCY,LA,75.0,2,Day,Cloudy,Main,Freight Train,34,55713,206730,262443,M303,30.446065000000001,-93.427141000000006
NS,152161,2023-02-01,12:14 PM,Other impacts,0,PORTAGE,IN,15.0,2,Day,Clear,Yard,Single Car,0,200,12937,13337,H312,41.620514999999997,-87.144907000000003
ATK,139366,2015-09-24,9:19 AM,Derailment,0,SANFORD,FL,80.0,2,Day,Cloudy,Yard,Light loco(s),4,60000,1000,61000,H303,28.80716,-81.289559999999994
NS,131992,2018-12-09,5:20 PM,Derailment,0,GILLSVILLE,GA,35.0,3,Dusk,Rain,Main,Freight Train,21,520035,209647,729682,T220,34.322831999999998,-83.651405999999994
SCXF,20221128C,2022-11-28,2:45 AM,Hwy-rail crossing,0,CLEWISTON,FL,74.0,4,Dark,Fog,Main,Freight Train,20,500000,150000,650000,M306,26.754069999999999,-80.959230000000005
NS,152325,2023-02-16,5:00 PM,Derailment,0,ATLANTA,GA,72.0,3,Dusk,Clear,Main,Freight Train,15,20000,0,20000,E22C,33.786783,-84.410797000000002
ATK,181156,2024-07-13,9:42 AM,Obstruction,0,AUGUSTA,MI,80.0,2,Day,Clear,Main,Passenger Train - Pulling,60,26290,0,26290,M404,42.333877999999999,-85.348419000000007
EVWR,E2017JAN1D,2018-01-07,5:55 AM,Derailment,0,MOUNT VERNON,IN,18.0,4,Dark,Clear,Industry,Freight Train,3,24785,0,24785,M101,37.925238999999998,-87.860714999999999
NS,157078,2024-06-16,10:40 PM,Other impacts,0,ROME,GA,85.0,4,Dark,Clear,Yard,Cut of cars,8,30196,0,32148,H310,34.277316999999996,-85.141959
ATK,158340,2019-04-04,5:00 PM,Fire/violent rupture,0,MENDOTA,IL,45.0,2,Day,Rain,Main,Passenger Train - Pulling,19,13940,0,13940,M406,41.556826000000001,-89.106668999999997
GS,03132017,2017-03-13,10:30 AM,Derailment,0,FORT VALLEY,GA,45.0,2,Day,Clear,Main,Freight Train,6,100000,75000,175000,T221,32.489167000000002,-83.821388999999996
CSX,000214405,2023-11-08,2:24 AM,Hwy-rail crossing,0,LAFAYETTE,IN,50.0,4,Dark,Cloudy,Main,Freight Train,5,30284,174,30458,M302,40.402436000000002,-86.908072000000004
CSX,000173806,2018-01-03,9:30 PM,Derailment,0,SAVANNAH,GA,26.0,4,Dark,Snow,Main,,0,0,165,77315,H702,32.086883999999998,-81.151499000000001
CSX,000211602,2023-06-03,1:45 PM,Other impacts,0,INDIANAPOLIS,IN,94.0,2,Day,Cloudy,Yard,Light loco(s),0,29980,0,35468,H99D,39.759798000000004,-86.327516000000003
NS,115601,2015-05-10,5:30 AM,Derailment,0,OAKDALE,GA,68.0,1,Dawn,Clear,Yard,Yard/switching,8,12871,2998,15869,H305,33.793908000000002,-84.445462000000006
CSX,000184790,2019-08-17,2:00 AM,Side collision,0,JACKSONVILLE,FL,78.0,4,Dark,Cloudy,Yard,Yard/switching,10,12000,0,19472,H306,30.359362000000001,-81.716896000000006
CSX,000173612,2017-12-21,11:05 PM,Derailment,0,RENSSELAER,IN,30.0,4,Dark,Cloudy,Main,Freight Train,32,1568145,54798,1622943,E63C,40.943154999999997,-87.148208999999994
ATK,169488,2022-01-12,6:19 PM,Hwy-rail crossing,0,FORT LAUDERDALE,FL,75.0,4,Dark,Clear,Main,Passenger Train - Pulling,69,17680,0,17680,M302,26.203340000000001,-80.149906000000001
CSX,000167591,2017-03-20,12:10 AM,Derailment,0,WINDER,GA,48.0,4,Dark,Clear,Main,Freight Train,45,203634,639,204273,E30C,33.977243000000001,-83.645690999999999
NS,129005,2018-03-29,1:40 PM,Other impacts,0,ELKHART,IN,41.0,2,Day,Cloudy,Yard,Yard/switching,4,1326,0,34026,H306,41.67736,-85.978494999999995
CSX,000211060,2023-04-28,3:30 PM,Derailment,0,PENSACOLA,FL,72.0,2,Day,Clear,Yard,Freight Train,7,16000,19037,35037,M405,30.437033,-87.219928999999993
UP,0217LK008,2017-02-07,8:28 PM,Derailment,0,SHREVEPORT,LA,64.0,4,Dark,Clear,Yard,Freight Train,6,487,66,16856,H307,32.431128000000001,-93.906396000000001
ATK,160564,2019-08-11,6:28 AM,Hwy-rail crossing,0,JACKSONVILLE,FL,80.0,1,Dawn,Cloudy,Main,Passenger Train - Pulling,79,40000,0,40097,M308,30.394310000000001,-81.744516000000004
NS,157189,2024-06-27,9:55 AM,Other impacts,0,NEW ORLEANS,LA,85.0,2,Day,Clear,Yard,Single Car,5,30000,0,30000,H018,29.975954999999999,-90.044582000000005
WC,894019,2016-07-07,10:15 AM,Rear end collision,0,COTTON,MN,60.0,2,Day,Rain,Main,Maint./inspect Car,25,3600,0,37024,H997,47.021639,-92.340943999999993
UP,1018KC003,2018-10-04,5:00 PM,Other impacts,0,KANSAS CITY,KS,60.0,2,Day,Cloudy,Yard,Cut of cars,0,951,0,35020,H312,39.097315000000002,-94.665940000000006
CSX,000138531,2014-12-06,1:25 PM,Hwy-rail crossing,0,LAKELAND,FL,64.0,2,Day,Rain,Main,,0,0,0,20445,M302,28.029714999999999,-82.039390999999995
BNSF,KS0824111,2024-08-12,9:07 AM,Derailment,0,KANSAS CITY,KS,92.0,2,Day,Clear,Yard,Freight Train,7,30359,95000,125359,M201,39.084057999999999,-94.680059
CSX,000144240,2015-04-05,6:20 PM,Other impacts,0,LAFAYETTE,IN,61.0,2,Day,Clear,Yard,Cut of cars,4,28075,0,28694,H318,40.419862999999999,-86.896130999999997
CSX,000173024,2017-11-23,5:45 PM,Side collision,0,WAYCROSS,GA,55.0,3,Dusk,Cloudy,Yard,Cut of cars,0,0,0,28632,H399,31.213524,-82.353588000000002
BNSF,KS0719201,2019-07-03,10:30 PM,Hwy-rail crossing,0,EDGERTON,KS,80.0,4,Dark,Clear,Main,Freight Train,60,1250,125000,126250,M302,38.753145000000004,-95.013347999999993
FEC,D81111121,2021-11-11,2:00 PM,Side collision,0,JACKSONVILLE,FL,75.0,2,Day,Clear,Yard,Cut of cars,0,16000,0,16113,H317,30.249545999999999,-81.608759000000006
BRC,14800,2024-08-23,6:21 PM,Derailment,0,BEDFORD PARK,IL,70.0,3,Dusk,Clear,Yard,Yard/switching,8,30567,0,30567,H702,41.767429999999997,-87.780990000000003
NOPB,D20210730F,2021-07-30,2:55 PM,Derailment,0,AVONDALE,LA,90.0,2,Day,Clear,Main,,0,0,0,192873,M505,29.916694,-90.177629999999994
IAIS,2020022,2020-07-16,10:45 AM,Hwy-rail crossing,0,DES MOINES,IA,75.0,2,Day,Clear,Main,Freight Train,23,20000,0,20000,M302,41.572600999999999,-93.665469999999999
CSX,000153513,2015-10-21,9:30 PM,Derailment,0,LINDEN,IN,63.0,4,Dark,Clear,Industry,Freight Train,5,5309,22416,27725,M506,40.193206000000004,-86.904978
NS,153240,2023-06-01,3:30 AM,Derailment,0,DANVILLE,KY,70.0,4,Dark,Clear,Yard,Freight Train,5,12100,1949,14049,H303,37.637861000000001,-84.781619000000006
CSX,000192813,2020-09-24,7:04 AM,Derailment,0,JACKSONVILLE,FL,67.0,1,Dawn,Clear,Yard,Freight Train,20,11683,0,11683,M405,30.369219999999999,-81.729175999999995
NOPB,NOPB00065F,2024-02-21,8:00 PM,Raking collision,0,NEW ORLEANS,LA,65.0,4,Dark,Clear,Yard,Light loco(s),0,300,0,17300,H307,29.915839999999999,-90.104179999999999
FEC,D65122420,2020-12-24,6:50 AM,Derailment,0,MIAMI-DADE,FL,75.0,1,Dawn,Cloudy,Yard,Freight Train,8,10683,2403,13086,E67C,25.850183999999999,-80.325272999999996
CSX,000170186,2017-07-12,7:15 PM,Side collision,0,LAFAYETTE,IN,73.0,3,Dusk,Cloudy,Yard,Freight Train,0,31449,0,43755,H307,40.419595000000001,-86.896255999999994
UP,1220PN021,2020-12-22,9:55 AM,Hwy-rail crossing,0,PARMA,ID,36.0,2,Day,Cloudy,Main,Freight Train,60,16335,99,16434,M302,43.736508999999998,-116.906137
UP,1118KC026,2018-11-24,12:15 PM,Derailment,0,SALINA,KS,55.0,2,Day,Clear,Yard,Yard/switching,5,166857,192616,359473,H702,38.853907,-97.597320999999994
CSX,000181797,2019-03-12,10:30 AM,Hwy-rail crossing,0,AUSTIN,IN,41.0,2,Day,Clear,Main,Freight Train,45,8285,0,26285,M302,38.745899999999999,-85.808019999999999
BLF,20210065,2021-11-08,10:18 AM,Hwy-rail crossing,0,POMPANO BEACH,FL,75.0,2,Day,Clear,Main,Passenger Train - Pulling,79,17154,0,17344,M308,26.234183000000002,-80.125085999999996
NS,115026,2015-03-28,6:10 PM,Derailment,0,ELKHART,IN,27.0,3,Dusk,Clear,Yard,Yard/switching,2,8900,1500,51400,H316,41.677391,-85.978436000000002
CP,1000423399,2016-07-14,5:15 PM,Other impacts,0,ST PAUL,MN,75.0,2,Day,Clear,Industry,Yard/switching,4,31372,0,31562,H607,44.935557000000003,-93.036428000000001
UP,1016LV019,2016-10-14,4:41 AM,Other (describe in narrative),0,LAKE CHARLES,LA,70.0,4,Dark,Clear,Yard,Single Car,9,11723,0,11723,H312,30.238430000000001,-93.18535
NS,125743,2017-07-08,11:56 PM,Derailment,0,ELKHART,IN,60.0,4,Dark,Clear,Yard,Yard/switching,2,42502,8854,51356,H507,41.67736,-85.978494999999995
UP,0422HL011,2022-04-19,9:59 AM,Other impacts,0,EL DORADO,KS,52.0,2,Day,Cloudy,Yard,Single Car,5,5138,0,39150,H020,37.820601000000003,-96.841275999999993
CSX,000198960,2021-07-19,7:52 PM,Derailment,0,MC DAVID,FL,81.0,3,Dusk,Clear,Main,Freight Train,47,1927029,135360,2062389,M204,30.787749999999999,-87.323673999999997
ATK,161408,2019-10-06,1:37 PM,Hwy-rail crossing,0,LAKELAND,FL,86.0,2,Day,Clear,Main,Passenger Train - Pulling,79,38448,0,38545,M304,28.033166000000001,-82.019216
FEC,X19042022,2022-04-20,9:36 AM,Hwy-rail crossing,0,OAKLAND PARK,FL,84.0,2,Day,Clear,Main,,0,0,1026,18329,M308,26.170479,-80.131404000000003
BNSF,KS1115111,2015-11-29,12:35 PM,Derailment,0,KANSAS CITY,KS,35.0,2,Day,Rain,Yard,Yard/switching,6,21619,500,22119,M101,39.083939999999998,-94.686456000000007
CSX,000163140,2016-09-24,6:30 PM,Derailment,0,CUMBERLAND,MD,70.0,3,Dusk,Cloudy,Yard,Freight Train,5,68096,2196,70292,E4AC,39.644503999999998,-78.760839000000004
MBTA,19113,2019-05-05,8:48 AM,Hwy-rail crossing,0,RANDOLPH,MA,55.0,2,Day,Rain,Main,Passenger Train - Pushing,62,31373,0,31373,M308,42.149686000000003,-71.029188000000005
FEC,X04031516,2016-03-15,3:15 AM,Hwy-rail crossing,0,STUART,FL,73.0,4,Dark,Clear,Main,Freight Train,54,5083,6877,11960,M308,27.145696000000001,-80.197751999999994
UP,0722MA016,2022-07-07,6:47 PM,Other impacts,0,PINE BLUFF,AR,95.0,3,Dusk,Cloudy,Yard,Yard/switching,4,74005,200,74658,H020,34.249805000000002,-91.939637000000005
SFRV,03282022,2022-03-28,3:30 AM,Derailment,0,MIAMI-DADE,FL,71.0,4,Dark,Clear,Industry,,0,0,70763,70763,H599,25.482035,-80.153848999999994
NS,120052,2016-04-07,11:35 PM,Derailment,0,ELKHART,IN,35.0,4,Dark,Cloudy,Yard,Yard/switching,2,2650,16700,19350,H504,41.677391,-85.978436000000002
BNSF,CH1223109,2023-12-17,9:24 AM,Derailment,0,CHICAGO,IL,45.0,2,Day,Clear,Yard,Yard/switching,0,500,30600,83115,H306,41.811737000000001,-87.715908999999996
UP,0518KC024,2018-05-30,5:15 PM,Derailment,0,COFFEYVILLE,KS,90.0,2,Day,Clear,Yard,Yard/switching,3,11078,474,11552,H525,37.029713999999998,-95.625066000000004
UP,0115CB003,2015-01-05,5:10 PM,Fire/violent rupture,0,MONTOUR,IA,5.0,4,Dark,Cloudy,Main,Freight Train,50,138528,0,138528,E99L,41.992092999999997,-92.747806999999995
CSX,000220552,2024-07-20,9:34 AM,Obstruction,0,RICHMOND HILL,GA,81.0,2,Day,Cloudy,Main,,0,0,0,18620,M404,31.919592999999999,-81.353053000000003
BNSF,KS0419111,2019-04-29,3:25 AM,Derailment,0,MATFIELD GREEN,KS,71.0,4,Dark,Rain,Main,Freight Train,36,361755,86539,448294,M105,38.10812,-96.599345
NS,156371,2024-04-15,3:50 PM,Hwy-rail crossing,0,FARMDALE,IL,81.0,2,Day,Clear,Main,Freight Train,35,3124,20000,23124,M308,40.668877999999999,-89.516994999999994
KCS,14122601,2014-12-26,2:28 AM,Derailment,0,SHREVEPORT,LA,50.0,4,Dark,Clear,Yard,Yard/switching,4,663,16985,17648,H702,32.532927999999998,-93.832234
CSX,000159216,2016-04-22,1:00 PM,Derailment,0,ATLANTA,GA,75.0,2,Day,Clear,Yard,Cut of cars,5,16948,2312,19260,M411,33.801524000000001,-84.450000000000003
BLF,20190226,2019-06-07,9:54 PM,Hwy-rail crossing,0,BOCA RATON,FL,80.0,4,Dark,Clear,Main,Passenger Train - Pulling,78,29025,0,43086,M303,26.330134000000001,-80.092851999999993
FEC,D16040724,2024-04-07,8:20 PM,Other (describe in narrative),0,MIAMI SPRINGS,FL,80.0,4,Dark,Clear,Yard,Yard/switching,5,20853,16709,37562,H702,25.834070000000001,-80.306910000000002
NS,119402,2016-02-17,11:57 PM,Derailment,0,ELKHART,IN,19.0,4,Dark,Clear,Yard,Freight Train,9,3184,15000,239406,H999,41.678190999999998,-85.976911000000001
UP,0518LV021,2018-05-25,9:59 AM,Other (describe in narrative),0,LIVONIA,LA,75.0,2,Day,Cloudy,Yard,Single Car,0,17958,0,17958,M411,30.526064000000002,-91.555115999999998
NOPB,D20170329T,2017-03-29,4:30 AM,Other impacts,0,NEW ORLEANS,LA,55.0,4,Dark,Clear,Yard,Freight Train,0,0,0,21000,H999,29.915545999999999,-90.118758
UP,0721MA030,2021-07-23,6:15 PM,Derailment,0,PINE BLUFF,AR,92.0,3,Dusk,Clear,Yard,Yard/switching,5,7544,6760,14304,M405,34.241737000000001,-91.947031999999993
CSX,000163279,2016-05-09,2:50 AM,Fire/violent rupture,0,MUNCIE,IN,80.0,4,Dark,Clear,Main,Light loco(s),30,170248,0,170248,M406,40.186999999999998,-85.393896999999996
TPW,TPW216222G,2022-10-07,3:20 PM,Hwy-rail crossing,0,MONTICELLO,IN,58.0,2,Day,Clear,Main,Freight Train,9,19207,0,19207,M302,40.75076,-86.814830000000001
CSX,000211499,2023-05-25,8:10 AM,Hwy-rail crossing,0,REYNOLDS,IN,48.0,2,Day,Clear,Main,,0,0,0,35507,M302,40.717742999999999,-86.872062
CSX,000152978,2015-10-07,2:15 AM,Derailment,0,ATLANTA,GA,65.0,4,Dark,Clear,Yard,Cut of cars,8,17500,0,19225,S016,33.799641000000001,-84.439903000000001
CSX,000173957,2018-01-10,9:00 PM,Other impacts,0,WAYCROSS,GA,65.0,4,Dark,Cloudy,Yard,Yard/switching,4,11154,3100,67356,H308,31.213524,-82.353588000000002
HESR,HES076716D,2016-09-08,7:53 PM,Derailment,0,BAD AXE,MI,70.0,3,Dusk,Clear,Main,Freight Train,7,13500,5320,18820,E4BC,43.808073999999998,-82.991630000000001
CSX,000170192,2017-07-13,2:20 AM,Derailment,0,ATLANTA,GA,80.0,4,Dark,Clear,Yard,Yard/switching,4,54145,692,54837,M204,33.794105000000002,-84.417334999999994
NS,116810,2015-08-05,2:45 PM,Hwy-rail crossing,0,ROME,GA,95.0,2,Day,Clear,Main,Freight Train,37,3500,11170,14670,M303,34.244515,-85.166363000000004
NS,114749,2015-03-10,5:35 AM,Other impacts,0,ELKHART,IN,38.0,1,Dawn,Clear,Yard,Yard/switching,2,68300,6845,174245,M407,41.677391,-85.978436000000002
UP,1017KC011,2017-10-10,9:00 AM,Derailment,0,KANSAS CITY,KS,45.0,2,Day,Cloudy,Main,Maint./inspect Car,10,12101,33,12134,M507,39.099097,-94.609634
UP,0721MA020,2021-07-16,5:57 PM,Other impacts,0,NORTH LITTLE ROCK,AR,84.0,2,Day,Cloudy,Yard,Cut of cars,0,244,0,60158,M411,34.771751000000002,-92.229232999999994
CSX,000189998,2020-05-02,2:38 AM,Broken train collision,0,CUMBERLAND,MD,48.0,4,Dark,Cloudy,Yard,Cut of cars,0,103380,0,383999,E30C,39.644503999999998,-78.760839000000004
GTW,1152289,2024-07-02,3:57 AM,Derailment,0,DETROIT,MI,60.0,4,Dark,Clear,Main,Freight Train,8,8300,0,8300,M507,42.336387999999999,-83.099829999999997
UP,1021MA045,2021-10-29,8:26 PM,Derailment,0,NORTH LITTLE ROCK,AR,55.0,4,Dark,Cloudy,Industry,Cut of cars,0,2234,0,12989,H704,34.764982000000003,-92.215682999999999
NS,152701,2023-03-27,7:44 AM,Other impacts,0,ELKHART,IN,42.0,1,Dawn,Cloudy,Yard,Single Car,0,3700,0,31700,M411,41.677391999999998,-85.978437
NS,153184,2023-05-26,11:35 AM,Derailment,0,GEORGETOWN,KY,75.0,2,Day,Clear,Yard,Freight Train,6,24000,3999,27999,H306,38.296731000000001,-84.538974999999994
CSX,000143022,2015-03-14,5:15 AM,Other impacts,0,AVON,IN,40.0,4,Dark,Rain,Yard,Cut of cars,20,16233,0,16233,M407,39.759341999999997,-86.347116
NS,125737,2017-07-08,4:15 AM,Derailment,0,LOCUST GROVE,GA,76.0,1,Dawn,Clear,Main,Freight Train,39,11071,2895,13966,E32C,33.349387999999998,-84.110422999999997
FEC,X31101918,2018-10-19,1:05 PM,Hwy-rail crossing,0,HOLLYWOOD,FL,86.0,2,Day,Clear,Main,,0,0,76,76179,M303,26.036024000000001,-80.149889999999999
SFRV,08182019,2019-08-18,2:15 PM,Derailment,0,HIALEAH,FL,93.0,2,Day,Cloudy,Yard,,0,0,14550,15652,H702,25.860074999999998,-80.260001000000003
UP,0920MA015,2020-09-14,10:04 AM,Head on collision,0,NASHVILLE,AR,78.0,2,Day,Cloudy,Main,Freight Train,15,1500,0,951500,H603,34.062609000000002,-93.853667000000002
BNSF,CH0123114,2023-01-26,2:29 AM,Derailment,0,MALDEN,IL,9.0,4,Dark,Snow,Yard,Freight Train,10,8500,5000,13500,H704,41.444305999999997,-89.316051000000002
CSX,000174126,2018-01-18,9:05 AM,Hwy-rail crossing,0,MORELAND,GA,23.0,2,Day,Clear,Main,Freight Train,48,23201,0,23201,M303,33.278866999999998,-84.770829000000006
KYLE,920219D,2019-01-17,3:05 AM,Derailment,0,GLASCO,KS,30.0,4,Dark,Cloudy,Main,Freight Train,10,202785,100000,302785,E24C,39.355288999999999,-97.839398000000003
GIMY,GIM088917,2017-08-10,1:25 PM,Derailment,0,SAVANNAH,GA,85.0,2,Day,Clear,Yard,Yard/switching,5,47789,3200,50989,H306,32.068238000000001,-81.147419999999997
AKMD,AKM874521,2021-11-20,5:00 PM,Other (describe in narrative),0,ARKANSAS CITY,AR,50.0,3,Dusk,Clear,Industry,Light loco(s),1,15000,0,15000,H599,33.703893000000001,-91.236929000000003
NS,156526,2024-04-30,1:57 PM,Derailment,0,NEW HAVEN,IN,72.0,2,Day,Clear,Yard,Freight Train,4,13067,1950,15017,H503,41.071573999999998,-85.066085999999999
BNSF,RD0123203,2023-01-16,7:04 AM,Hwy-rail crossing,0,LAFAYETTE,LA,65.0,1,Dawn,Cloudy,Main,Freight Train,23,500,30000,30500,M302,30.182606,-91.990182000000004
NS,144097,2022-01-21,12:50 AM,Raking collision,0,GEORGETOWN,KY,30.0,4,Dark,Clear,Yard,Freight Train,2,98344,0,98644,H018,38.204189999999997,-84.548424999999995
CSX,000201471,2021-11-21,8:20 AM,Derailment,0,JACKSONVILLE,FL,62.0,2,Day,Clear,Yard,Freight Train,6,11722,1172,12894,H504,30.293849999999999,-81.977430999999996
NS,156026,2024-03-13,5:55 AM,Other (describe in narrative),0,CHICAGO,IL,40.0,1,Dawn,Clear,Yard,Light loco(s),5,180299,500,180799,H704,41.707776000000003,-87.573431999999997
ATK,148293,2017-07-06,12:05 PM,Other (describe in narrative),0,MIDDLE RIVER,MD,70.0,2,Day,Rain,Main,Passenger Train - Pulling,91,18534,18292,36826,E78L,39.334274000000001,-76.439406000000005
CSX,000148110,2015-06-19,10:10 AM,Derailment,0,LAGRANGE,GA,90.0,2,Day,Clear,Industry,Yard/switching,5,52704,314,53018,H303,32.983707000000003,-85.064200999999997
CSX,000167960,2017-04-03,11:30 PM,Derailment,0,INDIANAPOLIS,IN,54.0,4,Dark,Rain,Yard,Yard/switching,6,9795,938,10733,S011,39.759791,-86.327526000000006
NS,155960,2024-03-07,3:20 AM,Other (describe in narrative),0,CHICAGO,IL,38.0,4,Dark,Cloudy,Yard,Yard/switching,5,1800,0,1800,H702,41.820802,-87.67371
NS,118221,2015-10-28,6:00 AM,Derailment,0,STERLING HEIGHTS,MI,50.0,1,Dawn,Rain,Yard,Light loco(s),6,12684,0,12824,H704,42.566949999999999,-83.039446999999996
ATK,148217,2017-06-21,2:00 AM,Other (describe in narrative),0,ODENTON,MD,64.0,4,Dark,Clear,Main,Passenger Train - Pulling,0,23121,0,23121,E78L,39.083998000000001,-76.700246000000007
BNSF,KS0519101,2019-05-02,8:12 PM,Derailment,0,GARDEN CITY,KS,60.0,3,Dusk,Clear,Yard,Freight Train,5,12881,1000,13881,H307,37.962612999999997,-100.865278
ATK,151285,2018-01-03,9:30 PM,Derailment,0,SAVANNAH,GA,26.0,4,Dark,Clear,Main,Passenger Train - Pushing,5,77150,0,77315,M101,32.076175999999997,-81.088370999999995
CFRC,22308,2022-11-04,5:00 AM,Other impacts,0,ORLANDO,FL,77.0,4,Dark,Clear,Industry,,0,0,10000,314660,H302,28.432064,-81.369519999999994
BNSF,KS0819110,2019-08-18,2:50 PM,Derailment,0,KANSAS CITY,KS,72.0,2,Day,Clear,Yard,Yard/switching,7,269244,5000,274244,T212,39.084809999999997,-94.678876000000002
CPKC,23110101,2023-11-01,5:30 AM,Derailment,0,RODESSA,LA,33.0,4,Dark,Clear,Main,Freight Train,52,256323,4319,260642,E33C,32.972377999999999,-93.995393000000007
CSX,000199674,2021-08-24,10:05 AM,Derailment,0,JACKSONVILLE,FL,88.0,2,Day,Cloudy,Yard,Freight Train,4,33371,3888,37259,H702,30.359362000000001,-81.716896000000006
MBTA,3041,2015-12-14,9:55 PM,Fire/violent rupture,0,WEYMOUTH,MA,41.0,4,Dark,Clear,Main,Passenger Train - Pulling,0,100000,0,100000,E74L,42.149999000000001,-70.949995999999999
CSX,000175127,2018-03-09,2:18 AM,Derailment,0,INDIANAPOLIS,IN,22.0,4,Dark,Clear,Yard,Yard/switching,2,244507,5080,249587,H702,39.759791,-86.327526000000006
BNSF,CH0524104,2024-05-08,10:13 AM,Other impacts,0,GALESBURG,IL,60.0,2,Day,Clear,Yard,Yard/switching,10,37557,0,37557,M407,40.911487999999999,-90.383516999999998
FEC,X33091219,2019-09-12,10:30 AM,Hwy-rail crossing,0,OAKLAND PARK,FL,90.0,2,Day,Clear,Main,,0,0,7012,422111,M308,26.10135,-80.075291000000007
UP,1214KC003,2014-12-09,3:28 AM,Derailment,0,MELCHER,IA,25.0,4,Dark,Cloudy,Main,Freight Train,13,49836,0,49836,H601,41.185096999999999,-93.234133
CSX,000184807,2019-08-18,2:15 PM,Derailment,0,HIALEAH,FL,93.0,2,Day,Cloudy,Yard,Yard/switching,3,1069,33,15652,H702,25.860074999999998,-80.260001000000003
CSX,000174346,2018-01-29,6:45 AM,Derailment,0,DACULA,GA,55.0,1,Dawn,Cloudy,Industry,Light loco(s),0,68000,0,180505,H008,33.983919,-83.928137000000007
NICD,N1800019,2018-08-28,4:55 PM,Hwy-rail crossing,0,GARY,IN,90.0,2,Day,Clear,Main,Passenger Train - Pulling,77,228049,0,228049,M308,41.618400999999999,-87.225316000000007
FEC,D12030620,2020-03-06,8:58 PM,Obstruction,0,MIAMI SHORES,FL,75.0,4,Dark,Clear,Main,,0,0,190,19757,M402,25.185103999999999,-80.185103999999995
NS,156997,2024-06-08,7:00 AM,Side collision,0,MELVINDALE,MI,51.0,1,Dawn,Clear,Yard,Freight Train,8,26004,0,80874,H702,42.273904999999999,-83.191023999999999
ATK,176250,2023-09-05,3:12 PM,Hwy-rail crossing,0,FROSTPROOF,FL,91.0,2,Day,Clear,Main,Passenger Train - Pulling,78,92606,0,92606,M308,27.681144,-81.549786999999995
ATK,165770,2020-11-05,10:05 PM,Hwy-rail crossing,0,JACKSONVILLE,FL,70.0,4,Dark,Rain,Main,Passenger Train - Pulling,50,0,0,34384,M308,30.215233999999999,-81.704228999999998
CSX,000215207,2023-12-23,4:51 PM,Derailment,0,NEW ORLEANS,LA,65.0,3,Dusk,Clear,Yard,Yard/switching,4,20300,3088,23388,H318,30.005993,-90.019454999999994
UP,0721MA025,2021-07-20,6:23 AM,Other impacts,0,PINE BLUFF,AR,74.0,1,Dawn,Cloudy,Yard,Cut of cars,0,736,0,67017,H312,34.249372999999999,-91.939642000000006
FEC,D63120619,2019-12-06,4:00 PM,Derailment,0,HIALEAH,FL,78.0,2,Day,Clear,Yard,Yard/switching,4,4322,8464,12786,H702,25.819232,-80.308192000000005
NS,119221,2016-02-03,8:50 PM,Derailment,1,MACON,GA,60.0,4,Dark,Rain,Yard,Freight Train,11,90798,0,110798,H607,32.813657999999997,-83.622784999999993
CSX,000173024,2017-11-23,5:45 PM,Side collision,0,WAYCROSS,GA,55.0,3,Dusk,Cloudy,Yard,Yard/switching,4,27309,1323,28632,H399,31.213524,-82.353588000000002
BNSF,KS1118113,2018-11-21,9:15 AM,Derailment,0,COOLIDGE,KS,33.0,2,Day,Clear,Industry,Single Car,1,28812,150,28962,H022,38.03877,-102.008985