reportingrailroadcode,accidentnumber,date,time,accidenttype,hazmatreleasedcars,station,stateabbr,temperature,visibility_code,visibility,weathercondition,tracktype,equipmenttype,trainspeed,equipmentdamagecost,trackdamagecost,totaldamagecost,primaryaccidentcausecode,latitude,longitude
WC,894019,2016-07-07,10:15 AM,Rear end collision,0,COTTON,MN,60.0,2,Day,Rain,Main,Maint./inspect Car,0,33424,0,37024,H997,47.021639,-92.340943999999993
NS,118247,2015-11-18,12:47 AM,Derailment,0,PRINCETON,IN,65.0,4,Dark,Rain,Industry,Freight Train,3,14000,0,14000,M101,38.362810000000003,-87.591403
NS,120578,2016-05-19,1:35 PM,Derailment,0,ELKHART,IN,65.0,2,Day,Clear,Yard,Light loco(s),3,13545,0,13545,H306,41.67736,-85.978494999999995
UP,0521MA009,2021-05-06,2:00 PM,Derailment,0,PINE BLUFF,AR,79.0,2,Day,Clear,Yard,Yard/switching,7,17415,9431,26846,E49C,34.246392999999998,-91.944333
CSX,000158991,2016-04-12,11:38 AM,Hwy-rail crossing,0,JAMESTOWN,IN,45.0,2,Day,Clear,Main,Freight Train,41,15091,0,15091,M302,39.953789999999998,-86.690809999999999
NS,146346,2022-08-31,11:30 AM,Hwy-rail crossing,0,SIMPSONVILLE,KY,78.0,2,Day,Clear,Main,Freight Train,27,6327,9532,15859,M303,38.215020000000003,-85.331962000000004
BNSF,CH0923109,2023-09-23,3:22 AM,Derailment,0,GALESBURG,IL,70.0,4,Dark,Clear,Yard,Yard/switching,5,8400,67671,76071,M411,40.908918999999997,-90.383088999999998
UP,0721MA040,2021-07-29,11:59 AM,Other impacts,0,CAMDEN,AR,89.0,2,Day,Clear,Yard,Freight Train,5,76442,0,148178,H307,33.592270999999997,-92.828219000000004
NS,121475,2016-07-30,3:50 AM,Derailment,0,MACON,GA,76.0,4,Dark,Clear,Yard,Yard/switching,4,317,0,26267,S016,32.813729000000002,-83.622793000000001
NS,125152,2017-05-21,5:10 PM,Other impacts,0,ELKHART,IN,63.0,3,Dusk,Clear,Yard,Yard/switching,2,24285,0,35952,E39C,41.67736,-85.978494999999995
CSS,CSS00046F,2023-11-04,9:20 PM,Derailment,0,BURNS HARBOR,IN,46.0,4,Dark,Clear,Industry,Freight Train,3,28353,12000,40353,E06L,41.621307999999999,-87.127613999999994
UP,0723MA005,2023-07-01,11:26 AM,Derailment,0,EAST ST LOUIS,IL,83.0,2,Day,Clear,Yard,Freight Train,4,52520,0,71976,H503,38.583865000000003,-90.135570000000001
NS,144700,2022-03-15,6:15 PM,Other impacts,0,ELKHART,IN,45.0,3,Dusk,Clear,Yard,Yard/switching,5,16873,33880,50753,H312,41.677391,-85.978436000000002
IC,1006137,2019-07-19,4:00 AM,Derailment,0,GEISMAR,LA,75.0,1,Dawn,Clear,Yard,Yard/switching,5,235180,35000,270180,H993,30.188257,-91.986438000000007
GIMY,GIM757215,2015-09-13,11:30 PM,Derailment,0,SAVANNAH,GA,79.0,4,Dark,Clear,Yard,Freight Train,7,5000,20000,25000,E4BC,32.051326000000003,-81.155888000000004
NS,121475,2016-07-30,3:50 AM,Derailment,0,MACON,GA,76.0,4,Dark,Clear,Yard,Yard/switching,5,25700,250,26267,S016,32.813729000000002,-83.622793000000001
CSX,000155146,2015-12-14,5:07 AM,Other impacts,0,WAYCROSS,GA,68.0,4,Dark,Clear,Yard,Yard/switching,2,168738,50,168788,H305,31.205611000000001,-82.363512
NS,117909,2015-10-24,6:30 AM,Other impacts,0,MACON,GA,60.0,1,Dawn,Clear,Yard,Single Car,1,100,0,12100,H316,32.813729000000002,-83.622793000000001
NS,129005,2018-03-29,1:40 PM,Other impacts,0,ELKHART,IN,41.0,2,Day,Cloudy,Yard,Yard/switching,4,32700,0,34026,H306,41.67736,-85.978494999999995
UP,0315TC011,2015-03-31,6:32 AM,Derailment,0,DES MOINES,IA,45.0,1,Dawn,Clear,Yard,Freight Train,5,25788,5687,31475,H704,41.618299,-93.582751000000002
UP,0916LV003,2016-09-08,11:20 PM,Derailment,0,LIVONIA,LA,78.0,4,Dark,Cloudy,Yard,Yard/switching,2,25032,41767,66799,H503,30.521673,-91.548371000000003
UP,0419PR001,2019-04-24,8:00 AM,Other (describe in narrative),0,MELROSE PARK,IL,49.0,2,Day,Cloudy,Yard,Single Car,0,32588,33,32621,M411,41.899613000000002,-87.908027000000004
CSX,000157271,2016-02-19,4:09 PM,Derailment,0,INDIANAPOLIS,IN,57.0,2,Day,Cloudy,Main,Freight Train,6,165184,3500,168684,H799,39.765293999999997,-86.145225999999994
IHB,2754,2022-05-27,4:00 AM,Side collision,0,HAMMOND,IN,62.0,4,Dark,Rain,Yard,Yard/switching,6,2000,0,49750,H306,41.611677999999998,-87.497552999999996
CSX,000192083,2020-08-18,2:25 AM,Derailment,0,SANFORD,FL,77.0,4,Dark,Clear,Yard,Freight Train,5,66335,500,69835,T221,28.828081999999998,-81.321648999999994
UP,1019HL006,2019-10-05,1:15 AM,Derailment,0,KANSAS CITY,KS,60.0,4,Dark,Cloudy,Yard,Freight Train,3,94199,3115,97314,T221,39.144812999999999,-94.629931999999997
NS,114749,2015-03-10,5:35 AM,Other impacts,0,ELKHART,IN,38.0,1,Dawn,Clear,Yard,Yard/switching,4,99100,0,174245,M407,41.677391,-85.978436000000002
CFE,CFE413723D,2023-05-10,2:35 PM,Derailment,0,FORT WAYNE,IN,74.0,2,Day,Clear,Yard,Yard/switching,10,25000,816,38816,M405,41.056168999999997,-85.085521999999997
ATK,165777,2020-11-07,7:20 PM,Hwy-rail crossing,0,LAKELAND,FL,78.0,4,Dark,Clear,Main,Passenger Train - Pulling,76,12649,0,12649,M308,28.04598,-81.895695000000003
EIRR,200717005,2020-07-17,3:10 PM,Hwy-rail crossing,0,FILER,ID,95.0,2,Day,Clear,Main,Freight Train,25,90000,5000,95000,M304,42.563904999999998,-114.555711
GIMY,GIM854921,2021-10-11,4:00 PM,Derailment,0,SAVANNAH,GA,78.0,2,Day,Clear,Main,Yard/switching,5,50000,0,331415,H993,32.063426,-81.134421000000003
ATK,181205,2024-07-17,5:43 AM,Derailment,0,PONTIAC,MI,74.0,1,Dawn,Clear,Siding,Passenger Train - Pulling,7,209255,0,209255,H306,42.621777999999999,-83.280253000000002
MBTA,5722,2018-11-29,6:51 AM,Other (describe in narrative),0,HANSON,MA,33.0,1,Dawn,Cloudy,Main,Passenger Train - Pushing,0,96000,0,96000,E71L,42.043866999999999,-70.882293000000004
FEC,X17040219,2019-04-02,3:00 PM,Hwy-rail crossing,0,POMPANO BEACH,FL,89.0,2,Day,Cloudy,Main,,0,0,412,11205,M308,26.234206,-80.125140999999999
HRRC,0315,2015-09-29,1:59 PM,Derailment,0,STOCK BRIDGE,MA,72.0,2,Day,Cloudy,Main,Freight Train,18,40000,35000,75000,M405,42.287500000000001,-73.320800000000006
CSX,000211602,2023-06-03,1:45 PM,Other impacts,0,INDIANAPOLIS,IN,94.0,2,Day,Cloudy,Yard,Cut of cars,3,5488,0,35468,H99D,39.759798000000004,-86.327516000000003
NS,116594,2015-07-19,3:15 AM,Derailment,0,JACKSONVILLE,FL,75.0,4,Dark,Cloudy,Yard,Freight Train,5,4000,38148,42148,H704,30.368423,-81.730872000000005
NS,124751,2017-04-18,9:32 AM,Derailment,0,ELKHART,IN,61.0,2,Day,Clear,Yard,Yard/switching,2,3902,22545,26447,M411,41.67736,-85.978494999999995
NS,151970,2023-01-10,10:10 AM,Side collision,0,OSCEOLA,IN,40.0,2,Day,Clear,Yard,Yard/switching,4,5192,0,11821,M407,41.666583000000003,-86.033423999999997
CSX,000168400,2017-04-19,7:48 AM,Derailment,0,NEW ORLEANS,LA,68.0,1,Dawn,Clear,Main,Yard/switching,3,85339,10974,96313,E69C,30.005989,-90.019451000000004
CSX,000174143,2018-01-20,7:30 AM,Derailment,0,WAYCROSS,GA,29.0,1,Dawn,Clear,Yard,Freight Train,5,44625,1613,46238,H522,31.207189,-82.336590999999999
UP,0421ES062,2021-04-29,7:58 AM,Hwy-rail crossing,0,CARLINVILLE,IL,61.0,1,Dawn,Rain,Main,Maint./inspect Car,4,11403,0,11403,M302,39.259435000000003,-89.902895000000001
ATK,155706,2018-10-10,1:59 PM,Hwy-rail crossing,0,FLUKER,LA,86.0,2,Day,Clear,Main,Passenger Train - Pulling,79,38550,0,39850,M302,30.817516999999999,-90.510321000000005
NS,117284,2015-09-08,6:05 PM,Derailment,0,VALDOSTA,GA,86.0,3,Dusk,Clear,Industry,Freight Train,7,34695,3000,37695,M405,30.830296000000001,-83.245052000000001
ATK,176787,2023-10-13,9:10 PM,Obstruction,0,PEOTONE,IL,56.0,4,Dark,Cloudy,Main,Passenger Train - Pulling,30,336955,0,336955,M404,41.299557,-87.808006000000006
MBTA,7115,2018-12-30,5:00 PM,Raking collision,0,MANSFIELD,MA,33.0,3,Dusk,Clear,Main,Passenger Train - Pushing,30,8931,0,17954,E89C,42.033157000000003,-71.218732000000003
BLF,20190361,2019-09-12,10:30 AM,Hwy-rail crossing,0,OAKLAND PARK,FL,90.0,2,Day,Clear,Main,Passenger Train - Pulling,78,415099,0,422111,M308,26.10135,-80.075291000000007
UP,1221MA027,2021-12-26,4:10 AM,Other impacts,0,NORTH LITTLE ROCK,AR,55.0,1,Dawn,Fog,Yard,Yard/switching,0,4182,0,174447,H307,34.780698999999998,-92.211087000000006
BNSF,HL0122117,2022-01-28,9:42 PM,Derailment,0,BLYTHEVILLE,AR,15.0,4,Dark,Clear,Yard,Freight Train,5,6531,22000,28531,E64C,35.920766,-89.905457999999996
CSX,000145221,2015-04-22,3:10 AM,Other impacts,0,AVON,IN,40.0,4,Dark,Cloudy,Yard,Freight Train,10,0,0,149082,H307,39.759779000000002,-86.328326000000004
NICD,N1500001,2015-01-08,4:45 AM,Derailment,0,MICHIGAN CITY,IN,-10.0,4,Dark,Snow,Yard,Single Car,5,13512,0,13512,H303,41.713205000000002,-86.864495000000005
FEC,D57081822,2022-08-18,10:10 AM,Derailment,0,MIAMI-DADE,FL,93.0,2,Day,Clear,Yard,Freight Train,2,7816,21774,29590,H704,25.814869999999999,-80.309072999999998
UP,0124MA024,2024-01-19,4:30 PM,Derailment,0,DUPO,IL,4.0,2,Day,Cloudy,Yard,Freight Train,10,177833,4600,182433,H303,38.496029999999998,-90.222123999999994
ATK,138210,2015-07-13,4:37 PM,Hwy-rail crossing,0,ORANGE PARK,FL,92.0,2,Day,Cloudy,Main,Passenger Train - Pulling,60,190,0,73162,M308,30.135850000000001,-81.754549999999995
NS,152052,2023-01-20,2:14 AM,Side collision,0,ELKHART,IN,38.0,4,Dark,Cloudy,Yard,Cut of cars,8,0,0,286151,H307,41.677391999999998,-85.978437
CFRC,20086,2020-03-26,4:14 PM,Derailment,0,DELAND,FL,82.0,2,Day,Clear,Main,,0,0,260100,1547440,M507,29.002603000000001,-81.347165000000004
CSX,000166081,2017-01-17,6:25 PM,Derailment,0,WAYCROSS,GA,75.0,3,Dusk,Cloudy,Yard,Yard/switching,3,12874,723,13597,M405,31.213524,-82.353588000000002
CSS,CSS00040F,2023-09-27,9:42 PM,Derailment,0,BURNS HARBOR,IN,62.0,4,Dark,Clear,Yard,Freight Train,10,84577,13611,328091,H303,41.628790000000002,-87.111125000000001
NS,124275,2017-03-11,12:35 PM,Derailment,0,GRACEWOOD,GA,70.0,2,Day,Clear,Industry,Yard/switching,10,30750,38402,69152,H306,33.337867000000003,-81.956085999999999
SKOL,IN190922,2019-09-22,7:30 PM,Derailment,0,CHERRYVALE,KS,87.0,3,Dusk,Clear,Main,Freight Train,10,23000,105600,128600,H505,37.272762999999998,-95.548544000000007
NS,152052,2023-01-20,2:14 AM,Side collision,0,ELKHART,IN,38.0,4,Dark,Cloudy,Yard,Light loco(s),6,382,7829,286151,H307,41.677391999999998,-85.978437
CSX,000166314,2017-01-22,1:55 AM,Derailment,0,PALMETTO,GA,55.0,4,Dark,Fog,Main,Freight Train,7,14000,827,14827,M599,33.509790000000002,-84.670807999999994
CRSH,117973,2015-10-28,6:00 AM,Derailment,0,STERLING HEIGHTS,MI,52.0,1,Dawn,Rain,Yard,,0,0,140,12824,H704,42.566949999999999,-83.039446999999996
NS,157139,2024-06-24,12:00 AM,Other impacts,0,MACON,GA,80.0,4,Dark,Clear,Yard,Cut of cars,6,37125,0,42678,M411,32.81373,-83.622793999999999
NS,116393,2015-07-06,1:10 PM,Hwy-rail crossing,0,SYCAMORE,GA,80.0,2,Day,Clear,Main,Freight Train,45,3666,17969,21635,M303,31.671281,-83.636218
BNSF,KS0119106,2019-01-20,2:20 AM,Obstruction,0,WICHITA,KS,13.0,4,Dark,Clear,Main,Freight Train,37,350,15000,15350,M402,37.727144000000003,-97.335682000000006
UP,0918LV014,2018-09-21,9:26 PM,Other impacts,0,LOTTIE,LA,85.0,4,Dark,Clear,Yard,Cut of cars,0,170666,0,207137,M411,30.525485,-91.555758999999995
WC,1150877,2024-05-31,10:32 AM,Hwy-rail crossing,0,JOLIET,IL,75.0,2,Day,Clear,Main,Freight Train,10,276,26000,26276,M308,41.491439,-88.022880999999998
CSX,000160971,2016-06-28,11:31 AM,Hwy-rail crossing,0,NEWPORT,IN,80.0,2,Day,Clear,Main,Maint./inspect Car,5,10850,1000,11850,M399,39.913148999999997,-87.426794999999998
CSX,000180391,2018-12-18,2:29 AM,Obstruction,0,MONTICELLO,FL,40.0,4,Dark,Clear,Main,Freight Train,48,48360,97,48457,M404,30.477416000000002,-84.022694000000001
BLF,20231966,2023-04-12,7:37 PM,Hwy-rail crossing,0,HOLLYWOOD,FL,72.0,3,Dusk,Rain,Main,Passenger Train - Pulling,60,148859,0,216587,M308,26.003954,-80.148838999999995
BNSF,RD0618117,2018-06-07,10:30 PM,Other impacts,0,ARKANSAS CITY,KS,75.0,4,Dark,Clear,Yard,Yard/switching,4,21400,0,21400,H020,37.053167999999999,-97.039888000000005
NS,152161,2023-02-01,12:14 PM,Other impacts,0,PORTAGE,IN,15.0,2,Day,Clear,Yard,Single Car,3,200,0,13337,H312,41.620514999999997,-87.144907000000003
CRSH,146883,2024-07-02,3:57 AM,Derailment,0,DETROIT,MI,60.0,4,Dark,Clear,Main,,0,0,41123,41123,E46C,42.336387999999999,-83.099829999999997
BNSF,CH0724116,2024-07-31,7:50 PM,Derailment,0,WILLOW SPRINGS,IL,80.0,3,Dusk,Clear,Yard,Freight Train,4,11340,5000,16340,H307,41.755614999999999,-87.863242999999997
FEC,X07020823,2023-02-08,8:06 PM,Hwy-rail crossing,0,DELRAY BEACH,FL,71.0,4,Dark,Clear,Main,,0,0,16628,50799,M308,26.425325000000001,-80.076109000000002
UP,0918LK020,2018-09-13,12:57 PM,Other impacts,0,NORTH LITTLE ROCK,AR,85.0,2,Day,Clear,Yard,Yard/switching,7,31421,0,37984,S016,34.772238000000002,-92.229889999999997
FEC,D51120518,2018-12-05,6:05 AM,Obstruction,0,LAKE WORTH,FL,70.0,1,Dawn,Clear,Main,,0,0,109,22806,M402,26.603802999999999,-80.058525000000003
UP,0121GC013,2021-01-15,2:33 AM,Other impacts,0,LIVONIA,LA,49.0,4,Dark,Clear,Yard,Yard/switching,6,17160,0,33007,S016,30.525814,-91.555392999999995
BNSF,CH0724106,2024-07-10,10:02 AM,Derailment,0,SOMONAUK,IL,76.0,2,Day,Cloudy,Main,Freight Train,50,72380,1172656,1245036,E64C,41.633879999999998,-88.686063000000004
NS,140563,2021-02-10,4:15 PM,Derailment,0,ATLANTA,GA,69.0,3,Dusk,Clear,Yard,Yard/switching,5,182317,70720,312087,H309,33.793519000000003,-84.444440999999998
UP,0124PR026,2024-01-29,12:40 AM,Derailment,0,WEST CHICAGO,IL,33.0,4,Dark,Fog,Yard,Freight Train,7,18408,10004,28412,H704,41.883420999999998,-88.222817000000006
BNSF,KS0619104,2019-06-08,12:01 PM,Derailment,0,EMPORIA,KS,85.0,2,Day,Clear,Yard,Freight Train,5,21154,22000,43154,H503,38.400979999999997,-96.203404000000006
CSX,000165016,2016-12-08,5:40 AM,Side collision,0,NEW ORLEANS,LA,50.0,1,Dawn,Cloudy,Industry,Cut of cars,2,15694,0,36775,H020,30.005989,-90.019451000000004
CSX,000149120,2015-07-13,4:37 PM,Hwy-rail crossing,0,ORANGE PARK,FL,92.0,2,Day,Clear,Main,,0,0,72972,73162,M308,30.135788000000002,-81.754230000000007
NS,143102,2021-10-09,2:15 AM,Derailment,0,GEORGETOWN,KY,72.0,4,Dark,Clear,Yard,Freight Train,9,24457,4764,29221,H303,38.301079999999999,-84.538129999999995
ATK,168531,2021-10-03,11:40 AM,Hwy-rail crossing,0,DOVER,FL,86.0,2,Day,Cloudy,Main,Passenger Train - Pulling,79,26513,0,26513,M308,27.997215000000001,-82.207401000000004
BLF,20190332,2019-08-25,11:25 AM,Hwy-rail crossing,0,DEERFIELD BEACH,FL,80.0,2,Day,Clear,Main,Passenger Train - Pulling,78,40457,0,41164,M308,26.161795000000001,-80.065207000000001
GSWY,GIW715915R,2015-03-24,7:10 PM,Derailment,0,SAVANNAH,GA,61.0,3,Dusk,Cloudy,Industry,Yard/switching,5,7468,11417,18885,M599,32.080424000000001,-81.028205
UP,1118KC024,2018-11-24,7:15 PM,Derailment,0,WICHITA,KS,48.0,3,Dusk,Clear,Yard,Yard/switching,7,142401,990,143391,H602,37.734791999999999,-97.320824999999999
CSX,000209585,2023-01-31,11:40 PM,Derailment,0,AUGUSTA,GA,55.0,4,Dark,Fog,Main,Freight Train,8,24334,41237,65571,M501,33.471339,-81.972412000000006
BLF,20200079,2020-02-24,8:38 AM,Other impacts,0,DEERFIELD BEACH,FL,79.0,2,Day,Clear,Main,Passenger Train - Pulling,79,11421,0,11421,M402,26.347871999999999,-80.088537000000002
NS,114825,2015-03-14,5:25 AM,Other impacts,0,ELKHART,IN,43.0,1,Dawn,Fog,Yard,Yard/switching,4,84000,0,173572,M407,41.677391,-85.978436000000002
WC,835361,2014-12-15,2:40 PM,Other impacts,0,GARY,IN,66.0,2,Day,Clear,Yard,Cut of cars,6,28745,75,32638,M599,41.619540999999998,-87.371762000000004
ATK,156193,2018-11-08,10:39 AM,Hwy-rail crossing,0,PALATKA,FL,82.0,2,Day,Clear,Main,Passenger Train - Pulling,73,35841,0,35938,M304,29.745546999999998,-81.642086000000006
UP,0721MA025,2021-07-20,6:23 AM,Other impacts,0,PINE BLUFF,AR,74.0,1,Dawn,Cloudy,Yard,Yard/switching,5,15312,50969,67017,H312,34.249372999999999,-91.939642000000006
TRRA,24003,2024-02-21,12:57 PM,Derailment,0,VENICE,IL,69.0,2,Day,Clear,Yard,Yard/switching,3,10178,39551,49729,M405,38.663611000000003,-90.160276999999994
FEC,D47100520,2020-10-05,2:15 AM,Derailment,0,TITUSVILLE,FL,85.0,4,Dark,Cloudy,Yard,Yard/switching,8,35000,5746,40746,H018,28.531203000000001,-80.791989000000001
CSX,000176066,2018-04-29,3:12 PM,Derailment,0,JACKSONVILLE,FL,78.0,2,Day,Clear,Main,Yard/switching,2,111463,556,112019,M405,30.332803999999999,-81.683666000000002
BNSF,RD0123109,2023-01-14,12:57 AM,Derailment,0,LAFAYETTE,LA,69.0,4,Dark,Clear,Yard,Yard/switching,9,40592,17700,58292,H525,30.234774000000002,-92.034919000000002
NS,114859,2015-03-16,6:15 PM,Derailment,0,TILTON,IL,70.0,3,Dusk,Clear,Yard,Freight Train,6,10800,9587,20387,H312,40.088231,-87.663921999999999
CSX,000165183,2016-12-13,11:02 AM,Other impacts,0,TALMO,GA,49.0,2,Day,Rain,Main,Freight Train,0,25000,0,60000,M101,34.183919000000003,-83.741883999999999
BLF,20233644,2023-11-22,8:29 PM,Hwy-rail crossing,0,JENSEN BEACH,FL,77.0,4,Dark,Clear,Main,Passenger Train - Pulling,60,16000,0,16000,M308,27.243862,-80.227399000000005
TPW,TPW587823D,2023-10-30,11:15 AM,Derailment,0,EAST PEORIA,IL,40.0,2,Day,Cloudy,Yard,Yard/switching,11,109854,15822,125676,M204,40.667340000000003,-89.559160000000006
NS,144097,2022-01-21,12:50 AM,Raking collision,0,GEORGETOWN,KY,30.0,4,Dark,Clear,Yard,Single Car,2,300,0,98644,H018,38.204189999999997,-84.548424999999995
CSX,000140971,2015-02-04,7:05 PM,Hwy-rail crossing,0,OCALA,FL,58.0,3,Dusk,Cloudy,Main,Freight Train,35,854,56897,57751,M399,29.134962000000002,-82.103379000000004
CSX,000149970,2015-07-30,10:15 AM,Hwy-rail crossing,0,INTERLACHEN,FL,90.0,2,Day,Clear,Main,Freight Train,8,8750,3166,11916,M302,29.595538999999999,-82.008984999999996
CSX,000192911,2020-09-28,10:05 AM,Derailment,0,SANFORD,FL,82.0,2,Day,Clear,Yard,Freight Train,6,37737,524,38261,E85C,28.819004,-81.306788999999995
NS,154835,2023-11-19,8:20 PM,Other impacts,0,ELKHART,IN,25.0,4,Dark,Clear,Yard,Yard/switching,5,12006,0,12006,H507,41.677391999999998,-85.978437
UP,0224MA027,2024-02-21,3:40 PM,Derailment,0,EAST ST LOUIS,IL,72.0,2,Day,Clear,Main,,0,0,58,156053,H503,38.596595999999998,-90.155986999999996
NICD,N1600009,2016-05-25,9:00 AM,Derailment,0,MICHIGAN CITY,IN,72.0,2,Day,Clear,Yard,Yard/switching,2,47709,2500,50209,H305,41.713025000000002,-86.862247999999994
CSX,000169411,2017-06-05,9:45 AM,Derailment,0,THOMASVILLE,GA,80.0,2,Day,Cloudy,Yard,Freight Train,9,7719,0,10728,M405,30.834434000000002,-83.97587
NS,114825,2015-03-14,5:25 AM,Other impacts,0,ELKHART,IN,43.0,1,Dawn,Fog,Yard,Yard/switching,2,32200,57372,173572,M407,41.677391,-85.978436000000002
BLF,20190222,2019-06-05,9:30 AM,Hwy-rail crossing,0,MIAMI-DADE,FL,80.0,2,Day,Clear,Main,Passenger Train - Pulling,70,25459,0,39591,M303,25.532698,-80.101438999999999
NS,121894,2016-08-30,10:50 AM,Obstruction,0,LULA,GA,85.0,2,Day,Clear,Main,Spec. MoW Equip.,0,60000,0,60030,H405,34.3855,-83.679372000000001
NIRC,9419002215,2024-07-06,1:55 PM,Hwy-rail crossing,0,CHICAGO,IL,78.0,2,Day,Clear,Main,Commuter Train - Pushing,20,13681,0,13681,M308,41.730269999999997,-87.666380000000004
SCXF,20200515I,2020-05-15,3:25 PM,Rear end collision,0,PAHOKEE,FL,90.0,2,Day,Rain,Main,Freight Train,0,50000,0,50500,H607,26.843872000000001,-80.644311000000002
CSX,000178050,2018-05-31,2:20 PM,Fire/violent rupture,0,SAVANNAH,GA,84.0,2,Day,Cloudy,Main,,0,0,97,15097,E74L,32.069580999999999,-81.147803999999994
ATK,149393,2017-09-06,6:55 PM,Hwy-rail crossing,0,SLIDELL,LA,79.0,2,Day,Clear,Main,Passenger Train - Pulling,78,22635,0,22635,M302,30.223967999999999,-89.819524000000001
CP,1001644857,2022-02-11,5:30 AM,Other impacts,0,BENSENVILLE,IL,33.0,4,Dark,Cloudy,Yard,Cut of cars,0,5597,0,12843,H799,41.941768000000003,-87.885514999999998
CSX,000144240,2015-04-05,6:20 PM,Other impacts,0,LAFAYETTE,IN,61.0,2,Day,Clear,Yard,Cut of cars,4,619,0,28694,H318,40.419862999999999,-86.896130999999997
FEC,D148111614,2014-11-16,2:00 AM,Derailment,0,MIAMI SPRINGS,FL,76.0,4,Dark,Clear,Yard,Freight Train,10,54764,2098,56862,H525,25.816583999999999,-80.305767000000003
NS,143092,2021-10-07,8:20 PM,Other (describe in narrative),0,SHELBYVILLE,KY,72.0,4,Dark,Clear,Industry,Cut of cars,5,3188,0,16070,H704,38.206479999999999,-85.257170000000002
UP,1220MA002,2020-12-02,10:42 AM,Derailment,0,PINE BLUFF,AR,46.0,2,Day,Clear,Yard,Yard/switching,8,103150,7334,110484,S001,34.249420999999998,-91.939700000000002
CSX,000199199,2021-08-02,12:00 AM,Derailment,0,WAYCROSS,GA,87.0,4,Dark,Rain,Yard,Yard/switching,7,17595,3016,20611,M103,31.213524,-82.353588000000002
CSX,000164304,2016-11-12,2:51 AM,Hwy-rail crossing,0,EMERSON,GA,45.0,4,Dark,Clear,Main,Freight Train,31,4411,8000,12411,M303,34.113214999999997,-84.731095999999994
CSX,000193198,2020-10-12,7:30 AM,Derailment,0,TAMPA,FL,75.0,1,Dawn,Clear,Yard,Freight Train,8,14075,163,14238,T211,27.955840999999999,-82.389522999999997
NOPB,NOPB00004F,2022-02-10,9:45 PM,Raking collision,0,NEW ORLEANS,LA,56.0,4,Dark,Clear,Yard,Yard/switching,6,0,0,32718,H401,29.915465999999999,-90.121262999999999
FEC,X11030719,2019-03-07,6:17 PM,Hwy-rail crossing,0,HOLLYWOOD,FL,67.0,3,Dusk,Clear,Main,,0,0,1110,13110,M308,26.021643999999998,-80.149403000000007
NS,117814,2015-10-16,9:30 PM,Derailment,0,FRANKFORT,IN,40.0,4,Dark,Clear,Yard,Yard/switching,3,23012,300,23312,H704,40.282476000000003,-86.524749999999997
UP,1021MA045,2021-10-29,8:26 PM,Derailment,0,NORTH LITTLE ROCK,AR,55.0,4,Dark,Cloudy,Industry,Yard/switching,4,10755,0,12989,H704,34.764982000000003,-92.215682999999999
NS,154636,2023-10-30,9:40 PM,Other impacts,0,NEW HAVEN,IN,32.0,4,Dark,Clear,Yard,Single Car,0,300,0,17900,H312,41.074131000000001,-85.037633999999997
NS,120641,2016-05-25,4:51 PM,Derailment,0,HOWARD,GA,72.0,3,Dusk,Clear,Main,Freight Train,39,288178,372552,660730,H508,32.582788000000001,-84.330173000000002
SCXF,20200515I,2020-05-15,3:25 PM,Rear end collision,0,PAHOKEE,FL,90.0,2,Day,Rain,Main,Freight Train,15,500,0,50500,H607,26.843872000000001,-80.644311000000002
NOPB,S20170507T,2017-05-07,9:00 AM,Side collision,0,NEW ORLEANS,LA,82.0,2,Day,Clear,Yard,Single Car,5,750,0,15750,H318,29.915469000000002,-90.117013999999998
ALS,0324AS018,2024-03-27,10:15 PM,Derailment,0,EAST ST LOUIS,IL,41.0,4,Dark,Clear,Yard,Yard/switching,10,58436,33,58469,M405,38.592910000000003,-90.147622999999996
NICD,N1400031,2014-12-19,5:20 AM,Derailment,0,MICHIGAN CITY,IN,30.0,4,Dark,Cloudy,Main,,0,0,32761,434450,M507,41.705401999999999,-86.926469999999995
BLF,20180064,2018-03-10,8:05 PM,Hwy-rail crossing,0,DEERFIELD BEACH,FL,75.0,4,Dark,Rain,Main,Passenger Train - Pulling,77,20812,0,21012,M303,26.304832999999999,-80.105029000000002
ATK,138006,2015-06-27,10:15 PM,Hwy-rail crossing,0,RANTOUL,IL,66.0,4,Dark,Clear,Main,Passenger Train - Pulling,79,16548,0,17071,M308,40.282752000000002,-88.171115999999998
TRRA,24022OR,2024-07-20,3:20 AM,Derailment,0,VENICE,IL,70.0,4,Dark,Clear,Yard,,0,0,166177,166177,H703,38.662846999999999,-90.160664999999995
IC,956066,2018-04-18,11:52 AM,Hwy-rail crossing,0,PONCHATOULA,LA,75.0,2,Day,Clear,Main,,0,0,16350,16649,M308,30.438433,-90.441360000000003
SCXF,20200827D,2020-08-27,10:15 AM,Derailment,0,CLEWISTON,FL,95.0,2,Day,Clear,Siding,Freight Train,10,23000,2500,25500,H303,26.690726999999999,-80.879942
BNSF,CH0524108,2024-05-12,2:08 PM,Other impacts,0,GALESBURG,IL,75.0,2,Day,Clear,Yard,Yard/switching,14,80000,0,80000,M407,40.910730999999998,-90.383392000000001
NS,122357,2016-10-08,11:15 AM,Derailment,0,PRINCETON,IN,70.0,2,Day,Clear,Yard,Freight Train,2,25250,700,25950,H601,38.340328999999997,-87.539322999999996