reportingrailroadcode,accidentnumber,date,time,accidenttype,hazmatreleasedcars,station,stateabbr,temperature,visibility_code,visibility,weathercondition,tracktype,equipmenttype,trainspeed,equipmentdamagecost,trackdamagecost,totaldamagecost,primaryaccidentcausecode,latitude,longitude
CSX,000175733,2018-04-10,8:58 PM,Side collision,0,INDIANAPOLIS,IN,35.0,4,Dark,Clear,Yard,Light loco(s),6,9000,608,16608,H307,39.759791,-86.327526000000006
CSX,000160537,2016-06-13,12:15 PM,Derailment,0,ATLANTA,GA,95.0,2,Day,Clear,Yard,Freight Train,9,11606,376,11982,H503,33.801524000000001,-84.450000000000003
ATK,177477,2023-12-06,9:44 PM,Derailment,0,NEW ORLEANS,LA,57.0,4,Dark,Clear,Yard,Light loco(s),5,26504,0,26504,H303,29.950534000000001,-90.086253999999997
NS,156488,2024-04-26,2:33 PM,Derailment,0,ELKHART,IN,55.0,2,Day,Clear,Yard,Yard/switching,5,2400,25089,27489,M101,41.671249000000003,-85.995315000000005
BNSF,KS0619107,2019-06-13,8:13 AM,Side collision,0,KANSAS CITY,KS,78.0,1,Dawn,Clear,Yard,Yard/switching,2,863,0,32403,H317,39.082194999999999,-94.677633999999998
FEC,X39111219,2019-11-12,8:44 AM,Hwy-rail crossing,0,ST AUGUSTINE,FL,69.0,2,Day,Clear,Main,Freight Train,49,2279,14987,17266,M304,29.845423,-81.332013000000003
UP,0319MA013,2019-03-07,2:45 AM,Derailment,0,SHREVEPORT,LA,47.0,4,Dark,Cloudy,Main,Freight Train,8,8480,481808,490288,M507,32.436810999999999,-93.812752000000003
NS,120769,2016-06-04,1:27 AM,Other impacts,0,MACON,GA,76.0,4,Dark,Clear,Yard,Yard/switching,0,12500,0,12500,M407,32.813729000000002,-83.622793000000001
BLF,20190126,2019-03-20,11:39 PM,Hwy-rail crossing,0,MIAMI-DADE,FL,80.0,4,Dark,Clear,Main,Passenger Train - Pulling,70,16640,0,17762,M308,25.890758999999999,-80.170646000000005
CSX,000187593,2019-12-27,11:08 PM,Hwy-rail crossing,0,POMPANO BEACH,FL,88.0,4,Dark,Cloudy,Main,Freight Train,50,4157,0,28422,M303,26.274847999999999,-80.134276
NS,116816,2015-08-06,5:50 AM,Other impacts,0,MACON,GA,76.0,1,Dawn,Cloudy,Yard,Yard/switching,8,0,0,30000,H706,32.813729000000002,-83.622793000000001
BRC,14781,2024-06-22,11:31 PM,Raking collision,0,CHICAGO,IL,75.0,4,Dark,Clear,Main,,0,0,150570,311460,H996,41.845585,-87.738849999999999
BNSF,KS1016111,2016-10-17,1:00 PM,Derailment,0,KANSAS CITY,KS,80.0,2,Day,Clear,Main,Spec. MoW Equip.,0,1000000,0,1000000,H997,39.066280999999996,-94.743624999999994
BNSF,CH1223109,2023-12-17,9:24 AM,Derailment,0,CHICAGO,IL,45.0,2,Day,Clear,Yard,Freight Train,3,154,51861,83115,H306,41.811737000000001,-87.715908999999996
FEC,D149111714,2014-11-17,10:30 AM,Side collision,0,JACKSONVILLE,FL,75.0,2,Day,Cloudy,Yard,Yard/switching,4,32500,0,72147,H306,30.251922,-81.610969999999995
BNSF,CH0221109,2021-02-11,8:15 PM,Other impacts,0,OTTUMWA,IA,-10.0,3,Dusk,Clear,Yard,Light loco(s),4,15150,0,15150,H306,41.012304999999998,-92.407114000000007
CRSH,118512,2015-12-08,9:20 PM,Derailment,0,HAMTRAMCK,MI,39.0,4,Dark,Clear,Yard,Freight Train,4,2142,8829,10971,H602,42.378120000000003,-83.047039999999996
UP,0623PR017,2023-06-24,12:00 PM,Other (describe in narrative),0,MELROSE PARK,IL,89.0,2,Day,Clear,Yard,Single Car,0,30878,0,30878,M507,41.897906999999996,-87.898263
CSX,000202765,2022-01-30,3:36 AM,Side collision,0,INDIANAPOLIS,IN,23.0,4,Dark,Clear,Yard,Yard/switching,5,111568,1800,199433,H307,39.759798000000004,-86.327516000000003
NS,117078,2015-08-23,12:45 PM,Other impacts,0,ELKHART,IN,73.0,2,Day,Cloudy,Yard,Light loco(s),10,15000,0,38757,S099,41.677391,-85.978436000000002
CSX,000173670,2017-12-21,7:28 PM,Hwy-rail crossing,0,LILLY,GA,63.0,3,Dusk,Cloudy,Main,Freight Train,45,1638,19612,21250,M303,32.147390999999999,-83.877885000000006
NS,119402,2016-02-17,11:57 PM,Derailment,0,ELKHART,IN,19.0,4,Dark,Clear,Siding,Freight Train,14,221222,0,239406,H999,41.678190999999998,-85.976911000000001
CSX,000213421,2023-09-12,6:35 AM,Hwy-rail crossing,0,HENRYVILLE,IN,60.0,1,Dawn,Rain,Main,Freight Train,30,0,0,72445,M303,38.541510000000002,-85.765360000000001
IC,1147437,2024-03-28,10:15 AM,Fire/violent rupture,0,MULKEYTOWN,IL,63.0,2,Day,Clear,Main,Maint./inspect Car,5,269176,0,269176,M599,37.959651999999998,-89.099526999999995
CSX,000175342,2018-03-21,2:30 AM,Other impacts,0,INDIANAPOLIS,IN,30.0,4,Dark,Clear,Yard,Cut of cars,5,56588,32,97620,H318,39.759791,-86.327526000000006
UP,0717LV001,2017-07-05,7:05 PM,Other impacts,0,LOTTIE,LA,89.0,3,Dusk,Cloudy,Yard,Yard/switching,2,316,0,11505,M411,30.531289000000001,-91.560108999999997
FEC,D53101019,2019-10-10,10:00 AM,Side collision,0,JACKSONVILLE,FL,77.0,2,Day,Clear,Yard,Yard/switching,1,8000,0,18000,H306,30.227537000000002,-81.593086999999997
ATK,145184,2016-11-20,10:41 PM,Derailment,0,"WASHINGTON, DC",DC,35.0,4,Dark,Clear,Yard,Yard/switching,3,45692,0,45692,H303,38.899555999999997,-77.005258999999995
BNSF,HL1221109,2021-12-11,2:20 AM,Derailment,0,WEST MEMPHIS,AR,63.0,4,Dark,Rain,Main,Freight Train,0,468789,0,468789,M105,35.174612000000003,-90.137562000000003
CSX,000207732,2022-10-11,12:45 AM,Obstruction,0,PRINCETON,IN,58.0,4,Dark,Clear,Industry,Freight Train,3,1000000,0,1000000,M404,38.367519999999999,-87.587974000000003
IC,1133876,2023-06-07,10:10 AM,Side collision,0,CHAMPAIGN,IL,74.0,2,Day,Clear,Yard,Yard/switching,4,4500,0,29344,H702,40.115977000000001,-88.241614999999996
NS,122980,2016-12-02,7:15 PM,Derailment,0,MACON,GA,60.0,3,Dusk,Cloudy,Yard,Yard/switching,2,121,15223,15344,M411,32.813657999999997,-83.622784999999993
WC,1702117,2024-08-28,1:58 PM,Derailment,0,JOLIET,IL,83.0,2,Day,Cloudy,Yard,Freight Train,4,134000,10131,144131,H505,41.554453000000002,-88.078755000000001
BRC,14409,2020-12-08,4:30 AM,Other impacts,0,BEDFORD PARK,IL,35.0,4,Dark,Clear,Yard,,0,0,14915,107602,H306,41.764749999999999,-87.791319000000001
FEC,T12041219,2019-04-12,11:59 AM,Other (describe in narrative),0,POMPANO BEACH,FL,80.0,2,Day,Clear,Main,,0,0,0,15325,M599,26.203612,-80.132372000000004
UP,0119HL035,2019-01-29,10:30 AM,Other (describe in narrative),0,KANSAS CITY,KS,25.0,2,Day,Cloudy,Yard,Cut of cars,0,77358,150,77508,M201,39.097693999999997,-94.666802000000004
NS,126741,2017-09-22,11:45 AM,Derailment,0,NEW HAVEN,IN,91.0,2,Day,Clear,Yard,Yard/switching,2,9423,2500,11923,H312,41.074134999999998,-85.038843999999997
GSWR,GSW733715,2015-07-21,8:40 PM,Other (describe in narrative),0,SASSER,GA,90.0,3,Dusk,Clear,Yard,Cut of cars,0,65000,0,65000,M501,31.733377000000001,-84.368572999999998
BNSF,CH0418203,2018-04-17,12:28 PM,Hwy-rail crossing,0,GALESBURG,IL,53.0,2,Day,Clear,Main,Freight Train,20,11591,1000,12591,M308,40.939037999999996,-90.402739999999994
CSX,000214265,2023-10-28,10:10 PM,Side collision,0,JACKSONVILLE,FL,75.0,4,Dark,Clear,Yard,Freight Train,4,221817,3092,231974,H306,30.293832999999999,-81.977424999999997
CSX,000172715,2017-11-07,6:50 AM,Derailment,1,MANCHESTER,GA,62.0,4,Dark,Clear,Yard,Freight Train,4,69791,2046,71837,H702,32.852114999999998,-84.608817000000002
CSX,000213370,2023-09-09,3:12 PM,Other impacts,0,LAKE ALFRED,FL,91.0,2,Day,Clear,Industry,Cut of cars,5,9712,0,13577,H302,28.09667,-81.724198999999999
MBTA,5723,2018-11-27,7:35 AM,Derailment,0,BELMONT,MA,33.0,1,Dawn,Rain,Main,Passenger Train - Pushing,63,11283,5562,16845,E51C,42.382790999999997,-71.207398999999995
NS,143092,2021-10-07,8:20 PM,Other (describe in narrative),0,SHELBYVILLE,KY,72.0,4,Dark,Clear,Industry,Cut of cars,5,603,0,16070,H704,38.206479999999999,-85.257170000000002
IHB,20232866,2023-10-02,6:30 AM,Derailment,0,HAMMOND,IN,65.0,1,Dawn,Clear,Yard,Yard/switching,10,18300,590,18890,H309,41.607044999999999,-87.483166999999995
UP,0918LV014,2018-09-21,9:26 PM,Other impacts,0,LOTTIE,LA,85.0,4,Dark,Clear,Yard,Yard/switching,0,36471,0,207137,M411,30.525485,-91.555758999999995
BLF,20190121,2019-03-18,8:54 PM,Hwy-rail crossing,0,LAKE WORTH,FL,68.0,4,Dark,Cloudy,Main,Passenger Train - Pulling,79,15700,0,16325,M308,26.627737,-80.059240000000003
FEC,T20053122,2022-05-31,4:16 PM,Other (describe in narrative),0,POMPANO BEACH,FL,82.0,2,Day,Clear,Main,,0,0,0,15436,M599,26.260777999999998,-80.117568000000006
CFRC,21070,2021-03-11,6:04 PM,Hwy-rail crossing,0,KISSIMMEE,FL,73.0,2,Day,Clear,Main,Commuter Train - Pulling,45,11580,685,12265,M308,28.304545999999998,-81.399446999999995
BNSF,HL0919112,2019-09-19,7:49 PM,Derailment,0,FORT SCOTT,KS,83.0,3,Dusk,Clear,Yard,Freight Train,5,111099,59100,170199,H307,37.843713999999999,-94.698565000000002
CSX,000142306,2015-03-02,1:04 PM,Side collision,0,SAVANNAH,GA,68.0,2,Day,Clear,Yard,Yard/switching,0,4993,0,62776,H699,32.027669000000003,-81.148944
CSX,000147968,2015-06-17,9:22 PM,Side collision,0,AUGUSTA,GA,86.0,4,Dark,Clear,Yard,Freight Train,0,27123,0,32173,H306,33.455379000000001,-81.952251000000004
CSX,000214265,2023-10-28,10:10 PM,Side collision,0,JACKSONVILLE,FL,75.0,4,Dark,Clear,Yard,Yard/switching,10,7065,0,231974,H306,30.293832999999999,-81.977424999999997
ATK,153159,2018-05-08,11:12 PM,Derailment,0,CHICAGO,IL,66.0,4,Dark,Clear,Yard,Light loco(s),13,18037,0,18037,H704,41.878194999999998,-87.638442999999995
CSX,000186715,2019-11-21,6:25 PM,Hwy-rail crossing,0,WAYCROSS,GA,53.0,4,Dark,Clear,Main,Freight Train,0,0,0,16885,M308,31.248501000000001,-82.374724999999998
UP,0819GL002,2019-08-01,5:45 PM,Hwy-rail crossing,0,LAKOTA,IA,81.0,2,Day,Clear,Main,Freight Train,40,66447,505,66952,M302,43.399469000000003,-94.054316
SFRV,120120232,2023-12-01,1:05 PM,Fire/violent rupture,0,OPA LOCKA,FL,78.0,2,Day,Clear,Main,Commuter Train - Pulling,0,120000,0,120000,M406,25.92155,-80.21705
NIRC,9419001236,2022-12-23,11:01 AM,Other impacts,0,CHICAGO,IL,-3.0,2,Day,Cloudy,Main,EMU,15,19029,2408,21437,E78L,41.744639999999997,-87.598640000000003
HRT,160719,2016-07-19,1:55 PM,Hwy-rail crossing,0,BOWMAN,GA,97.0,2,Day,Clear,Main,Freight Train,3,10500,0,10500,M304,34.176937000000002,-82.959372999999999
AKMD,AKM793124O,2024-05-08,8:10 PM,Derailment,0,MALVERN,AR,78.0,4,Dark,Cloudy,Main,,0,0,74640,85459,T221,34.375610000000002,-92.822720000000004
UP,0223MA001,2023-02-01,1:39 PM,Other impacts,0,NORTH LITTLE ROCK,AR,29.0,2,Day,Cloudy,Yard,Yard/switching,10,4280,0,28887,H304,34.773845999999999,-92.223299999999995
NS,131469,2018-10-28,9:30 PM,Other impacts,0,LEXINGTON,NC,50.0,4,Dark,Clear,Yard,Yard/switching,8,2810,0,135448,H318,35.750635000000003,-80.318237999999994
CSX,000158999,2016-04-12,5:45 AM,Other impacts,0,SAVANNAH,GA,63.0,1,Dawn,Clear,Yard,Light loco(s),1,23516,100,23616,H306,32.027718,-81.148849999999996
UP,0622MA040,2022-06-30,4:00 PM,Derailment,0,NORTH LITTLE ROCK,AR,92.0,2,Day,Cloudy,Yard,Light loco(s),5,13093,4500,17593,H702,34.775396000000001,-92.220569999999995
CSX,000169664,2017-06-15,5:10 PM,Side collision,0,WAYCROSS,GA,90.0,2,Day,Clear,Yard,Yard/switching,4,1075,0,14108,H307,31.213524,-82.353588000000002
BNSF,TC0617103,2017-06-05,1:00 PM,Derailment,0,DULUTH,MN,56.0,2,Day,Clear,Yard,Yard/switching,4,900,23077,23977,H607,46.765836,-92.118083999999996
UP,1214CB004,2014-12-02,9:50 AM,Derailment,0,ARLINGTON,NE,33.0,2,Day,Clear,Main,Freight Train,31,5492,229000,234492,E54C,41.449652,-96.341858000000002
BNSF,HL0423202,2023-04-12,10:03 AM,Hwy-rail crossing,0,OSCEOLA,AR,70.0,2,Day,Clear,Main,Light loco(s),45,34779,0,34779,M302,35.747827999999998,-89.945922999999993
FEC,X19041223,2023-04-12,7:37 PM,Hwy-rail crossing,0,HOLLYWOOD,FL,72.0,3,Dusk,Rain,Main,,0,0,67728,216587,M308,26.003954,-80.148838999999995
NS,125210,2017-05-25,2:11 PM,Derailment,0,ROCKMART,GA,74.0,2,Day,Clear,Industry,Freight Train,5,18309,200,18509,H306,34.008826999999997,-85.056594000000004
UP,0916CB010,2016-09-28,4:50 AM,Derailment,0,COUNCIL BLUFFS,IA,50.0,4,Dark,Clear,Yard,Yard/switching,4,20526,50356,70882,E64C,41.250495000000001,-95.883179999999996
UP,1222MA004,2022-12-03,11:30 PM,Derailment,0,PINE BLUFF,AR,43.0,4,Dark,Cloudy,Yard,Yard/switching,4,19466,17790,37256,H307,34.233553999999998,-91.955297000000002
UP,0223MA020,2023-02-16,1:28 PM,Derailment,0,NORTH LITTLE ROCK,AR,50.0,2,Day,Cloudy,Yard,Freight Train,4,198000,64442,262442,T220,34.764949000000001,-92.251521999999994
SFRV,05182023,2023-05-18,4:00 PM,Other (describe in narrative),0,MIAMI-DADE,FL,79.0,2,Day,Clear,Yard,Passenger Train - Pulling,0,15000,0,15000,H311,25.865469999999998,-80.260090000000005
BNSF,SW0520103,2020-05-21,1:10 AM,Derailment,0,WINSLOW,AZ,45.0,4,Dark,Clear,Yard,Freight Train,10,99468,10000,125666,M503,35.031405999999997,-110.72497799999999
UP,0723MA012,2023-07-06,8:54 PM,Derailment,0,NORTH LITTLE ROCK,AR,78.0,4,Dark,Cloudy,Yard,Yard/switching,9,125685,119360,245045,E89C,34.771627000000002,-92.229026000000005
CSX,000193176,2020-10-11,1:30 AM,Derailment,0,LILBURN,GA,65.0,4,Dark,Rain,Main,Freight Train,39,2526210,191918,2718128,M103,33.884821000000002,-84.134123000000002
UP,0916ST015,2016-09-13,10:05 PM,Derailment,0,RIO RICO,AZ,74.0,4,Dark,Clear,Main,Freight Train,13,217082,33626,250708,H601,31.454367999999999,-110.969262
UP,0920LA013,2020-09-18,6:20 AM,Derailment,0,BENSON,AZ,59.0,1,Dawn,Clear,Yard,Freight Train,4,16680,1171,17851,H307,31.964715000000002,-110.286903
CSX,000195356,2021-01-29,9:53 AM,Derailment,0,ATLANTA,GA,40.0,2,Day,Clear,Yard,Freight Train,10,51417,4908,56325,H702,33.794105000000002,-84.417334999999994
ATK,168288,2021-09-08,3:35 PM,Derailment,0,WASHINGTON,DC,88.0,2,Day,Clear,Yard,Yard/switching,3,23431,965,24396,H303,38.916269999999997,-76.984515000000002
CSX,000182352,2019-04-14,7:20 AM,Side collision,0,WAYCROSS,GA,70.0,1,Dawn,Cloudy,Yard,Yard/switching,5,25767,636,43105,S007,31.213194999999999,-82.353954000000002
SCXF,20221031C,2022-10-31,10:34 AM,Hwy-rail crossing,0,MOORE HAVEN,FL,90.0,2,Day,Clear,Main,Freight Train,39,100000,2500,102500,M304,26.8963,-81.238119999999995
CRSH,113440,2014-12-13,12:30 AM,Raking collision,0,RIVER ROUGE,MI,35.0,4,Dark,Cloudy,Yard,Cut of cars,0,1143,0,23797,H020,42.274453999999999,-83.138534000000007
BNSF,SW0821115,2021-08-31,8:45 AM,Derailment,0,GLENDALE,AZ,95.0,1,Dawn,Clear,Yard,Freight Train,2,18657,120000,139627,M503,33.527301999999999,-112.17329700000001
CSX,000169664,2017-06-15,5:10 PM,Side collision,0,WAYCROSS,GA,90.0,2,Day,Clear,Yard,Single Car,4,1500,33,14108,H307,31.213524,-82.353588000000002
CSX,000158614,2016-03-30,5:25 PM,Other impacts,0,AVON,IN,69.0,3,Dusk,Rain,Yard,Single Car,7,13700,0,14128,M599,39.759366,-86.346097
UP,0523MA043,2023-05-23,10:43 AM,Derailment,0,HOPE,AR,72.0,2,Day,Clear,Main,Freight Train,6,6136,11169,17305,H514,33.716459,-93.633466999999996
SCXF,20231030C,2023-10-30,9:55 AM,Hwy-rail crossing,0,PALMDALE,FL,85.0,2,Day,Clear,Main,Freight Train,37,1000000,500000,1500000,M304,26.896312999999999,-81.238197
UP,0919ST012,2019-09-25,8:35 AM,Derailment,0,FLORENCE,AZ,68.0,2,Day,Cloudy,Main,Freight Train,14,6700,55728,62428,E04C,33.133195000000001,-111.501125
UP,0122MA024,2022-01-21,7:20 PM,Derailment,0,PINE BLUFF,AR,28.0,3,Dusk,Cloudy,Yard,Yard/switching,9,7059,2283,30115,H318,34.244061000000002,-91.946275
UP,0618ST007,2018-06-07,5:40 PM,Fire/violent rupture,0,ROLL,AZ,102.0,2,Day,Clear,Main,Freight Train,60,20440,0,20440,E73L,32.711585999999997,-113.85512799999999
NS,134450,2019-06-22,7:10 PM,Other impacts,0,MACON,GA,75.0,3,Dusk,Rain,Yard,Yard/switching,3,10000,0,11000,H307,32.813657999999997,-83.622784999999993
UP,0123MA053,2023-01-24,10:30 PM,Other impacts,0,PINE BLUFF,AR,42.0,4,Dark,Clear,Yard,Single Car,5,775,0,34864,H018,34.249402000000003,-91.939449999999994
NS,138349,2020-06-26,6:51 PM,Other (describe in narrative),0,TOCCOA,GA,68.0,3,Dusk,Cloudy,Yard,Freight Train,3,11278,200,11478,H306,34.578339999999997,-83.326115000000001
UP,0324MA013,2024-03-10,6:09 AM,Other impacts,0,PINE BLUFF,AR,39.0,1,Dawn,Cloudy,Yard,Light loco(s),5,23480,64858,105674,H607,34.232058000000002,-91.959140000000005
BNSF,SW0324113,2024-03-27,4:23 PM,Derailment,0,KINGMAN,AZ,75.0,2,Day,Clear,Yard,Freight Train,4,13566,7505,21071,T212,35.258257,-113.957785
NS,141243,2021-04-15,12:20 PM,Side collision,0,ATLANTA,GA,64.0,2,Day,Clear,Yard,Freight Train,0,29220,0,58370,H399,33.793526999999997,-84.444462000000001
BNSF,TC0319128,2019-03-28,7:15 AM,Derailment,0,RUTHTON,MN,25.0,1,Dawn,Clear,Industry,Freight Train,5,141159,6000,156092,H704,44.169288999999999,-96.111237000000003
UP,1222MA043,2022-12-29,4:00 AM,Other impacts,0,PINE BLUFF,AR,63.0,1,Dawn,Cloudy,Yard,Yard/switching,4,153,0,12624,H018,34.246268999999998,-91.943721999999994
BNSF,SW0918116,2018-09-13,3:20 PM,Obstruction,0,PETRIFIED FRST NAT P,AZ,80.0,2,Day,Clear,Main,Spec. MoW Equip.,0,140000,0,160000,H997,35.052511000000003,-109.67716799999999
CSX,000183412,2019-06-05,9:20 PM,Other impacts,0,NEWNAN,GA,72.0,4,Dark,Cloudy,Industry,Cut of cars,1,38582,0,79060,H020,33.406697000000001,-84.769940000000005
UP,0922MA042,2022-09-20,7:00 AM,Derailment,0,NORTH LITTLE ROCK,AR,70.0,2,Day,Clear,Yard,Single Car,5,26360,0,33789,M407,34.775336000000003,-92.221478000000005
CSX,000179817,2018-11-13,4:25 AM,Derailment,0,TALBOTTON,GA,50.0,4,Dark,Rain,Industry,Freight Train,7,18583,0,37568,M101,32.642904999999999,-84.501178999999993
NIRC,9419001189,2022-12-04,1:30 PM,Hwy-rail crossing,0,CHICAGO,IL,50.0,2,Day,Clear,Main,Commuter Train - Pushing,25,12557,0,12557,M302,41.731189999999998,-87.665369999999996
UP,0122LA041,2022-01-15,6:35 PM,Derailment,0,PHOENIX,AZ,69.0,3,Dusk,Cloudy,Main,Yard/switching,4,9283,2131,11414,H702,33.444347,-112.039517
CRSH,118866,2016-01-09,9:30 PM,Raking collision,0,NEWARK,NJ,42.0,4,Dark,Rain,Yard,Yard/switching,2,248,0,121784,H316,40.706713000000001,-74.134659999999997
NS,129673,2018-06-01,7:32 AM,Derailment,0,JENKINSBURG,GA,75.0,1,Dawn,Clear,Main,Freight Train,8,7589,10057,17646,E06C,33.327103000000001,-84.004030999999998
NS,121447,2016-07-28,12:31 PM,Hwy-rail crossing,0,WARNER ROBINS,GA,97.0,2,Day,Clear,Main,Freight Train,41,7760,17543,25303,M303,32.612983999999997,-83.597609000000006
CSX,000188195,2020-02-01,4:53 AM,Derailment,0,STILESBORO,GA,60.0,4,Dark,Cloudy,Industry,Freight Train,10,13312,6920,20232,M101,34.126840999999999,-84.883052000000006
CSX,000191839,2020-08-05,9:00 PM,Derailment,0,WAYCROSS,GA,81.0,4,Dark,Clear,Yard,Yard/switching,4,16067,472,16539,M101,31.213524,-82.353588000000002
UP,0324MA004,2024-03-07,6:45 PM,Other impacts,0,NORTH LITTLE ROCK,AR,62.0,3,Dusk,Cloudy,Yard,Cut of cars,0,82130,0,221369,H302,34.772857000000002,-92.225140999999994
UP,0823MA027,2023-08-20,11:45 PM,Other impacts,0,NORTH LITTLE ROCK,AR,85.0,4,Dark,Clear,Yard,Yard/switching,4,21578,0,35302,M407,34.775300000000001,-92.221198000000001
SFRV,03012023,2023-03-01,2:27 AM,Hwy-rail crossing,0,HOLLYWOOD,FL,66.0,4,Dark,Clear,Main,,0,0,0,12000,M308,25.996072999999999,-80.167258000000004
UP,0123MA030,2023-01-02,7:25 PM,Other impacts,0,NORTH LITTLE ROCK,AR,69.0,3,Dusk,Rain,Yard,Cut of cars,2,4129,0,22785,M407,34.774762000000003,-92.222020999999998
CSX,000148403,2015-06-25,5:00 AM,Derailment,0,WILMINGTON,DE,78.0,1,Dawn,Clear,Yard,Freight Train,6,108718,5240,113958,M204,39.759512999999998,-75.560275000000004
SFRV,05292023,2023-05-29,12:52 PM,Hwy-rail crossing,0,LAKE WORTH,FL,87.0,2,Day,Clear,Main,Commuter Train - Pulling,67,65000,8980,73980,M303,26.60904,-80.069370000000006
BNSF,SW0720103,2020-07-06,5:30 AM,Derailment,0,WINSLOW,AZ,80.0,1,Dawn,Clear,Main,Freight Train,4,465726,300000,765726,H519,34.991644000000001,-110.591891
UP,1018KC013,2018-10-10,11:13 AM,Other impacts,0,KANSAS CITY,KS,54.0,2,Day,Cloudy,Yard,Yard/switching,0,1596,0,22930,H306,39.094144999999997,-94.660981000000007
CSX,000209738,2023-02-10,8:30 PM,Derailment,0,WILMINGTON,DE,45.0,4,Dark,Cloudy,Industry,Yard/switching,7,31288,0,31288,H306,39.759497000000003,-75.560412999999997
NS,142543,2021-08-16,12:45 AM,Derailment,0,OCONEE,GA,72.0,4,Dark,Clear,Main,Freight Train,42,1308285,427678,1735963,T221,32.857343999999998,-82.950462000000002
KCS,22051601,2022-05-16,1:31 AM,Derailment,0,GRAVETTE,AR,83.0,4,Dark,Clear,Main,Freight Train,31,45051,142093,187144,H508,36.449637000000003,-94.469074000000006
NS,114956,2015-03-20,10:02 PM,Hwy-rail crossing,0,GAINESVILLE,GA,72.0,4,Dark,Clear,Main,Freight Train,43,30,12348,12378,M303,34.272331999999999,-83.837626
BNSF,CH0115121,2015-01-26,10:50 AM,Other impacts,0,GALESBURG,IL,25.0,2,Day,Snow,Yard,Yard/switching,4,57719,0,57719,M407,39.286059999999999,-94.013048999999995
UP,0919ST009,2019-09-17,8:15 PM,Derailment,0,RED ROCK,AZ,92.0,4,Dark,Clear,Main,Freight Train,1,159,53693,53852,M599,32.568198000000002,-111.317576
BRC,14054,2018-02-07,12:10 PM,Derailment,0,BEDFORD PARK,IL,20.0,2,Day,Clear,Yard,Yard/switching,4,53542,1546,55088,T220,41.769396,-87.756557000000001
ATK,174786,2023-05-18,3:34 PM,Hwy-rail crossing,0,SEVILLE,FL,86.0,2,Day,Cloudy,Main,Passenger Train - Pulling,79,23791,0,23791,M302,29.290610999999998,-81.481005999999994
BNSF,HL1122112,2022-11-22,8:35 AM,Other impacts,0,PINE BLUFF,AR,38.0,1,Dawn,Clear,Yard,Freight Train,7,269000,0,270504,H702,34.249932000000001,-91.938492999999994
ATK,140753,2015-12-11,7:00 AM,Other (describe in narrative),0,CLAYMONT,DE,60.0,1,Dawn,Clear,Industry,,0,0,23000,23200,H022,39.753214,-75.504966999999994
NS,154415,2023-10-05,8:30 AM,Other impacts,0,CENTRALIA,IL,63.0,2,Day,Clear,Siding,Spec. MoW Equip.,18,80000,0,80000,H601,38.539178,-89.141586000000004
ATK,169886,2022-02-24,9:30 PM,Derailment,0,WASHINGTON,DC,34.0,4,Dark,Rain,Yard,Yard/switching,5,27904,3236,31140,H303,38.916539,-76.989464999999996
CRSH,113440,2014-12-13,12:30 AM,Raking collision,0,RIVER ROUGE,MI,35.0,4,Dark,Cloudy,Yard,Yard/switching,7,22654,0,23797,H020,42.274453999999999,-83.138534000000007
CSX,000190412,2020-05-25,11:29 AM,Other impacts,0,CALHOUN,GA,75.0,2,Day,Clear,Main,Freight Train,3,336,324,36192,H021,34.465975999999998,-84.946023999999994
UP,0722MA026,2022-07-10,11:10 PM,Other impacts,0,PINE BLUFF,AR,76.0,4,Dark,Cloudy,Yard,Cut of cars,5,100,0,40293,H601,34.244847,-91.944626
ESPN,ESPN122020,2020-12-15,5:30 PM,Derailment,0,WILMINGTON,DE,28.0,4,Dark,Cloudy,Main,Freight Train,10,0,15000,15000,H699,39.831944999999997,-75.581666999999996
CSX,000157044,2016-02-12,1:17 AM,Other impacts,0,WAYCROSS,GA,45.0,4,Dark,Cloudy,Yard,Yard/switching,5,3681,0,125407,H305,31.213524,-82.353588000000002
NS,135782,2019-10-09,12:25 PM,Derailment,0,HAYNEVILLE,GA,86.0,2,Day,Clear,Main,Freight Train,42,4931037,1565739,6496776,H504,32.448309999999999,-83.622570999999994
SFRV,01162024,2024-01-16,2:12 PM,Hwy-rail crossing,0,MIAMI-DADE,FL,74.0,2,Day,Cloudy,Main,Commuter Train - Pulling,38,15000,0,15000,M305,25.7944,-80.194779999999994
UP,0915ST004,2015-09-03,3:15 PM,Derailment,0,FAIRBANK,AZ,69.0,2,Day,Rain,Industry,Freight Train,2,278,130000,130278,M501,32.078757000000003,-109.94763399999999
UP,1123MA023,2023-11-18,3:00 PM,Other impacts,0,VAN BUREN,AR,67.0,2,Day,Clear,Siding,Freight Train,5,85453,0,108211,H307,35.433478000000001,-94.330219999999997
KCS,18052504,2018-05-25,10:30 PM,Derailment,0,ARTESIA,MS,82.0,4,Dark,Clear,Yard,Freight Train,4,20510,181,20691,H702,33.412694999999999,-88.642861999999994
UP,1023LA051,2023-10-31,3:15 PM,Hwy-rail crossing,0,MARANA,AZ,74.0,2,Day,Clear,Main,Freight Train,69,7468,437317,444785,M308,32.425091000000002,-111.162989
NPR,DR122202,2022-12-23,4:20 PM,Derailment,0,ROHRVILLE,ND,-6.0,2,Day,Snow,Main,Freight Train,10,8353,9803,18156,E59L,48.143604000000003,-98.654402000000005