reportingrailroadcode,accidentnumber,date,time,accidenttype,hazmatreleasedcars,station,stateabbr,temperature,visibility_code,visibility,weathercondition,tracktype,equipmenttype,trainspeed,equipmentdamagecost,trackdamagecost,totaldamagecost,primaryaccidentcausecode,latitude,longitude
NS,134560,2019-07-02,2:30 AM,Derailment,0,ATLANTA,GA,76.0,4,Dark,Clear,Yard,Yard/switching,4,6112,30948,37060,M405,33.793886999999998,-84.445407000000003
NJTR,202409445,2024-08-10,12:40 PM,Fire/violent rupture,0,POINT PLEASANT,NJ,80.0,2,Day,Clear,Main,Commuter Train - Pulling,10,66079,0,66079,E99C,40.084820999999998,-74.047128999999998
BNSF,HL0223113,2023-02-15,8:31 AM,Derailment,0,TRUMANN,AR,60.0,1,Dawn,Cloudy,Main,Freight Train,43,11432,280629,292061,E62C,35.651200000000003,-90.493669999999995
NS,130357,2018-07-26,7:23 AM,Derailment,0,TOCCOA,GA,81.0,1,Dawn,Clear,Yard,Freight Train,5,2680,28820,31500,H506,34.578339999999997,-83.326115000000001
UP,0221PR023,2021-02-12,8:43 PM,Derailment,0,DOLTON,IL,16.0,4,Dark,Cloudy,Yard,Light loco(s),3,7462,8345,15807,M101,41.624301000000003,-87.614124000000004
NS,137687,2020-04-07,1:40 PM,Other impacts,0,MACON,GA,73.0,2,Day,Clear,Yard,Single Car,12,10714,0,75709,H312,32.813657999999997,-83.622784999999993
UP,1118NP005,2018-11-04,1:00 PM,Fire/violent rupture,0,MITCHELL,NE,55.0,2,Day,Cloudy,Main,Freight Train,0,58210,0,58210,E73L,41.930711000000002,-103.858197
NS,129026,2018-03-31,6:30 PM,Hwy-rail crossing,0,TAYLOR,GA,64.0,3,Dusk,Clear,Main,Freight Train,40,283,120456,120739,M303,33.734017999999999,-85.010463000000001
UP,0121PR033,2021-01-31,8:20 PM,Other impacts,0,SOUTH HOLLAND,IL,30.0,4,Dark,Sleet,Yard,Single Car,0,24364,0,24513,H312,41.613224000000002,-87.611863999999997
TRRA,17019,2017-12-13,8:10 PM,Hwy-rail crossing,0,GRANITE CITY,IL,38.0,4,Dark,Cloudy,Main,,0,0,0,29906,M308,38.701518,-90.157774000000003
UP,0822MA007,2022-08-04,2:10 AM,Other impacts,0,VAN BUREN,AR,81.0,4,Dark,Clear,Yard,Cut of cars,0,299469,0,777783,H306,35.430070999999998,-94.344021999999995
UP,0620GL009,2020-06-10,8:37 PM,Fire/violent rupture,0,MISSOURI VALLEY,IA,69.0,4,Dark,Clear,Main,Freight Train,0,19531,0,19531,E74L,41.575311999999997,-95.848080999999993
MRL,2019056,2019-04-26,1:44 AM,Rear end collision,0,LIVINGSTON,MT,40.0,4,Dark,Clear,Yard,Light loco(s),0,0,0,13500,H702,45.666927000000001,-110.554672
UP,1022MA011,2022-10-05,2:11 PM,Other (describe in narrative),0,PINE BLUFF,AR,81.0,2,Day,Clear,Yard,Single Car,0,30395,0,30395,M411,34.238788,-91.951528999999994
UP,0422MA017,2022-04-21,1:55 AM,Other impacts,0,NORTH LITTLE ROCK,AR,67.0,4,Dark,Cloudy,Yard,Single Car,5,815,0,53025,S007,34.773738999999999,-92.227497999999997
UP,1220LA035,2020-12-02,9:32 PM,Broken train collision,0,VAIL,AZ,49.0,4,Dark,Clear,Main,Freight Train,20,12152,0,12152,H519,31.981089000000001,-110.524124
CSX,000213814,2023-09-30,5:30 AM,Derailment,0,DANVILLE,IL,55.0,1,Dawn,Clear,Main,Freight Train,5,12041,32653,44694,H702,40.115673000000001,-87.540397999999996
BNSF,MT0723103,2023-07-14,12:50 PM,Derailment,0,SURREY,ND,78.0,2,Day,Clear,Yard,Yard/switching,5,25809,27791,53600,H306,48.238270999999997,-101.160974
UP,0118ST003,2018-01-04,9:24 PM,Obstruction,0,VAIL,AZ,50.0,4,Dark,Clear,Main,Freight Train,48,48413,250,48663,M402,32.113964000000003,-110.830157
UP,1214CB002,2014-12-01,1:40 PM,Derailment,0,MARSHALLTOWN,IA,17.0,2,Day,Clear,Yard,Freight Train,7,14267,4643,18910,E44C,42.042057999999997,-92.914465000000007
UP,1122MA031,2022-11-26,7:05 AM,Other impacts,0,PINE BLUFF,AR,50.0,2,Day,Cloudy,Yard,Yard/switching,4,0,0,13290,H308,34.243895999999999,-91.945867000000007
UP,0922MA006,2022-09-06,3:00 AM,Derailment,0,JONESBORO,AR,80.0,4,Dark,Clear,Main,Cut of cars,0,49593,0,998596,E61C,35.840330999999999,-90.690657999999999
UP,0423LA040,2023-04-27,6:35 AM,Hwy-rail crossing,0,TUCSON,AZ,57.0,1,Dawn,Clear,Main,Freight Train,25,0,25033,25033,M302,32.133929000000002,-110.96102999999999
BNSF,TC0617120,2017-06-28,6:40 PM,Derailment,0,GRANVILLE,ND,80.0,2,Day,Clear,Industry,,0,0,8000,8000,H306,48.244363,-101.05149
CSX,000185200,2019-09-06,12:05 PM,Side collision,0,SAVANNAH,GA,90.0,2,Day,Clear,Yard,Single Car,1,22480,0,24176,H310,32.027718,-81.148849999999996
AM,AM110521,2021-11-05,1:15 PM,Derailment,0,FORT SMITH,AR,65.0,2,Day,Rain,Main,Freight Train,2,0,43245,43245,M501,35.563592999999997,-94.253589000000005
UP,0220RM031,2020-02-25,3:46 PM,Hwy-rail crossing,0,ROBERTS,ID,22.0,2,Day,Clear,Main,Freight Train,38,8475,4494,12969,M304,43.720162000000002,-112.126234
NS,137986,2020-05-18,4:50 PM,Other (describe in narrative),0,ATLANTA,GA,75.0,3,Dusk,Cloudy,Yard,Light loco(s),5,14364,277,14641,H702,33.793886999999998,-84.445407000000003
UP,0615ST013,2015-06-26,4:32 AM,Fire/violent rupture,0,TUCSON,AZ,79.0,4,Dark,Clear,Main,Freight Train,20,12690,0,12690,M406,32.337716999999998,-111.065273
ATK,153861,2018-06-19,5:30 PM,Derailment,0,WILMINGTON,DE,87.0,2,Day,Clear,Yard,Light loco(s),3,37540,4900,42440,H303,39.741979999999998,-75.522160999999997
UP,0524MA012,2024-05-08,8:10 PM,Derailment,0,MALVERN,AR,78.0,4,Dark,Cloudy,Yard,Freight Train,8,10819,0,85459,T221,34.375610000000002,-92.822720000000004
FEC,T46111123,2023-11-11,4:26 PM,Other impacts,0,MIAMI-DADE,FL,82.0,2,Day,Clear,Main,,0,0,0,13231,M599,25.893141,-80.169556
UP,1221LA036,2021-12-22,10:00 AM,Other (describe in narrative),0,TUCSON,AZ,50.0,2,Day,Clear,Yard,Freight Train,10,42282,0,42282,M299,32.201922000000003,-110.93844300000001
UP,0523MA022,2023-05-16,6:10 AM,Other impacts,0,PINE BLUFF,AR,72.0,1,Dawn,Cloudy,Yard,Yard/switching,4,49081,0,52975,S016,34.251925,-91.937481000000005
NS,137224,2020-02-19,8:15 AM,Derailment,0,MACON,GA,59.0,2,Day,Rain,Yard,Yard/switching,5,5828,19417,25245,S006,32.813657999999997,-83.622784999999993
UP,0422MA017,2022-04-21,1:55 AM,Other impacts,0,NORTH LITTLE ROCK,AR,67.0,4,Dark,Cloudy,Yard,Yard/switching,10,52210,0,53025,S007,34.773738999999999,-92.227497999999997
GS,01242019,2019-01-24,11:30 AM,Derailment,0,STATESBORO,GA,52.0,2,Day,Clear,Main,Freight Train,5,640,12551,13191,T222,32.447840999999997,-81.781598000000002
KCS,19082603,2019-08-26,9:34 AM,Obstruction,0,HATFIELD,AR,82.0,2,Day,Cloudy,Main,Spec. MoW Equip.,16,8500,0,18000,M401,34.529032000000001,-94.353841000000003
ATK,166031,2020-12-11,8:05 PM,Derailment,0,WASHINGTON,DC,42.0,4,Dark,Clear,Yard,Yard/switching,6,37485,5913,43398,H704,38.911659999999998,-76.999679999999998
CSX,000193681,2020-11-08,5:10 AM,Raking collision,0,WAYCROSS,GA,70.0,1,Dawn,Clear,Yard,Single Car,1,1000,0,25536,M407,31.213524,-82.353588000000002
NS,136176,2019-11-13,6:30 AM,Derailment,0,ATLANTA,GA,28.0,1,Dawn,Clear,Yard,Freight Train,4,9253,24830,34083,H506,33.793526999999997,-84.444462000000001
UP,0724PR005,2024-07-06,1:36 AM,Other impacts,0,MELROSE PARK,IL,68.0,4,Dark,Clear,Yard,Freight Train,4,88685,700,241393,H307,41.894728999999998,-87.873714000000007
KRR,KRR017522,2022-08-31,6:40 PM,Derailment,0,HOPE,AR,88.0,4,Dark,Clear,Yard,,0,0,0,11371,E44C,33.668075000000002,-93.594283000000004
CSX,000199326,2021-08-08,5:10 AM,Derailment,0,WAYCROSS,GA,73.0,4,Dark,Cloudy,Yard,Yard/switching,2,28276,21282,49558,M405,31.213524,-82.353588000000002
UP,0821MA010,2021-08-09,11:05 AM,Other impacts,0,NORTH LITTLE ROCK,AR,89.0,2,Day,Clear,Yard,Cut of cars,4,2735,0,26214,M407,34.775278999999998,-92.221879000000001
BNSF,TC0719104,2019-07-05,6:05 AM,Derailment,0,ST PAUL,MN,70.0,1,Dawn,Clear,Yard,Freight Train,4,0,360000,611956,H703,44.934893000000002,-93.030615999999995
BNSF,KS1018123,2018-10-31,5:22 PM,Side collision,0,KANSAS CITY,KS,55.0,3,Dusk,Clear,Yard,Yard/switching,7,60000,0,155000,H607,39.087215,-94.700963999999999
CSX,000179023,2018-09-29,5:45 AM,Side collision,0,WAYCROSS,GA,85.0,1,Dawn,Clear,Yard,Yard/switching,4,0,0,134917,H306,31.213524,-82.353588000000002
CSX,000157313,2016-02-23,4:43 AM,Other impacts,0,AUGUSTA,GA,60.0,4,Dark,Clear,Yard,Yard/switching,0,36284,0,37799,H310,33.458596999999997,-81.960633999999999
UP,0223MA001,2023-02-01,1:39 PM,Other impacts,0,NORTH LITTLE ROCK,AR,29.0,2,Day,Cloudy,Yard,Single Car,10,24607,0,28887,H304,34.773845999999999,-92.223299999999995
FEC,D59092717,2017-09-27,7:20 AM,Derailment,0,MIAMI-DADE,FL,85.0,1,Dawn,Clear,Yard,Yard/switching,6,34541,1067,35608,H705,25.835578000000002,-80.309209999999993
BNSF,PR0319104,2019-03-14,2:45 AM,Derailment,0,DENVER,CO,16.0,4,Dark,Snow,Yard,Light loco(s),4,5000,6500,11500,M101,39.762692999999999,-104.994213
CSX,000210882,2023-04-19,10:20 PM,Derailment,0,HARVEY,IL,56.0,4,Dark,Cloudy,Main,Freight Train,4,46782,615,47397,H502,41.630907999999998,-87.670372
UP,0923MA037,2023-09-25,10:45 AM,Other impacts,0,NORTH LITTLE ROCK,AR,80.0,2,Day,Clear,Yard,Single Car,5,1655,0,32231,S016,34.772278,-92.228858000000002
NS,141052,2021-03-28,11:45 AM,Other impacts,0,MACON,GA,78.0,2,Day,Cloudy,Yard,Yard/switching,4,32678,0,32678,H318,32.813729000000002,-83.622793000000001
CSX,000190672,2020-06-06,12:20 AM,Derailment,1,SCREVEN,GA,73.0,4,Dark,Cloudy,Main,Freight Train,37,310399,33460,343859,M599,31.485296999999999,-82.017204000000007
UP,0822MA007,2022-08-04,2:10 AM,Other impacts,0,VAN BUREN,AR,81.0,4,Dark,Clear,Yard,Cut of cars,0,83952,0,777783,H306,35.430070999999998,-94.344021999999995
ATK,156644,2018-12-10,2:16 AM,Other (describe in narrative),0,NEW CASTLE,DE,34.0,4,Dark,Clear,Main,Passenger Train - Pulling,125,29497,4550,34047,E78L,39.663148,-75.771788999999998
CSX,000182352,2019-04-14,7:20 AM,Side collision,0,WAYCROSS,GA,70.0,1,Dawn,Cloudy,Yard,Yard/switching,4,16702,0,43105,S007,31.213194999999999,-82.353954000000002
ATK,158740,2019-04-30,12:52 PM,Other (describe in narrative),0,WILMINGTON,DE,70.0,2,Day,Clear,Main,Passenger Train - Pulling,0,14021,0,14021,E78L,39.735999999999997,-75.550399999999996
CSX,000210302,2023-03-13,1:30 PM,Other impacts,0,LAKELAND,FL,80.0,2,Day,Clear,Yard,Single Car,4,20330,0,22330,H318,28.027239000000002,-82.011139999999997
BNSF,SF0216110,2016-02-18,1:00 AM,Other (describe in narrative),0,CABOOL,MO,50.0,4,Dark,Clear,Main,Freight Train,30,27550,0,27550,E33C,37.120745999999997,-92.103791000000001
NS,123264,2016-12-22,10:55 AM,Other impacts,0,MELVINDALE,MI,37.0,2,Day,Cloudy,Yard,Yard/switching,9,8350,9000,17353,H306,42.273713999999998,-83.191676999999999
BNSF,CH0617118,2017-06-29,2:31 AM,Derailment,0,CHICAGO,IL,75.0,4,Dark,Cloudy,Yard,Yard/switching,7,32011,0,32011,H310,41.818677999999998,-87.716981000000004
NS,136584,2019-12-19,4:30 PM,Derailment,0,MILLEN,GA,40.0,3,Dusk,Clear,Yard,Freight Train,5,93300,2074,95374,H503,32.801412999999997,-81.929309000000003
BNSF,CH0523203,2023-05-23,9:19 AM,Hwy-rail crossing,0,ELWOOD,IL,65.0,2,Day,Clear,Main,Freight Train,40,500,46000,46500,M308,41.347211000000001,-88.215260000000001
UP,0120MA018,2020-01-20,10:50 PM,Other impacts,0,NORTH LITTLE ROCK,AR,28.0,4,Dark,Clear,Yard,Yard/switching,14,700,66,29592,M203,34.775126999999998,-92.220471000000003
UP,1122LA011,2022-11-07,4:45 PM,Other impacts,0,PHOENIX,AZ,80.0,2,Day,Clear,Yard,Yard/switching,6,47392,2320,49812,H021,33.444147999999998,-112.15163
NS,114132,2015-02-02,4:30 AM,Derailment,0,NEW HAVEN,IN,16.0,1,Dawn,Snow,Yard,Yard/switching,4,3550,13092,16642,H312,41.074435999999999,-85.057585000000003
UP,0223MA043,2023-02-27,10:19 PM,Other impacts,0,NORTH LITTLE ROCK,AR,60.0,4,Dark,Clear,Yard,Cut of cars,5,66235,0,73301,M411,34.783918,-92.208668000000003
BNSF,SW0520103,2020-05-21,1:10 AM,Derailment,0,WINSLOW,AZ,45.0,4,Dark,Clear,Yard,Freight Train,0,16198,0,125666,M503,35.031405999999997,-110.72497799999999
KCS,18061901,2018-06-19,7:00 AM,Derailment,0,VICKSBURG,MS,75.0,2,Day,Rain,Main,Freight Train,7,55668,8379,64047,E09C,32.344307000000001,-90.883634999999998
UP,0724PR005,2024-07-06,1:36 AM,Other impacts,0,MELROSE PARK,IL,68.0,4,Dark,Clear,Yard,Freight Train,7,152008,0,241393,H307,41.894728999999998,-87.873714000000007
UP,1115ST004,2015-11-05,6:20 PM,Hwy-rail crossing,0,MARICOPA,AZ,61.0,4,Dark,Clear,Main,Freight Train,60,10609,0,10609,M302,33.056441,-112.04841
CSX,000158614,2016-03-30,5:25 PM,Other impacts,0,AVON,IN,69.0,3,Dusk,Rain,Yard,Single Car,7,428,0,14128,M599,39.759366,-86.346097
NS,117909,2015-10-24,6:30 AM,Other impacts,0,MACON,GA,60.0,1,Dawn,Clear,Yard,Yard/switching,2,12000,0,12100,H316,32.813729000000002,-83.622793000000001
UP,0722MA007,2022-07-03,1:29 PM,Other impacts,0,PINE BLUFF,AR,83.0,2,Day,Clear,Yard,Yard/switching,16,58434,530,81320,H601,34.249858000000003,-91.940199000000007
BLF,20244605,2024-05-13,10:54 PM,Hwy-rail crossing,0,LAKE WORTH,FL,79.0,4,Dark,Clear,Main,Passenger Train - Pulling,77,24200,0,24707,M308,26.596216999999999,-80.054739999999995
CSX,000159721,2016-05-13,4:20 AM,Hwy-rail crossing,0,MORELAND,GA,64.0,1,Dawn,Clear,Main,Freight Train,44,5130,7459,12589,M302,33.234332999999999,-84.835176000000004
UP,0318ST007,2018-03-10,12:15 PM,Hwy-rail crossing,0,CASA GRANDE,AZ,75.0,2,Day,Cloudy,Main,Freight Train,70,59741,200,59941,M308,32.866472000000002,-111.74039
NS,135869,2019-10-17,6:55 PM,Derailment,0,MILLEN,GA,60.0,3,Dusk,Clear,Main,Freight Train,1,26085,35804,61889,E22C,32.800829999999998,-81.947851999999997
CSX,000190412,2020-05-25,11:29 AM,Other impacts,0,CALHOUN,GA,75.0,2,Day,Clear,Main,Single Car,2,35532,0,36192,H021,34.465975999999998,-84.946023999999994
NS,134450,2019-06-22,7:10 PM,Other impacts,0,MACON,GA,75.0,3,Dusk,Rain,Yard,Yard/switching,2,1000,0,11000,H307,32.813657999999997,-83.622784999999993
UP,0319GL048,2019-03-15,4:39 AM,Derailment,0,LE SUEUR,MN,29.0,1,Dawn,Cloudy,Main,Freight Train,29,1650153,73866,1724019,M103,44.413381000000001,-93.939132000000001
CSX,000192663,2020-09-16,10:38 AM,Derailment,0,WAYCROSS,GA,85.0,2,Day,Cloudy,Yard,Yard/switching,1,233250,0,270962,M405,31.213524,-82.353588000000002
NS,142628,2021-08-23,2:45 PM,Other impacts,0,ATLANTA,GA,91.0,2,Day,Clear,Yard,Yard/switching,4,15274,6603,21877,H302,33.793526999999997,-84.444462000000001
BNSF,TC1116105,2016-11-16,10:00 AM,Derailment,0,MANDAN,ND,50.0,2,Day,Cloudy,Yard,Light loco(s),5,25000,0,25000,H303,46.825637999999998,-100.884508
AKMD,AKM606023G,2023-11-14,1:17 PM,Hwy-rail crossing,0,HELENA,AR,65.0,2,Day,Clear,Industry,Freight Train,10,20000,0,20000,M302,34.554569999999998,-90.705699999999993
BNSF,HL0923103,2023-09-03,4:55 AM,Derailment,0,BLYTHEVILLE,AR,75.0,1,Dawn,Clear,Main,Yard/switching,5,611,11068,11679,H702,35.914275000000004,-89.905491999999995
BNSF,SF0516111,2016-05-19,6:50 PM,Derailment,0,LAMAR,MO,61.0,3,Dusk,Rain,Industry,Yard/switching,9,500,30000,30500,H702,37.486725,-94.287256999999997
NS,154267,2023-09-20,5:00 PM,Other (describe in narrative),0,JACKSONVILLE,FL,86.0,3,Dusk,Clear,Yard,Yard/switching,10,331535,6000,337535,H306,30.360835999999999,-81.723365000000001
UP,1122LA011,2022-11-07,4:45 PM,Other impacts,0,PHOENIX,AZ,80.0,2,Day,Clear,Yard,Cut of cars,4,100,0,49812,H021,33.444147999999998,-112.15163
CSX,000160226,2016-06-01,10:55 AM,Other impacts,0,WILMINGTON,DE,82.0,2,Day,Clear,Yard,Yard/switching,4,9769,989,35884,H306,39.758747,-75.561880000000002
UP,0319GL027,2019-03-10,12:45 AM,Other impacts,0,MELROSE PARK,IL,42.0,4,Dark,Cloudy,Yard,Yard/switching,5,14046,4000,24920,M408,41.899650999999999,-87.907635999999997
NS,118538,2015-12-11,7:00 AM,Other (describe in narrative),0,WILMINGTON,DE,37.0,1,Dawn,Clear,Industry,Single Car,5,200,0,23200,H022,39.753214,-75.504966999999994
KCS,19082603,2019-08-26,9:34 AM,Obstruction,0,HATFIELD,AR,82.0,2,Day,Cloudy,Main,Spec. MoW Equip.,0,9500,0,18000,M401,34.529032000000001,-94.353841000000003
UP,0619HL011,2019-06-13,12:25 PM,Derailment,0,SILVER LAKE,KS,71.0,2,Day,Clear,Main,Work train,0,12880,33,12913,M201,39.147599999999997,-95.832481999999999
NS,137954,2020-05-14,5:15 PM,Other impacts,0,CHICAGO,IL,65.0,3,Dusk,Clear,Yard,Light loco(s),4,4379,0,58582,H302,41.710121000000001,-87.575542999999996
UP,0123MA037,2023-01-10,7:07 AM,Hwy-rail crossing,0,BRADFORD,AR,44.0,2,Day,Clear,Main,Freight Train,20,17779,264,18043,M302,35.549985,-91.363701000000006
NS,128297,2018-01-26,7:30 AM,Other impacts,0,GAINESVILLE,GA,70.0,1,Dawn,Clear,Yard,Freight Train,4,300,10477,10927,H312,34.304237999999998,-83.799757
AM,AM121222,2022-12-12,6:15 PM,Derailment,0,ROGERS,AR,40.0,4,Dark,Clear,Industry,Freight Train,4,53167,23888,77055,H702,36.266151000000001,-94.479975999999994
BNSF,CH0123107,2023-01-12,4:37 PM,Other (describe in narrative),0,GALESBURG,IL,40.0,2,Day,Clear,Yard,Yard/switching,3,25241,1000,26241,M411,40.908498000000002,-90.384214
FEC,X47112223,2023-11-22,8:29 PM,Hwy-rail crossing,0,JENSEN BEACH,FL,77.0,4,Dark,Clear,Main,,0,0,0,16000,M308,27.243862,-80.227399000000005
DQE,ID2100060,2021-05-11,4:51 PM,Derailment,0,DE QUEEN,AR,57.0,2,Day,Rain,Main,Freight Train,13,94449,84200,178649,E53C,34.031080000000003,-94.305670000000006
NS,135725,2019-10-04,11:10 AM,Derailment,0,ATLANTA,GA,96.0,2,Day,Clear,Siding,Freight Train,7,150187,316186,466373,E05C,33.806082000000004,-84.475365999999994
CPKC,23072501,2023-07-25,7:19 PM,Derailment,0,ASHDOWN,AR,96.0,2,Day,Clear,Main,Freight Train,19,335216,44714,379930,E24C,33.645287000000003,-94.103485000000006
UP,0415ST014,2015-04-13,10:05 PM,Obstruction,0,DATELAND,AZ,65.0,4,Dark,Clear,Main,Freight Train,50,10924,66,10990,M402,32.835244000000003,-113.353898
CSX,000174550,2018-02-06,9:00 AM,Hwy-rail crossing,0,GARY,IN,10.0,2,Day,Snow,Main,Freight Train,59,2940,25000,27940,M303,41.599404,-87.267020000000002
NS,138238,2020-06-15,12:40 PM,Derailment,0,MACON,GA,84.0,2,Day,Clear,Yard,Yard/switching,6,108000,0,108000,H303,32.813657999999997,-83.622784999999993
NS,142139,2021-07-08,3:00 PM,Derailment,0,ATLANTA,GA,85.0,2,Day,Cloudy,Yard,Yard/switching,6,18300,500,18800,H507,33.793526999999997,-84.444462000000001
NS,128398,2018-02-05,8:35 AM,Hwy-rail crossing,0,HAHIRA,GA,50.0,2,Day,Clear,Main,Freight Train,60,16984,0,16984,M302,30.991524999999999,-83.373875999999996
AM,AM051122,2022-05-11,1:30 AM,Other impacts,0,VAN BUREN,AR,70.0,4,Dark,Clear,Main,Freight Train,9,50000,200000,250000,H607,35.433087999999998,-94.364273999999995
UP,1120MA034,2020-11-28,10:31 AM,Other impacts,0,NORTH LITTLE ROCK,AR,49.0,2,Day,Clear,Yard,Yard/switching,4,986,0,57730,M407,34.774385000000002,-92.224383000000003
UP,1022MA048,2022-10-29,1:40 PM,Derailment,0,PINE BLUFF,AR,63.0,2,Day,Rain,Yard,Yard/switching,4,132516,78600,211116,H318,34.243034000000002,-91.946185999999997
TRRA,23004OR,2023-01-21,9:55 AM,Derailment,0,FAIRMONT CITY,IL,40.0,2,Day,Clear,Main,,0,0,103260,193360,H503,38.65063,-90.162270000000007
CSX,000188660,2020-02-26,1:35 AM,Derailment,0,WAYCROSS,GA,68.0,4,Dark,Rain,Yard,Yard/switching,7,37464,3360,40824,M411,31.213524,-82.353588000000002
NS,141243,2021-04-15,12:20 PM,Side collision,0,ATLANTA,GA,64.0,2,Day,Clear,Yard,Single Car,2,29150,0,58370,H399,33.793526999999997,-84.444462000000001
NJTR,201505302,2015-05-06,2:50 AM,Derailment,0,KEARNY,NJ,60.0,4,Dark,Clear,Yard,Yard/switching,3,12000,1728,13728,H310,40.743865,-74.103835000000004
FEC,X21042623,2023-04-26,8:05 PM,Hwy-rail crossing,0,DEERFIELD BEACH,FL,78.0,3,Dusk,Clear,Main,,0,0,35847,47311,M308,26.304843999999999,-80.105037999999993
RRVW,112316CGL,2016-11-23,2:40 PM,Derailment,0,WAHPETON,ND,35.0,2,Day,Fog,Industry,Freight Train,2,9550,31059,40609,H703,46.344779000000003,-96.632042999999996
CSX,000211404,2023-05-18,3:34 PM,Hwy-rail crossing,0,SEVILLE,FL,86.0,2,Day,Cloudy,Main,,0,0,0,23791,M302,29.290610999999998,-81.481005999999994
UP,0223MA019,2023-02-15,11:22 AM,Other impacts,0,NORTH LITTLE ROCK,AR,69.0,2,Day,Clear,Yard,Yard/switching,5,1241,0,14317,H019,34.771709999999999,-92.229056999999997
CSX,000192016,2020-08-14,3:40 AM,Derailment,0,KINGSTON,GA,75.0,4,Dark,Clear,Main,Freight Train,45,2528310,54714,2583024,H519,34.265481000000001,-84.958125999999993
UP,0524MA017,2024-05-18,9:53 PM,Derailment,0,PINE BLUFF,AR,79.0,4,Dark,Clear,Yard,Yard/switching,5,15940,9790,25730,H607,34.249215,-91.941897999999995
CSX,000211142,2023-05-04,6:05 AM,Derailment,0,RIVERDALE,IL,45.0,1,Dawn,Clear,Yard,Freight Train,10,47317,17100,64417,H702,41.649887999999997,-87.627421999999996
CSX,000191864,2020-08-08,1:50 PM,Side collision,0,SAVANNAH,GA,95.0,2,Day,Clear,Yard,Cut of cars,0,55987,0,102936,H021,32.027718,-81.148849999999996
UP,0823MA027,2023-08-20,11:45 PM,Other impacts,0,NORTH LITTLE ROCK,AR,85.0,4,Dark,Clear,Yard,Yard/switching,3,13124,600,35302,M407,34.775300000000001,-92.221198000000001
UP,1217ST001,2017-12-01,11:35 AM,Hwy-rail crossing,0,DATELAND,AZ,75.0,2,Day,Clear,Main,Freight Train,60,90741,1150,91891,M303,32.823797999999996,-113.44171900000001
BNSF,SW0121106,2021-01-24,12:57 PM,Derailment,0,WINSLOW,AZ,42.0,2,Day,Cloudy,Main,Freight Train,0,220000,0,1313341,E53C,34.967562000000001,-110.48756
NS,132475,2019-01-17,8:50 PM,Other impacts,0,GARDEN CITY,GA,61.0,4,Dark,Clear,Yard,Yard/switching,7,80447,0,80447,H210,32.092740999999997,-81.160037000000003
BNSF,CH1122119,2022-11-28,2:30 AM,Derailment,0,EOLA,IL,27.0,4,Dark,Clear,Industry,Yard/switching,8,581,17754,18335,H307,41.777676999999997,-88.218500000000006
CSX,000154713,2015-11-27,4:04 PM,Side collision,0,ATLANTA,GA,57.0,2,Day,Clear,Main,Freight Train,8,113809,0,143935,H221,33.761978999999997,-84.431416999999996
BNSF,SW0620102,2020-06-07,9:43 AM,Derailment,0,WINSLOW,AZ,84.0,2,Day,Clear,Yard,Yard/switching,8,82377,22000,104377,H307,35.027895999999998,-110.714095
ATK,165292,2020-08-29,6:25 PM,Other (describe in narrative),0,WASHINGTON,DC,80.0,3,Dusk,Clear,Yard,Passenger Train - Pulling,0,16502,0,16502,H501,38.915185999999999,-76.997434999999996
NS,128004,2018-01-05,8:47 AM,Derailment,0,MACON,GA,32.0,2,Day,Clear,Yard,Yard/switching,2,100,18104,18204,M408,32.813657999999997,-83.622784999999993
UP,0220ST020,2020-02-21,12:40 AM,Derailment,0,TUCSON,AZ,61.0,4,Dark,Clear,Yard,Yard/switching,4,21896,24394,46290,H607,32.188142999999997,-110.912047
UP,0718KC024,2018-07-25,3:11 PM,Fire/violent rupture,0,ALLERTON,IA,90.0,2,Day,Clear,Main,Freight Train,40,100000,0,100000,E71L,40.695690999999997,-93.386802000000003
CSX,000167478,2017-03-11,12:00 PM,Derailment,0,JEFFERSONVILLE,IN,36.0,2,Day,Clear,Main,Freight Train,35,47827,0,54027,E53C,38.516351,-85.766058999999998
UP,0822MA007,2022-08-04,2:10 AM,Other impacts,0,VAN BUREN,AR,81.0,4,Dark,Clear,Yard,Freight Train,9,271332,123030,777783,H306,35.430070999999998,-94.344021999999995
CSX,000177162,2018-06-24,4:00 AM,Side collision,0,WAYCROSS,GA,76.0,1,Dawn,Clear,Yard,Yard/switching,5,133629,0,298607,H607,31.213524,-82.353588000000002
UP,0121LA011,2021-01-13,9:00 PM,Fire/violent rupture,0,BOWIE,AZ,36.0,4,Dark,Cloudy,Main,Freight Train,70,13831,0,13831,E74L,32.352547000000001,-109.610495
BRC,14384,2020-07-23,1:00 AM,Raking collision,0,BEDFORD PARK,IL,75.0,4,Dark,Clear,Yard,Yard/switching,5,23214,0,23214,H302,41.762892999999998,-87.728189999999998
ATK,177960,2024-01-12,5:50 PM,Other (describe in narrative),0,WILMINGTON,DE,30.0,4,Dark,Rain,Main,Passenger Train - Pulling,0,13760,16790,30550,E78L,39.759726999999998,-75.488955000000004
BNSF,TC0516111,2016-05-21,5:10 PM,Derailment,0,MINOT,ND,75.0,2,Day,Clear,Yard,Yard/switching,10,15822,1000,16822,H607,48.238402000000001,-101.163344