reportingrailroadcode,accidentnumber,date,time,accidenttype,hazmatreleasedcars,station,stateabbr,temperature,visibility_code,visibility,weathercondition,tracktype,equipmenttype,trainspeed,equipmentdamagecost,trackdamagecost,totaldamagecost,primaryaccidentcausecode,latitude,longitude
CSX,000178652,2018-09-07,7:07 PM,Derailment,0,PORT WENTWORTH,GA,80.0,2,Day,Clear,Industry,Yard/switching,8,2465,25399,27864,E64C,32.167254,-81.202402000000006
UP,0818ST008,2018-08-11,10:00 PM,Fire/violent rupture,0,SAN SIMON,AZ,85.0,4,Dark,Cloudy,Main,Freight Train,45,326281,746,327027,E74L,32.241742000000002,-109.097363
UP,1220RM022,2020-12-25,6:20 PM,Derailment,0,POCATELLO,ID,35.0,3,Dusk,Cloudy,Yard,Yard/switching,5,3619,9856,13475,E40C,42.873497999999998,-112.46021399999999
UP,0419ST065,2019-04-29,3:26 PM,Other impacts,0,TUCSON,AZ,70.0,2,Day,Cloudy,Yard,Light loco(s),0,0,0,19511,H310,32.205388999999997,-110.942306
ATK,136061,2015-01-26,8:30 PM,Fire/violent rupture,0,HOLBROOK,AZ,37.0,4,Dark,Clear,Main,Passenger Train - Pulling,90,11484,0,11484,M406,34.95391,-109.986806
UP,1214CB011,2014-12-17,7:30 PM,Side collision,0,CLINTON,IA,23.0,4,Dark,Clear,Yard,Yard/switching,10,22582,1056,24653,H602,41.813099999999999,-90.231002000000004
UP,1019ST029,2019-10-30,1:15 AM,Derailment,0,TUCSON,AZ,54.0,4,Dark,Clear,Yard,Freight Train,3,4290,7283,11573,H702,32.202868000000002,-110.938868
UP,0321LA040,2021-03-27,3:15 AM,Other impacts,0,TUCSON,AZ,51.0,4,Dark,Cloudy,Yard,Single Car,5,13406,0,14778,H307,32.203167999999998,-110.93867899999999
UP,0223MA019,2023-02-15,11:22 AM,Other impacts,0,NORTH LITTLE ROCK,AR,69.0,2,Day,Clear,Yard,Single Car,0,13076,0,14317,H019,34.771709999999999,-92.229056999999997
FCR,FCR192685,2019-12-04,3:20 AM,Derailment,0,ATLANTA,GA,35.0,4,Dark,Clear,Yard,Freight Train,7,4500,22400,26900,E61C,33.732289999999999,-84.583072999999999
NS,154499,2023-10-14,5:10 PM,Raking collision,0,DECATUR,IL,54.0,3,Dusk,Clear,Yard,Single Car,0,560,0,29033,H318,39.856675000000003,-88.902202000000003
UP,0922MA042,2022-09-20,7:00 AM,Derailment,0,NORTH LITTLE ROCK,AR,70.0,2,Day,Clear,Yard,Yard/switching,0,2212,5217,33789,M407,34.775336000000003,-92.221478000000005
CSX,000173674,2017-12-24,7:50 PM,Derailment,0,ROCKY MOUNT,NC,45.0,3,Dusk,Clear,Yard,Yard/switching,6,18731,264,18995,M405,35.918852999999999,-77.804446999999996
UP,1123MA030,2023-11-22,7:28 PM,Derailment,0,NORTH LITTLE ROCK,AR,45.0,3,Dusk,Clear,Yard,Freight Train,8,3642,188210,191852,S011,34.763927000000002,-92.261871999999997
DMVW,DE042123,2023-04-21,7:00 AM,Derailment,0,BISMARCK,ND,30.0,1,Dawn,Snow,Main,Freight Train,3,1193,18029,19222,H306,46.805660000000003,-100.75699299999999
CSX,000179817,2018-11-13,4:25 AM,Derailment,0,TALBOTTON,GA,50.0,4,Dark,Rain,Industry,Cut of cars,0,18888,97,37568,M101,32.642904999999999,-84.501178999999993
KCS,17011301,2017-01-13,9:15 AM,Derailment,0,SHREVEPORT,LA,67.0,2,Day,Cloudy,Yard,,0,0,44377,62823,E60C,32.512222000000001,-93.744721999999996
CSX,000177162,2018-06-24,4:00 AM,Side collision,0,WAYCROSS,GA,76.0,1,Dawn,Clear,Yard,Yard/switching,5,164000,978,298607,H607,31.213524,-82.353588000000002
NJTR,201512672,2015-12-09,9:15 PM,Derailment,0,KEARNY,NJ,48.0,4,Dark,Clear,Yard,Yard/switching,6,11000,0,11000,H401,40.743260999999997,-74.105690999999993
UP,0819GL013,2019-08-06,5:25 AM,Other impacts,0,CEDAR RAPIDS,IA,62.0,1,Dawn,Clear,Yard,Single Car,0,1118,0,14890,H318,41.931308000000001,-91.720085999999995
UP,0223MA043,2023-02-27,10:19 PM,Other impacts,0,NORTH LITTLE ROCK,AR,60.0,4,Dark,Clear,Yard,Yard/switching,3,2666,4400,73301,M411,34.783918,-92.208668000000003
UP,0121PR033,2021-01-31,8:20 PM,Other impacts,0,SOUTH HOLLAND,IL,30.0,4,Dark,Sleet,Yard,Yard/switching,4,149,0,24513,H312,41.613224000000002,-87.611863999999997
UP,0120ST018,2020-01-23,8:25 AM,Derailment,0,TUCSON,AZ,41.0,2,Day,Clear,Yard,Yard/switching,2,26959,10567,37526,H306,32.194876000000001,-110.923852
BNSF,SW0424108,2024-04-20,9:17 PM,Derailment,0,CHAMBERS,AZ,40.0,4,Dark,Clear,Main,Freight Train,29,368457,75000,443457,E33C,34.990774000000002,-109.530935
UP,0523MA022,2023-05-16,6:10 AM,Other impacts,0,PINE BLUFF,AR,72.0,1,Dawn,Cloudy,Yard,Single Car,4,3894,0,52975,S016,34.251925,-91.937481000000005
CSX,000186835,2019-11-29,12:00 PM,Side collision,0,WAYCROSS,GA,70.0,2,Day,Clear,Yard,Freight Train,5,98492,0,170939,H607,31.213524,-82.353588000000002
NJTR,201505313,2015-05-24,9:05 AM,Other impacts,0,KEARNY,NJ,70.0,2,Day,Clear,Yard,Yard/switching,2,16037,0,16037,H310,40.744120000000002,-74.110988000000006
CSX,000153785,2015-10-30,1:50 PM,Other impacts,0,LITHONIA,GA,72.0,2,Day,Clear,Yard,Freight Train,5,0,0,26251,H020,33.722693,-84.109431999999998
EVWR,E2017DEC1D,2017-12-30,5:30 PM,Derailment,0,MOUNT VERNON,IN,9.0,4,Dark,Clear,Main,Freight Train,3,147672,2285,149957,H510,37.938659000000001,-87.905867000000001
CSX,000190491,2020-05-29,1:03 AM,Hwy-rail crossing,0,POCAHONTAS,IL,67.0,4,Dark,Cloudy,Main,Freight Train,48,590,47000,47590,M303,38.808340000000001,-89.564819999999997
ATK,161026,2019-09-10,8:02 AM,Derailment,0,WASHINGTON,DC,86.0,2,Day,Clear,Yard,Light loco(s),5,35900,0,35900,H306,38.909782,-77.001161999999994
UP,0319GL036,2019-03-11,8:30 PM,Derailment,0,BELVIDERE,IL,32.0,4,Dark,Clear,Yard,Yard/switching,8,7625,10480,18105,M501,42.239268000000003,-88.862212999999997
NS,136235,2019-11-18,11:53 PM,Derailment,0,RINCON,GA,52.0,4,Dark,Clear,Siding,Freight Train,15,232152,0,432152,H504,32.288666999999997,-81.268839
CSX,000185200,2019-09-06,12:05 PM,Side collision,0,SAVANNAH,GA,90.0,2,Day,Clear,Yard,Yard/switching,6,1500,196,24176,H310,32.027718,-81.148849999999996
UP,0517PR012,2017-05-10,2:40 AM,Other impacts,0,NORTHLAKE,IL,60.0,4,Dark,Rain,Yard,Yard/switching,4,124220,66,137435,M411,41.899576000000003,-87.907842000000002
ALS,20190728,2019-07-28,3:45 PM,Derailment,0,EAST ST LOUIS,IL,69.0,2,Day,Clear,Yard,Yard/switching,4,32500,48300,80800,H506,38.598286000000002,-90.152894000000003
NS,152814,2023-04-14,9:35 AM,Hwy-rail crossing,0,SUMMITVILLE,IN,65.0,2,Day,Clear,Main,Freight Train,36,67023,64389,131412,M308,40.339196999999999,-85.644163000000006
BNSF,MT0717103,2017-07-08,2:15 PM,Derailment,0,NORTHGATE,ND,87.0,2,Day,Clear,Yard,Freight Train,5,13000,400,13400,H702,48.987639000000001,-102.259625
NS,139744,2020-11-15,8:10 PM,Rear end collision,0,ATLANTA,GA,50.0,4,Dark,Clear,Main,Freight Train,26,296748,163298,569890,H221,33.807792999999997,-84.485924999999995
AZER,AZE877221D,2021-09-14,11:09 AM,Derailment,0,GLOBE,AZ,96.0,2,Day,Cloudy,Main,Freight Train,17,34966,148990,183956,M405,33.376831000000003,-110.744737
AZER,AZE389320D,2020-04-14,11:30 AM,Derailment,0,DUNCAN,AZ,75.0,2,Day,Clear,Main,Freight Train,11,10791,5997,16788,M204,32.881616000000001,-109.203498
CSX,000168856,2017-05-12,7:47 PM,Other impacts,0,AVON,IN,65.0,2,Day,Clear,Yard,Single Car,9,35620,388,47789,S014,39.759791,-86.327526000000006
CSX,000218134,2024-05-19,11:05 PM,Side collision,0,LOUISVILLE,KY,75.0,4,Dark,Cloudy,Yard,Yard/switching,2,23945,0,25183,H307,38.160739999999997,-85.749135999999993
NS,134583,2019-07-03,1:45 PM,Hwy-rail crossing,0,CHAUNCEY,GA,90.0,2,Day,Clear,Main,Freight Train,47,3506,137231,140737,M303,32.107059999999997,-83.075886999999994
NS,134549,2019-07-01,3:10 AM,Hwy-rail crossing,0,LOCUST GROVE,GA,72.0,4,Dark,Clear,Main,Freight Train,38,128,15000,15128,M303,33.351807000000001,-84.111889000000005
UP,0517PR012,2017-05-10,2:40 AM,Other impacts,0,NORTHLAKE,IL,60.0,4,Dark,Rain,Yard,Cut of cars,0,13149,0,137435,M411,41.899576000000003,-87.907842000000002
BNSF,CH0719112,2019-07-26,5:50 AM,Derailment,0,AURORA,IL,90.0,1,Dawn,Clear,Yard,Freight Train,6,27055,9500,36555,H525,41.769992999999999,-88.274422999999999
CRSH,118866,2016-01-09,9:30 PM,Raking collision,0,NEWARK,NJ,42.0,4,Dark,Rain,Yard,Yard/switching,7,116536,5000,121784,H316,40.706713000000001,-74.134659999999997
NS,135942,2019-10-25,8:33 AM,Hwy-rail crossing,0,OLIVER,GA,72.0,2,Day,Clear,Main,Freight Train,47,264,47200,47464,M303,32.521318000000001,-81.532951999999995
NS,131469,2018-10-28,9:30 PM,Other impacts,0,LEXINGTON,NC,50.0,4,Dark,Clear,Yard,Yard/switching,3,129067,3571,135448,H318,35.750635000000003,-80.318237999999994
BRC,13512,2015-01-28,11:27 PM,Derailment,0,BEDFORD PARK,IL,37.0,4,Dark,Rain,Yard,Yard/switching,2,42004,815,42819,M407,41.761814000000001,-87.734301000000002
UP,0722MA041,2022-07-19,11:00 PM,Other impacts,0,PINE BLUFF,AR,84.0,4,Dark,Cloudy,Yard,Yard/switching,5,100,0,48248,H318,34.244186999999997,-91.945428000000007
NS,138154,2020-06-05,10:45 PM,Other impacts,0,MACON,GA,72.0,4,Dark,Clear,Yard,Single Car,5,205,0,26067,M411,32.813657999999997,-83.622784999999993
UP,0419ST065,2019-04-29,3:26 PM,Other impacts,0,TUCSON,AZ,70.0,2,Day,Cloudy,Yard,Light loco(s),4,19361,150,19511,H310,32.205388999999997,-110.942306
BNSF,NE0316104,2016-03-20,2:00 PM,Derailment,0,LINCOLN,NE,55.0,2,Day,Clear,Yard,Freight Train,6,15678,500,16178,H525,40.807789999999997,-96.777287999999999
UP,0620GL008,2020-06-10,3:35 PM,Derailment,0,COUNCIL BLUFFS,IA,73.0,2,Day,Clear,Yard,Freight Train,3,9229,1680,10909,H525,41.248837999999999,-95.883617000000001
UP,0724PR001,2024-07-01,8:35 AM,Derailment,0,MELROSE PARK,IL,65.0,2,Day,Clear,Yard,Cut of cars,0,112027,0,619031,H306,41.895378999999998,-87.888970999999998
BNSF,MT0423106,2023-04-26,12:11 PM,Derailment,0,MEDORA,ND,60.0,2,Day,Clear,Main,Freight Train,18,556317,710201,1266518,E51C,46.875042000000001,-103.431765
UP,0324MA005,2024-03-08,12:54 AM,Other impacts,0,PINE BLUFF,AR,57.0,4,Dark,Rain,Yard,Yard/switching,11,7335,980,50687,S016,34.249326000000003,-91.942013000000003
UP,0120MA018,2020-01-20,10:50 PM,Other impacts,0,NORTH LITTLE ROCK,AR,28.0,4,Dark,Clear,Yard,Yard/switching,0,28826,0,29592,M203,34.775126999999998,-92.220471000000003
UP,1120MA034,2020-11-28,10:31 AM,Other impacts,0,NORTH LITTLE ROCK,AR,49.0,2,Day,Clear,Yard,Yard/switching,2,56744,0,57730,M407,34.774385000000002,-92.224383000000003
CSX,000180427,2018-12-20,10:39 AM,Other impacts,0,ROCKY MOUNT,NC,40.0,2,Day,Fog,Yard,Cut of cars,6,2200,0,19640,H318,35.918852999999999,-77.804446999999996
BNSF,SW0615105,2015-06-16,1:39 PM,Derailment,0,WINSLOW,AZ,92.0,2,Day,Clear,Yard,Freight Train,8,25000,6509,31509,T221,35.027636000000001,-110.712084
UP,0822MA022,2022-08-12,3:20 PM,Other impacts,0,NORTH LITTLE ROCK,AR,92.0,2,Day,Clear,Yard,Yard/switching,0,260,0,24294,M407,34.77514,-92.221987999999996
IC,1151211,2024-06-05,1:52 PM,Hwy-rail crossing,0,DE SOTO,IL,76.0,2,Day,Cloudy,Main,Passenger Train - Pulling,0,0,0,39242,M302,37.793213000000002,-89.224311999999998
UP,0819ST015,2019-08-13,12:40 AM,Derailment,0,TUCSON,AZ,87.0,4,Dark,Clear,Yard,Yard/switching,13,164094,76620,597083,H601,32.198078000000002,-110.92986000000001
NS,140087,2020-12-22,7:37 PM,Other impacts,0,MACON,GA,45.0,3,Dusk,Clear,Yard,Yard/switching,6,13856,2502,16360,H307,32.813657999999997,-83.622784999999993
CSX,000185071,2019-09-01,3:39 AM,Derailment,0,KENNESAW,GA,70.0,4,Dark,Cloudy,Main,Freight Train,27,14805,32475,47280,M206,34.017919999999997,-84.611172999999994
BRC,14101,2018-04-22,4:00 PM,Derailment,0,BEDFORD PARK,IL,65.0,2,Day,Clear,Yard,Yard/switching,6,81966,3200,85166,M408,41.767746000000002,-87.782477999999998
UP,0423MA042,2023-04-29,3:25 AM,Other impacts,0,PINE BLUFF,AR,60.0,4,Dark,Rain,Yard,Yard/switching,0,12307,0,16983,M105,34.245804,-91.943220999999994
CSX,000192663,2020-09-16,10:38 AM,Derailment,0,WAYCROSS,GA,85.0,2,Day,Cloudy,Yard,Cut of cars,0,37712,0,270962,M405,31.213524,-82.353588000000002
NS,131499,2018-10-31,7:20 AM,Hwy-rail crossing,0,PLAINVILLE,GA,52.0,1,Dawn,Clear,Main,Freight Train,29,64,31657,31721,M303,34.402503000000003,-85.038616000000005
UP,1217PR001,2017-12-01,7:00 AM,Other (describe in narrative),0,MELROSE PARK,IL,43.0,2,Day,Cloudy,Yard,Single Car,0,39708,0,39708,M411,41.899397999999998,-87.907691999999997
BRC,14794,2024-08-15,7:41 AM,Rear end collision,0,CHICAGO,IL,69.0,1,Dawn,Cloudy,Main,Spec. MoW Equip.,6,12248,0,12248,H402,41.805709999999998,-87.738230000000001
UP,1120RM022,2020-11-17,7:20 PM,Obstruction,0,POCATELLO,ID,60.0,3,Dusk,Cloudy,Yard,Yard/switching,6,135306,13978,149284,M409,42.856195,-112.440516
NS,128019,2018-01-05,10:45 PM,Derailment,0,MACON,GA,27.0,4,Dark,Clear,Main,Freight Train,12,14500,10673,25173,E27C,32.85022,-83.561464000000001
UP,0522MA002,2022-05-01,6:05 PM,Other impacts,0,PINE BLUFF,AR,82.0,3,Dusk,Cloudy,Yard,Single Car,5,460,0,56182,H312,34.243169999999999,-91.945294000000004
CSX,000192371,2020-08-31,5:00 AM,Derailment,0,ROCKMART,GA,75.0,1,Dawn,Clear,Industry,Freight Train,5,4005,228,15041,H702,34.007393,-85.091798999999995
ALS,20190328,2019-03-28,6:03 PM,Derailment,0,EAST ST LOUIS,IL,61.0,3,Dusk,Cloudy,Yard,,0,0,2135,15747,H526,38.589612000000002,-90.138829000000001
NS,122637,2016-11-02,7:21 PM,Hwy-rail crossing,0,MENTONE,IN,71.0,3,Dusk,Rain,Main,Freight Train,55,2722,37716,40438,M303,41.173157000000003,-86.039034999999998
CSX,000183032,2019-05-18,2:57 PM,Derailment,0,WAYCROSS,GA,90.0,2,Day,Clear,Yard,Yard/switching,10,21664,3890,25554,E29C,31.213524,-82.353588000000002
BNSF,MT1118101,2018-11-02,11:08 AM,Derailment,0,WHITEFISH,MT,42.0,2,Day,Cloudy,Yard,Yard/switching,5,0,14073,14073,H607,48.414304000000001,-114.34038200000001
FEC,X13030323,2023-03-03,2:47 PM,Hwy-rail crossing,0,NORTH MIAMI,FL,82.0,2,Day,Clear,Main,,0,0,445,21183,M308,25.906103000000002,-80.159063000000003
NS,122742,2016-11-12,5:10 PM,Other impacts,0,ELKHART,IN,50.0,3,Dusk,Clear,Yard,Yard/switching,8,11500,0,14212,H607,41.67736,-85.978494999999995
UP,1222MA011,2022-12-12,10:56 AM,Other (describe in narrative),0,PINE BLUFF,AR,50.0,2,Day,Clear,Yard,Single Car,0,18049,0,18049,M507,34.249651999999998,-91.940206000000003
BNSF,MT0719107,2019-07-18,2:10 PM,Other impacts,0,HAVRE,MT,78.0,2,Day,Clear,Yard,Freight Train,6,89983,0,89983,H310,48.557909000000002,-109.70190700000001
NS,123264,2016-12-22,10:55 AM,Other impacts,0,MELVINDALE,MI,37.0,2,Day,Cloudy,Yard,Light loco(s),9,3,0,17353,H306,42.273713999999998,-83.191676999999999
CSX,000180336,2018-12-14,9:02 PM,Side collision,0,ATLANTA,GA,40.0,4,Dark,Rain,Yard,Freight Train,0,21321,2578,160610,H306,33.794105000000002,-84.417334999999994
CSX,000153785,2015-10-30,1:50 PM,Other impacts,0,LITHONIA,GA,72.0,2,Day,Clear,Yard,Cut of cars,6,26000,251,26251,H020,33.722693,-84.109431999999998
NS,128390,2018-02-04,4:50 PM,Derailment,0,EAST POINT,GA,55.0,3,Dusk,Clear,Yard,Yard/switching,4,7624,14944,22568,H306,33.677827999999998,-84.439269999999993
NS,131444,2018-10-26,4:20 PM,Derailment,0,COMMERCE,GA,50.0,3,Dusk,Rain,Main,Freight Train,6,5954,6360,12314,H704,34.173025000000003,-83.432996000000003
CSX,000178709,2018-09-10,9:35 PM,Derailment,0,SAVANNAH,GA,78.0,4,Dark,Clear,Main,Freight Train,38,7415,41129,48544,E44C,32.085652000000003,-81.150597000000005
UP,0321RM030,2021-03-30,11:15 PM,Derailment,0,SODA SPRINGS,ID,24.0,4,Dark,Clear,Industry,Freight Train,6,8812,21000,29812,T221,42.747849000000002,-111.543661
CSX,000178826,2018-09-16,6:02 PM,Derailment,0,LILESVILLE,NC,75.0,3,Dusk,Rain,Main,Freight Train,19,3370938,786156,4157094,M103,34.951588000000001,-79.945155
ALS,0223AS006,2023-02-14,5:10 PM,Derailment,0,EAST ST LOUIS,IL,50.0,2,Day,Cloudy,Yard,Light loco(s),4,30000,1900,31900,H303,38.650753999999999,-90.162255000000002
UP,0622LA003,2022-06-01,11:22 AM,Derailment,0,GILBERT,AZ,86.0,2,Day,Clear,Main,Yard/switching,5,16932,966,17898,E35C,33.357213999999999,-111.796807
NS,135437,2019-09-09,11:08 PM,Other (describe in narrative),0,GARDEN CITY,GA,80.0,4,Dark,Clear,Industry,Yard/switching,9,247,22000,22247,H306,32.100465,-81.168891000000002
CSX,000205492,2022-06-10,10:40 PM,Derailment,0,TAMPA,FL,74.0,4,Dark,Cloudy,Industry,Yard/switching,7,3623,30047,33670,H303,27.963885000000001,-82.372630000000001
CSX,000196290,2021-03-14,8:46 PM,Side collision,0,WAYCROSS,GA,67.0,4,Dark,Clear,Yard,Light loco(s),0,0,0,19101,H316,31.213524,-82.353588000000002
NS,152909,2023-04-25,2:45 AM,Other impacts,0,JACKSONVILLE,FL,64.0,4,Dark,Cloudy,Yard,Cut of cars,3,10848,0,307881,H020,30.360835999999999,-81.723365000000001
ATK,161976,2019-11-13,7:24 AM,Hwy-rail crossing,0,HORTENSE,GA,45.0,2,Day,Clear,Main,Passenger Train - Pulling,70,33262,0,33359,M304,31.209278000000001,-81.978950999999995
CSX,000193681,2020-11-08,5:10 AM,Raking collision,0,WAYCROSS,GA,70.0,1,Dawn,Clear,Yard,Yard/switching,1,24536,0,25536,M407,31.213524,-82.353588000000002
NS,122890,2016-11-26,4:45 AM,Side collision,0,OAKDALE,GA,72.0,1,Dawn,Clear,Yard,Yard/switching,8,7868,0,11609,H607,33.793886999999998,-84.445407000000003
UP,0823MA036,2023-08-26,3:30 AM,Derailment,0,PINE BLUFF,AR,79.0,4,Dark,Clear,Yard,Yard/switching,10,16353,11802,28155,H305,34.242018999999999,-91.946585999999996
NS,124040,2017-02-20,1:41 PM,Other impacts,0,DURHAM,NC,67.0,2,Day,Clear,Industry,Cut of cars,0,6300,0,33900,H302,35.979892999999997,-78.879412000000002
BNSF,CH0115104,2015-01-06,2:37 AM,Derailment,0,CICERO,IL,10.0,4,Dark,Clear,Main,Freight Train,8,30756,1100,31856,H503,41.844762000000003,-87.742760000000004
IC,989214,2019-01-19,12:20 PM,Obstruction,0,BROOKHAVEN,MS,63.0,2,Day,Cloudy,Main,,0,0,0,19119,M404,31.649439000000001,-90.416884999999994
UP,1022MA010,2022-10-05,2:11 PM,Other (describe in narrative),0,PINE BLUFF,AR,81.0,2,Day,Clear,Yard,Single Car,0,39072,0,39072,M507,34.238097000000003,-91.952511999999999
BRC,14129,2018-06-24,2:25 PM,Derailment,0,CHICAGO,IL,80.0,2,Day,Clear,Yard,,0,0,3200,12180,M405,41.723325000000003,-87.561378000000005
CSX,000168856,2017-05-12,7:47 PM,Other impacts,0,AVON,IN,65.0,2,Day,Clear,Yard,Light loco(s),8,11781,0,47789,S014,39.759791,-86.327526000000006
UP,0522MA038,2022-05-26,6:01 AM,Derailment,0,BEARDEN,AR,55.0,1,Dawn,Clear,Main,Freight Train,7,12167,1960,14127,H519,33.674801000000002,-92.728269999999995
UP,1022MA026,2022-10-13,7:27 PM,Obstruction,0,NORTH LITTLE ROCK,AR,69.0,3,Dusk,Clear,Yard,Yard/switching,6,4888,9320,14308,M404,34.772542000000001,-92.229034999999996
NS,122742,2016-11-12,5:10 PM,Other impacts,0,ELKHART,IN,50.0,3,Dusk,Clear,Yard,Yard/switching,7,2712,0,14212,H607,41.67736,-85.978494999999995
NS,133339,2019-03-25,3:30 AM,Other impacts,0,EAST POINT,GA,55.0,4,Dark,Cloudy,Yard,Yard/switching,6,6096,24014,30260,H312,33.677827999999998,-84.439269999999993
CSX,000213370,2023-09-09,3:12 PM,Other impacts,0,LAKE ALFRED,FL,91.0,2,Day,Clear,Industry,Freight Train,5,3865,0,13577,H302,28.09667,-81.724198999999999
CSX,000159608,2016-05-05,12:56 PM,Derailment,0,CARLTON,GA,67.0,2,Day,Clear,Main,Freight Train,20,45238,766,46004,M299,34.043503000000001,-83.027822999999998
UP,1022MA040,2022-10-26,4:33 PM,Hwy-rail crossing,0,HUMPHREY,AR,68.0,2,Day,Cloudy,Main,Freight Train,51,13639,0,13639,M302,34.442616999999998,-91.632616999999996
NS,129774,2018-06-10,6:45 AM,Hwy-rail crossing,0,GAINESVILLE,GA,71.0,1,Dawn,Clear,Main,Freight Train,40,4988,6027,11015,M308,34.284906999999997,-83.824055999999999
NS,139989,2020-12-12,4:30 AM,Other impacts,0,ATLANTA,GA,56.0,1,Dawn,Clear,Yard,Single Car,1,6512,500,29521,M411,33.793886999999998,-84.445407000000003
UP,1221MA014,2021-12-15,7:31 AM,Hwy-rail crossing,0,FISHER,AR,65.0,1,Dawn,Cloudy,Main,Freight Train,40,12191,450,12641,M399,35.493909000000002,-90.971832000000006
GRW,24,2015-07-29,11:00 AM,Derailment,0,GARY,IN,85.0,2,Day,Clear,Industry,Yard/switching,4,3140,12086,15226,M599,41.624865999999997,-87.333856999999995
CFRC,23317,2023-11-13,2:30 AM,Other impacts,0,ORLANDO,FL,75.0,4,Dark,Clear,Main,Spec. MoW Equip.,5,40995,0,81990,H699,28.499848,-81.377319999999997
NIRC,9419001418,2023-03-29,9:25 AM,Obstruction,0,CHICAGO,IL,39.0,2,Day,Cloudy,Main,Commuter Train - Pushing,25,23347,0,23347,M404,41.677509999999998,-87.666520000000006
CSX,000160226,2016-06-01,10:55 AM,Other impacts,0,WILMINGTON,DE,82.0,2,Day,Clear,Yard,Cut of cars,0,25126,0,35884,H306,39.758747,-75.561880000000002
CSX,000177996,2018-08-05,1:52 AM,Side collision,0,WAYCROSS,GA,78.0,4,Dark,Clear,Yard,Light loco(s),10,12951,97,23369,H607,31.213524,-82.353588000000002
UP,0822MA022,2022-08-12,3:20 PM,Other impacts,0,NORTH LITTLE ROCK,AR,92.0,2,Day,Clear,Yard,Yard/switching,13,0,0,24294,M407,34.77514,-92.221987999999996
CSX,000157044,2016-02-12,1:17 AM,Other impacts,0,WAYCROSS,GA,45.0,4,Dark,Cloudy,Yard,Yard/switching,4,56224,65502,125407,H305,31.213524,-82.353588000000002
BLF,20231671,2023-03-03,2:47 PM,Hwy-rail crossing,0,NORTH MIAMI,FL,82.0,2,Day,Clear,Main,Passenger Train - Pulling,60,20738,0,21183,M308,25.906103000000002,-80.159063000000003
BRC,14691,2023-09-21,5:15 AM,Derailment,0,BEDFORD PARK,IL,62.0,4,Dark,Cloudy,Yard,Light loco(s),4,30000,2711,32711,H704,41.769100000000002,-87.759730000000005
UP,0720PN026,2020-07-21,9:15 AM,Derailment,0,NAMPA,ID,64.0,2,Day,Clear,Yard,Yard/switching,10,30000,0,90000,T211,43.589405999999997,-116.57396199999999
NS,129485,2018-05-16,12:05 AM,Derailment,0,MACON,GA,72.0,4,Dark,Cloudy,Yard,Yard/switching,11,75276,63475,138751,H601,32.813657999999997,-83.622784999999993
ALS,20190623,2019-06-23,9:45 AM,Other impacts,0,EAST ST LOUIS,IL,74.0,2,Day,Rain,Yard,Freight Train,4,10600,10600,28505,H701,38.587699000000001,-90.135195999999993
NS,151200,2022-10-17,4:05 PM,Other impacts,0,ELKHART,IN,38.0,3,Dusk,Rain,Yard,Single Car,0,400,48665,49465,M411,41.677391999999998,-85.978437
NS,141222,2021-04-13,11:49 AM,Derailment,0,TRENTON,GA,72.0,2,Day,Clear,Main,Freight Train,20,19000,0,19000,E21C,34.853935,-85.511854
BNSF,MT0323108,2023-03-29,8:01 AM,Derailment,0,HETTINGER,ND,6.0,1,Dawn,Clear,Yard,Cut of cars,0,27953,0,82001,M101,45.999265999999999,-102.640162
CSX,000191005,2020-06-24,9:17 AM,Hwy-rail crossing,0,EMERSON,GA,75.0,2,Day,Clear,Main,Freight Train,41,12634,15672,28306,M303,34.127130000000001,-84.756298000000001
CSX,000194519,2020-12-15,2:05 AM,Derailment,0,WAYCROSS,GA,47.0,4,Dark,Clear,Yard,Yard/switching,6,8350,4014,12364,M411,31.213194999999999,-82.353954000000002
UP,1217SL010,2017-12-13,8:19 PM,Hwy-rail crossing,0,GRANITE CITY,IL,38.0,4,Dark,Cloudy,Main,,0,0,0,29906,M308,38.701518,-90.157774000000003
BNSF,SW0121106,2021-01-24,12:57 PM,Derailment,0,WINSLOW,AZ,42.0,2,Day,Cloudy,Main,Freight Train,19,640341,453000,1313341,E53C,34.967562000000001,-110.48756
BNSF,SW0115115,2015-01-26,8:30 PM,Fire/violent rupture,0,HOLBROOK,AZ,37.0,3,Dusk,Clear,Main,,0,0,0,11484,M406,34.95391,-109.986806
IC,951727,2018-03-03,5:45 AM,Other impacts,0,KANKAKEE,IL,29.0,1,Dawn,Clear,Yard,Yard/switching,8,42650,1230,43880,H306,41.061629000000003,-87.886311000000006
CSX,000154713,2015-11-27,4:04 PM,Side collision,0,ATLANTA,GA,57.0,2,Day,Clear,Main,Freight Train,8,30000,126,143935,H221,33.761978999999997,-84.431416999999996
UP,0823LA034,2023-08-22,2:42 AM,Derailment,0,FLORENCE,AZ,74.0,4,Dark,Clear,Main,Freight Train,10,116922,26829,143751,H503,33.142256000000003,-111.509444
NS,141153,2021-04-06,6:25 PM,Derailment,0,ATLANTA,GA,78.0,3,Dusk,Clear,Yard,Yard/switching,2,153031,228450,415175,E30C,33.793526999999997,-84.444462000000001
KCS,15120703,2015-12-07,7:45 PM,Side collision,0,KANSAS CITY,MO,51.0,4,Dark,Clear,Yard,Yard/switching,3,0,0,42035,H401,39.130434000000001,-94.529201