reportingrailroadcode,accidentnumber,date,time,accidenttype,hazmatreleasedcars,station,stateabbr,temperature,visibility_code,visibility,weathercondition,tracktype,equipmenttype,trainspeed,equipmentdamagecost,trackdamagecost,totaldamagecost,primaryaccidentcausecode,latitude,longitude
KRR,KRR018922,2022-09-02,11:00 PM,Derailment,0,HOPE,AR,73.0,4,Dark,Cloudy,Main,Freight Train,9,36000,37000,73000,M101,33.664211000000002,-93.765906999999999
BNSF,SW0819109,2019-08-16,7:45 PM,Derailment,0,WILLIAMS,AZ,82.0,3,Dusk,Clear,Main,Freight Train,65,20000,0,464699,E53C,35.300536000000001,-112.221371
NS,132740,2019-02-04,8:10 PM,Derailment,0,DES MOINES,IA,17.0,4,Dark,Clear,Yard,,0,0,11819,57437,H702,40.374414999999999,-86.831992
UP,0822MA040,2022-08-31,6:40 PM,Derailment,0,HOPE,AR,88.0,3,Dusk,Clear,Yard,Freight Train,5,7621,3750,11371,E44C,33.668075000000002,-93.594283000000004
PPBD,001,2023-05-05,7:35 AM,Derailment,0,RIVIERA BEACH,FL,85.0,1,Dawn,Clear,Industry,Cut of cars,3,150000,0,150000,H018,26.767202000000001,-80.053185999999997
UP,0117LK017,2017-01-15,5:46 AM,Derailment,0,SHREVEPORT,LA,57.0,4,Dark,Cloudy,Yard,Yard/switching,8,1570,185163,186733,T220,32.513548999999998,-93.743472999999994
UP,0121LA033,2021-01-30,4:10 AM,Derailment,0,TUCSON,AZ,42.0,1,Dawn,Clear,Yard,Yard/switching,4,36178,10674,46852,H702,32.194155000000002,-110.92439
FEC,D55091617,2017-09-16,9:35 PM,Derailment,0,MIAMI-DADE,FL,86.0,4,Dark,Clear,Yard,Freight Train,5,16375,7248,23623,H504,25.826809999999998,-80.308453999999998
UP,0323MA040,2023-03-31,4:40 PM,Other (describe in narrative),0,WYNNE,AR,71.0,2,Day,Rain,Main,Cut of cars,0,774059,6180,780239,M102,35.226073999999997,-90.802413000000001
NS,152718,2023-04-04,6:59 PM,Side collision,0,JACKSONVILLE,FL,75.0,3,Dusk,Clear,Yard,Yard/switching,7,87428,2545,89973,H306,30.359788000000002,-81.722200999999998
UP,0524MA033,2024-05-24,6:25 PM,Derailment,0,STUTTGART,AR,76.0,3,Dusk,Rain,Main,Freight Train,44,3243710,306121,3549831,M105,34.556924000000002,-91.482793999999998
AZER,AZE345220D,2020-02-24,8:20 PM,Derailment,0,CLIFTON,AZ,58.0,4,Dark,Clear,Main,Freight Train,10,118449,11164,129613,M204,32.881616000000001,-109.203498
BNSF,HL0324112,2024-03-25,10:00 AM,Other (describe in narrative),0,JONESBORO,AR,65.0,2,Day,Clear,Industry,Yard/switching,5,78009,1500,79509,H302,35.810420999999998,-90.607541999999995
UP,0922MA005,2022-09-05,9:59 PM,Derailment,0,NORTH LITTLE ROCK,AR,70.0,4,Dark,Cloudy,Yard,Freight Train,5,9410,16175,25585,H507,34.773017000000003,-92.231669999999994
AZER,AZE205519D,2019-10-11,2:00 PM,Derailment,0,CLIFTON,AZ,80.0,2,Day,Clear,Main,Freight Train,10,63339,15776,79115,E4BC,33.018920000000001,-109.29657
UP,0523MA030,2023-05-15,8:19 AM,Other (describe in narrative),0,PINE BLUFF,AR,75.0,2,Day,Clear,Yard,Single Car,0,18670,0,18670,S016,34.249402000000003,-91.939684
CSX,000169927,2017-06-28,1:30 PM,Hwy-rail crossing,0,HENRYVILLE,IN,80.0,2,Day,Clear,Main,Freight Train,44,3193,0,53193,M302,38.541521000000003,-85.765378999999996
NS,141501,2021-05-10,6:30 AM,Derailment,0,ATLANTA,GA,68.0,1,Dawn,Rain,Yard,Freight Train,4,69303,134738,204041,H504,33.793526999999997,-84.444462000000001
UP,0720RM013,2020-07-17,8:52 AM,Hwy-rail crossing,0,IDAHO FALLS,ID,51.0,2,Day,Clear,Main,Freight Train,36,0,100369,100369,M308,43.424852999999999,-112.089564
NS,140977,2021-03-20,1:10 AM,Hwy-rail crossing,0,HOFFMAN,IL,50.0,4,Dark,Clear,Main,Freight Train,14,80983,246923,327906,M308,38.542296,-89.198376999999994
ATK,160293,2019-07-28,5:03 PM,Hwy-rail crossing,0,UNIVERSITY PARK,IL,86.0,2,Day,Cloudy,Main,Passenger Train - Pulling,69,1061628,0,1561628,M308,41.456325999999997,-87.724760000000003
CSX,000192371,2020-08-31,5:00 AM,Derailment,0,ROCKMART,GA,75.0,1,Dawn,Clear,Industry,Cut of cars,5,10808,0,15041,H702,34.007393,-85.091798999999995
BNSF,SW0215110,2015-02-19,7:40 PM,Derailment,0,PHOENIX,AZ,65.0,3,Dusk,Clear,Yard,Yard/switching,3,17488,4000,21488,H607,33.444017000000002,-112.09057300000001
UP,1114ST008,2014-11-16,1:30 AM,Derailment,0,TUCSON,AZ,53.0,4,Dark,Clear,Yard,Yard/switching,4,9876,2792,12668,H306,32.208627999999997,-110.945222
WC,1152202,2024-06-27,10:50 AM,Derailment,2,MATTESON,IL,74.0,2,Day,Clear,Main,Freight Train,21,1288228,757744,2045972,H503,41.494985,-87.696809999999999
NIRC,9419001741,2023-09-16,4:45 PM,Other impacts,0,LAKE FOREST,IL,70.0,2,Day,Clear,Main,Spec. MoW Equip.,24,136687,0,136687,H402,42.234119999999997,-87.879570000000001
CSX,000182383,2019-04-15,11:12 AM,Derailment,0,ATLANTA,GA,70.0,2,Day,Clear,Main,,0,0,7497,14614,H503,33.723013000000002,-84.513971999999995
BNSF,SW0417106,2017-04-16,11:23 AM,Derailment,0,HACKBERRY,AZ,73.0,2,Day,Clear,Main,Freight Train,55,13158,2100,15258,E33C,35.414706000000002,-113.78992599999999
BNSF,PR1214118,2014-12-27,11:55 AM,Derailment,0,COMMERCE CITY,CO,27.0,2,Day,Clear,Yard,Freight Train,7,60790,10000,70790,H307,39.856968999999999,-104.881581
UP,0519GL001,2019-05-01,8:30 PM,Other impacts,0,MELROSE PARK,IL,55.0,4,Dark,Rain,Yard,Yard/switching,3,43946,0,47388,H020,41.899571999999999,-87.907650000000004
UP,0417PR014,2017-04-12,12:53 AM,Fire/violent rupture,0,CHICAGO,IL,40.0,4,Dark,Clear,Main,Freight Train,20,91282,0,91282,E79L,41.887898,-87.733757999999995
NS,139182,2020-09-17,3:00 AM,Obstruction,0,FLIPPEN,GA,69.0,4,Dark,Clear,Main,Freight Train,45,12650,70,12720,M404,33.510592000000003,-84.193482000000003
BNSF,CH0723111,2023-07-20,6:00 PM,Derailment,0,GALESBURG,IL,80.0,3,Dusk,Clear,Yard,Yard/switching,4,3150,9635,12785,H312,40.921683000000002,-90.376960999999994
UP,1019ST022,2019-10-21,5:59 PM,Derailment,0,TUCSON,AZ,84.0,2,Day,Clear,Yard,Freight Train,8,16947,71234,88681,H511,32.202868000000002,-110.938868
CSX,000210561,2023-03-31,10:06 AM,Other impacts,0,ROCKDALE,IL,45.0,2,Day,Cloudy,Main,Freight Train,5,16155,0,21006,H018,41.501567999999999,-88.127421999999996
CSX,000207682,2022-10-06,1:05 PM,Derailment,0,JACKSONVILLE,FL,81.0,2,Day,Clear,Yard,Yard/switching,4,36994,1349,38343,H306,30.359359000000001,-81.716903000000002
NS,138154,2020-06-05,10:45 PM,Other impacts,0,MACON,GA,72.0,4,Dark,Clear,Yard,Cut of cars,0,2243,23619,26067,M411,32.813657999999997,-83.622784999999993
UP,1223MA026,2023-12-20,7:00 AM,Other impacts,0,PINE BLUFF,AR,59.0,2,Day,Clear,Yard,Single Car,0,11792,0,11792,H312,34.251435999999998,-91.939318999999998
NS,138567,2020-07-18,8:30 AM,Obstruction,0,BAXLEY,GA,72.0,2,Day,Clear,Main,Freight Train,49,2096,30000,32096,M404,31.794784,-82.400595999999993
NS,114695,2015-03-05,6:30 PM,Derailment,0,NEWARK,DE,20.0,3,Dusk,Snow,Yard,Freight Train,2,95267,200,95467,H306,39.666359,-75.753721999999996
NS,140735,2021-02-24,5:49 PM,Side collision,0,AUGUSTA,GA,72.0,3,Dusk,Clear,Yard,Yard/switching,2,3596,7492,99349,H607,33.446060000000003,-81.982907999999995
UP,0423MA021,2023-04-06,3:43 AM,Other impacts,0,PINE BLUFF,AR,53.0,4,Dark,Rain,Yard,Yard/switching,5,18830,0,37660,S016,34.249296999999999,-91.939811000000006
UP,0115ST007,2015-01-13,6:29 PM,Hwy-rail crossing,0,DATELAND,AZ,61.0,4,Dark,Clear,Main,Freight Train,62,12821,100,12921,M302,32.835571999999999,-113.351376
BNSF,HL0318120,2018-03-24,10:19 PM,Derailment,0,BIRMINGHAM,MO,37.0,4,Dark,Cloudy,Main,Freight Train,34,1230033,0,1306736,T219,39.154755999999999,-94.495444000000006
NS,155996,2024-03-09,10:50 AM,Side collision,0,ELKHART,IN,55.0,2,Day,Clear,Yard,Light loco(s),6,500,0,539,H306,41.677391999999998,-85.978437
SFRV,07312023,2023-07-31,11:59 AM,Derailment,0,LAKE WORTH,FL,92.0,2,Day,Clear,Main,Commuter Train - Pulling,50,50000,2770,52770,E59L,26.614940000000001,-80.069159999999997
UP,0523LA036,2023-05-14,3:30 PM,Other (describe in narrative),0,TUCSON,AZ,91.0,2,Day,Rain,Main,Freight Train,0,0,65150,65150,M105,32.195312999999999,-110.923519
NS,139744,2020-11-15,8:10 PM,Rear end collision,0,ATLANTA,GA,50.0,4,Dark,Clear,Main,Freight Train,0,109844,0,569890,H221,33.807792999999997,-84.485924999999995
NS,133216,2019-03-14,8:00 AM,Other (describe in narrative),0,ATLANTA,GA,72.0,2,Day,Cloudy,Yard,Freight Train,8,87531,47513,135044,H702,33.793886999999998,-84.445407000000003
UP,0323PR015,2023-03-23,4:45 AM,Obstruction,0,MELROSE PARK,IL,46.0,1,Dawn,Rain,Main,Yard/switching,4,11977,61742,73719,M404,41.934331,-87.914264000000003
UP,0815ST002,2015-08-02,9:49 AM,Derailment,0,TUCSON,AZ,91.0,2,Day,Clear,Yard,Yard/switching,10,28549,3323,71275,H307,32.206395999999998,-110.941687
NS,118341,2015-11-23,11:45 PM,Derailment,0,OAKDALE,GA,31.0,4,Dark,Clear,Main,Freight Train,16,5650,50000,55650,E67C,33.809524000000003,-84.487032999999997
NS,139989,2020-12-12,4:30 AM,Other impacts,0,ATLANTA,GA,56.0,1,Dawn,Clear,Yard,Single Car,0,22509,0,29521,M411,33.793886999999998,-84.445407000000003
ATK,145481,2016-12-12,5:00 PM,Other (describe in narrative),0,WILMINGTON,DE,35.0,4,Dark,Clear,Yard,Light loco(s),3,11768,0,11768,H311,39.725057999999997,-75.574083999999999
UP,0423MA042,2023-04-29,3:25 AM,Other impacts,0,PINE BLUFF,AR,60.0,4,Dark,Rain,Yard,Yard/switching,0,2338,0,16983,M105,34.245804,-91.943220999999994
BNSF,SW0720111,2020-07-25,5:19 PM,Derailment,0,HILLSIDE,AZ,83.0,3,Dusk,Clear,Main,Freight Train,29,1689714,210000,1899714,H519,34.416730999999999,-112.832483
NS,133339,2019-03-25,3:30 AM,Other impacts,0,EAST POINT,GA,55.0,4,Dark,Cloudy,Yard,Single Car,0,150,0,30260,H312,33.677827999999998,-84.439269999999993
UP,0523MA001,2023-05-01,7:47 AM,Derailment,0,VAN BUREN,AR,43.0,2,Day,Cloudy,Yard,Freight Train,4,53198,5540,58738,H525,35.429428000000001,-94.352582999999996
BRC,14664,2023-06-29,5:48 AM,Derailment,0,BEDFORD PARK,IL,74.0,1,Dawn,Cloudy,Yard,Cut of cars,20,28500,2500,31000,H317,41.768509999999999,-87.756709999999998
NS,132985,2019-02-25,10:15 AM,Derailment,0,DORAVILLE,GA,68.0,2,Day,Clear,Yard,Freight Train,5,51165,0,51165,E30C,33.923529000000002,-84.251852999999997
UP,1223LA014,2023-12-09,4:30 PM,Derailment,0,PHOENIX,AZ,65.0,2,Day,Clear,Yard,Yard/switching,4,56817,2104,58921,H702,33.444000000000003,-112.059973
UP,0722MA049,2022-07-19,12:10 PM,Derailment,0,PINE BLUFF,AR,92.0,2,Day,Clear,Yard,Single Car,4,26806,0,26806,M411,34.249563000000002,-91.939867000000007
BLF,20232041,2023-04-26,8:05 PM,Hwy-rail crossing,0,DEERFIELD BEACH,FL,78.0,3,Dusk,Clear,Main,Passenger Train - Pulling,60,11464,0,47311,M308,26.304843999999999,-80.105037999999993
UP,0223MA014,2023-02-01,7:00 AM,Other (describe in narrative),0,NORTH LITTLE ROCK,AR,28.0,2,Day,Clear,Yard,Single Car,0,15597,0,15597,M507,34.774827999999999,-92.221530999999999
UP,0522MA002,2022-05-01,6:05 PM,Other impacts,0,PINE BLUFF,AR,82.0,3,Dusk,Cloudy,Yard,Yard/switching,5,55722,0,56182,H312,34.243169999999999,-91.945294000000004
BNSF,SW0315100,2015-03-01,6:05 PM,Derailment,0,SELIGMAN,AZ,34.0,3,Dusk,Snow,Main,Freight Train,39,120000,586944,706944,M404,35.318080000000002,-112.245058
CSX,000191109,2020-06-30,7:53 AM,Hwy-rail crossing,0,BLACKSHEAR,GA,79.0,1,Dawn,Cloudy,Main,Freight Train,50,60330,97,60427,M303,31.275065999999999,-82.276201
NS,128218,2018-01-19,7:00 PM,Hwy-rail crossing,0,NORCROSS,GA,35.0,3,Dusk,Clear,Main,Freight Train,55,6372,17504,23876,M303,33.941101000000003,-84.213997000000006
KRR,KRR721224D,2024-03-01,3:00 AM,Derailment,0,ASHDOWN,AR,60.0,4,Dark,Clear,Main,Freight Train,9,37410,25000,62410,T220,33.653357999999997,-93.998644999999996
ATK,157623,2019-02-13,2:40 PM,Other (describe in narrative),0,WASHINGTON,DC,50.0,2,Day,Clear,Yard,Light loco(s),8,0,18600,18600,H605,38.914296999999998,-76.992574000000005
CSX,000193639,2020-10-29,9:25 AM,Other impacts,0,SAVANNAH,GA,82.0,2,Day,Cloudy,Yard,Cut of cars,0,0,2000,42000,H702,32.027718,-81.148849999999996
NS,141153,2021-04-06,6:25 PM,Derailment,0,ATLANTA,GA,78.0,3,Dusk,Clear,Yard,Yard/switching,0,33694,0,415175,E30C,33.793526999999997,-84.444462000000001
UP,1022MA031,2022-10-15,8:30 PM,Other (describe in narrative),0,PINE BLUFF,AR,73.0,4,Dark,Clear,Yard,Single Car,0,19825,0,19825,M507,34.239874,-91.949984999999998
UP,0223MA034,2023-02-17,7:57 AM,Other (describe in narrative),0,PINE BLUFF,AR,33.0,2,Day,Clear,Yard,Single Car,4,91984,0,91984,M411,34.244371000000001,-91.946614999999994
UP,0123MA053,2023-01-24,10:30 PM,Other impacts,0,PINE BLUFF,AR,42.0,4,Dark,Clear,Yard,Yard/switching,5,33939,150,34864,H018,34.249402000000003,-91.939449999999994
UP,1214PR001,2014-12-02,9:00 AM,Other impacts,0,NORTHLAKE,IL,42.0,2,Day,Cloudy,Yard,Single Car,6,11709,0,11709,H601,41.894762,-87.875786000000005
UP,0923MA015,2023-09-08,5:13 AM,Derailment,0,HOPE,AR,68.0,1,Dawn,Cloudy,Main,Freight Train,5,33424,348,33772,H522,33.669707000000002,-93.590095000000005
IAIS,2015003,2015-01-06,9:28 AM,Hwy-rail crossing,0,MILAN,IL,5.0,2,Day,Cloudy,Main,Freight Train,8,20000,0,20000,M302,41.457802000000001,-90.577202
CSX,000192664,2020-09-16,1:25 PM,Other impacts,0,WILMINGTON,DE,76.0,2,Day,Clear,Yard,Single Car,3,4000,0,14516,H318,39.759472000000002,-75.560376000000005
NS,120539,2016-05-17,3:52 PM,Hwy-rail crossing,0,TIFTON,GA,86.0,2,Day,Cloudy,Main,Freight Train,38,30,13234,13264,M303,31.450004,-83.510524000000004
UP,1018KC013,2018-10-10,11:13 AM,Other impacts,0,KANSAS CITY,KS,54.0,2,Day,Cloudy,Yard,Yard/switching,4,700,20634,22930,H306,39.094144999999997,-94.660981000000007
CSX,000184789,2019-08-17,11:17 AM,Other impacts,0,ATLANTA,GA,93.0,2,Day,Clear,Yard,Single Car,5,907,64,26656,E08C,33.794105000000002,-84.417334999999994
CSX,000165445,2016-12-24,6:45 AM,Derailment,0,CARLISLE,IN,46.0,1,Dawn,Fog,Industry,Freight Train,6,12446,64,12510,M599,38.946956,-87.400210999999999
CSX,000153825,2015-10-29,12:00 PM,Derailment,0,LAWRENCEVILLE,GA,71.0,2,Day,Clear,Industry,Freight Train,6,13058,400,13458,M501,33.990859999999998,-83.913641999999996
UP,0724GL029,2024-07-29,7:30 PM,Derailment,0,CEDAR RAPIDS,IA,82.0,3,Dusk,Clear,Yard,Yard/switching,6,13367,0,13367,M299,41.931623999999999,-91.718575999999999
IC,844223,2015-03-20,2:40 AM,Derailment,0,HOMEWOOD,IL,40.0,4,Dark,Cloudy,Yard,Freight Train,5,28357,4377,32734,H702,41.564655999999999,-87.666713999999999
NS,139899,2020-12-03,3:15 AM,Derailment,0,MACON,GA,32.0,4,Dark,Clear,Yard,Yard/switching,3,4700,13137,17837,H506,32.813729000000002,-83.622793000000001
BNSF,TC1217111,2017-12-27,9:09 PM,Derailment,0,MINOT,ND,0.0,4,Dark,Snow,Yard,Yard/switching,8,43945,21271,65216,E46C,48.238413999999999,-101.162486
ATK,171009,2022-05-04,12:22 PM,Derailment,0,WASHINGTON,DC,80.0,2,Day,Clear,Yard,,0,0,0,33084,H607,38.916150000000002,-76.985669999999999
NS,121078,2016-07-01,5:50 PM,Derailment,0,COMMERCE,GA,85.0,3,Dusk,Clear,Siding,Freight Train,4,33814,6852,40666,H303,34.166212999999999,-83.432119
AZER,AZE915021S,2021-10-25,1:00 PM,Other impacts,0,MIAMI,AZ,79.0,2,Day,Clear,Industry,Light loco(s),6,243000,0,243000,H302,33.413716999999998,-110.868235
UP,1222MA006,2022-12-07,2:51 AM,Other impacts,0,NORTH LITTLE ROCK,AR,65.0,4,Dark,Rain,Yard,Yard/switching,18,247,0,43794,M407,34.772739000000001,-92.229591999999997
AZER,AZE755524D,2024-04-04,9:15 AM,Derailment,0,CLIFTON,AZ,74.0,2,Day,Clear,Main,Freight Train,12,36416,37438,73854,M204,32.881745000000002,-109.205758
UP,0822MA032,2022-08-19,7:00 AM,Other (describe in narrative),0,PINE BLUFF,AR,66.0,2,Day,Clear,Yard,Single Car,0,20162,0,20162,M411,34.252178000000001,-91.937717000000006
UP,0715ST004,2015-07-11,7:00 AM,Derailment,0,TUCSON,AZ,80.0,2,Day,Clear,Yard,Yard/switching,5,18172,12900,31072,H702,32.189382999999999,-110.914338
UP,0819ST015,2019-08-13,12:40 AM,Derailment,0,TUCSON,AZ,87.0,4,Dark,Clear,Yard,Cut of cars,0,137140,0,597083,H601,32.198078000000002,-110.92986000000001
UP,0819GL013,2019-08-06,5:25 AM,Other impacts,0,CEDAR RAPIDS,IA,62.0,1,Dawn,Clear,Yard,Yard/switching,4,11966,1806,14890,H318,41.931308000000001,-91.720085999999995
CSX,000196290,2021-03-14,8:46 PM,Side collision,0,WAYCROSS,GA,67.0,4,Dark,Clear,Yard,Single Car,7,19101,0,19101,H316,31.213524,-82.353588000000002
BNSF,SW1223111,2023-12-20,7:16 AM,Derailment,0,CHAMBERS,AZ,40.0,1,Dawn,Cloudy,Main,Freight Train,53,2334379,837404,3171783,E71L,34.980409000000002,-109.811742
UP,0324MA005,2024-03-08,12:54 AM,Other impacts,0,PINE BLUFF,AR,57.0,4,Dark,Rain,Yard,Yard/switching,2,42372,0,50687,S016,34.249326000000003,-91.942013000000003
CSX,000161547,2016-07-22,10:00 PM,Other impacts,0,WILMINGTON,DE,86.0,4,Dark,Clear,Yard,Yard/switching,5,79696,0,89984,H318,39.759472000000002,-75.560376000000005
UP,0417SL018,2017-04-29,8:30 PM,Obstruction,0,JEFFERSON CITY,MO,53.0,3,Dusk,Clear,Main,,0,0,0,13154,M404,38.599030999999997,-91.936486000000002
SFRV,122020233,2023-12-20,10:25 PM,Hwy-rail crossing,0,HOLLYWOOD,FL,70.0,4,Dark,Clear,Main,Commuter Train - Pulling,63,15000,0,15000,M303,25.996230000000001,-80.167280000000005
UP,0319GL027,2019-03-10,12:45 AM,Other impacts,0,MELROSE PARK,IL,42.0,4,Dark,Cloudy,Yard,Cut of cars,0,6874,0,24920,M408,41.899650999999999,-87.907635999999997
UP,0620GL004,2020-06-07,8:00 AM,Derailment,0,DES MOINES,IA,72.0,2,Day,Clear,Yard,Freight Train,2,10601,31371,41972,H702,41.589067999999997,-93.568263000000002
UP,0922MA031,2022-09-21,7:00 AM,Other (describe in narrative),0,PINE BLUFF,AR,75.0,2,Day,Clear,Yard,Cut of cars,0,25141,0,25141,H601,34.235007000000003,-91.954964000000004
NS,122890,2016-11-26,4:45 AM,Side collision,0,OAKDALE,GA,72.0,1,Dawn,Clear,Yard,Yard/switching,3,1000,2741,11609,H607,33.793886999999998,-84.445407000000003
CFRC,23284,2023-10-11,11:47 AM,Fire/violent rupture,0,DE BARY,FL,80.0,2,Day,Clear,Main,Spec. MoW Equip.,3,0,5250,20500,M406,28.859821,-81.324054000000004
BLF,20233662,2023-11-27,1:15 AM,Derailment,0,ORLANDO,FL,65.0,4,Dark,Clear,Yard,Yard/switching,5,80000,7000,87000,H704,28.398002999999999,-81.322423000000001
CSX,000179023,2018-09-29,5:45 AM,Side collision,0,WAYCROSS,GA,85.0,1,Dawn,Clear,Yard,Freight Train,8,129717,5200,134917,H306,31.213524,-82.353588000000002
UP,1018ST027,2018-10-25,1:50 AM,Other (describe in narrative),0,PHOENIX,AZ,73.0,4,Dark,Clear,Yard,Yard/switching,2,0,25675,25675,H307,33.444000000000003,-112.059973
NS,135694,2019-10-03,1:29 AM,Other impacts,0,MACON,GA,80.0,4,Dark,Clear,Yard,Yard/switching,6,5208,7465,12673,H312,32.813657999999997,-83.622784999999993
CSX,000180336,2018-12-14,9:02 PM,Side collision,0,ATLANTA,GA,40.0,4,Dark,Rain,Yard,Yard/switching,3,136711,0,160610,H306,33.794105000000002,-84.417334999999994
UP,0217LV009,2017-02-06,12:05 PM,Hwy-rail crossing,0,PLAQUEMINE,LA,74.0,2,Day,Cloudy,Main,Freight Train,35,12170,400,12570,M303,30.313237999999998,-91.248913999999999
CSX,000211009,2023-04-26,10:30 PM,Derailment,0,WILMINGTON,DE,50.0,4,Dark,Clear,Yard,Freight Train,4,31865,0,99627,M599,39.759497000000003,-75.560412999999997
BNSF,HL1023115,2023-10-26,4:30 PM,Derailment,0,MARION,AR,83.0,2,Day,Clear,Yard,Freight Train,5,16000,0,16000,H307,35.232754,-90.205612000000002
CSX,000210666,2023-03-01,2:27 AM,Hwy-rail crossing,0,HOLLYWOOD,FL,66.0,4,Dark,Clear,Main,Freight Train,20,12000,0,12000,M308,25.996072999999999,-80.167258000000004
ALS,0323AS003,2023-03-05,4:15 PM,Other impacts,0,EAST ST LOUIS,IL,31.0,2,Day,Clear,Yard,Yard/switching,4,47500,50,147312,H307,38.395820999999998,-90.146090999999998
KCS,17061302,2017-06-13,10:30 AM,Other impacts,0,SHREVEPORT,LA,84.0,2,Day,Clear,Yard,Single Car,4,11794,0,22172,M411,32.535843,-93.835273000000001
BNSF,MT1116201,2016-11-28,11:15 AM,Hwy-rail crossing,0,STANLEY,ND,27.0,2,Day,Snow,Main,Freight Train,55,203091,120000,323091,M302,48.323329000000001,-102.37509
NIRC,9419001225,2022-12-27,9:00 PM,Obstruction,0,CHICAGO,IL,25.0,4,Dark,Clear,Main,EMU,21,4342,23086,27428,M404,41.766067999999997,-87.585939999999994
BRC,14506,2022-02-02,1:50 AM,Derailment,0,BEDFORD PARK,IL,12.0,4,Dark,Snow,Yard,Light loco(s),4,9639,500,10139,H702,41.76914,-87.75694
IC,986014,2018-12-27,5:22 PM,Obstruction,0,JACKSON,MS,59.0,3,Dusk,Rain,Main,,0,0,35,12044,M404,32.169497999999997,-90.252243000000007
TSWS,7192023,2023-07-19,11:25 PM,,0,MARION,AR,78.0,,,,Yard,,10,70000,10000,80000,H306,35.195487999999997,-90.254569000000004
UP,0121RM014,2021-01-11,1:45 PM,Derailment,0,POCATELLO,ID,30.0,2,Day,Clear,Yard,Freight Train,3,47132,46030,93162,H702,42.837871999999997,-112.420574
UP,0619ST018,2019-06-17,4:00 AM,Derailment,0,TUCSON,AZ,74.0,1,Dawn,Clear,Industry,Freight Train,2,159,72337,72496,H307,32.126137999999997,-110.849126
UP,1022MA026,2022-10-13,7:27 PM,Obstruction,0,NORTH LITTLE ROCK,AR,69.0,3,Dusk,Clear,Yard,Single Car,0,100,0,14308,M404,34.772542000000001,-92.229034999999996
UP,0523MA041,2023-05-24,5:05 PM,Other impacts,0,PINE BLUFF,AR,83.0,2,Day,Cloudy,Yard,Single Car,4,557,0,50543,E35C,34.243102,-91.947732000000002
NS,125923,2017-07-21,4:10 PM,Derailment,0,HUNTINGTON,IN,92.0,3,Dusk,Clear,Main,Freight Train,46,30934,500,31434,E68C,40.869199999999999,-85.524254999999997
BNSF,SW1216102,2016-12-10,2:30 PM,Derailment,0,WINSLOW,AZ,60.0,2,Day,Clear,Yard,Freight Train,9,15385,250,15635,H607,35.030056000000002,-110.720732
UP,0415ST028,2015-04-30,10:25 PM,Derailment,0,PHOENIX,AZ,86.0,4,Dark,Clear,Yard,Yard/switching,4,1896,19013,20909,H312,33.444235999999997,-112.047775
NS,138981,2020-08-26,8:30 PM,Other impacts,0,MACON,GA,86.0,4,Dark,Clear,Yard,Single Car,5,0,0,436894,M411,32.813657999999997,-83.622784999999993
UP,0822LA037,2022-08-27,9:15 AM,Derailment,0,PHOENIX,AZ,87.0,2,Day,Clear,Main,Yard/switching,9,53467,5180,58647,M409,33.444344999999998,-112.04291499999999
BNSF,HL0622109,2022-06-15,9:17 PM,Derailment,0,BLYTHEVILLE,AR,90.0,4,Dark,Clear,Yard,Freight Train,10,12600,2000,14600,E46C,35.921914000000001,-89.888052999999999
ALS,1122AS005,2022-11-21,10:37 PM,Derailment,0,EAST ST LOUIS,IL,45.0,4,Dark,Clear,Yard,Yard/switching,5,48800,0,48800,H523,38.593859999999999,-90.151309999999995
UP,0520GL002,2020-05-03,7:30 PM,Other impacts,0,BOONE,IA,73.0,3,Dusk,Clear,Yard,Yard/switching,5,29863,776,37646,H312,42.060074999999998,-93.853622999999999
UP,0722MA001,2022-07-01,12:46 AM,Derailment,0,PINE BLUFF,AR,76.0,4,Dark,Cloudy,Yard,Yard/switching,1,206870,77000,283870,M405,34.2438,-91.946014000000005
FEC,D21040423,2023-04-04,9:30 PM,Derailment,0,MIAMI-DADE,FL,77.0,4,Dark,Clear,Yard,Yard/switching,7,9386,29281,38667,H702,25.817895,-80.308485000000005
CSX,000179971,2018-11-20,8:45 AM,Side collision,0,JEFFERSON,GA,45.0,2,Day,Clear,Main,Cut of cars,4,11152,0,21794,E08C,34.141665000000003,-83.636639000000002
CSX,000179186,2018-10-09,3:50 AM,Hwy-rail crossing,0,WARM SPRINGS,GA,74.0,4,Dark,Cloudy,Main,Freight Train,22,4560,33595,38155,M303,32.896515999999998,-84.714889999999997
CSX,000152978,2015-10-07,2:15 AM,Derailment,0,ATLANTA,GA,65.0,4,Dark,Clear,Yard,Single Car,0,452,1273,19225,S016,33.799641000000001,-84.439903000000001
CSX,000186715,2019-11-21,6:25 PM,Hwy-rail crossing,0,WAYCROSS,GA,53.0,4,Dark,Clear,Main,Freight Train,33,16788,97,16885,M308,31.248501000000001,-82.374724999999998
UP,0223MA028,2023-02-15,7:20 PM,Other (describe in narrative),0,PINE BLUFF,AR,76.0,3,Dusk,Clear,Yard,Yard/switching,4,18991,0,18991,S016,34.247855000000001,-91.942231000000007
CSX,000177906,2018-07-30,4:10 PM,Hwy-rail crossing,0,ATLANTA,GA,89.0,3,Dusk,Cloudy,Main,Freight Train,38,851,16069,16920,M308,33.621848999999997,-84.499457000000007