reportingrailroadcode,accidentnumber,date,time,accidenttype,hazmatreleasedcars,station,stateabbr,temperature,visibility_code,visibility,weathercondition,tracktype,equipmenttype,trainspeed,equipmentdamagecost,trackdamagecost,totaldamagecost,primaryaccidentcausecode,latitude,longitude
CSX,000218310,2024-05-26,2:09 AM,Derailment,0,MARION,AR,77.0,4,Dark,Cloudy,Main,Yard/switching,4,7625,0,70806,H703,35.194488,-90.243791999999999
CRSH,146886,2024-07-10,8:35 AM,Other impacts,0,NEWARK,NJ,92.0,2,Day,Clear,Yard,Yard/switching,7,1708375,0,1794263,H307,40.714582999999998,-74.158927000000006
NS,141009,2021-03-23,12:35 AM,Other (describe in narrative),0,ATLANTA,GA,50.0,4,Dark,Clear,Yard,Yard/switching,2,100683,3500,104183,H702,33.793526999999997,-84.444462000000001
NS,133914,2019-05-12,4:20 AM,Derailment,0,MACON,GA,64.0,1,Dawn,Cloudy,Yard,Yard/switching,8,27184,1000,28184,E21C,32.813657999999997,-83.622784999999993
AZER,AZE787524D,2024-05-07,7:00 AM,Derailment,0,CLIFTON,AZ,50.0,1,Dawn,Clear,Main,Freight Train,10,64484,145711,210195,E40C,32.879801999999998,-109.201345
NS,138981,2020-08-26,8:30 PM,Other impacts,0,MACON,GA,86.0,4,Dark,Clear,Yard,Cut of cars,0,101707,335187,436894,M411,32.813657999999997,-83.622784999999993
UP,0724PR001,2024-07-01,8:35 AM,Derailment,0,MELROSE PARK,IL,65.0,2,Day,Clear,Yard,Yard/switching,5,110824,396180,619031,H306,41.895378999999998,-87.888970999999998
CSX,000189997,2020-05-01,8:10 PM,Derailment,0,WAYCROSS,GA,70.0,4,Dark,Clear,Yard,Single Car,4,26644,196,26840,M407,31.213524,-82.353588000000002
AZER,AZE899724D,2024-08-16,3:00 PM,Derailment,0,CLIFTON,AZ,98.0,2,Day,Clear,Main,Freight Train,4,0,25894,25894,M405,33.050812000000001,-109.29566199999999
UP,0722MA026,2022-07-10,11:10 PM,Other impacts,0,PINE BLUFF,AR,76.0,4,Dark,Cloudy,Yard,Yard/switching,0,40193,0,40293,H601,34.244847,-91.944626
BNSF,TC0423112,2023-04-07,7:55 PM,Derailment,0,SPIRITWOOD,ND,38.0,3,Dusk,Clear,Main,Freight Train,54,42941,3600,46541,M501,46.935034999999999,-98.468012999999999
CSX,000169664,2017-06-15,5:10 PM,Side collision,0,WAYCROSS,GA,90.0,2,Day,Clear,Yard,Single Car,4,11500,0,14108,H307,31.213524,-82.353588000000002
UP,0324MA013,2024-03-10,6:09 AM,Other impacts,0,PINE BLUFF,AR,39.0,1,Dawn,Cloudy,Yard,Light loco(s),0,17336,0,105674,H607,34.232058000000002,-91.959140000000005
NS,142462,2021-08-07,1:20 PM,Derailment,0,ATLANTA,GA,82.0,2,Day,Clear,Yard,Yard/switching,6,12163,149529,161692,H303,33.793526999999997,-84.444462000000001
BNSF,SW0819109,2019-08-16,7:45 PM,Derailment,0,WILLIAMS,AZ,82.0,3,Dusk,Clear,Main,Freight Train,20,34000,410699,464699,E53C,35.300536000000001,-112.221371
CSX,000175937,2018-04-20,5:29 PM,Side collision,0,WAYCROSS,GA,73.0,2,Day,Clear,Yard,Light loco(s),5,28171,0,39599,H307,31.213524,-82.353588000000002
NS,139975,2020-12-10,5:13 AM,Derailment,0,MACON,GA,36.0,1,Dawn,Clear,Yard,Freight Train,3,264615,26001,290616,H524,32.813657999999997,-83.622784999999993
UP,0722MA059,2022-07-28,5:05 AM,Other (describe in narrative),0,PINE BLUFF,AR,75.0,1,Dawn,Clear,Yard,Single Car,0,26809,0,26809,M411,34.248370000000001,-91.941034000000002
CSX,000155067,2015-12-10,5:45 PM,Side collision,0,ATLANTA,GA,62.0,4,Dark,Cloudy,Yard,Single Car,20,58223,0,59223,H018,33.794142000000001,-84.417659999999998
NS,130869,2018-09-08,9:27 AM,Derailment,0,SHERRILLS FORD,NC,84.0,2,Day,Clear,Industry,Freight Train,1,138788,0,138788,H508,35.602925999999997,-80.980478000000005
CRSH,146909,2024-08-27,8:00 PM,Derailment,0,KEARNY,NJ,70.0,4,Dark,Clear,Main,,0,0,12876,21176,H503,40.742758000000002,-74.119975999999994
UP,1222MA043,2022-12-29,4:00 AM,Other impacts,0,PINE BLUFF,AR,63.0,1,Dawn,Cloudy,Yard,Cut of cars,2,12471,0,12624,H018,34.246268999999998,-91.943721999999994
BNSF,KS0118117,2018-01-23,9:40 AM,Derailment,0,KANSAS CITY,KS,28.0,2,Day,Cloudy,Yard,Yard/switching,5,21067,0,21067,H316,39.084390999999997,-94.690927000000002
KCS,17071105,2017-07-11,9:30 PM,Fire/violent rupture,0,PORT ALLEN,LA,73.0,4,Dark,Cloudy,Main,,0,0,0,17681,E74L,30.506606999999999,-91.204604000000003
CSX,000180764,2018-12-22,5:45 PM,Derailment,0,ATLANTA,GA,50.0,3,Dusk,Clear,Yard,Cut of cars,4,28623,520,29143,M101,33.794105000000002,-84.417334999999994
CSX,000192761,2020-09-21,3:25 PM,Derailment,0,AUGUSTA,GA,75.0,2,Day,Clear,Yard,Freight Train,8,73188,0,73188,H526,33.456035999999997,-81.954320999999993
CSX,000184009,2019-07-08,6:38 PM,Derailment,0,OGLETHORPE,GA,90.0,2,Day,Clear,Industry,Freight Train,7,17198,1483,18681,M501,32.331521000000002,-84.111097999999998
UP,1022MA006,2022-10-04,6:15 PM,Hwy-rail crossing,0,PALESTINE,AR,75.0,3,Dusk,Clear,Main,Freight Train,55,11718,300,12018,M303,34.973588999999997,-90.902007999999995
UP,0521LA001,2021-05-01,5:53 AM,Derailment,0,ROLL,AZ,71.0,1,Dawn,Clear,Main,Freight Train,45,6576,7360,13936,H503,32.734631,-113.70205300000001
NS,137954,2020-05-14,5:15 PM,Other impacts,0,CHICAGO,IL,65.0,3,Dusk,Clear,Yard,Freight Train,0,53991,212,58582,H302,41.710121000000001,-87.575542999999996
BNSF,CH0423108,2023-04-19,5:00 AM,Other (describe in narrative),0,GALESBURG,IL,50.0,1,Dawn,Clear,Yard,Yard/switching,8,52366,0,52366,M411,40.911223,-90.383317000000005
CSX,000178139,2018-08-11,8:15 PM,Derailment,0,WAYCROSS,GA,80.0,3,Dusk,Clear,Yard,Freight Train,8,20930,2955,23885,H525,31.216640999999999,-82.371069000000006
ATK,176995,2023-10-27,1:45 PM,Raking collision,0,CHICAGO,IL,65.0,2,Day,Cloudy,Main,Yard/switching,10,11000,5431,16431,H999,41.879089999999998,-87.640119999999996
BNSF,TC0516108,2016-05-16,9:15 AM,Other (describe in narrative),0,MINNEAPOLIS,MN,65.0,2,Day,Clear,Yard,Light loco(s),4,0,23000,23000,H307,45.028868000000003,-93.268638999999993
NS,151200,2022-10-17,4:05 PM,Other impacts,0,ELKHART,IN,38.0,3,Dusk,Rain,Yard,Single Car,0,400,0,49465,M411,41.677391999999998,-85.978437
ATK,159297,2019-06-02,12:11 PM,Derailment,0,QUINCY,IL,71.0,2,Day,Clear,Industry,Passenger Train - Pushing,9,57602,0,59102,H507,39.958195000000003,-91.366252000000003
BNSF,SW0323105,2023-03-16,3:15 AM,Derailment,0,KINGMAN,AZ,50.0,4,Dark,Cloudy,Yard,Freight Train,6,47035,10000,57035,M503,35.257488000000002,-113.968446
UP,0324MA004,2024-03-07,6:45 PM,Other impacts,0,NORTH LITTLE ROCK,AR,62.0,3,Dusk,Cloudy,Yard,Freight Train,4,76254,62985,221369,H302,34.772857000000002,-92.225140999999994
UP,0321LA040,2021-03-27,3:15 AM,Other impacts,0,TUCSON,AZ,51.0,4,Dark,Cloudy,Yard,Freight Train,4,272,1100,14778,H307,32.203167999999998,-110.93867899999999
CSX,000190953,2020-06-21,10:45 PM,Derailment,0,WAYCROSS,GA,86.0,4,Dark,Clear,Yard,Yard/switching,2,14984,12701,27685,M405,31.213524,-82.353588000000002
UP,0722MA041,2022-07-19,11:00 PM,Other impacts,0,PINE BLUFF,AR,84.0,4,Dark,Cloudy,Yard,Yard/switching,0,48148,0,48248,H318,34.244186999999997,-91.945428000000007
BNSF,SW0918116,2018-09-13,3:20 PM,Obstruction,0,PETRIFIED FRST NAT P,AZ,80.0,2,Day,Clear,Main,Spec. MoW Equip.,12,20000,0,160000,H997,35.052511000000003,-109.67716799999999
FEC,D66100622,2022-10-06,10:50 AM,Side collision,0,JACKSONVILLE,FL,83.0,2,Day,Clear,Yard,Cut of cars,0,5000,1010,126010,H301,30.249400000000001,-81.60857
CSX,000187127,2019-12-13,8:00 PM,Derailment,0,ATLANTA,GA,68.0,4,Dark,Rain,Main,Cut of cars,5,17602,2177,19779,H020,33.642184,-84.522536000000002
BNSF,SW0919111,2019-09-26,11:59 AM,Other impacts,0,EL MIRAGE,AZ,65.0,2,Day,Clear,Industry,Freight Train,3,0,25000,25000,H307,33.566476000000002,-112.380456
KRR,KRR139423,2023-04-22,10:10 AM,Derailment,0,HOPE,AR,65.0,2,Day,Clear,Main,Freight Train,10,431012,150000,581012,T220,33.665922000000002,-93.696580999999995
IHB,2419,2018-05-19,5:55 AM,Other impacts,0,RIVERDALE,IL,68.0,1,Dawn,Clear,Yard,Cut of cars,2,63976,0,63976,H316,41.640006999999997,-87.653677999999999
BNSF,HL1021116,2021-10-21,10:25 AM,Derailment,0,JONESBORO,AR,75.0,2,Day,Clear,Industry,Freight Train,3,18879,0,18879,H303,35.806296000000003,-90.553320999999997
BNSF,MT0120101,2020-01-01,8:30 PM,Derailment,0,BONNERS FERRY,ID,30.0,3,Dusk,Clear,Main,Freight Train,24,2959423,590900,3550323,M404,48.705686,-116.140204
UP,0822MA005,2022-08-03,11:30 AM,Other impacts,0,PINE BLUFF,AR,87.0,2,Day,Clear,Yard,Yard/switching,4,207,0,29067,H318,34.249420999999998,-91.939700000000002
UP,0122MA024,2022-01-21,7:20 PM,Derailment,0,PINE BLUFF,AR,28.0,3,Dusk,Cloudy,Yard,Single Car,9,20773,0,30115,H318,34.244061000000002,-91.946275
CSX,000191864,2020-08-08,1:50 PM,Side collision,0,SAVANNAH,GA,95.0,2,Day,Clear,Yard,Yard/switching,5,46503,446,102936,H021,32.027718,-81.148849999999996
UP,0324LA023,2024-03-15,6:15 PM,Derailment,0,SAN SIMON,AZ,62.0,3,Dusk,Rain,Main,Freight Train,42,15191,115450,130641,E53C,32.243580000000001,-109.115195
IC,1128413,2023-03-17,8:10 PM,Side collision,0,PAXTON,IL,25.0,4,Dark,Clear,Industry,Cut of cars,0,21897,0,24341,H302,40.473852999999998,-88.091469000000004
SFRV,04272023,2023-04-27,10:04 PM,Fire/violent rupture,0,MIAMI-DADE,FL,76.0,4,Dark,Clear,Main,Commuter Train - Pulling,0,225000,0,225000,E73L,25.922280000000001,-80.217119999999994
UP,0623MA045,2023-06-18,4:45 AM,Obstruction,0,ARKADELPHIA,AR,65.0,1,Dawn,Cloudy,Main,,0,0,0,26192,M404,34.026716,-93.088569000000007
GC,GCR557820,2020-02-23,12:15 PM,Derailment,0,SAVANNAH,GA,56.0,2,Day,Cloudy,Yard,Yard/switching,5,8783350,0,8783350,H704,32.080385,-81.132723999999996
BNSF,SW1219110,2019-12-20,1:15 PM,Derailment,0,WINONA,AZ,42.0,2,Day,Clear,Industry,Freight Train,5,11831,800,12631,H703,35.204380999999998,-111.406295
UP,0319GL041,2019-03-13,4:00 AM,Derailment,0,WEST CHICAGO,IL,40.0,1,Dawn,Rain,Yard,Yard/switching,3,9738,91652,101390,T211,41.883344000000001,-88.233473000000004
TSWS,9122020001,2020-06-13,9:30 AM,Derailment,0,JOLIET,IL,60.0,2,Day,Clear,Yard,Yard/switching,10,102500,56765,159265,H702,41.440224000000001,-88.128832000000003
BNSF,SW1018110,2018-10-19,10:45 AM,Raking collision,0,SELIGMAN,AZ,50.0,2,Day,Clear,Main,Spec. MoW Equip.,1,15000,0,16000,H997,35.301749999999998,-112.780862
NJTR,202409448,2024-08-28,9:33 PM,Other (describe in narrative),0,KEARNY,NJ,70.0,4,Dark,Clear,Yard,Yard/switching,5,21699,15575,37274,H599,40.744368999999999,-74.10812
UP,1222MA006,2022-12-07,2:51 AM,Other impacts,0,NORTH LITTLE ROCK,AR,65.0,4,Dark,Rain,Yard,Single Car,4,8231,35316,43794,M407,34.772739000000001,-92.229591999999997
VREX,19345A,2019-12-11,7:25 AM,Other (describe in narrative),0,"WASHINGTON, DC",DC,32.0,1,Dawn,Clear,Main,Passenger Train - Pushing,12,0,0,22868,H221,38.900792000000003,-77.005161000000001
LRWN,LRW888621,2021-12-17,11:05 AM,Derailment,0,LITTLE ROCK,AR,65.0,2,Day,Cloudy,Siding,Freight Train,9,225553,5388,230941,T221,34.762329999999999,-92.307460000000006
UP,1017KC006,2017-10-04,11:56 PM,Other impacts,0,KANSAS CITY,MO,65.0,4,Dark,Clear,Yard,Yard/switching,5,2805,15850,18719,M411,39.122248999999996,-94.507192000000003
UP,0423MA042,2023-04-29,3:25 AM,Other impacts,0,PINE BLUFF,AR,60.0,4,Dark,Rain,Yard,Yard/switching,0,2338,0,16983,M105,34.245804,-91.943220999999994
MBTA,3035,2015-12-26,11:32 PM,Other (describe in narrative),0,WESTBORO,MA,46.0,4,Dark,Clear,Main,Passenger Train - Pushing,60,12029,0,12029,M503,42.272227999999998,-71.634741000000005
KCS,15120703,2015-12-07,7:45 PM,Side collision,0,KANSAS CITY,MO,51.0,4,Dark,Clear,Yard,Yard/switching,3,31500,10535,42035,H401,39.130434000000001,-94.529201
CSX,000218134,2024-05-19,11:05 PM,Side collision,0,LOUISVILLE,KY,75.0,4,Dark,Cloudy,Yard,Yard/switching,5,1238,0,25183,H307,38.160739999999997,-85.749135999999993
NS,154837,2023-11-20,3:15 PM,Derailment,0,MONIAC,FL,68.0,2,Day,Clear,Siding,Freight Train,16,65300,150,65450,H702,30.549005000000001,-82.352524000000003
CSX,000207699,2022-10-07,9:40 AM,Side collision,0,PENSACOLA,FL,80.0,2,Day,Clear,Yard,Freight Train,10,35150,0,131048,H702,30.437013,-87.219915999999998
UP,0922MA006,2022-09-06,3:00 AM,Derailment,0,JONESBORO,AR,80.0,4,Dark,Clear,Main,Freight Train,34,193083,755920,998596,E61C,35.840330999999999,-90.690657999999999
UP,0822MA007,2022-08-04,2:10 AM,Other impacts,0,VAN BUREN,AR,81.0,4,Dark,Clear,Yard,Cut of cars,0,0,0,777783,H306,35.430070999999998,-94.344021999999995
UP,0815ST022,2015-08-30,4:41 PM,Fire/violent rupture,0,CASA GRANDE,AZ,104.0,2,Day,Cloudy,Main,Freight Train,15,140569,0,140569,M406,32.966338,-111.901931
FEC,D33050523,2023-05-05,4:20 AM,Derailment,0,JACKSONVILLE,FL,60.0,4,Dark,Clear,Industry,Yard/switching,5,569922,2980,572902,H303,30.236203,-81.598806999999994
BNSF,SW0523104,2023-05-27,3:12 PM,Derailment,0,FLAGSTAFF,AZ,78.0,2,Day,Clear,Main,Freight Train,30,5000,432611,437611,E53C,35.192256999999998,-111.701688
NS,138106,2020-05-31,10:00 PM,Derailment,0,MACON,GA,72.0,4,Dark,Clear,Yard,Yard/switching,6,14093,2283,16376,H506,32.813657999999997,-83.622784999999993
WC,835361,2014-12-15,2:40 PM,Other impacts,0,GARY,IN,66.0,2,Day,Clear,Yard,Yard/switching,4,3818,0,32638,M599,41.619540999999998,-87.371762000000004
UP,0322MA036,2022-03-27,5:40 PM,Derailment,0,NORTH LITTLE ROCK,AR,59.0,2,Day,Cloudy,Yard,Yard/switching,8,2486,33241,35727,E35C,34.776601999999997,-92.217669999999998
CSX,000186617,2019-11-13,8:27 AM,Hwy-rail crossing,0,HORTENSE,GA,45.0,2,Day,Clear,Main,Passenger Train - Pulling,70,0,97,33359,M302,31.351272999999999,-81.951644999999999
CSX,000159696,2016-05-11,4:29 PM,Other impacts,0,JUNCTION CITY,GA,88.0,3,Dusk,Clear,Industry,Work train,4,6000,0,14493,H702,32.599054000000002,-84.454598000000004
BNSF,CH0523111,2023-05-15,9:09 AM,Other (describe in narrative),0,JOLIET,IL,70.0,2,Day,Clear,Yard,Yard/switching,5,22934,0,22934,H318,41.544052000000001,-88.080560000000006
CSX,000186835,2019-11-29,12:00 PM,Side collision,0,WAYCROSS,GA,70.0,2,Day,Clear,Yard,Light loco(s),8,72000,447,170939,H607,31.213524,-82.353588000000002
CSX,000210561,2023-03-31,10:06 AM,Other impacts,0,ROCKDALE,IL,45.0,2,Day,Cloudy,Main,Single Car,5,4851,0,21006,H018,41.501567999999999,-88.127421999999996
NS,152909,2023-04-25,2:45 AM,Other impacts,0,JACKSONVILLE,FL,64.0,4,Dark,Cloudy,Yard,Cut of cars,0,147703,0,307881,H020,30.360835999999999,-81.723365000000001
NS,144894,2022-04-05,2:00 AM,Derailment,0,CHICAGO,IL,42.0,4,Dark,Clear,Yard,Yard/switching,7,16618,3035,19653,H702,41.772762,-87.617002999999997
CSX,000183412,2019-06-05,9:20 PM,Other impacts,0,NEWNAN,GA,72.0,4,Dark,Cloudy,Industry,Cut of cars,1,37930,2548,79060,H020,33.406697000000001,-84.769940000000005
NS,134722,2019-07-15,2:52 PM,Other impacts,0,MACON,GA,94.0,2,Day,Clear,Yard,Freight Train,5,164630,18941,183571,H999,32.813657999999997,-83.622784999999993
CSX,000192664,2020-09-16,1:25 PM,Other impacts,0,WILMINGTON,DE,76.0,2,Day,Clear,Yard,Single Car,3,10516,0,14516,H318,39.759472000000002,-75.560376000000005
CSX,000159696,2016-05-11,4:29 PM,Other impacts,0,JUNCTION CITY,GA,88.0,3,Dusk,Clear,Industry,Freight Train,4,8493,0,14493,H702,32.599054000000002,-84.454598000000004
CSX,000213841,2023-10-02,9:53 PM,Other impacts,0,RIVERDALE,IL,75.0,4,Dark,Clear,Yard,Yard/switching,9,61750,949,62699,H306,41.650035000000003,-87.643692000000001
CRSH,116580,2015-07-17,4:00 AM,Derailment,0,NEWARK,NJ,75.0,1,Dawn,Clear,Industry,Yard/switching,9,17582,0,17582,H306,40.735442999999997,-74.172110000000004
SFRV,122020232,2023-12-20,10:25 PM,Hwy-rail crossing,0,HOLLYWOOD,FL,70.0,4,Dark,Clear,Main,Commuter Train - Pulling,63,43800,0,43800,M303,25.996230000000001,-80.167280000000005
ATK,175189,2023-06-18,4:45 AM,Obstruction,0,GUM SPRINGS,AR,63.0,4,Dark,Cloudy,Main,Passenger Train - Pulling,32,26192,0,26192,M404,34.027928000000003,-93.087916000000007
ATK,172192,2022-09-27,4:41 AM,Derailment,0,WASHINGTON,DC,60.0,4,Dark,Clear,Yard,Yard/switching,5,24800,8234,33034,H702,38.915239999999997,-76.997460000000004
TRRA,17017,2017-11-07,3:25 AM,Other impacts,0,ST LOUIS,MO,43.0,4,Dark,Clear,Industry,Yard/switching,3,17000,4486,21486,H702,38.664996000000002,-90.189826999999994
CSX,000175937,2018-04-20,5:29 PM,Side collision,0,WAYCROSS,GA,73.0,2,Day,Clear,Yard,Yard/switching,5,11232,196,39599,H307,31.213524,-82.353588000000002
BNSF,SW1021107,2021-10-20,12:30 PM,Derailment,0,YAMPAI,AZ,50.0,2,Day,Clear,Main,Freight Train,55,123574,394198,517772,E54C,35.499879999999997,-113.234415
AZER,AZE445717D,2017-10-02,5:15 PM,Derailment,0,GLOBE,AZ,77.0,2,Day,Clear,Main,Freight Train,10,32925,43056,75981,E40C,33.430100000000003,-110.808438
CSX,000199434,2021-08-12,6:00 AM,Derailment,0,SAVANNAH,GA,87.0,1,Dawn,Clear,Industry,Yard/switching,4,5434,2016,7450,H702,32.092039,-81.131292999999999
UP,0523MA041,2023-05-24,5:05 PM,Other impacts,0,PINE BLUFF,AR,83.0,2,Day,Cloudy,Yard,Yard/switching,4,49953,33,50543,E35C,34.243102,-91.947732000000002
CSX,000170153,2017-07-11,3:25 PM,Hwy-rail crossing,0,SEBRING,FL,91.0,2,Day,Cloudy,Main,,0,0,97,11574,M302,27.438061999999999,-81.240724
UP,0520ST015,2020-05-28,7:05 AM,Derailment,0,PHOENIX,AZ,83.0,2,Day,Clear,Main,Freight Train,4,81655,32367,114022,H702,33.444310999999999,-112.06344199999999
CSX,000157313,2016-02-23,4:43 AM,Other impacts,0,AUGUSTA,GA,60.0,4,Dark,Clear,Yard,Yard/switching,9,1365,150,37799,H310,33.458596999999997,-81.960633999999999
UP,0822MA022,2022-08-12,3:20 PM,Other impacts,0,NORTH LITTLE ROCK,AR,92.0,2,Day,Clear,Yard,Single Car,0,24034,0,24294,M407,34.77514,-92.221987999999996
CSX,000211009,2023-04-26,10:30 PM,Derailment,0,WILMINGTON,DE,50.0,4,Dark,Clear,Yard,Cut of cars,0,65746,2016,99627,M599,39.759497000000003,-75.560412999999997
UP,0415ST005,2015-04-06,12:35 PM,Hwy-rail crossing,0,DATELAND,AZ,85.0,2,Day,Clear,Main,Freight Train,64,113443,100,113543,M302,32.757849,-113.64094
MACZ,171005,2022-05-04,12:22 PM,Derailment,0,"WASHINGTON, DC",DC,80.0,2,Day,Clear,Yard,Light loco(s),2,33084,0,33084,H699,38.916150000000002,-76.985669999999999
UP,1123MA041,2023-11-27,5:55 PM,Other impacts,0,PINE BLUFF,AR,50.0,2,Day,Clear,Yard,Single Car,4,16102,1100,17202,M411,34.242254000000003,-91.946817999999993
BNSF,TC0717204,2017-07-20,11:00 AM,Hwy-rail crossing,0,MAYNARD,MN,78.0,2,Day,Clear,Main,Freight Train,42,12367,0,12367,M302,44.895350000000001,-95.493544
UP,1022MA019,2022-10-05,1:33 AM,Other (describe in narrative),0,PINE BLUFF,AR,56.0,4,Dark,Clear,Yard,Single Car,0,29083,0,29083,M507,34.249563000000002,-91.939867000000007
FEC,D18032723,2023-03-27,6:00 AM,Derailment,0,POMPANO BEACH,FL,75.0,1,Dawn,Clear,Industry,Yard/switching,2,8777,10026,18803,M501,26.240134999999999,-80.139409000000001
UP,0517PR016,2017-05-10,8:00 PM,Other impacts,0,MELROSE PARK,IL,50.0,4,Dark,Rain,Yard,Yard/switching,3,7015,0,28348,M411,41.897089999999999,-87.896682999999996
UP,1214PR015,2014-12-21,6:35 PM,Derailment,0,NORTHLAKE,IL,36.0,4,Dark,Cloudy,Yard,Yard/switching,4,11131,300,11431,S011,41.905045999999999,-87.916893000000002
UP,0923MA037,2023-09-25,10:45 AM,Other impacts,0,NORTH LITTLE ROCK,AR,80.0,2,Day,Clear,Yard,Yard/switching,4,30576,0,32231,S016,34.772278,-92.228858000000002
CSX,000180787,2019-01-15,7:15 PM,Derailment,0,WILMINGTON,DE,28.0,4,Dark,Clear,Yard,Yard/switching,9,166209,2000,168209,E46C,39.759472000000002,-75.560376000000005
ESPN,ESPN1902,2019-12-11,2:00 PM,Derailment,0,MONTCHANIN,DE,45.0,2,Day,Clear,Main,Freight Train,10,85000,50000,135000,H503,39.798889000000003,-75.587221999999997
UP,1214CB011,2014-12-17,7:30 PM,Side collision,0,CLINTON,IA,23.0,4,Dark,Clear,Yard,Yard/switching,2,1015,0,24653,H602,41.813099999999999,-90.231002000000004
CSX,000210302,2023-03-13,1:30 PM,Other impacts,0,LAKELAND,FL,80.0,2,Day,Clear,Yard,Single Car,4,2000,0,22330,H318,28.027239000000002,-82.011139999999997
UP,0222MA042,2022-02-24,9:25 AM,Obstruction,0,BRINKLEY,AR,30.0,2,Day,Cloudy,Main,Freight Train,40,17874,0,17874,M101,34.978490000000001,-91.165543
UP,0423MA021,2023-04-06,3:43 AM,Other impacts,0,PINE BLUFF,AR,53.0,4,Dark,Rain,Yard,Single Car,0,18830,0,37660,S016,34.249296999999999,-91.939811000000006
NS,154499,2023-10-14,5:10 PM,Raking collision,0,DECATUR,IL,54.0,3,Dusk,Clear,Yard,Yard/switching,3,28473,0,29033,H318,39.856675000000003,-88.902202000000003
ATK,166507,2021-02-26,8:45 AM,Other (describe in narrative),0,WASHINGTON,DC,45.0,2,Day,Clear,Yard,Light loco(s),0,13288,1000,14288,H999,38.898654000000001,-77.006668000000005
NS,135011,2019-08-07,7:00 AM,Hwy-rail crossing,0,FLOWERY BRANCH,GA,85.0,1,Dawn,Cloudy,Main,Freight Train,55,171,12000,12171,M303,34.182448999999998,-83.926858999999993
NS,113994,2015-01-23,5:41 AM,Derailment,0,COLUMBUS,GA,40.0,1,Dawn,Rain,Yard,Yard/switching,3,25441,0,25441,M404,32.465828000000002,-84.982415000000003
BNSF,SW0315200,2015-03-01,10:20 AM,Hwy-rail crossing,0,FLAGSTAFF,AZ,33.0,2,Day,Snow,Main,Freight Train,45,500,30000,30500,M302,35.194696999999998,-111.62818799999999
NS,136538,2019-12-17,3:00 AM,Hwy-rail crossing,0,MCDONOUGH,GA,63.0,4,Dark,Rain,Main,Freight Train,34,472,37010,37482,M303,33.436160999999998,-84.147480999999999
UP,0815ST002,2015-08-02,9:49 AM,Derailment,0,TUCSON,AZ,91.0,2,Day,Clear,Yard,Yard/switching,10,39403,0,71275,H307,32.206395999999998,-110.941687
UP,0418ST013,2018-04-18,5:56 AM,Obstruction,0,COCHISE,AZ,70.0,1,Dawn,Clear,Main,Freight Train,65,35062,132,35194,M404,32.085076999999998,-109.94346
BNSF,CH1023113,2023-10-29,7:16 AM,Derailment,0,PIERRON,IL,37.0,1,Dawn,Rain,Main,,0,0,37383,40363,E53C,38.778151999999999,-89.294026000000002
IC,1151290,2024-06-10,4:00 PM,Other impacts,0,DECATUR,IL,75.0,2,Day,Clear,Yard,Freight Train,3,757634,5031,968945,H702,39.848305000000003,-88.945335
BNSF,TC0419110,2019-04-18,8:15 AM,Derailment,0,MINNEAPOLIS,MN,55.0,2,Day,Clear,Yard,Yard/switching,5,65281,15000,80281,H308,45.032221999999997,-93.270993000000004
AKMD,AKM466623O,2023-07-08,10:00 PM,Derailment,0,JACKSONVILLE,AR,70.0,4,Dark,Cloudy,Yard,,0,0,2500,2500,H503,34.856228999999999,-92.119491999999994
ATK,160663,2019-08-16,3:10 PM,Hwy-rail crossing,0,TERRY,MS,95.0,2,Day,Clear,Main,Passenger Train - Pulling,77,70355,0,70355,M302,32.075727999999998,-90.311250000000001
NS,152688,2023-03-31,11:15 AM,Derailment,0,DECATUR,IL,55.0,2,Day,Clear,Yard,Cut of cars,0,2780,0,56946,T211,39.862136,-88.884787000000003
BNSF,MT0416106,2016-04-24,6:45 AM,Derailment,0,HAVRE,MT,31.0,4,Dark,Cloudy,Yard,Yard/switching,4,10042,5591,15633,E46C,48.553466,-109.66673400000001
IHB,2407,2018-03-13,4:30 AM,Side collision,0,RIVERDALE,IL,30.0,1,Dawn,Clear,Yard,Yard/switching,9,20000,0,25200,H607,41.640098999999999,-87.643794999999997
CSX,000161547,2016-07-22,10:00 PM,Other impacts,0,WILMINGTON,DE,86.0,4,Dark,Clear,Yard,Single Car,5,10288,0,89984,H318,39.759472000000002,-75.560376000000005
UP,1020MA010,2020-10-06,11:19 AM,Hwy-rail crossing,0,WOLF LAKE,IL,65.0,2,Day,Clear,Main,Freight Train,47,42148,0,42148,M302,37.475099999999998,-89.410281999999995
MNA,MNA533523R,2023-09-13,5:30 PM,Derailment,0,NEWARK,AR,80.0,2,Day,Clear,Industry,Freight Train,5,29100,55633,84733,H704,35.679336999999997,-91.382050000000007
IC,843786,2015-03-14,1:30 AM,Raking collision,0,CHEBANSE,IL,45.0,4,Dark,Fog,Siding,Cut of cars,0,48998,0,125430,H301,41.047471999999999,-87.891668999999993
BNSF,SW0524104,2024-05-17,2:20 PM,Derailment,0,PHOENIX,AZ,99.0,2,Day,Clear,Yard,Freight Train,4,12931,4929,17860,M409,33.475701999999998,-112.11188799999999
UP,0523MA024,2023-05-16,3:30 PM,Derailment,0,STUTTGART,AR,84.0,2,Day,Clear,Yard,Yard/switching,7,1172,25864,27036,H704,34.513061,-91.539190000000005