reportingrailroadcode,accidentnumber,date,time,accidenttype,hazmatreleasedcars,station,stateabbr,temperature,visibility_code,visibility,weathercondition,tracktype,equipmenttype,trainspeed,equipmentdamagecost,trackdamagecost,totaldamagecost,primaryaccidentcausecode,latitude,longitude
CSX,000171766,2017-09-20,3:45 PM,Derailment,0,WILMINGTON,DE,82.0,3,Dusk,Clear,Yard,Yard/switching,4,47352,2645,49997,H702,39.759472000000002,-75.560376000000005
NS,122943,2016-11-29,12:30 AM,Derailment,0,FRANKFORT,IN,48.0,4,Dark,Clear,Industry,Yard/switching,7,23000,0,23000,H021,40.297812999999998,-86.575128000000007
ATK,136428,2015-02-25,1:50 AM,Derailment,0,BEAR,DE,20.0,4,Dark,Clear,Yard,Yard/switching,5,16688,0,16688,M101,39.606034999999999,-75.700306999999995
NJTR,201506370,2015-05-15,2:22 PM,Other (describe in narrative),0,KEARNY,NJ,72.0,2,Day,Clear,Yard,EMU,10,11600,0,11600,H702,40.743637,-74.117508000000001
EVWR,2023APR1X,2023-04-03,7:50 AM,Hwy-rail crossing,0,MOUNT VERNON,IN,55.0,1,Dawn,Cloudy,Main,Light loco(s),26,90120,0,90120,M304,37.951379000000003,-87.832116999999997
UP,0117ES008,2017-01-14,11:27 AM,Obstruction,0,KANOPOLIS,KS,32.0,2,Day,Cloudy,Main,Spec. MoW Equip.,5,13651,0,13651,M404,38.727642000000003,-98.125568000000001
NS,140563,2021-02-10,4:15 PM,Derailment,0,ATLANTA,GA,69.0,3,Dusk,Clear,Yard,Cut of cars,0,18000,0,312087,H309,33.793519000000003,-84.444440999999998
CSX,000198856,2021-07-16,4:01 AM,Hwy-rail crossing,0,CONYERS,GA,74.0,1,Dawn,Cloudy,Main,Freight Train,47,8500,8972,17472,M304,33.673440999999997,-84.028969000000004
NS,142196,2021-07-14,5:50 PM,Hwy-rail crossing,0,POWDER SPRINGS,GA,80.0,3,Dusk,Clear,Main,Freight Train,44,4688,15000,19688,M303,33.869002999999999,-84.708794999999995
NS,151137,2022-10-12,4:55 PM,Other impacts,0,ELLSWORTH,IL,65.0,3,Dusk,Clear,Main,Spec. MoW Equip.,0,0,0,28000,H402,40.449953000000001,-88.714899000000003
CSX,000188510,2020-02-19,4:00 AM,Obstruction,0,HINESVILLE,GA,63.0,1,Dawn,Rain,Industry,Freight Train,4,27288,97,27385,M404,31.828140999999999,-81.525041999999999
NS,142450,2021-08-05,12:52 PM,Other (describe in narrative),0,ATLANTA,GA,84.0,2,Day,Clear,Yard,Cut of cars,0,0,0,1355079,E30C,33.793526999999997,-84.444462000000001
NS,142450,2021-08-05,12:52 PM,Other (describe in narrative),0,ATLANTA,GA,84.0,2,Day,Clear,Yard,Cut of cars,1,702657,652422,1355079,E30C,33.793526999999997,-84.444462000000001
CSX,000202962,2022-02-07,12:55 PM,Hwy-rail crossing,0,DOUGLAS,GA,50.0,2,Day,Cloudy,Main,Freight Train,54,912988,163613,1076601,M304,31.505299999999998,-82.839389999999995
EVWR,E2022OCT1X,2022-10-08,5:30 PM,Hwy-rail crossing,0,MCLEANSBORO,IL,57.0,2,Day,Clear,Main,Freight Train,24,800000,515000,1315000,M302,38.125219999999999,-88.409130000000005
NS,156704,2024-05-13,11:35 PM,Derailment,0,PORTER,IN,46.0,4,Dark,Rain,Main,Freight Train,45,329801,180000,509801,E67C,41.615699999999997,-87.097127999999998
NS,151137,2022-10-12,4:55 PM,Other impacts,0,ELLSWORTH,IL,65.0,3,Dusk,Clear,Main,Spec. MoW Equip.,10,28000,0,28000,H402,40.449953000000001,-88.714899000000003
UP,0624GC004,2024-06-03,12:34 PM,Other impacts,0,LOTTIE,LA,85.0,2,Day,Cloudy,Yard,Yard/switching,8,13668,0,13668,M411,30.525665,-91.555987000000002
GRS,01192015M1,2015-01-19,4:15 PM,Obstruction,0,HATFIELD,MA,30.0,4,Dark,Clear,Main,,0,0,0,16017,M507,42.411577999999999,-72.621058000000005
BNSF,GC0316108,2016-03-13,3:00 PM,Derailment,0,LAFAYETTE,LA,75.0,2,Day,Clear,Yard,Yard/switching,5,13862,0,13862,E34C,30.235261000000001,-92.049682000000004
NS,156612,2024-05-06,2:45 PM,Other impacts,0,ELKHART,IN,50.0,2,Day,Clear,Yard,Cut of cars,0,35380,34180,104940,M411,41.677391999999998,-85.978437
NS,143814,2021-12-21,4:00 PM,Derailment,0,ATLANTA,GA,40.0,3,Dusk,Rain,Yard,Yard/switching,10,6629,12853,19482,H524,33.793526999999997,-84.444462000000001
CSX,000163498,2016-10-11,4:59 AM,Derailment,0,SAVANNAH,GA,62.0,1,Dawn,Clear,Yard,Freight Train,1,84902,153975,238877,H505,32.027669000000003,-81.148943000000003
IC,1136724,2023-07-23,9:50 AM,Hwy-rail crossing,0,ST ROSE,LA,83.0,2,Day,Cloudy,Main,Light loco(s),37,20413,12942,33355,M302,29.971793000000002,-90.297477999999998
CSX,000159442,2016-05-02,1:28 AM,Side collision,0,CORDELE,GA,58.0,4,Dark,Clear,Siding,Cut of cars,0,1119,50,39051,H302,31.967454,-83.769007000000002
CFRC,17334,2017-11-30,11:54 AM,Hwy-rail crossing,0,ALTAMONTE SPGS,FL,75.0,2,Day,Clear,Main,Commuter Train - Pulling,57,80000,9500,89500,M304,28.675791,-81.349278999999996
UP,0721PR019,2021-07-28,12:00 PM,Other (describe in narrative),0,MELROSE PARK,IL,87.0,2,Day,Cloudy,Yard,Single Car,0,38380,0,38380,M411,41.897906999999996,-87.898263
NS,146475,2022-09-12,11:55 AM,Other (describe in narrative),0,ATLANTA,GA,91.0,2,Day,Clear,Yard,Freight Train,3,16000,7906,23906,H702,33.793519000000003,-84.444440999999998
ATK,147859,2017-06-12,6:05 PM,Hwy-rail crossing,0,CALLAHAN,FL,80.0,2,Day,Clear,Main,Passenger Train - Pulling,53,27993,0,28090,M302,30.5609,-81.836449999999999
FEC,X15031822,2022-03-18,5:41 PM,Hwy-rail crossing,0,HALLANDALE,FL,82.0,2,Day,Clear,Main,,0,0,18102,45466,M308,25.981839999999998,-80.148073999999994
CSX,000154347,2015-11-17,5:35 AM,Side collision,0,ATLANTA,GA,40.0,1,Dawn,Clear,Yard,Cut of cars,4,12642,0,18893,H306,33.749426,-84.376845000000003
NS,156612,2024-05-06,2:45 PM,Other impacts,0,ELKHART,IN,50.0,2,Day,Clear,Yard,Light loco(s),3,35380,0,104940,M411,41.677391999999998,-85.978437
FEC,X16033122,2022-03-31,3:20 PM,Hwy-rail crossing,0,WILTON MANOR,FL,87.0,2,Day,Clear,Main,,0,0,70000,95000,M308,26.159534000000001,-80.131084999999999
CSX,000207059,2022-09-04,6:25 PM,Other impacts,0,WAYCROSS,GA,72.0,3,Dusk,Rain,Yard,Single Car,4,59542,0,59992,M407,31.213508999999998,-82.353556999999995
CNYX,CNYX0000P1,2017-06-07,6:40 AM,Obstruction,0,PENSACOLA,FL,73.0,1,Dawn,Rain,Industry,,0,0,21413,28512,M404,30.437011999999999,-87.219927999999996
CSX,000201930,2021-12-17,5:18 PM,Derailment,0,AUGUSTA,GA,71.0,2,Day,Clear,Yard,Yard/switching,7,33321,12492,45813,T211,33.455455000000001,-81.952475000000007
NS,142846,2021-09-14,2:55 PM,Derailment,0,MACON,GA,80.0,2,Day,Clear,Yard,Yard/switching,2,21000,2657,48657,E30C,32.813729000000002,-83.622793000000001
CSX,000159442,2016-05-02,1:28 AM,Side collision,0,CORDELE,GA,58.0,4,Dark,Clear,Siding,Freight Train,5,37882,0,39051,H302,31.967454,-83.769007000000002
NS,145000,2022-04-18,3:50 AM,Other impacts,0,MACON,GA,62.0,4,Dark,Cloudy,Yard,Single Car,2,300,0,55565,H312,32.813729000000002,-83.622793000000001
FEC,X07021322,2022-02-13,4:07 PM,Hwy-rail crossing,0,LAKE WORTH,FL,74.0,2,Day,Clear,Main,,0,0,630,47602,M308,26.635937999999999,-80.058999999999997
NS,139180,2020-09-16,3:20 PM,Other impacts,0,MACON,GA,76.0,2,Day,Cloudy,Yard,Single Car,2,225,165691,166591,M411,32.813657999999997,-83.622784999999993
CSX,000209052,2023-01-02,10:10 PM,Other impacts,0,WAYCROSS,GA,61.0,4,Dark,Clear,Yard,Cut of cars,7,20100,23005,320862,M599,31.213508999999998,-82.353556999999995
NS,139507,2020-10-23,3:40 AM,Derailment,0,SAVANNAH,GA,72.0,4,Dark,Cloudy,Industry,Freight Train,3,250,49523,49773,M101,32.128767000000003,-81.151343999999995
BNSF,MT1117106,2017-11-22,5:37 AM,Derailment,0,HETTINGER,ND,40.0,1,Dawn,Clear,Yard,Freight Train,3,9267,5300,14567,H503,45.995026000000003,-102.627258
CSX,000208186,2022-11-02,1:00 AM,Derailment,0,WEST POINT,GA,58.0,4,Dark,Clear,Industry,Cut of cars,0,17864,0,32271,H008,32.919262000000003,-85.140778999999995
UP,0616NP006,2016-06-08,1:30 AM,Derailment,0,NORTH PLATTE,NE,65.0,4,Dark,Clear,Yard,Yard/switching,10,58512,33509,92021,T217,41.146483000000003,-100.82358600000001
CSX,000206425,2022-07-29,12:50 AM,Derailment,0,VIENNA,GA,80.0,4,Dark,Clear,Main,Freight Train,30,30412,60679,91091,E51C,32.047460000000001,-83.807841999999994
ALS,20180104,2018-01-04,4:00 AM,Derailment,0,EAST ST LOUIS,IL,7.0,4,Dark,Clear,Main,Light loco(s),4,300,45170,45470,S011,38.599488999999998,-90.149799999999999
UP,0123RM038,2023-01-29,10:25 PM,Other impacts,0,POCATELLO,ID,1.0,4,Dark,Clear,Yard,Yard/switching,6,392223,31729,674271,H702,42.862707,-112.447594
CSX,000201267,2021-11-11,2:34 PM,Hwy-rail crossing,0,HOMERVILLE,GA,69.0,2,Day,Clear,Main,Freight Train,36,3530,8594,12124,M304,31.050825,-82.707831999999996
UP,0516NP024,2016-05-23,12:50 PM,Other impacts,0,NORTH PLATTE,NE,76.0,2,Day,Clear,Yard,Single Car,0,11209,0,11778,S007,41.149554999999999,-100.84704000000001
NS,139180,2020-09-16,3:20 PM,Other impacts,0,MACON,GA,76.0,2,Day,Cloudy,Yard,Single Car,0,525,0,166591,M411,32.813657999999997,-83.622784999999993
NS,144890,2022-04-04,2:55 PM,Hwy-rail crossing,0,ATLANTA,GA,68.0,2,Day,Clear,Main,Freight Train,25,7913,5937,13850,M303,33.726667999999997,-84.394405000000006
GSWR,GSW037222,2022-10-04,12:50 PM,Other (describe in narrative),0,COLQUITT,GA,70.0,2,Day,Clear,Industry,Cut of cars,5,17291,0,17291,H018,31.175022999999999,-84.723073999999997
BNSF,TC0317107,2017-03-23,7:10 AM,Derailment,0,BEULAH,ND,38.0,1,Dawn,Clear,Yard,Freight Train,9,33642,122613,156255,T212,47.264988000000002,-101.755786
NS,146533,2022-09-20,11:25 AM,Derailment,0,MACON,GA,92.0,2,Day,Clear,Yard,Freight Train,9,222300,72869,295169,H518,32.813729000000002,-83.622793000000001
BNSF,NE0416200,2016-04-01,3:33 PM,Hwy-rail crossing,0,INLAND,NE,51.0,2,Day,Clear,Main,Freight Train,41,41803,548615,590418,M302,40.588349999999998,-98.278199999999998
NS,145000,2022-04-18,3:50 AM,Other impacts,0,MACON,GA,62.0,4,Dark,Cloudy,Yard,Single Car,2,200,0,55565,H312,32.813729000000002,-83.622793000000001
CSX,000201244,2021-11-09,8:00 PM,Side collision,0,WAYCROSS,GA,68.0,4,Dark,Clear,Yard,Yard/switching,4,15009,9138,64201,H307,31.213524,-82.353588000000002
UP,0619GL008,2019-06-06,4:57 AM,Derailment,0,STANWOOD,IA,66.0,1,Dawn,Clear,Main,Freight Train,47,1832923,100800,1933723,H702,41.891922000000001,-91.142144000000002
NS,143307,2021-10-29,12:45 PM,Derailment,0,EAST POINT,GA,60.0,2,Day,Cloudy,Yard,Freight Train,7,10850,1910,12760,H307,33.679040000000001,-84.439508000000004
CSX,000180778,2019-01-14,6:53 PM,Other impacts,0,ROCKY MOUNT,NC,35.0,3,Dusk,Clear,Yard,Single Car,5,13168,0,13465,H318,35.918852999999999,-77.804446999999996
PW,PWR816518O,2018-10-13,5:50 AM,Derailment,0,WORCESTER,MA,43.0,4,Dark,Clear,Yard,,0,0,20000,73349,H599,42.255370999999997,-71.805224999999993
BNSF,HL1023102,2023-10-03,5:57 AM,Derailment,0,ST LOUIS,MO,65.0,1,Dawn,Clear,Yard,Freight Train,4,31835,246007,277842,H307,38.610914999999999,-90.306133000000003
BNSF,CH0118103,2018-01-10,3:02 PM,Other impacts,0,GALESBURG,IL,40.0,2,Day,Cloudy,Yard,Yard/switching,10,13807,0,13807,H316,40.907189000000002,-90.385604000000001
CSX,000201268,2021-11-11,8:13 AM,Side collision,0,SAVANNAH,GA,62.0,2,Day,Cloudy,Yard,Yard/switching,10,17639,0,20639,H307,32.027718,-81.148849999999996
BNSF,TC1017118,2017-10-20,5:00 AM,Derailment,0,FRIDLEY,MN,60.0,1,Dawn,Clear,Yard,Yard/switching,6,1279,16000,17279,M411,45.040453999999997,-93.273082000000002
CSX,000206873,2022-08-25,4:05 AM,Other impacts,0,WAYCROSS,GA,78.0,1,Dawn,Clear,Yard,Cut of cars,2,7108,0,11985,S007,31.213508999999998,-82.353556999999995
BNSF,TC0417200,2017-04-13,12:52 AM,Hwy-rail crossing,0,ELK RIVER,MN,42.0,4,Dark,Clear,Main,Freight Train,52,30404,10200,40604,M309,45.281896000000003,-93.541336000000001
NS,145661,2022-06-26,4:45 AM,Side collision,0,MACON,GA,72.0,1,Dawn,Clear,Yard,Light loco(s),7,4307,2565,12806,H607,32.813729000000002,-83.622793000000001
NS,146311,2022-08-29,12:45 AM,Derailment,0,MIDVILLE,GA,73.0,4,Dark,Clear,Main,Freight Train,43,2174987,676315,2851302,E62C,32.817276999999997,-82.226376000000002
CSX,000201986,2021-12-20,6:30 PM,Side collision,0,WAYCROSS,GA,54.0,3,Dusk,Clear,Yard,Yard/switching,2,9500,0,537891,H399,31.213508999999998,-82.353556999999995
NS,143281,2021-10-27,2:15 AM,Other (describe in narrative),0,CHULA,GA,53.0,4,Dark,Clear,Main,Freight Train,50,130551,0,130551,E30C,31.593149,-83.581846999999996
BRC,14079,2018-03-14,11:33 PM,Side collision,0,BEDFORD PARK,IL,38.0,4,Dark,Clear,Yard,Freight Train,2,51162,2560,104907,H306,41.763095,-87.725100999999995
CSX,000206873,2022-08-25,4:05 AM,Other impacts,0,WAYCROSS,GA,78.0,1,Dawn,Clear,Yard,Cut of cars,2,4877,0,11985,S007,31.213508999999998,-82.353556999999995
NS,145200,2022-05-07,12:35 AM,Derailment,0,ATLANTA,GA,72.0,4,Dark,Clear,Yard,Freight Train,7,3210,58554,61764,H506,33.793526999999997,-84.444462000000001
NS,146443,2022-09-11,6:30 AM,Other impacts,0,ATLANTA,GA,72.0,1,Dawn,Cloudy,Yard,Single Car,0,300,0,36486,H312,33.793519000000003,-84.444440999999998
CSX,000205206,2022-05-27,2:30 AM,Side collision,0,SAVANNAH,GA,75.0,4,Dark,Clear,Yard,Yard/switching,5,400,472,111205,H307,32.02769,-81.148831999999999
CSX,000201946,2021-12-17,10:00 PM,Side collision,0,WAYCROSS,GA,67.0,4,Dark,Clear,Yard,Freight Train,8,140574,824,191398,H306,31.213508999999998,-82.353556999999995
NS,151117,2022-10-10,5:25 PM,Derailment,0,ATLANTA,GA,83.0,3,Dusk,Clear,Yard,Yard/switching,2,312578,36000,348578,H504,33.793520000000001,-84.444440999999998
BNSF,MT0217101,2017-02-09,5:02 PM,Derailment,0,VALIER,MT,30.0,3,Dusk,Clear,Main,Cut of cars,10,16600,2000,18600,M502,48.300468000000002,-112.21639999999999
WC,1076053,2021-07-07,7:30 AM,Obstruction,0,DULUTH,MN,70.0,1,Dawn,Clear,Yard,Spec. MoW Equip.,0,20140,0,20140,H210,46.659087,-92.215867000000003
NS,140045,2020-12-17,1:30 PM,Other (describe in narrative),0,MACON,GA,50.0,2,Day,Cloudy,Yard,Yard/switching,5,0,17111,17111,H702,32.813657999999997,-83.622784999999993
NS,145583,2022-06-18,12:16 PM,Other (describe in narrative),0,JESUP,GA,98.0,2,Day,Clear,Siding,Freight Train,6,28068,7426,35494,H702,31.596225,-81.864738000000003
NS,151347,2022-11-01,11:40 PM,Hwy-rail crossing,0,CONLEY,GA,56.0,4,Dark,Cloudy,Main,Freight Train,8,0,15219,15219,M303,33.666716000000001,-84.330461999999997
NS,140076,2020-12-21,6:57 PM,Other impacts,0,CEDARTOWN,GA,50.0,3,Dusk,Clear,Main,Light loco(s),21,794,0,195304,H601,34.076560999999998,-85.200716
IC,1009562,2019-08-16,3:10 PM,Hwy-rail crossing,0,TERRY,MS,95.0,2,Day,Clear,Main,,0,0,0,70355,M302,32.075727999999998,-90.311250000000001
CSX,000180778,2019-01-14,6:53 PM,Other impacts,0,ROCKY MOUNT,NC,35.0,3,Dusk,Clear,Yard,Single Car,5,200,97,13465,H318,35.918852999999999,-77.804446999999996
NS,142107,2021-07-05,8:30 PM,Other impacts,0,ATLANTA,GA,72.0,4,Dark,Clear,Yard,Single Car,4,40000,23,49545,M411,33.793526999999997,-84.444462000000001
NS,139180,2020-09-16,3:20 PM,Other impacts,0,MACON,GA,76.0,2,Day,Cloudy,Yard,Single Car,0,150,0,166591,M411,32.813657999999997,-83.622784999999993
NS,139741,2020-11-13,10:18 PM,Other impacts,0,ATLANTA,GA,51.0,4,Dark,Cloudy,Yard,Yard/switching,1,600,124513,125113,M411,33.793526999999997,-84.444462000000001
CSX,000208780,2022-12-11,12:00 PM,Other impacts,0,WAYCROSS,GA,68.0,2,Day,Clear,Yard,Cut of cars,0,1017,0,22442,E39C,31.213508999999998,-82.353556999999995
CSX,000204071,2022-04-07,1:31 AM,Other impacts,0,WAYCROSS,GA,75.0,4,Dark,Rain,Yard,Single Car,3,1200,0,87029,M101,31.213508999999998,-82.353556999999995
BNSF,TC0117101,2017-01-02,5:28 AM,Head on collision,0,MINOT,ND,7.0,4,Dark,Clear,Yard,Freight Train,2,1000,0,13469,H318,48.237254,-101.19245100000001
EIRR,210428005,2021-04-28,2:25 PM,Hwy-rail crossing,0,KIMBERLY,ID,66.0,2,Day,Clear,Main,Freight Train,24,10000,88000,98000,M302,42.539019000000003,-114.38436
IR,IR161584,2016-09-27,10:00 AM,Derailment,0,OTTAWA,IL,60.0,2,Day,Clear,Industry,Yard/switching,8,140000,10000,150000,T220,41.349080000000001,-88.870963000000003
UP,0215PR019,2015-02-20,5:45 AM,Derailment,0,NORTHLAKE,IL,10.0,4,Dark,Cloudy,Yard,Yard/switching,5,27564,1984,29548,M404,41.903089000000001,-87.917877000000004
CSX,000209281,2023-01-13,10:12 PM,Side collision,0,SAVANNAH,GA,40.0,4,Dark,Clear,Yard,Light loco(s),0,2170,0,124543,H306,32.02769,-81.148831999999999
NS,139773,2020-11-18,3:00 PM,Derailment,0,MACON,GA,65.0,2,Day,Clear,Yard,Freight Train,60,74078,41084,115162,H518,32.813729000000002,-83.622793000000001
NS,142742,2021-09-02,6:30 PM,Other impacts,0,CHAMBLEE,GA,82.0,3,Dusk,Clear,Yard,Single Car,0,20000,0,22000,H318,33.896092000000003,-84.291955000000002
NS,145000,2022-04-18,3:50 AM,Other impacts,0,MACON,GA,62.0,4,Dark,Cloudy,Yard,Single Car,2,300,0,55565,H312,32.813729000000002,-83.622793000000001
NS,145000,2022-04-18,3:50 AM,Other impacts,0,MACON,GA,62.0,4,Dark,Cloudy,Yard,Light loco(s),2,33,52750,55565,H312,32.813729000000002,-83.622793000000001
NS,146443,2022-09-11,6:30 AM,Other impacts,0,ATLANTA,GA,72.0,1,Dawn,Cloudy,Yard,Single Car,3,9900,0,36486,H312,33.793519000000003,-84.444440999999998
BNSF,TC1222108,2022-12-06,9:25 PM,Derailment,0,FINLEY,ND,-3.0,4,Dark,Clear,Industry,Freight Train,10,15000,103902,118902,H307,47.509037999999997,-97.837323999999995
BRC,13551,2015-03-28,11:30 AM,Derailment,0,BEDFORD PARK,IL,38.0,2,Day,Clear,Yard,Yard/switching,5,1711,15735,17446,H702,41.761685999999997,-87.748634999999993
CSX,000204890,2022-05-11,5:15 PM,Derailment,0,JUNCTION CITY,GA,76.0,2,Day,Clear,Industry,Freight Train,9,106260,2669,108929,E46C,32.599060000000001,-84.454599000000002
CSX,000204753,2022-05-05,12:00 AM,Derailment,0,WAYCROSS,GA,75.0,4,Dark,Clear,Yard,Yard/switching,6,12490,5096,17586,M410,31.213508999999998,-82.353556999999995
CSX,000201244,2021-11-09,8:00 PM,Side collision,0,WAYCROSS,GA,68.0,4,Dark,Clear,Yard,Yard/switching,4,40054,0,64201,H307,31.213524,-82.353588000000002
BLF,20220279,2022-02-13,4:07 PM,Hwy-rail crossing,0,LAKE WORTH,FL,74.0,2,Day,Clear,Main,Passenger Train - Pulling,79,46972,0,47602,M308,26.635937999999999,-80.058999999999997
CSX,000203924,2022-03-30,5:00 PM,Derailment,0,ATLANTA,GA,70.0,3,Dusk,Cloudy,Yard,Yard/switching,5,52785,70000,122785,H514,33.749012999999998,-84.382149999999996
KCS,20090501,2020-09-05,4:35 PM,Derailment,0,CORINTH,MS,88.0,2,Day,Clear,Main,Light loco(s),10,17182,450,17632,E46L,34.922181000000002,-88.518685000000005
NS,145000,2022-04-18,3:50 AM,Other impacts,0,MACON,GA,62.0,4,Dark,Cloudy,Yard,Single Car,2,217,0,55565,H312,32.813729000000002,-83.622793000000001
BNSF,TC0120107,2020-01-06,11:49 AM,Derailment,0,DAWSON,MN,10.0,2,Day,Clear,Main,Freight Train,9,16537,0,16537,M101,44.930041000000003,-96.053286999999997
NS,140076,2020-12-21,6:57 PM,Other impacts,0,CEDARTOWN,GA,50.0,3,Dusk,Clear,Main,Cut of cars,0,194510,0,195304,H601,34.076560999999998,-85.200716
CSX,000209400,2023-01-22,3:11 AM,Hwy-rail crossing,0,LITHONIA,GA,40.0,4,Dark,Rain,Main,Freight Train,42,30500,95,30595,M302,33.718924999999999,-84.10821
KCS,15020402,2015-02-04,8:30 AM,Other impacts,0,PEARL,IL,21.0,2,Day,Cloudy,Main,Freight Train,30,112021,35800,147821,E69L,39.457645999999997,-90.611947000000001
CSX,000211604,2023-06-01,5:45 AM,Derailment,0,WAYCROSS,GA,74.0,1,Dawn,Clear,Main,Freight Train,22,68602,535562,604164,E53C,31.214009999999998,-82.369422
ATK,157170,2019-01-13,11:06 AM,Obstruction,0,ENFIELD,NC,34.0,2,Day,Rain,Main,Passenger Train - Pulling,79,13902,0,13902,M404,36.247456,-77.631393000000003
NS,145000,2022-04-18,3:50 AM,Other impacts,0,MACON,GA,62.0,4,Dark,Cloudy,Yard,Single Car,2,300,0,55565,H312,32.813729000000002,-83.622793000000001
CSX,000201946,2021-12-17,10:00 PM,Side collision,0,WAYCROSS,GA,67.0,4,Dark,Clear,Yard,Yard/switching,6,50000,0,191398,H306,31.213508999999998,-82.353556999999995
CSX,000213413,2023-09-10,4:20 PM,Other impacts,0,WAYCROSS,GA,90.0,3,Dusk,Clear,Yard,Yard/switching,4,91260,0,92288,S016,31.213508999999998,-82.353556999999995
NS,151725,2022-12-14,9:45 AM,Derailment,0,GARDEN CITY,GA,67.0,2,Day,Rain,Industry,Freight Train,3,122008,46839,168847,E64C,32.151853000000003,-81.183594999999997
NS,129946,2018-06-24,10:45 AM,Hwy-rail crossing,0,THOMASVILLE,NC,90.0,2,Day,Clear,Main,Freight Train,55,380,12159,12539,M303,35.882837000000002,-80.081625000000003
UP,1117PR019,2017-11-30,6:10 PM,Derailment,0,MELROSE PARK,IL,40.0,4,Dark,Clear,Yard,Yard/switching,4,13595,792,14387,M409,41.898418999999997,-87.900109
NS,145000,2022-04-18,3:50 AM,Other impacts,0,MACON,GA,62.0,4,Dark,Cloudy,Yard,Single Car,2,0,0,55565,H312,32.813729000000002,-83.622793000000001
NS,142107,2021-07-05,8:30 PM,Other impacts,0,ATLANTA,GA,72.0,4,Dark,Clear,Yard,Single Car,0,9522,0,49545,M411,33.793526999999997,-84.444462000000001
IC,1067476,2021-04-14,11:16 AM,Other (describe in narrative),0,SUMMIT,MS,70.0,2,Day,Rain,Main,Freight Train,40,89342,0,89342,M199,31.325205,-90.450269000000006
NS,142152,2021-07-10,9:15 AM,Derailment,0,SAVANNAH,GA,77.0,2,Day,Clear,Yard,Yard/switching,6,2080,47512,49592,E04C,32.083672999999997,-81.136551999999995
BNSF,TC0721108,2021-07-30,4:25 AM,Other (describe in narrative),0,HUMBOLDT,MN,65.0,1,Dawn,Clear,Yard,Freight Train,10,0,16000,16000,H303,48.948480000000004,-97.138238000000001
NS,151348,2022-11-02,3:00 AM,Other (describe in narrative),0,SAVANNAH,GA,56.0,4,Dark,Cloudy,Yard,Yard/switching,5,21300,400,86599,H702,32.079082,-81.120400000000004
NS,145356,2022-05-24,3:00 AM,Other (describe in narrative),0,TENNILLE,GA,72.0,4,Dark,Clear,Yard,Freight Train,4,32000,64536,96536,H702,32.928617000000003,-82.826554000000002
UP,0219GL011,2019-02-06,9:04 AM,Derailment,0,MARSHALLTOWN,IA,21.0,2,Day,Cloudy,Yard,Yard/switching,8,5687,77556,83243,T220,42.042929999999998,-92.898791000000003
UP,0215PR016,2015-02-03,10:00 AM,Other impacts,0,NORTHLAKE,IL,10.0,2,Day,Cloudy,Yard,Single Car,10,12979,0,12979,H601,41.909292999999998,-87.915379999999999
NS,146440,2022-09-10,4:05 AM,Derailment,0,LINDALE,GA,69.0,1,Dawn,Cloudy,Main,Freight Train,0,98340,0,284928,E85C,34.190311000000001,-85.174413999999999
NS,145407,2022-05-30,3:45 AM,Other impacts,0,MACON,GA,68.0,4,Dark,Clear,Yard,Cut of cars,2,83661,0,120396,M408,32.813729000000002,-83.622793000000001
WC,1076053,2021-07-07,7:30 AM,Obstruction,0,DULUTH,MN,70.0,1,Dawn,Clear,Yard,Maint./inspect Car,4,0,0,20140,H210,46.659087,-92.215586000000002
CSX,000205564,2022-06-14,4:40 AM,Derailment,0,MCINTOSH,GA,80.0,1,Dawn,Cloudy,Main,Freight Train,45,37909,2210,40119,E33C,31.809104999999999,-81.560661999999994
BNSF,NW1121101,2021-11-01,7:30 PM,Derailment,0,RATHDRUM,ID,37.0,3,Dusk,Clear,Yard,Freight Train,10,20847,0,20847,H706,47.786543999999999,-116.93744700000001
CSX,000209430,2023-01-22,10:05 AM,Other impacts,0,SAVANNAH,GA,54.0,2,Day,Rain,Yard,Single Car,9,30415,0,65249,E30C,32.02769,-81.148831999999999
CSX,000204348,2022-04-19,6:45 AM,Side collision,0,WAYCROSS,GA,50.0,1,Dawn,Clear,Yard,Light loco(s),6,4704,0,24837,H306,31.213508999999998,-82.353556999999995
EIRR,210506003,2021-05-06,5:45 PM,Hwy-rail crossing,0,ST ANTHONY,ID,75.0,2,Day,Clear,Main,Freight Train,40,356819,200000,556819,M302,43.941394000000003,-111.697588
NS,153053,2023-05-10,10:10 AM,Derailment,0,ALBANY,GA,80.0,2,Day,Clear,Yard,,0,0,16369,16369,E66L,31.584463,-84.14967
UP,0816PR004,2016-08-02,4:00 PM,Derailment,0,WEST CHICAGO,IL,80.0,2,Day,Clear,Yard,Freight Train,5,48801,70878,119679,E64C,41.882238000000001,-88.203148999999996
NS,145407,2022-05-30,3:45 AM,Other impacts,0,MACON,GA,68.0,4,Dark,Clear,Yard,Yard/switching,5,35462,1273,120396,M408,32.813729000000002,-83.622793000000001