reportingrailroadcode,accidentnumber,date,time,accidenttype,hazmatreleasedcars,station,stateabbr,temperature,visibility_code,visibility,weathercondition,tracktype,equipmenttype,trainspeed,equipmentdamagecost,trackdamagecost,totaldamagecost,primaryaccidentcausecode,latitude,longitude
NS,140537,2021-02-08,7:00 PM,Other impacts,0,ATLANTA,GA,55.0,3,Dusk,Clear,Yard,Single Car,1,10380,0,20676,H312,33.793526999999997,-84.444462000000001
CSX,000204071,2022-04-07,1:31 AM,Other impacts,0,WAYCROSS,GA,75.0,4,Dark,Rain,Yard,Yard/switching,3,85829,0,87029,M101,31.213508999999998,-82.353556999999995
NS,151087,2022-10-08,11:58 PM,Derailment,0,ATLANTA,GA,58.0,4,Dark,Clear,Yard,Yard/switching,8,22793,60548,113647,T221,33.800776999999997,-84.455555000000004
NS,138326,2020-06-24,7:30 AM,Derailment,0,MILLEN,GA,72.0,1,Dawn,Clear,Yard,Freight Train,3,1050,46971,48021,H318,32.801048999999999,-81.946329000000006
CSX,000209281,2023-01-13,10:12 PM,Side collision,0,SAVANNAH,GA,40.0,4,Dark,Clear,Yard,Yard/switching,5,122245,128,124543,H306,32.02769,-81.148831999999999
CSX,000205020,2022-05-18,11:45 PM,Derailment,0,ATLANTA,GA,74.0,4,Dark,Clear,Yard,Yard/switching,6,136068,980,137048,H702,33.793897999999999,-84.416751000000005
CSX,000204669,2022-05-01,4:50 PM,Derailment,0,WAYCROSS,GA,85.0,2,Day,Cloudy,Yard,Freight Train,6,50833,1484,52317,H306,31.213508999999998,-82.353556999999995
NS,156580,2024-05-04,3:20 AM,Hwy-rail crossing,0,DUNCAN,IN,65.0,4,Dark,Clear,Main,Freight Train,30,20000,20000,40000,M302,38.293779000000001,-85.972353999999996
CSX,000201858,2021-12-11,9:00 AM,Other impacts,0,WAYCROSS,GA,72.0,2,Day,Cloudy,Yard,Cut of cars,4,15715,0,16215,M599,31.213508999999998,-82.353556999999995
NS,145000,2022-04-18,3:50 AM,Other impacts,0,MACON,GA,62.0,4,Dark,Cloudy,Yard,Single Car,2,965,0,55565,H312,32.813729000000002,-83.622793000000001
UP,0723MA048,2023-07-12,8:37 PM,Obstruction,0,CHAMOIS,MO,71.0,4,Dark,Cloudy,Main,,0,0,0,20697,M404,38.678161000000003,-91.651540999999995
UP,0215PR007,2015-02-07,7:10 AM,Other impacts,0,NORTHLAKE,IL,30.0,1,Dawn,Clear,Yard,Single Car,0,139,0,49763,M407,41.909292999999998,-87.915379999999999
KCS,19121701,2019-12-17,6:10 PM,Derailment,0,CORINTH,MS,36.0,4,Dark,Clear,Yard,Freight Train,2,9120,0,24036,H505,34.931005999999996,-88.502853000000002
CSX,000209430,2023-01-22,10:05 AM,Other impacts,0,SAVANNAH,GA,54.0,2,Day,Rain,Yard,Cut of cars,2,34834,0,65249,E30C,32.02769,-81.148831999999999
CSX,000201359,2021-11-16,4:00 PM,Derailment,0,ATLANTA,GA,62.0,2,Day,Clear,Main,Freight Train,5,73841,695,74536,H524,33.800756,-84.423965999999993
KCS,17091301,2017-09-13,10:30 PM,Other impacts,0,GRANDVIEW,MO,72.0,4,Dark,Clear,Yard,,0,0,0,80000,H018,38.842550000000003,-94.560828999999998
CSX,000204348,2022-04-19,6:45 AM,Side collision,0,WAYCROSS,GA,50.0,1,Dawn,Clear,Yard,Yard/switching,6,19807,326,24837,H306,31.213508999999998,-82.353556999999995
NS,142936,2021-09-25,3:00 PM,Derailment,0,ATLANTA,GA,75.0,2,Day,Cloudy,Yard,Freight Train,4,4650,7638,12288,H526,33.793526999999997,-84.444462000000001
NS,140240,2021-01-12,11:00 PM,Other (describe in narrative),0,ALBANY,GA,40.0,4,Dark,Clear,Yard,Freight Train,6,25500,94199,119699,H702,31.584461999999998,-84.14967
CSX,000207059,2022-09-04,6:25 PM,Other impacts,0,WAYCROSS,GA,72.0,3,Dusk,Rain,Yard,Yard/switching,4,450,0,59992,M407,31.213508999999998,-82.353556999999995
CSX,000209052,2023-01-02,10:10 PM,Other impacts,0,WAYCROSS,GA,61.0,4,Dark,Clear,Yard,Yard/switching,7,277757,0,320862,M599,31.213508999999998,-82.353556999999995
CSX,000201858,2021-12-11,9:00 AM,Other impacts,0,WAYCROSS,GA,72.0,2,Day,Cloudy,Yard,Yard/switching,4,500,0,16215,M599,31.213508999999998,-82.353556999999995
BLF,20220287,2022-02-16,6:19 AM,Hwy-rail crossing,0,LAKE WORTH,FL,73.0,1,Dawn,Clear,Main,Passenger Train - Pulling,79,28706,0,29157,M308,26.596150999999999,-80.054709000000003
IC,841316,2015-02-19,10:00 AM,Derailment,0,CAIRO,IL,8.0,2,Day,Clear,Yard,Freight Train,10,158127,25005,183132,E41C,37.038195000000002,-89.197652000000005
CSX,000169619,2017-06-15,12:20 AM,Derailment,0,FORT GREEN SPRINGS,FL,80.0,4,Dark,Cloudy,Industry,Freight Train,7,11123,348,11471,T212,27.575050000000001,-81.936190999999994
UP,0219GL065,2019-02-25,2:45 AM,Derailment,0,DES MOINES,IA,1.0,4,Dark,Cloudy,Yard,Light loco(s),3,18870,233,19103,M101,41.588833999999999,-93.570943
NS,145000,2022-04-18,3:50 AM,Other impacts,0,MACON,GA,62.0,4,Dark,Cloudy,Yard,Single Car,0,200,0,55565,H312,32.813729000000002,-83.622793000000001
CSX,000208186,2022-11-02,1:00 AM,Derailment,0,WEST POINT,GA,58.0,4,Dark,Clear,Industry,Freight Train,4,10999,3408,32271,H008,32.919262000000003,-85.140778999999995
NS,153677,2023-07-18,8:30 AM,Other impacts,0,METAIRIE,LA,94.0,2,Day,Clear,Main,Spec. MoW Equip.,5,0,20000,20000,H995,29.971119999999999,-90.162324999999996
NS,145364,2022-05-23,7:00 PM,Derailment,0,LULA,GA,72.0,3,Dusk,Clear,Yard,Freight Train,3,60150,8332,68482,M201,34.389144000000002,-83.663667000000004
SAN,07292022,2022-07-29,6:30 AM,Derailment,0,SANDERSVILLE,GA,77.0,1,Dawn,Clear,Yard,Yard/switching,8,26425,1250,27675,H318,32.962848999999999,-82.794011999999995
BNSF,CH0118109,2018-01-13,2:00 AM,Derailment,0,CHICAGO,IL,10.0,4,Dark,Clear,Yard,Light loco(s),5,30500,1200,31700,H306,41.819465000000001,-87.71808
BVRR,200721002,2020-07-21,9:15 AM,Derailment,0,NAMPA,ID,85.0,2,Day,Clear,Yard,,0,0,60000,90000,T211,43.589405999999997,-116.57396199999999
NS,145565,2022-06-15,6:45 PM,Hwy-rail crossing,0,ATLANTA,GA,83.0,3,Dusk,Cloudy,Yard,Yard/switching,6,310,26778,27088,M302,33.789579000000003,-84.435950000000005
BNSF,TC0117101,2017-01-02,5:28 AM,Head on collision,0,MINOT,ND,7.0,4,Dark,Clear,Yard,Yard/switching,7,12469,0,13469,H318,48.237254,-101.19245100000001
BNSF,CH0118108,2018-01-19,12:55 AM,Derailment,0,GALESBURG,IL,33.0,4,Dark,Clear,Yard,Light loco(s),4,18040,2000,20040,H607,40.917544999999997,-90.379759000000007
CSX,000200712,2021-10-17,12:03 PM,Hwy-rail crossing,0,WINDER,GA,75.0,2,Day,Clear,Main,Freight Train,44,9800,32028,41828,M304,33.992224,-83.768983000000006
UP,0322GC020,2022-03-17,6:25 PM,Other impacts,0,MARINGOUIN,LA,76.0,3,Dusk,Clear,Yard,Yard/switching,4,458,0,30085,M411,30.526242,-91.554912999999999
NS,140683,2021-02-19,7:30 PM,Derailment,0,ATLANTA,GA,42.0,3,Dusk,Clear,Yard,Freight Train,8,197443,54630,252073,H307,33.793526999999997,-84.444462000000001
UP,0219GL004,2019-02-04,8:10 PM,Derailment,0,DES MOINES,IA,16.0,4,Dark,Clear,Yard,Yard/switching,4,16810,0,57437,H702,41.587091999999998,-93.591108000000006
CSX,000205379,2022-06-03,7:27 PM,Derailment,0,ATLANTA,GA,81.0,4,Dark,Cloudy,Yard,Yard/switching,6,64731,2104,66835,H307,33.793897999999999,-84.416751000000005
NS,146443,2022-09-11,6:30 AM,Other impacts,0,ATLANTA,GA,72.0,1,Dawn,Cloudy,Yard,Single Car,4,2000,0,36486,H312,33.793519000000003,-84.444440999999998
UP,0222PN023,2022-02-24,7:25 PM,Derailment,0,GLENNS FERRY,ID,27.0,3,Dusk,Cloudy,Siding,Freight Train,2,35163,47922,83085,H307,42.949885000000002,-115.332849
UP,0215PR007,2015-02-07,7:10 AM,Other impacts,0,NORTHLAKE,IL,30.0,1,Dawn,Clear,Yard,Single Car,10,47924,1700,49763,M407,41.909292999999998,-87.915379999999999
NS,119605,2016-03-03,6:30 PM,Obstruction,0,MACON,GA,43.0,3,Dusk,Rain,Yard,Yard/switching,7,60,16500,16560,M202,32.813729000000002,-83.622793000000001
NS,139775,2020-11-18,7:00 AM,Other (describe in narrative),0,MACON,GA,60.0,1,Dawn,Clear,Yard,Yard/switching,2,2150,17329,19479,H706,32.813657999999997,-83.622784999999993
GSWR,GSW988022,2022-07-08,4:45 PM,Derailment,0,GEORGETOWN,GA,90.0,2,Day,Rain,Main,Freight Train,11,342000,642228,984228,M507,31.801037000000001,-84.997555000000006
NS,145000,2022-04-18,3:50 AM,Other impacts,0,MACON,GA,62.0,4,Dark,Cloudy,Yard,Single Car,2,300,0,55565,H312,32.813729000000002,-83.622793000000001
UP,1117SL017,2017-11-23,6:40 PM,Fire/violent rupture,0,VALMEYER,IL,32.0,4,Dark,Cloudy,Main,Freight Train,40,234513,2747,237260,E73L,38.209166000000003,-90.271033000000003
CSX,000208780,2022-12-11,12:00 PM,Other impacts,0,WAYCROSS,GA,68.0,2,Day,Clear,Yard,Yard/switching,4,21425,0,22442,E39C,31.213508999999998,-82.353556999999995
BNSF,PR0416104,2016-04-14,12:08 PM,Derailment,0,MINATARE,NE,60.0,2,Day,Clear,Siding,Freight Train,5,105340,5000,110340,H307,41.807658000000004,-103.50347499999999
CSX,000200715,2021-10-14,5:52 PM,Hwy-rail crossing,0,UNION POINT,GA,81.0,3,Dusk,Cloudy,Main,Freight Train,40,20124,0,20124,M302,33.596158000000003,-83.008211000000003
CSX,000202382,2022-01-12,11:46 PM,Derailment,0,WAYCROSS,GA,40.0,4,Dark,Cloudy,Yard,Cut of cars,7,17218,500,19918,H318,31.203671,-82.365787999999995
CSX,000205206,2022-05-27,2:30 AM,Side collision,0,SAVANNAH,GA,75.0,4,Dark,Clear,Yard,Yard/switching,5,110333,0,111205,H307,32.02769,-81.148831999999999
ATK,151952,2018-02-12,8:30 PM,Derailment,0,CHICAGO,IL,25.0,4,Dark,Snow,Yard,Light loco(s),4,46818,0,46818,H303,41.863227999999999,-87.636452000000006
NS,151499,2022-11-17,12:17 PM,Hwy-rail crossing,0,AUSTELL,GA,50.0,2,Day,Clear,Main,Freight Train,30,800,12000,12800,M303,33.812461999999996,-84.636062999999993
CSX,000158583,2016-03-30,4:05 AM,Derailment,0,WAYCROSS,GA,50.0,4,Dark,Clear,Yard,Freight Train,8,12450,19153,31603,T220,31.213524,-82.353588000000002
NS,151993,2023-01-12,6:37 PM,Other (describe in narrative),0,JENKINSBURG,GA,55.0,3,Dusk,Rain,Siding,Freight Train,5,42245,0,42245,M102,33.325727999999998,-84.000767999999994
NS,145572,2022-06-17,5:25 AM,Derailment,0,RISING FAWN,GA,87.0,1,Dawn,Clear,Main,Freight Train,42,4758,7550,12308,E33C,34.731426999999996,-85.524816999999999
NS,151216,2022-10-19,9:30 AM,Derailment,0,ATLANTA,GA,50.0,2,Day,Clear,Yard,Yard/switching,4,120133,18539,138672,H506,33.793520000000001,-84.444440999999998
NS,144163,2022-01-26,2:30 PM,Obstruction,0,JENKINSBURG,GA,45.0,2,Day,Clear,Main,Spec. MoW Equip.,15,12500,0,50000,H402,33.325974000000002,-84.011007000000006
BLF,20220461,2022-05-05,5:55 PM,Hwy-rail crossing,0,LANTANA,FL,81.0,2,Day,Clear,Main,Passenger Train - Pulling,77,43567,0,44079,M399,26.582903000000002,-80.052265000000006
ATK,169380,2022-01-02,8:29 PM,Obstruction,0,LONGWOOD,FL,75.0,4,Dark,Clear,Main,Passenger Train - Pulling,50,14088,0,14088,M402,28.699912000000001,-81.345977000000005
NS,151177,2022-10-16,3:00 PM,Other (describe in narrative),0,MILLEN,GA,80.0,2,Day,Clear,Main,Freight Train,3,189694,3167,192861,H306,32.801031999999999,-81.946449999999999
NS,152597,2023-03-21,7:40 AM,Other (describe in narrative),0,EAST POINT,GA,40.0,1,Dawn,Clear,Yard,Yard/switching,3,37500,1417,38917,H702,33.679040999999998,-84.439508000000004
BNSF,TC0118114,2018-01-24,2:20 AM,Derailment,0,FRIDLEY,MN,25.0,4,Dark,Clear,Yard,Light loco(s),5,0,20049,20049,H704,45.051046999999997,-93.272169000000005
NS,152559,2023-03-16,5:20 PM,Other (describe in narrative),0,ATLANTA,GA,68.0,3,Dusk,Clear,Yard,Yard/switching,0,1000,7967,28020,H706,33.793520000000001,-84.444440999999998
CSX,000169422,2017-06-07,6:40 AM,Obstruction,0,PENSACOLA,FL,73.0,1,Dawn,Rain,Industry,Freight Train,5,7000,99,28512,M404,30.437011999999999,-87.219926999999998
CSX,000170106,2017-07-09,8:00 PM,Derailment,0,JACKSONVILLE,FL,78.0,3,Dusk,Rain,Main,Freight Train,8,47420,116717,164137,H501,30.331320000000002,-81.700384
BNSF,TC1121109,2021-11-25,3:47 AM,Derailment,0,WILLMAR,MN,9.0,4,Dark,Clear,Yard,Freight Train,4,39886,0,39886,H018,45.123581000000001,-95.046032999999994
CSX,000205643,2022-06-19,4:15 AM,Side collision,0,ATLANTA,GA,75.0,4,Dark,Clear,Yard,Freight Train,6,11601,0,17201,H302,33.749293999999999,-84.377363000000003
BNSF,TC0818104,2018-08-18,4:06 AM,Other impacts,0,FRIDLEY,MN,68.0,1,Dawn,Clear,Yard,Yard/switching,8,28686,0,28686,M411,45.040362000000002,-93.271984000000003
NS,126019,2017-07-30,5:57 AM,Derailment,0,JACKSONVILLE,FL,77.0,1,Dawn,Rain,Main,Freight Train,10,26451,0,41884,T220,30.360828000000001,-81.723355999999995
ATK,145805,2017-01-06,7:15 PM,Hwy-rail crossing,0,KISSIMMEE,FL,78.0,4,Dark,Cloudy,Main,Passenger Train - Pulling,79,22421,0,41336,M304,28.258899,-81.486016000000006
CSX,000143808,2015-03-27,11:45 PM,Hwy-rail crossing,0,LYNDON,KY,28.0,4,Dark,Clear,Main,Freight Train,27,19219,0,19219,M302,38.261985000000003,-85.606645
NS,152559,2023-03-16,5:20 PM,Other (describe in narrative),0,ATLANTA,GA,68.0,3,Dusk,Clear,Yard,Yard/switching,10,19053,0,28020,H706,33.793520000000001,-84.444440999999998
NS,145798,2022-07-09,5:36 AM,Other impacts,0,SAVANNAH,GA,80.0,1,Dawn,Clear,Yard,Single Car,0,500,0,18520,H312,32.083672999999997,-81.136551999999995
BLF,20220431,2022-04-20,9:36 AM,Hwy-rail crossing,0,OAKLAND PARK,FL,84.0,2,Day,Clear,Main,Passenger Train - Pulling,78,17303,0,18329,M308,26.170479,-80.131404000000003
CSX,000210286,2023-03-13,5:30 AM,Hwy-rail crossing,0,LA GRANGE,GA,48.0,1,Dawn,Clear,Main,Freight Train,19,14044,45805,59849,M304,33.030152000000001,-85.033026000000007
CSX,000168463,2017-04-22,7:16 PM,Other impacts,0,WAYCROSS,GA,70.0,2,Day,Clear,Yard,Cut of cars,12,13547,0,13547,H318,31.213524,-82.353588000000002
CSX,000207918,2022-10-20,5:10 AM,Derailment,0,WAYCROSS,GA,37.0,4,Dark,Clear,Yard,Cut of cars,17,102925,78655,377237,M407,31.213508999999998,-82.353556999999995
ATK,168277,2021-09-07,2:08 PM,Hwy-rail crossing,0,LONGWOOD,FL,91.0,2,Day,Clear,Main,Passenger Train - Pulling,47,5968,0,5968,M303,28.705928,-81.342896999999994
CSX,000211068,2023-04-29,9:20 PM,Derailment,0,FITZGERALD,GA,65.0,4,Dark,Cloudy,Yard,Cut of cars,0,10352,0,61812,H702,31.723548000000001,-83.271109999999993
ATK,178187,2024-01-29,10:08 PM,Hwy-rail crossing,0,KEENESBURG,CO,40.0,4,Dark,Clear,Main,Passenger Train - Pulling,70,3000000,0,3530000,M302,40.127854999999997,-104.47073399999999
UP,1223GP028,2023-12-31,3:09 AM,Derailment,0,DENVER,CO,30.0,4,Dark,Clear,Yard,Yard/switching,5,200,15840,16040,H306,39.775244999999998,-104.96590500000001
NS,124822,2017-04-25,5:05 PM,Hwy-rail crossing,0,RENSSELAER,MO,75.0,3,Dusk,Clear,Main,Freight Train,42,2,13550,13552,M302,39.669409999999999,-91.556771999999995
CSX,000193558,2020-10-30,3:12 AM,Raking collision,0,TALBOTTON,GA,52.0,4,Dark,Cloudy,Siding,Freight Train,4,0,0,23750,M299,32.674259999999997,-84.536304999999999
CSX,000210771,2023-04-11,8:14 PM,Hwy-rail crossing,0,CONYERS,GA,65.0,4,Dark,Clear,Main,Freight Train,40,9902,63359,73261,M302,33.664396000000004,-84.015459000000007
CSX,000207918,2022-10-20,5:10 AM,Derailment,0,WAYCROSS,GA,37.0,4,Dark,Clear,Yard,Yard/switching,9,195657,0,377237,M407,31.213508999999998,-82.353556999999995
BNSF,KS0417117,2017-04-29,8:00 AM,Derailment,0,KANSAS CITY,KS,46.0,1,Dawn,Rain,Yard,Yard/switching,8,13032,0,13032,H316,39.085692999999999,-94.690691999999999
CSX,000205643,2022-06-19,4:15 AM,Side collision,0,ATLANTA,GA,75.0,4,Dark,Clear,Yard,Cut of cars,0,5600,0,17201,H302,33.749293999999999,-84.377363000000003
CSX,000176902,2018-06-10,10:45 AM,Derailment,0,SOCIAL CIRCLE,GA,85.0,2,Day,Clear,Siding,Freight Train,4,19660,588,20248,H318,33.653934,-83.711534
NS,145798,2022-07-09,5:36 AM,Other impacts,0,SAVANNAH,GA,80.0,1,Dawn,Clear,Yard,Single Car,5,500,17520,18520,H312,32.083672999999997,-81.136551999999995
UP,0322GC020,2022-03-17,6:25 PM,Other impacts,0,MARINGOUIN,LA,76.0,3,Dusk,Clear,Yard,Single Car,4,29627,0,30085,M411,30.526242,-91.554912999999999
CSX,000167439,2017-03-14,10:23 AM,Derailment,0,JACKSONVILLE,FL,58.0,2,Day,Cloudy,Yard,Yard/switching,4,48972,903,49875,H702,30.359362000000001,-81.716896000000006
NS,144153,2022-01-26,5:36 AM,Other impacts,0,ATLANTA,GA,30.0,1,Dawn,Clear,Yard,Freight Train,1,432,0,14218,H306,33.793526999999997,-84.444462000000001
NS,152579,2023-03-18,10:00 PM,Derailment,0,AUSTELL,GA,35.0,4,Dark,Clear,Yard,Freight Train,7,20000,0,20000,H307,33.814067000000001,-84.628342000000004
CSX,000173957,2018-01-10,9:00 PM,Other impacts,0,WAYCROSS,GA,65.0,4,Dark,Cloudy,Yard,Cut of cars,4,53102,0,67356,H308,31.213524,-82.353588000000002
CFRC,22002,2022-01-02,8:31 PM,Obstruction,0,LONGWOOD,FL,75.0,4,Dark,Clear,Main,,0,0,0,14088,M402,28.699912000000001,-81.345977000000005
NS,145728,2022-07-01,10:55 PM,Derailment,0,ROME,GA,75.0,4,Dark,Clear,Yard,Freight Train,2,1628,14493,16121,E08C,34.285335000000003,-85.127825999999999
NS,143784,2021-12-17,7:30 AM,Derailment,0,SYCAMORE,GA,60.0,1,Dawn,Cloudy,Main,Freight Train,20,963872,560293,1524165,E65C,31.676086999999999,-83.638642000000004
NS,140537,2021-02-08,7:00 PM,Other impacts,0,ATLANTA,GA,55.0,3,Dusk,Clear,Yard,Single Car,0,10296,0,20676,H312,33.793526999999997,-84.444462000000001
TRRA,22019OR,2022-06-03,11:59 AM,Derailment,0,EAST ST LOUIS,IL,80.0,2,Day,Clear,Main,,0,0,37424,85014,H514,38.597109000000003,-90.155074999999997
BNSF,PR0124202,2024-01-29,10:08 PM,Hwy-rail crossing,0,KEENESBURG,CO,21.0,4,Dark,Clear,Main,,0,0,530000,3530000,M302,40.127854999999997,-104.47073399999999
NS,144153,2022-01-26,5:36 AM,Other impacts,0,ATLANTA,GA,30.0,1,Dawn,Clear,Yard,Yard/switching,1,3715,10071,14218,H306,33.793526999999997,-84.444462000000001
NS,151299,2022-10-28,12:56 AM,Derailment,0,EAST JULIETTE,GA,53.0,4,Dark,Cloudy,Industry,Freight Train,3,20000,0,20000,E85C,33.081674999999997,-83.779804999999996
NS,141111,2021-04-02,6:05 PM,Other (describe in narrative),0,MACON,GA,65.0,3,Dusk,Clear,Yard,Yard/switching,4,629,13765,14394,H307,32.807144000000001,-83.623267999999996
SFRV,04252022,2022-04-25,10:21 PM,Derailment,0,HIALEAH,FL,86.0,4,Dark,Clear,Yard,,0,0,186467,194710,H704,25.860399000000001,-80.259409000000005
CSX,000207941,2022-10-22,10:41 PM,Derailment,0,WAYCROSS,GA,44.0,4,Dark,Cloudy,Yard,Yard/switching,4,120186,26427,146613,H523,31.213508999999998,-82.353556999999995
NS,142742,2021-09-02,6:30 PM,Other impacts,0,CHAMBLEE,GA,82.0,3,Dusk,Clear,Yard,Yard/switching,5,2000,0,22000,H318,33.896092000000003,-84.291955000000002
CSX,000193558,2020-10-30,3:12 AM,Raking collision,0,TALBOTTON,GA,52.0,4,Dark,Cloudy,Siding,Freight Train,0,23750,0,23750,M299,32.674259999999997,-84.536304999999999
NS,144163,2022-01-26,2:30 PM,Obstruction,0,JENKINSBURG,GA,45.0,2,Day,Clear,Main,Spec. MoW Equip.,0,12500,0,50000,H402,33.325974000000002,-84.011007000000006
BNSF,HL1017106,2017-10-05,11:40 PM,Derailment,0,ST LOUIS,MO,73.0,4,Dark,Clear,Yard,Freight Train,3,102717,386880,489597,H511,38.604788999999997,-90.311215000000004
FEC,D61101016,2016-10-10,9:07 PM,Derailment,0,MIAMI-DADE,FL,89.0,4,Dark,Clear,Yard,Yard/switching,5,3081,8340,11421,E31C,25.816585,-80.308890000000005
PW,PWR673118D,2018-05-25,2:30 PM,Derailment,0,WORCESTER,MA,75.0,2,Day,Clear,Yard,Yard/switching,4,12500,19320,31820,E46C,42.144399999999997,-71.4816
CSX,000210376,2023-03-19,5:53 PM,Derailment,0,AUGUSTA,GA,49.0,3,Dusk,Clear,Yard,Yard/switching,7,12384,1420,13804,H702,33.455477000000002,-81.952488000000002
CSX,000166951,2017-02-10,10:30 AM,Other (describe in narrative),0,BLACKSHEAR,GA,70.0,2,Day,Clear,Main,Freight Train,40,27000,0,27000,M204,31.343882000000001,-82.189880000000002
FEC,X08021622,2022-02-16,6:19 AM,Hwy-rail crossing,0,LAKE WORTH,FL,73.0,4,Dark,Clear,Main,,0,0,451,29157,M308,26.596150999999999,-80.054709000000003
GRS,20161213X1,2016-12-13,4:25 PM,Obstruction,0,NORTH ADAMS,MA,34.0,2,Day,Clear,Main,Freight Train,15,2000,15977,17977,S009,42.675446999999998,-73.091375999999997
GRS,20170119L1,2017-01-19,3:15 AM,Derailment,0,CHELMSFORD,MA,29.0,4,Dark,Cloudy,Main,Freight Train,10,20046,13886,33932,T221,42.620969000000002,-71.399508999999995
CSX,000211068,2023-04-29,9:20 PM,Derailment,0,FITZGERALD,GA,65.0,4,Dark,Cloudy,Yard,Freight Train,6,51460,0,61812,H702,31.723548000000001,-83.271109999999993
BNSF,CH0623201,2023-06-07,12:47 AM,Hwy-rail crossing,0,GALVA,IL,68.0,4,Dark,Cloudy,Main,Freight Train,18,1000,10850,11850,M302,41.163654000000001,-90.049644000000001
ALS,20220721,2022-07-21,5:19 PM,Derailment,0,EAST ST LOUIS,IL,102.0,2,Day,Clear,Yard,,0,0,39917,69700,H306,38.583058999999999,-90.135795000000002
CSX,000168280,2017-04-15,11:48 AM,Derailment,0,SAVANNAH,GA,80.0,2,Day,Clear,Main,Freight Train,17,23930,0,23930,S013,32.063549999999999,-81.134510000000006
NS,154925,2023-12-02,6:50 AM,Hwy-rail crossing,0,FOREST PARK,GA,60.0,1,Dawn,Cloudy,Main,Freight Train,14,18916,18818,37734,M303,33.622115000000001,-84.376226000000003
BNSF,PR0323110,2023-03-24,10:40 PM,Derailment,0,COMMERCE CITY,CO,35.0,4,Dark,Clear,Main,Freight Train,35,53057,21388,74445,E33C,39.804811000000001,-104.942345
FEC,X43101222,2022-10-12,5:10 PM,Hwy-rail crossing,0,WEST PALM BEACH,FL,87.0,2,Day,Cloudy,Main,Freight Train,40,180,16871,17051,M303,26.710383,-80.055291999999994
NS,145948,2022-07-24,5:00 AM,Other impacts,0,MACON,GA,85.0,1,Dawn,Clear,Yard,Single Car,2,49503,0,49803,M408,32.813729000000002,-83.622793000000001
NS,154113,2023-09-04,10:36 PM,Derailment,0,MACON,GA,78.0,4,Dark,Clear,Yard,Cut of cars,2,2500,12770,15270,M411,32.81373,-83.622793999999999
UP,0622PR001,2022-06-01,10:20 PM,Derailment,0,BEDFORD PARK,IL,60.0,4,Dark,Cloudy,Yard,Freight Train,4,41743,0,46743,H702,41.620393,-87.518416999999999
CSX,000213117,2023-08-27,1:01 AM,Other impacts,0,WAYCROSS,GA,81.0,4,Dark,Clear,Yard,Single Car,0,20000,19801,149458,H305,31.213508999999998,-82.353556999999995
CSX,000217575,2024-03-24,5:03 PM,Obstruction,0,KNOXVILLE,MD,41.0,3,Dusk,Rain,Main,,0,0,77,53077,M404,39.309373999999998,-77.579875000000001
BNSF,KS0723110,2023-07-21,12:14 AM,Derailment,0,SPRINGFIELD,CO,68.0,4,Dark,Rain,Siding,Cut of cars,0,665967,5000,670967,M102,37.358640999999999,-102.600611
NS,152978,2023-05-01,9:00 PM,Side collision,0,MACON,GA,70.0,4,Dark,Clear,Yard,Yard/switching,2,216828,18184,462998,H310,32.81373,-83.622793999999999
NS,136956,2018-01-30,3:02 PM,Hwy-rail crossing,0,MORRISVILLE,NC,40.0,2,Day,Clear,Main,,0,0,0,17150,M302,35.845824,-78.836821999999998
NS,155744,2024-02-12,9:47 PM,Derailment,0,MILLEN,GA,51.0,4,Dark,Cloudy,Yard,Cut of cars,5,125861,0,125861,H702,32.801771000000002,-81.941298000000003
MNCW,20016,2018-04-11,9:55 PM,Other impacts,0,BREWSTER,NY,46.0,4,Dark,Clear,Yard,EMU,2,51232,0,51232,H310,41.407159999999998,-73.621359999999996
NS,153929,2023-08-14,2:25 AM,Side collision,0,MACON,GA,78.0,4,Dark,Clear,Yard,Cut of cars,0,5000,0,208157,H306,32.81373,-83.622793999999999
FEC,X37090422,2022-09-04,5:20 AM,Hwy-rail crossing,0,VERO BEACH,FL,72.0,4,Dark,Clear,Main,Freight Train,51,5167,23643,28810,M304,27.565389,-80.371178
UP,1122PN010,2022-11-12,12:00 PM,Derailment,0,NAMPA,ID,34.0,2,Day,Cloudy,Yard,Freight Train,3,14130,5176,19306,E64L,43.577603000000003,-116.554901
BNSF,NE0716114,2016-07-21,10:30 AM,Derailment,0,HAMBURG,IA,100.0,2,Day,Clear,Industry,Freight Train,4,36235,0,36235,H307,40.597690999999998,-95.664122000000006
BNSF,SF0315116,2015-03-20,1:00 PM,Derailment,0,HANNIBAL,MO,48.0,2,Day,Cloudy,Yard,Freight Train,0,16827,0,25818,H309,39.920786,-91.440467999999996
UP,1216CB015,2016-12-31,4:08 AM,Obstruction,0,CHELSEA,IA,27.0,4,Dark,Cloudy,Main,Freight Train,52,90,104119,104209,M402,41.920270000000002,-92.397749000000005
NS,155957,2024-03-06,1:50 AM,Raking collision,0,MACON,GA,45.0,4,Dark,Rain,Yard,Yard/switching,9,17000,0,63000,H306,32.81373,-83.622793999999999
CSX,000218620,2024-06-11,11:12 PM,Derailment,0,ATLANTA,GA,60.0,4,Dark,Clear,Main,,0,0,9087,166951,H504,33.788373999999997,-84.418888999999993