reportingrailroadcode,accidentnumber,date,time,accidenttype,hazmatreleasedcars,station,stateabbr,temperature,visibility_code,visibility,weathercondition,tracktype,equipmenttype,trainspeed,equipmentdamagecost,trackdamagecost,totaldamagecost,primaryaccidentcausecode,latitude,longitude
UP,0316TC012,2016-03-24,11:40 PM,Other (describe in narrative),0,EAGLE GROVE,IA,34.0,4,Dark,Clear,Yard,Yard/switching,4,0,62484,62484,H702,42.676726000000002,-93.917580999999998
CSX,000213117,2023-08-27,1:01 AM,Other impacts,0,WAYCROSS,GA,81.0,4,Dark,Clear,Yard,Yard/switching,4,98657,0,149458,H305,31.213508999999998,-82.353556999999995
WC,1085786,2021-10-16,10:30 PM,Side collision,0,KEENAN,MN,34.0,4,Dark,Clear,Yard,Light loco(s),3,109808,0,129108,H017,47.392372000000002,-92.618645999999998
NS,151641,2022-12-06,10:30 PM,Other impacts,0,MACON,GA,60.0,4,Dark,Cloudy,Yard,Single Car,0,499,17011,19509,H306,32.81373,-83.622793999999999
NS,145495,2022-06-08,5:47 PM,Other impacts,0,MACON,GA,93.0,3,Dusk,Clear,Yard,Single Car,0,500,0,16412,H312,32.813729000000002,-83.622793000000001
NS,153767,2023-07-29,9:50 AM,Derailment,0,ALBANY,GA,83.0,2,Day,Cloudy,Yard,Freight Train,0,74000,5270,158451,E64L,31.584463,-84.14967
PAL,2016AUG1X,2016-08-02,8:34 AM,Hwy-rail crossing,0,LEITCHFIELD,KY,85.0,2,Day,Clear,Main,Light loco(s),30,40000,21209,61209,M302,37.485937999999997,-86.274925999999994
IC,897267,2016-08-09,10:20 AM,Derailment,0,HARVEY,IL,87.0,2,Day,Clear,Yard,Freight Train,3,15000,1860,16860,H601,41.597521,-87.646258000000003
UP,0122MA027,2022-01-23,3:13 PM,Hwy-rail crossing,0,GRANITE CITY,IL,28.0,2,Day,Clear,Main,,0,0,150,14880,M308,38.713653000000001,-90.144636000000006
CW,04032023,2023-03-08,10:45 AM,Derailment,0,PUEBLO,CO,35.0,2,Day,Clear,Yard,Yard/switching,4,22804,1497,26448,H607,38.211423000000003,-104.61131899999999
NS,140535,2021-02-08,2:45 PM,Other impacts,0,PORTSMOUTH,OH,40.0,2,Day,Clear,Yard,Single Car,3,5908,3086,12684,H312,38.736825000000003,-82.957245999999998
UP,0516CB010,2016-05-26,2:35 AM,Derailment,0,WESTSIDE,IA,70.0,4,Dark,Rain,Main,Freight Train,66,719613,402830,1122443,M105,42.087181000000001,-95.133882
BNSF,TC0116113,2016-01-27,12:10 PM,Derailment,0,SIOUX CITY,IA,35.0,2,Day,Clear,Yard,Yard/switching,5,7366,26000,33366,H607,42.52225,-96.367301999999995
NS,153693,2023-07-22,10:15 AM,Other impacts,0,MACON,GA,89.0,2,Day,Clear,Yard,Single Car,7,500,7550,58413,M411,32.81373,-83.622793999999999
CSX,000209041,2023-01-01,10:52 AM,Derailment,0,JACKSONVILLE,FL,65.0,2,Day,Fog,Yard,Yard/switching,5,14868,960,30828,H702,30.359359000000001,-81.716903000000002
KCS,22090801,2022-09-08,6:30 AM,Derailment,0,SAUGET,IL,65.0,1,Dawn,Clear,Industry,Yard/switching,3,2173,10749,12922,H210,38.604751999999998,-90.168839000000006
IC,1110443,2022-08-05,4:11 PM,Hwy-rail crossing,0,LEMONT,IL,84.0,2,Day,Clear,Main,,0,0,0,52101,M304,41.683641000000001,-87.969463000000005
NS,155683,2024-02-05,4:15 AM,Derailment,0,MACON,GA,43.0,1,Dawn,Cloudy,Yard,Single Car,0,11529,0,47537,M101,32.81373,-83.622793999999999
UP,0416CB003,2016-04-04,6:23 PM,Fire/violent rupture,0,AMES,IA,50.0,2,Day,Clear,Main,Freight Train,50,86237,0,86237,E99L,42.032344999999999,-93.644923000000006
CSX,000212883,2023-08-11,11:30 PM,Other impacts,0,ATLANTA,GA,90.0,4,Dark,Clear,Industry,Yard/switching,5,46422,0,72093,H306,33.793897999999999,-84.416751000000005
NS,153380,2023-06-17,9:00 AM,Other (describe in narrative),0,AUGUSTA,GA,92.0,2,Day,Clear,Yard,Freight Train,6,3600,10454,14054,H702,33.447895000000003,-81.981919000000005
NS,155708,2024-02-08,12:01 PM,Derailment,0,ATLANTA,GA,57.0,2,Day,Clear,Yard,Yard/switching,4,8000,10000,18000,H506,33.793520000000001,-84.444440999999998
NS,154529,2023-10-18,4:45 AM,Derailment,0,ATLANTA,GA,50.0,1,Dawn,Clear,Yard,Yard/switching,5,2105,9535,11640,H504,33.793520000000001,-84.444440999999998
NS,127351,2017-11-08,7:20 PM,Derailment,0,ATLANTA,GA,61.0,3,Dusk,Rain,Yard,Yard/switching,11,4996,32175,37171,H601,33.793886999999998,-84.445407000000003
RTDC,269263,2023-12-10,2:36 PM,Obstruction,0,DENVER,CO,36.0,2,Day,Clear,Yard,EMU,3,26000,50000,76000,H607,39.786696999999997,-104.99619
BNSF,NE0116113,2016-01-25,11:50 PM,Derailment,0,GLENWOOD,IA,26.0,4,Dark,Clear,Main,Freight Train,60,7626,6000,13626,E4TC,41.016171,-95.797117999999998
UP,1122PR001,2022-11-02,7:52 PM,Derailment,0,ROCHELLE,IL,56.0,3,Dusk,Cloudy,Yard,Freight Train,7,90408,85753,176161,E4TC,41.910818999999996,-89.095235000000002
NS,151348,2022-11-02,3:00 AM,Other (describe in narrative),0,SAVANNAH,GA,56.0,4,Dark,Cloudy,Yard,Yard/switching,5,59588,5311,86599,H702,32.079082,-81.120400000000004
BNSF,KS0723114,2023-07-31,4:16 PM,Derailment,0,SPRINGFIELD,CO,90.0,2,Day,Clear,Yard,Cut of cars,0,2210462,0,2210462,M102,37.395111,-102.57924
NS,153902,2023-08-11,10:45 PM,Other (describe in narrative),0,ROME,GA,77.0,4,Dark,Clear,Industry,Freight Train,4,708,22955,23663,H303,34.267952999999999,-85.205432999999999
FEC,D26060218,2018-06-02,10:20 PM,Derailment,0,NEW SMYRNA BEACH,FL,78.0,4,Dark,Cloudy,Yard,Light loco(s),5,23733,6733,30466,M501,29.007591999999999,-80.920080999999996
SFRV,09242022,2022-09-24,6:51 PM,Head on collision,0,MIAMI-DADE,FL,88.0,3,Dusk,Clear,Main,,0,0,75000,462912,H603,25.786863,-80.271732999999998
NS,153414,2023-06-22,10:05 AM,Other impacts,0,MACON,GA,75.0,2,Day,Cloudy,Yard,Single Car,2,0,0,17065,M408,32.81373,-83.622793999999999
NS,145575,2022-06-17,4:49 PM,Derailment,0,AUSTELL,GA,88.0,3,Dusk,Clear,Yard,Freight Train,2,109724,0,109724,E27C,33.814065999999997,-84.628342000000004
BNSF,PR0121106,2021-01-09,2:15 AM,Derailment,0,MULLEN,NE,25.0,4,Dark,Cloudy,Main,Freight Train,39,5625,49000,54625,E33C,42.038922999999997,-101.38933
UP,0523GP034,2023-05-18,11:50 PM,Other impacts,0,LIMON,CO,51.0,4,Dark,Clear,Main,Cut of cars,0,40318,0,51155,H307,39.264000000000003,-103.68924699999999
UP,0720GP023,2020-07-20,12:00 PM,Other impacts,0,NORTH PLATTE,NE,79.0,2,Day,Clear,Yard,Single Car,0,52385,0,53201,M411,41.146788000000001,-100.833913
NS,143853,2021-12-27,3:28 AM,Other impacts,0,ATLANTA,GA,62.0,4,Dark,Clear,Yard,Cut of cars,0,17300,0,22600,M411,33.793526999999997,-84.444462000000001
UP,0315CB001,2015-03-11,2:45 AM,Derailment,0,MARSHALLTOWN,IA,40.0,4,Dark,Cloudy,Yard,Yard/switching,5,7249,3704,10953,E67C,42.043084999999998,-92.900417000000004
BNSF,PR1223107,2023-12-10,8:53 PM,Derailment,0,DENVER,CO,38.0,3,Dusk,Clear,Yard,Light loco(s),5,250,17493,17743,H307,39.764462000000002,-104.992767
KCS,21081902,2021-08-19,11:00 AM,Obstruction,0,VERONA,MS,82.0,2,Day,Clear,Main,Spec. MoW Equip.,10,37703,0,37703,H218,34.152884,-88.712289999999996
BNSF,CH0423102,2023-04-06,5:46 AM,Other (describe in narrative),0,HARDIN,MO,34.0,1,Dawn,Clear,Industry,Freight Train,6,20081,1500,21581,H607,39.270321000000003,-93.828721999999999
UP,1218GP032,2018-12-15,10:20 PM,Derailment,0,COUNCIL BLUFFS,IA,39.0,4,Dark,Cloudy,Yard,Freight Train,7,29368,27846,57214,T220,41.266280999999999,-95.860506999999998
BNSF,CH0123103,2023-01-03,9:28 AM,Derailment,0,GALESBURG,IL,60.0,2,Day,Rain,Yard,Freight Train,10,21444,2700,24144,M411,40.909551999999998,-90.383865
NS,151337,2022-11-01,12:00 AM,Derailment,0,TOCCOA,GA,69.0,4,Dark,Clear,Yard,Freight Train,5,0,9886,9886,H702,34.578339999999997,-83.326113000000007
UP,1123GC018,2023-11-15,8:20 AM,Other impacts,0,MARINGOUIN,LA,57.0,,,Cloudy,Yard,Yard/switching,5,2872,1188,59596,H301,30.522189000000001,-91.551609999999997
NS,154781,2023-11-15,5:00 AM,Other (describe in narrative),0,ATLANTA,GA,45.0,1,Dawn,Clear,Yard,Light loco(s),3,0,14069,14069,H702,33.793520000000001,-84.444440999999998
CSX,000218772,2024-06-20,12:45 AM,Other impacts,0,AUGUSTA,GA,78.0,4,Dark,Clear,Yard,Cut of cars,7,55400,0,66008,H302,33.456035999999997,-81.954320999999993
UP,0516CB011,2016-05-28,6:00 PM,Derailment,0,COUNCIL BLUFFS,IA,79.0,2,Day,Clear,Yard,Yard/switching,6,3424,8420,11844,M507,41.250064999999999,-95.892911999999995
NS,155587,2024-01-27,11:45 AM,Derailment,0,ATLANTA,GA,63.0,2,Day,Rain,Yard,Yard/switching,1,41881,29482,71363,H504,33.793520000000001,-84.444440999999998
BNSF,TC0618105,2018-06-22,4:35 AM,Derailment,10,DOON,IA,59.0,1,Dawn,Cloudy,Main,Freight Train,47,1840369,600000,2440369,M103,43.258377000000003,-96.234582000000003
NS,155683,2024-02-05,4:15 AM,Derailment,0,MACON,GA,43.0,1,Dawn,Cloudy,Yard,Single Car,0,500,0,47537,M101,32.81373,-83.622793999999999
UP,1217TC001,2017-12-01,6:28 AM,Derailment,0,DES MOINES,IA,30.0,4,Dark,Cloudy,Yard,Cut of cars,0,6681,0,14464,H312,41.589212000000003,-93.561987999999999
LI,82204,2024-04-02,12:15 PM,Derailment,0,JAMAICA,NY,47.0,2,Day,Rain,Yard,Yard/switching,5,117567,0,117567,H703,40.696983000000003,-73.821781000000001
NS,152152,2023-01-31,7:00 AM,Hwy-rail crossing,0,N/A,GA,67.0,1,Dawn,Fog,Main,Freight Train,45,290,15910,16200,M303,31.548693,-83.544593000000006
BNSF,CH0223114,2023-02-12,7:07 AM,Derailment,0,SMITHBORO,IL,50.0,1,Dawn,Clear,Main,Freight Train,45,5418,582545,587963,E61C,38.775396999999998,-89.292957000000001
CSX,000217097,2024-03-29,1:30 AM,Side collision,0,WAYCROSS,GA,54.0,4,Dark,Clear,Yard,Yard/switching,3,53404,0,53704,H602,31.213508999999998,-82.353556999999995
NS,124677,2017-04-12,4:03 AM,Other impacts,0,GRACEWOOD,GA,75.0,1,Dawn,Clear,Yard,Yard/switching,6,12772,200,18651,H702,33.337867000000003,-81.956085999999999
CSX,000172018,2017-10-05,2:48 AM,Derailment,0,ATLANTA,GA,60.0,4,Dark,Clear,Main,Freight Train,15,183916,65674,249590,M405,33.764176999999997,-84.431070000000005
DMVW,DE0528NAP,2017-05-28,12:30 AM,Derailment,0,NAPOLEON,ND,50.0,4,Dark,Clear,Yard,Freight Train,10,19775,6557,26332,H503,46.499294999999996,-99.764520000000005
NS,124545,2017-03-31,5:45 AM,Other impacts,0,CHICAGO,IL,35.0,1,Dawn,Rain,Industry,Freight Train,4,11000,0,11000,H306,41.820805,-87.673669000000004
KCS,20010901,2020-01-09,2:03 PM,Derailment,0,WESTLAKE,LA,70.0,2,Day,Cloudy,Yard,Freight Train,4,17398,28751,46149,H306,30.252217999999999,-93.303867999999994
UP,1122PR005,2022-11-10,4:23 PM,Derailment,0,ROCHELLE,IL,62.0,2,Day,Clear,Yard,Yard/switching,6,810,52201,53011,H706,41.902101999999999,-89.120686000000006
CSX,000215297,2024-01-02,1:50 AM,Derailment,0,WAYCROSS,GA,38.0,4,Dark,Clear,Yard,Yard/switching,6,26448,71042,97490,M411,31.213508999999998,-82.353556999999995
BNSF,SW0622103,2022-06-03,12:35 PM,Derailment,0,MESQUITE,NM,101.0,2,Day,Clear,Yard,Freight Train,7,2000,14646,16646,H702,32.165011999999997,-106.697233
BNSF,TC0922108,2022-09-24,1:30 PM,Derailment,0,FALCON HEIGHTS,MN,65.0,2,Day,Clear,Yard,Freight Train,5,139473,90000,229473,H307,44.970174999999998,-93.167530999999997
UP,0523GP034,2023-05-18,11:50 PM,Other impacts,0,LIMON,CO,51.0,4,Dark,Clear,Yard,Light loco(s),9,7837,0,51155,H307,39.264000000000003,-103.68924699999999
GIMY,GIM881921,2021-12-04,11:40 PM,Side collision,0,SAVANNAH,GA,55.0,4,Dark,Clear,Yard,Single Car,0,45914,0,45914,H306,32.066274999999997,-81.148762000000005
NS,144101,2022-01-21,2:25 PM,Other impacts,0,MACON,GA,40.0,2,Day,Cloudy,Yard,Single Car,6,6093,0,54947,M408,32.813729000000002,-83.622793000000001
RTDZ,A111182023,2023-11-18,2:25 AM,Side collision,0,DENVER,CO,36.0,4,Dark,Clear,Main,EMU,35,1000,1000,2000,M304,39.73686,-105.00026099999999
NS,145948,2022-07-24,5:00 AM,Other impacts,0,MACON,GA,85.0,1,Dawn,Clear,Yard,Single Car,0,300,0,49803,M408,32.813729000000002,-83.622793000000001
ALS,20220726,2022-07-26,3:45 AM,Derailment,0,EAST ST LOUIS,IL,76.0,4,Dark,Rain,Yard,Yard/switching,4,18000,49500,67500,S011,38.598590999999999,-90.149421000000004
NS,151488,2022-11-14,8:30 PM,Other impacts,0,GARDEN CITY,GA,70.0,4,Dark,Clear,Yard,Freight Train,5,46874,600,193268,H307,32.110264999999998,-81.174896000000004
IC,1112118,2022-08-25,12:48 PM,Derailment,0,CENTRALIA,IL,87.0,2,Day,Cloudy,Yard,Yard/switching,5,36226,0,36226,H601,38.505639000000002,-89.145354999999995
NS,153420,2023-06-23,7:15 AM,Derailment,0,ALBANY,GA,72.0,1,Dawn,Clear,Yard,,0,0,1500,1500,H306,31.584463,-84.14967
NS,153082,2023-05-13,8:40 PM,Other impacts,0,GARDEN CITY,GA,71.0,4,Dark,Clear,Yard,Single Car,5,300,2950,57206,H312,32.110264999999998,-81.174896000000004
UP,1214CB005,2014-12-04,5:34 AM,Rear end collision,0,BOONE,IA,24.0,4,Dark,Cloudy,Yard,Yard/switching,0,57687,0,58623,H702,42.060789,-93.854827
NS,154169,2023-09-09,7:00 PM,Other impacts,0,GARDEN CITY,GA,70.0,3,Dusk,Clear,Yard,Single Car,0,45503,0,91965,H318,32.110264999999998,-81.174896000000004
BNSF,KS0222120,2022-02-26,6:17 AM,Other (describe in narrative),0,LA JUNTA,CO,15.0,1,Dawn,Clear,Main,Freight Train,13,0,0,28993,M204,37.988539000000003,-103.545337
CP,1000428537,2016-07-22,11:49 AM,Obstruction,0,CLAYTON,IA,85.0,2,Day,Rain,Main,Freight Train,25,28507,227,28734,M101,42.925545,-91.165638000000001
NS,122428,2016-10-15,4:20 PM,Derailment,0,SHELBYVILLE,KY,72.0,3,Dusk,Clear,Industry,Freight Train,8,14500,1500,16000,H702,38.209189000000002,-85.217095
NS,124379,2017-03-18,5:50 AM,Derailment,0,MOBERLY,MO,39.0,1,Dawn,Clear,Yard,Yard/switching,5,1500,10853,12353,H525,39.430821999999999,-92.465120999999996
UP,1216LK025,2016-12-28,5:10 PM,Derailment,0,SHREVEPORT,LA,65.0,3,Dusk,Clear,Yard,Yard/switching,4,2936,0,18824,H307,32.447516,-93.802008000000001
NS,155957,2024-03-06,1:50 AM,Raking collision,0,MACON,GA,45.0,4,Dark,Rain,Yard,Yard/switching,4,42500,3500,63000,H306,32.81373,-83.622793999999999
BNSF,PR0716200,2016-07-11,9:58 AM,Hwy-rail crossing,0,MERNA,NE,80.0,2,Day,Clear,Main,Freight Train,53,11126,10500,21626,M302,41.510359999999999,-99.771000000000001
KCS,15121204,2015-12-12,10:05 PM,Obstruction,0,PAGE,OK,68.0,4,Dark,Cloudy,Main,Freight Train,40,20873,0,20873,M404,34.735021000000003,-94.600966999999997
BNSF,KS0418108,2018-04-12,6:00 PM,Other impacts,0,DODGE CITY,KS,65.0,3,Dusk,Clear,Yard,Freight Train,3,14956,3000,17956,H020,37.751879000000002,-100.010507
UP,0616NP013,2016-06-13,4:58 PM,Derailment,0,NORTH PLATTE,NE,85.0,2,Day,Clear,Yard,Yard/switching,8,23541,105764,129305,S099,41.144948999999997,-100.804739
CSX,000214363,2023-11-01,9:07 PM,Other impacts,0,CINCINNATI,OH,52.0,4,Dark,Clear,Yard,Single Car,10,7515,0,20278,M407,39.149507,-84.544044
ATK,148915,2017-08-10,7:40 AM,Hwy-rail crossing,0,GRANVILLE,ND,70.0,2,Day,Clear,Main,Passenger Train - Pulling,76,13818,0,13818,M304,48.264895000000003,-100.864304
CSX,000217342,2024-04-11,2:20 AM,Other impacts,0,ATLANTA,GA,50.0,4,Dark,Clear,Main,Freight Train,12,27266,0,27266,M404,33.861907000000002,-84.404332999999994
CSX,000169843,2017-06-24,1:33 AM,Derailment,0,JACKSONVILLE,FL,85.0,4,Dark,Clear,Industry,Freight Train,7,21468,988,22456,H307,30.405749,-81.567251999999996
UP,0523GP011,2023-05-08,4:30 PM,Other impacts,0,PUEBLO,CO,76.0,2,Day,Cloudy,Yard,Yard/switching,7,33372,7876,88621,H307,38.272402999999997,-104.627955
BNSF,NE1115107,2015-11-21,12:43 PM,Derailment,0,ALBIA,IA,20.0,2,Day,Clear,Industry,Freight Train,2,56853,0,56853,H524,41.092171999999998,-92.639999000000003
PSBX,15060501,2015-06-05,7:00 AM,Other (describe in narrative),0,SHREVEPORT,LA,90.0,1,Dawn,Clear,Industry,Cut of cars,0,29989,0,364389,M103,32.360608999999997,-93.628973000000002
NS,122971,2016-12-02,7:15 AM,Hwy-rail crossing,0,N/A,OH,72.0,1,Dawn,Clear,Main,Freight Train,40,30,20698,20728,M303,39.357891000000002,-84.519298000000006
BNSF,TC0217116,2017-02-16,5:03 PM,Rear end collision,0,SIOUX CITY,IA,62.0,2,Day,Clear,Yard,Cut of cars,0,11500,0,12000,H310,42.511972,-96.373180000000005
CSX,000216898,2024-03-20,6:00 PM,Derailment,0,WAYCROSS,GA,75.0,3,Dusk,Clear,Yard,Yard/switching,7,5841,29559,35400,M411,31.213508999999998,-82.353556999999995
CSX,000208351,2022-11-14,9:00 AM,Derailment,0,ORLANDO,FL,76.0,2,Day,Clear,Yard,Freight Train,3,200,0,11962,H602,28.432064,-81.369519999999994
BRC,13696,2016-03-05,1:15 AM,Derailment,0,BEDFORD PARK,IL,30.0,4,Dark,Clear,Yard,,0,0,985,52814,H307,41.767544000000001,-87.744455000000002
NS,151087,2022-10-08,11:58 PM,Derailment,0,ATLANTA,GA,58.0,4,Dark,Clear,Yard,Yard/switching,8,22793,7513,113647,T221,33.800776999999997,-84.455555000000004
UP,1121GP005,2021-11-03,5:45 PM,Other impacts,0,DENVER,CO,58.0,2,Day,Clear,Main,Single Car,0,100,0,14576,H302,39.771048999999998,-104.89415700000001
SFRV,08272022,2022-08-27,6:05 AM,Obstruction,0,FORT LAUDERDALE,FL,86.0,4,Dark,Cloudy,Main,Commuter Train - Pulling,60,100000,40000,140000,M402,26.129390000000001,-80.16995
UP,0523GP039,2023-05-27,6:51 AM,Derailment,0,HENDERSON,CO,51.0,1,Dawn,Clear,Yard,Freight Train,8,318,18110,18428,H607,39.873159999999999,-104.888552
UP,1122RM026,2022-11-18,10:35 AM,Derailment,1,SODA SPRINGS,ID,2.0,2,Day,Clear,Main,Single Car,8,91984,2412,94396,H022,42.658414999999998,-111.57978900000001
CSX,000206506,2022-08-02,3:30 PM,Derailment,0,WAYCROSS,GA,94.0,2,Day,Clear,Yard,Yard/switching,7,2500,22391,24891,M411,31.213508999999998,-82.353556999999995
UP,1218GL055,2018-12-30,7:50 AM,Derailment,0,CLINTON,IA,18.0,2,Day,Clear,Yard,Freight Train,7,17340,16714,34054,E46C,41.817971999999997,-90.217247
NS,127549,2017-11-27,11:15 AM,Hwy-rail crossing,0,COLUMBUS,GA,55.0,2,Day,Clear,Main,Spec. MoW Equip.,5,30000,0,30000,H997,32.549397999999997,-84.602530000000002
IC,1126343,2023-02-26,2:10 PM,Derailment,0,BELLE RIVE,IL,50.0,2,Day,Clear,Main,Freight Train,27,4070,483048,487118,E61C,38.284996,-88.733024999999998
CIC,D201799,2017-06-09,5:45 AM,Derailment,0,CEDAR RAPIDS,IA,60.0,1,Dawn,Clear,Yard,,0,0,0,82000,H505,41.930492999999998,-91.683037999999996
UP,1220HL012,2020-12-16,6:31 PM,Fire/violent rupture,0,MURRAY,NE,27.0,3,Dusk,Clear,Main,Freight Train,50,14955,33,14988,E73L,40.970888000000002,-95.924277000000004
CSX,000197021,2021-04-13,11:45 PM,Fire/violent rupture,0,WOODLAND,GA,64.0,4,Dark,Clear,Main,Freight Train,25,12058,0,12058,E04L,32.820585000000001,-84.567750000000004
NS,144163,2022-01-26,2:30 PM,Other impacts,0,JENKINSBURG,GA,45.0,2,Day,Clear,Main,Spec. MoW Equip.,0,12500,0,50000,H402,33.325974000000002,-84.011007000000006
CSX,000213117,2023-08-27,1:01 AM,Other impacts,0,WAYCROSS,GA,81.0,4,Dark,Clear,Yard,Cut of cars,4,11000,0,149458,H305,31.213508999999998,-82.353556999999995
CSX,000146041,2015-05-10,8:27 AM,Side collision,0,LOUISVILLE,KY,68.0,2,Day,Clear,Yard,Yard/switching,5,8376,0,19676,H509,38.166386000000003,-85.750643999999994
UP,1123RM018,2023-11-12,7:30 AM,Derailment,0,ROLLINSVILLE,CO,35.0,2,Day,Clear,Main,,0,0,43797,1439728,T221,39.923901999999998,-105.460161
RRVW,01232022,2022-01-23,6:25 PM,Derailment,0,WAHPETON,ND,5.0,4,Dark,Snow,Industry,Work train,5,175000,3500,178500,H307,46.345792000000003,-96.647163000000006
NS,152745,2023-04-05,9:25 PM,Derailment,0,MACON,GA,70.0,4,Dark,Clear,Yard,Freight Train,10,98781,1653,200868,H507,32.828532000000003,-83.625275999999999
CSX,000158521,2016-03-28,6:50 PM,Other impacts,0,RIVERDALE,IL,42.0,3,Dusk,Clear,Yard,Yard/switching,7,15591,0,16398,H310,41.650151000000001,-87.644898999999995
NJTR,201601030,2016-01-05,4:30 PM,Derailment,0,BAY HEAD,NJ,24.0,4,Dark,Clear,Yard,Commuter Train - Pulling,2,10000,1000,11000,T223,40.075068999999999,-74.052752999999996
NS,153693,2023-07-22,10:15 AM,Other impacts,0,MACON,GA,89.0,2,Day,Clear,Yard,Cut of cars,0,50363,0,58413,M411,32.81373,-83.622793999999999
CSX,000215663,2024-01-10,12:17 PM,Obstruction,0,EVANS,GA,47.0,2,Day,Rain,Main,Freight Train,17,59353,0,59353,M404,33.570318999999998,-82.131321999999997
NS,144807,2022-03-27,12:35 PM,Derailment,0,DECATUR,IL,39.0,2,Day,Cloudy,Yard,Freight Train,1,11946,350,12296,H702,39.862856999999998,-88.928398000000001
CSX,000216113,2024-02-10,12:47 AM,Derailment,0,WAYCROSS,GA,64.0,4,Dark,Clear,Yard,Freight Train,4,3770,21420,25190,M204,31.213508999999998,-82.353556999999995
UP,0824HL012,2024-08-16,6:13 AM,Derailment,0,TOPEKA,KS,68.0,1,Dawn,Clear,Main,Freight Train,10,55376,215880,271256,E24C,39.091329999999999,-95.757113000000004
NS,153055,2023-05-10,3:30 PM,Hwy-rail crossing,0,WARNER ROBINS,GA,89.0,2,Day,Clear,Main,Freight Train,48,14000,2068,16068,M303,32.619683000000002,-83.599839000000003
CSX,000216015,2024-02-06,7:43 AM,Derailment,0,CUMBERLAND,MD,28.0,1,Dawn,Clear,Yard,Yard/switching,10,28037,28170,56207,M405,39.644506999999997,-78.760868000000002
UP,0921PR008,2021-09-08,9:15 AM,Other impacts,0,NORTHLAKE,IL,67.0,2,Day,Clear,Yard,Single Car,0,9307,0,12634,M599,41.922733999999998,-87.915531999999999
BNSF,KS0517200,2017-05-05,7:55 AM,Hwy-rail crossing,0,HALSTEAD,KS,54.0,1,Dawn,Clear,Main,Freight Train,37,10701,0,10701,M302,38.006604000000003,-97.536978000000005
NS,154753,2023-11-10,12:30 PM,Side collision,0,ATLANTA,GA,65.0,2,Day,Rain,Yard,Yard/switching,5,60750,0,124205,H702,33.793520000000001,-84.444440999999998
MBTA,5715,2018-01-04,12:44 PM,Hwy-rail crossing,0,BRIDGEWATER,MA,30.0,2,Day,Snow,Main,Passenger Train - Pulling,53,1562,18697,20259,M305,41.993684000000002,-70.974086
BNSF,CH0223117,2023-02-15,3:22 PM,Derailment,0,GALESBURG,IL,38.0,2,Day,Cloudy,Yard,Light loco(s),4,7000,7000,14000,H303,40.933650999999998,-90.371204000000006
NS,157363,2024-07-13,10:39 PM,Hwy-rail crossing,0,JULIETTE,GA,85.0,4,Dark,Clear,Main,Freight Train,34,13397,17000,30397,M308,33.155059000000001,-83.828513000000001
CSX,000215768,2024-01-25,8:05 PM,Derailment,0,WAYCROSS,GA,65.0,4,Dark,Clear,Yard,Yard/switching,7,11767,7251,19018,E86C,31.213508999999998,-82.353556999999995
UP,1222PR002,2022-12-04,9:01 AM,Derailment,0,WEST CHICAGO,IL,24.0,2,Day,Clear,Yard,Yard/switching,7,15657,54816,70473,H702,41.883662000000001,-88.218639999999994
NS,153929,2023-08-14,2:25 AM,Side collision,0,MACON,GA,78.0,4,Dark,Clear,Yard,Yard/switching,10,72765,41392,208157,H306,32.81373,-83.622793999999999
NS,155144,2023-12-23,10:17 AM,Other impacts,0,MACON,GA,61.0,2,Day,Clear,Yard,Cut of cars,0,110600,12500,233100,H020,32.81373,-83.622793999999999
NJTR,202004155,2020-04-01,11:33 PM,Other impacts,0,KEARNY,NJ,45.0,4,Dark,Cloudy,Yard,EMU,0,14349,0,14349,H501,40.743507999999999,-74.107230000000001
CSX,000209674,2023-02-06,4:30 AM,Derailment,0,SELKIRK,NY,34.0,1,Dawn,Clear,Yard,Cut of cars,4,90241,518,90759,M411,42.566077999999997,-73.854462999999996
BNSF,KS0222120,2022-02-26,6:17 AM,Other (describe in narrative),0,LA JUNTA,CO,15.0,1,Dawn,Clear,Main,Freight Train,0,28993,0,28993,M204,37.988539000000003,-103.545337
UP,1015CB009,2015-10-19,4:00 AM,Derailment,0,SIOUX CITY,IA,54.0,4,Dark,Clear,Yard,Light loco(s),4,8459,2456,28385,H607,42.518348000000003,-96.381180000000001
NS,156797,2024-05-22,5:00 AM,Other (describe in narrative),0,MACON,GA,67.0,1,Dawn,Clear,Yard,Yard/switching,2,557114,320000,877114,H702,32.81373,-83.622793999999999
BNSF,KS0418107,2018-04-10,8:00 PM,Derailment,0,DODGE CITY,KS,55.0,3,Dusk,Clear,Yard,,0,0,12500,13300,E67L,37.751641999999997,-100.00681400000001
NS,154031,2023-08-25,2:15 PM,Derailment,0,CHAMBLEE,GA,95.0,2,Day,Clear,Industry,Freight Train,8,300,22013,22313,H401,33.904595,-84.278485000000003
CSX,000217685,2024-04-26,1:30 PM,Derailment,0,BRUNSWICK,GA,75.0,2,Day,Clear,Yard,,0,0,97,90097,H607,31.166779999999999,-81.501925999999997
IC,1085310,2021-10-11,8:27 PM,Hwy-rail crossing,0,YAZOO CITY,MS,81.0,4,Dark,Cloudy,Main,Freight Train,40,0,26000,26000,M399,32.877442000000002,-90.392094999999998