reportingrailroadcode,accidentnumber,date,time,accidenttype,hazmatreleasedcars,station,stateabbr,temperature,visibility_code,visibility,weathercondition,tracktype,equipmenttype,trainspeed,equipmentdamagecost,trackdamagecost,totaldamagecost,primaryaccidentcausecode,latitude,longitude
CSX,000146041,2015-05-10,8:27 AM,Side collision,0,LOUISVILLE,KY,68.0,2,Day,Clear,Yard,Light loco(s),5,10700,600,19676,H509,38.166386000000003,-85.750643999999994
CSX,000216824,2024-03-18,8:15 AM,Derailment,0,OGLETHORPE,GA,65.0,2,Day,Clear,Yard,Freight Train,5,43783,0,43783,E08C,32.298409999999997,-84.060297000000006
UP,0215CB009,2015-02-26,11:30 AM,Derailment,0,CLINTON,IA,12.0,2,Day,Cloudy,Yard,Yard/switching,5,32107,1728,33835,T220,41.808937,-90.242429999999999
CSX,000208212,2022-11-04,5:00 AM,Other impacts,0,ORLANDO,FL,77.0,4,Dark,Clear,Industry,Cut of cars,0,4660,0,314660,H302,28.432064,-81.369519999999994
ALS,20160718,2016-07-18,2:30 AM,Raking collision,0,EAST ST LOUIS,IL,78.0,4,Dark,Clear,Yard,Yard/switching,4,133600,76,133676,H607,38.599400000000003,-90.152507999999997
BNSF,MT0317201,2017-03-06,9:21 PM,Hwy-rail crossing,0,STANLEY,ND,16.0,4,Dark,Snow,Main,Freight Train,40,1848,13892,15740,M302,48.320836,-102.33169100000001
NS,154099,2023-09-02,1:25 PM,Other impacts,0,MACON,GA,85.0,2,Day,Clear,Yard,Single Car,2,500,0,12689,M411,32.81373,-83.622793999999999
NS,155144,2023-12-23,10:17 AM,Other impacts,0,MACON,GA,61.0,2,Day,Clear,Yard,Yard/switching,3,110000,0,233100,H020,32.81373,-83.622793999999999
ATK,151093,2017-12-21,2:47 PM,Hwy-rail crossing,0,AUBURNDALE,FL,80.0,2,Day,Clear,Main,Passenger Train - Pulling,72,23548,0,28031,M303,28.054169999999999,-81.817599999999999
FEC,D40060222,2022-06-02,6:20 AM,Derailment,0,MIAMI-DADE,FL,74.0,1,Dawn,Clear,Industry,Yard/switching,6,2938,119656,122594,E46C,25.842105,-80.255622000000002
BNSF,PR0123115,2023-01-27,3:15 AM,Derailment,0,DENVER,CO,45.0,4,Dark,Clear,Yard,Light loco(s),6,19000,4980,23980,H307,39.763759999999998,-104.993048
NS,154567,2023-10-23,4:58 PM,Derailment,0,MACON,GA,78.0,3,Dusk,Clear,Yard,Single Car,1,15000,0,15000,H303,32.81373,-83.622793999999999
UP,0516CB007,2016-05-19,2:30 AM,Derailment,0,COUNCIL BLUFFS,IA,48.0,4,Dark,Clear,Yard,Freight Train,5,14289,0,14289,H504,41.249885999999996,-95.894069000000002
NS,153972,2023-08-19,9:43 AM,Other impacts,0,MACON,GA,80.0,2,Day,Clear,Yard,Freight Train,2,30000,0,35000,M411,32.81373,-83.622793999999999
UP,1214KC016,2014-12-31,11:15 PM,Other impacts,0,KANSAS CITY,MO,20.0,4,Dark,Cloudy,Yard,Cut of cars,0,18976,0,43073,H307,39.120125000000002,-94.534952000000004
UP,1023GC010,2023-10-07,8:47 PM,Other impacts,0,MARINGOUIN,LA,62.0,4,Dark,Clear,Yard,Yard/switching,0,0,0,250868,H307,30.523516999999998,-91.551257000000007
BNSF,NE1115201,2015-11-09,8:00 AM,Hwy-rail crossing,0,DANVILLE,IA,35.0,1,Dawn,Clear,Main,Freight Train,48,1051057,270000,1321057,M302,40.881390000000003,-91.333680000000001
NS,151488,2022-11-14,8:30 PM,Other impacts,0,GARDEN CITY,GA,70.0,4,Dark,Clear,Yard,Freight Train,5,145794,0,193268,H307,32.110264999999998,-81.174896000000004
CRSH,118505,2015-12-08,1:00 AM,Raking collision,0,NEWARK,NJ,40.0,4,Dark,Clear,Yard,Single Car,1,5702,0,29900,H301,40.713667999999998,-74.142477
UP,0720GP023,2020-07-20,12:00 PM,Other impacts,0,NORTH PLATTE,NE,79.0,2,Day,Clear,Yard,Single Car,0,216,0,53201,M411,41.146788000000001,-100.833913
NS,145495,2022-06-08,5:47 PM,Other impacts,0,MACON,GA,93.0,3,Dusk,Clear,Yard,Single Car,2,6000,9912,16412,H312,32.813729000000002,-83.622793000000001
NS,154169,2023-09-09,7:00 PM,Other impacts,0,GARDEN CITY,GA,70.0,3,Dusk,Clear,Yard,Single Car,5,46462,0,91965,H318,32.110264999999998,-81.174896000000004
MACZ,177165,2023-11-15,8:25 PM,Obstruction,0,BOWIE,MD,52.0,4,Dark,Cloudy,Main,Passenger Train - Pulling,89,25692,0,87238,M402,39.012208000000001,-76.771901
HAL,HAL091317,2017-08-16,1:20 AM,Derailment,0,ALBANY,GA,73.0,4,Dark,Clear,Main,Freight Train,23,10166,110552,120718,E53C,31.504003000000001,-84.318922999999998
NS,144128,2022-01-25,5:02 AM,Other impacts,0,ALDORA,GA,54.0,1,Dawn,Cloudy,Industry,Freight Train,5,19114,0,19114,H307,33.079363000000001,-84.198246999999995
PSBX,15060501,2015-06-05,7:00 AM,Other (describe in narrative),0,SHREVEPORT,LA,90.0,1,Dawn,Clear,Industry,Cut of cars,0,32072,0,364389,M103,32.360608999999997,-93.628973000000002
NS,140535,2021-02-08,2:45 PM,Other impacts,0,PORTSMOUTH,OH,40.0,2,Day,Clear,Yard,Single Car,0,3690,0,12684,H312,38.736825000000003,-82.957245999999998
UP,0523GP011,2023-05-08,4:30 PM,Other impacts,0,PUEBLO,CO,76.0,2,Day,Cloudy,Yard,Cut of cars,0,47373,0,88621,H307,38.272402999999997,-104.627955
NS,146010,2022-07-29,4:00 PM,Other impacts,0,TENNILLE,GA,94.0,3,Dusk,Clear,Industry,Freight Train,3,76419,0,76419,H302,32.935285,-82.813122000000007
CSX,000161083,2016-07-04,5:12 AM,Obstruction,0,BANNER,KY,74.0,4,Dark,Rain,Main,Freight Train,23,29468,0,29468,M404,37.594620999999997,-82.684290000000004
CRSH,118505,2015-12-08,1:00 AM,Raking collision,0,NEWARK,NJ,40.0,4,Dark,Clear,Yard,Yard/switching,3,23198,1000,29900,H301,40.713667999999998,-74.142477
BNSF,SW0715105,2015-07-20,6:55 PM,Derailment,0,FORT SUMNER,NM,69.0,3,Dusk,Rain,Main,Freight Train,27,120000,462716,582716,M105,34.444710000000001,-104.122322
BNSF,SW0915109,2015-09-27,4:44 PM,Derailment,0,ALBUQUERQUE,NM,75.0,2,Day,Clear,Yard,Yard/switching,7,28100,5000,33100,H525,35.059983000000003,-106.65179000000001
NS,141313,2021-04-22,5:28 AM,Other impacts,0,ATLANTA,GA,39.0,1,Dawn,Clear,Yard,Yard/switching,1,650,500,32072,M411,33.793526999999997,-84.444462000000001
MBTA,7096,2018-04-26,6:45 AM,Other (describe in narrative),0,WILMINGTON,MA,53.0,4,Dark,Fog,Main,Passenger Train - Pulling,70,23612,0,23612,M404,42.584333999999998,-71.167823999999996
NS,151733,2022-12-15,3:45 PM,Hwy-rail crossing,0,N/A,GA,45.0,2,Day,Clear,Main,Freight Train,4,12177,0,12177,M302,33.617185999999997,-84.391363999999996
ATK,144392,2016-09-25,10:16 PM,Obstruction,0,PINE CASTLE,FL,85.0,4,Dark,Clear,Main,Passenger Train - Pulling,58,12961,0,12961,M402,28.471906000000001,-81.369878999999997
UP,0824HL007,2024-08-14,8:30 PM,Other (describe in narrative),0,LEHIGH,KS,82.0,4,Dark,Rain,Siding,Freight Train,0,826559,8225,834784,M105,38.428179999999998,-97.335729999999998
UP,1214CB005,2014-12-04,5:34 AM,Rear end collision,0,BOONE,IA,24.0,4,Dark,Cloudy,Yard,Freight Train,9,936,0,58623,H702,42.060789,-93.854827
CSX,000164377,2016-11-16,3:55 AM,Side collision,0,OCALA,FL,45.0,4,Dark,Clear,Main,Freight Train,38,3111342,0,4441401,H221,29.393677,-82.103022999999993
CSX,000214548,2023-11-17,6:07 AM,Other impacts,0,ATLANTA,GA,58.0,1,Dawn,Cloudy,Yard,Yard/switching,0,381502,3792,385294,H307,33.793897999999999,-84.416751000000005
UP,0816PR016,2016-08-21,7:00 PM,Other impacts,0,NORTHLAKE,IL,72.0,3,Dusk,Cloudy,Yard,Single Car,2,16607,0,17748,M411,41.903097000000002,-87.917886999999993
NS,151953,2023-01-08,11:15 PM,Derailment,0,EAST POINT,GA,56.0,4,Dark,Clear,Yard,Freight Train,4,5840,17117,22957,H306,33.679040999999998,-84.439508000000004
NS,143853,2021-12-27,3:28 AM,Other impacts,0,ATLANTA,GA,62.0,4,Dark,Clear,Yard,Single Car,3,5300,0,22600,M411,33.793526999999997,-84.444462000000001
BNSF,SF0315116,2015-03-20,1:00 PM,Derailment,0,HANNIBAL,MO,48.0,2,Day,Cloudy,Yard,Yard/switching,4,8491,500,25818,H309,39.920786,-91.440467999999996
NS,152714,2023-04-04,9:43 AM,Hwy-rail crossing,0,NORCROSS,GA,58.0,2,Day,Clear,Main,Freight Train,37,6189,16316,22505,M303,33.939098000000001,-84.215301999999994
UP,0816PR016,2016-08-21,7:00 PM,Other impacts,0,NORTHLAKE,IL,72.0,3,Dusk,Cloudy,Yard,Single Car,0,1141,0,17748,M411,41.903097000000002,-87.917886999999993
ATK,143598,2016-08-03,8:38 PM,Hwy-rail crossing,0,MURRAY,IA,77.0,3,Dusk,Clear,Main,Passenger Train - Pulling,77,12996,0,12996,M302,41.041533999999999,-93.88888
MBTA,7085,2018-03-08,6:30 AM,Derailment,0,WILMINGTON,MA,35.0,1,Dawn,Snow,Main,Passenger Train - Pushing,20,61321,2019,63340,M101,42.544052999999998,-71.171345000000002
CSX,000215778,2024-01-25,7:05 AM,Derailment,0,AUGUSTA,GA,68.0,4,Dark,Fog,Main,Freight Train,7,6998,17114,24112,H503,33.455455000000001,-81.952475000000007
NIRC,9419000838,2022-05-23,6:58 AM,Hwy-rail crossing,0,HAINESVILLE,IL,50.0,1,Dawn,Clear,Main,Commuter Train - Pushing,60,250000,800,250800,M302,42.342768999999997,-88.068039999999996
NS,144101,2022-01-21,2:25 PM,Other impacts,0,MACON,GA,40.0,2,Day,Cloudy,Yard,Yard/switching,6,47781,1073,54947,M408,32.813729000000002,-83.622793000000001
UP,1217TC001,2017-12-01,6:28 AM,Derailment,0,DES MOINES,IA,30.0,4,Dark,Cloudy,Yard,Yard/switching,4,431,7352,14464,H312,41.589212000000003,-93.561987999999999
UP,1216LK025,2016-12-28,5:10 PM,Derailment,0,SHREVEPORT,LA,65.0,3,Dusk,Clear,Yard,Yard/switching,6,15888,0,18824,H307,32.447516,-93.802008000000001
CSX,000200336,2021-09-27,3:13 PM,Derailment,0,OCALA,FL,85.0,2,Day,Clear,Main,Freight Train,23,10800,694,11494,E53C,29.196871999999999,-82.132737000000006
FEC,D30062118,2018-06-21,6:00 AM,Obstruction,0,HIALEAH,FL,79.0,1,Dawn,Cloudy,Industry,Yard/switching,10,21699,0,21699,H307,25.841117000000001,-80.255815999999996
UP,0222RM016,2022-02-17,2:35 AM,Derailment,0,RUPERT,ID,14.0,4,Dark,Cloudy,Main,Freight Train,33,5578,13162,18740,H501,42.741979000000001,-113.431696
UP,1015CB009,2015-10-19,4:00 AM,Derailment,0,SIOUX CITY,IA,54.0,4,Dark,Clear,Yard,Yard/switching,5,17470,0,28385,H607,42.518348000000003,-96.381180000000001
NS,153850,2023-08-08,1:01 AM,Other impacts,0,MACON,GA,78.0,4,Dark,Clear,Yard,Single Car,0,150,0,14536,H312,32.81373,-83.622793999999999
BNSF,CH0123113,2023-01-24,3:38 PM,Derailment,0,ELWOOD,IL,36.0,2,Day,Cloudy,Yard,Freight Train,9,5617,6200,11817,H307,41.380139999999997,-88.151719999999997
BNSF,PR1123109,2023-11-21,1:36 AM,Other (describe in narrative),0,DENVER,CO,30.0,4,Dark,Clear,Yard,Yard/switching,4,12388,0,12388,H302,39.768756000000003,-104.991322
NS,146573,2022-09-23,5:51 AM,Other impacts,0,JACKSONVILLE,FL,78.0,1,Dawn,Clear,Yard,Cut of cars,3,3500,0,34500,H302,30.360835000000002,-81.723364000000004
NS,154099,2023-09-02,1:25 PM,Other impacts,0,MACON,GA,85.0,2,Day,Clear,Yard,Single Car,2,500,11689,12689,M411,32.81373,-83.622793999999999
NS,154829,2023-11-17,6:07 AM,Other impacts,0,ATLANTA,GA,58.0,1,Dawn,Cloudy,Yard,Freight Train,4,377690,0,377690,E30C,33.793897999999999,-84.416751000000005
CSX,000168104,2017-04-07,9:30 AM,Derailment,0,ATLANTA,GA,47.0,1,Dawn,Clear,Yard,Yard/switching,4,74789,830,75619,M204,33.801256000000002,-84.449673000000004
CSX,000171240,2017-08-27,9:15 AM,Derailment,0,ORANGE HEIGHTS,FL,82.0,2,Day,Clear,Main,Freight Train,47,12720,1850,14570,E22C,29.710205999999999,-82.137618000000003
GRS,20170124X2,2017-01-24,7:20 PM,Derailment,0,GARDNER,MA,34.0,4,Dark,Clear,Yard,,0,0,18127,18127,H704,42.567276,-71.983733999999998
NS,145848,2022-07-15,5:02 AM,Other impacts,0,SAVANNAH,GA,80.0,1,Dawn,Clear,Yard,Single Car,5,500,17689,18587,H312,32.083672999999997,-81.136551999999995
SFRV,022618,2018-02-26,1:15 PM,Fire/violent rupture,0,MIAMI-DADE,FL,75.0,2,Day,Clear,Yard,Passenger Train - Pulling,0,200000,100000,300000,E74L,25.474613000000002,-80.15307
NS,153767,2023-07-29,9:50 AM,Derailment,0,ALBANY,GA,83.0,2,Day,Cloudy,Yard,Freight Train,0,74000,5181,158451,E64L,31.584463,-84.14967
NS,156602,2024-05-05,3:30 PM,Other impacts,0,MACON,GA,82.0,2,Day,Clear,Yard,Single Car,10,3000,17639,37244,M411,32.81373,-83.622793999999999
BRC,13509,2015-01-24,6:00 AM,Derailment,0,BEDFORD PARK,IL,31.0,4,Dark,Clear,Yard,Cut of cars,18,12672,0,12672,M407,41.761366000000002,-87.736962000000005
NS,153929,2023-08-14,2:25 AM,Side collision,0,MACON,GA,78.0,4,Dark,Clear,Yard,Yard/switching,10,89000,0,208157,H306,32.81373,-83.622793999999999
IANR,PLD0519182,2018-05-19,6:15 AM,Derailment,0,PALO,IA,60.0,1,Dawn,Cloudy,Main,Freight Train,25,9992,3450,13442,E86C,42.033495000000002,-91.763351
UP,0123RM038,2023-01-29,10:25 PM,Other impacts,0,POCATELLO,ID,1.0,4,Dark,Clear,Yard,Yard/switching,0,218131,0,674271,H702,42.862707,-112.447594
NS,146571,2022-09-23,12:30 AM,Derailment,0,ATLANTA,GA,68.0,4,Dark,Clear,Yard,Freight Train,3,750,21000,21750,M303,33.793519000000003,-84.444440999999998
NS,153972,2023-08-19,9:43 AM,Other impacts,0,MACON,GA,80.0,2,Day,Clear,Yard,Freight Train,2,5000,0,35000,M411,32.81373,-83.622793999999999
ATK,141965,2016-04-14,9:58 AM,Hwy-rail crossing,0,GALVA,IL,60.0,2,Day,Clear,Main,Passenger Train - Pulling,75,154868,0,154868,M302,41.152833000000001,-90.073887999999997
UP,1117KC020,2017-11-20,4:47 AM,Derailment,0,WICHITA,KS,38.0,4,Dark,Clear,Yard,Single Car,0,16928,0,154219,H312,37.738031999999997,-97.318498000000005
BNSF,KS0717102,2017-07-18,10:57 AM,Derailment,0,KANSAS CITY,KS,85.0,2,Day,Clear,Yard,Yard/switching,4,11996,250,37110,H318,39.079013000000003,-94.666540999999995
PSBX,15060501,2015-06-05,7:00 AM,Other (describe in narrative),0,SHREVEPORT,LA,90.0,1,Dawn,Clear,Industry,Cut of cars,0,32273,0,364389,M103,32.360608999999997,-93.628973000000002
BNSF,HL0420101,2020-04-11,9:00 AM,Other impacts,0,AMORY,MS,70.0,2,Day,Clear,Yard,Yard/switching,5,46712,0,46712,H318,33.979703000000001,-88.486956000000006
GWR,GWR233341,2023-07-16,8:30 AM,Other impacts,0,WINDSOR,CO,70.0,2,Day,Clear,Siding,Yard/switching,3,23000,0,23000,H318,40.474535000000003,-104.87993899999999
BLF,20220750,2022-08-18,4:52 PM,Hwy-rail crossing,0,NORTH MIAMI,FL,82.0,2,Day,Clear,Main,Passenger Train - Pulling,76,7622,0,41073,M308,25.906103000000002,-80.159063000000003
BNSF,PR0223112,2023-02-25,3:10 PM,Derailment,0,DENVER,CO,52.0,2,Day,Clear,Yard,Freight Train,5,33875,17737,51612,M405,39.768006999999997,-104.99182500000001
NS,145668,2022-06-26,10:50 AM,Derailment,0,KEENSBURG,IL,80.0,2,Day,Cloudy,Main,Freight Train,15,627,82336,82963,M404,38.402447000000002,-87.755870999999999
BNSF,NE0615111,2015-06-24,6:00 PM,Other (describe in narrative),0,ALBIA,IA,70.0,2,Day,Rain,Main,Freight Train,1,24995,0,24995,M103,41.003613000000001,-92.901490999999993
UP,1215CB001,2015-12-01,6:30 PM,Derailment,0,COUNCIL BLUFFS,IA,32.0,3,Dusk,Snow,Yard,Freight Train,8,26405,251865,278270,H503,41.240575,-95.876155999999995
NS,154756,2023-11-11,1:05 AM,Obstruction,0,SHADY DALE,GA,51.0,4,Dark,Rain,Main,Freight Train,10,7500,11447,18947,M404,33.348264,-83.628073999999998
CSX,000215490,2024-01-10,5:22 AM,Other (describe in narrative),0,AUGUSTA,GA,35.0,4,Dark,Clear,Yard,Yard/switching,7,56483,29711,86194,H704,33.455455000000001,-81.952475000000007
UP,1023GC010,2023-10-07,8:47 PM,Other impacts,0,MARINGOUIN,LA,62.0,4,Dark,Clear,Yard,Yard/switching,7,250868,0,250868,H307,30.523516999999998,-91.551257000000007
BNSF,MT0122103,2022-01-07,12:13 AM,Derailment,0,SCRANTON,ND,-10.0,4,Dark,Clear,Main,Freight Train,32,17208,2000,19208,E00C,46.166553999999998,-103.204829
CSX,000217225,2024-04-05,8:00 PM,Side collision,0,AUGUSTA,GA,62.0,3,Dusk,Clear,Yard,Yard/switching,4,60031,0,60068,H306,33.455455000000001,-81.952475000000007
CSX,000215261,2023-12-28,9:50 PM,Derailment,0,WAYCROSS,GA,48.0,4,Dark,Clear,Yard,Yard/switching,7,22181,2061,24242,H702,31.213508999999998,-82.353556999999995
NS,153831,2023-08-06,12:30 PM,Derailment,0,COMMERCE,GA,94.0,2,Day,Cloudy,Industry,Light loco(s),0,2000,14697,16697,H017,34.173077999999997,-83.433032999999995
UP,1216CB008,2016-12-18,4:33 AM,Derailment,0,MODALE,IA,-12.0,4,Dark,Clear,Main,Freight Train,3,250,42600,42850,H705,41.557727999999997,-95.994800999999995
NS,145656,2022-06-24,12:00 PM,Other impacts,0,SAVANNAH,GA,91.0,2,Day,Clear,Yard,Cut of cars,0,2250,0,116909,H312,32.083672999999997,-81.136551999999995
NS,145848,2022-07-15,5:02 AM,Other impacts,0,SAVANNAH,GA,80.0,1,Dawn,Clear,Yard,Single Car,0,398,0,18587,H312,32.083672999999997,-81.136551999999995
NS,153082,2023-05-13,8:40 PM,Other impacts,0,GARDEN CITY,GA,71.0,4,Dark,Clear,Yard,Single Car,0,53956,0,57206,H312,32.110264999999998,-81.174896000000004
CP,1000508666,2017-02-05,5:22 AM,Derailment,0,DUBUQUE,IA,26.0,4,Dark,Cloudy,Main,Freight Train,34,816281,12388,828669,T220,42.458719000000002,-90.581507000000002
UP,0916CB011,2016-09-30,8:35 AM,Fire/violent rupture,0,MT VERNON,IA,53.0,2,Day,Clear,Main,Freight Train,0,64225,0,64225,E79L,41.939582999999999,-91.491907999999995
CSX,000213413,2023-09-10,4:20 PM,Other impacts,0,WAYCROSS,GA,90.0,3,Dusk,Clear,Yard,Cut of cars,4,300,728,92288,S016,31.213508999999998,-82.353556999999995
GC,GCR664324L,2024-01-12,10:30 PM,Head on collision,0,VIDALIA,GA,48.0,4,Dark,Clear,Yard,Freight Train,10,100000,0,100000,H607,32.218012000000002,-82.410189000000003
UP,1122ME025,2022-11-28,9:00 PM,Derailment,0,MELROSE PARK,IL,42.0,4,Dark,Clear,Yard,Light loco(s),4,4281,17212,21493,H702,41.895094,-87.885292000000007
CSX,000212883,2023-08-11,11:30 PM,Other impacts,0,ATLANTA,GA,90.0,4,Dark,Clear,Industry,Cut of cars,0,25671,0,72093,H306,33.793897999999999,-84.416751000000005
BNSF,SF0115107,2015-01-21,1:30 PM,Derailment,0,TULSA,OK,50.0,2,Day,Cloudy,Yard,Yard/switching,7,27528,2000,29528,M409,36.134346999999998,-96.012136999999996
HAL,HAL409523R,2023-05-10,10:10 AM,Derailment,0,ALBANY,GA,80.0,2,Day,Clear,Yard,Freight Train,9,0,0,16369,E66L,31.586112,-84.149503999999993
UP,1117KC020,2017-11-20,4:47 AM,Derailment,0,WICHITA,KS,38.0,4,Dark,Clear,Yard,Yard/switching,4,127366,9925,154219,H312,37.738031999999997,-97.318498000000005
CSX,000216454,2024-02-28,11:41 PM,Derailment,0,SELKIRK,NY,25.0,4,Dark,Cloudy,Yard,Yard/switching,7,70479,17848,88327,M404,42.575699999999998,-73.936000000000007
NS,153414,2023-06-22,10:05 AM,Other impacts,0,MACON,GA,75.0,2,Day,Cloudy,Yard,Yard/switching,5,10500,0,17065,M408,32.81373,-83.622793999999999
KYLE,KYL421823O,2023-05-19,1:30 AM,Derailment,0,LIMON,CO,50.0,4,Dark,Clear,Yard,,0,0,3000,51155,H307,39.264000000000003,-103.68924699999999
BNSF,TC0915109,2015-09-19,6:00 AM,Derailment,0,SIOUX CITY,IA,57.0,1,Dawn,Fog,Yard,Freight Train,10,50000,12000,62000,T221,42.528319000000003,-96.364886999999996
NS,144163,2022-01-26,2:30 PM,Other impacts,0,JENKINSBURG,GA,45.0,2,Day,Clear,Main,Spec. MoW Equip.,15,12500,0,50000,H402,33.325974000000002,-84.011007000000006
NS,154763,2023-11-12,2:28 AM,Derailment,0,BELMORE,OH,28.0,4,Dark,Clear,Main,Freight Train,25,1800,14800,16600,E49C,41.106622999999999,-83.890739999999994
NS,151859,2022-12-29,8:40 PM,Hwy-rail crossing,0,TALLAPOOSA,GA,54.0,4,Dark,Clear,Main,Freight Train,35,0,21212,21212,M303,33.744188999999999,-85.287434000000005
CSX,000195431,2021-02-01,1:50 AM,Rear end collision,0,WALBRIDGE,OH,25.0,4,Dark,Snow,Yard,Yard/switching,7,19898,0,33257,H318,41.589930000000003,-83.496859999999998
CSX,000214363,2023-11-01,9:07 PM,Other impacts,0,CINCINNATI,OH,52.0,4,Dark,Clear,Yard,Single Car,10,12763,0,20278,M407,39.149507,-84.544044
NS,146119,2022-08-08,11:45 PM,Derailment,0,DECATUR,IL,72.0,4,Dark,Rain,Yard,Yard/switching,3,56068,450,56518,E07C,39.859513999999997,-88.894300999999999
CSX,000218772,2024-06-20,12:45 AM,Other impacts,0,AUGUSTA,GA,78.0,4,Dark,Clear,Yard,Cut of cars,7,10608,0,66008,H302,33.456035999999997,-81.954320999999993
UP,0215CB011,2015-02-28,11:00 PM,Other (describe in narrative),0,BOONE,IA,20.0,4,Dark,Cloudy,Yard,Yard/switching,3,13757,0,13757,M507,42.058430000000001,-93.844892999999999
UP,0816PR017,2016-08-22,8:00 AM,Other impacts,0,NORTHLAKE,IL,64.0,2,Day,Clear,Yard,Cut of cars,5,32898,0,32898,H601,41.903097000000002,-87.917886999999993
NS,141313,2021-04-22,5:28 AM,Other impacts,0,ATLANTA,GA,39.0,1,Dawn,Clear,Yard,Single Car,0,30922,0,32072,M411,33.793526999999997,-84.444462000000001
NS,146554,2022-09-21,10:30 PM,Other impacts,0,MACON,GA,70.0,4,Dark,Clear,Yard,Single Car,0,200,0,11468,H312,32.813729000000002,-83.622793000000001
NS,151593,2022-11-29,6:30 AM,Other impacts,0,SAVANNAH,GA,57.0,1,Dawn,Cloudy,Yard,Yard/switching,5,21849,439,22288,H318,32.079082,-81.120400000000004
IC,899379,2016-08-31,9:30 PM,Hwy-rail crossing,0,GILMAN,IL,65.0,4,Dark,Clear,Main,,0,0,2422,12964,M308,40.737068000000001,-88.001491000000001
NS,153414,2023-06-22,10:05 AM,Other impacts,0,MACON,GA,75.0,2,Day,Cloudy,Yard,Single Car,2,500,6065,17065,M408,32.81373,-83.622793999999999
CSX,000215256,2023-12-29,10:55 AM,Derailment,0,WAYCROSS,GA,49.0,2,Day,Clear,Yard,Freight Train,4,19727,2033,21760,H702,31.213508999999998,-82.353556999999995
NS,145656,2022-06-24,12:00 PM,Other impacts,0,SAVANNAH,GA,91.0,2,Day,Clear,Yard,Single Car,5,114359,300,116909,H312,32.083672999999997,-81.136551999999995
KCS,15072702,2015-07-27,9:50 AM,Derailment,0,TALLULAH,LA,94.0,2,Day,Clear,Main,Freight Train,5,7980,3701,11681,E53C,32.392657,-91.154148000000006
FEC,D67102317,2017-10-23,1:17 AM,Derailment,0,COCOA,FL,80.0,4,Dark,Cloudy,Yard,Yard/switching,9,2750,8429,11179,M405,28.40352,-80.757577999999995
BNSF,CH0223113,2023-02-11,4:03 PM,Other impacts,0,GALESBURG,IL,40.0,2,Day,Clear,Yard,Yard/switching,9,32454,0,32454,E06C,40.914039000000002,-90.380542000000005
UP,0116CB011,2016-01-14,10:51 PM,Derailment,0,CALAMUS,IA,33.0,4,Dark,Cloudy,Main,Freight Train,48,9325,78041,87366,E61C,41.826943999999997,-90.815143000000006
BNSF,NE0816200,2016-08-03,8:38 PM,Hwy-rail crossing,0,MURRAY,IA,77.0,3,Dusk,Clear,Main,,0,0,0,12996,M302,41.041533999999999,-93.88888
NS,155683,2024-02-05,4:15 AM,Derailment,0,MACON,GA,43.0,1,Dawn,Cloudy,Yard,Single Car,3,35508,0,47537,M101,32.81373,-83.622793999999999
UP,0623GP009,2023-06-08,1:00 PM,Derailment,0,FORT COLLINS,CO,75.0,2,Day,Clear,Industry,Work train,5,144936,19280,164216,E66L,40.615389999999998,-105.081858
UP,0316TC011,2016-03-25,4:09 AM,Derailment,0,EAGLE GROVE,IA,34.0,4,Dark,Clear,Yard,Freight Train,4,17804,32960,50764,H704,42.676726000000002,-93.917580999999998
NS,151300,2022-10-28,4:00 AM,Other (describe in narrative),0,EAST POINT,GA,55.0,1,Dawn,Clear,Yard,Freight Train,4,23532,4211,27743,H307,33.679040999999998,-84.439508000000004
NS,156800,2024-05-23,10:51 AM,Other (describe in narrative),0,ATLANTA,GA,86.0,2,Day,Cloudy,Yard,Yard/switching,6,32467,2466,34933,H702,33.793520000000001,-84.444440999999998
CSX,000158521,2016-03-28,6:50 PM,Other impacts,0,RIVERDALE,IL,42.0,3,Dusk,Clear,Yard,Cut of cars,2,557,250,16398,H310,41.650151000000001,-87.644898999999995
NS,154753,2023-11-10,12:30 PM,Side collision,0,ATLANTA,GA,65.0,2,Day,Rain,Yard,Yard/switching,6,55777,7678,124205,H702,33.793520000000001,-84.444440999999998
CSX,000171425,2017-09-04,1:45 PM,Derailment,0,WAYCROSS,GA,95.0,2,Day,Clear,Yard,Yard/switching,3,13029,321,13350,E29C,31.213524,-82.353588000000002
CSX,000177030,2018-06-15,2:58 AM,Hwy-rail crossing,0,FROSTPROOF,FL,73.0,4,Dark,Clear,Main,Freight Train,39,27916,8430,36346,M308,27.733630000000002,-81.582003
UP,0316TC007,2016-03-11,6:05 PM,Derailment,0,DES MOINES,IA,61.0,3,Dusk,Cloudy,Yard,Yard/switching,7,278,21995,22273,E99C,41.590252999999997,-93.578022000000004
ALS,220955,2022-09-05,7:20 AM,Derailment,0,EAST ST LOUIS,IL,78.0,1,Dawn,Clear,Yard,Yard/switching,4,33000,9100,42100,M405,38.587057999999999,-90.133527999999998
NS,152745,2023-04-05,9:25 PM,Derailment,0,MACON,GA,70.0,4,Dark,Clear,Yard,Freight Train,10,98781,1653,200868,H507,32.828532000000003,-83.625275999999999