reportingrailroadcode,accidentnumber,date,time,accidenttype,hazmatreleasedcars,station,stateabbr,temperature,visibility_code,visibility,weathercondition,tracktype,equipmenttype,trainspeed,equipmentdamagecost,trackdamagecost,totaldamagecost,primaryaccidentcausecode,latitude,longitude
CSX,000173373,2017-12-12,11:46 PM,Hwy-rail crossing,0,LAKELAND,FL,50.0,4,Dark,Clear,Main,Freight Train,41,1580,14741,16321,M399,28.047847999999998,-81.944866000000005
KCS,20011601,2020-01-16,6:18 AM,Hwy-rail crossing,0,VIVIAN,LA,60.0,4,Dark,Rain,Main,Freight Train,53,11486,1587,13073,M302,32.933709999999998,-93.993510000000001
CSX,000184500,2019-07-31,10:09 AM,Derailment,0,LUCAMA,NC,94.0,2,Day,Clear,Main,Freight Train,34,17170,346,17516,E53C,35.647362999999999,-78.004571999999996
IANR,CED0610151,2015-06-10,12:40 PM,Derailment,0,CEDAR FALLS,IA,90.0,2,Day,Clear,Industry,Yard/switching,5,10325,15393,25718,M503,42.313617000000001,-92.267059000000003
NS,122201,2016-09-26,9:35 PM,Derailment,0,PICAYUNE,MS,80.0,4,Dark,Clear,Industry,Freight Train,6,34266,1522,35788,H303,30.505091,-89.685883000000004
NS,153850,2023-08-08,1:01 AM,Other impacts,0,MACON,GA,78.0,4,Dark,Clear,Yard,Single Car,10,150,14236,14536,H312,32.81373,-83.622793999999999
CSX,000201811,2021-12-11,5:30 PM,Other impacts,0,WAYCROSS,GA,75.0,3,Dusk,Clear,Yard,Cut of cars,4,2830,328,43354,S016,31.213508999999998,-82.353556999999995
CSX,000217645,2024-04-26,10:40 PM,Other (describe in narrative),0,WAYCROSS,GA,65.0,4,Dark,Clear,Yard,Freight Train,4,2772,0,64620,H702,31.213508999999998,-82.353556999999995
CSX,000163137,2016-09-26,4:00 AM,Derailment,0,EAST SAINT LOUIS,IL,63.0,4,Dark,Rain,Yard,Freight Train,5,11251,1141,12392,T217,38.642252999999997,-90.098853000000005
RRVW,12092021,2021-12-09,11:30 AM,Hwy-rail crossing,0,CASSELTON,ND,36.0,2,Day,Clear,Main,Freight Train,18,400,15000,15400,M302,46.857840000000003,-97.217259999999996
BNSF,TC0217116,2017-02-16,5:03 PM,Rear end collision,0,SIOUX CITY,IA,62.0,2,Day,Clear,Yard,Yard/switching,1,500,0,12000,H310,42.511972,-96.373180000000005
BRC,14578,2022-11-07,11:20 AM,Other impacts,0,BEDFORD PARK,IL,52.0,2,Day,Clear,Yard,Yard/switching,2,7190,500,12422,M405,41.767380000000003,-87.741029999999995
SFRV,11282018,2018-11-28,8:26 AM,Hwy-rail crossing,0,MIAMI-DADE,FL,54.0,2,Day,Clear,Yard,,0,0,97,21936,M304,25.799489999999999,-80.248289999999997
EIRR,220714002,2022-07-14,4:06 AM,Other impacts,0,EDEN,ID,62.0,4,Dark,Clear,Main,Yard/switching,5,15450,0,30900,H021,42.610871000000003,-114.210414
CSX,000162384,2016-08-17,8:20 PM,Other impacts,0,RICHMOND,VA,86.0,4,Dark,Clear,Industry,Freight Train,2,20324,0,20324,M504,37.464762,-77.438660999999996
UP,0417KC002,2017-04-06,5:39 PM,Fire/violent rupture,0,GREENSBURG,KS,57.0,2,Day,Clear,Main,Freight Train,45,174399,0,174399,E73L,37.609392,-99.293143000000001
UP,0215KC005,2015-02-10,6:20 AM,Other impacts,0,KANSAS CITY,KS,30.0,4,Dark,Cloudy,Yard,Freight Train,9,19510,5958,30541,H307,39.090375000000002,-94.635195999999993
ATK,141820,2016-04-03,3:01 PM,Hwy-rail crossing,0,SOMONAUK,IL,68.0,2,Day,Clear,Main,Passenger Train - Pulling,70,18512,0,18512,M302,41.634199000000002,-88.684207000000001
UP,1023GL025,2023-10-23,10:50 PM,Obstruction,0,DE WITT,IA,62.0,4,Dark,Clear,Main,Freight Train,30,0,28594,28594,M402,41.815345000000001,-90.512490999999997
NS,146011,2022-07-29,5:30 PM,Other (describe in narrative),0,GAINESVILLE,GA,79.0,3,Dusk,Clear,Industry,Freight Train,2,232000,8277,240277,H702,34.284635000000002,-83.824377999999996
UP,0723GL007,2023-07-06,11:30 AM,Derailment,0,DES MOINES,IA,70.0,2,Day,Clear,Yard,Yard/switching,10,15791,68875,84666,E07C,41.585290999999998,-93.542869999999994
FEC,X11021723,2023-02-17,6:58 PM,Hwy-rail crossing,0,LANTANA,FL,76.0,4,Dark,Clear,Main,,0,0,526,22523,M308,26.571991000000001,-80.053848000000002
UP,0418NP013,2018-04-16,11:00 AM,Obstruction,0,MISSOURI VALLEY,IA,51.0,2,Day,Clear,Main,Spec. MoW Equip.,0,0,0,16590,H997,41.558518999999997,-96.024674000000005
BLF,20210162,2021-12-11,5:44 PM,Hwy-rail crossing,0,HOLLYWOOD,FL,75.0,4,Dark,Clear,Main,Passenger Train - Pulling,79,15139,0,15139,M308,26.010400000000001,-80.149051
UP,0623GL014,2023-06-14,7:45 PM,Obstruction,0,DES MOINES,IA,87.0,3,Dusk,Clear,Yard,Yard/switching,1,0,48800,48800,M402,41.590358000000002,-93.572248999999999
NS,123103,2016-12-10,9:55 AM,Other (describe in narrative),0,CHATTANOOGA,TN,29.0,2,Day,Clear,Yard,Light loco(s),2,17830,100,17930,H702,35.060735999999999,-85.266797999999994
SKOL,240614005,2024-06-14,9:45 PM,Derailment,0,CHERRYVALE,KS,74.0,4,Dark,Clear,Yard,Yard/switching,6,5010,30000,35010,M101,37.327955000000003,-95.531454999999994
NS,115056,2015-03-30,4:30 PM,Hwy-rail crossing,0,WILLIAMSTOWN,KY,60.0,3,Dusk,Clear,Main,Freight Train,43,482,24154,24636,M303,38.651936999999997,-84.571577000000005
BNSF,PR1219114,2019-12-26,10:36 AM,Derailment,0,PUEBLO,CO,40.0,2,Day,Clear,Yard,Yard/switching,4,24403,13500,37903,H505,38.275981000000002,-104.63067100000001
IC,1075532,2021-07-02,1:00 PM,Derailment,0,HOMEWOOD,IL,71.0,2,Day,Clear,Yard,Light loco(s),5,87197,0,87197,M405,41.619608999999997,-87.637298999999999
NS,139958,2020-12-09,1:00 AM,Side collision,0,DECATUR,IL,35.0,4,Dark,Clear,Yard,Freight Train,4,19298,0,103344,H702,39.852179,-88.918353999999994
IC,1079704,2021-08-12,4:59 PM,Hwy-rail crossing,0,PEOTONE,IL,75.0,2,Day,Clear,Main,,0,0,33000,39594,M308,41.295516999999997,-87.810149999999993
UP,0722HL010,2022-07-07,7:30 PM,Derailment,0,KANSAS CITY,KS,88.0,3,Dusk,Clear,Yard,Freight Train,4,64020,161675,225695,E64C,39.131832000000003,-94.612181000000007
NS,135064,2019-08-12,5:30 AM,Derailment,0,LOUDON,TN,68.0,1,Dawn,Clear,Main,Freight Train,6,30000,16981,46981,H506,35.756799000000001,-84.318828999999994
CSX,000199334,2021-07-29,3:52 PM,Other impacts,0,NASHVILLE,TN,95.0,2,Day,Clear,Yard,Cut of cars,5,13695,150,13845,M411,36.112141999999999,-86.770736999999997
CSX,000139827,2015-01-10,12:11 AM,Other impacts,0,AVON,IN,3.0,4,Dark,Clear,Yard,Single Car,17,11054,0,11054,M407,39.759341999999997,-86.347116
UP,0722PN021,2022-07-22,2:00 PM,Obstruction,0,MOUNTAIN HOME,ID,93.0,2,Day,Clear,Industry,Freight Train,2,17254,0,17254,M402,43.121429999999997,-115.686993
BNSF,KS0416101,2016-04-10,10:00 PM,Derailment,0,AMARILLO,TX,55.0,4,Dark,Rain,Yard,Freight Train,0,107199,0,122313,H020,35.199376999999998,-101.82907
UP,0423GL012,2023-04-06,5:45 PM,Derailment,0,SIOUX CITY,IA,55.0,2,Day,Clear,Main,Yard/switching,3,308257,290871,599128,H019,42.518332999999998,-96.381022999999999
UP,1222TO039,2022-12-31,10:40 PM,Derailment,0,TEMPLE,TX,60.0,4,Dark,Clear,Yard,,0,0,4900,20784,H021,31.074282,-97.343237999999999
BNSF,NW0623104,2023-06-07,4:20 AM,Derailment,0,RATHDRUM,ID,50.0,1,Dawn,Clear,Yard,Light loco(s),5,42500,14488,56988,H207,47.787205999999998,-116.936762
BNSF,HL0123107,2023-01-11,12:23 PM,Derailment,0,MEMPHIS,TN,65.0,2,Day,Cloudy,Yard,Yard/switching,2,6577,8418,14995,H202,35.023176999999997,-89.887101000000001
FEC,X11022920,2020-02-29,7:18 AM,Hwy-rail crossing,0,VERO BEACH,FL,54.0,1,Dawn,Clear,Main,Freight Train,43,29332,99,29431,M303,27.64555,-80.399668000000005
CSX,000162327,2016-08-22,5:45 PM,Derailment,0,TALLAHASSEE,FL,88.0,2,Day,Clear,Main,Freight Train,27,25091,146,25237,E33C,30.436689999999999,-84.158147
BNSF,PR0422113,2022-04-28,10:30 AM,Derailment,0,DENVER,CO,59.0,2,Day,Clear,Yard,Freight Train,4,7177,6000,13177,T220,39.776009999999999,-104.98108499999999
RTDC,134852,2020-04-05,12:18 AM,Hwy-rail crossing,0,AURORA,CO,38.0,4,Dark,Clear,Main,EMU,10,65400,0,65400,M399,39.759656,-104.81003800000001
IHB,2614,2020-07-06,5:20 AM,Derailment,0,HAMMOND,IN,80.0,1,Dawn,Clear,Yard,Yard/switching,3,19109,1500,20609,H306,41.607187000000003,-87.484245999999999
UP,0523GL007,2023-05-06,10:00 PM,Other (describe in narrative),0,ALDEN,IA,65.0,4,Dark,Cloudy,Main,Freight Train,15,2413,16810,19223,E61C,42.419744000000001,-93.375583000000006
NS,135657,2019-09-28,9:05 PM,Other impacts,0,ELKHART,IN,61.0,4,Dark,Clear,Yard,Yard/switching,2,1226,12266,13492,M411,41.67736,-85.978494999999995
BNSF,PR0722105,2022-07-14,7:34 AM,Derailment,0,DENVER,CO,76.0,1,Dawn,Clear,Yard,Freight Train,6,20145,3500,23645,H525,39.762188000000002,-104.99532499999999
ATK,135476,2014-12-06,1:25 PM,Hwy-rail crossing,0,LAKELAND,FL,64.0,2,Day,Cloudy,Main,Passenger Train - Pulling,69,20445,0,20445,M302,28.029714999999999,-82.039390999999995
UP,0921MA037,2021-09-29,2:50 PM,Derailment,0,VENICE,IL,87.0,2,Day,Clear,Yard,Freight Train,5,6497,0,22046,H523,38.676411000000002,-90.164850000000001
CSX,000217497,2024-04-18,6:00 PM,Derailment,0,NASHVILLE,TN,65.0,2,Day,Clear,Yard,Cut of cars,8,107580,25558,133138,S007,36.112136,-86.770713000000001
ATK,140764,2016-01-14,6:57 PM,Hwy-rail crossing,0,JACKSONVILLE,FL,60.0,4,Dark,Clear,Main,Passenger Train - Pulling,63,16744,0,16890,M302,30.247657,-81.698087000000001
NIRC,9419000620,2022-01-13,5:33 PM,Hwy-rail crossing,0,CHICAGO,IL,37.0,4,Dark,Clear,Main,Commuter Train - Pushing,35,19229,0,19229,M308,41.689349999999997,-87.662180000000006
CSX,000213865,2023-10-01,8:21 PM,Hwy-rail crossing,0,STAFFORD,VA,67.0,4,Dark,Clear,Main,,0,0,116,15214,M308,38.438327999999998,-77.338245000000001
CSX,000184214,2019-07-18,1:55 PM,Hwy-rail crossing,0,OXFORD,FL,92.0,2,Day,Clear,Main,Freight Train,44,400,12672,13072,M303,28.912776999999998,-82.030581999999995
BNSF,TC0321102,2021-03-01,8:55 PM,Other (describe in narrative),0,SIOUX CITY,IA,40.0,3,Dusk,Clear,Yard,Freight Train,9,0,34000,34000,H607,42.529636000000004,-96.364063000000002
NS,135691,2019-10-02,8:30 AM,Side collision,0,ELKHART,IN,70.0,2,Day,Rain,Yard,Yard/switching,5,36735,0,122108,H306,41.67736,-85.978494999999995
WC,1030125,2020-03-18,12:34 PM,Side collision,0,GARY,IN,45.0,2,Day,Rain,Yard,Yard/switching,0,43200,250,125150,H307,41.629327000000004,-87.391234999999995
BLF,20221109,2022-12-09,6:50 PM,Hwy-rail crossing,0,LAKE WORTH,FL,80.0,4,Dark,Clear,Main,Passenger Train - Pulling,79,43058,0,43733,M308,26.596150999999999,-80.054709000000003
UP,0521HO005,2021-05-05,10:30 AM,Hwy-rail crossing,0,RICHMOND,TX,71.0,2,Day,Clear,Main,Freight Train,40,4613,21365,25978,M304,29.583487999999999,-95.762304
BNSF,PR0120110,2020-01-18,6:15 PM,Derailment,0,STERLING,CO,38.0,3,Dusk,Clear,Main,Freight Train,8,23528,2586,26114,H704,40.660713999999999,-103.178033
BNSF,HL0320108,2020-03-08,10:06 PM,Side collision,0,KEOKUK,IA,55.0,4,Dark,Cloudy,Main,Freight Train,0,119646,0,149646,H306,40.386566999999999,-91.404217000000003
FEC,X20110821,2021-11-08,10:18 AM,Hwy-rail crossing,0,POMPANO BEACH,FL,75.0,2,Day,Clear,Main,,0,0,190,17344,M308,26.234183000000002,-80.125085999999996
IANR,WLD0709181,2018-07-09,3:45 PM,Derailment,0,WATERLOO,IA,83.0,2,Day,Clear,Yard,Freight Train,8,4161,16015,20176,H704,42.465789999999998,-92.315050999999997
BNSF,GC1115100,2015-11-01,12:30 AM,Derailment,0,HOUSTON,TX,70.0,4,Dark,Rain,Yard,Yard/switching,9,22250,0,22250,H307,29.914659,-95.509164999999996
BNSF,NW1022109,2022-10-19,2:10 AM,Derailment,0,POST FALLS,ID,42.0,4,Dark,Clear,Yard,Freight Train,5,21543,55000,76543,H703,47.775323999999998,-116.959052
SLRG,SL220424A,2022-04-24,9:08 PM,Other impacts,0,LA VETA,CO,32.0,4,Dark,Snow,Siding,Single Car,20,14592,0,39772,E08C,37.511353999999997,-105.01947800000001
CSX,000194577,2020-12-20,4:40 AM,Derailment,0,ROCKY MOUNT,NC,35.0,4,Dark,Rain,Yard,Yard/switching,2,18635,0,18635,H018,35.918852999999999,-77.804446999999996
NS,146443,2022-09-11,6:30 AM,Other impacts,0,ATLANTA,GA,72.0,1,Dawn,Cloudy,Yard,Single Car,0,24286,0,36486,H312,33.793519000000003,-84.444440999999998
UP,0119GC022,2019-01-04,6:50 AM,Derailment,0,HOUSTON,TX,39.0,1,Dawn,Cloudy,Yard,Yard/switching,4,53785,13338,67123,S007,29.815968999999999,-95.289257000000006
UP,0420RM026,2020-04-15,2:13 PM,Derailment,0,GRAND JUNCTION,CO,55.0,2,Day,Clear,Yard,Yard/switching,6,34569,2656,37225,H702,39.067998000000003,-108.531873
BNSF,PR0918207,2018-09-27,6:35 PM,Hwy-rail crossing,0,KEENESBURG,CO,71.0,3,Dusk,Clear,Main,Freight Train,60,442811,290000,732811,M308,40.127854999999997,-104.47073399999999
CRSH,146832,2024-02-24,7:50 PM,Other impacts,0,CAMDEN,NJ,27.0,3,Dusk,Clear,Yard,Freight Train,5,13000,0,40312,H401,39.953887999999999,-75.087221999999997
UP,0923GL018,2023-09-18,9:00 PM,Derailment,0,COUNCIL BLUFFS,IA,70.0,4,Dark,Clear,Yard,Yard/switching,9,64013,4532,68545,H607,41.250072000000003,-95.881371999999999
UP,0819TO031,2019-08-25,3:51 PM,Hwy-rail crossing,0,PECOS,TX,106.0,2,Day,Cloudy,Main,Freight Train,30,20175,1642,21817,M304,31.391226,-103.602104
UP,1019GL030,2019-10-31,9:37 PM,Derailment,0,CALAMUS,IA,23.0,4,Dark,Snow,Main,Freight Train,50,6651,59160,65811,M201,41.826613000000002,-90.789305999999996
SFRV,011915,2015-01-19,9:00 AM,Hwy-rail crossing,0,DEERFIELD BEACH,FL,70.0,2,Day,Clear,Main,Commuter Train - Pushing,40,14692,0,15026,M302,26.290476000000002,-80.130835000000005
BRC,14620,2023-03-15,12:20 AM,Derailment,0,BEDFORD PARK,IL,25.0,4,Dark,Clear,Yard,Yard/switching,5,136205,1000,137205,H702,41.768000000000001,-87.78031
UP,0618TC033,2018-06-28,2:45 AM,Derailment,0,CALLENDER,IA,67.0,4,Dark,Cloudy,Siding,Freight Train,4,31492,2427,33919,H702,42.384189999999997,-94.29092
BLF,20210095,2021-11-17,7:30 PM,Obstruction,0,POMPANO,FL,71.0,3,Dusk,Clear,Main,Passenger Train - Pulling,74,15208,0,15308,M402,26.260300000000001,-80.117896999999999
NS,151940,2023-01-07,5:00 AM,Other (describe in narrative),0,MOUNTAIN VIEW,GA,39.0,1,Dawn,Clear,Industry,Freight Train,5,26500,3308,29808,H704,33.645525999999997,-84.390517000000003
CSX,000196877,2021-04-08,10:37 AM,Hwy-rail crossing,0,LITHONIA,GA,70.0,2,Day,Clear,Main,Freight Train,40,2448,9474,11922,M303,33.702398000000002,-84.088600999999997
IAIS,2015067,2015-07-20,7:50 AM,Hwy-rail crossing,0,GENESEO,IL,80.0,1,Dawn,Cloudy,Main,Freight Train,28,25000,0,25000,M302,41.459815999999996,-90.182022000000003
ATK,177386,2023-11-30,6:52 AM,Hwy-rail crossing,0,HOLLAND,OH,40.0,1,Dawn,Cloudy,Main,Passenger Train - Pulling,77,86330,0,86330,M308,41.617117,-83.713204000000005
NS,115256,2015-04-14,9:15 PM,Derailment,0,WHEELERSBURG,OH,72.0,4,Dark,Clear,Industry,Freight Train,8,41325,1500,42825,H702,38.697310999999999,-82.864541000000003
NS,145605,2022-06-20,11:45 PM,Side collision,0,ATLANTA,GA,72.0,4,Dark,Clear,Yard,Freight Train,0,11906,0,39944,H305,33.793519000000003,-84.444440999999998
FGA,D12162022,2022-12-16,2:25 AM,Derailment,0,MARIANNA,FL,44.0,4,Dark,Clear,Industry,Freight Train,2,250,6350,6600,H306,30.736084000000002,-85.184836000000004
NS,143494,2021-11-17,10:30 PM,Derailment,0,MACON,GA,50.0,4,Dark,Clear,Yard,Yard/switching,0,134951,5365,140316,E30C,32.813729000000002,-83.622793000000001
CC,970517,2018-08-22,8:20 PM,Side collision,0,SIOUX CITY,IA,65.0,3,Dusk,Clear,Yard,Cut of cars,3,32000,0,40080,H020,42.495697,-96.391755000000003
UP,0718PD024,2018-07-28,10:32 AM,Derailment,0,STANFIELD,OR,95.0,2,Day,Clear,Yard,Single Car,2,21597,150,21747,M408,45.796652999999999,-119.26122599999999
SLRG,SL210318A,2021-03-18,1:10 AM,Derailment,0,LA VETA,CO,24.0,4,Dark,Clear,Main,Freight Train,5,23256,10733,33989,T222,37.512402000000002,-105.11527100000001
CSX,000175345,2018-03-21,9:16 PM,Side collision,0,RICHMOND,VA,34.0,4,Dark,Cloudy,Yard,Yard/switching,3,0,0,34691,H301,37.594321999999998,-77.484606999999997
CSX,000207908,2022-10-18,1:20 PM,Side collision,0,WAYCROSS,GA,78.0,2,Day,Clear,Yard,Yard/switching,8,11438,0,13581,H307,31.213508999999998,-82.353556999999995
FEC,D83A111721,2021-11-17,7:30 PM,Obstruction,0,POMPANO BEACH,FL,71.0,3,Dusk,Clear,Main,,0,0,100,15308,M402,26.260300000000001,-80.117896999999999
BLF,20220540,2022-06-07,2:24 PM,Hwy-rail crossing,0,OAKLAND PARK,FL,80.0,2,Day,Rain,Main,Passenger Train - Pulling,77,28000,0,28208,M308,26.20364,-80.132339999999999
BLF,20200110,2020-03-17,11:09 AM,Hwy-rail crossing,0,POMPANO BEACH,FL,78.0,2,Day,Clear,Main,Passenger Train - Pulling,50,23856,0,24355,M308,26.236923000000001,-80.124311000000006
UP,0521GP002,2021-05-05,3:30 AM,Other impacts,0,LA SALLE,CO,42.0,4,Dark,Clear,Yard,Single Car,0,591,0,22441,H318,40.350709999999999,-104.700653
UP,0122RM044,2022-01-30,10:30 PM,Derailment,0,POCATELLO,ID,6.0,4,Dark,Clear,Industry,Freight Train,4,11210,396,11606,M101,42.905338,-112.553212
UP,0423RM012,2023-04-08,11:34 PM,Derailment,0,AMERICAN FALLS,ID,43.0,4,Dark,Cloudy,Main,Freight Train,40,623338,215739,839077,E33C,42.798372000000001,-112.84582399999999
FEC,X27123021,2021-12-30,12:48 AM,Hwy-rail crossing,0,LANTANA,FL,70.0,4,Dark,Clear,Main,,0,0,449,30192,M308,26.584413000000001,-80.052244999999999
UP,0520SX008,2020-05-10,2:38 AM,Other impacts,0,SAN ANTONIO,TX,63.0,4,Dark,Clear,Yard,Single Car,0,108,0,29632,H312,29.373816000000001,-98.559241999999998
BNSF,PR0820105,2020-08-08,10:20 AM,Derailment,0,PUEBLO,CO,85.0,2,Day,Clear,Yard,Yard/switching,3,14865,2900,17765,H505,38.274867999999998,-104.62954499999999
IHB,2303,2017-04-05,2:15 AM,Other impacts,0,EAST CHICAGO,IN,45.0,4,Dark,Cloudy,Yard,Cut of cars,5,28561,0,28561,H318,41.640650000000001,-87.458929999999995
SVHO,230109001,2023-01-09,6:30 AM,Other impacts,0,SAVANNAH,GA,54.0,4,Dark,Clear,Yard,Single Car,0,28831,0,33017,H302,32.076849000000003,-81.070869000000002
NS,139958,2020-12-09,1:00 AM,Side collision,0,DECATUR,IL,35.0,4,Dark,Clear,Yard,Yard/switching,6,84046,0,103344,H702,39.852179,-88.918353999999994
NS,144399,2022-02-16,6:00 PM,Derailment,0,DECATUR,IL,38.0,3,Dusk,Clear,Industry,Yard/switching,3,18351,0,18351,M101,39.862856999999998,-88.928398000000001
UP,0420GP010,2020-04-08,7:18 PM,Derailment,0,DENVER,CO,69.0,3,Dusk,Clear,Yard,Yard/switching,9,28367,62467,90834,H019,39.797369000000003,-104.998276
UP,1022HO022,2022-10-24,8:00 AM,Derailment,0,HOUSTON,TX,75.0,2,Day,Rain,Yard,Yard/switching,2,14247,198,14445,E39C,29.796938000000001,-95.291681999999994
UP,0519GP015,2019-05-17,10:30 AM,Hwy-rail crossing,0,AULT,CO,58.0,2,Day,Clear,Main,Freight Train,33,92410,98668,191078,M304,40.589086000000002,-104.733512
UP,1019HL039,2019-10-30,4:10 PM,Derailment,0,WALSENBURG,CO,18.0,2,Day,Snow,Industry,,0,0,744,1488,H017,38.185175999999998,-104.613996
UP,0124GL002,2024-01-03,10:00 AM,Obstruction,0,RANDALL,IA,28.0,2,Day,Cloudy,Main,Freight Train,17,0,0,70000,H404,42.239987999999997,-93.603909000000002
UP,0823GL020,2023-08-10,3:16 PM,Derailment,0,COUNCIL BLUFFS,IA,82.0,2,Day,Clear,Yard,Yard/switching,3,5097,1524,6621,M405,41.246532999999999,-95.874073999999993
ALS,20220304,2022-03-04,8:15 PM,Derailment,0,EAST ST LOUIS,IL,54.0,4,Dark,Clear,Yard,Yard/switching,4,4000,62300,66300,S099,38.589002000000001,-90.137388000000001
BRC,13691,2016-02-29,4:00 AM,Derailment,0,BEDFORD PARK,IL,32.0,4,Dark,Cloudy,Yard,Cut of cars,17,21885,1725,23610,M411,41.774225999999999,-87.781244999999998
CSX,000159338,2016-04-27,7:15 PM,Other impacts,0,JACKSONVILLE,FL,80.0,3,Dusk,Clear,Yard,Yard/switching,5,34421,50,44471,H302,30.359362000000001,-81.716896000000006
UP,1121GP033,2021-11-17,8:26 PM,Hwy-rail crossing,0,LA SALLE,CO,29.0,4,Dark,Clear,Siding,Freight Train,7,119673,11478,131151,M399,40.351923999999997,-104.699673
DRIR,070421,2021-07-04,2:00 PM,Other (describe in narrative),0,COMMERCE CITY,CO,90.0,2,Day,Clear,Industry,Cut of cars,0,200000,0,200000,M406,39.794649,-104.93455899999999
NS,129529,2018-05-14,6:15 AM,Side collision,0,WEST MIFFLIN,PA,55.0,1,Dawn,Clear,Main,Cut of cars,0,39000,0,39000,H302,40.401335000000003,-79.877943999999999
UP,0724GL005,2024-07-06,5:24 AM,Other impacts,0,DES MOINES,IA,61.0,1,Dawn,Clear,Yard,Yard/switching,5,12864,0,20721,H318,41.589444,-93.570347999999996
UP,0722PN005,2022-07-09,2:20 AM,Derailment,0,NAMPA,ID,72.0,4,Dark,Clear,Yard,Yard/switching,0,45075,0,298262,H704,43.583421999999999,-116.56395000000001
NS,130634,2018-08-19,1:20 AM,Derailment,0,NORFOLK,VA,72.0,4,Dark,Rain,Yard,Work train,6,39222,22043,61265,H703,36.873776999999997,-76.301703000000003
BNSF,RD0820210,2020-08-31,5:05 PM,Hwy-rail crossing,0,MULESHOE,TX,94.0,3,Dusk,Clear,Main,Freight Train,42,3513,54290,57803,M308,34.212522,-102.70151
UP,0323SX020,2023-03-23,9:48 AM,Hwy-rail crossing,0,LULING,TX,71.0,2,Day,Clear,Main,Freight Train,35,9307,25250,34557,M302,29.679732000000001,-97.639533999999998
UP,0822HL026,2022-08-26,9:40 PM,Derailment,0,TOPEKA,KS,82.0,4,Dark,Clear,Yard,Freight Train,5,11716,26180,37896,H303,39.069156999999997,-95.675774000000004
CIC,D202299,2022-09-19,2:20 PM,Other impacts,0,CEDAR RAPIDS,IA,82.0,2,Day,Clear,Yard,Spec. MoW Equip.,3,26423,0,52846,H607,41.934179999999998,-91.702346000000006
KO,240824002,2024-08-24,1:35 AM,Derailment,0,HUTCHINSON,KS,74.0,4,Dark,Clear,Main,Freight Train,8,44595,65000,109595,E64C,38.047134,-97.922327999999993
BNSF,PR0520103,2020-05-09,10:41 PM,Derailment,0,PUEBLO,CO,55.0,4,Dark,Clear,Yard,Light loco(s),8,12000,7200,19200,H307,38.268298999999999,-104.620757
BNSF,PR0121108,2021-01-20,12:05 PM,Derailment,0,STERLING,CO,52.0,2,Day,Clear,Yard,Yard/switching,4,7645,6000,13645,H506,40.632142000000002,-103.19902999999999
GWR,GWR212963,2021-06-24,7:00 AM,Derailment,0,WINDSOR,CO,70.0,2,Day,Clear,Industry,Yard/switching,5,74000,113000,187000,H702,40.463740999999999,-104.860916
UP,0522HL002,2022-05-02,5:46 PM,Other impacts,0,KANSAS CITY,KS,52.0,2,Day,Cloudy,Yard,Light loco(s),4,4797,110448,143199,H307,39.096732000000003,-94.667361999999997
NICD,FRA16013,2016-10-26,5:22 PM,Other (describe in narrative),0,GARY,IN,60.0,2,Day,Rain,Main,Commuter Train - Pulling,60,14295,1200,15495,M599,41.603397999999999,-87.329806000000005
CSX,000215371,2023-12-27,12:00 PM,Obstruction,0,CASTLEWOOD,VA,45.0,2,Day,Clear,Main,Freight Train,18,12850,0,12850,M404,36.887706000000001,-82.338048000000001
FEC,X01010823,2023-01-08,6:39 PM,Hwy-rail crossing,0,POMPANO BEACH,FL,76.0,4,Dark,Clear,Main,,0,0,583,12947,M303,26.234183000000002,-80.125085999999996
NS,157022,2024-06-10,6:30 PM,Other impacts,0,MACON,GA,87.0,3,Dusk,Clear,Yard,Cut of cars,0,8452,0,22452,M411,32.81373,-83.622793999999999
CSX,000201811,2021-12-11,5:30 PM,Other impacts,0,WAYCROSS,GA,75.0,3,Dusk,Clear,Yard,Yard/switching,4,39868,328,43354,S016,31.213508999999998,-82.353556999999995
BNSF,KS1215102,2015-12-13,6:00 PM,Other impacts,0,HEREFORD,TX,32.0,3,Dusk,Snow,Yard,Yard/switching,5,16779,0,16779,H318,34.826441000000003,-102.373576
UP,0523GL027,2023-05-27,5:01 PM,Derailment,0,COUNCIL BLUFFS,IA,79.0,2,Day,Cloudy,Yard,Freight Train,4,168151,2225,170376,H503,41.239975999999999,-95.867761000000002
ATK,180814,2024-06-20,6:11 AM,Obstruction,0,NAHUNTA,GA,77.0,1,Dawn,Clear,Main,Passenger Train - Pulling,74,29800,0,29800,M404,31.141370999999999,-81.998703000000006
CSX,000175345,2018-03-21,9:16 PM,Side collision,0,RICHMOND,VA,34.0,4,Dark,Cloudy,Yard,Yard/switching,3,34691,0,34691,H301,37.594321999999998,-77.484606999999997
BNSF,KS0519202,2019-05-09,12:55 PM,Hwy-rail crossing,0,HEREFORD,TX,54.0,2,Day,Cloudy,Main,Freight Train,63,7000,16000,23000,M308,34.828009000000002,-102.370321
BRC,14565,2022-09-23,3:00 PM,Other impacts,0,BEDFORD PARK,IL,88.0,2,Day,Cloudy,Yard,Cut of cars,18,19510,0,19510,M407,41.767890000000001,-87.76652
FEC,D53081621,2021-08-16,11:00 PM,Raking collision,0,MIAMI-DADE,FL,79.0,4,Dark,Cloudy,Yard,Cut of cars,0,935000,0,1010743,H702,25.817112999999999,-80.309002000000007