reportingrailroadcode,accidentnumber,date,time,accidenttype,hazmatreleasedcars,station,stateabbr,temperature,visibility_code,visibility,weathercondition,tracktype,equipmenttype,trainspeed,equipmentdamagecost,trackdamagecost,totaldamagecost,primaryaccidentcausecode,latitude,longitude
BRC,14578,2022-11-07,11:20 AM,Other impacts,0,BEDFORD PARK,IL,52.0,2,Day,Clear,Yard,Cut of cars,0,4232,500,12422,M405,41.767380000000003,-87.741029999999995
CSX,000202902,2022-02-05,1:20 PM,Derailment,0,JACKSONVILLE,FL,70.0,2,Day,Cloudy,Yard,Yard/switching,5,6500,18864,25364,H702,30.383475000000001,-81.768294999999995
UP,0721PR004,2021-07-13,11:09 PM,Derailment,0,DOLTON,IL,72.0,4,Dark,Cloudy,Yard,Freight Train,7,45595,21560,67155,H514,41.631923999999998,-87.612243000000007
CC,1086466,2021-10-25,4:17 PM,Hwy-rail crossing,0,OSAGE,IA,50.0,2,Day,Cloudy,Main,Freight Train,24,29000,0,29000,M302,43.285027999999997,-92.819670000000002
UP,0124GL053,2024-01-31,8:50 PM,Derailment,0,SIOUX CITY,IA,35.0,4,Dark,Clear,Yard,Freight Train,4,16535,74970,91505,H306,42.519075000000001,-96.380324000000002
WC,1037077,2020-05-31,10:53 PM,Derailment,0,GARY,IN,60.0,4,Dark,Clear,Yard,Yard/switching,4,15000,1735,16735,H702,41.619802999999997,-87.372928000000002
UP,0617UT001,2017-06-01,10:00 PM,Other impacts,0,PROVO,UT,50.0,4,Dark,Clear,Yard,Cut of cars,0,2500,0,18382,H306,40.220094000000003,-111.646006
UP,0123GL056,2023-01-12,12:00 PM,Other (describe in narrative),0,LOWDEN,IA,30.0,2,Day,Clear,Yard,Single Car,0,23544,0,23544,E22C,41.851562000000001,-90.915921999999995
BNSF,TC0521201,2021-05-21,11:55 AM,Hwy-rail crossing,0,ALVORD,IA,80.0,2,Day,Cloudy,Main,Freight Train,46,2000,87000,89000,M302,43.345927000000003,-96.303701000000004
BNSF,GC0716110,2016-07-20,6:45 AM,Derailment,0,DAYTON,TX,96.0,1,Dawn,Clear,Main,Yard/switching,12,85264,0,214316,H503,29.983803000000002,-94.909915999999996
IC,1087042,2021-10-31,10:20 AM,Derailment,0,JOHNSTON CITY,IL,55.0,2,Day,Clear,Industry,Freight Train,8,60012,17000,77012,M202,37.858178000000002,-88.732391000000007
UP,0723GL024,2023-07-17,7:27 AM,Other impacts,0,BOONE,IA,61.0,2,Day,Clear,Yard,Cut of cars,0,0,0,62943,H318,42.062449999999998,-93.862324999999998
UP,1019GL003,2019-10-04,5:27 PM,Derailment,0,COLO,IA,58.0,2,Day,Clear,Main,Freight Train,40,3785,353768,357553,E61C,42.019072000000001,-93.324821
NS,139947,2020-12-08,5:00 AM,Derailment,0,GREENVILLE,SC,30.0,1,Dawn,Clear,Yard,Freight Train,1,150078,11281,161359,H503,34.854213000000001,-82.416150999999999
IC,1085177,2021-10-10,4:18 PM,Derailment,0,JACKSON,MS,72.0,2,Day,Clear,Yard,Freight Train,6,32740,68033,100773,E64C,32.332293999999997,-90.189486000000002
ATK,168793,2021-10-27,11:27 AM,Hwy-rail crossing,0,ALBIA,IA,56.0,2,Day,Cloudy,Main,Passenger Train - Pulling,62,50000,0,50000,M302,41.034897000000001,-92.856421999999995
UP,0722HL028,2022-07-21,1:53 PM,Derailment,0,KANSAS CITY,KS,92.0,2,Day,Clear,Yard,Freight Train,8,160587,64750,225337,M299,39.124319999999997,-94.606849999999994
CSX,000195441,2021-02-03,2:54 AM,Derailment,0,CINCINNATI,OH,24.0,4,Dark,Clear,Yard,Yard/switching,10,18030,5795,23825,M411,37.850351000000003,-84.256836000000007
SFRV,08192020,2020-08-19,1:28 PM,Fire/violent rupture,0,DEERFIELD BEACH,FL,85.0,2,Day,Clear,Main,Commuter Train - Pulling,0,500000,0,500000,E74L,26.190225000000002,-80.072496999999998
NICD,N2300003,2023-04-14,7:00 AM,Hwy-rail crossing,0,GARY,IN,60.0,2,Day,Clear,Main,Commuter Train - Pulling,40,190875,0,190875,M308,41.605730000000001,-87.399882000000005
BNSF,RD0123201,2023-01-04,6:19 AM,Hwy-rail crossing,0,BEAUMONT,TX,48.0,1,Dawn,Clear,Main,Freight Train,10,1200,24000,25200,M302,30.176189999999998,-94.177526999999998
CSX,000210737,2023-04-10,11:30 AM,Derailment,0,HAMMOND,IN,69.0,2,Day,Clear,Yard,Freight Train,9,3700,0,16335,H513,41.612920000000003,-87.499099000000001
UP,0423GL009,2023-04-05,3:27 PM,Other (describe in narrative),0,SHEFFIELD,IA,36.0,2,Day,Clear,Main,Freight Train,11,9456,4400,13856,E20C,42.860258999999999,-93.231650000000002
ATK,169524,2022-01-19,10:13 AM,Hwy-rail crossing,0,ALBIA,IA,7.0,2,Day,Clear,Main,Passenger Train - Pulling,70,14386,0,14386,M302,41.061985,-92.725899999999996
NS,157829,2024-08-25,4:45 PM,Other impacts,0,ATLANTA,GA,90.0,3,Dusk,Clear,Yard,Single Car,0,750,0,17250,M599,33.793520000000001,-84.444440999999998
NS,118765,2016-01-02,6:45 PM,Derailment,0,LOUISVILLE,KY,50.0,3,Dusk,Clear,Yard,Yard/switching,4,45744,500,46244,H312,38.263508000000002,-85.801427000000004
BNSF,TC1222101,2022-12-01,2:30 AM,Derailment,0,SIOUX CITY,IA,18.0,4,Dark,Cloudy,Yard,Freight Train,9,193837,100000,293837,E46C,42.511501000000003,-96.373717999999997
ATK,162870,2020-01-24,11:10 AM,Obstruction,0,NEWINGTON,CT,44.0,2,Day,Clear,Main,Maint./inspect Car,0,65000,32514,159766,H402,41.677619999999997,-72.750005999999999
CSX,000200382,2021-09-28,7:15 PM,Derailment,0,NICHOLLS,GA,80.0,3,Dusk,Clear,Main,Freight Train,47,18765,164,18929,E33C,31.509150000000002,-82.738820000000004
BLF,20210193,2021-12-30,12:48 AM,Hwy-rail crossing,0,LANTANA,FL,70.0,4,Dark,Clear,Main,Passenger Train - Pulling,78,29743,0,30192,M308,26.584413000000001,-80.052244999999999
BNSF,TC0223120,2023-02-27,8:09 PM,Derailment,0,SIOUX CITY,IA,28.0,3,Dusk,Clear,Yard,Yard/switching,3,22798,1125,23923,E40C,42.491211999999997,-96.390872000000002
CSX,000160864,2016-06-27,10:25 AM,Hwy-rail crossing,0,DADE CITY,FL,85.0,2,Day,Clear,Main,Freight Train,40,26135,146,26281,M308,28.371850999999999,-82.182175999999998
RTDC,128437,2020-01-26,5:45 AM,Other (describe in narrative),0,AURORA,CO,32.0,1,Dawn,Cloudy,Main,EMU,10,0,19108,19108,H605,39.767530999999998,-104.787623
CFRC,22053,2022-02-22,11:35 AM,Derailment,0,KISSIMMEE,FL,82.0,2,Day,Clear,Yard,Commuter Train - Pulling,4,11200,2500,13700,H303,28.258655000000001,-81.481278000000003
IC,1091496,2022-01-02,12:40 AM,Derailment,0,DECATUR,IL,24.0,4,Dark,Snow,Industry,Freight Train,10,100000,4000,104000,T220,39.854748000000001,-88.945387999999994
LIRC,1117201601,2016-11-17,5:33 PM,Derailment,0,JEFFERSONVILLE,IN,68.0,3,Dusk,Clear,Yard,Freight Train,7,55000,9000,64000,M501,38.291618,-85.752949999999998
BNSF,CH1122117,2022-11-27,8:10 AM,Derailment,0,BARSTOW,IL,40.0,1,Dawn,Rain,Yard,Freight Train,3,25303,125000,150303,H503,41.519731999999998,-90.359583999999998
CSX,000158557,2016-03-29,8:36 AM,Hwy-rail crossing,0,HILLVIEW,KY,48.0,2,Day,Clear,Main,Freight Train,47,1460,10000,11460,M303,38.039465999999997,-85.709592999999998
NS,130005,2018-06-28,10:20 AM,Other impacts,0,ELKHART,IN,84.0,2,Day,Clear,Yard,Yard/switching,2,15102,0,15102,S016,41.67736,-85.978494999999995
BNSF,SW0323112,2023-03-29,6:30 AM,Derailment,0,CLOVIS,NM,40.0,1,Dawn,Clear,Yard,Yard/switching,5,22061,33960,56021,H307,34.398023000000002,-103.219917
CSX,000207320,2022-09-18,6:35 AM,Hwy-rail crossing,0,LAKELAND,FL,80.0,1,Dawn,Fog,Main,Freight Train,3,9530,15909,25439,M302,28.033190000000001,-82.019171
UP,0823GL015,2023-08-08,9:30 PM,Derailment,0,COUNCIL BLUFFS,IA,77.0,4,Dark,Clear,Main,Freight Train,3,6109,7334,13443,H508,41.286824000000003,-95.860131999999993
UP,0522HL008,2022-05-08,4:42 AM,Derailment,0,KANSAS CITY,KS,63.0,1,Dawn,Cloudy,Yard,Yard/switching,3,13140,3200,16340,H506,39.100332000000002,-94.676118000000002
NS,157000,2024-06-08,5:35 PM,Other impacts,1,ATLANTA,GA,85.0,3,Dusk,Clear,Yard,Yard/switching,0,40782,2599,171368,H318,33.793520000000001,-84.444440999999998
CSX,000156056,2016-01-14,6:57 PM,Hwy-rail crossing,0,JACKSONVILLE,FL,53.0,3,Dusk,Clear,Main,,0,0,146,16890,M302,30.247655999999999,-81.698087000000001
NS,145605,2022-06-20,11:45 PM,Side collision,0,ATLANTA,GA,72.0,4,Dark,Clear,Yard,Work train,4,27038,1000,39944,H305,33.793519000000003,-84.444440999999998
EIRR,220823001,2022-08-23,2:20 PM,Hwy-rail crossing,0,SUGAR CITY,ID,88.0,2,Day,Clear,Main,Freight Train,41,7000,142909,149909,M302,43.883696999999998,-111.744456
BNSF,PR0623104,2023-06-09,3:19 AM,Derailment,0,PUEBLO,CO,40.0,4,Dark,Clear,Yard,Yard/switching,10,13202,5200,18402,H504,38.272039999999997,-104.626232
CSX,000159338,2016-04-27,7:15 PM,Other impacts,0,JACKSONVILLE,FL,80.0,3,Dusk,Clear,Yard,Single Car,0,10000,0,44471,H302,30.359362000000001,-81.716896000000006
BNSF,PR0623108,2023-06-15,10:50 PM,Derailment,0,COMMERCE CITY,CO,58.0,4,Dark,Rain,Yard,Freight Train,6,236918,0,237083,H307,39.800009000000003,-104.949022
EIRR,221003002,2022-10-03,7:20 AM,Derailment,0,PAUL,ID,50.0,1,Dawn,Clear,Main,Freight Train,20,16000,13862,29862,T213,42.608880999999997,-113.725088
CSX,000174398,2018-01-30,11:32 PM,Derailment,0,LAKELAND,FL,42.0,4,Dark,Clear,Industry,Freight Train,8,30431,210,30641,H307,28.034972,-81.936567999999994
RJCP,RJCP0001,2016-10-29,4:30 PM,Derailment,0,INDIANA,PA,55.0,3,Dusk,Clear,Main,Freight Train,10,4800,35000,39800,T221,40.726168999999999,-78.925161000000003
UP,0624HL020,2024-06-14,12:15 PM,Derailment,0,PARSONS,KS,89.0,2,Day,Clear,Yard,Yard/switching,5,9350,46809,56159,H702,37.346522,-95.269687000000005
UP,0321ES032,2021-03-16,2:00 PM,Obstruction,0,PALESTINE,TX,77.0,2,Day,Cloudy,Main,Spec. MoW Equip.,0,16700,0,19188,H997,31.698661000000001,-95.714444999999998
FEC,D79110921,2021-11-09,6:05 PM,Obstruction,0,MIAMI-DADE,FL,73.0,3,Dusk,Clear,Main,,0,0,100,18541,M402,25.926138999999999,-80.154248999999993
ATK,160159,2019-07-19,2:43 PM,Fire/violent rupture,0,CLIFTON FORGE,VA,85.0,2,Day,Clear,Main,Passenger Train - Pulling,0,12615,0,12615,M406,37.813453000000003,-79.818864000000005
NS,119316,2016-02-11,6:30 AM,Side collision,0,NEW ALBANY,KY,20.0,1,Dawn,Clear,Yard,Light loco(s),5,30,0,12030,H307,38.263534999999997,-85.801413999999994
NS,128562,2018-02-17,3:05 AM,Derailment,0,KNOXVILLE,TN,55.0,4,Dark,Cloudy,Main,Freight Train,17,800,46197,46997,E64C,35.960245,-83.940702999999999
BNSF,TC0624105,2024-06-10,5:50 AM,Derailment,0,SIOUX CITY,IA,82.0,1,Dawn,Clear,Main,,0,0,65000,119690,H702,42.488236000000001,-96.381230000000002
BNSF,CH0122114,2022-01-28,8:07 PM,Derailment,0,WILLOW SPRINGS,IL,16.0,3,Dusk,Snow,Yard,Freight Train,7,8600,3000,11600,M409,41.739547999999999,-87.878611000000006
FEC,D39072919,2019-07-29,7:30 PM,Derailment,0,MIAMI-DADE,FL,78.0,3,Dusk,Cloudy,Yard,Yard/switching,10,3819,8425,12244,S011,25.836423,-80.308974000000006
BNSF,PR0322103,2022-03-06,3:00 AM,Derailment,0,DENVER,CO,8.0,4,Dark,Cloudy,Yard,Light loco(s),3,37300,4393,41693,H307,39.762841000000002,-104.99399099999999
CSX,000219579,2024-07-28,9:00 PM,Derailment,0,SAVANNAH,GA,80.0,4,Dark,Clear,Yard,Yard/switching,7,21146,1468,22614,H601,32.02769,-81.148831999999999
UP,0823GL029,2023-08-12,3:30 PM,Derailment,0,COUNCIL BLUFFS,IA,84.0,2,Day,Clear,Yard,Freight Train,4,9122,2770,11892,E49C,41.275945,-95.860640000000004
WC,835171,2014-12-13,9:37 AM,Rear end collision,0,JOLIET,IL,38.0,2,Day,Clear,Main,Freight Train,19,150000,0,597122,H222,41.542029999999997,-88.060249999999996
FEC,X21112321,2021-11-23,9:56 AM,Hwy-rail crossing,0,DELRAY BEACH,FL,73.0,2,Day,Clear,Main,,0,0,253,11208,M308,26.461653999999999,-80.070318
CSX,000155481,2015-12-23,6:00 PM,Other impacts,0,RICHMOND,KY,67.0,4,Dark,Rain,Industry,Yard/switching,7,22000,1775,23775,M105,37.850352000000001,-84.256836000000007
UP,0215KC005,2015-02-10,6:20 AM,Other impacts,0,KANSAS CITY,KS,30.0,4,Dark,Cloudy,Yard,Cut of cars,0,5073,0,30541,H307,39.090375000000002,-94.635195999999993
NS,144371,2022-02-13,2:30 PM,Other (describe in narrative),0,CHICAGO,IL,17.0,2,Day,Clear,Yard,Freight Train,5,134122,0,173298,H702,41.694381,-87.564353999999994
NS,134078,2019-05-26,7:15 AM,Other (describe in narrative),0,PINE HALL,NC,84.0,1,Dawn,Clear,Industry,Freight Train,3,17880,7500,25380,H702,36.276276000000003,-80.076997000000006
NS,145993,2022-07-26,3:30 AM,Side collision,0,ATLANTA,GA,77.0,4,Dark,Clear,Yard,Light loco(s),1,2,20250,24122,H399,33.793519000000003,-84.444440999999998
CSX,000150393,2015-08-10,3:50 AM,Derailment,0,PENSACOLA,FL,79.0,1,Dawn,Clear,Main,Freight Train,2,84325,39056,123381,H503,30.454135000000001,-87.228817000000006
ALS,201811262,2018-11-26,1:45 AM,Derailment,0,EAST ST LOUIS,IL,30.0,4,Dark,Sleet,Yard,Yard/switching,2,16500,2237,18737,M405,38.890602999999999,-90.184275999999997
BNSF,SW0215102,2015-02-07,1:35 PM,Derailment,0,GALLUP,NM,60.0,2,Day,Clear,Industry,Freight Train,7,1364162,5000,1369162,M101,35.513947999999999,-108.874585
UP,0723GL043,2023-07-30,8:17 AM,Other impacts,0,CLINTON,IA,67.0,2,Day,Clear,Yard,Yard/switching,3,4622,18903,535586,H306,41.817543999999998,-90.218288000000001
UP,0622RM017,2022-06-10,6:23 AM,Derailment,0,POCATELLO,ID,59.0,1,Dawn,Cloudy,Main,Freight Train,0,2031,0,1430122,M204,42.827427,-112.409665
FEC,D157121514,2014-12-15,10:50 AM,Derailment,0,FT PIERCE,FL,68.0,2,Day,Clear,Yard,Yard/switching,9,40000,8294,48294,T212,27.440645,-80.322574000000003
BNSF,PR0122107,2022-01-29,8:45 AM,Derailment,0,BRUSH,CO,19.0,1,Dawn,Clear,Siding,Freight Train,4,18205,500,18705,H312,40.253028999999998,-103.645155
UP,0419GL035,2019-04-22,2:40 AM,Side collision,0,BOONE,IA,68.0,4,Dark,Clear,Yard,Yard/switching,6,2634,66,20262,M105,42.062024999999998,-93.862637000000007
NS,113353,2014-12-09,4:00 AM,Derailment,0,DECATUR,IL,32.0,1,Dawn,Clear,Yard,Yard/switching,8,8195,27118,35313,H306,39.853225000000002,-88.914291000000006
BNSF,KS0724111,2024-07-30,12:15 PM,Derailment,0,PEABODY,KS,100.0,2,Day,Clear,Main,Freight Train,30,41557,142000,183557,M402,38.161647000000002,-97.110449000000003
DGNO,DGN136623,2023-04-16,10:30 PM,Derailment,0,HOWE,TX,43.0,4,Dark,Clear,Yard,Freight Train,10,83000,10000,93000,T220,33.536154000000003,-96.604831000000004
NS,151641,2022-12-06,10:30 PM,Other impacts,0,MACON,GA,60.0,4,Dark,Cloudy,Yard,Single Car,0,499,0,19509,H306,32.81373,-83.622793999999999
NS,136957,2018-07-27,11:56 PM,Obstruction,0,BLAIRS,VA,73.0,4,Dark,Cloudy,Main,,0,0,0,27718,M404,36.698681000000001,-79.389351000000005
CSX,000200679,2021-10-14,12:07 AM,Derailment,0,WAYCROSS,GA,65.0,4,Dark,Fog,Yard,Cut of cars,1,7200,1482,19262,H399,31.213524,-82.353588000000002
NS,143513,2021-11-19,2:40 PM,Other impacts,0,DECATUR,IL,40.0,2,Day,Clear,Yard,Single Car,0,1329,0,11356,H312,39.852181999999999,-88.918342999999993
BLF,20200095,2020-03-06,8:58 PM,Obstruction,0,MIAMI SHORES,FL,75.0,4,Dark,Clear,Main,Passenger Train - Pulling,49,19567,0,19757,M599,25.185103999999999,-80.185103999999995
BNSF,KS0820113,2020-08-28,11:31 PM,Derailment,0,SPRINGFIELD,CO,62.0,4,Dark,Rain,Main,Freight Train,0,452720,0,452720,M105,37.456119000000001,-102.729491
NS,113911,2015-01-02,11:20 AM,Hwy-rail crossing,0,MARION,IN,20.0,2,Day,Clear,Yard,Cut of cars,4,0,15000,15000,M302,40.560384999999997,-85.712412999999998
CSX,000201299,2021-11-13,7:31 AM,Derailment,0,ATLANTA,GA,50.0,2,Day,Clear,Main,Freight Train,4,43595,1241,44836,H511,33.783627000000003,-84.415481999999997
UP,1023ES024,2023-10-14,9:30 AM,Obstruction,0,CAMBRIDGE,IA,49.0,2,Day,Cloudy,Siding,Spec. MoW Equip.,0,5000,0,48000,H402,41.880583999999999,-93.522357999999997
CSX,000165443,2016-12-23,8:30 PM,Other impacts,0,AVON,IN,36.0,4,Dark,Rain,Yard,Single Car,10,100,0,59175,S014,39.759022999999999,-86.364334999999997
UP,0918DV017,2018-09-19,12:01 AM,Other impacts,0,LA SALLE,CO,60.0,4,Dark,Clear,Yard,Freight Train,5,11199,33,16339,H307,40.351177,-104.69564800000001
UP,0724HL023,2024-07-25,7:12 PM,Derailment,0,KANSAS CITY,KS,86.0,3,Dusk,Clear,Yard,Yard/switching,9,8196,69634,77830,E04C,39.098342000000002,-94.671730999999994
CSX,000156889,2016-02-06,1:10 AM,Derailment,0,RIVERDALE,IL,25.0,4,Dark,Clear,Yard,Yard/switching,5,47057,2500,49557,H702,41.650201000000003,-87.645272000000006
UP,0822HL030,2022-08-29,2:30 PM,Derailment,0,TOPEKA,KS,90.0,2,Day,Cloudy,Yard,Yard/switching,4,44458,23294,67752,E39C,39.066215,-95.668497000000002
NS,146440,2022-09-10,4:05 AM,Derailment,0,LINDALE,GA,69.0,1,Dawn,Cloudy,Main,Freight Train,0,118110,0,284928,E85C,34.190311000000001,-85.174413999999999
UP,0620ES032,2020-06-09,10:30 AM,Derailment,0,CEDAR RAPIDS,IA,75.0,2,Day,Clear,Yard,Maint./inspect Car,5,11042,0,11042,E69C,41.974629,-91.681989000000002
BNSF,PR0818110,2018-08-31,6:30 AM,Derailment,0,PUEBLO,CO,71.0,1,Dawn,Cloudy,Yard,Freight Train,0,20000,0,331952,H704,38.272067,-104.624736
BNSF,PR0722101,2022-07-04,4:08 AM,Derailment,0,DENVER,CO,70.0,1,Dawn,Clear,Yard,Yard/switching,4,16000,1800,17800,H703,39.775635999999999,-104.981031
UP,1022TO027,2022-10-27,12:46 PM,Hwy-rail crossing,0,GRANDVIEW,TX,68.0,2,Day,Clear,Main,Freight Train,34,16553,5840,22393,M302,32.307282000000001,-97.193061
FEC,D75110815,2015-11-08,8:40 AM,Derailment,0,MIAMI SPRINGS,FL,81.0,2,Day,Clear,Yard,Yard/switching,10,4329,10258,14587,H503,25.825951,-80.308563000000007
UP,0124GL001,2024-01-02,9:15 PM,Derailment,0,CEDAR RAPIDS,IA,34.0,4,Dark,Cloudy,Yard,Yard/switching,3,13530,7040,20570,H306,41.930362000000002,-91.723401999999993
UP,1221GP035,2021-12-29,11:27 PM,Other impacts,0,LITTLETON,CO,18.0,4,Dark,Clear,Industry,Freight Train,1,51451,5124,56575,M101,39.557971000000002,-105.045913
BNSF,HL0320108,2020-03-08,10:06 PM,Side collision,0,KEOKUK,IA,55.0,4,Dark,Cloudy,Main,Freight Train,14,20000,10000,149646,H306,40.386566999999999,-91.404217000000003
BNSF,SW0623106,2023-06-16,4:48 AM,Derailment,0,EL PASO,TX,75.0,1,Dawn,Clear,Yard,Yard/switching,5,17280,0,47730,H702,31.75536,-106.495723
BNSF,PR1021110,2021-10-18,11:21 PM,Side collision,0,DENVER,CO,48.0,4,Dark,Clear,Yard,Freight Train,4,39864,0,59064,H607,39.763572000000003,-104.993317
BNSF,PR0620108,2020-06-18,3:30 AM,Derailment,0,PUEBLO,CO,61.0,4,Dark,Clear,Siding,,0,0,5000,23166,H702,38.211944000000003,-104.610833
UP,0521GP002,2021-05-05,3:30 AM,Other impacts,0,LA SALLE,CO,42.0,4,Dark,Clear,Yard,Yard/switching,3,21850,0,22441,H318,40.350709999999999,-104.700653
CSX,000174491,2018-02-04,2:27 AM,Head on collision,0,WEST COLUMBIA,SC,39.0,4,Dark,Cloudy,Yard,Freight Train,0,365068,5014,17364967,H702,33.911284999999999,-81.06532
BLF,20210077,2021-11-13,12:07 AM,Obstruction,0,HOLLYWOOD,FL,70.0,4,Dark,Clear,Main,Passenger Train - Pulling,78,13582,0,13682,M402,26.015094000000001,-80.149209999999997
CSX,000188202,2020-01-21,12:00 AM,Other impacts,0,INDIANAPOLIS,IN,28.0,4,Dark,Clear,Yard,Cut of cars,10,12690,602,13292,M411,39.759791,-86.327526000000006
IHB,2186,2016-02-26,1:40 PM,Derailment,0,RIVERDALE,IL,32.0,2,Day,Clear,Yard,,0,0,11341,11841,S104,41.639268999999999,-87.669901999999993
NS,145628,2022-06-22,1:20 PM,Side collision,0,ATLANTA,GA,97.0,2,Day,Clear,Yard,Yard/switching,0,5000,0,24799,H305,33.793526999999997,-84.444462000000001
NS,151933,2023-01-05,3:45 PM,Other (describe in narrative),0,ATLANTA,GA,55.0,2,Day,Clear,Yard,Freight Train,5,171181,7964,179145,H220,33.793520000000001,-84.444440999999998
UP,1219GP005,2019-12-04,5:24 AM,Hwy-rail crossing,0,PLATTEVILLE,CO,23.0,1,Dawn,Cloudy,Main,Freight Train,57,1100616,192674,1293290,M304,40.202966000000004,-104.81991600000001
BNSF,PR0820101,2020-08-01,7:30 AM,Derailment,0,PUEBLO,CO,80.0,1,Dawn,Clear,Yard,Yard/switching,1,6573,38000,44573,E39C,38.273051000000002,-104.62669699999999
FEC,D54101019,2019-10-10,11:00 AM,Derailment,0,MIAMI-DADE,FL,83.0,2,Day,Clear,Industry,Yard/switching,5,20000,268,20268,M101,25.870208000000002,-80.352643999999998
UP,0222RM014,2022-02-16,11:16 PM,Derailment,0,OGDEN,UT,32.0,4,Dark,Clear,Yard,Freight Train,6,31483,63285,94768,H307,41.203339999999997,-111.984943
NS,143329,2021-11-01,1:00 AM,Other impacts,0,ATLANTA,GA,72.0,4,Dark,Clear,Yard,Single Car,1,8958,0,16747,H312,33.793526999999997,-84.444462000000001
UP,0620GP016,2020-06-18,6:26 AM,Derailment,0,DENVER,CO,54.0,1,Dawn,Clear,Yard,Light loco(s),2,18870,132,19002,T221,39.787388,-104.999236
NS,143950,2022-01-06,6:20 PM,Side collision,0,WEST FAIRVIEW,PA,28.0,3,Dusk,Snow,Yard,Yard/switching,7,14090,1095,15185,H306,40.279806999999998,-76.922450999999995
CSX,000200621,2021-10-11,4:00 PM,Derailment,0,SAVANNAH,GA,78.0,2,Day,Clear,Main,Freight Train,12,242025,39390,331415,H993,32.063426,-81.134421000000003
ALS,20210821,2021-08-21,4:14 AM,Derailment,0,EAST ST LOUIS,IL,75.0,1,Dawn,Cloudy,Yard,,0,0,100,25290,H514,38.582915,-90.135850000000005
CSX,000140119,2015-01-16,7:57 AM,Side collision,0,AVON,IN,30.0,2,Day,Clear,Yard,Yard/switching,3,0,0,26197,M407,39.759341999999997,-86.347116
CPKC,1002026695,2024-01-12,12:45 AM,Other impacts,0,DUBUQUE,IA,26.0,4,Dark,Snow,Yard,Freight Train,3,345,0,36300,H306,42.516680999999998,-90.660095999999996
GC,GCR981422,2022-06-23,8:25 AM,Derailment,0,SAVANNAH,GA,90.0,2,Day,Clear,Yard,Yard/switching,2,11530,500,12030,E46C,32.076650999999998,-81.119906999999998
BNSF,TC1022106,2022-10-25,10:52 PM,Other impacts,0,SIOUX CITY,IA,50.0,4,Dark,Clear,Yard,Yard/switching,4,26500,0,26500,H020,42.509306000000002,-96.374684999999999
CSX,000198262,2021-06-14,8:58 PM,Hwy-rail crossing,0,BELLEVIEW,FL,74.0,4,Dark,Clear,Main,Freight Train,35,50330,9084,59414,M304,29.060355000000001,-82.0471
NS,155420,2024-01-19,1:30 AM,Other impacts,0,ROANOKE,VA,25.0,4,Dark,Cloudy,Yard,Cut of cars,4,80817,2765,185288,H312,37.277574999999999,-79.978824000000003
BNSF,KS1115102,2015-11-09,6:30 PM,Derailment,0,WAYNOKA,OK,60.0,3,Dusk,Clear,Yard,Yard/switching,3,32800,0,32800,H008,36.6036,-98.874363000000002
FEC,D44071615,2015-07-16,8:40 AM,Side collision,0,JACKSONVILLE,FL,86.0,2,Day,Clear,Yard,Light loco(s),5,42781,0,134781,H307,30.238194,-81.599841999999995
EIRR,230706004,2023-07-06,1:50 PM,Derailment,0,RUPERT,ID,82.0,2,Day,Clear,Yard,Freight Train,5,1600,78000,79600,E64C,42.622318999999997,-113.66367200000001
CSX,000176024,2018-04-25,9:45 PM,Derailment,0,SELKIRK,NY,55.0,4,Dark,Rain,Yard,Single Car,15,159097,601,194744,M407,42.565902999999999,-73.854184000000004
NS,157139,2024-06-24,12:00 AM,Other impacts,0,MACON,GA,80.0,4,Dark,Clear,Yard,Cut of cars,6,600,4953,42678,M411,32.81373,-83.622793999999999
IC,980458,2018-11-30,5:47 PM,Hwy-rail crossing,0,MAKANDA,IL,50.0,4,Dark,Cloudy,Main,Freight Train,33,0,19500,19500,M399,37.617671999999999,-89.209350000000001
ATK,171629,2022-08-04,5:25 PM,Derailment,0,CHICAGO,IL,80.0,4,Dark,Clear,Main,,0,0,41452,41588,E4BC,41.878194999999998,-87.638444000000007
BLF,20231302,2023-01-08,6:39 PM,Hwy-rail crossing,0,POMPANO BEACH,FL,76.0,4,Dark,Clear,Main,Passenger Train - Pulling,38,12364,0,12947,M303,26.234183000000002,-80.125085999999996
UP,0921RM030,2021-09-30,7:35 PM,Derailment,0,GRAND JUNCTION,CO,63.0,3,Dusk,Rain,Yard,Yard/switching,4,100,11602,11702,E67C,39.068009000000004,-108.532398
NS,155420,2024-01-19,1:30 AM,Other impacts,0,ROANOKE,VA,25.0,4,Dark,Cloudy,Yard,Cut of cars,0,101706,0,185288,H312,37.277574999999999,-79.978824000000003
CSX,000176024,2018-04-25,9:45 PM,Derailment,0,SELKIRK,NY,55.0,4,Dark,Rain,Yard,Single Car,12,9150,0,194744,M407,42.565902999999999,-73.854184000000004
UP,0920GP014,2020-09-16,2:16 PM,Obstruction,0,DENVER,CO,73.0,2,Day,Clear,Yard,Freight Train,8,318,41740,42058,M404,39.793818999999999,-104.999065
BNSF,CH0216109,2016-02-15,10:40 PM,Derailment,0,CICERO,IL,26.0,4,Dark,Clear,Yard,Yard/switching,9,10000,2200,12200,H704,41.840485999999999,-87.760403999999994
BNSF,KS0423110,2023-04-18,8:24 PM,Derailment,0,FRIONA,TX,60.0,3,Dusk,Clear,Industry,Freight Train,3,10200,3000,13200,H307,34.640095000000002,-102.705065