reportingrailroadcode,accidentnumber,date,time,accidenttype,hazmatreleasedcars,station,stateabbr,temperature,visibility_code,visibility,weathercondition,tracktype,equipmenttype,trainspeed,equipmentdamagecost,trackdamagecost,totaldamagecost,primaryaccidentcausecode,latitude,longitude
CSX,000169564,2017-06-13,4:10 AM,Other impacts,0,INDIANAPOLIS,IN,76.0,1,Dawn,Cloudy,Yard,Cut of cars,21,82522,368,82890,S007,39.759791,-86.327526000000006
BNSF,PR1121107,2021-11-27,11:00 PM,Derailment,0,PUEBLO,CO,20.0,4,Dark,Clear,Yard,Freight Train,6,14456,0,14456,H503,38.267705999999997,-104.620377
CSX,000205505,2022-06-10,5:44 AM,Derailment,0,AUGUSTA,GA,64.0,1,Dawn,Clear,Yard,Yard/switching,7,583429,44174,627603,H505,33.473500000000001,-82.015000000000001
UP,0918DV017,2018-09-19,12:01 AM,Other impacts,0,LA SALLE,CO,60.0,4,Dark,Clear,Yard,Cut of cars,0,5107,0,16339,H307,40.351177,-104.69564800000001
UP,1021GL007,2021-10-06,5:30 PM,Other impacts,0,ALBERT CITY,IA,71.0,2,Day,Cloudy,Industry,Yard/switching,2,2831,200,19956,H306,42.779364000000001,-94.945468000000005
NS,127009,2017-10-13,11:45 PM,Hwy-rail crossing,0,JACK,VA,65.0,4,Dark,Cloudy,Main,Freight Train,36,45,15000,15045,M308,37.205117999999999,-77.583344999999994
CPKC,1001921638,2023-06-27,7:45 PM,Derailment,0,DAVENPORT,IA,85.0,3,Dusk,Clear,Main,Freight Train,11,51946,11607,63553,H601,41.499763000000002,-90.623249999999999
UP,0224GL035,2024-02-26,6:04 PM,Obstruction,0,MISSOURI VALLEY,IA,69.0,3,Dusk,Clear,Main,Freight Train,49,7422,52960,60382,M506,41.607399000000001,-95.824888999999999
CC,970517,2018-08-22,8:20 PM,Side collision,0,SIOUX CITY,IA,65.0,3,Dusk,Clear,Yard,Yard/switching,4,8050,30,40080,H020,42.495697,-96.391755000000003
UP,0618TC005,2018-06-04,11:30 PM,Derailment,0,DES MOINES,IA,66.0,4,Dark,Clear,Yard,Freight Train,5,26473,34566,61039,H702,41.622666000000002,-93.583034999999995
CFE,CFE548420L,2020-09-17,9:00 PM,Other impacts,0,WARSAW,IN,61.0,4,Dark,Cloudy,Main,Freight Train,10,3900,0,21900,H997,41.241686000000001,-85.902688999999995
BNSF,HL0621114,2021-06-24,7:25 PM,Derailment,0,HAMBURG,IA,76.0,3,Dusk,Rain,Siding,Cut of cars,0,209254,50000,259254,M105,40.670082999999998,-95.760593
CSX,000210794,2023-04-13,10:42 PM,Hwy-rail crossing,0,CRAWFORDSVILLE,IN,65.0,4,Dark,Clear,Main,,0,0,9533,103533,M308,40.011175000000001,-86.828396999999995
ALS,20170308,2017-03-08,6:25 PM,Derailment,0,EAST ST LOUIS,IL,50.0,3,Dusk,Clear,Yard,Yard/switching,3,10405,910,11315,M405,38.598024000000002,-90.153108000000003
BNSF,RD0819123,2019-08-18,2:00 PM,Derailment,0,SHERMAN,TX,99.0,2,Day,Clear,Siding,Freight Train,8,92902,75000,167902,T217,33.650976999999997,-96.601557999999997
UP,1021GL014,2021-10-11,3:30 PM,Derailment,0,COUNCIL BLUFFS,IA,72.0,2,Day,Clear,Yard,Yard/switching,10,26001,1516,27517,M409,41.249997999999998,-95.888690999999994
FEC,D07021818,2018-02-18,5:45 AM,Derailment,0,MIAMI SPRINGS,FL,71.0,4,Dark,Clear,Yard,Freight Train,6,50000,290,50290,H503,25.816784999999999,-80.305870999999996
PAL,2016JAN1D,2016-01-20,2:40 AM,Other impacts,0,PRINCETON,KY,22.0,4,Dark,Snow,Main,Light loco(s),3,60000,0,60000,E09L,37.098849000000001,-88.018759000000003
BNSF,HL1221102,2021-12-03,6:32 AM,Rear end collision,0,PACIFIC JCTN,IA,40.0,1,Dawn,Clear,Main,Freight Train,0,197947,0,1572598,H404,40.990178,-95.799897999999999
NIRC,9419000598,2021-12-22,7:07 AM,Other impacts,0,CHICAGO,IL,31.0,1,Dawn,Cloudy,Main,,0,0,14884,21262,E78L,41.856949999999998,-87.617630000000005
CSX,000209176,2023-01-08,5:30 PM,Other impacts,0,TAMPA,FL,78.0,3,Dusk,Clear,Yard,Cut of cars,1,22167,0,49306,H318,27.955863000000001,-82.389629999999997
ATK,174387,2023-04-13,10:42 PM,Hwy-rail crossing,0,CRAWFORDSVILLE,IN,65.0,4,Dark,Clear,Main,Passenger Train - Pulling,57,94000,0,103533,M308,40.011175000000001,-86.828396999999995
NS,157829,2024-08-25,4:45 PM,Other impacts,0,ATLANTA,GA,90.0,3,Dusk,Clear,Yard,Single Car,2,16500,0,17250,M599,33.793520000000001,-84.444440999999998
BNSF,CH0416200,2016-04-03,3:01 PM,Hwy-rail crossing,0,SOMONAUK,IL,68.0,2,Day,Clear,Main,,0,0,0,18512,M302,41.634199000000002,-88.684207000000001
EIRR,230303004,2023-03-03,5:45 PM,Raking collision,0,HEYBURN,ID,36.0,2,Day,Clear,Main,Freight Train,10,63000,200000,263000,E20C,42.547977000000003,-113.765754
UP,0516LK026,2016-05-25,5:32 AM,Derailment,0,TEXARKANA,TX,70.0,4,Dark,Cloudy,Yard,Yard/switching,2,12731,0,12731,H303,33.418039999999998,-94.046662999999995
UP,0122HL012,2022-01-01,8:20 AM,Derailment,0,CHARITON,IA,7.0,2,Day,Snow,Main,Freight Train,23,23274,633100,656374,E53C,41.151983999999999,-93.239412000000002
CSX,000185177,2019-09-05,7:00 PM,Derailment,0,RICHMOND,VA,75.0,3,Dusk,Cloudy,Yard,Yard/switching,5,23551,250,23801,H995,37.594321999999998,-77.484606999999997
BNSF,HL0218108,2018-02-06,9:30 PM,Derailment,0,MEMPHIS,TN,40.0,4,Dark,Rain,Yard,Yard/switching,10,80000,9000,89000,H308,35.025494000000002,-89.891188999999997
BNSF,RD1023134,2023-10-25,4:30 PM,Derailment,0,TULSA,OK,74.0,2,Day,Clear,Yard,Yard/switching,2,13651,2438,16089,M411,36.121786,-96.010998000000001
BNSF,CH0718203,2018-07-28,1:10 AM,Hwy-rail crossing,0,MT PLEASANT,IA,53.0,4,Dark,Clear,Main,Freight Train,55,2000,25000,27000,M302,40.965220000000002,-91.525525999999999
FEC,X46120922,2022-12-09,6:50 PM,Hwy-rail crossing,0,LAKE WORTH,FL,80.0,4,Dark,Clear,Main,,0,0,675,43733,M308,26.596150999999999,-80.054709000000003
BNSF,TC0621202,2021-06-17,1:14 PM,Hwy-rail crossing,0,LE MARS,IA,89.0,2,Day,Clear,Main,Freight Train,40,12000,15000,27000,M302,42.793281999999998,-96.223527000000004
LIRC,0311201701,2017-03-11,1:40 PM,Derailment,0,HENRYVILLE,IN,36.0,2,Day,Clear,Main,,0,0,6200,54027,E52C,38.50873,-85.765163000000001
IAIS,2022026,2022-07-21,7:04 PM,Hwy-rail crossing,0,ATALISSA,IA,87.0,3,Dusk,Clear,Main,Freight Train,38,15000,0,15000,M308,41.567731000000002,-91.175970000000007
LI,82446,2024-05-04,2:10 PM,Obstruction,0,FLUSHING MEADOWS,NY,59.0,2,Day,Cloudy,Main,EMU,60,409031,0,409031,M404,40.752268999999998,-73.844592000000006
NJTR,201602071,2016-01-17,10:00 AM,Other (describe in narrative),0,KEARNY,NJ,40.0,2,Day,Clear,Yard,Yard/switching,5,12800,0,12800,H599,40.743538000000001,-74.111951000000005
CSX,000207456,2022-09-24,6:51 PM,Head on collision,0,MIAMI,FL,88.0,3,Dusk,Clear,Main,Freight Train,19,281689,0,462912,H603,25.786863,-80.271732999999998
CC,1097381,2022-03-18,3:00 PM,Derailment,0,DUNCOMBE,IA,37.0,2,Day,Cloudy,Yard,Freight Train,5,31000,3968,34968,M405,42.47195,-94.018542999999994
FEC,X09021523,2023-02-15,3:15 PM,Hwy-rail crossing,0,DEERFIELD BEACH,FL,80.0,2,Day,Clear,Main,,0,0,411,16571,M308,26.289978999999999,-80.109262999999999
NIRC,9419000925,2022-07-21,12:49 PM,Derailment,0,BLUE ISLAND,IL,85.0,2,Day,Clear,Main,,0,0,53120,57620,E69C,41.640917999999999,-87.694434000000001
SFRV,080516,2016-08-05,6:20 PM,Derailment,0,WEST PALM BEACH,FL,90.0,2,Day,Clear,Main,Commuter Train - Pushing,40,20000,108376,128376,E68C,26.731278,-80.064006000000006
UP,1220PR024,2020-12-20,8:14 PM,Other (describe in narrative),0,JOLIET,IL,33.0,4,Dark,Cloudy,Main,Freight Train,25,0,0,47898,E69L,41.604464999999998,-88.052181000000004
UP,0322PN013,2022-03-20,12:30 AM,Derailment,0,NAMPA,ID,43.0,4,Dark,Cloudy,Yard,Yard/switching,5,37108,2950,40058,E35C,43.587842000000002,-116.57063100000001
FEC,D76112217,2017-11-22,10:07 AM,Derailment,0,ROCKLEDGE,FL,80.0,2,Day,Clear,Industry,Freight Train,8,2991,18707,21698,M101,28.273755999999999,-80.693269999999998
CSX,000158501,2016-03-26,10:04 AM,Derailment,0,JACKSONVILLE,FL,75.0,2,Day,Cloudy,Industry,Freight Train,5,33100,100,33200,M501,30.383312,-81.768904000000006
BNSF,KS0322205,2022-03-28,7:52 AM,Hwy-rail crossing,0,LAS ANIMAS,CO,65.0,1,Dawn,Clear,Main,,0,0,0,16500,M304,38.06073,-103.28031
BNSF,RD0423204,2023-04-18,4:10 PM,Hwy-rail crossing,0,MCGREGOR,TX,74.0,2,Day,Cloudy,Main,,0,0,0,37369,M302,31.388065000000001,-97.381804000000002
UP,0822PN027,2022-08-29,3:05 AM,Derailment,0,NAMPA,ID,58.0,4,Dark,Clear,Yard,Yard/switching,4,73255,133390,206645,H602,43.585842999999997,-116.5677
FEC,D82111321,2021-11-13,12:07 AM,Obstruction,0,HOLLYWOOD,FL,70.0,4,Dark,Clear,Main,,0,0,100,13682,M402,26.015094000000001,-80.149209999999997
SFRV,10242021,2021-10-24,4:30 AM,Derailment,0,MIAMI-DADE,FL,88.0,1,Dawn,Clear,Yard,,0,0,24500,27213,H601,25.803201000000001,-80.253274000000005
FEC,D23033022,2022-03-30,7:35 AM,Side collision,0,JACKSONVILLE,FL,74.0,1,Dawn,Clear,Yard,Yard/switching,7,12000,50,19978,H399,30.239588999999999,-81.602063000000001
CSX,000206316,2022-07-26,10:57 PM,Derailment,0,WAYCROSS,GA,80.0,4,Dark,Cloudy,Yard,Cut of cars,0,15530,2415,32160,M405,31.213508999999998,-82.353556999999995
NS,135481,2019-09-13,3:15 PM,Other (describe in narrative),0,OSCEOLA,IN,82.0,2,Day,Clear,Yard,Light loco(s),5,2847,22585,25432,H702,41.666583000000003,-86.033423999999997
UP,0316PR022,2016-03-21,4:43 PM,Other impacts,0,MELROSE PARK,IL,50.0,2,Day,Clear,Yard,Single Car,10,43369,0,43369,H601,41.894928999999998,-87.898257999999998
BNSF,TC1114118,2014-11-24,4:35 PM,Derailment,0,CHURCHS FERRY,ND,12.0,3,Dusk,Clear,Main,Work train,0,13405,200,13605,M201,48.267871,-99.195149000000001
NKCR,NKCR192651,2019-11-08,4:45 AM,Derailment,0,HOLYOKE,CO,35.0,4,Dark,Clear,Industry,Freight Train,4,203400,2700,206100,H306,40.362636999999999,-102.16273099999999
PSBX,15060501,2015-06-05,7:00 AM,Other (describe in narrative),0,SHREVEPORT,LA,90.0,1,Dawn,Clear,Industry,Cut of cars,0,26603,0,364389,M103,32.360608999999997,-93.628973000000002
UP,0124GL002,2024-01-03,10:00 AM,Obstruction,0,RANDALL,IA,28.0,2,Day,Cloudy,Main,Spec. MoW Equip.,0,70000,0,70000,H404,42.239987999999997,-93.603909000000002
CSX,000209635,2023-02-03,1:30 AM,Side collision,0,HIALEAH,FL,80.0,4,Dark,Clear,Yard,Freight Train,5,6000,0,13000,H306,25.858094000000001,-80.259986999999995
BNSF,GC1115105,2015-11-11,2:20 AM,Derailment,0,SWEETWATER,TX,65.0,4,Dark,Cloudy,Main,Freight Train,14,11753,40000,51753,H607,32.506034999999997,-100.39298599999999
FEC,D90122122,2022-12-21,4:30 AM,Derailment,0,FT PIERCE,FL,65.0,4,Dark,Clear,Main,Freight Train,27,6000,16289,22289,E24C,27.527341,-80.355468000000002
UP,0521GP023,2021-05-25,2:40 AM,Other impacts,0,DENVER,CO,55.0,4,Dark,Clear,Yard,Single Car,1,26599,0,33997,H018,39.788167999999999,-104.998484
BNSF,PR0920108,2020-09-17,3:15 PM,Derailment,0,DENVER,CO,85.0,2,Day,Clear,Yard,Yard/switching,1,20359,1400,21759,H523,39.762436000000001,-104.995006
NS,157000,2024-06-08,5:35 PM,Other impacts,0,ATLANTA,GA,85.0,3,Dusk,Clear,Yard,Single Car,0,127987,0,171368,H318,33.793520000000001,-84.444440999999998
BNSF,KS0122114,2022-01-21,7:45 AM,Derailment,0,LA JUNTA,CO,10.0,1,Dawn,Clear,Yard,Freight Train,10,37858,8000,45858,H503,37.988537999999998,-103.553224
UP,0222GL014,2022-02-16,7:02 AM,Other impacts,0,DES MOINES,IA,46.0,2,Day,Cloudy,Yard,Yard/switching,4,9999,0,72627,H318,41.589190000000002,-93.569014999999993
NS,151641,2022-12-06,10:30 PM,Other impacts,0,MACON,GA,60.0,4,Dark,Cloudy,Yard,Single Car,5,1500,0,19509,H306,32.81373,-83.622793999999999
UP,0321GP007,2021-03-06,5:45 AM,Derailment,0,DENVER,CO,30.0,1,Dawn,Clear,Yard,Light loco(s),3,12843,1456,14299,H703,39.798312000000003,-104.99851099999999
CSX,000170004,2017-06-30,1:53 PM,Hwy-rail crossing,0,TAMPA,FL,93.0,2,Day,Clear,Main,,0,0,14938,15644,M304,27.965972000000001,-82.365002000000004
UP,1022PR020,2022-10-22,5:45 AM,Derailment,0,MELROSE PARK,IL,57.0,1,Dawn,Clear,Main,Yard/switching,4,51501,0,198438,H307,41.931148999999998,-87.914175999999998
NS,136616,2019-12-23,2:15 AM,Other (describe in narrative),0,ELKHART,IN,32.0,4,Dark,Clear,Yard,Freight Train,7,334,23145,23479,M405,41.67736,-85.978494999999995
MBTA,7047,2017-02-16,8:00 AM,Other impacts,0,BOSTON,MA,36.0,2,Day,Clear,Main,Passenger Train - Pulling,40,18448,0,18448,M101,42.286405000000002,-71.147801000000001
SFRV,04112019,2019-04-11,4:33 AM,Other (describe in narrative),0,HIALEAH,FL,90.0,4,Dark,Clear,Yard,Commuter Train - Pulling,5,6000,7783,13783,H702,25.505882,-80.153485000000003
GWR,GWR223165,2022-07-28,9:10 AM,Derailment,0,FORT COLLINS,CO,60.0,2,Day,Rain,Main,Freight Train,9,24612,0,57285,H599,40.595981999999999,-105.057608
NS,143464,2021-11-14,11:05 PM,Other impacts,0,CHICAGO,IL,34.0,4,Dark,Clear,Yard,Single Car,0,7653,0,12965,H312,41.694381,-87.564353999999994
BNSF,PR0220113,2020-02-29,6:30 AM,Other impacts,0,COMMERCE CITY,CO,34.0,1,Dawn,Clear,Industry,Freight Train,4,38044,0,38044,H306,39.810448999999998,-104.935861
UP,0420GP031,2020-04-28,5:13 PM,Derailment,0,DENVER,CO,76.0,2,Day,Clear,Yard,Yard/switching,5,9577,1424,11001,M409,39.796686000000001,-104.99807
UP,0722RM020,2022-07-24,7:50 PM,Other impacts,0,GRAND JUNCTION,CO,75.0,3,Dusk,Cloudy,Yard,Yard/switching,4,27624,5730,42251,H317,39.063102000000001,-108.553197
CSX,000175093,2018-03-07,8:46 PM,Derailment,0,SEWANEE,TN,42.0,4,Dark,Cloudy,Main,Freight Train,19,425802,80960,506762,H520,35.121433000000003,-85.939710000000005
UP,0421GP040,2021-04-26,9:00 PM,Derailment,0,DENVER,CO,63.0,4,Dark,Clear,Yard,Yard/switching,5,632,23128,23760,H307,39.801233000000003,-105.001345
BNSF,MT0316102,2016-03-29,11:45 PM,Derailment,0,SELBY,SD,45.0,4,Dark,Rain,Industry,Freight Train,4,12933,5000,17933,H703,45.503297000000003,-100.033221
UP,0122PN023,2022-01-16,12:30 PM,Derailment,0,BONNERS FERRY,ID,37.0,2,Day,Cloudy,Main,Freight Train,15,24423,32899,57322,E53C,48.624723000000003,-116.393199
EIRR,220714002,2022-07-14,4:06 AM,Other impacts,0,EDEN,ID,62.0,4,Dark,Clear,Industry,Single Car,5,15450,0,30900,H021,42.610871000000003,-114.210414
UP,0920RM022,2020-09-21,1:32 PM,Derailment,0,OAK CREEK,CO,70.0,2,Day,Clear,Main,Freight Train,36,6786,98380,105166,E61C,40.341625000000001,-106.94517999999999
BLF,20210194,2021-12-30,6:00 AM,Hwy-rail crossing,0,AVENTURA,FL,72.0,1,Dawn,Clear,Main,Passenger Train - Pulling,70,25104,0,25489,M308,25.974437999999999,-80.147844000000006
UP,1022PR020,2022-10-22,5:45 AM,Derailment,0,MELROSE PARK,IL,57.0,1,Dawn,Clear,Main,Freight Train,6,132171,14766,198438,H307,41.931148999999998,-87.914175999999998
CSX,000140671,2015-01-28,7:45 AM,Derailment,0,SELKIRK,NY,10.0,1,Dawn,Clear,Yard,Cut of cars,4,12597,377,12974,M411,42.566588000000003,-73.852295999999996
CSX,000175301,2018-03-18,3:20 PM,Derailment,0,GREENWOOD,VA,60.0,2,Day,Clear,Main,Freight Train,11,24773,0,27273,H524,38.046644999999998,-78.794871999999998
UP,0216SL012,2016-02-28,8:30 PM,Fire/violent rupture,0,WOOD RIVER,IL,58.0,4,Dark,Cloudy,Main,Freight Train,50,34111,0,34111,E73L,38.872132000000001,-90.109772000000007
BNSF,PR0222115,2022-02-18,5:30 PM,Side collision,0,DENVER,CO,27.0,3,Dusk,Clear,Yard,Yard/switching,4,11705,0,73251,H307,39.764032999999998,-104.993076
UP,0318KC031,2018-03-25,6:35 PM,Derailment,0,STARK,KS,43.0,2,Day,Cloudy,Main,Freight Train,30,104136,15878,120014,E27C,37.700040000000001,-95.145747999999998
ATK,168046,2021-08-12,4:59 PM,Hwy-rail crossing,0,PEOTONE,IL,75.0,2,Day,Clear,Main,Passenger Train - Pulling,68,6594,0,39594,M308,41.295516999999997,-87.810149999999993
BNSF,CH1220107,2020-12-21,10:02 PM,Other impacts,0,GALESBURG,IL,32.0,4,Dark,Clear,Yard,Yard/switching,0,1209,0,12409,M407,40.910499000000002,-90.383021999999997
NS,156255,2024-04-04,3:00 PM,Hwy-rail crossing,0,SWEETWATER,TN,52.0,2,Day,Cloudy,Main,Freight Train,45,59,9665,9724,M302,35.598621000000001,-84.462935999999999
BNSF,KS0916114,2016-09-29,8:39 AM,Derailment,0,CANYON,TX,52.0,1,Dawn,Clear,Main,Freight Train,45,3500,7800,11300,E85C,34.953989999999997,-102.10561199999999
BNSF,KS0822107,2022-08-11,5:35 PM,Derailment,0,KANSAS CITY,KS,80.0,3,Dusk,Clear,Yard,Yard/switching,9,50315,60000,110315,H601,39.085963999999997,-94.686503999999999
NS,145849,2022-07-12,5:15 PM,Derailment,0,WARNER ROBINS,GA,82.0,3,Dusk,Rain,Main,Freight Train,33,438804,362801,801605,E63C,32.619405999999998,-83.599746999999994
BNSF,KS1118102,2018-11-02,6:51 PM,Derailment,0,KANSAS CITY,KS,55.0,3,Dusk,Clear,Yard,Yard/switching,4,65862,200,66062,M411,39.085360999999999,-94.687569999999994
BNSF,KS1122107,2022-11-09,12:39 AM,Side collision,0,KANSAS CITY,KS,61.0,4,Dark,Clear,Yard,Yard/switching,4,15879,8000,25777,H307,39.080851000000003,-94.672566000000003
SVHO,230109001,2023-01-09,6:30 AM,Other impacts,0,SAVANNAH,GA,54.0,4,Dark,Clear,Yard,Yard/switching,5,4186,0,33017,H302,32.076849000000003,-81.070869000000002
CSX,000172479,2017-10-26,5:05 PM,Other impacts,0,NASHVILLE,TN,63.0,3,Dusk,Clear,Yard,Yard/switching,10,53869,48,53917,H318,36.112141999999999,-86.770736999999997
BNSF,TC0620105,2020-06-15,11:20 PM,Derailment,0,ABERDEEN,SD,73.0,4,Dark,Clear,Yard,Freight Train,5,12989,0,12989,H508,45.465598999999997,-98.499324000000001
UP,0921PR008,2021-09-08,9:15 AM,Other impacts,0,NORTHLAKE,IL,67.0,2,Day,Clear,Yard,Yard/switching,2,137,3190,12634,M599,41.922733999999998,-87.915531999999999
FEC,T10022420,2020-02-24,8:38 AM,Other impacts,0,DEERFIELD BEACH,FL,79.0,2,Day,Clear,Main,,0,0,0,11421,M402,26.347871999999999,-80.085374000000002
UP,1121MA036,2021-11-22,10:30 AM,Hwy-rail crossing,0,SHREVEPORT,LA,56.0,2,Day,Clear,Main,Freight Train,50,18844,0,18844,M302,32.196534,-93.481104999999999
UP,0317UT019,2017-03-08,12:00 PM,Other (describe in narrative),0,HELPER,UT,48.0,2,Day,Cloudy,Yard,Single Car,0,38040,0,38040,M507,39.675837999999999,-110.85817
CSX,000217806,2024-05-03,7:00 PM,Derailment,0,NASHVILLE,TN,70.0,3,Dusk,Clear,Yard,Yard/switching,15,102026,3589,105615,M407,36.112136,-86.770713000000001
SLRG,SL210518A,2021-05-18,1:30 PM,Obstruction,0,LA VETA,CO,30.0,2,Day,Snow,Main,Spec. MoW Equip.,0,0,0,0,M101,37.484493999999998,-105.153448
BNSF,TC0624118,2024-06-21,3:42 AM,Derailment,0,ALVORD,IA,67.0,4,Dark,Rain,Main,Freight Train,20,957661,180000,1137661,M103,43.326472000000003,-96.294752000000003
NIRC,9419001248,2023-01-09,7:25 AM,Hwy-rail crossing,0,CHICAGO,IL,26.0,1,Dawn,Cloudy,Main,Commuter Train - Pushing,65,13230,9393,22623,M308,41.68479,-87.663826
WTA,221009WTA,2022-10-09,5:01 AM,Derailment,0,WICHITA,KS,55.0,4,Dark,Clear,Industry,Yard/switching,3,20000,1500,21500,H306,37.707689999999999,-97.329520000000002
UP,0419GL035,2019-04-22,2:40 AM,Side collision,0,BOONE,IA,68.0,4,Dark,Clear,Yard,Cut of cars,3,17562,0,20262,M105,42.062024999999998,-93.862637000000007
NS,157469,2024-07-24,3:49 PM,Derailment,0,ATLANTA,GA,79.0,2,Day,Cloudy,Yard,Freight Train,0,291480,163500,454980,H503,33.793520000000001,-84.444440999999998
BNSF,PR0722111,2022-07-28,9:15 AM,Derailment,0,FORT COLLINS,CO,75.0,2,Day,Clear,Main,,0,0,32673,57285,H999,40.595931,-105.05355400000001
CSX,000208212,2022-11-04,5:00 AM,Other impacts,0,ORLANDO,FL,77.0,4,Dark,Clear,Industry,Yard/switching,4,300000,0,314660,H302,28.432064,-81.369519999999994
BNSF,RD0117107,2017-01-11,4:42 AM,Derailment,0,BROWNWOOD,TX,58.0,1,Dawn,Clear,Main,Freight Train,45,7288,32000,39288,E61C,31.684987,-98.815166000000005
CSX,000179289,2018-10-12,4:00 PM,Derailment,0,FREDERICKSBURG,VA,60.0,2,Day,Clear,Main,Freight Train,50,38699,26639,65338,E53C,38.351140999999998,-77.413167000000001
UP,0116SL001,2016-01-04,6:15 AM,Fire/violent rupture,0,SHELBYVILLE,IL,25.0,4,Dark,Clear,Main,Freight Train,27,15000,0,15000,E71L,39.322335000000002,-88.741238999999993
BNSF,HL0323118,2023-03-17,11:39 AM,Derailment,0,ST JOSEPH,MO,40.0,2,Day,Cloudy,Yard,Yard/switching,8,37700,1500,58400,H306,39.735022999999998,-94.854686999999998
UP,1117ST026,2017-11-21,10:22 PM,Other impacts,0,EL PASO,TX,64.0,4,Dark,Clear,Yard,Single Car,0,133,0,85242,H018,31.747598,-106.38149
IC,1076880,2021-07-15,5:32 PM,Hwy-rail crossing,0,JACKSON,MS,81.0,2,Day,Cloudy,Main,,0,0,1202,77628,M302,32.184348999999997,-90.240066999999996
BNSF,KS1214101,2014-12-03,8:09 AM,Derailment,0,NEWTON,KS,30.0,1,Dawn,Clear,Yard,Yard/switching,5,11509,500,12009,H303,38.044719999999998,-97.348179000000002
FEC,D81111121,2021-11-11,2:00 PM,Side collision,0,JACKSONVILLE,FL,75.0,2,Day,Clear,Yard,Cut of cars,5,113,0,16113,H317,30.249545999999999,-81.608759000000006
CFE,CFE548420L,2020-09-17,9:00 PM,Other impacts,0,WARSAW,IN,61.0,4,Dark,Cloudy,Yard,Maint./inspect Car,0,18000,0,21900,H997,41.241686000000001,-85.902688999999995
NS,113938,2015-01-21,1:10 AM,Derailment,0,LAFAYETTE,IN,32.0,4,Dark,Clear,Main,Yard/switching,9,16945,800,17745,E34C,40.448295999999999,-86.854916000000003
UP,1023ES024,2023-10-14,9:30 AM,Obstruction,0,CAMBRIDGE,IA,49.0,2,Day,Cloudy,Siding,Spec. MoW Equip.,10,43000,0,48000,H402,41.880583999999999,-93.522357999999997
UP,0724HL004,2024-07-03,10:37 PM,Derailment,0,KANSAS CITY,KS,76.0,4,Dark,Rain,Main,Freight Train,6,35452,2305,37757,H525,39.085259999999998,-94.613737
CP,1000775421,2018-06-16,1:40 AM,Derailment,0,MUSCATINE,IA,75.0,4,Dark,Clear,Main,Single Car,50,48975,2285,51260,H303,41.458779,-90.823254000000006
SKOL,190627001,2019-06-27,1:30 AM,Derailment,0,NEODESHA,KS,72.0,4,Dark,Clear,Main,Freight Train,7,25000,9390,34390,E85C,37.418875999999997,-95.688963000000001
URR,CN2102,2021-12-29,8:55 AM,Derailment,0,PENN HILLS,PA,42.0,2,Day,Cloudy,Yard,,0,0,8000,29336,H503,40.494065999999997,-79.788369000000003
UP,0621GL018,2021-06-15,2:30 PM,Other impacts,0,COUNCIL BLUFFS,IA,90.0,2,Day,Clear,Yard,Yard/switching,4,1860,13340,16965,H312,41.246327999999998,-95.875063999999995
BNSF,CH1021114,2021-10-22,9:30 PM,Derailment,0,CHICAGO,IL,61.0,4,Dark,Cloudy,Yard,Yard/switching,6,11500,10000,21500,H307,41.857813,-87.683972999999995
FEC,D28042021,2021-04-20,6:50 AM,Derailment,0,JACKSONVILLE,FL,63.0,4,Dark,Cloudy,Yard,Yard/switching,3,9893,14124,24017,H702,30.225514,-81.592198999999994
UP,0921GL001,2021-09-02,10:25 PM,Derailment,0,SIOUX CITY,IA,66.0,4,Dark,Rain,Main,,0,0,20333,20333,H307,42.493547999999997,-96.392157999999995
NS,146440,2022-09-10,4:05 AM,Derailment,0,LINDALE,GA,69.0,1,Dawn,Cloudy,Main,Freight Train,30,6392,62086,284928,E85C,34.190311000000001,-85.174413999999999
UP,0723GL043,2023-07-30,8:17 AM,Other impacts,0,CLINTON,IA,67.0,2,Day,Clear,Yard,Freight Train,3,512061,0,535586,H306,41.817543999999998,-90.218288000000001
RTDC,131827,2020-03-04,11:37 AM,Raking collision,0,DENVER,CO,60.0,2,Day,Clear,Main,EMU,40,15000,135,15135,M404,39.771875999999999,-104.902321
CSX,000160673,2016-06-19,1:30 PM,Derailment,0,EAST ST LOUIS,IL,93.0,2,Day,Clear,Yard,Freight Train,10,27248,7150,34398,E24C,38.642252999999997,-90.098853000000005
IAIS,2022005,2022-01-24,8:02 AM,Hwy-rail crossing,0,ANITA,IA,32.0,2,Day,Clear,Main,Freight Train,39,25000,0,25000,M302,41.442304999999998,-94.767294000000007
UP,0222PN028,2022-02-24,7:47 PM,Other (describe in narrative),0,CALDWELL,ID,0.0,,,Clear,Main,Freight Train,30,39935,150,40085,M404,43.660117999999997,-116.676683
ATK,146265,2017-02-08,1:30 PM,Hwy-rail crossing,0,GARY,IN,30.0,2,Day,Cloudy,Main,Passenger Train - Pulling,76,21720,0,225652,M302,41.624831,-87.393977000000007
BNSF,KS0724108,2024-07-22,11:10 AM,Derailment,0,DODGE CITY,KS,90.0,2,Day,Clear,Yard,Yard/switching,4,286342,100954,387296,H020,37.751567999999999,-100.005357
BNSF,CH1021102,2021-10-01,5:17 PM,Other impacts,0,GALESBURG,IL,70.0,3,Dusk,Clear,Yard,Yard/switching,4,77344,1000,78344,M408,40.914810000000003,-90.382045000000005