reportingrailroadcode,accidentnumber,date,time,accidenttype,hazmatreleasedcars,station,stateabbr,temperature,visibility_code,visibility,weathercondition,tracktype,equipmenttype,trainspeed,equipmentdamagecost,trackdamagecost,totaldamagecost,primaryaccidentcausecode,latitude,longitude
CSX,000207442,2022-09-08,9:00 PM,Other impacts,0,TAMPA,FL,86.0,4,Dark,Cloudy,Yard,Cut of cars,4,614,0,46629,H318,27.955863000000001,-82.389629999999997
BNSF,KS1022103,2022-10-07,6:33 PM,Broken train collision,0,AMARILLO,TX,55.0,3,Dusk,Cloudy,Yard,Yard/switching,9,751006,277422,1028428,E39C,35.179575,-101.836517
UP,0921PR011,2021-09-12,12:00 PM,Other (describe in narrative),0,NORTHLAKE,IL,84.0,2,Day,Clear,Yard,Light loco(s),0,15454,0,15454,M501,41.900247999999998,-87.907488999999998
BNSF,TC1122106,2022-11-14,4:20 PM,Other (describe in narrative),0,DETROIT LAKES,MN,24.0,2,Day,Cloudy,Main,Freight Train,42,10000,423941,433941,E62C,46.810740000000003,-95.825069999999997
UP,0124GL025,2024-01-16,3:37 PM,Other impacts,0,DES MOINES,IA,2.0,2,Day,Cloudy,Yard,Yard/switching,5,1701,0,1801,M599,41.588827000000002,-93.559448000000003
RCPE,RCP756924L,2024-04-04,11:00 AM,Obstruction,0,CAPA,SD,60.0,2,Day,Clear,Main,Spec. MoW Equip.,10,20000,0,20000,H607,44.087923000000004,-101.05782000000001
CSX,000205443,2022-06-07,6:00 PM,Derailment,0,JUNCTION CITY,GA,90.0,3,Dusk,Cloudy,Industry,Yard/switching,10,118650,13938,132588,M506,32.635517,-84.492796999999996
BRC,014487,2021-11-20,2:45 AM,Broken train collision,0,BEDFORD PARK,IL,36.0,4,Dark,Cloudy,Yard,Cut of cars,15,52231,0,52231,M599,41.767699999999998,-87.758229999999998
BNSF,SF1115107,2015-11-12,4:00 PM,Side collision,0,TULSA,OK,60.0,2,Day,Clear,Yard,Yard/switching,4,1000,0,31000,H305,36.126669999999997,-96.012690000000006
UP,0722PN005,2022-07-09,2:20 AM,Derailment,0,NAMPA,ID,72.0,4,Dark,Clear,Yard,Freight Train,3,112349,140838,298262,H704,43.583421999999999,-116.56395000000001
CSX,000206316,2022-07-26,10:57 PM,Derailment,0,WAYCROSS,GA,80.0,4,Dark,Cloudy,Yard,Yard/switching,4,14215,0,32160,M405,31.213508999999998,-82.353556999999995
UP,0420GP009,2020-04-02,11:00 AM,Other impacts,0,NORTH PLATTE,NE,22.0,2,Day,Snow,Yard,Single Car,0,55204,0,184551,M407,41.147128000000002,-100.830809
NS,132541,2019-01-21,1:30 PM,Derailment,0,BELLEVUE,OH,2.0,2,Day,Snow,Yard,Yard/switching,15,167849,3210,171059,S006,41.294373999999998,-82.777473999999998
CSX,000183024,2019-05-17,1:33 PM,Derailment,0,MIAMI-DADE,FL,88.0,2,Day,Clear,Industry,Freight Train,4,14356,97,14453,M101,25.633597000000002,-80.414430999999993
EIRR,230723002,2023-07-23,4:15 PM,Derailment,0,RUPERT,ID,98.0,2,Day,Clear,Yard,Yard/switching,7,10000,13978,23978,E64C,42.622166999999997,-113.663859
ATK,140774,2016-01-16,6:28 PM,Rear end collision,0,LISLE,IL,20.0,3,Dusk,Cloudy,Main,Passenger Train - Pulling,45,31000,0,81000,H402,41.795068000000001,-88.088561999999996
NS,140940,2021-03-16,10:00 PM,Other (describe in narrative),0,ATLANTA,GA,72.0,4,Dark,Rain,Yard,Yard/switching,10,25527,1443,26970,H306,33.793526999999997,-84.444462000000001
RVSC,RV23014,2023-05-08,4:54 PM,Derailment,0,LA FERIA,TX,90.0,2,Day,Clear,Industry,Freight Train,3,14000,0,14000,H310,26.152322000000002,-97.856902000000005
WC,835171,2014-12-13,9:37 AM,Rear end collision,0,JOLIET,IL,38.0,2,Day,Clear,Main,Freight Train,0,433503,13619,597122,H222,41.542029999999997,-88.060249999999996
UP,0521RM006,2021-05-05,12:44 PM,Hwy-rail crossing,0,CLIFTON,CO,66.0,2,Day,Clear,Main,,0,0,0,17652,M303,39.093297999999997,-108.42697
CPKC,1002026695,2024-01-12,12:45 AM,Other impacts,0,DUBUQUE,IA,26.0,4,Dark,Snow,Siding,Cut of cars,0,35955,0,36300,H306,42.516680999999998,-90.660095999999996
FEC,D19032322,2022-03-23,10:30 AM,Derailment,0,JACKSONVILLE,FL,78.0,2,Day,Clear,Yard,Yard/switching,7,6447,5246,11693,H303,30.252110999999999,-81.611165999999997
WC,834732,2014-12-08,12:48 AM,Other impacts,0,GARY,IN,39.0,4,Dark,Clear,Yard,Yard/switching,4,62426,125,62551,H503,41.609257999999997,-87.352446999999998
SFRV,07152021,2021-07-15,8:30 AM,Derailment,0,HIALEAH,FL,82.0,2,Day,Cloudy,Industry,,0,0,20000,33147,T212,25.816482000000001,-80.258837
UP,1022GL011,2022-10-10,1:40 PM,Hwy-rail crossing,0,RALSTON,IA,77.0,2,Day,Clear,Main,Freight Train,45,9101,140150,149251,M303,42.041755999999999,-94.641298000000006
SFRV,100916,2016-10-09,4:54 PM,Derailment,0,HIALEAH,FL,85.0,3,Dusk,Clear,Yard,,0,0,61268,124557,E49C,25.860075999999999,-80.260002
BNSF,KS0422202,2022-04-28,6:21 AM,Hwy-rail crossing,0,CANADIAN,TX,70.0,1,Dawn,Clear,Main,Freight Train,65,11747,0,11747,M302,35.915548000000001,-100.387576
UP,0623GL028,2023-06-27,1:05 AM,Other (describe in narrative),0,AMES,IA,61.0,4,Dark,Clear,Yard,Freight Train,6,0,14200,14200,H702,42.028754999999997,-93.518259999999998
UP,0715WH001,2015-07-01,12:50 PM,Hwy-rail crossing,0,CHETOPA,KS,86.0,2,Day,Clear,Main,Freight Train,49,12569,0,12569,M302,37.090609999999998,-95.113749999999996
BNSF,CH1015108,2015-10-27,10:30 AM,Other (describe in narrative),0,MENDOTA,IL,55.0,2,Day,Fog,Yard,Yard/switching,4,26765,0,26765,H302,41.551031000000002,-89.117170999999999
SLRG,SL220217A,2022-02-17,3:02 AM,Derailment,0,LA VETA,CO,8.0,4,Dark,Snow,Main,Freight Train,7,8005,30541,38546,T222,37.513345999999999,-105.11214099999999
NS,157078,2024-06-16,10:40 PM,Other impacts,0,ROME,GA,85.0,4,Dark,Clear,Yard,Single Car,0,1952,0,32148,H310,34.277316999999996,-85.141959
WSOR,190226001,2019-02-26,2:08 AM,Derailment,0,SPRING GROVE,IL,10.0,4,Dark,Clear,Main,Freight Train,20,92000,3000,95000,T221,42.43929,-88.237300000000005
NS,131675,2018-11-14,11:40 AM,Other impacts,0,NEW HAVEN,IN,31.0,2,Day,Clear,Yard,Cut of cars,0,978,0,18905,H312,41.074123,-85.042597000000001
NS,132252,2019-01-02,5:53 AM,Derailment,0,BELLEVUE,OH,30.0,1,Dawn,Cloudy,Yard,Yard/switching,2,30216,22295,52511,H019,41.294722,-82.775723999999997
TPW,TPW291823D,2023-01-09,4:05 PM,Derailment,0,SHELDON,IL,33.0,2,Day,Cloudy,Yard,Yard/switching,7,21000,0,21000,T220,40.770909000000003,-87.549425999999997
WC,929256,2017-04-14,11:30 PM,Other impacts,0,GARY,IN,78.0,4,Dark,Clear,Yard,Yard/switching,6,12500,0,12500,M201,41.618274,-87.369884999999996
CSX,000166366,2017-01-26,9:40 PM,Other (describe in narrative),0,AVON,IN,35.0,2,Day,Cloudy,Yard,Cut of cars,4,42043,192,42235,H317,39.759791,-86.327526000000006
UP,0622RM022,2022-06-14,1:30 AM,Derailment,0,POCATELLO,ID,47.0,4,Dark,Clear,Yard,Yard/switching,3,16546,9186,25732,H307,42.843767999999997,-112.427012
NIRC,9419000913,2022-07-09,8:00 PM,Other impacts,0,CHICAGO,IL,79.0,3,Dusk,Clear,Main,Spec. MoW Equip.,15,0,21366,21366,E99C,41.774009999999997,-87.592029999999994
UP,1118HO016,2018-11-13,11:45 PM,Derailment,0,HOUSTON,TX,35.0,4,Dark,Cloudy,Yard,Yard/switching,4,415,14020,14435,M101,29.813507999999999,-95.288346000000004
GTW,1131701,2023-04-17,12:59 PM,Obstruction,0,MISHAWAKA,IN,36.0,2,Day,Cloudy,Main,Maint./inspect Car,21,123816,0,123816,H997,41.663325999999998,-86.237226000000007
CSX,000140119,2015-01-16,7:57 AM,Side collision,0,AVON,IN,30.0,2,Day,Clear,Yard,Single Car,14,26197,0,26197,M407,39.759341999999997,-86.347116
BNSF,TC1121201,2021-11-08,8:10 AM,Hwy-rail crossing,0,LESTER,IA,55.0,1,Dawn,Clear,Main,Freight Train,43,12950,0,12950,M302,43.404062000000003,-96.321059000000005
BNSF,KS1121101,2021-11-02,11:08 PM,Derailment,0,LA JUNTA,CO,45.0,4,Dark,Clear,Main,Freight Train,9,25134,4230,29364,E29C,38.009203999999997,-103.472568
GTW,839122,2015-01-28,12:30 AM,Derailment,0,KINGSBURY,IN,18.0,4,Dark,Clear,Industry,Freight Train,8,147234,8932,156166,H703,41.523699000000001,-86.696021000000002
UP,0722RM020,2022-07-24,7:50 PM,Other impacts,0,GRAND JUNCTION,CO,75.0,3,Dusk,Cloudy,Yard,Cut of cars,0,8897,0,42251,H317,39.063102000000001,-108.553197
CSX,000139619,2015-01-06,11:59 AM,Hwy-rail crossing,0,SHELBURN,IN,25.0,2,Day,Clear,Main,Freight Train,8,21977,0,21977,M308,39.202945999999997,-87.387134000000003
BNSF,TC0615114,2015-06-27,5:45 PM,Derailment,0,MILTON,ND,75.0,2,Day,Cloudy,Industry,Cut of cars,0,16790,0,16790,M102,48.625056000000001,-98.043132
FEC,D15022515,2015-02-25,6:40 PM,Derailment,0,JACKSONVILLE,FL,55.0,4,Dark,Cloudy,Yard,Yard/switching,5,7855,6925,14780,H702,30.238327000000002,-81.601367999999994
UP,1021GL007,2021-10-06,5:30 PM,Other impacts,0,ALBERT CITY,IA,71.0,2,Day,Cloudy,Industry,Freight Train,1,16925,0,19956,H306,42.779364000000001,-94.945468000000005
WC,1114115,2022-09-16,12:37 PM,Derailment,0,MUNDELEIN,IL,84.0,2,Day,Clear,Industry,Freight Train,5,7000,4975,11975,H303,42.245801999999998,-87.985425000000006
CSX,000171864,2017-09-22,4:46 AM,Obstruction,0,NAHUNTA,GA,68.0,4,Dark,Clear,Main,,0,0,97,13827,M402,31.326772999999999,-81.957908000000003
NS,143387,2021-11-06,8:00 AM,Other (describe in narrative),0,MACON,GA,50.0,2,Day,Clear,Yard,Freight Train,2,9532,8594,18126,H702,32.813729000000002,-83.622793000000001
BNSF,CH0616112,2016-06-14,1:50 AM,Derailment,0,GALESBURG,IL,74.0,4,Dark,Clear,Yard,Yard/switching,4,51630,15000,66630,H607,40.934728,-90.369874999999993
CSX,000202513,2022-01-20,12:30 AM,Derailment,0,JACKSONVILLE,FL,48.0,4,Dark,Cloudy,Yard,Freight Train,5,31326,3388,34714,H702,30.293832999999999,-81.977424999999997
FGA,D072522,2022-07-25,3:15 PM,Derailment,0,LIVE OAK,FL,93.0,2,Day,Clear,Industry,Freight Train,10,20000,500,20500,E24C,30.352,-83.099999999999994
CSX,000163182,2016-03-01,10:15 AM,Obstruction,0,WEST PALM BEACH,FL,75.0,2,Day,Clear,Main,,0,0,1000,221180,M404,26.863320999999999,-80.233234999999993
BNSF,CH1222119,2022-12-27,9:54 AM,Derailment,0,FORT MADISON,IA,19.0,2,Day,Clear,Yard,Freight Train,5,35988,700,36688,M101,40.623427,-91.333269000000001
NS,129529,2018-05-14,6:15 AM,Side collision,0,WEST MIFFLIN,PA,55.0,1,Dawn,Clear,Yard,Freight Train,5,0,0,39000,H302,40.401335000000003,-79.877943999999999
CSX,000209176,2023-01-08,5:30 PM,Other impacts,0,TAMPA,FL,78.0,3,Dusk,Clear,Yard,Single Car,3,27139,0,49306,H318,27.955863000000001,-82.389629999999997
CSX,000215186,2023-12-21,2:30 PM,Other impacts,0,MEMPHIS,TN,58.0,2,Day,Clear,Yard,Light loco(s),5,13389,0,17389,H516,35.16816,-89.962618000000006
CSX,000154702,2015-11-25,2:15 PM,Derailment,0,CHICAGO,IL,45.0,2,Day,Cloudy,Yard,Freight Train,3,66457,0,93437,H525,41.761749999999999,-87.741168000000002
NS,155539,2024-01-24,9:14 AM,Other impacts,0,ROANOKE,VA,51.0,2,Day,Cloudy,Yard,Yard/switching,6,152200,4672,156872,H312,37.277109000000003,-79.982324000000006
CSX,000149792,2015-07-27,10:01 AM,Hwy-rail crossing,0,DEMOCRAT,KY,80.0,2,Day,Clear,Main,Freight Train,23,11229,1953,13182,M302,37.222230000000003,-82.856245999999999
FEC,D53101019,2019-10-10,10:00 AM,Side collision,0,JACKSONVILLE,FL,77.0,2,Day,Clear,Yard,Freight Train,0,10000,0,18000,H306,30.227537000000002,-81.593086999999997
IAIS,2016040,2016-07-23,10:26 AM,Derailment,0,SILVIS,IL,84.0,2,Day,Clear,Yard,Yard/switching,5,9000,5536,14536,E36L,41.510198000000003,-90.398731999999995
UP,0323GL025,2023-03-25,2:07 PM,Derailment,0,COLO,IA,51.0,2,Day,Cloudy,Main,Freight Train,5,16150,0,16150,E35C,42.018805,-93.243117999999996
UP,0118ST025,2018-01-27,12:38 PM,Hwy-rail crossing,0,TOYAH,TX,53.0,2,Day,Cloudy,Main,Freight Train,53,45739,500,46239,M308,31.373857999999998,-103.65231900000001
ATK,149634,2017-09-22,4:41 AM,Obstruction,0,NAHUNTA,GA,68.0,4,Dark,Clear,Main,Passenger Train - Pulling,78,13730,0,13827,M402,31.313027999999999,-81.961239000000006
SFRV,12302022,2022-12-30,7:55 PM,Derailment,0,HIALEAH,FL,72.0,4,Dark,Cloudy,Yard,Commuter Train - Pulling,3,23000,0,23000,H999,25.827200000000001,-80.281499999999994
BNSF,TC0323107,2023-03-09,1:30 PM,Derailment,0,SIOUX CITY,IA,34.0,2,Day,Clear,Yard,Freight Train,0,65758,0,66189,H306,42.509985999999998,-96.374199000000004
BNSF,HL1221102,2021-12-03,6:32 AM,Rear end collision,0,PACIFIC JCTN,IA,40.0,1,Dawn,Clear,Main,Freight Train,42,1284651,90000,1572598,H404,40.990178,-95.799897999999999
UP,1123GL005,2023-11-07,10:06 AM,Other impacts,0,EAGLE GROVE,IA,45.0,2,Day,Cloudy,Yard,Cut of cars,4,43662,0,113627,H020,42.676465,-93.917016000000004
BNSF,PR0818110,2018-08-31,6:30 AM,Derailment,0,PUEBLO,CO,71.0,1,Dawn,Cloudy,Yard,Yard/switching,6,311452,500,331952,H704,38.272067,-104.624736
UP,0521PN026,2021-05-29,6:25 PM,Other impacts,0,NAMPA,ID,75.0,3,Dusk,Clear,Yard,Cut of cars,0,17685,0,17983,E30C,43.583883999999998,-116.564718
GTW,1131701,2023-04-17,12:59 PM,Obstruction,0,MISHAWAKA,IN,36.0,2,Day,Cloudy,Main,Maint./inspect Car,0,0,0,123816,H997,41.663325999999998,-86.237226000000007
BLF,20200015,2020-01-12,10:30 PM,Obstruction,0,HOLLYWOOD,FL,79.0,4,Dark,Clear,Main,Passenger Train - Pulling,39,16843,0,16881,M402,26.015893999999999,-80.085932
GRS,20170129L1,2017-01-29,5:15 AM,Derailment,0,WORCESTER,MA,27.0,4,Dark,Clear,Main,Freight Train,9,13050,70144,83194,M203,42.356974000000001,-71.7744
NS,144328,2022-02-09,7:50 AM,Hwy-rail crossing,0,TIFTON,GA,56.0,1,Dawn,Clear,Main,Freight Train,15,842,17000,17842,M303,31.460328000000001,-83.515972000000005
UP,1121GP032,2021-11-17,7:08 PM,Derailment,0,DENVER,CO,32.0,3,Dusk,Clear,Yard,Yard/switching,7,72355,396575,468930,H306,39.795507000000001,-104.998901
FEC,D149111714,2014-11-17,10:30 AM,Side collision,0,JACKSONVILLE,FL,75.0,2,Day,Cloudy,Yard,Yard/switching,3,32500,7147,72147,H306,30.251922,-81.610969999999995
UP,0522GL023,2022-05-16,2:51 PM,Obstruction,0,LAKOTA,IA,75.0,2,Day,Clear,Main,Freight Train,36,35100,416,35516,M402,43.386125999999997,-94.075186000000002
GWR,GWRC192485,2019-05-21,3:05 AM,Derailment,0,FORT COLLINS,CO,30.0,4,Dark,Snow,Yard,Yard/switching,2,34000,2000,36000,H306,40.5959,-105.0342
NS,153466,2023-06-29,4:15 AM,Other impacts,0,ROANOKE,VA,74.0,1,Dawn,Clear,Yard,Cut of cars,8,170,0,109320,H020,37.271115999999999,-79.997916000000004
UP,0717UT006,2017-07-10,9:30 AM,Derailment,0,BRIGHAM CITY,UT,78.0,2,Day,Clear,Yard,Yard/switching,4,36971,1680,38651,H318,41.512900999999999,-112.02941300000001
UP,0122MA036,2022-01-30,2:05 AM,Derailment,0,DUPO,IL,24.0,4,Dark,Clear,Yard,Freight Train,9,25193,176,25369,H503,38.528590000000001,-90.209344999999999
BNSF,CH0116108,2016-01-25,4:15 AM,Derailment,0,ELWOOD,IL,30.0,1,Dawn,Clear,Yard,Yard/switching,3,26919,0,26919,M501,41.378846000000003,-88.151036000000005
UP,0323RM025,2023-03-16,10:57 AM,Derailment,0,POCATELLO,ID,28.0,2,Day,Clear,Yard,Yard/switching,8,11259,92306,103565,H703,42.86862,-112.45480000000001
UP,1021PR009,2021-10-10,2:15 AM,Derailment,0,SOUTH HOLLAND,IL,73.0,4,Dark,Clear,Yard,Freight Train,8,159989,38400,198389,T221,41.622762000000002,-87.612078999999994
UP,0618NP029,2018-06-24,8:48 AM,Other impacts,0,NORTH PLATTE,NE,80.0,2,Day,Clear,Yard,Single Car,0,16113,0,17845,M411,41.151826999999997,-100.81617799999999
BNSF,PR0520113,2020-05-21,6:00 PM,Derailment,0,DENVER,CO,80.0,3,Dusk,Cloudy,Yard,Yard/switching,5,31809,30000,61809,H601,39.770705,-104.98942700000001
NS,135691,2019-10-02,8:30 AM,Side collision,0,ELKHART,IN,70.0,2,Day,Rain,Yard,Yard/switching,7,8540,76833,122108,H306,41.67736,-85.978494999999995
DAIR,032021,2021-09-02,10:25 PM,Derailment,0,SIOUX CITY,IA,66.0,4,Dark,Rain,Main,Light loco(s),5,0,0,20333,H702,42.493547999999997,-96.392157999999995
UP,0721GP002,2021-07-04,8:00 AM,Derailment,0,OVID,CO,67.0,2,Day,Clear,Main,Freight Train,50,3256,95300,98556,E68C,40.990234999999998,-102.36914400000001
UP,0123GL039,2023-01-22,1:30 PM,Other (describe in narrative),0,DES MOINES,IA,23.0,2,Day,Cloudy,Yard,Yard/switching,4,109857,0,109857,E21C,41.589517999999998,-93.566562000000005
CSX,000166375,2017-01-29,9:32 PM,Derailment,0,HAMMOND,IN,19.0,4,Dark,Cloudy,Main,Freight Train,29,17443,0,25429,E62C,41.606144999999998,-87.476539000000002
BNSF,PR0721106,2021-07-18,10:32 PM,Derailment,0,COMMERCE CITY,CO,74.0,4,Dark,Clear,Yard,Light loco(s),1,10000,3550,13550,H607,39.799917000000001,-104.948851
NICD,N2100030,2021-12-22,7:07 AM,Other impacts,0,CHICAGO,IL,31.0,1,Dawn,Cloudy,Main,Commuter Train - Pulling,20,6378,0,21262,E78L,41.856949999999998,-87.617630000000005
BNSF,PR0722109,2022-07-22,10:45 AM,Derailment,0,DENVER,CO,96.0,2,Day,Clear,Yard,Yard/switching,4,6984,321000,327984,H312,39.768625,-104.99158799999999
ATK,169544,2022-01-23,3:13 PM,Hwy-rail crossing,0,GRANITE CITY,IL,28.0,2,Day,Clear,Main,Passenger Train - Pulling,68,14730,0,14880,M308,38.713785000000001,-90.144756000000001
SLRG,SL200929A,2020-09-29,9:39 AM,Derailment,0,LA VETA,CO,59.0,2,Day,Clear,Main,Freight Train,10,32727,32997,65724,H508,37.528796,-105.134
NJTR,201602072,2016-01-18,7:15 PM,Derailment,0,KEARNY,NJ,18.0,4,Dark,Clear,Yard,Yard/switching,10,22705,2680,25385,H704,40.744233000000001,-74.108078000000006
CSX,000214047,2023-10-13,9:05 AM,Hwy-rail crossing,0,BALTIMORE,MD,73.0,2,Day,Clear,Main,Freight Train,9,1793,74226,76019,M302,39.265717000000002,-76.632344000000003
CC,1149882,2024-05-10,1:00 PM,Derailment,0,WATERLOO,IA,71.0,2,Day,Clear,Yard,Freight Train,4,15634,559,16193,H318,42.508083999999997,-92.333370000000002
UP,0623HL015,2023-06-20,1:49 PM,Hwy-rail crossing,0,PLEASANTVILLE,IA,82.0,2,Day,Clear,Main,Freight Train,46,20788,0,20788,M304,41.345491000000003,-93.290988999999996
NS,144416,2022-02-17,10:00 AM,Other (describe in narrative),0,MACON,GA,72.0,2,Day,Clear,Yard,Light loco(s),3,4035,191146,195181,H702,32.813729000000002,-83.622793000000001
FEC,D54090415,2015-09-04,5:55 PM,Derailment,0,JACKSONVILLE,FL,85.0,2,Day,Cloudy,Yard,Light loco(s),8,13944,6997,20941,M405,30.242391999999999,-81.603511999999995
UP,0322GL026,2022-03-24,1:59 AM,Derailment,0,ROCKWELL,IA,33.0,4,Dark,Cloudy,Main,Freight Train,46,1341026,620774,1961800,H504,42.950195999999998,-93.231481000000002
CSX,000159803,2016-05-15,1:01 AM,Derailment,0,LOUISVILLE,KY,43.0,4,Dark,Clear,Yard,Freight Train,3,7060,11400,18460,M405,38.291970999999997,-85.510503999999997
CRSH,146850,2024-04-03,3:30 PM,Side collision,0,LINDEN,NJ,45.0,2,Day,Rain,Main,Yard/switching,3,14270,0,16490,H306,40.642372000000002,-74.204316000000006
UP,0124GL025,2024-01-16,3:37 PM,Other impacts,0,DES MOINES,IA,2.0,2,Day,Cloudy,Yard,Single Car,5,100,0,1801,M599,41.588827000000002,-93.559448000000003
BNSF,KS1119202,2019-11-28,4:45 AM,Hwy-rail crossing,0,CAMPO,CO,31.0,1,Dawn,Cloudy,Main,Freight Train,47,16182,2925,19107,M308,37.116807000000001,-102.58242199999999
BNSF,TC0120122,2020-01-27,10:00 AM,Derailment,0,ABERDEEN,SD,20.0,2,Day,Clear,Yard,Freight Train,7,80000,50000,130000,H704,45.463819000000001,-98.508858000000004
NIRC,9419000503,2021-10-15,5:52 AM,Other (describe in narrative),0,CHICAGO,IL,60.0,4,Dark,Clear,Main,EMU,35,18276,0,18276,H019,41.699531999999998,-87.608975000000001
UP,1118HO034,2018-11-27,8:17 PM,Derailment,0,HOUSTON,TX,54.0,4,Dark,Cloudy,Yard,Yard/switching,4,111731,22296,134027,H506,29.785,-95.320893999999996
NS,152723,2023-03-20,11:30 AM,Derailment,0,WEST FAIRVIEW,PA,60.0,2,Day,Clear,Yard,Yard/switching,7,27100,5341,32441,H503,40.279833000000004,-76.922471999999999
UP,1023GL020,2023-10-22,6:30 AM,Derailment,0,SIOUX CITY,IA,37.0,1,Dawn,Clear,Yard,Freight Train,6,121932,10120,132052,T220,42.508946999999999,-96.391492999999997
CSX,000219872,2024-08-10,1:37 PM,Hwy-rail crossing,0,WAYCROSS,GA,91.0,2,Day,Clear,Main,Freight Train,32,4548,9855,14403,M308,31.207269,-82.366050000000001
CW,19112020,2020-11-09,8:00 PM,Derailment,0,PUEBLO,CO,45.0,4,Dark,Clear,Yard,Yard/switching,30,4535,14861,19396,H008,38.241869000000001,-104.594865
CIC,IA201901,2019-06-13,12:10 AM,Other impacts,0,CEDAR RAPIDS,IA,48.0,4,Dark,Clear,Yard,Light loco(s),0,7801,0,12332,H607,41.928778999999999,-91.683132999999998
BNSF,KS0517108,2017-05-24,9:11 AM,Derailment,0,KANSAS CITY,KS,60.0,2,Day,Cloudy,Yard,Yard/switching,4,71889,0,71889,H503,39.081344999999999,-94.674539999999993
UP,0222GL014,2022-02-16,7:02 AM,Other impacts,0,DES MOINES,IA,46.0,2,Day,Cloudy,Yard,Yard/switching,3,62595,33,72627,H318,41.589190000000002,-93.569014999999993
BNSF,CH1220107,2020-12-21,10:02 PM,Other impacts,0,GALESBURG,IL,32.0,4,Dark,Clear,Yard,Yard/switching,4,11200,0,12409,M407,40.910499000000002,-90.383021999999997
ALS,20220104,2022-01-04,2:00 PM,Derailment,0,EAST ST LOUIS,IL,38.0,2,Day,Clear,Yard,Yard/switching,4,35000,10000,45000,M405,38.594811,-90.147740999999996
UP,0323RM050,2023-03-27,6:00 AM,Derailment,0,POCATELLO,ID,20.0,1,Dawn,Snow,Main,Freight Train,4,165788,35806,403558,M405,42.896560999999998,-112.493171
ALS,0123AS020,2023-01-01,6:50 AM,Derailment,0,EAST ST LOUIS,IL,60.0,1,Dawn,Clear,Yard,Yard/switching,7,29200,1738,30938,H306,38.584204,-90.134442000000007
BNSF,RD1022115,2022-10-17,3:30 AM,Derailment,0,DONIE,TX,65.0,4,Dark,Cloudy,Industry,Freight Train,3,183979,40000,223979,E64C,31.425819000000001,-96.232328999999993
BNSF,PR1120109,2020-11-27,9:58 PM,Head on collision,0,WELLINGTON,CO,32.0,4,Dark,Clear,Industry,Cut of cars,0,211160,0,329160,E10L,40.869875999999998,-105.01626400000001
UP,1123GL011,2023-11-13,12:15 AM,Derailment,0,BOONE,IA,43.0,4,Dark,Cloudy,Yard,Yard/switching,6,8390,5460,13850,H703,42.062196,-93.863163
NS,143464,2021-11-14,11:05 PM,Other impacts,0,CHICAGO,IL,34.0,4,Dark,Clear,Yard,Single Car,1,5012,300,12965,H312,41.694381,-87.564353999999994
BNSF,KS0416101,2016-04-10,10:00 PM,Derailment,0,AMARILLO,TX,55.0,4,Dark,Rain,Yard,Cut of cars,3,15114,0,122313,H020,35.199376999999998,-101.82907
CSX,000139783,2015-01-09,3:45 AM,Derailment,0,INDIANAPOLIS,IN,7.0,4,Dark,Clear,Yard,Yard/switching,7,16007,1600,17607,E39C,39.762777,-86.15558
ALS,202202022,2022-02-02,2:55 PM,Derailment,0,EAST ST LOUIS,IL,22.0,2,Day,Clear,Yard,Light loco(s),3,28902,5560,34462,M101,38.587515000000003,-90.134986999999995
UP,1015HO003,2015-10-01,12:00 PM,Other (describe in narrative),0,LA PORTE,TX,64.0,2,Day,Cloudy,Yard,Single Car,0,14135,0,14135,M507,29.787590000000002,-95.310270000000003
BNSF,CH0223108,2023-02-03,10:00 PM,Other (describe in narrative),0,AGENCY,IA,10.0,4,Dark,Clear,Main,Freight Train,50,7377,46085,53462,E61C,40.990096999999999,-92.258035000000007
BNSF,KS0818106,2018-08-20,12:04 AM,Side collision,0,KANSAS CITY,KS,70.0,4,Dark,Rain,Yard,Cut of cars,4,431,0,64748,H308,39.083224000000001,-94.680744000000004
UP,0923GL023,2023-09-24,2:40 AM,Derailment,0,LOWDEN,IA,64.0,4,Dark,Cloudy,Main,Freight Train,3,0,28594,28594,H705,41.867417000000003,-90.955971000000005
UP,0323GL015,2023-03-17,5:40 AM,Derailment,0,COUNCIL BLUFFS,IA,21.0,1,Dawn,Clear,Yard,Yard/switching,5,31440,2453,33893,H307,41.242497999999998,-95.878082000000006
UP,1222HO002,2022-12-02,9:00 AM,Derailment,0,HOUSTON,TX,68.0,2,Day,Cloudy,Yard,Freight Train,7,2738,23250,25988,E64C,29.815662,-95.287983999999994
CIC,D202309,2023-10-06,1:10 AM,Derailment,0,CEDAR RAPIDS,IA,51.0,4,Dark,Clear,Yard,Freight Train,4,167255,36006,203261,H508,42.065984,-91.676068999999998
NIRC,MEI083,2015-07-25,8:32 PM,Other (describe in narrative),0,CHICAGO,IL,80.0,4,Dark,Clear,Main,EMU,15,32092,12777,44869,M599,41.767792,-87.591538
FEC,X09021820,2020-02-18,10:15 AM,Hwy-rail crossing,0,POMPANO BEACH,FL,80.0,2,Day,Clear,Main,,0,0,373,67371,M308,26.153749999999999,-80.070400000000006
NS,145993,2022-07-26,3:30 AM,Side collision,0,ATLANTA,GA,77.0,4,Dark,Clear,Yard,Light loco(s),2,3870,0,24122,H399,33.793519000000003,-84.444440999999998