reportingrailroadcode,accidentnumber,date,time,accidenttype,hazmatreleasedcars,station,stateabbr,temperature,visibility_code,visibility,weathercondition,tracktype,equipmenttype,trainspeed,equipmentdamagecost,trackdamagecost,totaldamagecost,primaryaccidentcausecode,latitude,longitude
BNSF,MT1122201,2022-11-08,6:00 PM,Hwy-rail crossing,0,SANDPOINT,ID,25.0,3,Dusk,Clear,Main,Freight Train,45,1100,25000,26100,M308,48.429290000000002,-116.493208
UP,1220PR015,2020-12-24,12:44 AM,Derailment,1,DIXON,IL,17.0,4,Dark,Cloudy,Main,Freight Train,41,2117311,366980,2484291,H519,41.823712999999998,-89.521461000000002
BNSF,TC0816101,2016-08-02,12:20 AM,Derailment,0,BRISTOL,SD,70.0,4,Dark,Clear,Main,Freight Train,26,72706,800,73506,M105,45.354937999999997,-97.837317999999996
BNSF,CH0523103,2023-05-04,11:02 PM,Derailment,0,CHILLICOTHE,IA,61.0,4,Dark,Clear,Industry,Freight Train,4,96289,350000,446289,H701,41.090803000000001,-92.553213999999997
UP,1118SA036,2018-11-27,9:19 PM,Fire/violent rupture,0,ROSANKY,TX,47.0,4,Dark,Clear,Main,Freight Train,30,24586,700,25286,E74L,29.932987000000001,-97.328563000000003
NS,119316,2016-02-11,6:30 AM,Side collision,0,NEW ALBANY,KY,20.0,1,Dawn,Clear,Yard,Freight Train,0,12000,0,12030,H307,38.263534999999997,-85.801413999999994
BNSF,KS0118110,2018-01-14,8:45 AM,Derailment,0,KANSAS CITY,KS,8.0,1,Dawn,Clear,Yard,Yard/switching,4,29050,0,29050,M404,39.084201,-94.689462000000006
UP,0618TC003,2018-06-01,10:35 PM,Derailment,0,DES MOINES,IA,81.0,4,Dark,Cloudy,Yard,Yard/switching,6,33380,10288,43668,E64C,41.589680000000001,-93.571820000000002
IANR,VID0221211,2021-02-21,10:20 PM,Derailment,0,VINTON,IA,29.0,4,Dark,Snow,Industry,Freight Train,6,24621,10600,35221,M599,42.164748000000003,-92.031610000000001
WC,997544,2019-05-03,5:50 AM,Other impacts,0,GARY,IN,50.0,1,Dawn,Clear,Yard,Single Car,0,0,0,12057,H993,41.628680000000003,-87.415559000000002
EIRR,211114001,2021-11-14,2:00 PM,Fire/violent rupture,0,HAZELTON,ID,65.0,2,Day,Clear,Main,Freight Train,25,95000,0,95000,M406,42.606814999999997,-113.99516300000001
UP,0722HL013,2022-07-08,7:46 PM,Derailment,0,COFFEYVILLE,KS,94.0,3,Dusk,Clear,Yard,Freight Train,0,63306,50,63356,H505,37.030423999999996,-95.630983999999998
CSX,000209041,2023-01-01,10:52 AM,Derailment,0,JACKSONVILLE,FL,65.0,2,Day,Fog,Yard,Cut of cars,0,15000,0,30828,H702,30.359359000000001,-81.716903000000002
RTDC,171256,2021-04-28,12:49 PM,Hwy-rail crossing,0,AURORA,CO,50.0,2,Day,Clear,Main,EMU,77,250000,8325,258325,M308,39.759678000000001,-104.810126
NS,138223,2020-06-13,8:00 AM,Hwy-rail crossing,0,MCDONOUGH,GA,75.0,2,Day,Clear,Main,Freight Train,39,12763,0,12763,M308,33.447912000000002,-84.154683000000006
BNSF,PR0520106,2020-05-13,9:15 PM,Derailment,0,MONUMENT,CO,55.0,4,Dark,Clear,Yard,Single Car,4,25861,15000,40861,M502,39.087040999999999,-104.87282
CSX,000195431,2021-02-01,1:50 AM,Rear end collision,0,WALBRIDGE,OH,25.0,4,Dark,Snow,Yard,Single Car,4,13359,0,33257,H318,41.589930000000003,-83.496859999999998
UP,1015HO014,2015-10-14,12:40 PM,Hwy-rail crossing,0,MISSOURI CITY,TX,80.0,2,Day,Clear,Main,Freight Train,41,489,11000,11489,M308,29.623812999999998,-95.526284000000004
ALS,20210123,2021-01-23,6:15 AM,Derailment,0,EAST ST LOUIS,IL,19.0,4,Dark,Clear,Yard,Yard/switching,4,7314,14200,21514,M599,38.588833000000001,-90.136453000000003
UP,0522HL006,2022-05-01,9:00 AM,Obstruction,0,KANSAS CITY,KS,62.0,2,Day,Cloudy,Yard,Freight Train,7,203877,89934,293811,M404,39.146312000000002,-94.593656999999993
CSX,000207442,2022-09-08,9:00 PM,Other impacts,0,TAMPA,FL,86.0,4,Dark,Cloudy,Yard,Single Car,4,46015,0,46629,H318,27.955863000000001,-82.389629999999997
SFRV,011220221,2022-01-12,6:19 PM,Hwy-rail crossing,0,FORT LAUDERDALE,FL,75.0,4,Dark,Clear,Main,,0,0,0,17680,M302,26.203340000000001,-80.149906000000001
UP,0921MA001,2021-09-01,2:25 PM,Derailment,0,VENICE,IL,81.0,2,Day,Clear,Yard,Freight Train,5,12925,0,35496,H503,38.676411000000002,-90.164850000000001
FEC,D01010223,2023-01-02,11:15 AM,Derailment,0,JACKSONVILLE,FL,69.0,2,Day,Clear,Yard,Yard/switching,6,21286,15321,36607,H702,30.237579,-81.600862000000006
NS,157022,2024-06-10,6:30 PM,Other impacts,0,MACON,GA,87.0,3,Dusk,Clear,Yard,Single Car,6,9000,5000,22452,M411,32.81373,-83.622793999999999
CSX,000207908,2022-10-18,1:20 PM,Side collision,0,WAYCROSS,GA,78.0,2,Day,Clear,Yard,Yard/switching,4,2143,0,13581,H307,31.213508999999998,-82.353556999999995
UP,1117FW029,2017-11-22,11:00 AM,Derailment,0,BIG SPRING,TX,65.0,2,Day,Clear,Siding,Freight Train,5,13702,3198,16900,H702,32.258248999999999,-101.469998
CSX,000216361,2024-02-25,11:12 AM,Other impacts,0,NASHVILLE,TN,55.0,2,Day,Clear,Yard,Single Car,0,100,0,17100,S016,36.112136,-86.770713000000001
CSX,000208351,2022-11-14,9:00 AM,Derailment,0,ORLANDO,FL,76.0,2,Day,Clear,Yard,Cut of cars,3,11762,0,11962,H602,28.432064,-81.369519999999994
CSX,000197169,2021-04-22,1:47 PM,Derailment,0,JACKSONVILLE,FL,72.0,2,Day,Clear,Main,Freight Train,7,68969,97,69066,H525,30.332803999999999,-81.683666000000002
NS,151071,2022-10-06,9:45 AM,Raking collision,0,WEST FAIRVIEW,PA,63.0,2,Day,Clear,Yard,Light loco(s),0,15000,160,242521,H018,40.279833000000004,-76.922471999999999
UP,1123GL005,2023-11-07,10:06 AM,Other impacts,0,EAGLE GROVE,IA,45.0,2,Day,Cloudy,Yard,Yard/switching,6,66020,3945,113627,H020,42.676465,-93.917016000000004
UP,0416HO048,2016-04-30,2:50 AM,Derailment,0,PALESTINE,TX,70.0,4,Dark,Rain,Main,Freight Train,20,34771,691200,725971,M103,31.707207,-95.692909999999998
UP,0215WH006,2015-02-21,1:15 AM,Derailment,0,WICHITA,KS,33.0,4,Dark,Cloudy,Siding,Freight Train,8,9099,103443,112542,E54C,37.721971000000003,-97.328975999999997
BNSF,PR0222115,2022-02-18,5:30 PM,Side collision,0,DENVER,CO,27.0,3,Dusk,Clear,Yard,Freight Train,10,20046,41500,73251,H307,39.764032999999998,-104.993076
NS,132624,2019-01-28,10:15 AM,Other (describe in narrative),0,ALBION,IL,46.0,2,Day,Clear,Industry,Freight Train,2,11570,47258,58828,H306,38.372300000000003,-88.023634000000001
EIRR,220325002,2022-03-25,2:50 AM,Derailment,0,HAZELTON,ID,44.0,4,Dark,Clear,Main,Freight Train,23,37000,342000,379000,E68C,42.599145,-114.028257
UP,0418NP013,2018-04-16,11:00 AM,Obstruction,0,MISSOURI VALLEY,IA,51.0,2,Day,Clear,Main,Spec. MoW Equip.,20,16590,0,16590,H997,41.558518999999997,-96.024674000000005
CSX,000152871,2015-10-05,8:30 AM,Derailment,0,UNION CITY,KY,65.0,2,Day,Clear,Yard,Yard/switching,6,12210,1000,13210,H702,37.850352000000001,-84.256836000000007
CSX,000169411,2017-06-05,9:45 AM,Derailment,0,THOMASVILLE,GA,80.0,2,Day,Cloudy,Yard,Spec. MoW Equip.,0,2500,509,10728,M405,30.834434000000002,-83.97587
BNSF,KS0818106,2018-08-20,12:04 AM,Side collision,0,KANSAS CITY,KS,70.0,4,Dark,Rain,Yard,Yard/switching,0,64317,0,64748,H308,39.083224000000001,-94.680744000000004
SFRV,051716,2016-05-17,9:53 AM,Derailment,0,MIAMI,FL,90.0,2,Day,Cloudy,Yard,Commuter Train - Pushing,2,36423,11939,48362,H704,25.852879999999999,-80.259048000000007
CSX,000160287,2016-06-03,1:05 AM,Derailment,0,JACKSONVILLE,FL,78.0,4,Dark,Clear,Yard,Freight Train,3,48904,2658,51562,M599,30.437041000000001,-81.643089000000003
NS,144371,2022-02-13,2:30 PM,Other (describe in narrative),0,CHICAGO,IL,17.0,2,Day,Clear,Yard,Yard/switching,0,20563,18613,173298,H702,41.694381,-87.564353999999994
SFRV,010416,2016-01-04,6:49 AM,Hwy-rail crossing,0,LAKE WORTH,FL,63.0,2,Day,Clear,Main,Commuter Train - Pushing,64,595768,146950,742718,M304,26.608905,-80.069355999999999
CSX,000216649,2024-03-09,3:15 PM,Other (describe in narrative),0,NASHVILLE,TN,55.0,2,Day,Clear,Yard,Light loco(s),5,153500,22350,175850,H702,36.112136,-86.770713000000001
UP,0115PC004,2015-01-24,12:40 PM,Derailment,0,POCATELLO,ID,40.0,2,Day,Clear,Yard,Yard/switching,6,31931,16500,48431,H702,42.859887000000001,-112.445628
IANR,MAD0213231,2023-02-13,1:00 PM,Derailment,0,MANLY,IA,32.0,2,Day,Cloudy,Yard,Yard/switching,5,63500,300,63800,M101,43.304752999999998,-93.20532
NS,144242,2022-02-02,5:45 PM,Derailment,0,JAMES,GA,50.0,3,Dusk,Clear,Industry,Freight Train,9,89210,0,89210,H306,32.919674000000001,-83.515966000000006
ATK,170239,2022-03-28,7:52 AM,Hwy-rail crossing,0,LAS ANIMAS,CO,65.0,2,Day,Clear,Main,Passenger Train - Pulling,30,16500,0,16500,M304,38.06073,-103.28031
NS,157383,2024-07-12,4:42 PM,Derailment,0,SUWANEE,GA,91.0,3,Dusk,Clear,Main,Freight Train,43,12850,110000,122850,M505,34.057757000000002,-84.065895999999995
UP,0724GL005,2024-07-06,5:24 AM,Other impacts,0,DES MOINES,IA,61.0,1,Dawn,Clear,Yard,Single Car,3,7857,0,20721,H318,41.589444,-93.570347999999996
BLF,20220330,2022-03-06,5:20 PM,Hwy-rail crossing,0,OAKLAND PARK,FL,79.0,2,Day,Clear,Main,Passenger Train - Pulling,79,15436,0,16326,M308,26.170479,-80.131404000000003
IAIS,202329,2023-07-06,11:30 AM,Derailment,0,DES MOINES,IA,75.0,2,Day,Clear,Yard,,0,0,68785,137570,E07C,41.585290999999998,-93.542869999999994
CSX,000170720,2017-08-04,10:22 PM,Derailment,0,FAIRBURN,GA,78.0,4,Dark,Cloudy,Industry,Freight Train,6,31000,0,31000,M501,33.536476999999998,-84.639516
BLF,20210116,2021-11-23,9:56 AM,Hwy-rail crossing,0,DELRAY BEACH,FL,73.0,2,Day,Clear,Main,Passenger Train - Pulling,79,10955,0,11208,M308,26.461653999999999,-80.070318
UP,0621PR021,2021-06-22,10:30 PM,Other impacts,0,DOLTON,IL,60.0,4,Dark,Cloudy,Yard,Cut of cars,0,56653,0,80840,H318,41.616239,-87.610539000000003
UP,0722HL025,2022-07-20,2:35 PM,Derailment,0,ATCHISON,KS,90.0,2,Day,Clear,Main,Freight Train,19,8576,50015,58591,E53C,39.532336999999998,-95.10427
FEC,X28123021,2021-12-30,6:00 AM,Hwy-rail crossing,0,AVENTURA,FL,72.0,1,Dawn,Clear,Main,,0,0,385,25489,M308,25.974437999999999,-80.147844000000006
BNSF,PR0716203,2016-07-20,10:52 PM,Hwy-rail crossing,0,GURLEY,NE,77.0,4,Dark,Clear,Main,Freight Train,44,6632,8870,15502,M302,41.323078000000002,-102.97367199999999
BNSF,PR1020108,2020-10-26,9:15 PM,Derailment,0,AVONDALE,CO,5.0,4,Dark,Snow,Yard,Freight Train,7,104191,213424,317615,H503,38.263817000000003,-104.35585
CW,10062020,2020-06-18,3:30 AM,Derailment,0,PUEBLO,CO,61.0,4,Dark,Clear,Siding,Yard/switching,3,12305,5861,23166,H702,38.211944000000003,-104.610833
UP,0621GL018,2021-06-15,2:30 PM,Other impacts,0,COUNCIL BLUFFS,IA,90.0,2,Day,Clear,Yard,Cut of cars,0,1765,0,16965,H312,41.246327999999998,-95.875063999999995
CSX,000200679,2021-10-14,12:07 AM,Derailment,0,WAYCROSS,GA,65.0,4,Dark,Fog,Yard,Yard/switching,5,10580,0,19262,H399,31.213524,-82.353588000000002
UP,0222RM019,2022-02-18,9:55 PM,Derailment,0,SYRACUSE,UT,42.0,4,Dark,Clear,Main,Freight Train,49,35910,88708,124618,E62C,40.726621999999999,-113.47554700000001
UP,0521GP023,2021-05-25,2:40 AM,Other impacts,0,DENVER,CO,55.0,4,Dark,Clear,Yard,Yard/switching,4,7332,66,33997,H018,39.788167999999999,-104.998484
WC,844977,2015-03-27,12:30 PM,Derailment,0,GARY,IN,35.0,2,Day,Cloudy,Yard,Freight Train,3,6520,47976,54496,H704,41.624473000000002,-87.385962000000006
UP,0721PR005,2021-07-14,4:00 AM,Derailment,0,MELROSE PARK,IL,70.0,1,Dawn,Clear,Yard,Yard/switching,5,5443,27044,32487,H702,41.895960000000002,-87.907638000000006
ATK,169752,2022-02-10,6:45 PM,Obstruction,0,DEERFIELD,IL,30.0,4,Dark,Clear,Main,Passenger Train - Pulling,0,11450,0,11450,M402,42.147922999999999,-87.838683000000003
BNSF,SW0215109,2015-02-20,10:00 AM,Derailment,0,GALLUP,NM,54.0,2,Day,Clear,Yard,Yard/switching,2,15000,0,15000,H318,35.529285999999999,-108.74106399999999
IC,834513,2014-12-05,2:55 PM,Derailment,0,HOMEWOOD,IL,34.0,2,Day,Cloudy,Yard,Yard/switching,8,22114,75,22189,H601,41.568584000000001,-87.663169999999994
BNSF,CH1021104,2021-10-05,7:40 AM,Derailment,0,GALESBURG,IL,65.0,1,Dawn,Clear,Yard,Yard/switching,5,133347,2700,136047,H318,40.920161,-90.376569000000003
UP,1017UT003,2017-10-01,1:50 PM,Derailment,0,OGDEN,UT,55.0,2,Day,Cloudy,Yard,Yard/switching,5,1469,191942,193411,M101,41.215755000000001,-111.982732
BNSF,PR1120109,2020-11-27,9:58 PM,Head on collision,0,WELLINGTON,CO,32.0,4,Dark,Clear,Industry,Light loco(s),35,118000,0,329160,E10L,40.869875999999998,-105.01626400000001
ATK,168854,2021-10-30,11:38 AM,Hwy-rail crossing,0,SEVILLE,FL,65.0,2,Day,Clear,Main,Passenger Train - Pulling,57,15214,0,15214,M302,29.354496999999999,-81.503353000000004
UP,0422MA003,2022-04-07,4:47 AM,Derailment,0,MODOC,IL,42.0,4,Dark,Cloudy,Yard,Freight Train,7,6019,29760,35779,M405,38.014336,-90.006726
NS,145628,2022-06-22,1:20 PM,Side collision,0,ATLANTA,GA,97.0,2,Day,Clear,Yard,Yard/switching,8,5655,14144,24799,H305,33.793526999999997,-84.444462000000001
IAIS,2022024,2022-07-13,2:48 PM,Hwy-rail crossing,0,WALNUT,IA,85.0,2,Day,Clear,Main,Freight Train,32,365000,485000,850000,M308,41.414017000000001,-95.211860999999999
NS,154086,2023-08-30,9:50 PM,Obstruction,0,SAND VALLE,TN,80.0,4,Dark,Clear,Main,Freight Train,38,16432,0,16432,M404,36.276273000000003,-82.499459000000002
SLRG,SL220424A,2022-04-24,9:08 PM,Other impacts,0,LA VETA,CO,32.0,4,Dark,Snow,Siding,Cut of cars,0,25180,0,39772,E08C,37.511353999999997,-105.01947800000001
BNSF,SF1115107,2015-11-12,4:00 PM,Side collision,0,TULSA,OK,60.0,2,Day,Clear,Yard,Yard/switching,10,30000,0,31000,H305,36.126669999999997,-96.012690000000006
CSX,000159870,2016-05-18,5:55 AM,Derailment,0,CLEVELAND,OH,54.0,1,Dawn,Clear,Yard,Light loco(s),4,756,10363,11119,H702,41.571339000000002,-81.556839999999994
BNSF,HL0220108,2020-02-07,7:15 PM,Derailment,0,LINCOLN,NE,37.0,3,Dusk,Clear,Yard,Freight Train,5,43921,6500,50421,H306,40.807547,-96.765353000000005
UP,0922GP001,2022-09-01,2:00 AM,Derailment,0,PUEBLO,CO,65.0,4,Dark,Clear,Yard,Freight Train,8,11755,7920,19675,E4TC,38.275362999999999,-104.634829
FEC,X16102716,2016-10-27,11:50 PM,Hwy-rail crossing,0,MIAMI-DADE,FL,77.0,4,Dark,Clear,Main,Freight Train,45,10501,214000,224501,M304,25.906006000000001,-80.159020999999996
UP,0124GL046,2024-01-15,5:00 AM,Other (describe in narrative),0,STATE CENTER,IA,-16.0,1,Dawn,Clear,Main,Freight Train,2,19016,0,19016,M199,42.025987999999998,-93.100573999999995
IAIS,2021041,2021-08-15,8:17 AM,Derailment,0,COUNCIL BLUFFS,IA,63.0,2,Day,Clear,Yard,,0,0,0,70302,H514,41.250945000000002,-95.871716000000006
BNSF,CH1021202,2021-10-27,11:26 AM,Hwy-rail crossing,0,ALBIA,IA,56.0,2,Day,Cloudy,Main,,0,0,0,50000,M302,41.074818999999998,-92.726839999999996
CSX,000172051,2017-10-06,4:05 PM,Derailment,0,CHATTANOOGA,TN,85.0,2,Day,Clear,Yard,Freight Train,6,7636,6560,14196,E64C,35.012658000000002,-85.371482999999998
UP,0918DV019,2018-09-22,2:34 PM,Fire/violent rupture,0,COMMERCE CITY,CO,90.0,2,Day,Clear,Main,Freight Train,10,38367,0,38367,E73L,39.796478999999998,-104.95343
UP,0918DV009,2018-09-02,12:30 PM,Derailment,0,EATON,CO,55.0,2,Day,Clear,Industry,Yard/switching,5,70000,18150,88150,M501,40.526384,-104.705879
BNSF,MT0921101,2021-09-03,11:30 AM,Derailment,0,WILLISTON,ND,75.0,2,Day,Clear,Main,Freight Train,9,93103,0,93103,H306,48.143441000000003,-103.657059
NIRC,9419000571,2021-12-11,6:33 AM,Obstruction,0,GLENVIEW,IL,40.0,4,Dark,Clear,Main,Commuter Train - Pushing,20,39104,0,39104,M404,42.074890000000003,-87.805800000000005
KCS,21051103,2021-05-11,3:45 PM,Derailment,0,CORPUS CHRISTI,TX,84.0,2,Day,Clear,Yard,Freight Train,6,21195,50036,71231,T221,27.785477,-97.529229999999998
FEC,X32112017,2017-11-20,11:34 AM,Hwy-rail crossing,0,COCOA,FL,80.0,2,Day,Clear,Main,Freight Train,48,50000,299097,349097,M308,28.404485999999999,-80.755401000000006
CSX,000143831,2015-03-27,8:00 AM,Hwy-rail crossing,0,ORANGE PARK,FL,55.0,2,Day,Cloudy,Main,Freight Train,35,29568,7081,36649,M308,30.142178000000001,-81.745397999999994
SFRV,07272019,2019-07-27,2:00 PM,Other (describe in narrative),0,MIAMI-DADE,FL,85.0,2,Day,Rain,Main,Commuter Train - Pulling,0,0,79800,79800,H704,25.552745000000002,-80.113763000000006
FEC,X30060722,2022-06-07,2:24 PM,Hwy-rail crossing,0,OAKLAND PARK,FL,80.0,2,Day,Rain,Main,,0,0,208,28208,M308,26.20364,-80.132339999999999
KCS,22071904,2022-07-19,12:30 PM,Other impacts,0,SHREVEPORT,LA,100.0,2,Day,Clear,Yard,Light loco(s),4,35048,0,35048,H302,32.541952000000002,-93.844697999999994
UP,0223GL006,2023-02-02,12:30 AM,Obstruction,0,SIOUX CITY,IA,9.0,4,Dark,Clear,Industry,Freight Train,5,45528,0,45528,E85C,42.415866000000001,-96.364086
NS,143329,2021-11-01,1:00 AM,Other impacts,0,ATLANTA,GA,72.0,4,Dark,Clear,Yard,Single Car,0,7789,0,16747,H312,33.793526999999997,-84.444462000000001
NS,105509,2014-12-09,4:30 AM,Other (describe in narrative),0,LANCASTER,PA,33.0,4,Dark,Rain,Main,Freight Train,10,0,0,32000,H221,40.056100000000001,-76.316743000000002
ATK,168848,2021-10-29,10:10 PM,Obstruction,0,LOCKPORT,IL,53.0,4,Dark,Rain,Main,Passenger Train - Pulling,75,12833,0,12833,M402,41.598149999999997,-88.054649999999995
WC,980019,2018-11-27,1:20 AM,Derailment,0,GARY,IN,24.0,4,Dark,Clear,Yard,Yard/switching,4,7500,18751,26251,M599,41.610484999999997,-87.351564999999994
ATK,166990,2021-05-05,12:44 PM,Hwy-rail crossing,0,CLIFTON,CO,60.0,2,Day,Clear,Main,Passenger Train - Pulling,78,17652,0,17652,M303,39.092441000000001,-108.430581
FEC,D51A080521,2021-08-05,6:00 AM,Derailment,0,MIAMI-DADE,FL,79.0,4,Dark,Cloudy,Industry,Yard/switching,5,4203,31852,36055,M405,25.842041999999999,-80.254599999999996
FEC,D53081621,2021-08-16,11:00 PM,Raking collision,0,MIAMI-DADE,FL,79.0,4,Dark,Cloudy,Yard,Yard/switching,2,15000,60743,1010743,H702,25.817112999999999,-80.309002000000007
UP,0523RM031,2023-05-29,6:40 PM,Derailment,0,POCATELLO,ID,64.0,3,Dusk,Cloudy,Yard,Yard/switching,5,30349,6766,37115,E64C,42.866283000000003,-112.452586
UP,0522HL001,2022-05-01,11:46 PM,Obstruction,0,KANSAS CITY,KS,56.0,4,Dark,Cloudy,Yard,Yard/switching,4,29780,50,29830,M404,39.095891999999999,-94.658676
CSX,000169719,2017-06-18,4:50 PM,Other impacts,0,INDIANAPOLIS,IN,78.0,3,Dusk,Cloudy,Yard,Cut of cars,5,25000,368,25368,E09C,39.759791,-86.327526000000006
FEC,X23A121121,2021-12-11,5:44 PM,Hwy-rail crossing,0,HOLLYWOOD,FL,75.0,4,Dark,Clear,Main,,0,0,0,15139,M308,26.010400000000001,-80.149051
CSX,000210960,2023-04-23,11:50 PM,Derailment,0,TERRE HAUTE,IN,34.0,4,Dark,Cloudy,Yard,Yard/switching,3,14603,251,14854,H306,39.481062999999999,-87.400174000000007
CSX,000173062,2017-11-27,1:48 AM,Derailment,2,KATHLEEN,FL,49.0,4,Dark,Fog,Main,Freight Train,26,311815,277056,588871,E53C,28.130936999999999,-82.033727999999996
BNSF,TC0323107,2023-03-09,1:30 PM,Derailment,0,SIOUX CITY,IA,34.0,2,Day,Clear,Yard,Yard/switching,2,431,0,66189,H306,42.509985999999998,-96.374199000000004
ATK,162870,2020-01-24,11:10 AM,Obstruction,0,NEWINGTON,CT,44.0,2,Day,Clear,Main,Passenger Train - Pushing,80,29738,32514,159766,H402,41.677619999999997,-72.750005999999999
UP,0723GL024,2023-07-17,7:27 AM,Other impacts,0,BOONE,IA,61.0,2,Day,Clear,Yard,Yard/switching,6,62943,0,62943,H318,42.062449999999998,-93.862324999999998
BNSF,KS0518109,2018-05-31,10:00 PM,Derailment,0,AMARILLO,TX,65.0,4,Dark,Clear,Yard,Yard/switching,7,27867,7500,35367,H318,35.212901000000002,-101.818938
SW,20141205,2014-12-05,3:00 AM,Other impacts,0,TYRONE,NM,41.0,4,Dark,Clear,Siding,Freight Train,25,25000,4000,29000,E09L,32.709000000000003,-108.3019
BNSF,PR1122110,2022-11-27,7:01 PM,Derailment,0,DENVER,CO,45.0,3,Dusk,Clear,Yard,Yard/switching,3,21393,21500,42893,E30C,39.769247999999997,-104.990273
CSX,000209635,2023-02-03,1:30 AM,Side collision,0,HIALEAH,FL,80.0,4,Dark,Clear,Yard,Freight Train,4,1400,0,13000,H306,25.858094000000001,-80.259986999999995
WC,835039,2014-12-12,12:30 AM,Derailment,0,GARY,IN,28.0,4,Dark,Clear,Yard,,0,0,5174,16143,E34C,41.612594999999999,-87.354414000000006
UP,0523GL010,2023-05-12,1:32 PM,Hwy-rail crossing,0,LISBON,IA,74.0,2,Day,Cloudy,Main,Freight Train,60,23336,0,23336,M302,41.925624999999997,-91.342029999999994
NIRC,2021072035,2021-01-25,3:08 PM,Other (describe in narrative),0,LIBERTYVILLE,IL,32.0,2,Day,Snow,Main,Commuter Train - Pushing,55,15646,0,15646,M404,42.294370000000001,-87.964340000000007
ALS,20220203,2022-02-03,8:15 PM,Derailment,0,EAST ST LOUIS,IL,19.0,4,Dark,Clear,Yard,Yard/switching,4,850,36653,37503,M101,38.587240999999999,-90.134050999999999
CSX,000165443,2016-12-23,8:30 PM,Other impacts,0,AVON,IN,36.0,4,Dark,Rain,Yard,Single Car,10,59075,0,59175,S014,39.759022999999999,-86.364334999999997
NS,145702,2022-06-29,10:10 AM,Derailment,0,AUSTELL,GA,80.0,2,Day,Clear,Yard,Freight Train,14,148357,23443,171800,H307,33.819541000000001,-84.652580999999998
UP,0819GL041,2019-08-03,11:35 AM,Other (describe in narrative),0,CEDAR RAPIDS,IA,76.0,2,Day,Clear,Yard,Single Car,0,35030,0,35030,E29C,41.931573999999998,-91.720005999999998
UP,0622RM017,2022-06-10,6:23 AM,Derailment,0,POCATELLO,ID,59.0,1,Dawn,Cloudy,Main,Freight Train,27,822742,605349,1430122,M204,42.827427,-112.409665
CC,999740,2019-05-26,10:30 PM,Derailment,0,WATERLOO,IA,68.0,4,Dark,Clear,Yard,Yard/switching,4,75500,0,75500,H702,42.501336000000002,-92.321454000000003
UP,1016WH006,2016-10-31,3:00 PM,Fire/violent rupture,0,PRYOR,OK,80.0,2,Day,Cloudy,Yard,Single Car,0,43971,0,43971,M406,36.249408000000003,-95.336530999999994
UP,1118PR008,2018-11-09,4:38 PM,Derailment,0,DE WITT,IA,28.0,2,Day,Cloudy,Main,Freight Train,35,457657,839212,1296869,E53C,41.824520999999997,-90.627539999999996
NS,157649,2024-08-08,8:21 AM,Other impacts,0,MACON,GA,80.0,2,Day,Clear,Yard,Single Car,9,500,0,17316,M201,32.81373,-83.622793999999999
BNSF,PR1016106,2016-10-12,7:06 AM,Derailment,0,BAYARD,NE,29.0,1,Dawn,Clear,Main,Freight Train,40,6000,142500,148500,E61C,41.76417,-103.364158
FEC,D25040321,2021-04-03,1:08 AM,Obstruction,0,HOLLYWOOD,FL,67.0,4,Dark,Cloudy,Main,Freight Train,45,4439,7152,11591,M402,26.007584000000001,-80.149055000000004
UP,1115PC009,2015-11-25,10:15 AM,Obstruction,0,SODA SPRINGS,ID,23.0,2,Day,Cloudy,Industry,Yard/switching,6,272874,1000000,1272874,M404,42.803317,-111.407871
CRSH,116333,2015-07-02,12:00 AM,Derailment,0,PHILADELPHIA,PA,65.0,4,Dark,Clear,Yard,Yard/switching,8,7353,3795,12921,H703,39.998679000000003,-75.094583999999998
BNSF,MT0316101,2016-03-17,5:00 PM,Derailment,0,MINOT,ND,30.0,3,Dusk,Snow,Yard,Yard/switching,3,4831,33600,38431,E32C,48.237524999999998,-101.181521
CSX,000191519,2020-07-20,1:00 AM,Other impacts,0,CLEVELAND,OH,75.0,4,Dark,Clear,Yard,Cut of cars,6,14212,0,14212,M105,41.571337999999997,-81.556839999999994
EIRR,D5010315,2015-10-23,9:00 PM,Derailment,0,TWIN FALLS,ID,51.0,4,Dark,Clear,Yard,Yard/switching,8,9807,1800,11607,H306,42.551260999999997,-114.472708
BNSF,RD1021104,2021-10-07,6:00 AM,Side collision,0,TULSA,OK,65.0,1,Dawn,Clear,Yard,Yard/switching,2,32585,3000,60386,H308,36.126069000000001,-96.010941000000003
BNSF,CH1019114,2019-10-23,10:10 PM,Derailment,0,BURLINGTON,IA,40.0,4,Dark,Clear,Yard,Freight Train,4,1000,20000,21000,H607,40.807842999999998,-91.101963999999995
UP,0719GL044,2019-07-30,6:10 PM,Derailment,0,DES MOINES,IA,75.0,3,Dusk,Cloudy,Yard,Freight Train,7,47876,96246,169609,M405,41.609527999999997,-93.583163999999996
BNSF,RD1021104,2021-10-07,6:00 AM,Side collision,0,TULSA,OK,65.0,1,Dawn,Clear,Yard,Yard/switching,5,24801,0,60386,H308,36.126069000000001,-96.010941000000003
KCS,15070806,2015-07-08,6:35 PM,Derailment,0,PEARL,MS,100.0,2,Day,Clear,Main,Yard/switching,5,17626,3442,21068,H704,32.287500000000001,-90.180833000000007