reportingrailroadcode,accidentnumber,date,time,accidenttype,hazmatreleasedcars,station,stateabbr,temperature,visibility_code,visibility,weathercondition,tracktype,equipmenttype,trainspeed,equipmentdamagecost,trackdamagecost,totaldamagecost,primaryaccidentcausecode,latitude,longitude
CC,1002185,2019-06-15,5:08 PM,Side collision,0,FARLEY,IA,73.0,2,Day,Cloudy,Industry,Freight Train,7,52500,0,55000,H307,42.443998999999998,-91.009384999999995
UP,0719GL044,2019-07-30,6:10 PM,Derailment,0,DES MOINES,IA,75.0,3,Dusk,Cloudy,Yard,Cut of cars,0,25487,0,169609,M405,41.609527999999997,-93.583163999999996
NS,152914,2023-04-25,12:10 AM,Other impacts,0,PORTSMOUTH,OH,32.0,4,Dark,Clear,Yard,Cut of cars,4,0,0,11577,H312,38.735205999999998,-82.967055999999999
UP,0515PC009,2015-05-27,6:10 PM,Derailment,0,NAMPA,ID,78.0,2,Day,Clear,Main,Cut of cars,0,3627,0,279863,E47C,43.580860999999999,-116.560228
BNSF,CH0917111,2017-09-22,7:40 AM,Derailment,0,CHICAGO,IL,90.0,1,Dawn,Clear,Yard,Yard/switching,8,16816,800,17866,H307,41.824565,-87.722356000000005
NS,136794,2020-01-11,1:45 AM,Other impacts,0,BELLEVUE,OH,59.0,4,Dark,Rain,Yard,Yard/switching,2,31308,2600,43780,H317,41.289406999999997,-82.792542999999995
NS,116292,2015-06-29,9:40 AM,Derailment,0,MERIDIAN,MS,90.0,2,Day,Clear,Yard,Cut of cars,0,10000,0,30308,H306,32.359957999999999,-88.709614000000002
UP,0823LA036,2023-08-19,6:06 PM,Fire/violent rupture,0,GAGE,NM,93.0,3,Dusk,Clear,Main,Single Car,0,47973,0,47973,M406,32.226031999999996,-108.12316199999999
NS,157594,2024-08-02,8:20 PM,Other impacts,0,MACON,GA,82.0,4,Dark,Clear,Yard,Yard/switching,5,95910,0,98576,S007,32.81373,-83.622793999999999
BNSF,TC0724106,2024-07-20,3:16 AM,Derailment,0,BIG LAKE,MN,63.0,4,Dark,Clear,Main,Freight Train,56,1627681,603000,2230681,E45C,45.327632000000001,-93.706079000000003
UP,1022HO006,2022-10-06,9:00 AM,Hwy-rail crossing,0,KEATCHIE,LA,64.0,2,Day,Clear,Main,Freight Train,35,977336,702507,1679843,M304,32.170886000000003,-93.909358999999995
NS,122352,2016-10-07,7:53 PM,Side collision,0,NORTH EAST,PA,72.0,3,Dusk,Clear,Main,Single Car,0,10237,0,27822,H302,42.206347000000001,-79.846368999999996
BNSF,CH0216114,2016-02-26,1:40 PM,Derailment,0,RIVERDALE,IL,33.0,2,Day,Clear,Yard,Freight Train,10,500,0,11841,S104,41.639268999999999,-87.669901999999993
UP,1018TC015,2018-10-24,6:40 AM,Hwy-rail crossing,0,DENISON,IA,35.0,1,Dawn,Clear,Main,Freight Train,44,5158,95139,100297,M303,41.999066999999997,-95.381358000000006
IC,849530,2015-05-10,1:34 PM,Hwy-rail crossing,0,AMITE,LA,85.0,2,Day,Clear,Main,,0,0,994,511019,M302,30.739826000000001,-90.508937000000003
ATK,169008,2021-11-17,2:53 PM,Obstruction,0,SAINT LOUIS,MO,50.0,2,Day,Rain,Main,Passenger Train - Pulling,51,55483,0,55483,M404,38.626666999999998,-90.246764999999996
NJTR,201610528,2016-10-05,11:45 PM,Derailment,0,RARITAN,NJ,60.0,4,Dark,Clear,Yard,Yard/switching,5,11000,2371,13371,H704,40.570273999999998,-74.648976000000005
BNSF,HL0119123,2019-01-19,4:06 PM,Derailment,0,KEOKUK,IA,19.0,2,Day,Snow,Main,,0,0,12000,63156,M101,40.391658,-91.379073000000005
NS,153592,2023-06-24,7:00 AM,Other impacts,0,OAK HARBOR,OH,86.0,1,Dawn,Clear,Main,Work train,19,10000,300000,310000,E19C,41.520184999999998,-83.150722999999999
CSX,000156811,2016-02-04,2:53 AM,Side collision,0,LOUISVILLE,KY,38.0,4,Dark,Cloudy,Yard,Yard/switching,2,36571,0,68769,H305,38.160708999999997,-85.749173999999996
BEAR,BER910424D,2024-08-28,12:30 AM,Derailment,0,AYER,MA,62.0,4,Dark,Clear,Yard,Single Car,0,11851,0,471501,M505,42.550922999999997,-71.591193000000004
UP,0521GP029,2021-05-30,11:10 AM,Other impacts,0,NORTH PLATTE,NE,58.0,2,Day,Rain,Yard,Single Car,0,3344,0,146653,M407,41.146946,-100.833882
NS,145311,2022-05-20,4:00 AM,Other impacts,0,LINWOOD,NC,72.0,1,Dawn,Cloudy,Yard,Single Car,0,725,17488,19413,H312,35.740859999999998,-80.330498000000006
CSX,000177043,2018-06-17,12:30 AM,Side collision,0,JACKSONVILLE,FL,80.0,4,Dark,Cloudy,Yard,Cut of cars,0,0,0,20072,H307,30.359362000000001,-81.716896000000006
UP,0424GL018,2024-04-17,10:01 PM,Derailment,0,MASON CITY,IA,43.0,4,Dark,Cloudy,Main,Freight Train,4,484620,130901,615521,T220,43.131602999999998,-93.221217999999993
IAIS,2018027,2018-10-13,3:00 AM,Derailment,0,COUNCIL BLUFFS,IA,39.0,4,Dark,Clear,Yard,,0,0,5121,433665,E4BC,41.250042000000001,-95.867025999999996
BPRR,BPR696518D,2018-06-19,5:30 AM,Derailment,0,EVANS CITY,PA,65.0,4,Dark,Rain,Main,Freight Train,5,28266,29950,58216,M203,40.789717000000003,-80.092693999999995
KCS,22071904,2022-07-19,12:30 PM,Other impacts,0,SHREVEPORT,LA,100.0,2,Day,Clear,Yard,Cut of cars,0,0,0,35048,H302,32.541952000000002,-93.844697999999994
BNSF,HL0519112,2019-05-18,2:26 PM,Derailment,0,GLENWOOD,IA,60.0,2,Day,Rain,Main,Freight Train,5,7000,52000,59000,M204,41.043295999999998,-95.733294000000001
UP,0515PC009,2015-05-27,6:10 PM,Derailment,0,NAMPA,ID,78.0,2,Day,Clear,Main,Freight Train,19,17364,258872,279863,E47C,43.580860999999999,-116.560228
NS,118031,2015-11-02,10:36 AM,Derailment,0,JERSEY CITY,NJ,65.0,2,Day,Clear,Yard,Yard/switching,4,30452,1755,32207,H702,40.756160000000001,-74.068155000000004
NJTR,201512681,2015-12-24,9:00 AM,Derailment,0,HOBOKEN,NJ,70.0,2,Day,Cloudy,Yard,Yard/switching,5,16500,0,16500,H303,40.735474000000004,-74.032829000000007
NS,136794,2020-01-11,1:45 AM,Other impacts,0,BELLEVUE,OH,59.0,4,Dark,Rain,Yard,Cut of cars,0,9872,0,43780,H317,41.289406999999997,-82.792542999999995
UP,0916TC007,2016-09-14,12:05 PM,Derailment,0,LAKE MILLS,IA,73.0,2,Day,Clear,Siding,Single Car,0,44244,0,44244,E99C,43.418275000000001,-93.536364000000006
BNSF,TC0223119,2023-02-25,10:04 AM,Derailment,0,MINNEAPOLIS,MN,10.0,2,Day,Clear,Yard,Yard/switching,10,49493,1600,52173,M407,45.033768999999999,-93.271454000000006
BNSF,PR1016100,2016-10-01,7:45 PM,Derailment,0,ALLIANCE,NE,60.0,3,Dusk,Clear,Yard,Yard/switching,8,40675,250,40925,H702,42.066242000000003,-102.89920499999999
BNSF,CH1019204,2019-10-29,6:55 PM,Hwy-rail crossing,0,CHILLICOTHE,IA,37.0,3,Dusk,Clear,Main,Freight Train,50,20000,0,20000,M302,41.063983,-92.502763999999999
BNSF,SW0217109,2017-02-22,10:29 AM,Raking collision,0,ALBUQUERQUE,NM,60.0,2,Day,Clear,Yard,Yard/switching,8,655,0,278655,H307,35.055230999999999,-106.65270700000001
ALS,20170822,2017-08-22,2:15 AM,Derailment,0,EAST ST LOUIS,IL,78.0,4,Dark,Clear,Yard,Yard/switching,3,1350,14689,16039,M405,38.586948999999997,-90.133437000000001
UP,0723RM025,2023-07-17,5:10 PM,Hwy-rail crossing,0,POCATELLO,ID,89.0,2,Day,Clear,Main,Freight Train,50,9308,0,9308,M302,42.909750000000003,-112.524131
NS,141160,2021-04-07,11:45 AM,Hwy-rail crossing,0,LIBERTY,SC,80.0,2,Day,Clear,Main,Freight Train,45,11500,0,11500,M303,34.830672999999997,-82.602126999999996
NS,129656,2018-05-26,3:05 PM,Other impacts,0,CONWAY,PA,70.0,2,Day,Clear,Yard,Single Car,0,9000,0,21000,S007,40.672356000000001,-80.251823000000002
NS,113841,2015-01-14,10:00 PM,Other impacts,0,BELLEVUE,OH,0.0,4,Dark,Clear,Yard,Yard/switching,8,157600,84120,241720,H316,41.273353999999998,-82.834598
UP,1115PC007,2015-11-16,11:35 PM,Derailment,0,POCATELLO,ID,24.0,4,Dark,Clear,Yard,Freight Train,10,10952,8970,19922,S011,42.879987999999997,-112.468048
CSX,000192437,2020-09-03,1:45 PM,Side collision,0,CINCINNATI,OH,81.0,2,Day,Clear,Yard,Yard/switching,6,18610,0,30786,H301,37.850351000000003,-84.256836000000007
NS,145452,2022-06-04,10:30 AM,Derailment,0,ATLANTA,GA,78.0,2,Day,Clear,Yard,Freight Train,7,84616,3047,87663,H706,33.793526999999997,-84.444462000000001
UP,1221PN008,2021-12-05,12:53 AM,Derailment,0,HAMMETT,ID,40.0,4,Dark,Cloudy,Main,Freight Train,30,1369459,1083671,2453130,H503,42.955074000000003,-115.487335
BNSF,TC1115201,2015-11-23,1:00 PM,Hwy-rail crossing,0,GRANVILLE,ND,38.0,2,Day,Clear,Main,,0,0,0,230000,M302,48.27319,-100.82100699999999
NS,140303,2021-01-18,6:45 PM,Hwy-rail crossing,0,TOLEDO,OH,32.0,3,Dusk,Clear,Main,Light loco(s),13,33,30140,30173,M308,41.692892999999998,-83.554463999999996
CSX,000157806,2016-03-07,3:17 AM,Other impacts,0,RIVERDALE,IL,46.0,4,Dark,Clear,Yard,Cut of cars,4,7758,0,17738,H318,41.650471000000003,-87.647441000000001
CC,1002185,2019-06-15,5:08 PM,Side collision,0,FARLEY,IA,73.0,2,Day,Cloudy,Industry,Single Car,0,2500,0,55000,H307,42.443998999999998,-91.009384999999995
CSX,000197464,2021-05-05,11:21 PM,Derailment,0,LAKE CITY,SC,70.0,4,Dark,Clear,Main,Freight Train,52,19700,22426,42126,E53C,33.887597,-79.749616000000003
CSX,000207577,2022-10-01,6:20 AM,Derailment,0,CUMBERLAND,MD,50.0,1,Dawn,Rain,Yard,Yard/switching,4,30590,112,30702,E30C,39.644506999999997,-78.760868000000002
UP,0624GL007,2024-06-10,5:50 AM,Derailment,0,SIOUX CITY,IA,52.0,1,Dawn,Clear,Main,Freight Train,8,54690,0,119690,H702,42.524009,-96.376953
IORY,IOR572920D,2020-10-16,9:45 PM,Derailment,0,LIMA,OH,45.0,4,Dark,Clear,Main,Freight Train,13,153835,121580,275415,E53C,40.703038999999997,-84.085125000000005
BNSF,RD0220107,2020-02-09,7:15 PM,Derailment,0,TULSA,OK,50.0,3,Dusk,Clear,Yard,Yard/switching,4,4981,65000,69981,M411,36.120964000000001,-96.012331000000003
BNSF,NE0816101,2016-08-09,7:36 AM,Other impacts,0,FREMONT,NE,81.0,1,Dawn,Clear,Yard,Yard/switching,8,1665,0,19374,H318,41.429912999999999,-96.501767000000001
BNSF,SW0718101,2018-07-03,5:35 PM,Derailment,1,GALLUP,NM,90.0,3,Dusk,Clear,Yard,Yard/switching,3,48474,2500,50974,E08C,35.512070000000001,-108.799972
CSX,000177464,2018-07-06,3:40 AM,Raking collision,0,DE GRAFF,OH,71.0,4,Dark,Clear,Main,Freight Train,50,15460,0,15660,E29C,40.342357,-83.875530999999995
NS,157594,2024-08-02,8:20 PM,Other impacts,0,MACON,GA,82.0,4,Dark,Clear,Yard,Yard/switching,3,2666,0,98576,S007,32.81373,-83.622793999999999
PSBX,15060501,2015-06-05,7:00 AM,Other (describe in narrative),0,SHREVEPORT,LA,90.0,1,Dawn,Clear,Industry,Cut of cars,0,36859,0,364389,M103,32.360608999999997,-93.628973000000002
UP,0718TC005,2018-07-05,7:00 PM,Derailment,0,GRINNELL,IA,85.0,3,Dusk,Clear,Main,Freight Train,24,5017,309988,315005,M405,41.766007000000002,-92.717876000000004
UP,0619RM014,2019-06-14,11:59 AM,Derailment,0,POCATELLO,ID,75.0,2,Day,Clear,Yard,Yard/switching,9,873,48966,49839,H503,42.849891999999997,-112.432008
CRSH,146850,2024-04-03,3:30 PM,Side collision,0,LINDEN,NJ,45.0,2,Day,Rain,Siding,Yard/switching,0,2220,0,16490,H306,40.642372000000002,-74.204316000000006
BNSF,CH0417101,2017-04-04,6:00 PM,Derailment,0,EOLA,IL,55.0,3,Dusk,Cloudy,Yard,Yard/switching,8,20400,51415,71815,T222,41.772486999999998,-88.256150000000005
ATK,168529,2021-10-03,10:20 PM,Hwy-rail crossing,0,GOOSE CREEK,SC,70.0,4,Dark,Clear,Main,Passenger Train - Pulling,70,23081,0,27280,M302,32.975465,-80.040751
UP,0415ST023,2015-04-18,1:29 PM,Obstruction,0,DEMING,NM,71.0,2,Day,Clear,Yard,Spec. MoW Equip.,3,20000,16500,36500,H997,32.278886,-107.70631
NJTR,201808397,2018-08-09,6:30 AM,Obstruction,0,METUCHEN,NJ,76.0,1,Dawn,Clear,Main,Commuter Train - Pushing,90,15000,0,15000,M509,40.540864999999997,-74.360484
UP,1016WH005,2016-10-30,6:00 PM,Fire/violent rupture,0,PRYOR,OK,85.0,3,Dusk,Cloudy,Yard,Single Car,0,43971,0,43971,M406,36.243958999999997,-95.337585000000004
ATK,140148,2015-11-23,12:50 PM,Hwy-rail crossing,0,GRANVILLE,ND,35.0,2,Day,Clear,Main,Passenger Train - Pulling,77,230000,0,230000,M304,48.27319,-100.82100699999999
NS,141706,2021-05-30,11:50 AM,Derailment,0,NORTH CHARLESTON,SC,72.0,2,Day,Cloudy,Yard,Yard/switching,9,1171,74682,75853,E24C,32.879556999999998,-80.010632000000001
NS,143733,2021-12-12,4:30 AM,Obstruction,0,BALDWIN,PA,47.0,1,Dawn,Clear,Main,Freight Train,40,960191,226259,1186450,M404,40.406664999999997,-79.954498999999998
UP,0623MA036,2023-06-27,10:41 AM,Derailment,0,DUPO,IL,80.0,2,Day,Clear,Yard,Yard/switching,4,36158,0,36158,E29C,38.510739000000001,-90.215416000000005
CSX,000151606,2015-09-03,4:40 AM,Other impacts,0,WALBRIDGE,OH,70.0,1,Dawn,Clear,Yard,Cut of cars,0,0,0,12507,H317,41.586402,-83.538082000000003
NMRX,08032017,2017-03-08,1:20 AM,Derailment,0,ALBUQUERQUE,NM,40.0,4,Dark,Clear,Yard,,0,0,439,20439,M507,35.072949999999999,-106.64915999999999
ALS,200708,2020-07-08,1:15 AM,Derailment,0,EAST ST LOUIS,IL,77.0,4,Dark,Cloudy,Main,Yard/switching,6,230,0,15891,H503,38.640650999999998,-90.154850999999994
UP,1222GL001,2022-12-01,11:30 PM,Derailment,0,SHAKOPEE,MN,31.0,4,Dark,Cloudy,Yard,Freight Train,10,10981,1462,12443,T213,44.788805000000004,-93.417569
CSX,000156500,2016-01-26,8:56 AM,Derailment,0,WOLF COAL,KY,25.0,2,Day,Cloudy,Main,Freight Train,30,709387,0,709387,M101,37.397796999999997,-83.379772000000003
UP,0123RM038,2023-01-29,10:25 PM,Other impacts,0,POCATELLO,ID,1.0,4,Dark,Clear,Yard,Freight Train,0,32188,0,674271,H702,42.862707,-112.447594
BNSF,CH1018105,2018-10-10,8:51 AM,Derailment,0,ALBIA,IA,65.0,2,Day,Cloudy,Main,Freight Train,8,1914648,674319,2588967,M103,41.032756999999997,-92.845979
NS,127583,2017-11-30,9:22 AM,Derailment,0,DECATUR,IL,42.0,2,Day,Clear,Yard,Yard/switching,8,16309,8605,24914,M405,39.858401000000001,-88.898396000000005
UP,0521GP029,2021-05-30,11:10 AM,Other impacts,0,NORTH PLATTE,NE,58.0,2,Day,Rain,Yard,Single Car,0,7867,0,146653,M407,41.146946,-100.833882
CSX,000173700,2017-12-29,11:00 PM,Side collision,0,FLORENCE,SC,35.0,4,Dark,Cloudy,Yard,Cut of cars,10,10166,0,11780,H021,34.198275000000002,-79.762501999999998
UP,0918TC020,2018-09-23,3:49 AM,Derailment,0,ALTON,IA,60.0,4,Dark,Clear,Main,Freight Train,40,2459119,3857944,6317063,M103,42.990696999999997,-96.005409999999998
CSX,000187336,2019-12-22,5:15 AM,Derailment,0,CINCINNATI,OH,32.0,4,Dark,Clear,Main,Freight Train,24,491306,75263,566569,E29C,39.093676000000002,-84.650368
NS,145520,2022-06-11,11:00 AM,Other impacts,0,ATLANTA,GA,85.0,2,Day,Clear,Yard,Yard/switching,1,0,19837,19837,H312,33.793526999999997,-84.444462000000001
CSX,000154785,2015-11-29,11:00 PM,Derailment,0,EAST BERNSTADT,KY,45.0,4,Dark,Rain,Main,Freight Train,24,45811,10000,55811,M101,37.213720000000002,-84.137612000000004
BNSF,KS0915110,2015-09-19,9:15 PM,Other impacts,0,KANSAS CITY,KS,60.0,4,Dark,Clear,Yard,Yard/switching,5,34142,0,34142,M411,39.084012000000001,-94.694074000000001
CSX,000177273,2018-06-28,3:43 PM,Derailment,0,BOTKINS,OH,88.0,2,Day,Clear,Industry,Freight Train,4,10944,100,11044,H307,40.460667000000001,-84.184702999999999
BNSF,CH0415110,2015-04-21,3:55 PM,Derailment,0,CHILLICOTHE,IL,60.0,2,Day,Clear,Main,Freight Train,27,13572,0,13572,E33C,40.925356999999998,-89.536052999999995
NJTR,201609513,2016-09-29,8:38 AM,Obstruction,0,HOBOKEN,NJ,63.0,2,Day,Cloudy,Main,Commuter Train - Pushing,21,6000000,12000,6012000,H222,40.735036000000001,-74.028008999999997
NS,143717,2021-12-10,11:00 AM,Derailment,0,COLUMBIA,SC,50.0,2,Day,Rain,Yard,Yard/switching,9,9028,5114,14142,E47C,33.985295999999998,-81.039106000000004
NS,115521,2015-05-04,9:55 PM,Derailment,0,CONWAY,PA,68.0,4,Dark,Rain,Yard,Yard/switching,3,13624,668,14292,H704,40.672361000000002,-80.251825999999994
UP,0816NP009,2016-08-09,12:19 AM,Other impacts,0,NORTH PLATTE,NE,70.0,4,Dark,Clear,Yard,Yard/switching,10,12998,0,12998,H99E,41.145820999999998,-100.814103
BNSF,KS1015107,2015-10-20,10:50 AM,Derailment,0,KANSAS CITY,KS,82.0,2,Day,Clear,Yard,Yard/switching,7,53527,91000,144527,H504,39.081636000000003,-94.675691
BNSF,SW0117107,2017-01-25,3:30 PM,Rear end collision,0,ROSWELL,NM,52.0,2,Day,Clear,Main,Maint./inspect Car,2,500,0,20500,H402,33.585408999999999,-104.35199
CSX,000173482,2017-12-16,11:40 AM,Derailment,0,NORTH CHARLESTON,SC,58.0,2,Day,Clear,Yard,Yard/switching,9,14000,3576,17576,H702,32.857559999999999,-79.989058
EIRR,210823002,2021-08-23,11:30 AM,Derailment,0,WENDELL,ID,75.0,2,Day,Clear,Yard,Freight Train,10,4000,90000,94000,T212,42.769492999999997,-114.70608
NS,128728,2018-03-06,10:34 AM,Hwy-rail crossing,0,FREDERICKTOWN,PA,42.0,2,Day,Cloudy,Main,Freight Train,36,5000,13961,18961,M302,40.015667999999998,-79.976950000000002
BNSF,PR0320109,2020-03-25,7:20 PM,Derailment,0,LITCHFIELD,NE,40.0,3,Dusk,Clear,Yard,Freight Train,4,6579,17633,24212,H307,41.156522000000002,-99.157473999999993
UP,1221PN002,2021-12-01,7:40 PM,Derailment,0,POST FALLS,ID,55.0,3,Dusk,Cloudy,Main,Freight Train,37,6325,186659,192984,E53C,47.754027000000001,-116.919984
CSX,000187136,2019-12-14,11:58 AM,Derailment,0,WALBRIDGE,OH,43.0,2,Day,Cloudy,Yard,Yard/switching,9,5545,5500,11045,E4BC,41.589930000000003,-83.496859999999998
IANR,CRD0528193,2019-05-28,2:12 AM,Derailment,0,CEDAR RAPIDS,IA,60.0,4,Dark,Cloudy,Yard,Freight Train,2,49743,0,95239,H514,41.986680999999997,-91.671869999999998
UP,0715KC010,2015-07-12,3:32 PM,Derailment,0,NORTH KANSAS CITY,MO,95.0,2,Day,Clear,Yard,Light loco(s),6,29315,0,34714,H607,39.133915999999999,-94.566568000000004
NS,115594,2015-05-08,7:45 PM,Derailment,0,ALTOONA,PA,72.0,3,Dusk,Clear,Siding,Freight Train,12,32533,42646,75179,H520,40.506424000000003,-78.415688000000003
UP,0216CB001,2016-02-01,7:35 PM,Derailment,0,GRAND ISLAND,NE,32.0,4,Dark,Snow,Yard,Light loco(s),5,18620,1390,20010,M101,40.933025000000001,-98.325215
MNCW,82870,2024-06-27,9:05 PM,Hwy-rail crossing,0,DOVER PLAINS,NY,74.0,4,Dark,Clear,Main,Commuter Train - Pulling,45,30573,0,30573,M302,41.740996000000003,-73.576519000000005
KJRY,01192019,2019-01-19,4:06 PM,Derailment,0,KEOKUK,IA,19.0,2,Day,Snow,Main,Yard/switching,4,13337,37819,63156,M101,40.391658,-91.379672999999997
RRVW,20703,2020-03-22,3:45 AM,Derailment,0,WAHPETON,ND,32.0,4,Dark,Clear,Industry,Freight Train,7,0,13410,13410,M101,46.328881000000003,-96.621323000000004
CSX,000207884,2022-10-18,1:07 PM,Derailment,0,CUMBERLAND,MD,49.0,2,Day,Clear,Yard,Yard/switching,2,138661,195448,334109,E30C,39.644506999999997,-78.760868000000002
NS,153337,2023-06-12,9:30 PM,Derailment,0,WEST FAIRVIEW,PA,70.0,4,Dark,Clear,Yard,Cut of cars,10,250,0,40430,H020,40.279833000000004,-76.922471999999999
BNSF,SW0117107,2017-01-25,3:30 PM,Rear end collision,0,ROSWELL,NM,52.0,2,Day,Clear,Main,Maint./inspect Car,10,20000,0,20500,H402,33.585408999999999,-104.35199
NS,151999,2023-01-14,4:20 AM,Other impacts,0,COLUMBUS,OH,25.0,1,Dawn,Clear,Yard,Single Car,0,48793,0,53270,H312,39.895412999999998,-82.948736999999994
BNSF,SF0516114,2016-05-25,5:00 PM,Other impacts,0,TULSA,OK,85.0,3,Dusk,Clear,Yard,Yard/switching,2,18500,0,18750,M408,36.121265999999999,-96.010816000000005
CRSH,117192,2015-08-30,11:41 AM,Derailment,0,PHILADELPHIA,PA,70.0,2,Day,Clear,Yard,Freight Train,4,1191,2000,21638,H306,39.998679000000003,-75.094583999999998
UP,0219GP029,2019-02-13,8:00 AM,Hwy-rail crossing,0,SALIX,IA,4.0,2,Day,Cloudy,Main,Freight Train,39,1450,60358,61808,M303,42.308441999999999,-96.285888
NS,151243,2022-10-21,12:15 PM,Hwy-rail crossing,0,STONINGTON,IL,70.0,2,Day,Clear,Main,Freight Train,58,26390,74020,100410,M308,39.63937,-89.191372000000001
NS,124000,2017-02-15,5:25 PM,Other impacts,0,WINNSBORO,SC,57.0,3,Dusk,Clear,Main,Spec. MoW Equip.,15,3373,0,33373,H997,34.419507000000003,-81.099089000000006
BNSF,SF0116110,2016-01-21,10:40 AM,Side collision,0,TULSA,OK,33.0,2,Day,Clear,Yard,Yard/switching,3,21000,0,50000,H309,36.124741,-96.011041000000006
UP,0215PC005,2015-02-17,9:25 AM,Derailment,0,POCATELLO,ID,34.0,2,Day,Clear,Yard,Yard/switching,8,14110,149461,163571,T221,42.862183999999999,-112.448291
UP,0118TC004,2018-01-02,1:55 PM,Derailment,0,BOONE,IA,12.0,2,Day,Clear,Yard,Yard/switching,7,10175,19995,30170,M101,42.059018000000002,-93.848034999999996
BNSF,NE0816101,2016-08-09,7:36 AM,Other impacts,0,FREMONT,NE,81.0,1,Dawn,Clear,Yard,Cut of cars,0,17709,0,19374,H318,41.429912999999999,-96.501767000000001
BNSF,HL1016101,2016-10-06,4:45 PM,Other (describe in narrative),0,LINCOLN,NE,58.0,2,Day,Rain,Yard,Freight Train,6,29000,0,29000,H305,40.807214000000002,-96.748216999999997
BNSF,RD0220103,2020-02-06,7:00 AM,Derailment,0,TULSA,OK,25.0,1,Dawn,Clear,Yard,Yard/switching,2,14186,2575,16761,M411,36.119070000000001,-96.011916999999997
BNSF,SF1214107,2014-12-04,1:30 PM,Obstruction,0,TULSA,OK,50.0,2,Day,Clear,Main,Maint./inspect Car,2,1000,13052,14052,H022,36.188122,-95.813930999999997
UP,0118TC006,2018-01-04,1:45 PM,Derailment,0,GLIDDEN,IA,5.0,2,Day,Clear,Main,Freight Train,44,17417,7529,24946,E22C,42.045440999999997,-94.655081999999993
NS,129328,2018-05-02,6:35 AM,Derailment,0,MORRISVILLE,PA,72.0,1,Dawn,Clear,Yard,Freight Train,6,178245,13618,191863,M405,40.192720999999999,-74.828440999999998
BNSF,SW0817105,2017-08-24,5:08 PM,Derailment,0,BELEN,NM,78.0,3,Dusk,Cloudy,Yard,Yard/switching,5,20366,8500,28866,H503,34.632266999999999,-106.772751
KCS,15071605,2015-07-16,12:05 PM,Fire/violent rupture,0,UNION,MS,91.0,2,Day,Clear,Siding,Spec. MoW Equip.,3,900000,0,900000,M599,32.657828000000002,-89.129920999999996
NS,145661,2022-06-26,4:45 AM,Side collision,0,MACON,GA,72.0,1,Dawn,Clear,Yard,Yard/switching,0,5934,0,12806,H607,32.813729000000002,-83.622793000000001
BNSF,CH0619112,2019-06-16,5:00 PM,Other impacts,0,GALESBURG,IL,80.0,3,Dusk,Clear,Yard,Yard/switching,4,39915,15900,55815,M407,40.905979000000002,-90.385983999999993
NS,122242,2016-09-29,5:55 AM,Derailment,0,JERSEY CITY,NJ,70.0,1,Dawn,Cloudy,Yard,Yard/switching,7,12506,2405,131982,H524,40.750999999999998,-74.066175000000001
UP,1217PD004,2017-12-07,9:45 AM,Hwy-rail crossing,0,CALDWELL,ID,20.0,2,Day,Fog,Main,Freight Train,48,37375,364,37739,M303,43.690530000000003,-116.723236
NIRC,2017070361,2017-10-11,7:14 AM,Hwy-rail crossing,0,CHICAGO,IL,58.0,1,Dawn,Rain,Main,EMU,30,17713,0,17713,M308,41.765887999999997,-87.584907000000001
LI,GR20150901,2015-09-10,6:00 AM,Hwy-rail crossing,0,BETHPAGE,NY,77.0,4,Dark,Rain,Main,EMU,60,51341,2000,53341,M303,40.740695000000002,-73.479827
ATK,163227,2020-01-16,8:38 AM,Other (describe in narrative),0,PRINCETON JUNCTION,NJ,40.0,2,Day,Clear,Main,,0,0,0,398974,E07L,40.295976000000003,-74.649699999999996
FEC,D23033022,2022-03-30,7:35 AM,Side collision,0,JACKSONVILLE,FL,74.0,1,Dawn,Clear,Yard,Light loco(s),4,7878,50,19978,H399,30.239588999999999,-81.602063000000001
NS,145311,2022-05-20,4:00 AM,Other impacts,0,LINWOOD,NC,72.0,1,Dawn,Cloudy,Yard,Single Car,2,600,0,19413,H312,35.740859999999998,-80.330498000000006
CRSH,116333,2015-07-02,12:00 AM,Derailment,0,PHILADELPHIA,PA,65.0,4,Dark,Clear,Yard,Cut of cars,0,1773,0,12921,H703,39.998679000000003,-75.094583999999998
CRSH,130133,2018-07-08,3:31 PM,Raking collision,0,MARCUS HOOK,PA,80.0,2,Day,Clear,Industry,Freight Train,3,4475,0,14015,H302,39.813640999999997,-75.418454999999994
UP,0719PN033,2019-07-30,9:23 PM,Fire/violent rupture,0,MOUNTAIN HOME,ID,93.0,4,Dark,Cloudy,Main,Freight Train,35,325532,0,325532,M406,43.038141000000003,-115.620154
NJTR,201610523,2016-09-30,12:30 PM,Other (describe in narrative),0,KEARNY,NJ,65.0,2,Day,Rain,Yard,Yard/switching,5,13000,0,13000,H999,40.744148000000003,-74.105187999999998
BNSF,SW0415108,2015-04-17,5:30 PM,Other impacts,0,CLOVIS,NM,66.0,3,Dusk,Clear,Yard,Yard/switching,2,16850,0,16850,H018,34.397933000000002,-103.21305099999999
NJTR,201610527,2016-10-03,6:20 PM,Derailment,0,HOBOKEN,NJ,66.0,4,Dark,Clear,Yard,Light loco(s),2,14600,667,15267,H303,40.734104000000002,-74.032082000000003
BNSF,MT1214109,2014-12-28,5:18 AM,Derailment,0,TIOGA,ND,3.0,1,Dawn,Clear,Main,Freight Train,33,21952,221720,243672,E4TC,48.393929999999997,-102.91085