reportingrailroadcode,accidentnumber,date,time,accidenttype,hazmatreleasedcars,station,stateabbr,temperature,visibility_code,visibility,weathercondition,tracktype,equipmenttype,trainspeed,equipmentdamagecost,trackdamagecost,totaldamagecost,primaryaccidentcausecode,latitude,longitude
BNSF,TC0423107,2023-04-05,11:37 AM,Derailment,0,WILLMAR,MN,25.0,2,Day,Cloudy,Yard,Yard/switching,6,49876,0,49876,M105,45.125763999999997,-95.031109000000001
CSX,000157806,2016-03-07,3:17 AM,Other impacts,0,RIVERDALE,IL,46.0,4,Dark,Clear,Yard,Yard/switching,5,9830,150,17738,H318,41.650471000000003,-87.647441000000001
NS,157649,2024-08-08,8:21 AM,Other impacts,0,MACON,GA,80.0,2,Day,Clear,Yard,Single Car,3,16816,0,17316,M201,32.81373,-83.622793999999999
BNSF,MT1120201,2020-11-03,6:35 AM,Hwy-rail crossing,0,SANDPOINT,ID,35.0,1,Dawn,Cloudy,Main,Freight Train,51,39580,130943,170523,M302,48.429290000000002,-116.493208
BNSF,TC0915104,2015-09-11,9:30 PM,Derailment,0,MINOT,ND,55.0,4,Dark,Clear,Yard,Yard/switching,7,13200,500,13700,H702,48.238399000000001,-101.163257
UP,0419GP037,2019-04-16,11:14 AM,Derailment,0,DENVER,CO,46.0,2,Day,Cloudy,Yard,Yard/switching,4,3668,37381,41049,H315,39.787458000000001,-104.998582
NS,152250,2023-02-07,8:40 AM,Other (describe in narrative),0,NEWARK,NJ,40.0,2,Day,Clear,Yard,Freight Train,8,12000,0,12000,H702,40.707791,-74.143552
BNSF,TC0221103,2021-02-04,11:07 PM,Other (describe in narrative),0,NEW ROCKFORD,ND,9.0,4,Dark,Cloudy,Siding,Freight Train,5,0,31000,31000,H702,47.678266999999998,-99.142364999999998
UP,0517UT017,2017-05-23,9:00 PM,Fire/violent rupture,0,POCATELLO,ID,72.0,4,Dark,Clear,Main,Freight Train,10,41865,0,41865,E73L,42.859673000000001,-112.723934
CSX,000218130,2024-05-17,7:56 PM,Hwy-rail crossing,0,NORTH TONAWANDA,NY,63.0,3,Dusk,Cloudy,Main,,0,0,0,24204,M308,43.047580000000004,-78.889950999999996
NS,135843,2019-10-15,7:07 PM,Other impacts,0,BELLEVUE,OH,64.0,3,Dusk,Clear,Yard,Yard/switching,2,10435,19000,51435,E30C,41.295090999999999,-82.773978
BNSF,CH0817104,2017-08-09,6:00 AM,Other impacts,0,GALESBURG,IL,60.0,1,Dawn,Clear,Yard,Yard/switching,5,36299,0,36299,H318,40.920164999999997,-90.376575000000003
NS,143728,2021-12-09,1:28 AM,Derailment,0,WAYNESBURG,PA,21.0,4,Dark,Clear,Main,Freight Train,17,391650,303134,694784,E53C,39.911808999999998,-80.220421000000002
SFRV,04102020,2020-04-10,8:56 AM,Hwy-rail crossing,0,FORT LAUDERDALE,FL,75.0,2,Day,Clear,Main,,0,0,430803,452110,M302,26.203340000000001,-80.149906000000001
UP,0419GL027,2019-04-15,3:00 AM,Derailment,0,DES MOINES,IA,30.0,4,Dark,Cloudy,Yard,Yard/switching,4,5848,5266,11114,E69C,41.590136000000001,-93.574349999999995
MNCW,82996,2024-07-11,3:00 AM,Fire/violent rupture,0,SLEEPY HOLLOW,NY,78.0,4,Dark,Clear,Main,Spec. MoW Equip.,0,3040,112167,115207,M406,41.093130000000002,-73.869709999999998
IAIS,2018030,2018-10-22,5:00 PM,Derailment,0,MC CLELLAND,IA,61.0,2,Day,Clear,Siding,Spec. MoW Equip.,10,26370,0,26370,H303,41.326920999999999,-95.686745999999999
IANR,MAD0906232,2023-09-06,5:15 AM,Derailment,0,MANLY,IA,76.0,4,Dark,Rain,Yard,Freight Train,12,298459,7500,305959,H306,43.311314000000003,-93.205152999999996
NJTR,201602073,2016-01-20,5:45 PM,Other (describe in narrative),0,NEW BRUNSWICK,NJ,40.0,4,Dark,Clear,Yard,EMU,5,11375,0,11375,H599,40.477358000000002,-74.470326
NS,151979,2023-01-11,8:50 PM,Derailment,0,SHARPSBURG,MD,40.0,4,Dark,Clear,Main,Freight Train,25,863882,368058,1231940,M201,39.507041999999998,-77.764527999999999
UP,0515PC007,2015-05-29,3:45 AM,Derailment,0,POCATELLO,ID,48.0,4,Dark,Clear,Yard,Freight Train,5,27408,1250,28658,H702,42.844059999999999,-112.428862
NS,153337,2023-06-12,9:30 PM,Derailment,0,WEST FAIRVIEW,PA,70.0,4,Dark,Clear,Yard,Freight Train,2,33500,6680,40430,H020,40.279833000000004,-76.922471999999999
BRC,13693,2016-02-26,10:00 PM,Derailment,0,BEDFORD PARK,IL,30.0,4,Dark,Clear,Yard,Yard/switching,5,12563,1225,13788,T212,41.773778,-87.779528999999997
NS,113208,2014-11-28,9:04 AM,Derailment,0,FREMONT,OH,25.0,2,Day,Clear,Industry,Freight Train,6,8700,11138,19838,M101,41.356054,-83.108558000000002
CIC,IA201901,2019-06-13,12:10 AM,Other impacts,0,CEDAR RAPIDS,IA,48.0,4,Dark,Clear,Yard,Light loco(s),17,4531,0,12332,H607,41.928778999999999,-91.683132999999998
UP,1119GL003,2019-11-02,5:56 PM,Derailment,0,BOONE,IA,46.0,2,Day,Clear,Yard,Cut of cars,5,71617,25774,97391,H018,42.065313000000003,-93.877129999999994
ATK,158679,2019-01-30,7:46 PM,Fire/violent rupture,0,DENVER,CO,19.0,4,Dark,Cloudy,Main,Passenger Train - Pulling,9,19247,0,19247,E74L,39.768453000000001,-104.990015
NPR,OI072401,2024-07-22,4:15 PM,Other impacts,0,VIKING,MN,75.0,2,Day,Clear,Main,Spec. MoW Equip.,7,22796,0,22796,H997,48.180219999999998,-96.258975000000007
BNSF,SW0223106,2023-02-26,1:42 PM,Derailment,0,WILLARD,NM,41.0,2,Day,Clear,Main,Freight Train,3,987760,6000,993760,M105,34.658411000000001,-105.823446
UP,0615PC006,2015-06-19,10:38 PM,Obstruction,0,SODA SPRINGS,ID,59.0,4,Dark,Clear,Main,Freight Train,33,273,17735,18008,M402,42.65502,-111.58128000000001
NS,129656,2018-05-26,3:05 PM,Other impacts,0,CONWAY,PA,70.0,2,Day,Clear,Yard,Yard/switching,3,12000,0,21000,S007,40.672356000000001,-80.251823000000002
BNSF,CH0817113,2017-08-17,9:25 AM,Derailment,0,HENDERSON,IL,74.0,2,Day,Cloudy,Main,Freight Train,23,10530,106804,117334,M204,41.019506999999997,-90.353713999999997
ATK,138090,2015-07-01,5:20 AM,Other (describe in narrative),0,RADNOR,PA,70.0,1,Dawn,Cloudy,Main,,0,0,17885,23157,M404,40.049694000000002,-75.403783000000004
NJTR,201811531,2018-11-15,5:52 PM,Hwy-rail crossing,0,NEW PROVIDENCE,NJ,29.0,4,Dark,Snow,Main,EMU,53,9525,9321,18846,M306,40.687792999999999,-74.416781
WC,1125152,2023-02-13,12:49 PM,Other (describe in narrative),0,BIWABIK,MN,36.0,2,Day,Clear,Main,Maint./inspect Car,5,135494,0,135494,H993,47.524155999999998,-92.356223999999997
CSX,000159815,2016-05-16,3:30 PM,Derailment,0,WILLARD,OH,55.0,2,Day,Cloudy,Yard,Single Car,4,12704,100,12804,E20C,41.059857000000001,-82.723963999999995
CSX,000195693,2021-02-14,8:40 AM,Derailment,0,CINCINNATI,OH,21.0,2,Day,Snow,Yard,Freight Train,6,21784,7852,29636,E40C,39.108302999999999,-84.538432
SEPA,24391,2017-07-25,5:50 PM,Other (describe in narrative),0,PHILADELPHIA,PA,76.0,2,Day,Cloudy,Yard,Passenger Train - Pulling,14,346,17423,17769,H307,39.989400000000003,-75.249399999999994
BNSF,TC1216103,2016-12-13,1:45 AM,Derailment,0,GRAND FORKS,ND,-8.0,4,Dark,Clear,Yard,Freight Train,2,14389,250,14639,H702,47.918247000000001,-97.075123000000005
NS,116434,2015-07-09,8:26 AM,Other impacts,0,BELLEVUE,OH,70.0,2,Day,Rain,Yard,Light loco(s),4,1444,0,14444,H306,41.288345999999997,-82.803539000000001
BNSF,TC0518202,2018-05-14,12:14 PM,Hwy-rail crossing,0,HULL,IA,61.0,2,Day,Cloudy,Main,Maint./inspect Car,27,11000,0,11000,M302,43.156820000000003,-96.187029999999993
UP,1222PN016,2022-12-09,3:35 AM,Derailment,0,NAMPA,ID,32.0,4,Dark,Cloudy,Yard,Yard/switching,4,9289,56039,65328,H702,43.582920999999999,-116.563221
IC,891160,2016-06-10,6:19 PM,Derailment,0,MARKHAM,IL,89.0,2,Day,Clear,Yard,Freight Train,0,49391,0,235327,H503,41.577893000000003,-87.656049999999993
UP,0517CB012,2017-05-21,12:23 AM,Derailment,0,BOONE,IA,47.0,4,Dark,Cloudy,Yard,Yard/switching,2,17600,300,17900,H602,42.061708000000003,-93.860512
NS,137183,2020-02-14,10:15 PM,Other impacts,0,GREER,SC,37.0,4,Dark,Clear,Yard,Cut of cars,0,30000,0,32110,H306,34.935265000000001,-82.225496000000007
CRSH,117192,2015-08-30,11:41 AM,Derailment,0,PHILADELPHIA,PA,70.0,2,Day,Clear,Yard,Single Car,0,18447,0,21638,H306,39.998679000000003,-75.094583999999998
BNSF,KS1015109,2015-10-29,2:30 AM,Derailment,0,KANSAS CITY,KS,35.0,4,Dark,Clear,Yard,Yard/switching,8,12455,2000,14455,M407,39.085839999999997,-94.690381000000002
CSX,000156811,2016-02-04,2:53 AM,Side collision,0,LOUISVILLE,KY,38.0,4,Dark,Cloudy,Yard,Yard/switching,7,32198,0,68769,H305,38.160708999999997,-85.749173999999996
BNSF,PR0719105,2019-07-08,11:30 AM,Side collision,0,DENVER,CO,80.0,2,Day,Clear,Yard,Freight Train,0,108480,0,110523,H702,39.775751999999997,-104.980868
BNSF,PR0719105,2019-07-08,11:30 AM,Side collision,0,DENVER,CO,80.0,2,Day,Clear,Yard,Yard/switching,3,2043,0,110523,H702,39.775751999999997,-104.980868
UP,1219PR010,2019-12-22,6:30 PM,Other impacts,0,STERLING,IL,40.0,3,Dusk,Clear,Main,Freight Train,4,20619,33,20652,H302,41.787666999999999,-89.711496999999994
BLF,20220383,2022-03-31,3:20 PM,Hwy-rail crossing,0,WILTON MANOR,FL,87.0,2,Day,Clear,Main,Passenger Train - Pulling,60,25000,0,95000,M308,26.159534000000001,-80.131084999999999
BLF,20220360,2022-03-18,5:41 PM,Hwy-rail crossing,0,HALLANDALE,FL,82.0,2,Day,Clear,Main,Passenger Train - Pulling,79,27364,0,45466,M308,25.981839999999998,-80.148073999999994
IHB,2343,2017-08-24,2:50 AM,Derailment,0,MELROSE PARK,IL,60.0,4,Dark,Clear,Main,,0,0,35000,85266,M405,41.898166000000003,-87.869082000000006
BNSF,NW0315108,2015-03-14,7:36 PM,Other (describe in narrative),0,GOLD BAR,WA,41.0,3,Dusk,Clear,Main,Work train,45,0,106000,106000,H997,47.866042999999998,-121.723719
UP,0619PR018,2019-06-18,6:55 AM,Derailment,0,MILWAUKEE,WI,55.0,1,Dawn,Fog,Main,Freight Train,3,1328,85336,86664,S013,42.982242999999997,-87.884911000000002
BNSF,TC0315129,2015-03-13,4:00 PM,Derailment,0,MINOT,ND,50.0,2,Day,Clear,Main,Spec. MoW Equip.,0,15000,0,45000,H997,48.23762,-101.264009
NS,146198,2022-08-13,2:45 PM,Derailment,0,CONWAY,PA,75.0,2,Day,Clear,Yard,Yard/switching,5,5117,24318,29435,M204,40.672361000000002,-80.251825999999994
BNSF,TC0222101,2022-02-02,3:00 AM,Fire/violent rupture,0,DOON,IA,10.0,4,Dark,Clear,Main,Freight Train,45,91399,0,91399,M406,43.286282,-96.247539000000003
UP,0416DV006,2016-04-10,1:45 AM,Fire/violent rupture,0,CHEYENNE,WY,43.0,4,Dark,Clear,Main,Freight Train,0,65468,150,65618,E73L,41.094180000000001,-105.038253
BNSF,KS0620202,2020-06-18,6:09 PM,Hwy-rail crossing,0,ALVA,OK,94.0,3,Dusk,Clear,Main,Freight Train,44,11000,0,11000,M308,36.813806,-98.684089
NS,140212,2021-01-09,4:00 AM,Derailment,0,NORTH CHARLESTON,SC,36.0,1,Dawn,Clear,Industry,Freight Train,3,8500,83801,92301,H505,32.867705000000001,-79.999531000000005
UP,0723TO050,2023-07-30,5:00 PM,Fire/violent rupture,0,DALLAS,TX,102.0,2,Day,Clear,Main,Yard/switching,10,0,58560,58560,E79L,32.732933000000003,-96.755851000000007
NJTR,202109396,2021-09-10,9:58 AM,Other (describe in narrative),0,MONTCLAIR,NJ,80.0,2,Day,Clear,Main,Commuter Train - Pushing,58,12604,0,12604,M105,40.827032000000003,-74.207842999999997
BNSF,PR1117106,2017-11-10,1:00 PM,Obstruction,0,RANCHESTER,WY,42.0,2,Day,Clear,Yard,Maint./inspect Car,10,75000,250,150250,H402,44.910611000000003,-107.165232
CSX,000211980,2023-06-27,11:45 AM,Hwy-rail crossing,0,WAYCROSS,GA,95.0,2,Day,Clear,Yard,Yard/switching,5,33318,0,33318,M302,31.191286000000002,-82.382193999999998
CSX,000217362,2024-04-14,3:18 AM,Side collision,0,BUFFALO,NY,54.0,4,Dark,Clear,Yard,Freight Train,3,37247,3304,49051,H607,42.901926000000003,-78.773365999999996
CSX,000210146,2023-02-26,11:23 AM,Fire/violent rupture,0,ALDERSON,WV,72.0,2,Day,Clear,Main,Freight Train,25,126484,0,126484,H515,37.708545999999998,-80.667179000000004
BNSF,PR0419109,2019-04-12,2:25 AM,Derailment,0,HASTINGS,NE,25.0,4,Dark,Clear,Main,Freight Train,10,75945,2500,78445,T215,40.540069000000003,-98.425013000000007
CSX,000166332,2017-01-28,12:16 AM,Derailment,0,RAINELLE,WV,21.0,4,Dark,Snow,Industry,Freight Train,6,28567,1370,29937,E42C,37.965916999999997,-80.780266999999995
UP,1216FW012,2016-12-11,4:40 AM,Other impacts,0,FORT WORTH,TX,45.0,4,Dark,Clear,Yard,Yard/switching,5,10849,0,19151,M407,32.728093000000001,-97.366263000000004
UP,0421GC027,2021-04-20,2:00 AM,Other impacts,0,WESTWEGO,LA,63.0,4,Dark,Clear,Yard,Yard/switching,2,12192,0,22722,H306,29.916754000000001,-90.181562
CSX,000178963,2018-09-25,12:20 PM,Derailment,0,DUO,WV,82.0,2,Day,Cloudy,Industry,Freight Train,7,86376,8000,94376,T221,38.086419999999997,-80.590333999999999
UP,0721RM020,2021-07-20,8:30 AM,Derailment,0,LARAMIE,WY,57.0,2,Day,Clear,Main,Freight Train,47,55741,297,56038,E27C,41.400429000000003,-105.61102
UP,0422RM009,2022-04-08,2:01 PM,Derailment,0,GREEN RIVER,WY,61.0,2,Day,Clear,Yard,Freight Train,3,34275,15492,49767,M201,41.517069999999997,-109.437546
WC,1008210,2019-08-05,3:45 PM,Derailment,0,FOND DU LAC,WI,80.0,2,Day,Clear,Yard,Yard/switching,3,1900,15217,17117,H702,43.798029,-88.470146999999997
UP,0720RM026,2020-07-23,8:21 PM,Derailment,0,OGDEN,UT,86.0,4,Dark,Clear,Yard,Light loco(s),5,22624,1495,24119,H702,41.206201,-111.984578
NYA,042716,2016-04-27,12:11 PM,Derailment,0,NEW YORK -QUEENS,NY,58.0,2,Day,Clear,Yard,,0,0,53355,57355,H704,40.764890000000001,-73.880369999999999
UP,0221TO020,2021-02-18,10:00 PM,Derailment,0,FORT WORTH,TX,22.0,4,Dark,Clear,Main,Freight Train,10,272357,434125,706482,M405,32.745044999999998,-97.323312000000001
NS,126894,2017-10-04,10:50 AM,Derailment,0,ALTOONA,PA,68.0,2,Day,Clear,Yard,Cut of cars,0,3515,0,34855,H306,40.529625000000003,-78.385380999999995
BNSF,RD0822107,2022-08-07,8:30 PM,Derailment,0,MIDLOTHIAN,TX,94.0,3,Dusk,Clear,Industry,Freight Train,7,58800,5681,71981,E65C,32.470610000000001,-97.017602999999994
IC,1143141,2024-01-07,3:10 PM,Side collision,0,MEMPHIS,TN,46.0,2,Day,Clear,Yard,Yard/switching,8,210099,5226,283174,E35C,35.072208000000003,-90.077465000000004
WN,09112015,2015-09-11,10:10 AM,Side collision,0,CHIPPEWA FALLS,WI,60.0,2,Day,Clear,Industry,Freight Train,3,0,12400,27498,H018,44.951833999999998,-91.369964999999993
UP,1017ST015,2017-10-14,9:11 AM,Hwy-rail crossing,0,TOYAH,TX,78.0,2,Day,Clear,Main,Freight Train,60,73267,900,74167,M303,31.373857999999998,-103.65231900000001
UP,0316PR006,2016-03-05,10:10 AM,Derailment,0,BUTLER,WI,39.0,2,Day,Cloudy,Yard,Freight Train,7,69632,25315,94947,T221,43.098610999999998,-88.064708999999993
UP,0617FW021,2017-06-21,10:20 AM,Derailment,0,POCASSET,OK,90.0,2,Day,Clear,Industry,Cut of cars,5,57701,9594,67295,H513,35.198794999999997,-97.951305000000005
CSX,000189059,2020-03-11,9:29 PM,Side collision,0,INDIANAPOLIS,IN,49.0,4,Dark,Cloudy,Yard,Yard/switching,9,9992,1586,141301,H702,39.759791,-86.327526000000006
BNSF,NW0122115,2022-01-15,7:50 PM,Derailment,0,SPOKANE,WA,35.0,3,Dusk,Fog,Yard,Yard/switching,3,13150,14487,27637,E39C,47.668599999999998,-117.34246899999999
RCPE,RCP742524D,2024-03-24,2:45 AM,Derailment,0,MIDLAND,SD,26.0,4,Dark,Snow,Main,Freight Train,8,130000,80000,210000,T222,44.087923000000004,-101.05782000000001
WC,846502,2015-04-12,9:43 AM,Derailment,0,N FOND DU LAC,WI,65.0,2,Day,Clear,Yard,Freight Train,7,34114,18025,52139,T220,43.803955000000002,-88.473412999999994
WC,1117912,2022-11-03,9:58 PM,Hwy-rail crossing,0,CONRATH,WI,40.0,4,Dark,Cloudy,Main,Freight Train,46,25000,0,25000,M302,45.395223000000001,-91.048584000000005
CSX,000161098,2016-07-06,5:05 PM,Other impacts,0,NEW MARTINSVILLE,WV,87.0,2,Day,Clear,Yard,Yard/switching,4,13184,0,19566,H020,39.634444999999999,-80.864151000000007
BNSF,NW0224118,2024-02-26,11:00 PM,Derailment,0,ROCKY POINT,WA,31.0,4,Dark,Snow,Yard,Freight Train,5,771,14825,15596,M101,46.163849999999996,-122.91292
UP,0415FW018,2015-04-20,2:15 PM,Obstruction,0,BENBROOK,TX,75.0,2,Day,Clear,Yard,Spec. MoW Equip.,0,18567,0,34982,H997,32.689762000000002,-97.456300999999996
BNSF,NW0419118,2019-04-23,12:02 AM,Derailment,0,TACOMA,WA,52.0,4,Dark,Clear,Yard,Yard/switching,4,187999,0,187999,H312,47.242372000000003,-122.424263
NS,132871,2019-02-16,6:10 PM,Derailment,0,WALKERTOWN,NC,40.0,3,Dusk,Cloudy,Yard,Yard/switching,4,7200,12254,19454,H514,36.132773999999998,-80.232819000000006
BNSF,PR0415121,2015-04-16,3:22 AM,Other (describe in narrative),0,BILL,WY,50.0,4,Dark,Clear,Main,,0,0,50000,50000,H305,43.482931999999998,-105.30397000000001
UP,0621GP029,2021-06-21,2:45 AM,Derailment,0,HILLSDALE,WY,47.0,4,Dark,Clear,Main,Freight Train,18,837977,1012427,1850404,M404,41.214578000000003,-104.502244
NS,137177,2020-02-14,7:20 AM,Hwy-rail crossing,0,CHICAGO,IL,1.0,1,Dawn,Clear,Industry,Freight Train,3,18000,0,18000,M308,41.808906999999998,-87.655264000000003
UP,1019HO010,2019-10-21,12:01 AM,Derailment,0,HOUSTON,TX,79.0,4,Dark,Cloudy,Yard,Yard/switching,6,284298,7637,291935,H503,29.799282000000002,-95.288773000000006
BNSF,NW0624105,2024-06-10,11:58 AM,Rear end collision,0,EVERETT,WA,63.0,2,Day,Clear,Main,Spec. MoW Equip.,4,80000,0,160000,H997,47.948372999999997,-122.192881
UP,0523RM026,2023-05-20,1:20 PM,Other (describe in narrative),0,WAMSUTTER,WY,43.0,2,Day,Clear,Yard,Freight Train,0,22439,66,22505,E33C,41.676625999999999,-107.96198200000001
MBTA,7016,2016-05-13,9:30 PM,Derailment,0,SCITUATE,MA,50.0,4,Dark,Rain,Yard,Passenger Train - Pulling,6,13421,1109,14530,H799,42.180582000000001,-70.745965999999996
UP,0217LV018,2017-02-07,1:39 PM,Other impacts,0,BEAUMONT,TX,78.0,2,Day,Cloudy,Yard,Yard/switching,7,36585,4886,138306,H307,30.074262000000001,-94.141195999999994
WC,1133640,2023-06-02,4:50 PM,Rear end collision,0,CADOTT,WI,85.0,2,Day,Rain,Main,Light loco(s),17,170104,0,175806,H301,44.948196000000003,-91.106528999999995
NS,138529,2020-07-12,10:20 AM,Other (describe in narrative),0,WEST FAIRVIEW,PA,80.0,2,Day,Clear,Yard,Yard/switching,4,0,19107,19107,H996,40.279806999999998,-76.922450999999995
BNSF,PR1120110,2020-11-29,4:01 AM,Derailment,0,CASPER,WY,19.0,1,Dawn,Clear,Yard,Cut of cars,0,110265,0,194461,H599,42.854142000000003,-106.324305
BNSF,NW0820201,2020-08-27,9:15 AM,Hwy-rail crossing,0,EAST WENATCHEE,WA,90.0,2,Day,Clear,Main,Freight Train,55,10000,200000,210000,M302,47.348939999999999,-120.09704000000001
UP,0722TO042,2022-07-17,3:44 PM,Derailment,0,FORT WORTH,TX,104.0,2,Day,Clear,Yard,Freight Train,5,40187,50593,90780,H702,32.716155000000001,-97.325413999999995
BNSF,NW0323113,2023-03-16,12:15 AM,Derailment,0,ANACORTES,WA,36.0,4,Dark,Clear,Main,Freight Train,22,227084,75000,302084,H404,48.459529000000003,-122.518197
CP,1000557398,2017-05-13,8:35 AM,Hwy-rail crossing,0,KENOSHA,WI,65.0,2,Day,Clear,Main,,0,0,33208,41612,M308,42.640058000000003,-87.905316999999997
BNSF,NW0420108,2020-04-17,5:00 PM,Derailment,0,TACOMA,WA,61.0,3,Dusk,Cloudy,Yard,Freight Train,3,69983,0,69983,H503,47.257902000000001,-122.389262
GTW,1021157,2019-12-12,9:38 AM,Derailment,0,DETROIT,MI,38.0,2,Day,Clear,Main,Freight Train,10,207823,0,273194,E00C,42.326712999999998,-83.098052999999993
BNSF,PR0824103,2024-08-10,12:42 PM,Derailment,0,GLENROCK,WY,85.0,2,Day,Clear,Industry,Freight Train,5,74807,60000,134807,H703,43.485771,-105.26033700000001
UP,0321GL008,2021-03-08,2:15 PM,Derailment,0,ADAMS,WI,58.0,2,Day,Clear,Yard,Yard/switching,8,159,18094,18253,E49C,43.956918000000002,-89.835758999999996
UP,0616UT008,2016-06-13,10:30 AM,Derailment,0,CLEARFIELD,UT,70.0,2,Day,Clear,Yard,Freight Train,5,1109,109000,110109,E07C,41.108631000000003,-112.024699
WC,1074433,2021-06-22,6:29 AM,Hwy-rail crossing,0,SHELDON,WI,60.0,1,Dawn,Clear,Main,Freight Train,56,25112,0,25112,M302,45.305492000000001,-90.950749999999999
UP,0117PD028,2017-01-19,10:45 PM,Derailment,0,HERMISTON,OR,22.0,4,Dark,Fog,Yard,Freight Train,7,500880,264,501144,H514,45.794752000000003,-119.30207
NJTR,201904182,2019-04-06,12:45 AM,Derailment,0,NETCONG,NJ,40.0,4,Dark,Rain,Yard,Light loco(s),10,17625,1655,19280,H607,40.907907000000002,-74.673609999999996
UP,1022SX020,2022-10-22,9:46 PM,Other impacts,0,SAN ANTONIO,TX,77.0,4,Dark,Clear,Yard,Yard/switching,4,15298,132,29588,H312,29.375722,-98.556393999999997
BNSF,NW0921112,2021-09-14,1:15 PM,Derailment,0,TACOMA,WA,70.0,2,Day,Clear,Industry,Freight Train,6,53000,0,54850,H514,47.261929000000002,-122.396282
UP,0315DV022,2015-03-21,10:00 AM,Fire/violent rupture,0,HANNA,WY,55.0,2,Day,Clear,Siding,Freight Train,0,884923,0,884923,E73L,41.874823999999997,-106.504925
CSX,000185052,2019-08-28,4:19 PM,Side collision,0,CINCINNATI,OH,84.0,2,Day,Clear,Yard,Yard/switching,7,0,0,20766,H316,39.124550999999997,-84.542520999999994
UP,0324GP009,2024-03-07,12:30 PM,Other (describe in narrative),0,CHEYENNE,WY,34.0,2,Day,Cloudy,Main,Freight Train,5,9240,3387,12627,E27C,41.130977000000001,-104.790865
WC,871400,2015-11-15,3:00 PM,Side collision,0,FOND DU LAC,WI,54.0,2,Day,Clear,Yard,Freight Train,0,20400,0,25954,H318,43.801236000000003,-88.469246999999996
BNSF,PR0120105,2020-01-07,3:48 AM,Derailment,0,HARTVILLE,WY,30.0,4,Dark,Clear,Main,Freight Train,25,2000,770621,772621,E6AC,42.318116000000003,-104.833474
UP,1118NP029,2018-11-21,10:30 AM,Fire/violent rupture,0,HILLSDALE,WY,50.0,2,Day,Clear,Main,Freight Train,25,16377,0,16377,E73L,41.216349999999998,-104.55191499999999
CSX,000143818,2015-03-28,2:58 AM,Side collision,0,EAST SYRACUSE,NY,20.0,4,Dark,Clear,Yard,Light loco(s),5,17517,2628,35284,H307,43.073847999999998,-76.172717000000006
UP,0317HO012,2017-03-07,10:30 AM,Other impacts,0,HOUSTON,TX,70.0,2,Day,Cloudy,Yard,Yard/switching,4,0,1215,50901,M411,29.816386999999999,-95.288286999999997
UP,0520RM030,2020-05-24,10:40 AM,Derailment,0,BOSLER,WY,40.0,2,Day,Clear,Main,Freight Train,38,771136,66000,837136,E22C,41.650920999999997,-105.785698
BNSF,NW0922110,2022-09-23,10:15 AM,Derailment,0,SEATTLE,WA,68.0,2,Day,Cloudy,Yard,Freight Train,3,22500,66000,88500,H307,47.645035999999998,-122.38141299999999
NS,124600,2017-04-04,9:27 PM,Derailment,0,WEBB,WV,52.0,4,Dark,Clear,Main,Freight Train,36,7031,19919,26950,E21C,37.935907999999998,-82.495791999999994
UP,0115NP012,2015-01-08,9:20 PM,Derailment,0,LUSK,WY,-8.0,4,Dark,Clear,Main,Freight Train,45,7771,49021,56792,E09C,42.757513000000003,-104.42406
ATK,174298,2023-04-05,9:01 PM,Obstruction,0,VANCOUVER,WA,48.0,4,Dark,Rain,Main,Passenger Train - Pushing,73,26357,0,26357,M404,45.713515999999998,-122.725617
BNSF,CH0922104,2022-09-10,5:28 PM,Derailment,0,AURORA,IL,80.0,3,Dusk,Clear,Industry,Yard/switching,4,155,41530,41685,T223,41.792537000000003,-88.337226999999999
CSX,000198202,2021-06-11,12:50 PM,Derailment,0,BERKELEY SPRINGS,WV,70.0,2,Day,Clear,Industry,Cut of cars,5,26875,96,26971,M504,39.692075000000003,-78.180848999999995
CSX,000210750,2023-04-12,12:25 AM,Side collision,0,CINCINNATI,OH,50.0,4,Dark,Clear,Yard,Freight Train,5,88751,0,92299,H307,39.136408000000003,-84.542399000000003
CSX,000190081,2020-05-06,7:15 PM,Derailment,0,BERKELEY SPRINGS,WV,49.0,3,Dusk,Rain,Yard,Cut of cars,0,10044,300,60286,H702,39.692075000000003,-78.180848999999995
UP,0519PR008,2019-05-27,9:24 AM,Other impacts,0,OAK CREEK,WI,58.0,2,Day,Clear,Industry,Freight Train,9,262288,15768,329318,H605,42.847205000000002,-87.836779000000007
UP,1023SX018,2023-10-16,3:50 AM,Other impacts,0,SAN ANTONIO,TX,59.0,4,Dark,Clear,Yard,Yard/switching,4,7357,0,14853,H702,29.361262,-98.569681000000003
KCS,18122601,2018-12-26,11:40 AM,Derailment,0,HEAVENER,OK,60.0,2,Day,Cloudy,Yard,Freight Train,2,12916,26598,39514,H524,34.890270000000001,-94.602642000000003
UP,1116UT018,2016-11-30,5:30 AM,Derailment,0,SOUTH SALT LAKE,UT,24.0,4,Dark,Clear,Yard,Yard/switching,2,16482,51841,68323,E40C,40.7181,-111.91086
BRS,I170718005,2017-07-18,3:00 PM,Derailment,0,BATON ROUGE,LA,90.0,2,Day,Clear,Yard,Yard/switching,5,94798,17000,111798,H703,30.458300000000001,-91.140299999999996