reportingrailroadcode,accidentnumber,date,time,accidenttype,hazmatreleasedcars,station,stateabbr,temperature,visibility_code,visibility,weathercondition,tracktype,equipmenttype,trainspeed,equipmentdamagecost,trackdamagecost,totaldamagecost,primaryaccidentcausecode,latitude,longitude
UP,0821HL004,2021-08-09,1:03 AM,Derailment,0,KINGSVILLE,MO,77.0,4,Dark,Clear,Main,Freight Train,36,1183359,609036,1792395,H506,38.734095000000003,-94.030950000000004
BNSF,NW0723124,2023-07-25,6:40 AM,Derailment,0,VANCOUVER,WA,60.0,1,Dawn,Cloudy,Yard,Yard/switching,4,122289,11066,133355,H019,45.645783999999999,-122.687798
BNSF,PR0520107,2020-05-11,3:00 PM,Broken train collision,0,GILLETTE,WY,45.0,2,Day,Clear,Main,Spec. MoW Equip.,1,10000,0,243667,H008,44.216403999999997,-105.293504
UP,0719HO027,2019-07-21,5:55 AM,Other impacts,0,LA PORTE,TX,81.0,1,Dawn,Cloudy,Yard,Single Car,1,16943,0,81499,S007,29.682941,-95.038827999999995
NS,131208,2018-09-27,8:51 AM,Other (describe in narrative),0,NORTHUMBERLAND,PA,57.0,2,Day,Clear,Main,,0,0,19322,19322,H221,40.876592000000002,-76.786392000000006
MRL,2020069,2020-07-20,5:18 AM,Derailment,0,HELENA,MT,70.0,1,Dawn,Clear,Main,Freight Train,13,149000,500,149500,E79L,46.647117999999999,-112.301822
UP,0815PC003,2015-08-09,2:43 AM,Derailment,0,ROBERTS,ID,61.0,4,Dark,Clear,Main,Freight Train,23,26274,75000,101274,E53C,43.741925999999999,-112.112661
UP,0615TC011,2015-06-25,8:53 PM,Fire/violent rupture,0,BALDWIN,WI,76.0,2,Day,Clear,Main,Freight Train,40,195427,0,195427,E79L,44.965600999999999,-92.355321000000004
UP,0520GC024,2020-05-27,10:50 PM,Other impacts,0,LAKE CHARLES,LA,66.0,4,Dark,Cloudy,Yard,Yard/switching,5,6182,16868,23207,M599,30.238434000000002,-93.193701000000004
ATK,137645,2015-05-30,3:15 AM,Raking collision,0,RAVENNA,OH,55.0,4,Dark,Clear,Main,Passenger Train - Pulling,79,20480,0,20485,E83C,41.202987999999998,-81.376418999999999
CSX,000171206,2017-08-25,3:07 AM,Derailment,0,FLORENCE,SC,82.0,4,Dark,Clear,Yard,Yard/switching,7,72932,0,72932,M101,34.198275000000002,-79.762501999999998
IC,1086086,2021-10-14,11:30 PM,Side collision,0,CICERO,IL,60.0,4,Dark,Cloudy,Industry,Single Car,2,15580,0,31280,H021,41.832883000000002,-87.732217000000006
ANR,9515,2015-12-13,7:15 AM,Other (describe in narrative),0,LUFKIN,TX,68.0,1,Dawn,Rain,Yard,Cut of cars,0,1120000,2000,1122000,M105,31.366278000000001,-94.757110999999995
UP,1119ST022,2019-11-25,10:24 AM,Derailment,0,LORDSBURG,NM,49.0,2,Day,Cloudy,Yard,Freight Train,10,3249,19618,22867,E26C,32.346469999999997,-108.692218
CP,1000457040,2016-10-05,12:45 PM,Obstruction,0,LA CROSSE,WI,70.0,2,Day,Clear,Main,Freight Train,13,12647,0,12747,H993,43.848790000000001,-91.223912999999996
NS,152878,2023-04-21,1:43 PM,Derailment,0,WEST FAIRVIEW,PA,80.0,2,Day,Clear,Yard,Light loco(s),6,12959,237,13196,H702,40.279833000000004,-76.922471999999999
BNSF,NW0217108,2017-02-15,6:35 AM,Other impacts,0,PASCO,WA,29.0,1,Dawn,Rain,Yard,Yard/switching,10,12201,0,12201,S007,46.271718999999997,-119.10131199999999
UP,0520PN010,2020-05-15,9:03 AM,Derailment,0,PORTLAND,OR,53.0,2,Day,Cloudy,Industry,Freight Train,10,26706,35360,62066,E06C,45.615555000000001,-122.76528500000001
BNSF,NW0120110,2020-01-14,3:45 PM,Other impacts,0,PASCO,WA,25.0,2,Day,Clear,Yard,Yard/switching,7,50950,0,50950,S016,46.272559000000001,-119.10241600000001
BNSF,NW0222114,2022-02-20,5:18 PM,Derailment,0,SPOKANE,WA,20.0,3,Dusk,Clear,Yard,Yard/switching,8,43912,500,44412,H310,47.669485999999999,-117.340889
BNSF,NW0221108,2021-02-15,5:50 PM,Derailment,0,SEATTLE,WA,39.0,3,Dusk,Rain,Industry,Light loco(s),3,34720,1000,35720,M101,47.571094000000002,-122.36452199999999
PAL,2021MAY3D,2021-05-19,10:40 AM,Derailment,0,FORT KNOX,KY,82.0,2,Day,Cloudy,Yard,Freight Train,1,800,11500,12300,H307,37.918039,-85.960114000000004
UP,0322RM005,2022-03-09,3:10 PM,Derailment,0,GREEN RIVER,WY,21.0,2,Day,Cloudy,Yard,Yard/switching,4,44854,57110,101964,H607,41.519837000000003,-109.452603
CSX,000207436,2022-09-23,4:00 PM,Side collision,0,GRAFTON,WV,56.0,2,Day,Clear,Yard,Freight Train,6,107201,112,152845,H306,39.340043000000001,-80.018074999999996
UP,1119GL025,2019-11-17,6:11 AM,Other impacts,0,ALTOONA,WI,34.0,1,Dawn,Cloudy,Yard,Yard/switching,1,19508,0,19508,H312,44.806747000000001,-91.429066000000006
UP,0321SX023,2021-03-28,7:10 PM,Derailment,0,KIRBY,TX,70.0,3,Dusk,Clear,Main,Yard/switching,5,9403,2744,12147,M409,29.465890000000002,-98.396064999999993
UP,1219PN010,2019-12-10,1:46 AM,Other impacts,0,FIFE,WA,38.0,4,Dark,Fog,Yard,Freight Train,0,200,0,17092,H607,47.238104,-122.386628
BNSF,NW0220107,2020-02-10,1:00 PM,Rear end collision,0,SEATTLE,WA,48.0,2,Day,Clear,Main,Maint./inspect Car,0,100000,0,101500,H402,47.477857999999998,-122.25338499999999
NS,155487,2024-01-20,3:30 PM,Derailment,0,RED JACKET,WV,8.0,2,Day,Snow,Industry,Freight Train,6,48209,920,49129,M101,37.690508000000001,-82.086331999999999
KNWA,180518003,2018-05-18,6:05 AM,Other (describe in narrative),0,ROBSON,WV,60.0,1,Dawn,Rain,Main,Freight Train,11,109000,0,109000,H020,38.012825999999997,-81.203824999999995
CSX,000214763,2023-11-27,4:47 PM,Raking collision,0,SKIPPERS,VA,50.0,3,Dusk,Clear,Industry,Freight Train,2,9616,577,136601,M501,36.621467000000003,-77.552469000000002
BNSF,TC0723106,2023-07-24,12:05 PM,Derailment,0,SUPERIOR,WI,75.0,2,Day,Cloudy,Yard,Yard/switching,5,61805,3000,64805,H318,46.708111000000002,-92.113232999999994
UP,1021GC023,2021-10-09,5:24 PM,Other impacts,0,MARINGOUIN,LA,85.0,2,Day,Clear,Yard,Yard/switching,5,55,0,39983,M411,30.526183,-91.554981999999995
UP,0518FW020,2018-05-14,4:00 PM,Hwy-rail crossing,0,MONAHANS,TX,90.0,2,Day,Cloudy,Main,Freight Train,60,60587,303600,364187,M302,31.550975000000001,-103.054508
BNSF,PR0517107,2017-05-14,4:20 AM,Other impacts,0,KIRBY,WY,34.0,1,Dawn,Clear,Siding,Freight Train,6,14000,0,14000,H318,43.813254000000001,-108.19094800000001
BNSF,NW1220113,2020-12-22,11:40 AM,Derailment,3,CUSTER,WA,30.0,2,Day,Fog,Yard,Freight Train,7,1099108,100000,1199108,M502,48.916497999999997,-122.63969899999999
NS,123485,2017-01-09,12:15 PM,Derailment,0,FAIRLAWN,VA,10.0,2,Day,Clear,Main,Freight Train,3,1875,20132,22007,H306,37.141691000000002,-80.553355999999994
NS,134219,2019-06-06,9:40 AM,Hwy-rail crossing,0,PRICHARD,WV,72.0,2,Day,Clear,Main,Freight Train,44,16,96419,96435,M303,38.222095000000003,-82.602763999999993
BNSF,NW0118103,2018-01-12,1:12 AM,Derailment,0,CHENEY,WA,32.0,4,Dark,Cloudy,Yard,Freight Train,7,3800,9000,12800,H607,47.482519000000003,-117.580748
BNSF,TC0118112,2018-01-18,2:30 PM,Obstruction,0,WARREN,MN,25.0,2,Day,Clear,Main,Freight Train,23,10000,0,160000,H221,48.192404000000003,-96.769531000000001
BNSF,TC0820108,2020-08-20,2:30 AM,Other impacts,0,GRAND FORKS,ND,60.0,4,Dark,Clear,Yard,Yard/switching,5,21908,0,21908,H318,47.918090999999997,-97.073620000000005
UP,0415DV013,2015-04-25,1:10 AM,Derailment,0,CHEYENNE,WY,40.0,4,Dark,Clear,Yard,Freight Train,4,7997,4561,12558,H702,41.126609000000002,-104.821749
BNSF,PR1016109,2016-10-20,10:50 AM,Derailment,0,WRIGHT,WY,46.0,2,Day,Clear,Industry,Freight Train,0,20000,5000,25000,H607,43.728552999999998,-105.361189
UP,0818FW014,2018-08-09,11:30 AM,Obstruction,0,WOODWAY,TX,95.0,2,Day,Clear,Industry,Freight Train,6,7180,20253,27433,T220,31.496314999999999,-97.211190000000002
CP,1000259764,2015-05-14,11:58 AM,Fire/violent rupture,0,MILWAUKEE,WI,51.0,2,Day,Clear,Main,,0,0,0,600000,M406,43.032837999999998,-87.91189
CSX,000203943,2022-03-31,1:00 PM,Derailment,0,NASHVILLE,TN,48.0,2,Day,Cloudy,Industry,Yard/switching,4,26151,502,26653,M405,36.171066000000003,-86.779487000000003
BNSF,NW0124109,2024-01-17,3:23 AM,Derailment,0,EVERETT,WA,30.0,4,Dark,Cloudy,Yard,Yard/switching,3,154,17473,17627,M101,48.002837999999997,-122.18648399999999
NS,118190,2015-11-13,5:00 AM,Derailment,0,WEST NORRITON,PA,55.0,1,Dawn,Clear,Yard,Yard/switching,10,64009,0,64009,H702,40.115085999999998,-75.395279000000002
UP,0518FW008,2018-05-08,3:37 AM,Derailment,0,FORT WORTH,TX,72.0,4,Dark,Clear,Yard,Yard/switching,10,19698,0,21783,M101,32.719116,-97.386025000000004
CSX,000149045,2015-07-10,5:50 PM,Obstruction,0,MEADOW CREEK,WV,72.0,2,Day,Clear,Main,Maint./inspect Car,0,0,0,45050,H402,37.798181999999997,-80.920174000000003
UP,0319PN012,2019-03-14,7:53 PM,Derailment,0,RITZVILLE,WA,38.0,3,Dusk,Cloudy,Main,Freight Train,45,1242045,239956,1482001,M101,46.838403999999997,-118.138695
UP,0321GP040,2021-03-24,4:50 AM,Derailment,0,DOUGLAS,WY,40.0,1,Dawn,Clear,Main,Freight Train,25,38271,0,113271,E44C,43.045887,-105.26929
BNSF,TC0323108,2023-03-13,10:30 PM,Derailment,0,SUPERIOR,WI,15.0,4,Dark,Cloudy,Yard,Yard/switching,5,1599,10000,11599,M404,46.722465,-92.112443999999996
UP,0515DV023,2015-05-31,12:32 AM,Fire/violent rupture,0,GREEN RIVER,WY,45.0,4,Dark,Clear,Main,Freight Train,20,15826,0,15826,E73L,41.553018999999999,-109.53314899999999
WC,911716,2017-01-21,8:40 AM,Derailment,0,GARY,IN,45.0,2,Day,Cloudy,Yard,Yard/switching,10,53176,171890,225066,E29C,41.610306000000001,-87.351146999999997
BNSF,NW0123109,2023-01-09,8:05 PM,Derailment,0,SEATTLE,WA,40.0,3,Dusk,Rain,Yard,Yard/switching,6,40000,425147,465147,M503,47.572719999999997,-122.336917
ATK,165917,2020-11-27,12:15 AM,Other (describe in narrative),0,BOWIE,MD,50.0,4,Dark,Clear,Main,Passenger Train - Pulling,115,256892,0,256892,E71L,39.004339999999999,-76.78519
CSX,000157530,2016-02-28,12:20 PM,Raking collision,0,NASHVILLE,TN,62.0,2,Day,Clear,Yard,Cut of cars,8,20598,0,22640,E04C,36.112141999999999,-86.770736999999997
WC,1133640,2023-06-02,4:50 PM,Rear end collision,0,CADOTT,WI,85.0,2,Day,Rain,Siding,Freight Train,0,0,5702,175806,H301,44.948196000000003,-91.106528999999995
BNSF,NW0218110,2018-02-24,5:35 AM,Derailment,0,PASCO,WA,28.0,1,Dawn,Cloudy,Yard,Freight Train,3,5100,6000,11100,T221,46.270564,-119.102734
BNSF,PR0420106,2020-04-23,4:05 AM,Derailment,0,BILL,WY,42.0,1,Dawn,Clear,Main,,0,0,60800,174586,E34C,43.304859,-105.32145800000001
ATK,179336,2024-04-13,10:01 AM,Raking collision,0,LAKEWOOD,WA,48.0,2,Day,Clear,Main,Passenger Train - Pulling,50,33671,0,33671,E89C,47.153827999999997,-122.49802099999999
CSX,000179700,2018-11-06,1:06 PM,Fire/violent rupture,0,SANDSTONE,WV,77.0,2,Day,Clear,Main,Freight Train,30,30000,0,30000,E74L,37.730431000000003,-80.898543000000004
UP,0220GL021,2020-02-13,12:40 PM,Hwy-rail crossing,0,WYEVILLE,WI,7.0,2,Day,Clear,Main,Freight Train,46,18237,66,18303,M303,44.025143999999997,-90.236604
BNSF,NW0921118,2021-09-26,2:36 AM,Other impacts,0,PASCO,WA,65.0,4,Dark,Clear,Yard,Yard/switching,5,85688,0,91388,E30C,46.272863000000001,-119.102435
UP,0121HO004,2021-01-06,8:35 PM,Other impacts,0,LA PORTE,TX,58.0,4,Dark,Cloudy,Yard,Yard/switching,4,88816,3060,93184,S007,29.685851,-95.038835000000006
UP,0215KC009,2015-02-12,1:00 AM,Fire/violent rupture,0,INDEPENDENCE,MO,31.0,4,Dark,Cloudy,Main,Freight Train,35,121408,33,121441,E73L,39.087927999999998,-94.433891000000003
BNSF,KS1018108,2018-10-10,7:45 PM,Derailment,0,DODGE CITY,KS,46.0,3,Dusk,Clear,Yard,Yard/switching,6,12845,1500,14345,H318,37.750830999999998,-99.994056999999998
UP,0816DV002,2016-08-02,3:00 AM,Other impacts,0,GREEN RIVER,WY,54.0,4,Dark,Clear,Yard,Yard/switching,10,12092,0,12236,H602,41.525474000000003,-109.467046
BNSF,NW1122108,2022-11-05,1:10 AM,Derailment,0,TACOMA,WA,45.0,4,Dark,Clear,Yard,Yard/switching,7,61353,65000,126353,H307,47.243422000000002,-122.41121
UP,1218GL021,2018-12-14,10:00 AM,Other impacts,0,SUPERIOR,WI,30.0,2,Day,Clear,Yard,Yard/switching,5,14383,1057,89972,H021,46.661583,-92.004868000000002
BNSF,NW0217115,2017-02-09,2:56 PM,Obstruction,0,VANCOUVER,WA,59.0,2,Day,Clear,Main,,0,0,0,22397,M404,45.615299999999998,-122.614507
BNSF,CH0717110,2017-07-24,9:15 AM,Derailment,0,CHICAGO,IL,75.0,2,Day,Clear,Yard,,0,0,4500,108500,H310,41.868741,-87.637724000000006
PTRA,2020000007,2020-04-30,10:25 AM,Derailment,0,HOUSTON,TX,74.0,2,Day,Clear,Main,Freight Train,10,4000,21000,25000,H525,29.721488000000001,-95.281150999999994
BNSF,TC1221111,2021-12-28,10:10 PM,Derailment,0,SUPERIOR,WI,0.0,4,Dark,Clear,Yard,Yard/switching,3,47306,30046,77352,H020,46.722110000000001,-92.112458000000004
UP,0820TO022,2020-08-19,2:55 PM,Other impacts,0,FORT WORTH,TX,92.0,2,Day,Clear,Yard,Yard/switching,4,25630,0,27787,H312,32.724488000000001,-97.373604999999998
UP,0319GC027,2019-03-08,1:00 AM,Other (describe in narrative),0,HOUSTON,TX,79.0,4,Dark,Clear,Yard,Single Car,0,43693,0,43693,M411,29.816372000000001,-95.287890000000004
NS,121630,2016-08-09,4:30 PM,Obstruction,0,WAR,WV,90.0,3,Dusk,Clear,Main,Spec. MoW Equip.,0,48000,0,68000,H997,37.340842000000002,-81.716882999999996
CRSH,122688,2016-11-06,5:45 PM,Raking collision,0,NEWARK,NJ,52.0,3,Dusk,Clear,Yard,Single Car,0,26081,0,71062,S016,40.708914999999998,-74.138801999999998
WC,1132478,2023-05-05,1:10 PM,Side collision,0,WISCONSIN RAPIDS,WI,50.0,2,Day,Cloudy,Yard,Yard/switching,3,27847,0,31977,H318,44.405825999999998,-89.834518000000003
BNSF,NW0323115,2023-03-25,10:11 PM,Derailment,0,PASCO,WA,36.0,4,Dark,Clear,Yard,Yard/switching,2,24977,2000,26977,E34C,46.283864000000001,-119.10942799999999
UP,1222GL008,2022-12-08,4:40 PM,Derailment,0,FRIENDSHIP,WI,33.0,2,Day,Cloudy,Yard,Yard/switching,2,18686,2054,20740,H518,43.960425999999998,-89.846562000000006
NJTR,202001043,2020-01-21,6:07 PM,Hwy-rail crossing,0,SLOATSBURG,NY,26.0,4,Dark,Clear,Main,Commuter Train - Pulling,51,797904,0,829899,M303,41.167997999999997,-74.191415000000006
NS,118864,2016-01-11,4:40 AM,Derailment,0,NORFOLK,VA,33.0,1,Dawn,Clear,Yard,Yard/switching,0,11396,100,11496,M411,36.875898999999997,-76.316873000000001
UP,0618UT007,2018-06-06,9:15 AM,Hwy-rail crossing,0,LYMAN,WY,60.0,2,Day,Clear,Main,Maint./inspect Car,0,200000,0,234893,M302,41.437266999999999,-110.42906600000001
UP,0123HL017,2023-01-24,5:30 PM,Derailment,0,DALHART,TX,32.0,2,Day,Clear,Yard,Freight Train,4,64372,1965,76590,T212,36.105629,-102.456464
NS,126906,2017-10-05,1:15 PM,Other (describe in narrative),0,PINEVILLE,WV,70.0,2,Day,Clear,Industry,Freight Train,1,15548,0,15548,M404,37.579999999999998,-81.530000000000001
CSX,000190663,2020-06-06,4:33 AM,Side collision,0,NORTH BALTIMORE,OH,66.0,1,Dawn,Cloudy,Yard,Freight Train,10,8867,0,141168,H607,41.182015999999997,-83.684342000000001
UP,0819ST014,2019-08-12,12:35 PM,Derailment,0,EL PASO,TX,90.0,2,Day,Clear,Yard,Light loco(s),4,65861,8883,74744,H704,31.756675999999999,-106.391597
CGIV,20180129,2018-01-29,2:08 PM,Derailment,0,CHANNELVIEW,TX,62.0,2,Day,Clear,Industry,,0,0,45000,145000,M507,29.747174999999999,-95.117206999999993
CSX,000164905,2016-12-06,5:48 AM,Obstruction,0,QUANTICO,VA,44.0,1,Dawn,Clear,Main,,0,0,0,13707,M402,38.438327999999998,-77.338245000000001
NS,126469,2017-05-05,3:06 AM,Obstruction,0,SENECA,SC,60.0,4,Dark,Clear,Main,,0,0,0,65362,M404,34.677692999999998,-83.022531999999998
UP,0823GP015,2023-08-08,8:43 AM,Derailment,0,CHEYENNE,WY,55.0,2,Day,Clear,Yard,Freight Train,8,5764,230996,236760,E65C,41.132590999999998,-104.799446
BNSF,PR0520107,2020-05-11,3:00 PM,Broken train collision,0,GILLETTE,WY,45.0,2,Day,Clear,Main,Spec. MoW Equip.,0,30000,0,243667,H008,44.216403999999997,-105.293504
CSX,000176496,2018-05-16,12:30 PM,Other impacts,0,SELKIRK,NY,66.0,2,Day,Cloudy,Yard,Cut of cars,14,105055,0,105055,M407,42.565902999999999,-73.854184000000004
BNSF,NW0520114,2020-05-28,3:30 PM,Derailment,0,LONGVIEW,WA,80.0,2,Day,Clear,Yard,,0,0,16964,43441,H607,46.104599999999998,-122.88843199999999
BNSF,PR0120117,2020-01-30,2:20 PM,Derailment,0,GILLETTE,WY,20.0,2,Day,Snow,Industry,Freight Train,10,295167,0,295167,T222,44.391429000000002,-105.45736599999999
CSX,000151446,2015-08-30,4:30 AM,Other impacts,0,PHILADELPHIA,PA,89.0,2,Day,Clear,Yard,Cut of cars,0,8542,0,21944,H318,39.898851999999998,-75.167385999999993
BNSF,CH1016201,2016-10-06,9:40 AM,Hwy-rail crossing,0,COAL CITY,IL,64.0,2,Day,Rain,Main,Freight Train,62,500,20000,20500,M302,41.257309999999997,-88.355648000000002
NS,137063,2020-02-06,6:00 AM,Derailment,0,BOUND BROOK,NJ,36.0,1,Dawn,Clear,Main,Freight Train,25,15357,0,556768,E53C,38.752287000000003,-77.461641
WC,934286,2017-08-29,5:30 AM,Hwy-rail crossing,0,WEYERHAUSER,WI,59.0,1,Dawn,Fog,Main,Light loco(s),31,75000,18155,93155,M302,45.430689999999998,-91.460059000000001
BNSF,MT1117104,2017-11-20,1:55 AM,Derailment,0,SHELBY,MT,21.0,4,Dark,Clear,Industry,Freight Train,5,23000,19000,42000,H607,48.475577999999999,-111.832347
PR,2024020202,2024-02-28,5:30 PM,Other impacts,0,NORTH CHARLESTON,SC,61.0,3,Dusk,Clear,Yard,Cut of cars,2,8670,0,20671,H018,32.897269999999999,-79.979510000000005
BNSF,PR1217106,2017-12-06,1:30 PM,Obstruction,0,NEWCASTLE,WY,30.0,2,Day,Cloudy,Main,Maint./inspect Car,13,70000,500,70500,H997,43.692467999999998,-104.123205
UP,0424RM031,2024-04-25,1:30 PM,Obstruction,0,GREEN RIVER,WY,62.0,2,Day,Cloudy,Yard,Yard/switching,5,6378,1694,42468,M404,41.519751999999997,-109.449866
UP,0416TC003,2016-04-22,11:10 AM,Other (describe in narrative),0,ALTOONA,WI,50.0,2,Day,Cloudy,Industry,Freight Train,6,0,15533,15533,H601,44.85031,-91.587027000000006
UP,1219GC013,2019-12-17,1:20 PM,Hwy-rail crossing,0,DAYTON,TX,50.0,2,Day,Clear,Main,,0,0,249,45311,M302,30.059172,-94.992737000000005
TMBL,02082020A,2020-02-08,6:20 PM,Side collision,0,TACOMA,WA,50.0,4,Dark,Cloudy,Yard,Yard/switching,8,15000,0,63500,H310,47.247734000000001,-122.386653
NS,156105,2024-03-09,10:00 AM,Derailment,0,JENKINJONES,WV,50.0,2,Day,Clear,Industry,Freight Train,2,13000,34033,47033,M101,37.299768,-81.475268999999997
BNSF,RD1219114,2019-12-06,10:20 PM,Other impacts,0,DALLAS,TX,48.0,4,Dark,Clear,Industry,,0,0,19500,126161,H302,32.75506,-96.778976
UP,0318HO025,2018-03-11,8:00 AM,Other (describe in narrative),0,HOUSTON,TX,75.0,2,Day,Cloudy,Yard,Single Car,0,22761,0,22761,M201,29.810631000000001,-95.288026000000002
WSOR,230213004,2023-02-13,10:10 PM,Other impacts,0,HORICON,WI,34.0,4,Dark,Clear,Yard,Single Car,3,1887,0,13887,H018,43.449154,-88.647673999999995
NS,140378,2021-01-25,9:38 PM,Derailment,0,CHARLESTOWN,WV,31.0,4,Dark,Sleet,Main,Freight Train,41,953836,184323,1138159,E27C,39.244455000000002,-77.905270000000002
WSOR,220713006,2022-07-13,7:00 PM,Derailment,0,HORICON,WI,77.0,3,Dusk,Clear,Yard,Freight Train,8,97654,15130,112784,E4TC,43.452576999999998,-88.646058999999994
UP,0823GL050,2023-08-30,9:30 PM,Other impacts,0,SUPERIOR,WI,64.0,4,Dark,Clear,Yard,Freight Train,2,102981,6240,109221,H307,46.681168999999997,-92.018752000000006
UP,0920RM008,2020-09-10,11:29 AM,Other impacts,0,SINCLAIR,WY,35.0,2,Day,Snow,Industry,Single Car,0,3200,0,195863,H702,41.778131000000002,-107.108835
UP,0818DV020,2018-08-20,12:00 PM,Other (describe in narrative),0,GREEN RIVER,WY,75.0,2,Day,Clear,Yard,Single Car,0,67840,0,67840,H312,41.526826999999997,-109.46981700000001
CSX,000173638,2017-12-23,9:00 PM,Derailment,0,CHARLESTON,WV,50.0,4,Dark,Cloudy,Yard,Yard/switching,5,13292,328,13620,H702,38.349454000000001,-81.643763000000007
BNSF,NW1023113,2023-10-19,12:01 AM,Derailment,0,SPOKANE,WA,45.0,4,Dark,Clear,Yard,Yard/switching,10,79395,0,79395,M501,47.670966999999997,-117.333223
UP,0719PN015,2019-07-16,10:20 PM,Other impacts,0,SPOKANE,WA,72.0,4,Dark,Cloudy,Yard,Cut of cars,0,32074,0,393753,H515,47.658470000000001,-117.345735
NS,151492,2022-11-17,11:00 AM,Hwy-rail crossing,0,PARIS,MO,40.0,2,Day,Clear,Main,Freight Train,49,238592,237953,476545,M303,39.484909999999999,-92.000105000000005
ATK,155863,2018-10-16,9:50 PM,Derailment,0,SEATTLE,WA,49.0,4,Dark,Clear,Yard,Yard/switching,5,9180,2200,11380,H303,47.586210000000001,-122.32765999999999
UP,0323GL029,2023-03-27,3:30 AM,Derailment,0,SUPERIOR,WI,29.0,4,Dark,Cloudy,Main,,0,0,10734,24734,H503,46.729284,-92.107118999999997
NIRC,2018070550,2018-02-08,6:20 PM,Other impacts,0,CHICAGO,IL,12.0,3,Dusk,Cloudy,Main,Commuter Train - Pushing,10,13887,0,13887,M402,41.922942999999997,-87.804820000000007
MRSR,24001,2024-01-12,2:32 AM,Derailment,0,MINERAL,WA,20.0,4,Dark,Snow,Yard,Cut of cars,15,5000,10000,15000,E08C,46.714384000000003,-122.159746
WSOR,230213004,2023-02-13,10:10 PM,Other impacts,0,HORICON,WI,34.0,4,Dark,Clear,Yard,Freight Train,6,9800,2200,13887,H018,43.449154,-88.647673999999995
UP,1214FW002,2014-12-04,2:55 PM,Hwy-rail crossing,0,ODESSA,TX,65.0,2,Day,Clear,Main,Freight Train,61,21366,0,21366,M302,31.719148000000001,-102.63081
BNSF,NW0624109,2024-06-22,3:32 PM,Derailment,0,SEATTLE,WA,72.0,2,Day,Clear,Yard,Cut of cars,0,1651,0,298335,H607,47.656654000000003,-122.386796
WSOR,D752115,2015-04-20,8:55 PM,Derailment,0,JANESVILLE,WI,28.0,4,Dark,Clear,Main,Freight Train,8,265486,7808,273294,T220,42.665039999999998,-89.013289999999998
NS,154729,2023-11-08,4:45 AM,Derailment,0,FRONT ROYAL,VA,54.0,1,Dawn,Clear,Main,DMU,37,64164,0,64164,E53C,38.913499000000002,-78.107979
WC,1126344,2023-02-26,9:20 AM,Derailment,0,HAWTHORNE,WI,21.0,2,Day,Clear,Main,Freight Train,10,4509,400254,404763,E61C,46.530760000000001,-91.886330000000001
BNSF,PR0715111,2015-07-24,8:32 PM,Derailment,0,NEWCASTLE,WY,59.0,3,Dusk,Rain,Main,Freight Train,19,382273,15748,398021,M105,43.841495999999999,-104.178004
BNSF,KS0215107,2015-02-20,3:50 AM,Side collision,0,AMARILLO,TX,27.0,4,Dark,Clear,Industry,Yard/switching,6,50300,0,70525,H307,35.226438999999999,-101.740386
WER,020120D,2020-02-01,2:30 AM,Derailment,0,DAVENPORT,WA,32.0,4,Dark,Clear,Yard,Freight Train,10,7040,5800,12840,T213,47.654000000000003,-118.15000000000001
UP,0118HO037,2018-01-28,7:00 AM,Derailment,0,HOUSTON,TX,50.0,2,Day,Clear,Yard,Light loco(s),5,18620,800,19420,T212,29.822177,-95.290053999999998
UP,0423RM030,2023-04-28,4:25 PM,Other impacts,0,SALT LAKE CITY,UT,67.0,2,Day,Clear,Yard,Yard/switching,2,13019,0,23083,E20C,40.724454000000001,-111.90857800000001
NS,136796,2020-01-10,12:45 PM,Derailment,0,DECATUR,IL,40.0,2,Day,Rain,Yard,Yard/switching,8,4600,108899,113499,E04C,39.852179,-88.918353999999994
CSX,000170362,2017-07-19,10:00 PM,Other impacts,0,LOUISVILLE,KY,82.0,4,Dark,Clear,Yard,Yard/switching,8,141438,0,174815,H020,38.160708999999997,-85.749173999999996
CSX,000171937,2017-09-29,6:50 PM,Side collision,0,NEW MARTINSVILLE,WV,71.0,3,Dusk,Clear,Yard,Yard/switching,0,8612,0,30660,H318,39.634444999999999,-80.864151000000007
BNSF,PR0515101,2015-05-06,12:01 PM,Derailment,0,GUERNSEY,WY,54.0,2,Day,Cloudy,Yard,Freight Train,8,340191,40000,380191,E65C,42.256993000000001,-104.680774
BNSF,PR0521111,2021-05-26,3:40 PM,Rear end collision,0,POWDER RIVER,WY,65.0,2,Day,Clear,Main,Spec. MoW Equip.,0,125000,0,150000,H997,43.030338999999998,-106.797748
NS,139672,2020-11-08,3:50 AM,Derailment,0,ROCKY GAP,WV,38.0,4,Dark,Clear,Main,Freight Train,17,985972,20430,1006402,H508,37.301352999999999,-81.074772999999993
IORY,IOR345323D,2023-03-03,8:15 PM,Derailment,0,DELTA,OH,37.0,4,Dark,Clear,Main,Freight Train,5,40000,7850,47850,E53C,41.570622,-84.032784000000007
NS,144459,2022-02-19,2:15 AM,Other (describe in narrative),0,NORTHFORK,WV,18.0,4,Dark,Clear,Main,Freight Train,14,2430,26570,29000,E30C,37.405647000000002,-81.421709000000007
NS,134796,2019-07-20,5:45 PM,Derailment,0,ECKMAN,WV,93.0,3,Dusk,Clear,Main,Freight Train,4,857247,55523,912770,H503,37.405864000000001,-81.463517999999993