reportingrailroadcode,accidentnumber,date,time,accidenttype,hazmatreleasedcars,station,stateabbr,temperature,visibility_code,visibility,weathercondition,tracktype,equipmenttype,trainspeed,equipmentdamagecost,trackdamagecost,totaldamagecost,primaryaccidentcausecode,latitude,longitude
BNSF,RD0724129,2024-07-26,7:05 AM,Derailment,0,SILSBEE,TX,75.0,1,Dawn,Cloudy,Yard,Yard/switching,8,137369,3500,147342,M505,30.356083000000002,-94.194530999999998
BNSF,NW0323107,2023-03-11,6:30 AM,Derailment,0,BELLINGHAM,WA,40.0,1,Dawn,Rain,Main,Freight Train,20,35433,155000,190433,M404,48.663508,-122.49871899999999
WN,09112015,2015-09-11,10:10 AM,Side collision,0,CHIPPEWA FALLS,WI,60.0,2,Day,Clear,Industry,Single Car,3,2698,12400,27498,H018,44.951833999999998,-91.369964999999993
UP,0518NP043,2018-05-31,5:25 PM,Fire/violent rupture,0,HILLSDALE,WY,75.0,2,Day,Clear,Main,Freight Train,48,14674,0,14674,E74L,41.214725000000001,-104.507192
BNSF,NW1120122,2020-11-29,2:30 PM,Derailment,0,AUBURN,WA,45.0,2,Day,Fog,Yard,Light loco(s),5,16837,1500,18337,H704,47.276628000000002,-122.22974000000001
UP,0918PR016,2018-09-15,7:28 AM,Derailment,0,DOLTON,IL,72.0,2,Day,Cloudy,Yard,Light loco(s),8,2500,20768,23268,M404,41.618068000000001,-87.611014999999995
UP,0615LV007,2015-06-13,3:50 AM,Derailment,0,AVONDALE,LA,78.0,4,Dark,Cloudy,Yard,Cut of cars,0,4401,0,20557,H601,29.918620000000001,-90.187971000000005
UP,0620TO044,2020-06-27,6:05 PM,Derailment,0,BIG SPRING,TX,94.0,3,Dusk,Clear,Industry,Yard/switching,2,12165,5044,17209,H307,32.271529999999998,-101.41439099999999
UP,0617DV010,2017-06-16,1:37 PM,Derailment,0,GRANITE CANON,WY,77.0,2,Day,Cloudy,Industry,Work train,1,152815,132,152947,M101,41.099071000000002,-105.16824200000001
CSX,000171227,2017-08-26,2:00 AM,Other impacts,0,NORTH CHARLESTON,SC,75.0,4,Dark,Clear,Yard,Cut of cars,10,11363,942,23003,H318,32.865161999999998,-79.999369000000002
BNSF,KS0724205,2024-07-31,10:21 AM,Hwy-rail crossing,0,FRIONA,TX,86.0,2,Day,Clear,Main,Freight Train,46,5000,22000,27000,M302,34.595784000000002,-102.781063
UP,0316DV005,2016-03-14,9:41 PM,Head on collision,0,GRANGER,WY,20.0,4,Dark,Clear,Siding,Freight Train,0,960430,58996,2116526,H405,41.617227,-109.925037
CSX,000193972,2020-11-19,10:30 PM,Derailment,0,KIRKVILLE,NY,40.0,4,Dark,Cloudy,Main,Freight Train,4,6181,12296,18477,E46C,43.075510000000001,-75.990392
BNSF,HL0417103,2017-04-05,5:25 PM,Derailment,0,LINCOLN,NE,56.0,2,Day,Clear,Yard,Yard/switching,6,11265,0,11265,H506,40.807966999999998,-96.726759999999999
UP,0919PN024,2019-09-13,4:04 AM,Other (describe in narrative),0,PORTLAND,OR,62.0,1,Dawn,Cloudy,Industry,Single Car,0,31266,0,31266,M504,45.605133000000002,-122.749015
UP,1118DV002,2018-11-10,11:15 AM,Derailment,0,CHEYENNE,WY,46.0,2,Day,Cloudy,Yard,Yard/switching,9,93930,40297,391108,H019,41.127811999999999,-104.817008
CP,1000457040,2016-10-05,12:45 PM,Obstruction,0,LA CROSSE,WI,70.0,2,Day,Clear,Siding,Spec. MoW Equip.,0,100,0,12747,H993,43.878790000000002,-91.223912999999996
UP,0322RM010,2022-03-16,11:50 PM,Other impacts,0,GREEN RIVER,WY,29.0,4,Dark,Cloudy,Yard,Yard/switching,4,10364,150,66936,M599,41.525033000000001,-109.464208
BNSF,NW0223111,2023-02-27,6:45 PM,Derailment,0,VANCOUVER,WA,35.0,3,Dusk,Rain,Yard,Yard/switching,4,8846,12000,20846,H702,45.640883000000002,-122.686605
CSX,000145311,2015-04-22,10:31 PM,Derailment,0,PARKERSBURG,WV,41.0,4,Dark,Clear,Main,Freight Train,6,34810,300,35110,E67C,39.267578,-81.564646999999994
BNSF,NW0621103,2021-06-06,1:10 AM,Other impacts,0,CUSTER,WA,50.0,4,Dark,Cloudy,Industry,Freight Train,2,350,12474,12824,H510,48.834113000000002,-122.70466500000001
BNSF,CH0719101,2019-07-01,9:17 AM,Obstruction,0,GLEN HAVEN,WI,79.0,2,Day,Clear,Main,Freight Train,37,805038,204000,1009038,M101,42.820838999999999,-91.076659000000006
UP,1122RM012,2022-11-09,6:50 PM,Derailment,0,RAWLINS,WY,30.0,3,Dusk,Snow,Yard,Freight Train,4,56256,2643,58899,H307,41.786813000000002,-107.237623
RJCV,RJCV2001,2020-02-14,1:35 PM,Derailment,0,MOUNT HOPE,WV,35.0,2,Day,Clear,Main,Freight Train,7,25300,9000,34300,T212,37.9206,-81.158000000000001
UP,0721SX001,2021-07-02,11:54 AM,Derailment,0,UVALDE,TX,84.0,2,Day,Cloudy,Main,Freight Train,34,56025,9500,65525,E53C,29.241952999999999,-99.914679000000007
NS,118271,2015-11-19,11:10 AM,Derailment,0,LANCASTER,PA,62.0,2,Day,Rain,Yard,Yard/switching,4,38003,1500,39503,H702,40.057558,-76.331143999999995
NS,124424,2017-03-21,2:30 AM,Derailment,0,MEMPHIS,TN,63.0,4,Dark,Clear,Yard,Yard/switching,3,11887,2277,14164,H702,35.115734000000003,-89.981446000000005
ATK,156667,2018-12-10,5:35 PM,Hwy-rail crossing,0,SHENANDOAH JUNCTION,WV,32.0,4,Dark,Clear,Main,Passenger Train - Pulling,60,66884,0,66884,M302,39.362898999999999,-77.864880999999997
CSX,000150056,2015-07-31,3:53 AM,Derailment,0,WILLARD,OH,65.0,4,Dark,Clear,Yard,Freight Train,2,16123,0,69900,H018,41.058951,-82.718557000000004
WC,963713,2018-06-24,5:45 PM,Rear end collision,0,STEVENS POINT,WI,75.0,2,Day,Clear,Yard,Yard/switching,4,45500,7063,57063,H702,44.512957999999998,-89.563293000000002
UP,0618NP016,2018-06-13,7:31 PM,Derailment,0,NORTH PLATTE,NE,80.0,2,Day,Cloudy,Yard,Yard/switching,4,31381,5040,36421,M411,41.152459,-100.822993
CP,1000643744,2017-10-28,10:39 PM,Side collision,0,FALL RIVER,WI,34.0,4,Dark,Cloudy,Industry,Yard/switching,4,56189,350,97420,H018,43.404111999999998,-89.097616000000002
BNSF,NW0720114,2020-07-27,8:20 PM,Rear end collision,0,WILSON CREEK,WA,100.0,3,Dusk,Clear,Main,Spec. MoW Equip.,0,75000,0,75250,H997,47.426040999999998,-119.264702
BNSF,NW0919103,2019-09-04,8:40 AM,Derailment,0,SEATTLE,WA,70.0,1,Dawn,Clear,Yard,Single Car,0,500,0,72523,H306,47.643475000000002,-122.381516
BNSF,HL1219109,2019-12-22,9:10 AM,Derailment,0,MEMPHIS,TN,33.0,2,Day,Rain,Yard,Yard/switching,4,19745,500,20245,E24C,35.027529000000001,-89.894999999999996
WC,855783,2015-06-17,10:05 PM,Derailment,0,N FOND DU LAC,WI,65.0,4,Dark,Clear,Yard,Yard/switching,7,6591,6742,13333,M599,43.809187999999999,-88.475292999999994
BNSF,PR1218115,2018-12-28,11:32 PM,Derailment,0,MOORCROFT,WY,12.0,4,Dark,Clear,Main,Freight Train,21,10000,255000,265000,E06C,44.187533000000002,-104.821471
UP,1023RM007,2023-10-12,9:00 PM,Other impacts,0,GREEN RIVER,WY,40.0,4,Dark,Cloudy,Yard,Yard/switching,4,26565,0,26565,H312,41.520207999999997,-109.455246
BNSF,TC0118101,2018-01-06,1:45 PM,Other impacts,0,WILLMAR,MN,10.0,2,Day,Cloudy,Yard,Yard/switching,5,49277,0,49277,H310,45.125732999999997,-95.032044999999997
UP,0817ST005,2017-08-05,5:30 AM,Other impacts,0,EL PASO,TX,80.0,4,Dark,Clear,Industry,Freight Train,5,9641,0,14319,H607,31.768163999999999,-106.39313
CSX,000215558,2024-01-14,4:00 AM,Obstruction,0,STAUNTON,VA,31.0,1,Dawn,Clear,Main,Freight Train,30,19258,0,19258,M404,38.147109,-79.090714000000006
BNSF,NW1214111,2014-12-15,12:40 AM,Derailment,0,TACOMA,WA,32.0,4,Dark,Clear,Yard,Freight Train,4,13117,1000,14117,H607,46.894916000000002,-122.8625
NS,122859,2016-11-22,12:30 PM,Derailment,1,EAST CANTON,OH,40.0,2,Day,Clear,Yard,Yard/switching,4,44000,154130,198130,H312,40.818952000000003,-81.313794000000001
UP,0918PR014,2018-09-14,10:25 AM,Hwy-rail crossing,0,GRAND MARSH,WI,79.0,2,Day,Clear,Main,Freight Train,35,29026,66,29092,M303,43.894041999999999,-89.717682999999994
BNSF,SW0816104,2016-08-06,6:00 PM,Derailment,0,GALLUP,NM,82.0,3,Dusk,Clear,Yard,Freight Train,8,22762,500,23262,H607,35.519998000000001,-108.769932
UP,0516NP010,2016-05-12,8:00 PM,Fire/violent rupture,0,SHAWNEE,WY,60.0,3,Dusk,Clear,Main,Freight Train,0,25610,0,25610,E79L,42.868622999999999,-105.244967
CSX,000206240,2022-07-21,11:37 PM,Side collision,0,FEURA BUSH,NY,70.0,4,Dark,Clear,Yard,Freight Train,4,101644,565,102717,H607,42.588585000000002,-73.880729000000002
UP,0922PN012,2022-09-08,5:15 PM,Hwy-rail crossing,0,BURBANK,WA,82.0,2,Day,Cloudy,Main,,0,0,300,300,M303,46.192599999999999,-118.928675
MRL,2020051,2020-05-27,4:15 PM,Obstruction,0,PLAINS,MT,80.0,2,Day,Clear,Industry,Spec. MoW Equip.,0,40000,0,40000,H499,47.522140999999998,-114.994209
BNSF,PR0619110,2019-06-22,12:31 AM,Fire/violent rupture,0,DE BEQUE,CO,51.0,4,Dark,Clear,Main,Freight Train,40,53000,0,53000,E73L,39.330317000000001,-108.214082
SEPA,0717222164,2022-07-17,12:17 PM,Obstruction,0,PHILADELPHIA,PA,80.0,2,Day,Clear,Yard,Maint./inspect Car,0,0,0,12800,H101,40.060062000000002,-75.089665999999994
CSX,000218785,2024-05-11,1:00 AM,Obstruction,0,BETHUNE,SC,77.0,4,Dark,Clear,Main,,0,0,0,40160,M404,34.427897999999999,-80.325164000000001
TRE,20020,2021-10-22,3:57 AM,Other (describe in narrative),0,IRVING,TX,67.0,4,Dark,Clear,Main,Commuter Train - Pushing,65,0,0,0,M402,32.815399999999997,-96.970070000000007
BNSF,CH0817112,2017-08-15,10:25 AM,Derailment,0,LA CROSSE,WI,74.0,2,Day,Clear,Yard,Freight Train,5,14706,0,14706,H307,43.851069000000003,-91.230331000000007
CSX,000171404,2017-09-01,12:30 PM,Derailment,0,ROCHESTER,NY,90.0,2,Day,Clear,Siding,Freight Train,3,27528,32125,59653,H702,43.163423999999999,-77.608977999999993
BNSF,HL0222203,2022-02-08,11:43 PM,Hwy-rail crossing,0,YORK,NE,22.0,4,Dark,Clear,Main,Freight Train,35,12939,1774,14713,M302,40.882775000000002,-97.578114999999997
UP,0520GL017,2020-05-20,4:59 PM,Derailment,0,SUPERIOR,WI,50.0,2,Day,Clear,Yard,Yard/switching,2,318,1663,40765,M405,46.679488999999997,-92.013305000000003
UP,0815PC009,2015-08-27,8:27 AM,Hwy-rail crossing,0,DAYTON,ID,75.0,2,Day,Clear,Main,Freight Train,50,0,30250,30250,M301,42.107598000000003,-111.976837
BNSF,KS0717103,2017-07-19,12:00 PM,Derailment,0,TOPEKA,KS,95.0,2,Day,Clear,Yard,Light loco(s),2,18950,0,18950,E46L,39.055385999999999,-95.638666999999998
NS,152334,2023-02-17,4:00 AM,Other (describe in narrative),0,RED JACKET,WV,35.0,1,Dawn,Rain,Yard,Freight Train,0,183326,19589,202915,M199,37.697986,-82.112476999999998
NS,126894,2017-10-04,10:50 AM,Derailment,0,ALTOONA,PA,68.0,2,Day,Clear,Yard,Yard/switching,5,4407,26933,34855,H306,40.529625000000003,-78.385380999999995
BNSF,PR0123113,2023-01-24,6:01 AM,Derailment,0,SHERIDAN,WY,29.0,1,Dawn,Cloudy,Yard,Freight Train,5,500,11424,11924,E71L,44.809091000000002,-106.952567
ATK,168668,2021-10-11,12:50 PM,Derailment,0,WOODLAND,WA,57.0,2,Day,Cloudy,Main,Passenger Train - Pulling,4,116340,0,118140,H702,45.880974000000002,-122.75355500000001
WN,12222016,2016-12-22,7:30 PM,Derailment,0,CHIPPEWA FALLS,WI,31.0,4,Dark,Clear,Siding,Freight Train,10,9250,11580,20830,H702,44.994283000000003,-91.384230000000002
BNSF,PR0624106,2024-06-24,5:40 PM,Derailment,0,CLEARMONT,WY,96.0,3,Dusk,Clear,Main,Freight Train,26,888922,444000,1332922,M505,44.685836999999999,-106.352644
LS,LS0324113,2024-03-04,11:00 AM,Derailment,0,KELSO,WA,40.0,2,Day,Cloudy,Yard,Yard/switching,10,0,0,23000,E67C,46.119078999999999,-122.92164200000001
BNSF,NW1121109,2021-11-16,1:43 PM,Derailment,0,SUMAS,WA,40.0,2,Day,Rain,Yard,Cut of cars,0,272697,30000,302697,M103,48.999645999999998,-122.26645600000001
BNSF,CH0816121,2016-08-16,3:30 PM,Obstruction,0,COOK,IL,85.0,2,Day,Cloudy,Main,,0,0,0,45528,M404,37.374119999999998,-88.955360999999996
BNSF,NW0622104,2022-06-09,7:05 PM,Derailment,0,SEATTLE,WA,55.0,3,Dusk,Rain,Yard,Freight Train,5,3900,25000,28900,E69C,47.497394999999997,-122.274726
BNSF,NW0723109,2023-07-07,4:14 PM,Other impacts,0,PASCO,WA,95.0,2,Day,Clear,Yard,Yard/switching,10,29100,750,35810,M407,46.266151999999998,-119.100497
NS,144092,2022-01-20,10:00 AM,Other impacts,0,WEST FAIRVIEW,PA,72.0,2,Day,Clear,Yard,Single Car,6,19763,603,31271,H312,40.279806999999998,-76.922450999999995
BNSF,NW0222203,2022-02-20,11:58 PM,Hwy-rail crossing,0,PASCO,WA,40.0,4,Dark,Clear,Yard,Yard/switching,5,3000,10295,13295,M308,46.305430000000001,-119.11532699999999
UP,1214HO021,2014-12-11,10:17 AM,Obstruction,0,HOUSTON,TX,68.0,2,Day,Clear,Yard,Single Car,0,1021,0,13151,M202,29.816562000000001,-95.287975000000003
UP,0719TO015,2019-07-12,11:50 PM,Derailment,0,FORT WORTH,TX,82.0,4,Dark,Clear,Yard,Yard/switching,10,870,13170,14040,S006,32.720466000000002,-97.381822
CRSH,122688,2016-11-06,5:45 PM,Raking collision,0,NEWARK,NJ,52.0,3,Dusk,Clear,Yard,Yard/switching,3,44981,0,71062,S016,40.708914999999998,-74.138801999999998
NS,141778,2021-06-05,1:08 AM,Other impacts,0,WEST FAIRVIEW,PA,72.0,4,Dark,Clear,Yard,Yard/switching,8,59572,0,153550,E30C,40.279806999999998,-76.922450999999995
UP,0321SX019,2021-03-22,2:55 PM,Other impacts,0,EAGLE PASS,TX,73.0,2,Day,Cloudy,Yard,Freight Train,0,7428,0,94147,M404,28.757193000000001,-100.48781200000001
UP,1216DV024,2016-12-25,12:23 AM,Derailment,0,HANNA,WY,35.0,4,Dark,Clear,Main,Freight Train,50,13526,696,14222,E39C,41.837190999999997,-106.633464
UP,1223GL002,2023-12-06,11:40 AM,Derailment,0,SUPERIOR,WI,35.0,2,Day,Cloudy,Yard,,0,0,128645,140382,H506,46.677976000000001,-92.012435999999994
BNSF,NW0722108,2022-07-17,12:29 PM,Derailment,0,CENTRALIA,WA,74.0,2,Day,Cloudy,Yard,Yard/switching,10,6786,383000,389786,H703,46.731065999999998,-122.947209
UP,0724PR003,2024-07-03,12:40 AM,Other impacts,0,ALTOONA,WI,66.0,4,Dark,Clear,Yard,Cut of cars,0,8174,0,110910,H312,44.804887999999998,-91.422184000000001
BNSF,HL0424112,2024-04-13,7:41 PM,Derailment,0,WYANDOTTE,OK,74.0,3,Dusk,Clear,Main,Freight Train,39,452852,577739,1030591,E53C,36.795580999999999,-94.724619000000004
UP,1021RM008,2021-10-08,7:00 PM,Derailment,0,GREEN RIVER,WY,55.0,3,Dusk,Cloudy,Yard,Freight Train,5,44315,90725,135040,H703,41.519035000000002,-109.44381
MCRL,MC211020B,2021-10-20,12:17 PM,Other (describe in narrative),0,BERKLEY,MA,66.0,2,Day,Clear,Main,Spec. MoW Equip.,0,412000,1734,413734,M599,41.823925000000003,-71.028729999999996
IC,902522,2016-10-01,9:40 PM,Side collision,0,HARVEY,IL,58.0,4,Dark,Cloudy,Yard,Freight Train,3,10600,500,36157,H503,41.577893000000003,-87.656049999999993
UP,1219TO031,2019-12-29,7:55 PM,Other impacts,0,FORT WORTH,TX,44.0,3,Dusk,Clear,Yard,Single Car,0,1482,0,20093,H318,32.771726000000001,-97.327076000000005
BNSF,TC0917110,2017-09-25,3:50 AM,Derailment,0,SUPERIOR,WI,65.0,4,Dark,Cloudy,Yard,Freight Train,9,3000,230656,233656,H704,46.653132999999997,-92.060040000000001
UP,0120GL009,2020-01-11,3:52 PM,Derailment,0,SUPERIOR,WI,16.0,2,Day,Snow,Yard,Yard/switching,2,52612,300,52912,M101,46.653559999999999,-92.001724999999993
UP,1114FW036,2014-11-29,5:25 PM,Derailment,0,ODESSA,TX,50.0,2,Day,Clear,Yard,Light loco(s),3,12939,3628,16567,H702,31.870087000000002,-102.317165
UP,0523HL030,2023-05-24,3:00 AM,Derailment,0,DALHART,TX,58.0,4,Dark,Cloudy,Yard,Freight Train,4,11506,4897,16403,H704,36.078315000000003,-102.501891
UP,0821GC024,2021-08-14,9:10 PM,Derailment,0,WESTWEGO,LA,84.0,4,Dark,Clear,Main,Yard/switching,2,9109,23500,32609,M405,29.916528,-90.178771999999995
BNSF,PR0321103,2021-03-12,8:03 PM,Derailment,0,GILLETTE,WY,31.0,3,Dusk,Clear,Yard,Freight Train,10,222253,9000,231253,H318,44.289752999999997,-105.279856
UP,0323GP015,2023-03-13,10:50 PM,Derailment,0,MITCHELL,NE,36.0,4,Dark,Cloudy,Yard,Freight Train,12,37707,31835,69542,E49C,41.931342000000001,-103.86259200000001
CSX,000141581,2015-02-16,1:15 PM,Derailment,20,MOUNT CARBON,WV,18.0,2,Day,Snow,Main,Freight Train,33,2871245,199832,3071077,T221,38.143796999999999,-81.291657000000001
BNSF,TC1116109,2016-11-18,11:30 AM,Rear end collision,0,FOXBORO,WI,30.0,2,Day,Sleet,Main,Work train,0,500,0,450500,H997,46.505671,-92.232831000000004
WC,965388,2018-07-09,5:30 AM,Derailment,0,SUPERIOR,WI,70.0,1,Dawn,Clear,Yard,Freight Train,8,224915,174236,399151,T220,46.641072000000001,-92.134606000000005
BNSF,PR0816102,2016-08-05,4:00 AM,Derailment,0,ETTER,TX,65.0,4,Dark,Cloudy,Yard,Freight Train,3,64800,0,64800,H307,36.023550999999998,-101.97565899999999
CSX,000167261,2017-03-07,3:11 PM,Hwy-rail crossing,0,NEWBURGH,NY,52.0,2,Day,Cloudy,Siding,Spec. MoW Equip.,0,330000,0,1888187,M303,41.489400000000003,-74.009237999999996
ATK,177651,2023-12-20,8:38 PM,Hwy-rail crossing,0,PUYALLUP,WA,41.0,4,Dark,Fog,Main,Passenger Train - Pulling,72,12158,0,12158,M308,47.193179999999998,-122.298393
BNSF,PR0322113,2022-03-31,6:40 PM,Derailment,0,GREYBULL,WY,44.0,3,Dusk,Cloudy,Yard,Freight Train,6,151609,8256,159865,H520,44.480589000000002,-108.05576499999999
UP,1121PR018,2021-11-27,7:30 PM,Derailment,0,JOLIET,IL,41.0,3,Dusk,Cloudy,Yard,Freight Train,5,38529,4850,43379,H704,41.459519,-88.112756000000005
UP,1118DV002,2018-11-10,11:15 AM,Derailment,0,CHEYENNE,WY,46.0,2,Day,Cloudy,Yard,Cut of cars,0,256881,0,391108,H019,41.127811999999999,-104.817008
NS,132512,2019-01-20,12:49 PM,Derailment,0,BELLEVUE,OH,10.0,2,Day,Clear,Yard,Yard/switching,10,10813,200,11013,H210,41.288305999999999,-82.801342000000005
CSX,000152796,2015-10-03,9:50 AM,Head on collision,0,BUCHANAN,VA,48.0,2,Day,Rain,Main,Spec. MoW Equip.,0,0,0,15940,H699,37.566726000000003,-79.736530999999999
BNSF,RD0718109,2018-07-10,4:00 AM,Head on collision,0,HASLET,TX,76.0,1,Dawn,Cloudy,Yard,Freight Train,0,11000,0,160277,H302,32.989427999999997,-97.353326999999993
BNSF,NW0324126,2024-03-02,12:01 AM,Derailment,0,SPOKANE,WA,34.0,4,Dark,Clear,Yard,,0,0,0,26786,E69C,47.655658000000003,-117.418193
BNSF,PR0317200,2017-03-17,6:27 PM,Hwy-rail crossing,0,MINDEN,NE,55.0,3,Dusk,Clear,Main,Freight Train,60,173183,0,173183,M302,40.515279999999997,-98.913499999999999
CSX,000173023,2017-11-21,9:08 AM,Derailment,0,LUMBERPORT,WV,48.0,2,Day,Cloudy,Industry,Freight Train,8,19378,500,19878,T216,39.375472000000002,-80.342010000000002
UP,0623RM007,2023-06-08,4:00 PM,Derailment,0,ROCK SPRINGS,WY,64.0,2,Day,Clear,Siding,Freight Train,2,14010,11366,25376,H701,41.557471999999997,-108.542023
UP,0921PR015,2021-09-25,9:20 AM,Derailment,0,MILWAUKEE,WI,52.0,2,Day,Clear,Yard,Freight Train,7,174753,142159,316912,H307,43.097872000000002,-88.064160000000001
BNSF,RD0523116,2023-05-21,5:18 PM,Derailment,0,GALVESTON,TX,75.0,3,Dusk,Cloudy,Yard,Yard/switching,10,29018,97610,126628,H307,29.291218000000001,-94.856223
CSX,000204935,2022-05-14,3:15 AM,Derailment,0,READER,WV,63.0,4,Dark,Clear,Main,Freight Train,18,33543,2063,35606,E47C,39.576113999999997,-80.760034000000005
NJTR,201807383,2018-07-13,10:20 PM,Other (describe in narrative),0,KEARNY,NJ,85.0,4,Dark,Clear,Yard,Yard/switching,2,0,133000,133000,H399,40.743153,-74.098990000000001
UP,1023PR028,2023-10-31,3:41 PM,Derailment,0,JANESVILLE,WI,36.0,2,Day,Clear,Main,Freight Train,10,173233,179114,352347,M204,42.683667999999997,-89.028998999999999
WC,1001699,2019-06-12,12:40 PM,Hwy-rail crossing,0,HAWTHORNE,WI,64.0,2,Day,Clear,Main,,0,0,0,56958,M303,46.589610999999998,-91.907263
UP,0218KC021,2018-02-23,2:00 AM,Derailment,0,KANSAS CITY,MO,33.0,4,Dark,Clear,Yard,Yard/switching,2,6926,16640,23566,E04C,39.122715999999997,-94.523955999999998
CBRW,19011401,2019-01-14,4:10 PM,Derailment,0,WARDEN,WA,30.0,2,Day,Cloudy,Industry,Cut of cars,10,31598,200,31798,H025,46.968707000000002,-119.062395
BNSF,CH0118104,2018-01-11,11:30 PM,Derailment,0,DIAMOND BLUFF,WI,-20.0,4,Dark,Clear,Main,Freight Train,3,500,42307,42807,H705,44.619906999999998,-92.569540000000003
UP,1218GP008,2018-12-04,3:41 AM,Derailment,0,MANVILLE,WY,17.0,4,Dark,Cloudy,Main,Freight Train,38,16778,385470,402248,E62C,42.766581000000002,-104.716663
CSX,000180871,2019-01-20,7:20 PM,Hwy-rail crossing,0,CUYAHOGA FALLS,OH,7.0,4,Dark,Snow,Main,Freight Train,38,10622,11959,22581,M302,41.142741000000001,-81.469871999999995
BNSF,NW1123109,2023-11-11,1:54 AM,Derailment,0,VANCOUVER,WA,52.0,4,Dark,Rain,Yard,Yard/switching,4,5347,15066,20413,H702,45.617784,-122.718317
NS,135832,2019-10-14,10:30 PM,Derailment,0,BLACKSVILLE,WV,39.0,4,Dark,Clear,Industry,Freight Train,1,0,18157,18157,M101,39.715491,-80.191125999999997
UP,0315PR017,2015-03-12,8:08 PM,Derailment,0,BUTLER,WI,48.0,4,Dark,Cloudy,Yard,Freight Train,6,6127,14542,20669,H503,43.092793,-88.064466999999993
NS,130964,2018-09-16,9:20 PM,Derailment,0,TAYLOR,PA,72.0,4,Dark,Clear,Industry,Freight Train,1,5727,10797,16524,M405,41.392605000000003,-75.685800999999998
UP,1117PR004,2017-11-06,12:49 PM,Hwy-rail crossing,0,NORTH LAKE,WI,39.0,2,Day,Cloudy,Main,Freight Train,46,0,17896,17896,M309,43.161422000000002,-88.364755000000002
BNSF,CH0918117,2018-09-22,5:34 PM,Side collision,0,LA CROSSE,WI,72.0,3,Dusk,Clear,Yard,Yard/switching,8,9000,0,41263,H607,43.847327999999997,-91.230211999999995
NS,121691,2016-08-16,9:18 AM,Hwy-rail crossing,0,KERMIT,WV,77.0,2,Day,Clear,Main,Spec. MoW Equip.,22,31000,0,31000,M303,37.868150999999997,-82.406885000000003
BNSF,RD0219124,2019-02-22,10:30 PM,Derailment,0,CONROE,TX,64.0,4,Dark,Fog,Yard,Freight Train,5,1500,11030,12530,H702,30.310153,-95.454175000000006
BNSF,NW0922113,2022-09-27,11:00 AM,Derailment,0,KENT,WA,73.0,2,Day,Clear,Industry,Freight Train,3,1000,12500,13500,H307,47.435827000000003,-122.221603
BNSF,SF0516115,2016-05-26,12:23 AM,Derailment,0,CARRIER,OK,79.0,4,Dark,Cloudy,Siding,Freight Train,0,23795,0,23795,M105,36.504452999999998,-98.086948000000007
UP,1018TC006,2018-10-10,12:40 PM,Derailment,0,WYEVILLE,WI,60.0,2,Day,Cloudy,Industry,Light loco(s),1,12363,0,12363,H303,43.988846000000002,-90.340627999999995
IAIS,2022025,2022-07-21,12:49 PM,Derailment,0,BLUE ISLAND,IL,90.0,2,Day,Clear,Main,Freight Train,10,4500,0,57620,E69C,41.641461,-87.693783999999994
UP,0820TO022,2020-08-19,2:55 PM,Other impacts,0,FORT WORTH,TX,92.0,2,Day,Clear,Yard,Single Car,0,2157,0,27787,H312,32.724488000000001,-97.373604999999998
BNSF,NW1218114,2018-12-18,10:50 AM,Derailment,0,CENTRALIA,WA,50.0,2,Day,Cloudy,Yard,Freight Train,8,64423,0,64423,E86C,46.746648,-122.938305
BNSF,CH0216200,2016-02-12,12:30 PM,Hwy-rail crossing,0,DIAMOND BLUFF,WI,12.0,2,Day,Clear,Main,Freight Train,40,500,13000,13500,M302,44.648401999999997,-92.623935000000003
BNSF,NW0624105,2024-06-10,11:58 AM,Rear end collision,0,EVERETT,WA,63.0,2,Day,Clear,Main,Spec. MoW Equip.,10,80000,0,160000,H997,47.948372999999997,-122.192881
ATK,172926,2022-11-30,7:30 PM,Obstruction,0,SKYKOMISH,WA,33.0,4,Dark,Snow,Main,Passenger Train - Pulling,25,27272,0,27272,M404,47.703769999999999,-121.295181
BNSF,NW0119105,2019-01-15,10:00 AM,Derailment,0,VANCOUVER,WA,40.0,2,Day,Clear,Main,Spec. MoW Equip.,10,500,24750,25250,H402,45.704008000000002,-122.71755400000001
NS,157221,2024-06-30,8:15 AM,Derailment,0,JUSTICE,WV,85.0,2,Day,Clear,Yard,Freight Train,8,2950,15758,18708,M204,37.593521000000003,-81.847723000000002
BNSF,NW0722118,2022-07-24,6:00 AM,Other (describe in narrative),0,LONGVIEW,WA,50.0,1,Dawn,Clear,Main,Freight Train,8,0,49900,49900,H705,46.084400000000002,-122.86944699999999
BNSF,NW0522108,2022-05-19,11:15 AM,Rear end collision,0,SKYKOMISH,WA,50.0,2,Day,Cloudy,Siding,Spec. MoW Equip.,0,13000,0,13800,H607,47.774169999999998,-121.487199
UP,0216DV015,2016-02-20,12:10 AM,Derailment,0,CHEYENNE,WY,40.0,4,Dark,Cloudy,Yard,Yard/switching,6,22814,14263,37077,H702,41.126609000000002,-104.821749
ATK,163563,2020-03-20,3:00 PM,Derailment,0,PHILADELPHIA,PA,80.0,2,Day,Cloudy,Yard,Light loco(s),4,24241,0,24241,H702,39.955159999999999,-75.182651000000007
BNSF,PR0815108,2015-08-13,9:10 AM,Head on collision,0,MOORCROFT,WY,71.0,2,Day,Clear,Main,Freight Train,0,18500,0,19700,H017,44.282020000000003,-105.053763
UP,0422GL015,2022-04-09,4:05 PM,Derailment,0,ALTOONA,WI,52.0,2,Day,Cloudy,Yard,Yard/switching,6,315341,91303,406644,H306,44.803950999999998,-91.419163999999995