reportingrailroadcode,accidentnumber,date,time,accidenttype,hazmatreleasedcars,station,stateabbr,temperature,visibility_code,visibility,weathercondition,tracktype,equipmenttype,trainspeed,equipmentdamagecost,trackdamagecost,totaldamagecost,primaryaccidentcausecode,latitude,longitude
BNSF,RD0717116,2017-07-23,2:00 AM,Side collision,0,SILSBEE,TX,72.0,4,Dark,Clear,Yard,Freight Train,4,17544,0,73279,H318,30.351524000000001,-94.184657999999999
BNSF,TC0820105,2020-08-15,10:35 PM,Other impacts,0,MANDAN,ND,71.0,4,Dark,Clear,Yard,Yard/switching,4,17564,0,17564,H318,46.825031000000003,-100.89005
UP,0320RM009,2020-03-07,1:35 PM,Fire/violent rupture,0,POINT OF ROCKS,WY,44.0,2,Day,Clear,Main,Freight Train,30,326281,0,326281,E73L,41.678238,-108.787712
UP,0323GP017,2023-03-15,9:00 PM,Other impacts,0,NORTH PLATTE,NE,53.0,4,Dark,Clear,Yard,Cut of cars,1,100,0,42404,M411,41.148524000000002,-100.842691
BNSF,KS0224118,2024-02-25,8:49 PM,Derailment,0,KANSAS CITY,KS,36.0,3,Dusk,Clear,Yard,Yard/switching,3,191929,0,243976,H306,39.087234000000002,-94.695497000000003
BNSF,PR0915118,2015-09-30,9:34 AM,Other (describe in narrative),0,BILL,WY,40.0,2,Day,Clear,Main,Freight Train,23,0,50291,50291,H605,43.254525000000001,-105.280312
BNSF,CH0815111,2015-08-30,5:55 PM,Derailment,0,PRAIRIE DU CHIEN,WI,88.0,3,Dusk,Clear,Yard,Freight Train,7,97200,48000,145200,T221,43.015416999999999,-91.131787000000003
UP,0819SX025,2019-08-20,9:30 PM,Derailment,0,SAN ANTONIO,TX,93.0,4,Dark,Clear,Main,Freight Train,8,309445,315890,625335,E71L,29.389785,-98.541584
CSX,000190932,2020-06-21,12:01 AM,Derailment,0,GRAFTON,WV,65.0,4,Dark,Clear,Yard,Freight Train,6,133143,3800,136943,E40C,39.339993999999997,-80.018118999999999
KCS,20021801,2020-02-18,12:04 PM,Derailment,0,HEAVENER,OK,45.0,2,Day,Clear,Yard,Freight Train,8,3059,30134,33193,E40C,34.906207000000002,-94.602643999999998
BNSF,SW0120103,2020-01-19,8:20 AM,Derailment,0,JARALES,NM,35.0,1,Dawn,Clear,Main,Freight Train,60,94644,47000,141644,E61C,34.502006000000002,-106.623159
NS,127591,2017-11-30,8:30 PM,Derailment,0,ARCOLA,IN,72.0,4,Dark,Clear,Industry,Freight Train,5,7634,11696,19330,H702,41.082773000000003,-85.205667000000005
NS,151544,2022-11-23,9:04 PM,Other impacts,0,BELLEVUE,OH,35.0,4,Dark,Clear,Yard,Cut of cars,10,5000,0,50100,M599,41.296230999999999,-82.768606000000005
KNWA,170704001,2017-07-04,11:05 AM,Derailment,0,BELLE,WV,78.0,2,Day,Rain,Main,Freight Train,1,28246,0,28246,E85C,38.199351,-81.494169999999997
UP,0516DV005,2016-05-06,3:15 PM,Other (describe in narrative),0,CHEYENNE,WY,65.0,2,Day,Clear,Main,Freight Train,25,30877,0,30877,E79L,41.114497999999998,-104.859973
IC,915761,2017-03-11,1:45 AM,Other impacts,0,GEISMAR,LA,65.0,4,Dark,Cloudy,Yard,Yard/switching,4,15304,25,15329,H318,30.177938000000001,-90.976212000000004
CSX,000205234,2022-05-30,12:00 PM,Hwy-rail crossing,0,HANAHAN,SC,76.0,2,Day,Clear,Main,,0,0,95,13800,M302,32.931533000000002,-80.028735999999995
BNSF,NW1220110,2020-12-19,11:19 AM,Derailment,0,VANCOUVER,WA,50.0,2,Day,Clear,Industry,Freight Train,5,39901,21663,61564,H704,45.637678999999999,-122.699573
WC,1142170,2023-12-06,11:01 AM,Derailment,0,SUPERIOR,WI,35.0,2,Day,Cloudy,Yard,Freight Train,8,11737,0,140382,H506,46.677976000000001,-92.012435999999994
BNSF,NW0521117,2021-05-25,1:00 PM,Other impacts,0,EVERETT,WA,70.0,2,Day,Clear,Yard,Light loco(s),0,40000,0,40250,H309,47.999946000000001,-122.18455299999999
BNSF,NW0220107,2020-02-10,1:00 PM,Rear end collision,0,SEATTLE,WA,48.0,2,Day,Clear,Main,Freight Train,45,1500,0,101500,H402,47.477584999999998,-122.25338499999999
UP,0623ES023,2023-06-20,11:20 AM,Obstruction,0,OXFORD,WI,79.0,2,Day,Clear,Main,Maint./inspect Car,20,1678,0,12678,H401,43.783498999999999,-89.572641000000004
UP,0522RM001,2022-05-01,1:30 PM,Derailment,0,ROCK SPRINGS,WY,53.0,2,Day,Cloudy,Industry,Freight Train,7,99118,4790,103908,H505,41.694153,-109.192302
UP,0623HL017,2023-06-23,4:37 AM,Derailment,0,COFFEYVILLE,KS,70.0,1,Dawn,Cloudy,Yard,Freight Train,3,64318,533,64851,H505,37.017895000000003,-95.625138000000007
BNSF,NW0120120,2020-01-23,11:15 AM,Derailment,0,SEATTLE,WA,46.0,2,Day,Rain,Industry,Yard/switching,5,1050,600000,601050,T211,47.554319999999997,-122.346361
BNSF,TC0517101,2017-05-06,1:15 AM,Derailment,0,SUPERIOR,WI,38.0,4,Dark,Clear,Yard,Freight Train,7,61068,30000,91068,H704,46.693285000000003,-92.111793000000006
WC,985863,2019-01-28,5:45 AM,Other impacts,0,FOND DU LAC,WI,-10.0,4,Dark,Snow,Yard,Freight Train,5,22600,0,22600,H399,43.812448000000003,-88.478971999999999
CP,1000959689,2019-03-22,8:10 AM,Hwy-rail crossing,0,OCONOMOWOC,WI,45.0,2,Day,Clear,Main,Freight Train,49,50000,72000,122000,M302,43.109436000000002,-88.499364
NS,137171,2020-02-13,5:44 PM,Other (describe in narrative),0,ALTOONA,PA,21.0,3,Dusk,Clear,Main,Freight Train,13,21927,0,27160,H504,40.500284999999998,-78.426210999999995
WC,1061046,2021-02-09,3:00 PM,Hwy-rail crossing,0,CAMERON,WI,-3.0,2,Day,Cloudy,Main,Freight Train,34,22917,0,22917,M302,45.405624000000003,-91.785669999999996
BNSF,MT0221103,2021-02-19,6:41 AM,Derailment,0,MINOT,ND,-4.0,1,Dawn,Cloudy,Yard,Freight Train,10,104721,9200,113921,T216,48.235984999999999,-101.205456
UP,1222PR011,2022-12-14,5:22 PM,Derailment,0,MILWAUKEE,WI,37.0,2,Day,Rain,Yard,Freight Train,3,34319,4400,38719,H307,43.090429,-88.063744999999997
CSX,000155478,2015-12-24,2:30 AM,Derailment,0,NEW MARTINSVILLE,WV,60.0,4,Dark,Rain,Yard,Freight Train,8,446066,20000,466066,T211,39.628382999999999,-80.868291999999997
CSX,000211131,2023-05-03,5:05 AM,Other impacts,0,WAYCROSS,GA,73.0,1,Dawn,Clear,Yard,Single Car,0,28056,193,38681,S016,31.213529999999999,-82.353567999999996
BNSF,RD1121110,2021-11-17,2:00 AM,Derailment,0,BAYTOWN,TX,70.0,4,Dark,Clear,Yard,Light loco(s),7,15000,1200,16200,H303,29.808375999999999,-94.922231999999994
WC,1110043,2022-08-01,9:17 AM,Hwy-rail crossing,0,SPENCER,WI,68.0,2,Day,Clear,Main,Freight Train,47,19447,0,19447,M308,44.757953999999998,-90.297709999999995
NCRC,OP111618,2018-11-16,11:40 AM,Derailment,0,NORFOLK,NE,55.0,2,Day,Clear,Yard,Freight Train,5,31000,7800,38800,H306,42.014000000000003,-97.415000000000006
WC,983706,2019-01-07,7:30 PM,Derailment,0,GREEN BAY,WI,39.0,4,Dark,Clear,Yard,Freight Train,8,38000,1719,39719,T220,44.528865000000003,-88.015255999999994
CP,1000643744,2017-10-28,10:39 PM,Side collision,0,FALL RIVER,WI,34.0,4,Dark,Cloudy,Main,Single Car,2,40881,0,97420,H018,43.404111999999998,-89.097616000000002
WN,1092015,2015-01-09,9:05 AM,Derailment,0,CHIPPEWA FALLS,WI,-3.0,2,Day,Cloudy,Industry,Freight Train,3,17509,90000,107509,H399,44.980798,-91.380007000000006
BNSF,CH0517109,2017-05-17,6:05 PM,Derailment,0,GALESBURG,IL,78.0,3,Dusk,Cloudy,Yard,Yard/switching,4,7500,197360,204860,H607,40.931415999999999,-90.372366999999997
UP,0724PR003,2024-07-03,12:40 AM,Other impacts,0,ALTOONA,WI,66.0,4,Dark,Clear,Yard,Yard/switching,1,86669,3120,110910,H312,44.804887999999998,-91.422184000000001
NS,114279,2015-02-09,7:45 PM,Derailment,0,CHATTANOOGA,TN,46.0,3,Dusk,Cloudy,Yard,Yard/switching,4,7116,5389,13805,H399,35.100949999999997,-85.233074000000002
BNSF,NW0319106,2019-03-05,7:50 AM,Other (describe in narrative),0,VANCOUVER,WA,47.0,1,Dawn,Cloudy,Yard,Freight Train,10,15475,0,15475,H503,45.652389999999997,-122.68851600000001
BNSF,NW0319131,2019-03-30,8:00 AM,Derailment,0,BURLINGTON,WA,39.0,1,Dawn,Clear,Yard,Freight Train,7,4579,1000,45579,H306,48.468212000000001,-122.32825
ATK,157422,2019-02-01,4:15 AM,Fire/violent rupture,0,SEATTLE,WA,35.0,4,Dark,Rain,Yard,Light loco(s),0,82229,0,82229,M406,47.597298000000002,-122.32966
KCS,17121301,2017-12-13,8:10 PM,Hwy-rail crossing,0,GRANITE CITY,IL,40.0,4,Dark,Clear,Main,Freight Train,25,29906,0,29906,M308,38.701518,-90.157774000000003
BNSF,CH0522109,2022-05-14,4:30 AM,Derailment,0,GALESBURG,IL,68.0,1,Dawn,Clear,Yard,Light loco(s),3,17500,250050,267550,H607,40.916170999999999,-90.380754999999994
BNSF,NW0120121,2020-01-26,2:00 PM,Derailment,0,PASCO,WA,42.0,2,Day,Clear,Yard,Yard/switching,7,35531,40000,75531,H523,46.250338999999997,-119.09259
UP,0817DV027,2017-08-28,7:17 AM,Fire/violent rupture,0,GREEN RIVER,WY,65.0,2,Day,Clear,Main,Freight Train,50,88108,33,88141,E73L,41.623305000000002,-109.843619
CP,1001665033,2022-03-19,6:20 AM,Derailment,0,PEWAUKEE,WI,35.0,1,Dawn,Rain,Main,Freight Train,28,206303,3970,210273,E52C,43.100292000000003,-88.333568
UP,1122HO013,2022-11-13,11:30 PM,Other impacts,0,LA PORTE,TX,55.0,4,Dark,Cloudy,Yard,Yard/switching,4,35860,200,61374,M411,29.682939999999999,-95.038606000000001
SNJX,20211230,2021-12-30,1:51 PM,Hwy-rail crossing,0,BURLINGTON,NJ,52.0,2,Day,Clear,Main,DMU,20,0,0,0,M308,40.078479999999999,-74.851135999999997
UP,0624HO005,2024-06-04,10:52 AM,Derailment,0,NACOGDOCHES,TX,81.0,2,Day,Rain,Industry,Freight Train,10,636,16280,16916,M506,31.572217999999999,-94.653256999999996
BNSF,NW0518110,2018-05-14,10:30 AM,Rear end collision,0,AUBURN,WA,75.0,2,Day,Clear,Main,Cut of cars,0,250,0,70250,H402,47.304791000000002,-122.174046
BNSF,NW0923118,2023-09-27,3:05 AM,Derailment,0,LONGVIEW,WA,48.0,4,Dark,Rain,Yard,Light loco(s),5,17773,0,17773,H318,46.102324000000003,-122.890113
BNSF,PR1117106,2017-11-10,1:00 PM,Obstruction,0,RANCHESTER,WY,42.0,2,Day,Clear,Yard,Maint./inspect Car,0,75000,0,150250,H402,44.910611000000003,-107.165232
BNSF,RD0617204,2017-06-09,4:00 PM,Hwy-rail crossing,0,CROWLEY,TX,75.0,2,Day,Clear,Main,Freight Train,45,1000,22000,23000,M302,32.552953000000002,-97.364686000000006
KCS,20011404,2020-01-14,11:50 AM,Hwy-rail crossing,0,HEBBRONVILLE,TX,86.0,2,Day,Clear,Main,Freight Train,32,400,21214,21614,M399,27.305968,-98.678534999999997
NS,128340,2018-01-31,1:40 AM,Derailment,0,NORFOLK,VA,26.0,4,Dark,Clear,Yard,Cut of cars,2,3200,9850,13050,H999,36.873776999999997,-76.301703000000003
BNSF,NW0222110,2022-02-13,7:00 AM,Derailment,0,PASCO,WA,55.0,1,Dawn,Clear,Yard,Yard/switching,2,12117,12500,24617,E33C,46.280042000000002,-119.10712100000001
UP,0916TC002,2016-09-04,3:13 AM,Derailment,0,ST PAUL,MN,63.0,4,Dark,Clear,Main,Freight Train,0,8289,0,39390,E49C,44.945469000000003,-93.059892000000005
UP,0919GC008,2019-09-05,1:00 AM,Derailment,0,ANGLETON,TX,75.0,4,Dark,Clear,Yard,Light loco(s),2,48716,5480,54196,H303,29.154992,-95.432762999999994
CSX,000144316,2015-04-07,9:05 AM,Derailment,0,SELKIRK,NY,40.0,2,Day,Cloudy,Yard,Single Car,0,27445,0,64903,M407,42.564653999999997,-73.85257
UP,0217DV020,2017-02-14,2:53 AM,Derailment,0,CHEYENNE,WY,31.0,4,Dark,Cloudy,Main,Freight Train,19,11366,22086,33452,M405,41.127786,-104.824079
BLF,20190002,2019-01-01,4:23 PM,Hwy-rail crossing,0,LANTANA,FL,84.0,2,Day,Clear,Main,Passenger Train - Pulling,78,130446,0,130889,M303,26.576412999999999,-80.053752000000003
UP,1021PN021,2021-10-17,7:00 PM,Other impacts,0,SPOKANE,WA,67.0,3,Dusk,Clear,Siding,Yard/switching,5,27543,46490,83697,H306,47.680785,-117.18589900000001
UP,0123GC020,2023-01-24,7:00 AM,Other (describe in narrative),0,ANGLETON,TX,60.0,2,Day,Clear,Yard,Single Car,0,35586,0,35586,M507,29.145890000000001,-95.450569999999999
TMBL,02082020A,2020-02-08,6:20 PM,Side collision,0,TACOMA,WA,50.0,4,Dark,Cloudy,Yard,Single Car,0,48500,0,63500,H310,47.247734000000001,-122.386653
UP,0920RM008,2020-09-10,11:29 AM,Other impacts,0,SINCLAIR,WY,35.0,2,Day,Snow,Industry,Freight Train,9,192363,300,195863,H702,41.778131000000002,-107.108835
CSX,000154773,2015-11-30,8:15 AM,Derailment,0,ROCKWOOD,PA,38.0,2,Day,Cloudy,Yard,Freight Train,3,15103,377,15480,H307,39.914012,-79.155347000000006
UP,0720PN017,2020-07-22,11:14 AM,Derailment,0,HERMISTON,OR,81.0,2,Day,Clear,Yard,Yard/switching,10,87561,39050,126611,E64C,45.797730999999999,-119.28451200000001
UP,0720PR004,2020-07-05,2:06 PM,Derailment,0,OOSTBURG,WI,86.0,2,Day,Cloudy,Main,Freight Train,21,383014,83604,466618,M103,43.634405999999998,-87.794698999999994
BNSF,PR0423103,2023-04-10,6:30 PM,Derailment,0,GREYBULL,WY,58.0,3,Dusk,Clear,Main,Freight Train,8,7705,6173,13878,H307,44.501376999999998,-108.060106
BNSF,PR0517115,2017-05-24,10:30 PM,Derailment,0,GILLETTE,WY,50.0,4,Dark,Clear,Yard,Freight Train,4,127696,3400,131096,H503,44.289893999999997,-105.282208
BNSF,CH0320106,2020-03-17,3:30 PM,Other impacts,0,PRAIRIE DU CHIEN,WI,46.0,2,Day,Clear,Industry,Freight Train,2,0,12000,12000,H307,43.064186999999997,-91.139443999999997
NS,119783,2016-03-18,6:30 AM,Derailment,0,SHEPHERD,TN,74.0,1,Dawn,Cloudy,Yard,Light loco(s),3,11857,0,11857,H303,35.076193000000004,-85.216145999999995
BNSF,NW0918120,2018-09-25,2:40 AM,Obstruction,0,MARYSVILLE,WA,50.0,4,Dark,Cloudy,Main,Freight Train,45,55444,0,55444,M402,48.088906000000001,-122.174318
CSX,000154158,2015-11-07,12:30 PM,Other impacts,0,RIVERDALE,IL,51.0,2,Day,Clear,Yard,Single Car,7,14259,0,15285,H302,41.643124,-87.615775999999997
UP,0315SA002,2015-03-07,9:43 PM,Hwy-rail crossing,0,COTULLA,TX,55.0,4,Dark,Cloudy,Main,Freight Train,41,67248,685,67933,M302,28.556287999999999,-99.203446
KCS,22092701,2022-09-27,3:20 PM,Hwy-rail crossing,0,CURRYVILLE,MO,75.0,2,Day,Clear,Main,Freight Train,38,11915,5000,16915,M302,39.338971999999998,-91.413865000000001
BNSF,NW1018124,2018-10-24,5:30 AM,Other impacts,0,EVERETT,WA,45.0,1,Dawn,Clear,Yard,Cut of cars,0,0,0,14618,H307,48.008586000000001,-122.186908
BNSF,NW0621102,2021-06-03,11:29 AM,Derailment,0,EVERETT,WA,72.0,2,Day,Clear,Yard,Light loco(s),4,30000,4500,34500,H306,47.995595999999999,-122.183271
BNSF,NW0223106,2023-02-19,8:05 AM,Other impacts,0,SEATTLE,WA,35.0,1,Dawn,Cloudy,Yard,Yard/switching,0,9106,0,32931,H399,47.588174000000002,-122.337596
UP,1123RM028,2023-11-24,3:00 AM,Derailment,0,SALT LAKE CITY,UT,33.0,4,Dark,Snow,Yard,Yard/switching,5,95416,57810,153226,H523,40.726478999999998,-111.90859399999999
BNSF,NW1018126,2018-10-27,1:00 AM,Derailment,0,TOUCHET,WA,50.0,4,Dark,Rain,Industry,Freight Train,10,125000,0,148528,T216,46.108063999999999,-118.91467799999999
SSR,SSRC182190,2018-07-19,1:15 PM,Raking collision,0,SAND SPRINGS,OK,101.0,2,Day,Clear,Yard,Freight Train,2,49000,0,49000,H018,36.081254000000001,-96.066010000000006
MNCW,74122,2021-02-10,11:40 AM,Fire/violent rupture,0,CROTON ON HUDSON,NY,32.0,2,Day,Clear,Yard,Commuter Train - Pushing,10,112468,0,112468,M507,41.188695000000003,-73.882535000000004
BNSF,HL0223107,2023-02-08,4:06 PM,Derailment,0,KANSAS CITY,MO,40.0,2,Day,Rain,Industry,Freight Train,2,40423,5000,45423,M101,39.136018,-94.564656999999997
UP,1118PR010,2018-11-12,10:15 PM,Derailment,0,JANESVILLE,WI,19.0,4,Dark,Clear,Industry,Yard/switching,5,631,11207,11838,H702,42.720556000000002,-89.014600999999999
BNSF,NW0820101,2020-08-31,11:15 PM,Derailment,0,PASCO,WA,68.0,4,Dark,Clear,Yard,Freight Train,9,58124,229381,287505,H519,46.235411999999997,-119.08541200000001
CSX,000171406,2017-09-01,9:50 PM,Derailment,0,SELKIRK,NY,54.0,4,Dark,Clear,Yard,Cut of cars,5,10880,506,11386,S007,42.565902999999999,-73.854184000000004
CSX,000189060,2020-03-12,1:01 AM,Derailment,0,TIFFIN,OH,42.0,4,Dark,Cloudy,Main,Freight Train,41,1294599,716978,2011577,E71L,41.119646000000003,-83.180659000000006
NS,151518,2022-11-21,2:45 AM,Derailment,0,BELLEVUE,OH,23.0,4,Dark,Clear,Main,Freight Train,1,6121,9545,15666,H504,41.297449999999998,-82.762844000000001
BNSF,PR1214100,2014-12-07,9:40 AM,Derailment,0,FRANNIE,WY,27.0,2,Day,Clear,Main,Freight Train,25,11250,250,11500,E06C,44.970331999999999,-108.622733
CSX,000147638,2015-06-11,6:52 PM,Derailment,0,GRAFTON,WV,80.0,3,Dusk,Clear,Yard,Yard/switching,7,24618,800,25418,H704,39.339691000000002,-80.016435000000001
BNSF,PR1116100,2016-11-02,2:02 AM,Other (describe in narrative),0,UPTON,WY,44.0,4,Dark,Clear,Main,Freight Train,54,5200,9000,14200,E32C,44.088625999999998,-104.61560900000001
CSX,000175828,2018-04-16,9:30 AM,Derailment,0,PRINCE,WV,52.0,2,Day,Rain,Main,Freight Train,31,216032,2040,218072,M199,37.888356000000002,-81.064108000000004
UP,0119RM066,2019-01-26,12:40 PM,Derailment,0,HANNA,WY,23.0,2,Day,Cloudy,Main,Freight Train,32,62116,73569,135685,E04C,41.906070999999997,-106.416477
BNSF,KS0415107,2015-04-24,12:30 PM,Other (describe in narrative),0,AMARILLO,TX,73.0,2,Day,Clear,Yard,Yard/switching,5,102235,0,102235,H318,35.196907000000003,-101.829516
UP,0119GL028,2019-01-20,10:00 AM,Other impacts,0,MANKATO,MN,1.0,2,Day,Clear,Yard,Cut of cars,4,48896,2150,102529,H018,44.195355999999997,-93.987129999999993
CSX,000170858,2017-08-10,11:30 AM,Side collision,0,RUSSELL,KY,67.0,2,Day,Rain,Yard,Yard/switching,8,360000,0,672930,H399,38.532124000000003,-82.697650999999993
BNSF,NW1220204,2020-12-23,9:24 AM,Hwy-rail crossing,0,MABTON,WA,30.0,2,Day,Clear,Main,Freight Train,48,491852,154000,645852,M302,46.199860000000001,-119.95003
RLAX,RLAX282019,2019-02-08,1:45 AM,Derailment,0,BAYTOWN,TX,56.0,4,Dark,Clear,Yard,Yard/switching,4,17467,0,17467,H702,29.763127000000001,-94.882112000000006
BNSF,NW0923104,2023-09-03,10:59 AM,Other (describe in narrative),0,SEATTLE,WA,68.0,2,Day,Clear,Yard,Yard/switching,3,11937,0,11937,H317,47.641255000000001,-122.381198
CSX,000191875,2020-08-09,10:56 AM,Derailment,0,CUMBERLAND,MD,87.0,2,Day,Clear,Yard,Yard/switching,5,69209,500,69709,E34C,39.644503999999998,-78.760839000000004
BNSF,CH1015101,2015-10-02,3:55 AM,Derailment,0,EAST DUBUQUE,IL,44.0,4,Dark,Clear,Main,Freight Train,10,15000,2500,17500,H607,42.489865999999999,-90.641108000000003
BNSF,NW0219116,2019-02-17,1:38 PM,Other impacts,0,PASCO,WA,32.0,2,Day,Cloudy,Yard,Yard/switching,5,17889,0,17889,S016,46.272983000000004,-119.10207
UP,0817ST005,2017-08-05,5:30 AM,Other impacts,0,EL PASO,TX,80.0,4,Dark,Clear,Industry,Freight Train,10,4645,33,14319,H607,31.768163999999999,-106.39313
BNSF,RD0720109,2020-07-17,12:55 AM,Derailment,0,PLAINVIEW,TX,90.0,4,Dark,Clear,Industry,Freight Train,9,151350,0,151350,H704,34.178915000000003,-101.617677
NS,113939,2015-01-20,8:55 PM,Derailment,0,PINEVILLE,WV,47.0,4,Dark,Clear,Main,Freight Train,18,22000,21500,43500,M201,37.586275999999998,-81.656385
BNSF,SW1020102,2020-10-06,7:05 AM,Derailment,0,CLOVIS,NM,55.0,1,Dawn,Clear,Yard,Yard/switching,8,15754,1000,16754,E39C,34.396577000000001,-103.197564
UP,0617PD022,2017-06-24,10:00 AM,Other impacts,0,SEATTLE,WA,83.0,2,Day,Clear,Yard,Cut of cars,2,800,0,11546,H020,47.558701999999997,-122.326463
WC,1139438,2023-09-28,8:40 AM,Hwy-rail crossing,0,ALMA CENTER,WI,62.0,2,Day,Cloudy,Main,Freight Train,39,18941,0,18941,M302,44.456020000000002,-90.842995000000002
BNSF,CH1115104,2015-11-07,8:45 AM,Derailment,5,ALMA,WI,37.0,1,Dawn,Clear,Main,Freight Train,26,1013716,1216069,2229785,H519,44.350031999999999,-91.935644999999994
UP,0115PR013,2015-01-19,6:30 PM,Other impacts,0,BUTLER,WI,30.0,3,Dusk,Cloudy,Yard,Light loco(s),0,113,0,12230,H702,43.113061999999999,-88.064047000000002
UP,0616DV007,2016-06-06,1:30 PM,Derailment,0,CHEYENNE,WY,70.0,2,Day,Clear,Main,Freight Train,21,882918,36835,919753,M405,41.094847000000001,-104.918971
UP,0923SX005,2023-09-09,5:25 PM,Other impacts,0,SAN ANTONIO,TX,100.0,2,Day,Clear,Yard,Single Car,5,0,0,32691,H309,29.380323000000001,-98.554423
CSX,000191599,2020-07-26,3:30 PM,Obstruction,0,SPRINGFIELD,WV,91.0,2,Day,Clear,Main,Freight Train,0,225,0,45039,H997,39.547516999999999,-78.692460999999994
BNSF,NW0123106,2023-01-08,10:30 AM,Derailment,0,SEATTLE,WA,45.0,2,Day,Cloudy,Yard,Light loco(s),5,68000,1800,69800,H307,47.646700000000003,-122.381664
CSX,000159948,2016-05-21,2:30 AM,Obstruction,0,NEW HAVEN,WV,58.0,4,Dark,Rain,Industry,Freight Train,4,49213,0,49213,M501,38.982137999999999,-81.947333
RLAX,RLAX52619,2019-05-26,6:50 PM,Derailment,0,BAYTOWN,TX,88.0,2,Day,Clear,Yard,Yard/switching,2,50053,0,50053,H021,29.764745999999999,-94.896276
WC,1003236,2019-06-25,2:10 AM,Other (describe in narrative),0,STINNETT,WI,55.0,4,Dark,Clear,Siding,Single Car,4,2232,12772,15004,E08C,46.041547999999999,-91.650289000000001
WC,1098644,2022-04-01,4:30 PM,Side collision,0,GREEN BAY,WI,41.0,2,Day,Cloudy,Yard,Cut of cars,4,11972,1818,34519,H020,44.528078000000001,-88.014664999999994
NS,123665,2017-01-22,10:15 PM,Other (describe in narrative),0,NORFOLK,VA,60.0,4,Dark,Rain,Yard,Light loco(s),8,60,26922,26982,H702,36.87191,-76.295126999999994
CSX,000213420,2023-09-11,1:05 PM,Derailment,0,MARTINSBURG,WV,86.0,2,Day,Clear,Main,Freight Train,36,3676,34017,37693,E53C,39.447327999999999,-77.918992000000003
UP,0817TC035,2017-08-30,8:41 PM,Other (describe in narrative),0,ALTOONA,WI,62.0,3,Dusk,Clear,Yard,Single Car,0,66765,0,66765,E29C,44.806319000000002,-91.428813000000005
NS,151251,2022-10-23,4:43 AM,Derailment,0,CHATTANOOGA,TN,50.0,1,Dawn,Clear,Yard,Cut of cars,4,18500,46941,65441,H504,35.007198000000002,-85.375513999999995
NS,114539,2015-02-26,6:30 AM,Derailment,0,HARRISBURG,PA,25.0,1,Dawn,Clear,Yard,Yard/switching,4,51598,1800,53398,H704,40.287835000000001,-76.889313999999999
BNSF,PR0321111,2021-03-24,4:50 AM,Derailment,0,BILL,WY,40.0,1,Dawn,Clear,Main,,0,0,75000,113271,E44C,43.045887,-105.26929
BNSF,TC0117126,2017-01-24,8:05 PM,Derailment,0,SUPERIOR,WI,33.0,4,Dark,Cloudy,Yard,,0,0,380947,388787,E40C,46.728594000000001,-92.109002000000004
CSX,000184670,2019-08-12,5:08 AM,Side collision,0,CAREY,OH,65.0,4,Dark,Cloudy,Main,Freight Train,9,505503,158590,4545778,H221,40.987839000000001,-83.394344000000004
CBRW,24030401,2024-03-04,3:25 PM,Derailment,0,WARDEN,WA,47.0,2,Day,Clear,Yard,Yard/switching,5,2848,17628,20476,H703,46.961502000000003,-119.06338700000001
UP,0923RM009,2023-09-08,12:57 AM,Derailment,0,GREEN RIVER,WY,59.0,4,Dark,Cloudy,Yard,Freight Train,4,10143,9022,19165,H503,41.517955000000001,-109.440757
ATK,174668,2023-05-10,12:13 PM,Obstruction,0,GREAT CACAPON,WV,70.0,2,Day,Clear,Main,Passenger Train - Pulling,53,14386,0,14386,M404,39.587746000000003,-78.394587000000001
UP,1218SX025,2018-12-29,7:50 AM,Derailment,0,HEARNE,TX,47.0,1,Dawn,Cloudy,Yard,Yard/switching,9,59126,47267,106393,H303,30.867027,-96.583415000000002
NS,133382,2019-03-29,6:20 AM,Hwy-rail crossing,0,BESSEMER CITY,NC,40.0,1,Dawn,Clear,Main,Freight Train,25,8968,2375,11343,M303,35.285974000000003,-81.266755000000003
WC,1140042,2023-10-15,1:58 AM,Obstruction,0,WAUKESHA,WI,52.0,4,Dark,Clear,Main,Freight Train,20,20446,0,20446,M599,43.027686000000003,-88.218057000000002
BNSF,HL0418119,2018-04-27,12:30 AM,Derailment,0,NORTH KANSAS CITY,MO,42.0,4,Dark,Clear,Yard,Freight Train,0,10000,51000,62250,E4BC,39.125275000000002,-94.496550999999997
NS,139611,2020-11-01,9:16 PM,Derailment,0,BRAMWELL,WV,40.0,4,Dark,Cloudy,Main,Freight Train,12,60000,215616,275616,H019,37.325842000000002,-81.330567000000002
UP,0817DV011,2017-08-09,11:59 PM,Fire/violent rupture,0,RAWLINS,WY,55.0,4,Dark,Cloudy,Main,Freight Train,10,33340,0,33340,E73L,41.776251999999999,-107.373549
CSX,000194396,2020-12-12,5:20 AM,Other impacts,0,NASHVILLE,TN,57.0,1,Dawn,Rain,Yard,Yard/switching,2,14233,0,20041,M408,36.112141999999999,-86.770736999999997
TMBL,03252018A,2018-03-25,9:58 AM,Other impacts,0,TACOMA,WA,39.0,2,Day,Clear,Yard,Light loco(s),7,30000,0,60000,H306,47.145355000000002,-122.233974
UP,0519ES049,2019-05-24,3:22 AM,Derailment,0,PYOTE,TX,76.0,4,Dark,Clear,Main,Spec. MoW Equip.,20,12324,0,12324,E68C,31.527190999999998,-103.141379