reportingrailroadcode,accidentnumber,date,time,accidenttype,hazmatreleasedcars,station,stateabbr,temperature,visibility_code,visibility,weathercondition,tracktype,equipmenttype,trainspeed,equipmentdamagecost,trackdamagecost,totaldamagecost,primaryaccidentcausecode,latitude,longitude
FOXY,230302006,2023-03-02,8:20 PM,Derailment,0,GREEN BAY,WI,25.0,4,Dark,Clear,Industry,Yard/switching,8,17542,175,17717,H503,44.525391999999997,-87.999758999999997
BNSF,NW0520113,2020-05-24,12:10 AM,Derailment,0,SPOKANE,WA,46.0,4,Dark,Clear,Yard,Cut of cars,0,10933,0,208907,E51C,47.671671000000003,-117.325818
NS,130957,2018-09-15,4:55 PM,Other impacts,0,WEST FAIRVIEW,PA,72.0,3,Dusk,Clear,Yard,Single Car,0,1312,0,16538,H312,40.279806999999998,-76.922450999999995
CSX,000162890,2016-09-15,9:50 AM,Other impacts,0,HANCOCK,WV,68.0,2,Day,Clear,Main,Spec. MoW Equip.,0,40000,0,63667,H993,39.587763000000002,-78.394649000000001
WC,1117194,2022-10-26,10:06 AM,Hwy-rail crossing,0,CHIPPEWA FALLS,WI,67.0,2,Day,Clear,Main,Freight Train,39,12138,0,12138,M302,44.925077999999999,-91.489273999999995
UP,1023ES035,2023-10-21,5:44 AM,Obstruction,0,DIBOLL,TX,51.0,1,Dawn,Clear,Main,Spec. MoW Equip.,29,21833,0,56363,H602,31.138002,-94.812409000000002
CSX,000217798,2024-05-05,2:15 AM,Other impacts,0,CAYCE,SC,64.0,4,Dark,Clear,Yard,Cut of cars,5,17137,0,21379,H302,33.975726999999999,-81.047387000000001
SNVX,0406221,2022-06-04,10:45 AM,Derailment,0,SNOQUALMIE,WA,60.0,2,Day,Clear,Main,Passenger Train - Pulling,5,15000,12000,27000,H702,47.513739999999999,-121.81444
BNSF,NW0619103,2019-06-04,8:24 PM,Side collision,0,EVERETT,WA,70.0,3,Dusk,Clear,Yard,Yard/switching,0,29158,0,45128,H306,48.001085000000003,-122.18569100000001
BNSF,CH1216112,2016-12-18,3:30 PM,Other impacts,0,ELWOOD,IL,-6.0,2,Day,Clear,Yard,Light loco(s),10,137410,0,324570,H305,41.399126000000003,-88.154037000000002
PMSW,HF0715,2022-07-15,10:00 AM,Derailment,0,LUBBOCK,TX,90.0,2,Day,Clear,Yard,Freight Train,5,30000,5000,35000,H607,33.548999999999999,-101.81999999999999
CSX,000211804,2023-05-10,12:13 PM,Obstruction,0,GREAT CACAPON,WV,70.0,2,Day,Clear,Main,,0,0,0,14386,M404,39.587746000000003,-78.394587000000001
KCS,21080201,2021-08-02,8:51 AM,Derailment,0,TALLULAH,LA,90.0,2,Day,Fog,Main,Freight Train,10,1086,401748,402834,E53C,32.459090000000003,-91.522184999999993
BNSF,TC0120114,2020-01-17,8:30 AM,Derailment,0,SUPERIOR,WI,4.0,1,Dawn,Clear,Yard,Yard/switching,5,1200,21318,22518,E35C,46.726894999999999,-92.111632
MRL,2017104,2017-08-13,10:43 PM,Derailment,0,HERON,MT,60.0,4,Dark,Clear,Main,Freight Train,43,1456475,335000,1791475,T215,48.049999999999997,-115.89100000000001
UP,0821GL031,2021-08-30,12:00 PM,Other (describe in narrative),0,CEDAR RAPIDS,IA,79.0,2,Day,Clear,Main,Single Car,0,12463,0,12463,M507,41.932253000000003,-91.716175000000007
BNSF,PR0321105,2021-03-14,2:00 PM,Side collision,0,GUERNSEY,WY,32.0,2,Day,Snow,Yard,Freight Train,6,5000,0,29168,H607,42.276592000000001,-104.749633
CSX,000206240,2022-07-21,11:37 PM,Side collision,0,FEURA BUSH,NY,70.0,4,Dark,Clear,Yard,Freight Train,7,508,0,102717,H607,42.588585000000002,-73.880729000000002
UP,0518UT028,2018-05-19,12:34 AM,Fire/violent rupture,0,KEMMERER,WY,41.0,4,Dark,Cloudy,Main,Freight Train,30,59462,0,59462,E73L,41.798938999999997,-110.539812
UP,1021PN021,2021-10-17,7:00 PM,Other impacts,0,SPOKANE,WA,67.0,3,Dusk,Clear,Siding,Single Car,0,9664,0,83697,H306,47.680785,-117.18589900000001
BNSF,TC1116109,2016-11-18,11:30 AM,Rear end collision,0,FOXBORO,WI,30.0,2,Day,Sleet,Main,Spec. MoW Equip.,8,450000,0,450500,H997,46.505671,-92.232831000000004
BNSF,NW1214107,2014-12-12,10:35 AM,Derailment,0,SEATTLE,WA,55.0,2,Day,Clear,Yard,Yard/switching,10,17124,1000,18124,H318,47.549999999999997,-122.33
CSX,000211706,2023-06-07,6:40 PM,Derailment,0,WAYCROSS,GA,82.0,3,Dusk,Clear,Yard,Yard/switching,4,9052,46879,55931,E24C,31.213508999999998,-82.353556999999995
BNSF,NW0922104,2022-09-02,3:09 PM,Derailment,0,TACOMA,WA,84.0,2,Day,Clear,Yard,Freight Train,8,0,65000,65000,H307,47.243639999999999,-122.413939
IC,1091794,2022-01-05,10:00 PM,Derailment,0,DESTREHAN,LA,57.0,4,Dark,Clear,Yard,Yard/switching,3,22362,15000,37362,H703,29.955871999999999,-90.371298999999993
UP,0223GP022,2023-02-11,8:28 PM,Other impacts,0,CHEYENNE,WY,37.0,4,Dark,Clear,Yard,Yard/switching,3,100,3750,50351,H312,41.128799000000001,-104.81242899999999
BNSF,NW0222116,2022-02-22,8:15 AM,Derailment,0,PASCO,WA,20.0,1,Dawn,Cloudy,Yard,Cut of cars,5,4990,24830,29820,M105,46.243425000000002,-119.08905799999999
UP,0816DV002,2016-08-02,3:00 AM,Other impacts,0,GREEN RIVER,WY,54.0,4,Dark,Clear,Yard,Single Car,0,144,0,12236,H602,41.525474000000003,-109.467046
UP,1219RM022,2019-12-30,11:30 PM,Fire/violent rupture,0,RED DESERT,WY,-6.0,4,Dark,Clear,Main,Freight Train,50,44462,0,44462,E73L,41.648187999999998,-108.13557299999999
TRRA,21016OR,2021-02-26,12:40 PM,Derailment,0,EAST ST LOUIS,IL,49.0,2,Day,Cloudy,Main,,0,0,19087,19087,H523,38.595744000000003,-90.156340999999998
UP,1221RM010,2021-12-10,8:00 AM,Other impacts,0,ROCK SPRINGS,WY,10.0,2,Day,Cloudy,Industry,Freight Train,0,76593,0,168835,M501,41.732444000000001,-108.779659
UP,0518HO004,2018-05-02,5:20 AM,Other impacts,0,HOUSTON,TX,75.0,4,Dark,Clear,Yard,Yard/switching,4,14273,7070,21343,M411,29.812063999999999,-95.289299
UP,0923RM012,2023-09-09,4:30 PM,Derailment,0,LARAMIE,WY,75.0,2,Day,Cloudy,Yard,Freight Train,3,11774,9271,21045,H307,41.310139999999997,-105.596779
BNSF,TC0524203,2024-05-15,1:25 PM,Hwy-rail crossing,0,TULARE,SD,72.0,2,Day,Clear,Main,Freight Train,40,100000,500,100500,M304,44.734538999999998,-98.504700999999997
CSX,000219710,2024-08-01,7:00 PM,Derailment,0,CRITES,WV,84.0,3,Dusk,Clear,Main,Freight Train,8,82816,0,82816,T220,38.348711999999999,-82.267976000000004
UP,0721PN023,2021-07-20,1:20 PM,Derailment,0,SPOKANE,WA,78.0,2,Day,Clear,Yard,Yard/switching,2,500,16400,16900,H307,47.659450999999997,-117.326776
ATK,136678,2015-03-15,7:10 PM,Obstruction,0,EMPORIA,VA,65.0,3,Dusk,Clear,Main,Passenger Train - Pulling,67,12945,0,12945,M404,36.748607999999997,-77.493869000000004
RJCC,RJCC1803,2018-06-12,10:45 PM,Other impacts,0,LEXINGTON,KY,70.0,4,Dark,Cloudy,Main,Light loco(s),0,22187,0,40841,H017,38.100078000000003,-84.572295999999994
CSX,000196608,2021-03-25,4:15 AM,Other impacts,0,GRAFTON,WV,45.0,1,Dawn,Clear,Yard,Cut of cars,0,3826,0,12016,E08C,39.339993999999997,-80.018118999999999
UP,0219GC002,2019-02-01,3:50 PM,Derailment,0,BAYTOWN,TX,58.0,2,Day,Cloudy,Yard,Yard/switching,6,4850,8347,13197,H702,29.79224,-95.017268000000001
CSX,000216361,2024-02-25,11:12 AM,Other impacts,0,NASHVILLE,TN,55.0,2,Day,Clear,Yard,Single Car,6,17000,0,17100,S016,36.112136,-86.770713000000001
CP,1001711589,2022-06-11,5:30 AM,Derailment,0,PORTAGE,WI,58.0,4,Dark,Clear,Yard,Freight Train,10,375075,0,375075,T220,43.547597000000003,-89.469395000000006
CSX,000180833,2019-01-18,11:09 AM,Hwy-rail crossing,0,LANEXA,VA,28.0,2,Day,Clear,Main,,0,0,0,20022,M302,37.415722000000002,-76.940074999999993
UP,0615LV007,2015-06-13,3:50 AM,Derailment,0,AVONDALE,LA,78.0,4,Dark,Cloudy,Yard,Yard/switching,10,10276,5880,20557,H601,29.918620000000001,-90.187971000000005
UP,1018DV004,2018-10-04,7:40 PM,Rear end collision,0,GRANITE CANON,WY,46.0,4,Dark,Cloudy,Main,Freight Train,55,2831109,333554,3833007,E03C,41.099654000000001,-105.132199
URR,22101,2022-01-03,5:53 PM,Derailment,0,WEST MIFFLIN,PA,25.0,4,Dark,Clear,Yard,Yard/switching,4,8669,15000,23669,M503,40.345830999999997,-79.897840000000002
UP,1017DV027,2017-10-31,11:45 AM,Hwy-rail crossing,0,SINCLAIR,WY,50.0,2,Day,Clear,Main,Freight Train,47,88901,31021,119922,M302,41.759366999999997,-106.855723
NS,138348,2020-06-26,3:40 PM,Side collision,0,ELKHART,IN,72.0,2,Day,Clear,Yard,Yard/switching,5,69,23776,30975,H706,41.67736,-85.978494999999995
UP,1115PR011,2015-11-27,7:55 PM,Derailment,0,JANESVILLE,WI,30.0,4,Dark,Clear,Yard,Light loco(s),7,37444,300,37744,S104,42.647903999999997,-89.009162000000003
UP,1223PR003,2023-12-02,2:20 AM,Derailment,0,MILWAUKEE,WI,39.0,4,Dark,Cloudy,Main,Freight Train,20,19248,12083,31331,E27C,42.985647,-87.911555000000007
UP,0121SX029,2021-01-31,11:10 PM,Derailment,0,EAGLE PASS,TX,51.0,4,Dark,Clear,Yard,,0,0,12100,12100,H307,28.839904000000001,-100.43380500000001
CSX,000171937,2017-09-29,6:50 PM,Side collision,0,NEW MARTINSVILLE,WV,71.0,3,Dusk,Clear,Yard,Single Car,3,22000,48,30660,H318,39.634444999999999,-80.864151000000007
BNSF,PR0315101,2015-03-03,9:05 PM,Derailment,0,GUERNSEY,WY,15.0,4,Dark,Cloudy,Yard,Freight Train,6,9689,10500,20189,H702,42.273355000000002,-104.74303500000001
CP,1000412422,2016-06-18,11:01 PM,Hwy-rail crossing,0,CALEDONIA,WI,65.0,4,Dark,Clear,Main,,0,0,50,19150,M308,42.760401000000002,-87.915013000000002
BNSF,TC0416103,2016-04-09,1:15 PM,Derailment,0,FRIDLEY,MN,40.0,2,Day,Clear,Yard,Yard/switching,4,17789,6800,24589,M405,45.044198000000002,-93.271159999999995
BNSF,NW1123113,2023-11-14,9:40 PM,Derailment,0,KELSO,WA,38.0,4,Dark,Rain,Yard,,0,0,7623,64019,H607,46.119078999999999,-122.92164200000001
CSX,000176524,2018-05-10,7:57 PM,Other impacts,0,SELKIRK,NY,64.0,3,Dusk,Cloudy,Yard,Single Car,18,30000,0,30000,S016,42.565902999999999,-73.854184000000004
KCS,18090403,2018-09-04,9:15 AM,Derailment,0,KANSAS CITY,MO,80.0,2,Day,Clear,Yard,Freight Train,4,6671,14029,20700,H702,39.128847999999998,-94.521331000000004
CSX,000209300,2023-01-15,7:45 PM,Other impacts,0,COLUMBUS,OH,30.0,3,Dusk,Clear,Yard,Yard/switching,4,15013,0,15013,M599,39.972310999999998,-83.021134000000004
FOXY,240712002,2024-07-12,9:55 PM,Derailment,0,WAUSAU,WI,72.0,4,Dark,Clear,Industry,Freight Train,11,315000,625000,940000,M503,44.951518,-89.690185
CSX,000157530,2016-02-28,12:20 PM,Raking collision,0,NASHVILLE,TN,62.0,2,Day,Clear,Yard,Cut of cars,8,2042,0,22640,E04C,36.112141999999999,-86.770736999999997
WN,05072018,2018-05-07,1:00 PM,Derailment,0,NEW AUBURN,WI,62.0,2,Day,Clear,Main,Freight Train,10,0,50611,50611,T212,45.280161999999997,-91.619281999999998
UP,1217DV001,2017-12-04,9:10 AM,Derailment,0,GREEN RIVER,WY,26.0,2,Day,Clear,Yard,Cut of cars,0,30890,0,123173,T220,41.528376999999999,-109.471373
UP,0921TO013,2021-09-19,11:45 AM,Other impacts,0,FORT WORTH,TX,87.0,2,Day,Clear,Yard,Cut of cars,5,21455,0,119560,H310,32.730362,-97.322349000000003
CSX,000217594,2024-04-23,10:00 PM,Derailment,0,SANDSTONE,WV,68.0,4,Dark,Clear,Main,Freight Train,20,17198,0,17198,E51C,37.751443999999999,-80.915486000000001
WC,1101366,2022-04-29,11:00 PM,Other (describe in narrative),0,GREEN BAY,WI,51.0,4,Dark,Clear,Yard,Yard/switching,4,84271,3614,124967,H307,44.528015000000003,-88.014598000000007
CSX,000138125,2014-11-28,9:19 AM,Hwy-rail crossing,0,WASHINGTON,WV,31.0,2,Day,Clear,Main,Freight Train,29,47089,0,47089,M308,39.245344000000003,-81.685329999999993
UP,0622RM015,2022-06-09,11:00 PM,Derailment,0,ROCK SPRINGS,WY,66.0,4,Dark,Cloudy,Main,Freight Train,50,23525,7341,30866,E39C,41.591546000000001,-108.706739
BNSF,PR0219104,2019-02-04,3:00 PM,Rear end collision,0,WHEATLAND,WY,27.0,2,Day,Cloudy,Main,Freight Train,0,527667,0,1735220,H605,42.347816999999999,-104.89918400000001
ATK,137427,2015-05-14,11:58 AM,Fire/violent rupture,0,MILWAUKEE,WI,51.0,2,Day,Clear,Main,Passenger Train - Pulling,70,600000,0,600000,M406,43.032837999999998,-87.91189
BNSF,CH0221107,2021-02-11,1:01 AM,Derailment,0,GALESBURG,IL,5.0,4,Dark,Clear,Yard,Yard/switching,4,55583,2000,57583,M411,40.909007000000003,-90.384827000000001
WC,871400,2015-11-15,3:00 PM,Side collision,0,FOND DU LAC,WI,54.0,2,Day,Clear,Yard,Yard/switching,15,2496,3058,25954,H318,43.801236000000003,-88.469246999999996
ATK,147472,2017-05-13,8:35 AM,Hwy-rail crossing,0,KENOSHA,WI,60.0,2,Day,Clear,Main,Passenger Train - Pushing,79,8404,0,41612,M308,42.640058000000003,-87.905316999999997
BNSF,NW0623113,2023-06-17,1:00 PM,Derailment,0,SPOKANE,WA,61.0,2,Day,Cloudy,Yard,Yard/switching,8,7691,11020,18711,H312,47.668267,-117.342904
RLGX,10302015,2015-10-30,7:10 AM,Derailment,0,LA PORTE,TX,72.0,1,Dawn,Cloudy,Yard,Yard/switching,2,16172,0,16172,H306,29.642992,-95.038338999999993
CSX,000178663,2018-09-09,2:55 AM,Derailment,0,FAYETTEVILLE,WV,65.0,4,Dark,Rain,Main,Freight Train,26,852911,88276,941187,M103,38.077520999999997,-81.084315000000004
BNSF,TC0820110,2020-08-22,9:40 PM,Derailment,0,SUPERIOR,WI,68.0,4,Dark,Cloudy,Yard,Yard/switching,7,500,16044,16544,H607,46.709989999999998,-92.113311999999993
BNSF,NW0821101,2021-08-02,7:30 AM,Derailment,0,EVERETT,WA,60.0,1,Dawn,Clear,Industry,Light loco(s),6,8104,4500,12604,H303,48.002243,-122.18299
FWWR,20122301,2020-12-23,8:30 PM,Derailment,0,GRANBURY,TX,46.0,4,Dark,Cloudy,Siding,Cut of cars,1,233,947,13947,H099,32.478741999999997,-97.721179000000006
PSAP,PSA081119D,2019-06-15,12:42 PM,Derailment,0,ABERDEEN,WA,68.0,2,Day,Clear,Main,Freight Train,5,51281,1400,52681,H704,46.967778000000003,-123.822778
BNSF,NW1223107,2023-12-15,5:15 AM,Derailment,0,PASCO,WA,43.0,1,Dawn,Cloudy,Yard,Yard/switching,6,11010,0,54102,H307,46.267569000000002,-119.099526
UP,1022PN004,2022-10-04,3:30 PM,Derailment,0,KLAMATH FALLS,OR,74.0,2,Day,Clear,Main,,0,0,601383,632383,E44C,42.231439000000002,-121.775336
BNSF,PR0923101,2023-09-01,1:32 PM,Derailment,0,GUERNSEY,WY,98.0,2,Day,Clear,Yard,Yard/switching,9,115054,126292,241346,H704,42.273778,-104.743109
TXPF,04262016,2016-04-26,11:20 PM,Other impacts,0,COLEMAN,TX,59.0,4,Dark,Rain,Yard,Light loco(s),12,130000,0,260000,H099,31.771927999999999,-99.400045000000006
BNSF,CH0916113,2016-09-22,5:55 AM,Derailment,0,FERRYVILLE,WI,62.0,4,Dark,Rain,Main,Freight Train,38,580481,959480,1539961,M103,43.364362999999997,-91.133088999999998
BNSF,NW0322117,2022-03-29,1:00 PM,Derailment,0,TACOMA,WA,55.0,2,Day,Clear,Yard,Freight Train,7,21826,0,57384,H514,47.261873000000001,-122.39670700000001
UP,1021HL031,2021-10-28,4:10 AM,Derailment,0,COFFEYVILLE,KS,53.0,1,Dawn,Rain,Siding,Freight Train,12,116085,31248,147333,H503,37.029826999999997,-95.625517000000002
BNSF,NW1018108,2018-10-10,8:56 PM,Derailment,0,LONGVIEW,WA,50.0,3,Dusk,Clear,Yard,Freight Train,1,10377,8856,19233,H607,46.103045000000002,-122.892183
UP,1120RM018,2020-11-12,3:00 AM,Derailment,0,ROCK SPRINGS,WY,20.0,4,Dark,Cloudy,Main,Freight Train,50,7212,19110,26322,E07C,41.556134999999998,-108.698896
NECR,NEC144619Y,2019-07-14,1:00 PM,Obstruction,0,BRATTLEBORO,VT,74.0,2,Day,Cloudy,Main,,0,0,0,25421,M404,42.863767000000003,-72.554792000000006
IC,933635,2017-08-23,1:45 AM,Derailment,0,EAST HAZELCREST,IL,59.0,4,Dark,Clear,Yard,Freight Train,4,33200,1400,34600,H702,41.599290000000003,-87.646265
WC,973578,2018-09-20,6:15 PM,Derailment,0,DRESSER,WI,41.0,3,Dusk,Rain,Main,,0,0,77899,82023,H522,45.352730999999999,-92.635236000000006
BNSF,NW0723111,2023-07-12,5:10 PM,Derailment,0,PASCO,WA,90.0,3,Dusk,Clear,Yard,Light loco(s),4,25793,2440,28233,H307,46.223379000000001,-119.076367
BNSF,HL0319114,2019-03-14,7:50 PM,Side collision,0,MEMPHIS,TN,50.0,3,Dusk,Clear,Yard,Yard/switching,6,64475,121805,363533,E39C,35.022010000000002,-89.888249000000002
NS,138102,2020-05-30,1:22 PM,Derailment,0,MATEWAN,WV,72.0,2,Day,Clear,Main,Freight Train,23,321492,212252,533744,E61C,37.621316,-82.179920999999993
WC,1132478,2023-05-05,1:10 PM,Side collision,0,WISCONSIN RAPIDS,WI,50.0,2,Day,Cloudy,Yard,Light loco(s),0,4130,0,31977,H318,44.405825999999998,-89.834518000000003
UP,1219TO031,2019-12-29,7:55 PM,Other impacts,0,FORT WORTH,TX,44.0,3,Dusk,Clear,Yard,Yard/switching,8,8909,9702,20093,H318,32.771726000000001,-97.327076000000005
UP,0615NP020,2015-06-13,2:34 AM,Other (describe in narrative),0,MANVILLE,WY,50.0,4,Dark,Rain,Main,Freight Train,0,961461,821347,1782808,M103,42.781210000000002,-104.611835
IC,924442,2017-05-31,2:20 PM,Hwy-rail crossing,0,DE SOTO,IL,85.0,2,Day,Clear,Main,,0,0,1011,19844,M304,37.781215000000003,-89.222926999999999
CUOH,CUO757121R,2021-04-22,5:40 AM,Derailment,0,AMSTERDAM,OH,33.0,1,Dawn,Clear,Industry,Yard/switching,4,78779,18000,170979,E67C,40.431885999999999,-80.905007999999995
WC,949814,2018-02-09,10:25 AM,Derailment,0,FOND DU LAC,WI,11.0,2,Day,Clear,Yard,Yard/switching,4,18130,1260,19390,H702,43.825702,-88.481206999999998
NJTR,201807361,2018-07-09,4:46 PM,Hwy-rail crossing,0,GARFIELD,NJ,88.0,2,Day,Clear,Main,Commuter Train - Pushing,62,28384,1805,30189,M304,40.886685999999997,-74.102318999999994
BNSF,NW0423119,2023-04-05,9:01 PM,Obstruction,0,VANCOUVER,WA,40.0,4,Dark,Clear,Main,,0,0,0,26357,M404,45.713836000000001,-122.72577099999999
BNSF,TX0816101,2016-08-01,3:20 AM,Other impacts,0,FORT WORTH,TX,85.0,4,Dark,Clear,Yard,Yard/switching,6,40796,0,88450,H318,32.818936999999998,-97.327102999999994
CSX,000141798,2015-02-19,10:45 AM,Derailment,0,GREENVILLE,SC,21.0,2,Day,Clear,Industry,Freight Train,2,10259,856,11115,T221,34.860097000000003,-82.421332000000007
BNSF,NW0619105,2019-06-11,6:00 PM,Other (describe in narrative),0,VANCOUVER,WA,75.0,3,Dusk,Clear,Yard,Yard/switching,4,27278,0,27278,H020,45.648364999999998,-122.724159
BNSF,PR0918107,2018-09-13,2:00 AM,Derailment,0,GUERNSEY,WY,55.0,4,Dark,Clear,Yard,Yard/switching,3,12870,0,12870,H318,42.259653,-104.696648
CSX,000187920,2020-01-19,4:24 AM,Other impacts,0,MEADOW CREEK,WV,20.0,1,Dawn,Cloudy,Main,Freight Train,4,19068,150,38701,H306,37.802807999999999,-80.921581000000003
BNSF,NW0720117,2020-07-31,4:16 PM,Derailment,0,RICHLAND,WA,109.0,2,Day,Clear,Main,Freight Train,8,509453,0,678146,H606,46.244734999999999,-119.25174800000001
WE,190046,2019-05-25,7:06 AM,Side collision,0,BREWSTER,OH,73.0,1,Dawn,Clear,Yard,Light loco(s),3,22708,1799,44273,H702,40.711579999999998,-81.597790000000003
WN,1312015,2015-01-31,6:15 PM,Derailment,0,NEW AUBURN,WI,21.0,4,Dark,Clear,Industry,Freight Train,6,51301,187000,238301,H399,45.197493000000001,-91.559996999999996
UP,1218HL003,2018-12-04,9:25 AM,Derailment,0,HERINGTON,KS,23.0,2,Day,Cloudy,Yard,Freight Train,10,107120,133609,240729,T213,38.692990999999999,-96.950097
NS,137846,2020-04-29,3:45 AM,Obstruction,0,SOPHIA,WV,55.0,4,Dark,Clear,Main,Freight Train,8,102500,21409,123909,H503,37.691529000000003,-81.236403999999993
IORY,IOR428517D,2017-09-12,1:30 PM,Derailment,0,SPRINGFIELD,OH,64.0,2,Day,Rain,Main,Freight Train,11,17000,90000,107000,E53C,39.892527999999999,-83.765833000000001
UP,0621RM010,2021-06-07,4:22 PM,Derailment,0,PRICE,UT,90.0,2,Day,Clear,Main,Freight Train,45,10585,71310,81895,E34C,39.499487000000002,-110.661221
BNSF,NW0720105,2020-07-13,5:40 AM,Derailment,0,TACOMA,WA,57.0,1,Dawn,Clear,Yard,Light loco(s),5,14438,2000,16438,H704,47.241874000000003,-122.428309
BNSF,TC0121102,2021-01-04,6:10 PM,Derailment,0,SUPERIOR,WI,25.0,3,Dusk,Cloudy,Yard,Light loco(s),5,250,18000,18250,H307,46.720911000000001,-92.113985999999997
ATK,152630,2018-04-06,1:20 PM,Hwy-rail crossing,0,ASTICO,WI,30.0,2,Day,Clear,Main,Passenger Train - Pulling,70,34139,0,34499,M302,43.321793999999997,-88.911432000000005
BNSF,SW0420108,2020-04-14,2:30 PM,Derailment,0,CLOVIS,NM,70.0,2,Day,Clear,Yard,Freight Train,5,12000,44000,56000,E4BC,34.397489,-103.21638
BNSF,CH0717107,2017-07-21,3:59 AM,Derailment,0,ONALASKA,WI,80.0,4,Dark,Rain,Yard,Freight Train,5,42502,230330,272832,H703,43.869152999999997,-91.230393000000007
WE,240049,2024-06-05,4:10 PM,Derailment,0,CAREY,OH,81.0,2,Day,Rain,Yard,Light loco(s),6,12459,9601,22060,H702,40.952554999999997,-83.382423000000003
BNSF,NW0318105,2018-03-05,3:18 PM,Raking collision,0,CENTRALIA,WA,50.0,2,Day,Clear,Main,Freight Train,2,10000,955575,970811,H221,46.719766999999997,-122.951559
UP,0116SA012,2016-01-21,7:58 PM,Derailment,0,SAN ANTONIO,TX,55.0,4,Dark,Clear,Yard,Yard/switching,3,145608,45755,191363,M405,29.436527000000002,-98.466656
UP,0119GL043,2019-01-26,3:00 AM,Derailment,0,JANESVILLE,WI,-17.0,4,Dark,Snow,Yard,Light loco(s),3,18620,200,18820,M101,42.684322000000002,-89.028580000000005
GET,IO230061,2023-03-26,11:45 AM,Side collision,0,GETTYSBURG,PA,56.0,4,Dark,Clear,Siding,,0,0,18355,40126,H307,39.852240999999999,-77.286486999999994
WSOR,230818005,2023-08-18,1:15 PM,Derailment,0,PRAIRIE DU CHIEN,WI,85.0,2,Day,Clear,Industry,Freight Train,9,139000,2663,141663,H303,43.06073,-91.159630000000007
UP,0921SX023,2021-09-26,4:44 AM,Derailment,1,SMITHVILLE,TX,59.0,1,Dawn,Clear,Main,Freight Train,12,162939,127735,290674,M405,30.006799999999998,-97.161972000000006
BNSF,HL0518104,2018-05-04,6:11 PM,Other (describe in narrative),0,NORTH KANSAS CITY,MO,70.0,3,Dusk,Clear,Yard,Light loco(s),6,0,21000,21000,H607,39.118721999999998,-94.580528999999999
BNSF,HL0222106,2022-02-05,8:21 AM,Derailment,0,LINCOLN,NE,46.0,1,Dawn,Clear,Yard,Cut of cars,0,2456,0,216317,H307,40.809049999999999,-96.740027999999995
BNSF,NW0620201,2020-06-10,3:00 PM,Hwy-rail crossing,0,ELTOPIA,WA,83.0,2,Day,Clear,Main,Freight Train,49,5477,80214,85691,M302,46.448936000000003,-119.01925799999999
BNSF,NW0718115,2018-07-18,4:35 AM,Derailment,0,LONGVIEW,WA,65.0,1,Dawn,Clear,Yard,,0,0,28000,31700,M503,46.117204999999998,-122.939356
CSX,000214984,2023-12-08,8:48 PM,Hwy-rail crossing,0,HURRICANE,WV,41.0,4,Dark,Cloudy,Main,Freight Train,38,12143,0,12143,M303,38.440561000000002,-81.982483000000002
WC,962758,2018-06-16,9:13 AM,Rear end collision,0,EXELAND,WI,71.0,2,Day,Rain,Main,Freight Train,27,995895,0,1201869,H220,45.716487999999998,-91.294842000000003
ATK,155658,2017-11-30,9:35 AM,Fire/violent rupture,0,SEATTLE,WA,44.0,2,Day,Rain,Yard,Passenger Train - Pulling,6,19921,0,19921,E47L,47.583351,-122.33203899999999
NS,123095,2016-12-11,4:50 AM,Derailment,0,WOODBOURNE,PA,28.0,1,Dawn,Clear,Yard,Freight Train,7,26434,20466,46900,H303,40.191352999999999,-74.883778000000007
UP,0620PR012,2020-06-11,7:10 PM,Derailment,0,JANESVILLE,WI,79.0,3,Dusk,Clear,Yard,Yard/switching,3,636,15933,16569,H702,42.648510999999999,-89.005926000000002
CSX,000209593,2023-02-02,1:06 AM,Other impacts,0,RIVERDALE,IL,21.0,4,Dark,Clear,Yard,Yard/switching,3,10846,0,20635,H305,41.648513000000001,-87.621989999999997
NICD,N2300015,2023-09-27,9:42 PM,Derailment,0,BURNS HARBOR,IN,62.0,4,Dark,Clear,Yard,,0,0,229903,328091,H303,41.628790000000002,-87.111125000000001
BNSF,NW0119109,2019-01-21,4:02 PM,Derailment,0,TACOMA,WA,38.0,2,Day,Clear,Yard,Freight Train,7,16441,10000,26441,H307,47.243405000000003,-122.410883
UP,0518FW001,2018-05-01,10:00 AM,Derailment,0,ODESSA,TX,80.0,2,Day,Clear,Yard,Freight Train,5,677475,14520,691995,H702,31.886683999999999,-102.284981
WC,1132866,2023-05-14,4:40 PM,Side collision,0,GREEN BAY,WI,54.0,2,Day,Clear,Yard,Freight Train,9,80313,17282,97595,H310,44.532248000000003,-88.018683999999993
NS,154011,2023-08-23,9:20 AM,Derailment,0,AMONATE,WV,80.0,2,Day,Clear,Industry,Freight Train,13,160407,0,160407,H020,37.208728000000001,-81.648430000000005
GRNW,200618003,2020-06-18,8:30 PM,Derailment,0,POMEROY,WA,72.0,3,Dusk,Clear,Industry,Freight Train,4,16240,6590,22830,H503,46.631844000000001,-117.80247
UP,1223TO034,2023-12-29,5:20 PM,Hwy-rail crossing,0,CORSICANA,TX,55.0,2,Day,Clear,Main,Freight Train,47,109,107483,107592,M302,32.005234999999999,-96.437173000000001
GRW,28,2015-09-03,4:20 PM,Derailment,0,GARY,IN,90.0,2,Day,Clear,Industry,Yard/switching,5,22000,1796,23796,M204,41.621335999999999,-87.354393000000002