reportingrailroadcode,accidentnumber,date,time,accidenttype,hazmatreleasedcars,station,stateabbr,temperature,visibility_code,visibility,weathercondition,tracktype,equipmenttype,trainspeed,equipmentdamagecost,trackdamagecost,totaldamagecost,primaryaccidentcausecode,latitude,longitude
NS,154202,2023-09-12,10:50 PM,Derailment,0,NEW MARKET,TN,64.0,4,Dark,Clear,Main,Freight Train,31,236,24749,24985,E67C,36.084695000000004,-83.618465
BNSF,CH0818113,2018-08-21,8:50 AM,Derailment,0,HODGKINS,IL,84.0,1,Dawn,Clear,Yard,Yard/switching,5,10000,1000,11000,T221,41.755392000000001,-87.868854999999996
BNSF,NW0819117,2019-08-22,12:30 PM,Other (describe in narrative),0,KELSO,WA,70.0,2,Day,Clear,Main,Spec. MoW Equip.,10,0,24000,24000,H402,46.139152000000003,-122.914625
UP,1216NP009,2016-12-15,8:22 AM,Derailment,0,MANVILLE,WY,16.0,2,Day,Cloudy,Main,Freight Train,33,6874,183792,190666,H995,42.782820000000001,-104.61802900000001
BNSF,NW1120110,2020-11-15,7:40 PM,Derailment,0,VANCOUVER,WA,64.0,3,Dusk,Cloudy,Yard,Yard/switching,7,23520,16337,39857,H607,45.646599000000002,-122.687905
WC,840976,2015-02-17,4:00 AM,Derailment,0,GREEN BAY,WI,7.0,4,Dark,Clear,Yard,Freight Train,6,20840,8635,29475,H599,44.532023000000002,-88.019131999999999
BNSF,NW0522108,2022-05-19,11:15 AM,Rear end collision,0,SKYKOMISH,WA,50.0,2,Day,Cloudy,Siding,Spec. MoW Equip.,5,800,0,13800,H607,47.774169999999998,-121.487199
LI,77420,2022-06-24,2:57 AM,Derailment,0,RONKONKOMA,NY,60.0,4,Dark,Clear,Main,,0,0,16168,48890,E70L,40.809697,-73.091470000000001
BNSF,PR0116100,2016-01-02,6:00 PM,Derailment,0,WRIGHT,WY,26.0,3,Dusk,Clear,Main,,0,0,157232,200359,H307,43.728552999999998,-105.361189
NS,125112,2017-05-18,8:10 PM,Derailment,0,ALTOONA,PA,72.0,4,Dark,Clear,Yard,Yard/switching,3,28633,1000,29633,H306,40.542028000000002,-78.375783999999996
BNSF,PR0815108,2015-08-13,9:10 AM,Head on collision,0,MOORCROFT,WY,71.0,2,Day,Clear,Main,Light loco(s),14,200,1000,19700,H017,44.282020000000003,-105.053763
BNSF,PR0220112,2020-02-27,7:39 PM,Derailment,0,GLENDO,WY,33.0,3,Dusk,Clear,Main,Freight Train,10,9780,2810937,2820717,E61C,42.430656999999997,-104.956909
UP,0522PR001,2022-05-04,4:16 PM,Derailment,0,SHEBOYGAN,WI,53.0,2,Day,Cloudy,Industry,Freight Train,4,42298,102945,145243,H306,43.711044000000001,-87.706384
UP,0522PN010,2022-05-11,8:45 AM,Derailment,0,TRENTWOOD,WA,37.0,2,Day,Clear,Yard,Yard/switching,3,76456,9878,86334,H306,47.680218000000004,-117.20085400000001
BNSF,PR0824108,2024-08-22,10:00 AM,Derailment,0,GREYBULL,WY,78.0,2,Day,Clear,Yard,Freight Train,5,14737,5750,20487,H307,44.487062000000002,-108.05757199999999
BRC,13807,2016-12-06,10:59 AM,Other impacts,0,BEDFORD PARK,IL,32.0,2,Day,Clear,Yard,Yard/switching,3,15410,0,15410,S006,41.768355999999997,-87.752566000000002
UP,0820RM008,2020-08-05,8:30 AM,Fire/violent rupture,0,RED DESERT,WY,54.0,2,Day,Cloudy,Main,Freight Train,60,20703,0,20703,E73L,41.655420999999997,-108.05167400000001
BNSF,NW0820103,2020-08-08,5:25 PM,Derailment,0,YELLEPIT,WA,93.0,3,Dusk,Clear,Main,Freight Train,44,20000,9400,29400,E53C,46.053319999999999,-118.95397199999999
UP,0722SX006,2022-07-04,11:59 PM,Other impacts,0,SAN ANTONIO,TX,84.0,4,Dark,Clear,Yard,Yard/switching,5,3043,0,337436,H318,29.435088,-98.448701
BNSF,PR1120110,2020-11-29,4:01 AM,Derailment,0,CASPER,WY,19.0,1,Dawn,Clear,Yard,Yard/switching,7,68833,15363,194461,H599,42.854142000000003,-106.324305
UP,0917DV014,2017-09-27,10:30 PM,Derailment,0,GREEN RIVER,WY,48.0,4,Dark,Cloudy,Main,Freight Train,6,3645,39594,43239,H519,41.529128999999998,-109.470884
UP,1122GL029,2022-11-26,9:30 AM,Derailment,0,ADAMS,WI,40.0,2,Day,Clear,Yard,Freight Train,6,26894,4088,30982,H307,43.962896000000001,-89.854682999999994
BNSF,PR0522110,2022-05-24,4:31 AM,Other (describe in narrative),0,GILLETTE,WY,38.0,1,Dawn,Clear,Main,Light loco(s),10,0,35000,35000,H403,44.285874,-105.297793
IORY,IOR480620D,2020-07-09,3:15 PM,Derailment,0,PETERSBURG,MI,92.0,2,Day,Clear,Main,Freight Train,11,82004,36368,118372,E46C,41.844966999999997,-83.757889000000006
NS,136589,2019-12-20,1:45 AM,Derailment,0,FAIRVIEW,WV,15.0,4,Dark,Clear,Main,Freight Train,4,3327,16548,19875,M204,39.604118,-80.276426999999998
BNSF,NW1220109,2020-12-19,9:21 AM,Derailment,0,SEATTLE,WA,46.0,2,Day,Cloudy,Yard,Yard/switching,8,32814,9000,41814,S102,47.63541,-122.380745
CRSH,132800,2019-02-07,11:30 AM,Other impacts,0,CAMDEN,NJ,38.0,2,Day,Clear,Yard,Cut of cars,5,27822,0,27822,M201,39.949626000000002,-75.094572999999997
BNSF,RD0523204,2023-05-24,1:38 AM,Hwy-rail crossing,0,ROGERS,TX,71.0,4,Dark,Cloudy,Main,Freight Train,39,11639,30000,41639,M302,30.945912,-97.243483999999995
UP,1015NP001,2015-10-01,10:20 PM,Fire/violent rupture,0,BILL,WY,62.0,4,Dark,Cloudy,Main,Freight Train,30,16835,0,16835,E74L,43.341202000000003,-105.32099700000001
UP,0323GP016,2023-03-13,4:15 PM,Derailment,0,CHEYENNE,WY,46.0,2,Day,Clear,Yard,Freight Train,5,172277,149146,321423,H601,41.123933000000001,-104.834397
CBRW,21080601,2021-08-06,4:00 PM,Raking collision,0,WARDEN,WA,80.0,2,Day,Clear,Industry,Yard/switching,4,20000,0,20000,H018,46.958280000000002,-119.062541
UP,0322MA005,2022-03-06,12:51 PM,Derailment,0,PITTSBURG,TX,80.0,2,Day,Cloudy,Main,Freight Train,42,1191279,985240,2176519,H504,33.039133,-94.972577000000001
UP,0623ES023,2023-06-20,11:20 AM,Obstruction,0,OXFORD,WI,79.0,2,Day,Clear,Main,Maint./inspect Car,15,11000,0,12678,H401,43.783498999999999,-89.572641000000004
UP,0919RM028,2019-09-08,2:45 PM,Fire/violent rupture,0,KEMMERER,WY,53.0,2,Day,Cloudy,Main,Freight Train,30,326281,0,326281,E73L,41.822786000000001,-110.90066400000001
UP,0317DV002,2017-03-05,1:00 PM,Derailment,0,WAMSUTTER,WY,40.0,2,Day,Clear,Main,Freight Train,40,123112,33779,156891,E67C,41.719287999999999,-107.693692
BNSF,CH0219125,2019-02-28,12:49 AM,Derailment,0,ALMA,WI,-8.0,4,Dark,Clear,Industry,Freight Train,8,75000,0,75000,M101,44.303899999999999,-91.909847999999997
BNSF,RD1222207,2022-12-16,9:12 AM,Hwy-rail crossing,0,TERLTON,OK,45.0,2,Day,Clear,Main,Freight Train,42,20000,5000,25000,M302,36.192681,-96.516982999999996
UP,0317HO050,2017-03-18,10:00 PM,Derailment,0,HOUSTON,TX,72.0,4,Dark,Clear,Yard,Single Car,0,1256,0,24514,S011,29.796240000000001,-95.295581999999996
WC,957890,2018-05-04,1:30 AM,Derailment,0,POTTER,WI,50.0,4,Dark,Rain,Main,Freight Train,30,17252,28811,46063,M103,44.129831000000003,-88.111913000000001
CSX,000184670,2019-08-12,5:08 AM,Side collision,0,CAREY,OH,65.0,4,Dark,Cloudy,Main,Freight Train,23,3881685,0,4545778,H221,40.987839000000001,-83.394344000000004
WC,890094,2016-05-31,9:20 PM,Derailment,0,APPLETON,WI,61.0,4,Dark,Rain,Yard,Yard/switching,6,78651,1712,80363,E08C,44.246603999999998,-88.448042000000001
BNSF,NW1221101,2021-12-04,5:05 AM,Derailment,0,FORT LEWIS,WA,40.0,1,Dawn,Rain,Yard,Freight Train,10,28061,273264,301325,H525,47.115076999999999,-122.501741
UP,1023TO023,2023-10-24,10:18 AM,Derailment,0,FORT WORTH,TX,74.0,2,Day,Rain,Yard,Light loco(s),5,250,11424,11674,H307,32.720193999999999,-97.384800999999996
BNSF,CH0415101,2015-04-05,1:26 AM,Derailment,0,LA CROSSE,WI,39.0,4,Dark,Rain,Main,Freight Train,3,16164,1500,17664,E20C,43.846879999999999,-91.230158000000003
UP,0118PR008,2018-01-13,4:25 AM,Derailment,0,JANESVILLE,WI,-3.0,4,Dark,Clear,Yard,Yard/switching,4,23330,37180,60510,E03C,42.641559999999998,-89.001660000000001
WSOR,190224002,2019-02-24,10:20 PM,Derailment,0,HORICON,WI,13.0,4,Dark,Clear,Yard,Yard/switching,4,1500,24000,25500,M101,43.449559999999998,-88.642882
BNSF,NW0923110,2023-09-15,6:37 PM,Derailment,0,PASCO,WA,78.0,3,Dusk,Clear,Yard,Yard/switching,7,132546,0,170737,M411,46.272333000000003,-119.102735
CSX,000176098,2018-04-28,3:11 PM,Derailment,0,HINTON,WV,68.0,2,Day,Clear,Main,Freight Train,36,42101,280033,322134,E54C,37.695042999999998,-80.878692000000001
CSX,000157734,2016-03-01,8:55 PM,Obstruction,0,MILTON,WV,28.0,4,Dark,Rain,Main,Freight Train,46,15338,50,15388,M402,38.417124000000001,-82.112114000000005
TMBL,09142021A,2021-09-14,1:15 PM,Derailment,0,TACOMA,WA,70.0,2,Day,Clear,Industry,,0,0,1850,54850,H514,47.261929000000002,-122.396282
NS,151571,2022-11-28,12:57 PM,Derailment,0,BELLEVUE,OH,41.0,2,Day,Clear,Yard,Freight Train,6,30000,2061,32061,H501,41.273330999999999,-82.834591000000003
BNSF,TC0517100,2017-05-06,12:41 PM,Derailment,0,ABERDEEN,SD,80.0,2,Day,Clear,Yard,Freight Train,5,11158,11497,22655,H704,45.463822,-98.508861999999993
CSX,000177912,2018-07-31,8:09 AM,Derailment,0,JACKSONBURG,WV,74.0,2,Day,Clear,Main,Freight Train,24,105212,4323,109535,E64C,39.541500999999997,-80.668035000000003
KCS,17102301,2017-10-23,4:37 AM,Derailment,0,SIBLEY,LA,52.0,4,Dark,Clear,Siding,Freight Train,18,90317,122424,212741,E62C,32.539608999999999,-93.286534000000003
UP,0316PC006,2016-03-23,6:40 PM,Derailment,0,BRIGHAM CITY,UT,48.0,3,Dusk,Cloudy,Yard,Freight Train,4,31298,170965,202263,E33C,41.520060999999998,-112.029518
CSX,000201441,2021-11-18,5:00 PM,Derailment,0,NASHVILLE,TN,32.0,4,Dark,Clear,Yard,Yard/switching,7,12994,79750,92744,M405,36.112141999999999,-86.770736999999997
WSOR,IN18111201,2018-11-12,11:30 AM,Broken train collision,0,RIPON,WI,35.0,2,Day,Clear,Main,Freight Train,12,21097,4585,25682,E46C,43.848967000000002,-88.830924999999993
UP,0518PR020,2018-05-20,2:08 AM,Derailment,0,MILWAUKEE,WI,48.0,4,Dark,Rain,Yard,Freight Train,4,673,33730,34403,H511,43.102206000000002,-88.064008999999999
UP,1216TC007,2016-12-11,7:45 PM,Derailment,0,ELK MOUND,WI,18.0,4,Dark,Snow,Main,Freight Train,8,110064,9370,119434,H702,44.891339000000002,-91.735675999999998
BVRR,201108002,2020-11-08,1:00 PM,Other (describe in narrative),0,NAMPA,ID,32.0,2,Day,Rain,Industry,Cut of cars,0,15000,0,15000,M103,43.601056999999997,-116.549289
UP,0416HO015,2016-04-07,1:52 PM,Other (describe in narrative),0,CHANNELVIEW,TX,79.0,2,Day,Clear,Main,Freight Train,8,27969,1398,29367,E21C,29.803253000000002,-95.086680999999999
BNSF,NW0623107,2023-06-10,4:43 PM,Other impacts,0,KALAMA,WA,70.0,2,Day,Clear,Industry,Freight Train,4,24000,0,24000,H307,46.032384,-122.858273
BNSF,PR0618108,2018-06-15,7:05 PM,Derailment,0,FRANNIE,WY,55.0,3,Dusk,Clear,Yard,Freight Train,2,1800,31000,32800,H303,44.969580999999998,-108.623053
NS,137359,2020-03-03,1:00 AM,Derailment,0,CRESSON,PA,21.0,4,Dark,Clear,Main,Freight Train,6,13500,1996,15496,H506,40.461852999999998,-78.591971000000001
UP,0117TC002,2017-01-07,8:50 PM,Other impacts,0,TOMAH,WI,-10.0,4,Dark,Clear,Industry,Yard/switching,8,31688,0,48014,H702,44.041992,-90.400435000000002
BNSF,NW0520113,2020-05-24,12:10 AM,Derailment,0,SPOKANE,WA,46.0,4,Dark,Clear,Yard,Freight Train,4,80407,117567,208907,E51C,47.671671000000003,-117.325818
UP,0915PR021,2015-09-29,5:02 PM,Rear end collision,0,SAINT FRANCIS,WI,68.0,2,Day,Cloudy,Main,Freight Train,10,15789,3000,26439,H221,42.981054,-87.883741999999998
UP,0323GP017,2023-03-15,9:00 PM,Other impacts,0,NORTH PLATTE,NE,53.0,4,Dark,Clear,Yard,Yard/switching,6,31054,11250,42404,M411,41.148524000000002,-100.842691
BNSF,NW0518110,2018-05-14,10:30 AM,Rear end collision,0,AUBURN,WA,75.0,2,Day,Clear,Main,Maint./inspect Car,5,70000,0,70250,H402,47.304791000000002,-122.174046
UP,0819SX022,2019-08-16,8:15 PM,Derailment,0,SAN ANTONIO,TX,96.0,4,Dark,Clear,Yard,Yard/switching,8,36609,3499,40108,H524,29.436388999999998,-98.466666000000004
BNSF,RD0424108,2024-04-08,11:15 PM,Derailment,0,SILSBEE,TX,70.0,4,Dark,Cloudy,Yard,Yard/switching,7,47037,18653,65690,H019,30.355692000000001,-94.193492000000006
IC,982198,2018-12-20,1:30 AM,Raking collision,0,HARAHAN,LA,53.0,4,Dark,Fog,Yard,Light loco(s),4,1125,0,26125,H702,29.973078999999998,-90.204014999999998
ATK,178661,2024-03-02,12:01 AM,Derailment,0,SPOKANE,WA,34.0,4,Dark,Clear,Yard,Passenger Train - Pulling,9,26786,0,26786,E69C,47.656280000000002,-117.41495999999999
NS,152838,2023-04-17,8:00 AM,Derailment,0,RADFORD,VA,50.0,2,Day,Clear,Yard,Light loco(s),0,12843,0,12843,H017,37.135983000000003,-80.540768
CSX,000171877,2017-09-26,8:25 AM,Derailment,0,NEW MARTINSVILLE,WV,80.0,2,Day,Clear,Yard,Yard/switching,2,31558,196,31754,E4BC,39.634444999999999,-80.864151000000007
NS,155281,2024-01-09,8:40 AM,Other (describe in narrative),0,CREWE,VA,59.0,2,Day,Rain,Yard,Yard/switching,4,2363,11636,13999,H702,37.178052000000001,-78.131442000000007
ATK,179143,2024-04-05,1:10 AM,Obstruction,0,LONG ISLAND CITY,NY,40.0,4,Dark,Clear,Main,Passenger Train - Pulling,30,23542,0,23542,M402,40.745156999999999,-73.939065999999997
UP,0721SX005,2021-07-07,3:00 PM,Derailment,0,SAN ANTONIO,TX,82.0,2,Day,Clear,Yard,Yard/switching,5,37620,197440,476851,H703,29.434045000000001,-98.468022000000005
CSX,000143277,2015-03-14,9:50 PM,Obstruction,0,WHITE SULPHUR SPRING,WV,37.0,4,Dark,Clear,Main,Freight Train,5,141775,50,141825,M404,37.788336000000001,-80.291313000000002
WC,1086883,2021-10-29,10:10 PM,Obstruction,0,LOCKPORT,IL,53.0,4,Dark,Cloudy,Main,,0,0,0,12833,M402,41.584899999999998,-88.061120000000003
BNSF,PR0516108,2016-05-20,7:50 PM,Derailment,0,GILLETTE,WY,67.0,4,Dark,Cloudy,Industry,Freight Train,5,17767,4500,22267,H303,44.077254000000003,-105.333454
CSX,000210247,2023-03-08,4:47 AM,Derailment,0,SANDSTONE,WV,27.0,4,Dark,Clear,Main,Freight Train,47,2003799,212778,2216577,M404,37.763655999999997,-80.894514999999998
UP,0118DV002,2018-01-07,6:03 AM,Derailment,0,GREEN RIVER,WY,25.0,4,Dark,Clear,Yard,Freight Train,5,61094,12936,74030,H303,41.567621000000003,-109.678755
UP,1117DV003,2017-11-15,5:00 PM,Other impacts,0,CHEYENNE,WY,40.0,3,Dusk,Cloudy,Yard,Yard/switching,4,45461,6024,113817,E35C,41.126342000000001,-104.823228
WC,1138492,2023-09-01,5:00 PM,Side collision,0,GREEN BAY,WI,70.0,2,Day,Clear,Yard,Yard/switching,6,93,0,37869,H018,44.526862000000001,-88.017965000000004
UP,1215WH003,2015-12-13,8:10 PM,Derailment,0,MUSKOGEE,OK,45.0,4,Dark,Rain,Yard,Yard/switching,2,5971,11080,17301,H020,35.768765000000002,-95.351380000000006
UP,0517NP001,2017-05-01,1:53 PM,Fire/violent rupture,0,MANVILLE,WY,52.0,2,Day,Clear,Main,Freight Train,0,68822,0,68822,E74L,42.784139000000003,-104.63561900000001
UP,0524RM011,2024-05-10,4:55 PM,Other impacts,0,OGDEN,UT,70.0,2,Day,Cloudy,Yard,Light loco(s),4,5309,15208,47747,H017,41.213315999999999,-111.983614
UP,1120RM012,2020-11-11,8:45 AM,Derailment,0,LARAMIE,WY,20.0,2,Day,Cloudy,Main,Freight Train,40,159,23000,23159,E39C,41.312333000000002,-105.596254
BNSF,NW0122121,2022-01-24,12:38 PM,Other impacts,0,VANCOUVER,WA,40.0,2,Day,Clear,Yard,Freight Train,2,5000,0,21000,H607,45.648418999999997,-122.688132
UP,0317NP020,2017-03-09,3:20 PM,Derailment,0,MANVILLE,WY,42.0,2,Day,Cloudy,Main,Freight Train,30,54960,229901,284861,E53C,42.777360999999999,-104.68242100000001
NS,115129,2015-04-04,9:47 PM,Other impacts,0,WEST FAIRVIEW,PA,47.0,4,Dark,Clear,Yard,Light loco(s),26,100000,0,114052,H999,40.279833000000004,-76.922471000000002
UP,0718ST022,2018-07-30,11:50 AM,Derailment,0,EL PASO,TX,92.0,2,Day,Clear,Main,Freight Train,9,5737,5140,53857,H994,31.764451999999999,-106.482028
UP,0616TC010,2016-06-26,9:02 AM,Derailment,0,SUPERIOR,WI,75.0,2,Day,Clear,Yard,,0,0,70563,94663,H525,46.679488999999997,-92.013305000000003
UP,0117ST007,2017-01-14,2:06 PM,Hwy-rail crossing,0,TOYAH,TX,42.0,2,Day,Cloudy,Main,Freight Train,69,16187,0,16187,M308,31.373858999999999,-103.65232
UP,0819PN020,2019-08-16,9:30 PM,Derailment,0,NAPAVINE,WA,66.0,4,Dark,Cloudy,Yard,Freight Train,5,159,0,12139,H303,46.573982999999998,-122.911023
UP,0822GC002,2022-08-05,3:47 AM,Other (describe in narrative),0,MARINGOUIN,LA,71.0,4,Dark,Clear,Yard,Single Car,7,33185,0,33185,M411,30.523299000000002,-91.550462999999993
CSX,000207630,2022-10-04,1:20 PM,Obstruction,0,MEADOW CREEK,WV,59.0,2,Day,Clear,Main,Maint./inspect Car,0,137,0,12181,H993,37.792270000000002,-80.916670999999994
UP,0117TC002,2017-01-07,8:50 PM,Other impacts,0,TOMAH,WI,-10.0,4,Dark,Clear,Industry,Cut of cars,0,16326,0,48014,H702,44.041992,-90.400435000000002
BNSF,PR0415115,2015-04-25,1:06 AM,Other (describe in narrative),0,BILL,WY,40.0,4,Dark,Clear,Main,Freight Train,45,39771,2500,42271,E20C,43.341202000000003,-105.32099700000001
UP,0415FW002,2015-04-04,4:26 PM,Derailment,0,RIESEL,TX,58.0,2,Day,Cloudy,Main,Freight Train,24,216681,81457,298138,M204,31.497060999999999,-96.939183
CSX,000208819,2022-12-14,9:10 AM,Derailment,0,NEW MARTINSVILLE,WV,53.0,2,Day,Clear,Yard,Freight Train,2,57174,574,57748,H702,39.634455000000003,-80.864163000000005
BNSF,NW0624106,2024-06-11,6:20 AM,Derailment,0,SPOKANE,WA,60.0,1,Dawn,Clear,Yard,Work train,6,604,17665,18269,T212,47.659427000000001,-117.38810100000001
BNSF,NW0923113,2023-09-20,1:26 AM,Derailment,0,TACOMA,WA,48.0,4,Dark,Cloudy,Yard,Yard/switching,7,726,28500,29226,H307,47.241562999999999,-122.430488
LS,LS1123113,2023-11-14,9:40 PM,Derailment,0,KELSO,WA,38.0,4,Dark,Rain,Yard,Yard/switching,5,56396,0,64019,H607,46.119078999999999,-122.92164200000001
BNSF,NW0620111,2020-06-20,6:10 AM,Obstruction,0,SUMNER,WA,50.0,1,Dawn,Cloudy,Main,Freight Train,35,6000,70000,76000,M402,47.247464000000001,-122.22899200000001
BNSF,NE0816201,2016-08-15,10:05 AM,Hwy-rail crossing,0,GRAND ISLAND,NE,85.0,2,Day,Clear,Main,Freight Train,33,300,18231,18531,M308,40.91404,-98.301699999999997
BNSF,SF0116117,2016-01-29,10:43 AM,Derailment,0,TULSA,OK,67.0,2,Day,Clear,Yard,Yard/switching,2,7744,26053,33797,S007,36.116017999999997,-96.012575999999996
BNSF,PR0124109,2024-01-20,8:04 PM,Derailment,0,GREYBULL,WY,30.0,3,Dusk,Clear,Main,Freight Train,7,10978,2875,13853,H019,44.649113,-108.15347300000001
UP,0915TC001,2015-09-03,10:45 AM,Derailment,0,ALTOONA,WI,72.0,2,Day,Cloudy,Yard,Yard/switching,5,10086,1137,11223,H312,44.803893000000002,-91.419167999999999
UP,0120RM038,2020-01-02,3:11 PM,Other (describe in narrative),0,GREEN RIVER,WY,25.0,2,Day,Clear,Yard,Single Car,0,23895,0,23895,M411,41.522415000000002,-109.458545
UP,0521GL030,2021-05-29,2:30 AM,Derailment,0,ALTOONA,WI,39.0,4,Dark,Clear,Yard,Yard/switching,2,31064,57400,88464,H318,44.811700999999999,-91.451003999999998
BNSF,PR0218105,2018-02-19,7:00 PM,Other impacts,0,MILLS,WY,-2.0,3,Dusk,Snow,Industry,Yard/switching,3,22662,2000,24662,H018,42.845699000000003,-106.35284
NS,120955,2016-06-21,12:30 AM,Raking collision,0,MANVILLE,NJ,71.0,4,Dark,Clear,Yard,Freight Train,6,33300,0,33300,E39C,40.547018000000001,-74.578243999999998
CP,1001558048,2021-09-06,3:23 PM,Hwy-rail crossing,0,CALEDONIA,WI,75.0,2,Day,Clear,Main,,0,0,0,21443,M308,42.832954999999998,-87.926918000000001
BNSF,PR0524103,2024-05-08,5:14 AM,Derailment,0,FRANNIE,WY,33.0,1,Dawn,Snow,Yard,Freight Train,8,34354,50266,84620,H607,44.97542,-108.622699
NS,115487,2015-05-01,2:15 PM,Other (describe in narrative),0,RIPPON,WV,65.0,2,Day,Clear,Main,Light loco(s),56,12500,0,12500,E73L,39.204085999999997,-77.923497999999995
CSX,000219404,2024-07-18,2:25 AM,Derailment,0,GRANT TOWN,WV,68.0,4,Dark,Clear,Main,Freight Train,9,3837,0,74010,M501,39.554918999999998,-80.175860999999998
UP,0217SA020,2017-02-22,10:20 PM,Derailment,0,HEARNE,TX,65.0,4,Dark,Clear,Yard,Light loco(s),6,17475,5540,23015,E4TL,30.873480000000001,-96.588247999999993
BNSF,RD0622124,2022-06-27,7:35 AM,Derailment,0,TEMPLE,TX,86.0,1,Dawn,Clear,Yard,Yard/switching,2,83774,217323,301097,H602,31.115832999999999,-97.350145999999995
NJTR,202003123,2020-03-02,3:45 AM,Derailment,0,MORRISVILLE,PA,40.0,4,Dark,Clear,Yard,Work train,5,13384,1104,14488,M599,40.195273,-74.791357000000005
BNSF,NW0224120,2024-02-28,2:20 PM,Derailment,0,WENATCHEE,WA,45.0,2,Day,Clear,Yard,Freight Train,5,1000,44981,45981,M503,47.397722000000002,-120.29506000000001
ATK,169376,2022-01-02,10:36 AM,Rear end collision,0,BOSTON,MA,30.0,4,Dark,Clear,Yard,Passenger Train - Pulling,0,442,0,29899,H605,42.333030000000001,-71.059984
TCRY,200731,2020-07-31,4:16 PM,Derailment,0,RICHLAND,WA,109.0,2,Day,Clear,Main,,0,0,168693,678146,H606,46.244734999999999,-119.25174800000001
CSX,000203121,2022-02-16,8:30 AM,Other impacts,0,NEWPORT NEWS,VA,40.0,2,Day,Clear,Industry,Cut of cars,2,52418,0,60095,H302,37.017218999999997,-76.448280999999994
CSX,000165402,2016-12-21,12:35 PM,Other impacts,0,PORT HURON,MI,34.0,2,Day,Cloudy,Yard,Single Car,1,5424,228,85652,H318,42.962954000000003,-82.471339999999998
WC,1052454,2020-10-27,12:25 PM,Hwy-rail crossing,0,BARRON,WI,27.0,2,Day,Clear,Main,Freight Train,35,25000,10500,35500,M302,45.403236,-91.827250000000006
UP,0421RM012,2021-04-12,8:00 PM,Side collision,0,GREEN RIVER,WY,44.0,4,Dark,Clear,Industry,Light loco(s),4,11688,0,18742,H020,41.681936999999998,-109.75322799999999
CSX,000192533,2020-09-10,6:28 AM,Derailment,0,BUFFALO,NY,66.0,1,Dawn,Fog,Yard,Yard/switching,10,167717,1000,168717,H306,42.901972999999998,-78.773441000000005
BNSF,PR0920202,2020-09-10,1:30 PM,Hwy-rail crossing,0,WORLAND,WY,85.0,2,Day,Clear,Main,Spec. MoW Equip.,15,50000,0,50000,M302,43.993442000000002,-107.978753
UP,0618UT007,2018-06-06,9:15 AM,Hwy-rail crossing,0,LYMAN,WY,60.0,2,Day,Clear,Main,Freight Train,55,34860,33,234893,M302,41.437266999999999,-110.42906600000001
UP,0117PC003,2017-01-07,5:35 PM,Hwy-rail crossing,0,ONTARIO,OR,7.0,4,Dark,Snow,Main,Freight Train,34,0,12951,12951,M303,44.021689000000002,-116.962693
UP,0617PD022,2017-06-24,10:00 AM,Other impacts,0,SEATTLE,WA,83.0,2,Day,Clear,Yard,Yard/switching,4,10218,528,11546,H020,47.558701999999997,-122.326463
NS,129443,2018-05-12,2:30 PM,Other impacts,0,HOPEWELL,VA,95.0,2,Day,Clear,Industry,Freight Train,3,62466,0,62466,H306,37.297159000000001,-77.292711999999995
CSX,000157431,2016-02-24,2:40 AM,Hwy-rail crossing,0,JACKSONBURG,WV,40.0,4,Dark,Rain,Main,Freight Train,23,17107,126,17233,M303,39.520232999999998,-80.621796000000003
UP,0923SX005,2023-09-09,5:25 PM,Other impacts,0,SAN ANTONIO,TX,100.0,2,Day,Clear,Yard,Yard/switching,4,32691,0,32691,H309,29.380323000000001,-98.554423
UP,0723RM001,2023-07-01,7:45 PM,Derailment,0,POCATELLO,ID,92.0,3,Dusk,Clear,Yard,Yard/switching,5,26961,4716,31677,E51C,42.860363999999997,-112.445277
UP,1216DV003,2016-12-11,10:10 AM,Fire/violent rupture,0,SINCLAIR,WY,25.0,2,Day,Clear,Main,Freight Train,0,36175,0,36175,E72L,41.780436999999999,-106.98759
CSX,000144316,2015-04-07,9:05 AM,Derailment,0,SELKIRK,NY,40.0,2,Day,Cloudy,Yard,Cut of cars,17,35871,1587,64903,M407,42.564653999999997,-73.85257
CSX,000190663,2020-06-06,4:33 AM,Side collision,0,NORTH BALTIMORE,OH,66.0,1,Dawn,Cloudy,Yard,Yard/switching,10,42583,89718,141168,H607,41.182015999999997,-83.684342000000001
BNSF,PR1116117,2016-11-29,5:30 AM,Other (describe in narrative),0,BILL,WY,28.0,1,Dawn,Cloudy,Main,Freight Train,4,0,30000,30000,H605,42.773505999999998,-105.13584899999999
BNSF,RD1122120,2022-11-17,11:30 AM,Derailment,0,HOUSTON,TX,55.0,2,Day,Cloudy,Yard,Yard/switching,9,22000,2500,24500,H307,29.629413,-95.306882000000002
CRSH,118303,2015-11-20,1:30 PM,Raking collision,0,MARCUS HOOK,PA,53.0,2,Day,Clear,Industry,Cut of cars,0,4142,0,11762,H306,39.812432999999999,-75.413623999999999
VREX,120616,2016-12-06,5:48 AM,Obstruction,0,QUANTICO,VA,44.0,1,Dawn,Clear,Main,Commuter Train - Pushing,27,13707,0,13707,M402,38.438329000000003,-77.338245999999998
BNSF,RD0424110,2024-04-10,1:08 AM,Derailment,0,DAYTON,TX,65.0,4,Dark,Rain,Siding,Yard/switching,9,21511,0,25775,H607,29.933747,-94.915368999999998