reportingrailroadcode,accidentnumber,date,time,accidenttype,hazmatreleasedcars,station,stateabbr,temperature,visibility_code,visibility,weathercondition,tracktype,equipmenttype,trainspeed,equipmentdamagecost,trackdamagecost,totaldamagecost,primaryaccidentcausecode,latitude,longitude
BNSF,PR0321105,2021-03-14,2:00 PM,Side collision,0,GUERNSEY,WY,32.0,2,Day,Snow,Yard,Freight Train,10,24168,0,29168,H607,42.276592000000001,-104.749633
FEC,D54122618,2018-12-26,8:42 PM,Obstruction,0,FORT LAUDERDALE,FL,70.0,4,Dark,Clear,Main,,0,0,123,22455,M402,26.113160000000001,-80.145216000000005
IC,982198,2018-12-20,1:30 AM,Raking collision,0,HARAHAN,LA,53.0,4,Dark,Fog,Yard,Cut of cars,0,25000,0,26125,H702,29.973078999999998,-90.204014999999998
UP,0521PR007,2021-05-13,12:02 AM,Derailment,0,NORTHLAKE,IL,44.0,4,Dark,Clear,Yard,Yard/switching,6,12918,30036,42954,H307,41.909334000000001,-87.915437999999995
UP,0319GL081,2019-03-25,8:00 PM,Derailment,0,MENOMONEE FALLS,WI,30.0,4,Dark,Clear,Main,Freight Train,18,288293,186814,475107,E34C,43.130476999999999,-88.167220999999998
NS,132918,2019-02-20,2:25 PM,Derailment,0,KNOXVILLE,TN,51.0,2,Day,Rain,Main,Freight Train,21,44837,135887,202072,H701,35.959121000000003,-83.944045000000003
BNSF,PR0315116,2015-03-26,11:00 PM,Derailment,0,ROZET,WY,44.0,4,Dark,Rain,Yard,Yard/switching,5,17388,0,17388,H607,44.289889000000002,-105.282904
BNSF,NW0823105,2023-08-16,1:00 PM,Derailment,0,MARYSVILLE,WA,92.0,2,Day,Clear,Yard,Freight Train,2,2290,21145,23435,H306,48.152841000000002,-122.141105
BNSF,PR1115106,2015-11-21,2:50 AM,Derailment,0,GUERNSEY,WY,21.0,4,Dark,Cloudy,Yard,Light loco(s),5,42213,0,42213,H303,42.260848000000003,-104.716258
UP,1021SX018,2021-10-16,2:40 AM,Derailment,0,SAN ANTONIO,TX,65.0,4,Dark,Clear,Industry,Yard/switching,4,66095,2640,68735,H508,29.544409999999999,-98.427482999999995
CP,1001595621,2021-11-10,1:21 PM,Hwy-rail crossing,0,IXONIA,WI,55.0,2,Day,Cloudy,Main,,0,0,45,21267,M302,43.136420000000001,-88.582650000000001
CSX,000186838,2019-11-30,11:31 AM,Derailment,0,SELKIRK,NY,35.0,2,Day,Clear,Yard,Yard/switching,5,15208,1000,16208,E46C,42.565902999999999,-73.854184000000004
BNSF,PR0623115,2023-06-23,10:50 PM,Derailment,0,WRIGHT,WY,60.0,4,Dark,Rain,Main,Freight Train,0,1692317,57000,1749317,M102,43.501567000000001,-105.33832200000001
UP,0218NP065,2018-02-28,6:47 AM,Fire/violent rupture,0,LEXINGTON,NE,40.0,1,Dawn,Clear,Main,Freight Train,40,48652,0,48652,E74L,40.766708999999999,-99.699691999999999
UP,0619GL015,2019-06-12,12:40 PM,Hwy-rail crossing,0,SUPERIOR,WI,64.0,2,Day,Clear,Main,Freight Train,25,56958,0,56958,M303,46.589610999999998,-91.907263
UP,1018DV004,2018-10-04,7:40 PM,Rear end collision,0,GRANITE CANON,WY,46.0,3,Dusk,Cloudy,Main,Freight Train,0,668344,0,3833007,E03C,41.099654000000001,-105.132199
WW,WWR212887,2021-02-08,10:13 AM,Derailment,0,MARTINSBURG,WV,0.0,2,Day,Clear,Siding,Freight Train,6,60000,0,60000,H303,39.416584,-77.997690000000006
ATK,172554,2022-10-30,10:33 PM,Hwy-rail crossing,0,PUYALLUP,WA,55.0,4,Dark,Rain,Main,Passenger Train - Pulling,74,24402,0,24402,M308,47.195217,-122.309637
NS,138348,2020-06-26,3:40 PM,Side collision,0,ELKHART,IN,72.0,2,Day,Clear,Yard,Yard/switching,10,7130,0,30975,H706,41.67736,-85.978494999999995
UP,0122SX010,2022-01-14,1:35 AM,Other impacts,0,SAN ANTONIO,TX,42.0,4,Dark,Clear,Yard,Single Car,0,187,0,34301,H310,29.383976000000001,-98.547255000000007
WC,961512,2018-06-02,3:57 PM,Derailment,0,SUPERIOR,WI,39.0,2,Day,Rain,Main,Freight Train,28,200,13513,13713,H220,46.653120000000001,-92.016581000000002
BNSF,CH0515114,2015-05-05,3:00 PM,Other (describe in narrative),0,PEPIN,WI,78.0,2,Day,Clear,Main,Spec. MoW Equip.,3,13558,0,13558,M599,44.442802999999998,-92.165087999999997
NS,130926,2018-09-13,6:20 AM,Derailment,0,CONWAY,PA,67.0,1,Dawn,Cloudy,Yard,Yard/switching,3,1400,25789,27189,S006,40.672356000000001,-80.251823000000002
NS,137048,2020-02-04,7:15 PM,Derailment,0,MYRTLE,WV,55.0,3,Dusk,Rain,Main,Freight Train,7,30019,3561,33580,M101,37.750630000000001,-82.220909000000006
BNSF,TC0817103,2017-08-06,5:30 AM,Other impacts,0,SUPERIOR,WI,60.0,1,Dawn,Clear,Yard,Yard/switching,3,28133,0,28133,H317,46.717925999999999,-92.113356999999993
BNSF,NW1123127,2023-11-28,5:00 AM,Derailment,0,SPOKANE,WA,38.0,1,Dawn,Clear,Yard,Yard/switching,6,8608,52277,60885,H522,47.668171999999998,-117.34414099999999
UP,0317HO050,2017-03-18,10:00 PM,Derailment,0,HOUSTON,TX,72.0,4,Dark,Clear,Yard,Freight Train,4,22658,600,24514,S011,29.796240000000001,-95.295581999999996
KCS,17070401,2017-07-04,3:35 PM,Derailment,0,MARBLE CITY,OK,84.0,2,Day,Rain,Main,Freight Train,40,1516,80000,81516,E61C,35.536011000000002,-94.841353999999995
BNSF,RD1118110,2018-11-09,1:30 AM,Side collision,0,FORT WORTH,TX,45.0,4,Dark,Clear,Yard,Yard/switching,0,19000,0,36787,H306,32.833064999999998,-97.339276999999996
BNSF,CH0522115,2022-05-31,7:55 PM,Derailment,0,CHANNAHON,IL,82.0,3,Dusk,Cloudy,Industry,Yard/switching,4,13140,5986,19126,H312,41.406298999999997,-88.198064000000002
BNSF,NW1022119,2022-10-31,9:10 PM,Derailment,0,KALAMA,WA,56.0,4,Dark,Clear,Industry,Light loco(s),4,11900,0,11900,H307,46.019421999999999,-122.852739
WC,1009744,2019-08-19,3:30 AM,Derailment,0,GREEN BAY,WI,24.0,4,Dark,Clear,Yard,Freight Train,6,4200,263068,267268,H503,44.524034,-88.013441999999998
TMBL,04172020A,2020-04-17,5:00 PM,Derailment,0,TACOMA,WA,61.0,3,Dusk,Cloudy,Yard,,0,0,0,69983,H503,47.257902000000001,-122.389262
BNSF,NW1223204,2023-12-20,8:38 PM,Hwy-rail crossing,0,PUYALLUP,WA,41.0,4,Dark,Fog,Main,,0,0,0,12158,M402,47.193255999999998,-122.29872
BNSF,RD0620106,2020-06-07,2:30 AM,Derailment,0,OKLAHOMA CITY,OK,78.0,4,Dark,Clear,Yard,Yard/switching,6,156611,15000,171611,H703,35.382500999999998,-97.483086999999998
BNSF,RD0617129,2017-06-27,3:48 AM,Derailment,0,SILSBEE,TX,75.0,4,Dark,Clear,Yard,Yard/switching,4,46891,8500,55391,H318,30.358812,-94.200573000000006
UP,0219GL005,2019-02-04,11:00 PM,Derailment,0,WAUWATOSA,WI,28.0,4,Dark,Clear,Industry,Freight Train,5,3884,9630,13514,M101,43.070202999999999,-88.050697
BNSF,PR0817104,2017-08-05,7:55 PM,Derailment,0,FRANNIE,WY,76.0,3,Dusk,Clear,Yard,Freight Train,2,19345,5000,24345,H008,44.972644000000003,-108.622169
BNSF,MT0720203,2020-07-28,11:02 AM,Hwy-rail crossing,0,BROCKTON,MT,83.0,2,Day,Clear,Main,Freight Train,57,20000,0,20000,M302,48.157736,-104.85382
CP,1000245632,2015-06-12,9:24 AM,Hwy-rail crossing,0,STURTEVANT,WI,57.0,2,Day,Rain,Main,,0,0,100,220778,M308,42.669027,-87.905495999999999
BNSF,NW1221116,2021-12-21,8:15 PM,Derailment,0,SPOKANE,WA,25.0,3,Dusk,Snow,Yard,Freight Train,8,26893,11200,38093,H307,47.667755,-117.344998
KCS,21043001,2021-04-30,12:15 PM,Obstruction,0,MANY,LA,75.0,2,Day,Rain,Main,Spec. MoW Equip.,4,13200,0,13200,H402,31.563096000000002,-93.482883000000001
UP,0822GC012,2022-08-13,6:30 AM,Derailment,0,FREEPORT,TX,79.0,1,Dawn,Clear,Industry,Yard/switching,4,31838,99,31937,H307,28.985821000000001,-95.353211999999999
BNSF,PR0624107,2024-06-26,10:50 PM,Derailment,0,GREYBULL,WY,64.0,4,Dark,Clear,Yard,Yard/switching,4,31531,1500,33031,H318,44.489432000000001,-108.057551
BNSF,NW1019116,2019-10-24,10:30 PM,Derailment,0,TACOMA,WA,53.0,4,Dark,Clear,Industry,Freight Train,8,113170,0,113170,T212,47.271099999999997,-122.451342
UP,0920RM003,2020-09-05,9:40 AM,Derailment,0,RAWLINS,WY,55.0,2,Day,Clear,Yard,Freight Train,9,1251,53606,54857,M204,41.788715000000003,-107.208765
WC,923419,2017-05-22,11:00 PM,Derailment,0,N FOND DU LAC,WI,55.0,4,Dark,Clear,Yard,Yard/switching,6,17550,17070,34620,H703,43.811576000000002,-88.475877999999994
UP,0316DV005,2016-03-14,9:41 PM,Head on collision,0,GRANGER,WY,20.0,4,Dark,Clear,Siding,Freight Train,30,1097100,0,2116526,H405,41.617227,-109.925037
BNSF,NW0921116,2021-09-24,7:37 AM,Derailment,0,SEATTLE,WA,54.0,1,Dawn,Cloudy,Yard,Commuter Train - Pushing,5,25000,2700,27700,H307,47.582695000000001,-122.33177499999999
UP,0320HO026,2020-03-22,4:00 AM,Other impacts,0,HOUSTON,TX,69.0,1,Dawn,Cloudy,Yard,Single Car,0,113,0,36685,M599,29.770121,-95.291700000000006
CSX,000163775,2016-10-22,3:30 AM,Derailment,0,GRAFTON,WV,41.0,4,Dark,Clear,Yard,Freight Train,7,25971,451,26422,T220,39.339993999999997,-80.018118999999999
NS,137171,2020-02-13,5:44 PM,Other (describe in narrative),0,ALTOONA,PA,21.0,3,Dusk,Clear,Main,Light loco(s),13,16,5217,27160,H504,40.500284999999998,-78.426210999999995
BNSF,NW0115102,2015-01-10,9:50 AM,Rear end collision,0,RICHMOND BEACH,WA,46.0,2,Day,Cloudy,Main,Freight Train,20,1000,0,36000,H402,47.730865999999999,-122.373347
UP,1123RM008,2023-11-06,2:00 PM,Derailment,0,HELPER,UT,56.0,2,Day,Clear,Yard,Work train,7,27896,382909,410805,M501,39.680970000000002,-110.85306799999999
NS,141649,2021-05-24,8:00 PM,Derailment,0,DANVILLE,KY,72.0,4,Dark,Clear,Yard,Freight Train,2,27647,26765,54412,H506,37.636482999999998,-84.781070999999997
BNSF,CH0620106,2020-06-30,5:16 PM,Obstruction,0,VIENNA,IL,90.0,3,Dusk,Clear,Main,Freight Train,34,167171,487514,654685,M404,37.376092999999997,-88.956774999999993
TRRA,21014,2021-02-24,5:52 PM,Derailment,0,VENICE,IL,50.0,3,Dusk,Clear,Yard,Yard/switching,3,13150,46545,59695,M405,38.676285999999998,-90.162053
UP,0716DV010,2016-07-16,10:15 AM,Derailment,0,CHEYENNE,WY,80.0,2,Day,Clear,Yard,Light loco(s),8,1000,18827,19827,H702,41.128157000000002,-104.81791
UP,1018LV015,2018-10-09,11:45 AM,Other impacts,0,BEAUMONT,TX,78.0,2,Day,Cloudy,Yard,Single Car,0,31185,0,159454,H702,30.072109999999999,-94.157441000000006
CSX,000202021,2021-12-22,8:30 PM,Other impacts,0,SMITHFIELD,WV,25.0,4,Dark,Clear,Main,Freight Train,20,60874,33,60907,M599,39.524137000000003,-80.629586000000003
BNSF,NW0324113,2024-03-04,11:00 AM,Derailment,0,KELSO,WA,40.0,2,Day,Cloudy,Yard,,0,0,23000,23000,E67C,46.119078999999999,-122.92164200000001
KCS,17102303,2017-10-23,5:11 PM,Hwy-rail crossing,0,LEESVILLE,LA,78.0,2,Day,Clear,Main,Freight Train,35,28065,0,28065,M302,31.164400000000001,-93.273087000000004
WC,1097403,2022-03-16,11:00 AM,Fire/violent rupture,0,KNOWLTON,WI,64.0,2,Day,Clear,Main,Spec. MoW Equip.,1,120000,0,120000,M406,44.711061000000001,-89.698983999999996
CSX,000203821,2022-03-22,11:00 PM,Other (describe in narrative),0,READER,WV,42.0,4,Dark,Clear,Main,Freight Train,25,14455,64,14519,M501,39.576056999999999,-80.771232999999995
UP,0916DV016,2016-09-30,5:45 AM,Fire/violent rupture,0,CHEYENNE,WY,55.0,1,Dawn,Cloudy,Main,Freight Train,15,21267,0,21267,E73L,41.126674000000001,-104.821529
ATK,177994,2024-01-13,8:34 AM,Obstruction,0,WINDSOR,WI,20.0,2,Day,Snow,Main,Passenger Train - Pulling,43,34035,0,34035,M404,42.721510000000002,-87.90607
ATK,141596,2016-03-17,6:15 AM,Other (describe in narrative),0,BOSTON,MA,0.0,2,Day,Clear,Main,Passenger Train - Pulling,120,11529,0,11529,E78L,42.288375000000002,-71.119721999999996
BNSF,NW0619103,2019-06-04,8:24 PM,Side collision,0,EVERETT,WA,70.0,3,Dusk,Clear,Yard,Yard/switching,5,14970,1000,45128,H306,48.001085000000003,-122.18569100000001
CSX,000154158,2015-11-07,12:30 PM,Other impacts,0,RIVERDALE,IL,51.0,2,Day,Clear,Yard,Single Car,7,876,150,15285,H302,41.643124,-87.615775999999997
NS,140887,2021-03-11,1:30 AM,Other (describe in narrative),0,MASCOT,TN,39.0,4,Dark,Clear,Yard,Yard/switching,3,1605,17767,19372,H702,36.033043999999997,-83.817204000000004
UP,0615NP019,2015-06-12,3:30 PM,Other (describe in narrative),0,MANVILLE,WY,50.0,2,Day,Rain,Main,Freight Train,0,1072997,797074,1870071,M103,42.781210000000002,-104.611835
CSX,000209376,2023-01-19,4:30 PM,Other impacts,0,CINCINNATI,OH,40.0,3,Dusk,Rain,Yard,Single Car,10,141,0,29141,M105,39.136408000000003,-84.542399000000003
UP,0416LK001,2016-04-01,11:50 AM,Other (describe in narrative),0,LONGVIEW,TX,75.0,2,Day,Clear,Yard,Single Car,0,39268,0,39268,E29C,32.493209,-94.735161000000005
CSX,000178390,2018-08-22,3:30 PM,Obstruction,0,CHARLESTON,WV,78.0,3,Dusk,Clear,Main,Spec. MoW Equip.,3,0,19122,19122,H993,38.319451999999998,-81.584497999999996
CSX,000187920,2020-01-19,4:24 AM,Other impacts,0,MEADOW CREEK,WV,20.0,1,Dawn,Cloudy,Main,Cut of cars,0,19483,0,38701,H306,37.802807999999999,-80.921581000000003
BNSF,NW1120104,2020-11-05,10:00 AM,Derailment,0,PASCO,WA,60.0,2,Day,Clear,Yard,Yard/switching,4,56301,850,57151,M411,46.270854,-119.102637
BNSF,PR1018112,2018-10-19,4:40 PM,Derailment,0,GILLETTE,WY,65.0,2,Day,Clear,Yard,Freight Train,5,14214,45000,59214,H307,44.295901000000001,-105.51418200000001
CSX,000211661,2023-06-05,10:25 AM,Hwy-rail crossing,0,UNION CITY,GA,68.0,2,Day,Cloudy,Main,Freight Train,35,3684,11042,14726,M304,33.581631999999999,-84.551033000000004
BNSF,NW1023111,2023-10-16,9:30 PM,Derailment,0,SPOKANE,WA,50.0,4,Dark,Clear,Yard,Yard/switching,4,4673,10236,14909,H503,47.674214999999997,-117.314995
BNSF,CH1022102,2022-10-06,12:15 AM,Other (describe in narrative),0,GENOA,WI,64.0,4,Dark,Clear,Main,Freight Train,5,0,50643,50643,H702,43.551107000000002,-91.228921
UP,1219RM024,2019-12-30,9:00 PM,Other (describe in narrative),0,GREEN RIVER,WY,4.0,4,Dark,Clear,Yard,Single Car,0,15265,0,15265,H312,41.524256000000001,-109.462619
BNSF,CH0420108,2020-04-20,10:40 AM,Obstruction,0,POTOSI,WI,56.0,2,Day,Clear,Main,Freight Train,46,744992,175000,919992,M404,42.594579000000003,-90.663611000000003
UP,0720PN012,2020-07-14,1:57 AM,Derailment,0,PORTLAND,OR,66.0,4,Dark,Clear,Yard,Yard/switching,3,14649,8943,23592,H312,45.545817999999997,-122.686302
BNSF,PR0219104,2019-02-04,3:00 PM,Rear end collision,0,WHEATLAND,WY,27.0,2,Day,Cloudy,Main,Freight Train,23,997553,210000,1735220,H605,42.347816999999999,-104.89918400000001
UP,0723HO001,2023-07-01,1:55 AM,Other impacts,0,BAYTOWN,TX,83.0,4,Dark,Clear,Yard,Yard/switching,10,1420,10005,13237,H601,29.79851,-95.017139
CSX,000170522,2017-07-26,11:20 AM,Derailment,0,NASHVILLE,TN,92.0,2,Day,Clear,Yard,Yard/switching,2,23853,342,24195,H524,36.123196,-86.749860999999996
TMBL,04222016A,2016-04-22,9:02 AM,Derailment,0,TACOMA,WA,55.0,2,Day,Cloudy,Yard,Yard/switching,2,56000,500,56500,H504,47.271465999999997,-122.384737
CP,1000502394,2017-01-24,8:05 PM,Derailment,0,SUPERIOR,WI,32.0,4,Dark,Cloudy,Yard,Yard/switching,10,6458,1382,388787,E40C,46.727088000000002,-92.084271999999999
CSX,000177861,2018-07-29,2:40 AM,Derailment,0,HENRICO,VA,70.0,4,Dark,Clear,Yard,Yard/switching,5,172509,42885,215394,H702,37.599466999999997,-77.487802000000002
UP,1121GC034,2021-11-30,10:30 PM,Other impacts,0,BEAUMONT,TX,56.0,4,Dark,Clear,Yard,Light loco(s),0,7295,0,81298,H318,30.073550000000001,-94.144249000000002
UP,0416PR002,2016-04-10,4:50 PM,Derailment,0,WAUWATOSA,WI,46.0,2,Day,Cloudy,Yard,Freight Train,2,22263,27893,50156,M405,43.088123000000003,-88.062023999999994
UP,0315PC006,2015-03-29,5:26 AM,Derailment,0,COKEVILLE,WY,25.0,1,Dawn,Clear,Main,Freight Train,13,90525,206174,296699,H525,42.024588999999999,-110.946591
BNSF,NW0721107,2021-07-12,12:15 PM,Derailment,0,PROSSER,WA,100.0,2,Day,Clear,Yard,Freight Train,8,13171,26359,39530,M404,46.204633000000001,-119.773281
CSX,000195808,2021-02-16,2:30 AM,Obstruction,0,HUNTINGTON,WV,32.0,4,Dark,Cloudy,Main,Freight Train,30,35688,0,35688,M404,38.396146999999999,-82.527760999999998
BNSF,NW0122109,2022-01-07,5:30 PM,Derailment,0,PASCO,WA,35.0,3,Dusk,Clear,Industry,Yard/switching,2,28215,0,28215,H210,46.259546,-119.087
UP,0622GL026,2022-06-28,11:55 AM,Derailment,0,ALTOONA,WI,67.0,2,Day,Cloudy,Yard,Yard/switching,0,23509,528,24037,H018,44.811700999999999,-91.451003999999998
BNSF,HL0419104,2019-04-07,9:26 PM,Derailment,0,OMAHA,NE,68.0,4,Dark,Clear,Yard,Freight Train,6,16000,125000,141000,H704,41.226787999999999,-95.917884000000001
NS,138084,2020-05-29,8:31 AM,Derailment,0,FRONT ROYAL,VA,75.0,2,Day,Clear,Main,Freight Train,32,715574,365893,1081467,E65C,38.915967999999999,-78.112548000000004
CSX,000192169,2020-08-20,3:02 PM,Other impacts,0,NASHVILLE,TN,74.0,2,Day,Cloudy,Yard,Single Car,6,100,0,27406,S016,36.112141999999999,-86.770736999999997
WC,952357,2018-03-10,2:30 AM,Other (describe in narrative),0,FOND DU LAC,WI,26.0,4,Dark,Clear,Yard,Yard/switching,4,0,14990,14990,H318,43.822223000000001,-88.479263000000003
BNSF,HL0319114,2019-03-14,7:50 PM,Side collision,0,MEMPHIS,TN,50.0,3,Dusk,Clear,Yard,Freight Train,0,177253,0,363533,E39C,35.022010000000002,-89.888249000000002
BNSF,PR0821111,2021-08-27,10:21 PM,Derailment,0,ROZET,WY,77.0,4,Dark,Cloudy,Yard,Freight Train,10,3000,58284,61284,H508,44.278879000000003,-105.20435500000001
KCS,21081205,2021-08-12,4:10 PM,Other impacts,0,KANSAS CITY,MO,95.0,2,Day,Rain,Yard,Cut of cars,1,250,0,13500,M105,39.128548000000002,-94.515451999999996
NS,127729,2017-12-11,1:52 PM,Derailment,0,PINEVILLE,WV,40.0,2,Day,Clear,Main,Freight Train,25,7215,7080,14295,E06C,37.595255000000002,-81.648527000000001
UP,0517NP002,2017-05-03,9:03 AM,Fire/violent rupture,0,MANVILLE,WY,38.0,2,Day,Cloudy,Main,Freight Train,0,139900,0,139900,E73L,42.757193000000001,-104.816563
CSX,000180252,2018-12-10,5:35 PM,Hwy-rail crossing,0,SHENANDOAH JUNCTION,WV,32.0,3,Dusk,Clear,Main,,0,0,0,66884,M303,39.362867000000001,-77.864785999999995
GTW,1077333,2021-07-19,5:20 AM,Derailment,0,TOLEDO,OH,66.0,1,Dawn,Clear,Yard,Freight Train,5,85105,3783,88888,T221,41.731473999999999,-83.503951999999998
BNSF,NW0619107,2019-06-19,7:05 AM,Derailment,0,CENTRALIA,WA,65.0,1,Dawn,Clear,Yard,Freight Train,9,13374,10100,23474,H307,46.731133999999997,-122.94720100000001
UP,0119GL028,2019-01-20,10:00 AM,Other impacts,0,MANKATO,MN,1.0,2,Day,Clear,Yard,Freight Train,0,51483,0,102529,H018,44.195355999999997,-93.987129999999993
CSX,000176534,2018-05-12,9:50 AM,Other impacts,0,SELKIRK,NY,48.0,2,Day,Cloudy,Yard,Single Car,24,28170,0,28170,M507,42.565902999999999,-73.854184000000004
CSX,000162890,2016-09-15,9:50 AM,Other impacts,0,HANCOCK,WV,68.0,2,Day,Clear,Main,Freight Train,40,23667,0,63667,H993,39.587763000000002,-78.394649000000001
BNSF,PR0715113,2015-07-27,8:50 PM,Side collision,0,WRIGHT,WY,55.0,3,Dusk,Clear,Industry,Freight Train,9,33200,0,49575,H307,43.842146,-105.36376199999999
CSX,000202297,2022-01-08,7:09 AM,Other impacts,0,GRAFTON,WV,5.0,1,Dawn,Cloudy,Yard,Cut of cars,0,72877,0,101415,H306,39.340043000000001,-80.018074999999996
NS,156739,2024-05-16,9:15 PM,Derailment,0,FOREST ACRES,SC,67.0,4,Dark,Clear,Yard,Yard/switching,6,50036,7309,57345,M599,33.952354999999997,-80.963288000000006
WSOR,240814005,2024-08-14,2:07 PM,Hwy-rail crossing,0,RANDOM LAKE,WI,82.0,2,Day,Clear,Main,Freight Train,25,369983,120280,490263,M302,43.572000000000003,-87.954853
NS,152813,2023-04-11,5:26 PM,Other impacts,0,JUSTICE,WV,50.0,3,Dusk,Clear,Main,Spec. MoW Equip.,10,12449,0,13000,H606,37.593808000000003,-81.723095000000001
BNSF,CH1216112,2016-12-18,3:30 PM,Other impacts,0,ELWOOD,IL,-6.0,2,Day,Clear,Yard,Freight Train,10,181160,6000,324570,H305,41.399126000000003,-88.154037000000002
UP,0915TC012,2015-09-11,10:18 AM,Hwy-rail crossing,0,CHIPPEWA FALLS,WI,57.0,2,Day,Cloudy,Main,Work train,28,11430,0,11430,M304,44.886223999999999,-91.429770000000005
SCR,SCR240624,2024-06-24,5:55 PM,Fire/violent rupture,0,TUKWILA,WA,70.0,2,Day,Cloudy,Main,Passenger Train - Pulling,0,0,0,0,M406,47.306297000000001,-122.23214
BNSF,NW1120118,2020-11-22,8:23 PM,Derailment,0,SEATTLE,WA,35.0,3,Dusk,Rain,Yard,Freight Train,5,232773,253000,485773,H607,47.495930999999999,-122.27163299999999
BNSF,RD0423112,2023-04-18,6:15 AM,Other (describe in narrative),0,JUSTIN,TX,52.0,1,Dawn,Clear,Yard,Yard/switching,6,2019,21000,23019,H318,32.996392999999998,-97.354893000000004
TCT,580301,2020-11-19,4:30 PM,Raking collision,0,TEXAS CITY,TX,70.0,2,Day,Clear,Yard,Yard/switching,5,50000,0,50000,H018,29.355408000000001,-94.931848000000002
UP,0620TO008,2020-06-04,12:45 PM,Other impacts,0,DALLAS,TX,89.0,2,Day,Cloudy,Yard,Freight Train,5,18448,165,32706,H021,32.710549,-96.748069999999998
CSX,000205592,2022-06-14,12:25 PM,Obstruction,0,DILLON,SC,84.0,2,Day,Clear,Main,,0,0,0,25014,M503,34.403367000000003,-79.382721000000004
BNSF,NW0921109,2021-09-12,2:30 PM,Derailment,0,SPOKANE,WA,74.0,2,Day,Clear,Industry,Yard/switching,5,13944,1920,15864,H307,47.687173999999999,-117.19084599999999
CSX,000177257,2018-06-27,9:40 AM,Hwy-rail crossing,0,NEWPORT NEWS,VA,75.0,2,Day,Clear,Main,Freight Train,46,121,16099,16220,M308,37.165152999999997,-76.550072
CSX,000188029,2020-01-24,1:55 AM,Side collision,0,BUFFALO,NY,34.0,4,Dark,Cloudy,Yard,Yard/switching,8,20050,200,20250,H306,42.901972999999998,-78.773441000000005
NS,124956,2017-05-05,8:45 AM,Derailment,0,CONWAY,PA,60.0,2,Day,Cloudy,Yard,Yard/switching,2,27896,19156,50877,E29C,40.672356000000001,-80.251823000000002
ATK,172396,2022-10-16,10:05 PM,Hwy-rail crossing,0,KENOSHA,WI,42.0,4,Dark,Cloudy,Main,Passenger Train - Pulling,78,16917,0,17067,M308,42.581730999999998,-87.905009000000007
CSX,000201810,2021-12-12,6:20 PM,Derailment,0,HUNTINGTON,WV,40.0,3,Dusk,Clear,Yard,Freight Train,2,36000,578,36578,H702,38.412764000000003,-82.458459000000005
CSX,000196608,2021-03-25,4:15 AM,Other impacts,0,GRAFTON,WV,45.0,1,Dawn,Clear,Yard,Single Car,5,8190,0,12016,E08C,39.339993999999997,-80.018118999999999
ATK,174963,2023-06-01,7:30 PM,Derailment,0,BOSTON,MA,75.0,2,Day,Clear,Yard,Yard/switching,5,3041,12600,15641,E64C,42.332794,-71.060057999999998
BNSF,NW0419123,2019-04-27,9:25 AM,Derailment,0,SPOKANE,WA,50.0,2,Day,Clear,Yard,Yard/switching,10,66796,4000,70796,S101,47.674123000000002,-117.33255
BNSF,TC0417101,2017-04-04,3:50 AM,Derailment,0,SUPERIOR,WI,39.0,4,Dark,Fog,Yard,Yard/switching,4,13478,6000,19478,E0HC,46.721088999999999,-92.112544
BNSF,NW0623122,2023-06-29,1:16 PM,Derailment,0,VANCOUVER,WA,65.0,2,Day,Clear,Yard,Yard/switching,4,109242,27858,137100,H607,45.634427000000002,-122.686599
BNSF,NW0521117,2021-05-25,1:00 PM,Other impacts,0,EVERETT,WA,70.0,2,Day,Clear,Yard,Yard/switching,8,250,0,40250,H309,47.999946000000001,-122.18455299999999
UP,0922HL011,2022-09-13,11:35 PM,Derailment,0,KANSAS CITY,MO,85.0,4,Dark,Clear,Yard,Yard/switching,7,164942,22422,187364,H702,39.114364000000002,-94.570058000000003
BNSF,TC1222102,2022-12-01,12:43 PM,Derailment,0,MENTOR,MN,25.0,2,Day,Clear,Main,Freight Train,48,11000,50000,61000,E53C,47.702205999999997,-96.307068000000001
UP,0422RM022,2022-04-16,3:41 AM,Derailment,0,KEMMERER,WY,30.0,4,Dark,Cloudy,Main,Freight Train,25,515357,205972,721329,E06L,41.769097000000002,-110.33573699999999
UP,1223PR009,2023-12-13,6:15 AM,Derailment,0,ADAMS,WI,25.0,1,Dawn,Clear,Main,Freight Train,5,400,27555,27955,H702,43.965046000000001,-89.861299000000002
BNSF,RD0819131,2019-08-23,9:25 AM,Derailment,0,SWEETWATER,TX,98.0,2,Day,Clear,Yard,Freight Train,7,18971,50000,68971,H607,32.503439,-100.398371
NS,133347,2019-03-25,8:15 PM,Derailment,0,ASHEVILLE,NC,52.0,4,Dark,Rain,Main,Freight Train,4,36696,19533,56229,E30C,35.584401999999997,-82.565624999999997
BNSF,KS0415107,2015-04-24,12:30 PM,Other (describe in narrative),0,AMARILLO,TX,73.0,2,Day,Clear,Yard,Light loco(s),2,0,0,102235,H318,35.196907000000003,-101.829516
NS,145127,2022-04-30,9:51 AM,Other impacts,0,MASCOT,TN,72.0,2,Day,Clear,Yard,Cut of cars,0,25000,0,28017,H307,36.033043999999997,-83.817204000000004