reportingrailroadcode,accidentnumber,date,time,accidenttype,hazmatreleasedcars,station,stateabbr,temperature,visibility_code,visibility,weathercondition,tracktype,equipmenttype,trainspeed,equipmentdamagecost,trackdamagecost,totaldamagecost,primaryaccidentcausecode,latitude,longitude
UP,0720PN010,2020-07-09,9:05 PM,Hwy-rail crossing,0,TACOMA,WA,70.0,4,Dark,Clear,Yard,Freight Train,3,122767,0,122767,M308,47.251460999999999,-122.404882
RCPE,RCP340623S,2023-02-24,3:30 AM,Side collision,0,ALADDIN,WY,-15.0,4,Dark,Cloudy,Industry,Freight Train,5,35000,1500,36500,H306,44.869605999999997,-104.161272
BNSF,PR1116102,2016-11-04,9:34 PM,Derailment,0,CASPER,WY,59.0,4,Dark,Clear,Yard,Yard/switching,5,88689,0,88689,H307,42.854263000000003,-106.32344000000001
NS,143768,2021-12-15,2:59 PM,Other impacts,0,ENOLA,PA,53.0,2,Day,Clear,Yard,Yard/switching,6,177793,63909,241702,E30C,40.299196999999999,-76.924148000000002
BNSF,CH0315107,2015-03-31,3:45 PM,Obstruction,0,BAY CITY,WI,68.0,2,Day,Clear,Main,Maint./inspect Car,0,35000,0,58000,H997,44.584854,-92.439440000000005
BNSF,NW0919101,2019-09-02,7:15 AM,Derailment,0,EVERETT,WA,57.0,1,Dawn,Clear,Yard,Freight Train,5,15073,3500,18573,H525,48.004066000000002,-122.186702
WC,1091596,2022-01-02,8:10 PM,Other (describe in narrative),0,SUPERIOR,WI,-3.0,4,Dark,Clear,Main,Light loco(s),3,0,15000,15000,H702,46.651940000000003,-92.157027999999997
WC,1101366,2022-04-29,11:00 PM,Other (describe in narrative),0,GREEN BAY,WI,51.0,4,Dark,Clear,Yard,Freight Train,0,37082,0,124967,H307,44.528015000000003,-88.014598000000007
UP,0121HO002,2021-01-04,10:07 PM,Side collision,0,EAGLE LAKE,TX,54.0,4,Dark,Clear,Main,Freight Train,4,409956,60729,476594,H306,29.583237,-96.327118999999996
PAL,2016NOV1D,2016-11-01,9:45 PM,Derailment,0,CALVERT CITY,KY,68.0,4,Dark,Clear,Industry,Freight Train,10,400000,72450,472450,E4BC,37.035899999999998,-88.368799999999993
NS,114279,2015-02-09,7:45 PM,Derailment,0,CHATTANOOGA,TN,46.0,3,Dusk,Cloudy,Yard,Yard/switching,4,1300,0,13805,H399,35.100949999999997,-85.233074000000002
UP,0316TC003,2016-03-07,11:50 PM,Derailment,0,SHAKOPEE,MN,58.0,4,Dark,Clear,Siding,Freight Train,3,9217,792,11304,M404,44.796852999999999,-93.532295000000005
CSX,000171428,2017-09-03,12:19 PM,Derailment,0,RACINE,WV,86.0,2,Day,Clear,Main,Freight Train,18,80878,71200,152078,E47C,38.141739999999999,-81.659589999999994
UP,0724PR003,2024-07-03,12:40 AM,Other impacts,0,ALTOONA,WI,66.0,4,Dark,Clear,Yard,Cut of cars,0,11387,0,110910,H312,44.804887999999998,-91.422184000000001
BNSF,TC0416104,2016-04-11,11:25 AM,Derailment,0,FRIDLEY,MN,40.0,2,Day,Clear,Yard,Yard/switching,4,12500,62671,75171,H506,45.040588999999997,-93.270231999999993
BNSF,NW0319131,2019-03-30,8:00 AM,Derailment,0,BURLINGTON,WA,39.0,1,Dawn,Clear,Yard,Cut of cars,0,40000,0,45579,H306,48.468212000000001,-122.32825
UP,1020RM014,2020-10-20,5:30 AM,Derailment,0,GREEN RIVER,WY,43.0,1,Dawn,Cloudy,Yard,Freight Train,5,34854,1320,36174,E09C,41.520015999999998,-109.449814
CSX,000191599,2020-07-26,3:30 PM,Obstruction,0,SPRINGFIELD,WV,91.0,2,Day,Clear,Main,Maint./inspect Car,17,44814,0,45039,H997,39.547516999999999,-78.692460999999994
UP,1023HO044,2023-10-30,5:05 AM,Derailment,0,LA PORTE,TX,51.0,1,Dawn,Cloudy,Yard,Yard/switching,7,491050,264682,1484795,H702,29.655169000000001,-95.038911999999996
BNSF,NW0923110,2023-09-15,6:37 PM,Derailment,0,PASCO,WA,78.0,3,Dusk,Clear,Yard,Yard/switching,5,2610,35581,170737,M411,46.272333000000003,-119.102735
CP,1000840201,2018-09-20,6:15 PM,Derailment,0,DRESSER,WI,41.0,3,Dusk,Rain,Main,Freight Train,5,4124,0,82023,H522,45.352730999999999,-92.635236000000006
BNSF,NW0623123,2023-06-29,11:59 AM,Derailment,0,SPOKANE,WA,87.0,2,Day,Cloudy,Yard,Yard/switching,8,12533,0,12533,H312,47.668934,-117.340712
NS,140554,2021-02-10,6:25 AM,Derailment,0,CHICAGO,IL,6.0,1,Dawn,Clear,Main,Freight Train,4,403274,4652,582926,H522,41.713554999999999,-87.534642000000005
NS,151571,2022-11-28,12:57 PM,Derailment,0,BELLEVUE,OH,41.0,2,Day,Clear,Yard,Freight Train,0,0,0,32061,H501,41.273330999999999,-82.834591000000003
NS,153688,2023-07-21,8:00 PM,Other (describe in narrative),0,CHATTANOOGA,TN,70.0,4,Dark,Rain,Yard,Light loco(s),5,16115,329,16444,H702,35.060735000000001,-85.266800000000003
NS,120185,2016-04-19,12:41 AM,Derailment,0,WILLIAMSON,WV,87.0,4,Dark,Clear,Yard,Freight Train,3,13167,75,13242,H306,37.672215999999999,-82.276212999999998
BNSF,NW0718116,2018-07-13,11:51 PM,Derailment,0,TACOMA,WA,70.0,4,Dark,Clear,Yard,Yard/switching,10,1500,17500,19000,H306,47.243653999999999,-122.414404
CSX,000150512,2015-08-13,1:30 AM,Derailment,0,NEW MARTINSVILLE,WV,68.0,4,Dark,Clear,Industry,Freight Train,8,84287,2500,86787,T220,39.628382999999999,-80.868291999999997
UP,1016NP006,2016-10-05,8:35 PM,Fire/violent rupture,0,MANVILLE,WY,49.0,2,Day,Cloudy,Main,Freight Train,12,61401,0,61401,E79L,42.757337,-104.824771
UP,1116UT008,2016-11-10,9:41 PM,Derailment,0,MILFORD,UT,35.0,4,Dark,Clear,Siding,Freight Train,5,5503,35101,40604,H306,38.508149000000003,-112.98426000000001
UP,0115PR013,2015-01-19,6:30 PM,Other impacts,0,BUTLER,WI,30.0,3,Dusk,Cloudy,Yard,Yard/switching,0,9732,2385,12230,H702,43.113061999999999,-88.064047000000002
WC,1132866,2023-05-14,4:40 PM,Side collision,0,GREEN BAY,WI,54.0,2,Day,Clear,Yard,Cut of cars,2,0,0,97595,H310,44.532248000000003,-88.018683999999993
NS,156896,2024-05-30,5:40 AM,Other impacts,0,PORTSMOUTH,OH,65.0,1,Dawn,Clear,Yard,Cut of cars,7,27487,6060,33547,H318,38.744826000000003,-82.941788000000003
BNSF,NW1223120,2023-12-28,6:37 AM,Derailment,0,KALAMA,WA,40.0,1,Dawn,Rain,Yard,,0,0,19063,23594,H307,46.012081000000002,-122.84849
NS,125118,2017-05-19,12:10 AM,Derailment,0,SAXON,SC,73.0,4,Dark,Clear,Yard,Freight Train,4,12407,200,12607,H307,34.961174999999997,-81.957445000000007
BNSF,PR0620109,2020-06-21,10:20 PM,Derailment,0,GILLETTE,WY,65.0,4,Dark,Clear,Main,Freight Train,16,45000,0,45000,E21C,44.126302000000003,-105.299074
RCPE,RCP496623O,2023-08-07,2:30 PM,Derailment,0,ALADDIN,WY,55.0,2,Day,Rain,Industry,Cut of cars,5,30000,15000,45000,M504,44.870969000000002,-104.156057
BNSF,TC0416109,2016-04-19,6:40 PM,Derailment,0,MINNEAPOLIS,MN,55.0,3,Dusk,Clear,Yard,Yard/switching,5,1179,10500,11679,M411,45.033445,-93.271313000000006
BNSF,HL1222201,2022-12-19,5:35 PM,Hwy-rail crossing,0,SHERMAN,MS,40.0,3,Dusk,Clear,Main,Freight Train,54,6000,6000,12000,M302,34.358576999999997,-88.841104999999999
ATK,168270,2021-09-06,3:23 PM,Hwy-rail crossing,0,CALEDONIA,WI,75.0,2,Day,Clear,Main,Passenger Train - Pulling,79,21443,0,21443,M308,42.832954999999998,-87.926918000000001
WC,1073786,2021-06-16,1:31 AM,Derailment,0,MERRILL,WI,45.0,4,Dark,Clear,Main,Freight Train,17,688425,115180,803605,M503,45.179155000000002,-89.679845999999998
BNSF,PR0521111,2021-05-26,3:40 PM,Rear end collision,0,POWDER RIVER,WY,65.0,2,Day,Clear,Main,Spec. MoW Equip.,10,25000,0,150000,H997,43.030338999999998,-106.797748
CSX,000149045,2015-07-10,5:50 PM,Obstruction,0,MEADOW CREEK,WV,72.0,2,Day,Clear,Main,Freight Train,27,45000,50,45050,H402,37.798181999999997,-80.920174000000003
CSX,000176535,2018-05-12,10:49 PM,Other impacts,0,SELKIRK,NY,45.0,4,Dark,Cloudy,Yard,Single Car,18,22177,0,22177,S016,42.565902999999999,-73.854184000000004
BNSF,CH1216102,2016-12-04,12:01 AM,Derailment,0,GALESBURG,IL,31.0,4,Dark,Clear,Yard,Yard/switching,8,8500,22000,30500,H307,40.940097000000002,-90.367778999999999
NS,133700,2019-04-25,11:45 AM,Derailment,0,DAVY,WV,70.0,2,Day,Clear,Main,Freight Train,35,18692,35553,54245,E85C,37.453563000000003,-81.705749999999995
CSX,000157050,2016-02-12,12:20 PM,Derailment,0,JACKSON,TN,48.0,2,Day,Clear,Yard,Yard/switching,5,48407,502,48909,T220,35.595486999999999,-88.887379999999993
BNSF,SW0420102,2020-04-06,12:05 AM,Derailment,0,BELEN,NM,40.0,4,Dark,Clear,Yard,Yard/switching,9,28270,7700,35970,H309,34.647219,-106.76852
WE,240053,2024-06-19,4:00 AM,Derailment,0,BREWSTER,OH,70.0,4,Dark,Clear,Yard,Yard/switching,10,38700,46912,85612,E64C,40.707003,-81.598179000000002
BNSF,RD0620119,2020-06-22,6:47 AM,Derailment,0,TULSA,OK,70.0,1,Dawn,Cloudy,Yard,Light loco(s),4,30000,400,30400,H607,36.127578999999997,-96.012585000000001
IHB,2291,2017-03-08,7:25 PM,Other impacts,0,HAMMOND,IN,43.0,4,Dark,Clear,Yard,Freight Train,5,11965,0,11965,H018,41.607356000000003,-87.484868000000006
IC,927796,2017-06-30,11:30 PM,Side collision,0,BATON ROUGE,LA,80.0,4,Dark,Cloudy,Main,Cut of cars,3,3000,0,15638,H018,30.472348,-91.188300999999996
BNSF,PR0824102,2024-08-09,3:46 PM,Derailment,0,FRANNIE,WY,70.0,2,Day,Clear,Industry,Freight Train,1,13165,0,13165,H307,44.998497999999998,-108.62657400000001
NS,151971,2023-01-11,2:33 AM,Derailment,0,GALLITZIN,PA,28.0,4,Dark,Clear,Main,Freight Train,7,7200,21273,28473,H506,40.476951999999997,-78.562877
UP,0119GL062,2019-01-29,9:00 PM,Other (describe in narrative),0,SUPERIOR,WI,-36.0,4,Dark,Clear,Yard,Freight Train,0,21282,0,21282,M199,46.67427,-92.010009999999994
UP,0823GL050,2023-08-30,9:30 PM,Other impacts,0,SUPERIOR,WI,64.0,4,Dark,Clear,Yard,Cut of cars,0,0,0,109221,H307,46.681168999999997,-92.018752000000006
BNSF,CH0918102,2018-09-03,11:45 PM,Derailment,0,PRAIRIE DU CHIEN,WI,72.0,4,Dark,Rain,Main,Freight Train,55,1850,1567311,1569161,M103,43.117420000000003,-91.142044999999996
NS,139249,2020-09-24,12:05 PM,Hwy-rail crossing,0,NORTHFORK,WV,65.0,2,Day,Clear,Main,Freight Train,25,6539,11456,17995,M303,37.416249000000001,-81.435933000000006
CSX,000201761,2021-12-08,2:15 PM,Derailment,0,LAKE CITY,SC,56.0,2,Day,Clear,Industry,Freight Train,4,104053,1328,105381,H514,33.831642000000002,-79.768314000000004
KCS,20052102,2020-05-21,1:45 PM,Hwy-rail crossing,0,PITTSBURG,TX,85.0,2,Day,Cloudy,Main,Freight Train,38,76103,45735,121838,M308,33.000925000000002,-94.959182999999996
BNSF,HL0222106,2022-02-05,8:21 AM,Derailment,0,LINCOLN,NE,46.0,1,Dawn,Clear,Yard,Freight Train,5,93861,120000,216317,H307,40.809049999999999,-96.740027999999995
BNSF,HL0918123,2018-09-25,5:18 AM,Derailment,0,ST LOUIS,MO,73.0,1,Dawn,Clear,Yard,Yard/switching,3,1500,9500,11000,H607,38.603394999999999,-90.311846000000003
UP,1118TC012,2018-11-22,7:00 AM,Fire/violent rupture,0,MERRILLAN,WI,25.0,2,Day,Cloudy,Main,Freight Train,35,234513,150,234663,E79L,44.372987999999999,-90.814499999999995
UP,0115DV016,2015-01-16,7:00 PM,Fire/violent rupture,0,WALCOTT,WY,30.0,4,Dark,Cloudy,Main,Freight Train,49,11829,0,11829,E74L,41.761066999999997,-106.842533
WC,986645,2019-02-04,8:47 AM,Derailment,0,WISCONSIN RAPIDS,WI,30.0,2,Day,Cloudy,Yard,Freight Train,1,25000,450,25450,M599,44.413274999999999,-89.845592999999994
CSX,000161098,2016-07-06,5:05 PM,Other impacts,0,NEW MARTINSVILLE,WV,87.0,2,Day,Clear,Yard,Cut of cars,4,6319,63,19566,H020,39.634444999999999,-80.864151000000007
WSOR,221226002,2022-12-26,11:00 AM,Derailment,0,JANESVILLE,WI,15.0,2,Day,Clear,Yard,Freight Train,6,43500,0,43500,E99C,42.677230999999999,-89.049368000000001
WC,1131804,2023-04-21,8:40 AM,Derailment,0,FOND DU LAC,WI,40.0,2,Day,Clear,Yard,Freight Train,4,3109,26344,29453,H307,43.791666999999997,-88.456421000000006
UP,1121GC034,2021-11-30,10:30 PM,Other impacts,0,BEAUMONT,TX,56.0,4,Dark,Clear,Yard,Yard/switching,4,72623,1380,81298,H318,30.073550000000001,-94.144249000000002
BNSF,NW0423101,2023-04-08,1:40 AM,Other impacts,0,TACOMA,WA,42.0,4,Dark,Cloudy,Yard,Yard/switching,4,56020,0,56020,H318,47.243582000000004,-122.413736
WC,845809,2015-04-03,2:00 AM,Other impacts,0,STEVENS POINT,WI,42.0,4,Dark,Clear,Yard,Yard/switching,4,11557,113,11670,H302,44.512985,-89.557011000000003
BNSF,NW0919103,2019-09-04,8:40 AM,Derailment,0,SEATTLE,WA,70.0,1,Dawn,Clear,Yard,Yard/switching,7,29970,42053,72523,H306,47.643475000000002,-122.381516
UP,0217PD063,2017-02-24,9:30 PM,Derailment,0,TOUCHET,WA,31.0,4,Dark,Clear,Main,Freight Train,10,8695,3836,12531,E61C,46.010883999999997,-118.96241000000001
BNSF,NW0624109,2024-06-22,3:32 PM,Derailment,0,SEATTLE,WA,72.0,2,Day,Clear,Yard,Freight Train,9,31050,265634,298335,H607,47.656654000000003,-122.386796
UP,0416DV005,2016-04-05,11:00 AM,Other (describe in narrative),0,CRESTON,WY,35.0,2,Day,Clear,Main,Freight Train,50,2937,18789,21726,E61C,41.703052999999997,-107.894662
UP,0620GP031,2020-06-30,8:30 PM,Derailment,0,CHEYENNE,WY,70.0,4,Dark,Cloudy,Yard,Yard/switching,4,145893,2579,148472,H504,41.123313000000003,-104.836083
BNSF,PR1115113,2015-11-28,3:24 AM,Other (describe in narrative),0,ARVADA,WY,1.0,4,Dark,Clear,Main,Freight Train,43,9413,31700,41113,E36C,44.577247999999997,-106.01460299999999
BNSF,KS0822102,2022-08-05,7:20 PM,Derailment,0,AMARILLO,TX,90.0,3,Dusk,Clear,Yard,Freight Train,3,53341,2500,55841,E34C,35.211928999999998,-101.822056
PSAP,PSA491520D,2020-07-19,4:42 PM,Derailment,0,CENTRALIA,WA,88.0,2,Day,Clear,Yard,Freight Train,3,89663,0,97463,H505,46.727649999999997,-122.95140499999999
UP,0121HO002,2021-01-04,10:07 PM,Side collision,0,EAGLE LAKE,TX,54.0,4,Dark,Clear,Main,Freight Train,0,5909,0,476594,H306,29.583237,-96.327118999999996
ATK,142184,2016-04-30,2:45 PM,Other (describe in narrative),0,BOSTON,MA,60.0,2,Day,Clear,Yard,Passenger Train - Pulling,5,17913,0,17913,H993,42.323141,-71.053082000000003
NS,121630,2016-08-09,4:30 PM,Obstruction,0,WAR,WV,90.0,3,Dusk,Clear,Main,Spec. MoW Equip.,12,20000,0,68000,H997,37.340842000000002,-81.716882999999996
NS,137242,2020-02-20,1:05 PM,Derailment,0,MAJESTIC,WV,30.0,2,Day,Cloudy,Main,Freight Train,5,12895,1097,13992,M204,37.535891999999997,-82.050068999999993
PNR,PNR171906,2017-10-20,6:45 PM,Derailment,0,BORGER,TX,55.0,3,Dusk,Clear,Yard,Yard/switching,6,25177,0,25177,H020,35.667949999999998,-101.3904
UP,0120GL008,2020-01-12,3:56 PM,Derailment,0,KNAPP,WI,18.0,2,Day,Cloudy,Main,Freight Train,47,2187743,259399,2447142,T221,44.947856999999999,-92.044054000000003
UP,0722SX006,2022-07-04,11:59 PM,Other impacts,0,SAN ANTONIO,TX,84.0,4,Dark,Clear,Yard,Yard/switching,10,289209,45184,337436,H318,29.435088,-98.448701
BNSF,TC0315129,2015-03-13,4:00 PM,Derailment,0,MINOT,ND,50.0,2,Day,Clear,Main,Spec. MoW Equip.,10,15000,0,45000,H997,48.23762,-101.264009
UP,0815SA012,2015-08-14,5:50 AM,Raking collision,0,SAN ANTONIO,TX,79.0,4,Dark,Clear,Yard,Light loco(s),10,3223,0,11017,H509,29.436454999999999,-98.468057000000002
UP,0722PN016,2022-07-20,1:00 AM,Derailment,0,SEATTLE,WA,67.0,4,Dark,Clear,Industry,Freight Train,4,6600,14986,21586,H702,47.561897000000002,-122.328278
UP,0415NP015,2015-04-16,3:22 AM,Other (describe in narrative),0,BILL,WY,34.0,4,Dark,Cloudy,Main,Light loco(s),6,0,0,50000,H307,43.482931999999998,-105.30397000000001
BNSF,CH0220106,2020-02-10,4:59 AM,Derailment,0,LA CROSSE,WI,3.0,1,Dawn,Clear,Yard,Yard/switching,6,1086,37575,38661,M101,43.860629000000003,-91.229990000000001
BNSF,NW1222116,2022-12-21,6:45 PM,Derailment,0,TACOMA,WA,21.0,3,Dusk,Clear,Yard,Yard/switching,3,15777,6000,21777,H306,47.249184999999997,-122.427243
WIR,01,2017-07-21,6:30 PM,Derailment,0,SPANGLE,WA,75.0,2,Day,Clear,Main,Freight Train,7,500000,5000,505000,M599,47.396303000000003,-117.37891500000001
UP,1020ES038,2020-10-19,11:15 AM,Derailment,0,GRANITE CANON,WY,50.0,2,Day,Cloudy,Main,Spec. MoW Equip.,3,17776,0,17776,M599,41.100937999999999,-105.24083
UP,0616HO040,2016-06-24,2:00 PM,Other impacts,0,HOUSTON,TX,92.0,2,Day,Cloudy,Yard,Single Car,0,659,0,11527,M204,29.807804999999998,-95.292334999999994
BNSF,NW0618112,2018-06-25,3:36 PM,Derailment,0,SPOKANE,WA,80.0,2,Day,Clear,Yard,Yard/switching,4,1000,60000,61000,H318,47.67051,-117.332908
UP,1218HL013,2018-12-18,6:05 PM,Derailment,0,WICHITA,KS,48.0,3,Dusk,Clear,Yard,Yard/switching,0,3393,22830,26223,E39C,37.735166999999997,-97.318594000000004
CSX,000206429,2022-07-30,6:24 AM,Obstruction,0,FAYETTEVILLE,WV,70.0,1,Dawn,Clear,Main,Freight Train,25,19779,0,19779,M404,38.083660999999999,-81.086552999999995
CP,1000732503,2018-04-06,1:20 PM,Hwy-rail crossing,0,ASTICO,WI,30.0,2,Day,Clear,Main,,0,0,360,34499,M302,43.321793999999997,-88.911432000000005
CSX,000167261,2017-03-07,3:11 PM,Hwy-rail crossing,0,NEWBURGH,NY,52.0,2,Day,Cloudy,Siding,Spec. MoW Equip.,0,850000,0,1888187,M303,41.489400000000003,-74.009237999999996
UP,0916UT003,2016-09-12,10:18 AM,Derailment,0,SALT LAKE CITY,UT,80.0,2,Day,Clear,Yard,Yard/switching,7,48944,500,49444,M206,40.724169000000003,-111.908722
PW,160503,2016-05-20,12:40 AM,Derailment,0,OLD SAYBROOK,CT,53.0,4,Dark,Clear,Main,Single Car,5,734,0,15934,H099,41.305670999999997,-72.365979999999993
UP,0721RM033,2021-07-30,6:00 PM,Derailment,0,GREEN RIVER,WY,82.0,3,Dusk,Clear,Industry,Light loco(s),6,13343,6928,20271,H307,41.577407999999998,-109.69311399999999
BNSF,RD0822117,2022-08-16,3:25 AM,Derailment,0,TULSA,OK,68.0,4,Dark,Clear,Yard,Yard/switching,5,8500,25000,33500,E46C,36.125999,-96.011116999999999
WRL,20193,2019-05-07,10:00 AM,Hwy-rail crossing,0,OLYMPIA,WA,60.0,2,Day,Cloudy,Main,Freight Train,9,15000,65000,80000,M308,46.895322999999998,-122.966318
LI,EQ20160404,2016-04-27,12:11 PM,Derailment,0,GLENDALE,NY,55.0,2,Day,Clear,Yard,Freight Train,5,4000,0,57355,H704,40.706496999999999,-73.880016999999995
UP,0820RM038,2020-08-22,5:07 AM,Derailment,0,BOSLER,WY,51.0,1,Dawn,Clear,Main,Freight Train,47,3160675,1356920,4517595,M204,41.53425,-105.671581
UP,0317HO010,2017-03-07,4:25 AM,Derailment,0,BAYTOWN,TX,71.0,4,Dark,Clear,Main,Freight Train,4,70950,28159,99109,H607,29.778075999999999,-94.899344999999997
CSX,000212667,2023-08-02,10:30 PM,Derailment,0,INDIANAPOLIS,IN,72.0,4,Dark,Cloudy,Yard,Freight Train,6,39169,23481,62650,M405,39.759798000000004,-86.327516000000003
BNSF,NW0122105,2022-01-05,1:18 PM,Derailment,0,TYLER,WA,21.0,2,Day,Snow,Main,Freight Train,37,193444,211908,405352,M201,47.447809999999997,-117.71775
CSX,000163674,2016-10-15,9:38 PM,Fire/violent rupture,0,LESAGE,WV,60.0,4,Dark,Cloudy,Main,Freight Train,30,30550,100,30650,M406,38.471147999999999,-82.307772
UP,0518FW002,2018-05-01,6:15 PM,Hwy-rail crossing,0,BARSTOW,TX,71.0,2,Day,Clear,Main,Freight Train,60,2034196,340496,2374692,M302,31.460612000000001,-103.38295100000001
BNSF,NW0119107,2019-01-19,5:50 AM,Derailment,0,APPLEYARD,WA,35.0,1,Dawn,Clear,Yard,Freight Train,5,11124,100000,111124,H993,47.390276,-120.28900400000001
BNSF,NW0323117,2023-03-27,12:50 PM,Derailment,0,SEATTLE,WA,55.0,2,Day,Clear,Yard,Yard/switching,5,12934,28090,41024,H607,47.656664999999997,-122.386813
BNSF,TC0420102,2020-04-11,5:14 PM,Derailment,0,GRAND FORKS,ND,35.0,3,Dusk,Clear,Yard,Yard/switching,5,7000,14000,21000,H702,47.918171999999998,-97.074430000000007
UP,0115NP023,2015-01-18,11:20 PM,Derailment,0,MANVILLE,WY,32.0,4,Dark,Clear,Main,Freight Train,16,9230,193111,202341,E53C,42.779404,-104.67831
BNSF,RD0619101,2019-06-01,6:47 AM,Derailment,0,MADILL,OK,80.0,1,Dawn,Clear,Siding,Freight Train,4,4523,18900,23423,H303,34.096375000000002,-96.767466999999996
BNSF,NW0319109,2019-03-07,8:16 AM,Derailment,0,PARKWATER,WA,27.0,1,Dawn,Cloudy,Yard,Yard/switching,5,3000,17000,20000,H306,47.674121,-117.314218
BNSF,CH1116110,2016-11-19,4:06 AM,Derailment,0,HODGKINS,IL,37.0,1,Dawn,Cloudy,Yard,Yard/switching,5,8000,30000,38000,H306,41.754702000000002,-87.869911000000002
TMBL,04302019A,2019-04-30,2:55 AM,Raking collision,0,TACOMA,WA,42.0,4,Dark,Cloudy,Yard,Yard/switching,4,1000,0,41000,H306,47.249209999999998,-122.3961
BNSF,CH0221105,2021-02-05,10:10 AM,Derailment,0,CICERO,IL,5.0,2,Day,Clear,Yard,Light loco(s),2,17000,5000,22000,H607,41.836939000000001,-87.770927
UP,1220GL013,2020-12-21,5:13 PM,Derailment,0,ADAMS,WI,32.0,2,Day,Cloudy,Main,Freight Train,10,1620,17851,19471,H303,43.950794999999999,-89.817470999999998
CRSH,122745,2016-11-12,7:15 PM,Side collision,0,NEWARK,NJ,52.0,3,Dusk,Clear,Yard,Yard/switching,4,129195,0,320685,H020,40.703417999999999,-74.127859000000001
BNSF,PR0415103,2015-04-13,12:52 AM,Derailment,0,GILLETTE,WY,32.0,4,Dark,Clear,Yard,Yard/switching,3,14449,0,14449,H311,44.290140999999998,-105.28318299999999
WC,1098644,2022-04-01,4:30 PM,Side collision,0,GREEN BAY,WI,41.0,2,Day,Cloudy,Yard,Light loco(s),5,20729,0,34519,H020,44.528078000000001,-88.014664999999994
BB,2020D0521,2020-05-21,4:30 PM,Derailment,0,DOSWELL,VA,62.0,2,Day,Rain,Main,Freight Train,10,17000,2500,19500,M101,37.888579,-77.514854999999997
UP,0818PR014,2018-08-20,9:40 PM,Derailment,0,MILWAUKEE,WI,66.0,4,Dark,Rain,Yard,Yard/switching,7,427470,527331,954801,T220,43.099995,-88.062984999999998
BNSF,PR0618103,2018-06-05,11:25 AM,Other (describe in narrative),0,GILLETTE,WY,77.0,2,Day,Clear,Industry,Freight Train,5,0,18000,18000,H607,44.094067000000003,-105.337549
UP,1023SX017,2023-10-13,10:30 PM,Derailment,0,SAN ANTONIO,TX,79.0,4,Dark,Cloudy,Yard,Light loco(s),5,250,14200,14450,H607,29.435271,-98.454881999999998
UP,1223PN028,2023-12-28,6:37 AM,Derailment,0,KALAMA,WA,45.0,1,Dawn,Rain,Siding,Light loco(s),3,4531,0,23594,H307,46.012081000000002,-122.84849
UP,1123RM017,2023-11-10,4:30 PM,Derailment,0,CHEYENNE,WY,51.0,2,Day,Clear,Main,Freight Train,23,442205,100963,543168,E79L,41.090389000000002,-104.983086
NS,125145,2017-05-21,7:50 AM,Side collision,0,SHELOCTA,PA,60.0,1,Dawn,Clear,Industry,Freight Train,0,76047,0,146285,H022,40.649420999999997,-79.283207000000004
CSX,000152796,2015-10-03,9:50 AM,Head on collision,0,BUCHANAN,VA,48.0,2,Day,Rain,Main,Maint./inspect Car,10,15940,0,15940,H699,37.566726000000003,-79.736530999999999
UP,1219RM017,2019-12-26,3:35 AM,Derailment,0,HANNA,WY,26.0,4,Dark,Snow,Main,Freight Train,63,1386850,1231576,2618426,E53C,41.910462000000003,-106.38554000000001
UP,0218NP011,2018-02-07,10:30 AM,Derailment,0,DOUGLAS,WY,44.0,2,Day,Clear,Main,Freight Train,13,27567,0,235317,E53C,43.025421000000001,-105.264582
UP,0915PR021,2015-09-29,5:02 PM,Rear end collision,0,SAINT FRANCIS,WI,68.0,2,Day,Cloudy,Main,Work train,0,7650,0,26439,H221,42.981054,-87.883741999999998
BNSF,NW0123101,2023-01-01,1:40 PM,Derailment,0,KENNEWICK,WA,40.0,2,Day,Clear,Yard,Freight Train,9,213321,244060,457381,E64C,46.213301999999999,-119.13535400000001
BNSF,TC0417116,2017-04-29,6:35 AM,Derailment,0,SUPERIOR,WI,29.0,1,Dawn,Clear,Yard,Freight Train,9,56950,210000,266950,E69C,46.655296999999997,-92.057439000000002
NS,115129,2015-04-04,9:47 PM,Other impacts,0,WEST FAIRVIEW,PA,47.0,4,Dark,Clear,Yard,Light loco(s),3,12503,1549,114052,H999,40.279833000000004,-76.922471000000002
UP,0521TO031,2021-05-30,4:07 PM,Derailment,0,EL PASO,TX,91.0,2,Day,Clear,Main,Freight Train,9,434811,201770,636581,H518,31.771408999999998,-106.472655
UP,0921TO003,2021-09-05,11:30 AM,Derailment,0,MESQUITE,TX,86.0,2,Day,Cloudy,Industry,Yard/switching,10,50558,0,50558,H299,32.782978,-96.662434000000005
WC,1069510,2021-05-07,8:30 AM,Derailment,0,STEVENS POINT,WI,45.0,2,Day,Cloudy,Yard,Yard/switching,5,12012,90,12102,E21C,44.512582999999999,-89.530026000000007
BNSF,NW1117122,2017-11-30,9:35 AM,Fire/violent rupture,0,SEATTLE,WA,44.0,2,Day,Rain,Yard,,0,0,0,19921,E47L,47.583351,-122.33203899999999
UP,0322RM010,2022-03-16,11:50 PM,Other impacts,0,GREEN RIVER,WY,29.0,4,Dark,Cloudy,Yard,Single Car,0,4119,0,66936,M599,41.525033000000001,-109.464208
BNSF,NW1122121,2022-11-29,10:45 AM,Rear end collision,0,TACOMA,WA,32.0,2,Day,Snow,Main,Freight Train,0,0,0,15000,H997,47.243549000000002,-122.43419799999999