reportingrailroadcode,accidentnumber,date,time,accidenttype,hazmatreleasedcars,station,stateabbr,temperature,visibility_code,visibility,weathercondition,tracktype,equipmenttype,trainspeed,equipmentdamagecost,trackdamagecost,totaldamagecost,primaryaccidentcausecode,latitude,longitude
UP,1119GL025,2019-11-17,6:11 AM,Other impacts,0,ALTOONA,WI,34.0,1,Dawn,Cloudy,Yard,Single Car,0,0,0,19508,H312,44.806747000000001,-91.429066000000006
UP,1214KC010,2014-12-23,2:10 AM,Derailment,0,ST JOSEPH,MO,34.0,4,Dark,Cloudy,Yard,Freight Train,5,12000,0,12000,H607,39.736736999999998,-94.863562000000002
BNSF,PR0616104,2016-06-11,3:15 PM,Derailment,0,GILLETTE,WY,85.0,2,Day,Clear,Yard,Freight Train,10,57736,0,57736,H318,44.289647000000002,-105.285297
UP,1216FW012,2016-12-11,4:40 AM,Other impacts,0,FORT WORTH,TX,45.0,4,Dark,Clear,Yard,Yard/switching,0,8202,100,19151,M407,32.728093000000001,-97.366263000000004
BNSF,NW0122108,2022-01-06,7:30 AM,Derailment,0,SKYKOMISH,WA,20.0,1,Dawn,Snow,Siding,Freight Train,10,16254,0,16254,M101,47.708457000000003,-121.159713
CSX,000185052,2019-08-28,4:19 PM,Side collision,0,CINCINNATI,OH,84.0,2,Day,Clear,Yard,Single Car,0,20766,0,20766,H316,39.124550999999997,-84.542520999999994
UP,0419RM020,2019-04-15,11:00 AM,Derailment,0,OGDEN,UT,43.0,2,Day,Rain,Yard,Yard/switching,3,5291,38408,43699,M204,41.217159000000002,-111.984236
UP,1221ES012,2021-12-07,3:48 PM,Obstruction,0,SEATTLE,WA,48.0,2,Day,Rain,Yard,Spec. MoW Equip.,3,14635,0,14635,H993,47.450119000000001,-122.24191399999999
BNSF,NW0718118,2018-07-22,6:40 PM,Derailment,0,BURLINGTON,WA,75.0,3,Dusk,Clear,Main,Yard/switching,10,26377,375,26752,H523,48.474341000000003,-122.33049099999999
BNSF,PR0923109,2023-09-13,12:32 AM,Derailment,0,GUERNSEY,WY,60.0,4,Dark,Clear,Yard,Yard/switching,7,205193,35533,240726,H525,42.271382000000003,-104.738913
UP,1215WH003,2015-12-13,8:10 PM,Derailment,0,MUSKOGEE,OK,45.0,4,Dark,Rain,Yard,Light loco(s),0,250,0,17301,H020,35.768765000000002,-95.351380000000006
ATK,142907,2016-06-18,11:01 PM,Hwy-rail crossing,0,CALEDONIA,WI,65.0,4,Dark,Clear,Main,Passenger Train - Pushing,79,19100,0,19150,M308,42.760401000000002,-87.915013000000002
BNSF,PR0519106,2019-05-14,2:00 AM,Other (describe in narrative),0,GILLETTE,WY,50.0,4,Dark,Clear,Main,Light loco(s),18,0,40000,40000,H403,44.0824,-105.334988
WC,957215,2018-04-28,3:45 PM,Hwy-rail crossing,0,ALLENTON,WI,46.0,2,Day,Clear,Main,Freight Train,40,181,16157,16338,M308,43.380287000000003,-88.309455999999997
BNSF,RD0219101,2019-02-01,9:30 AM,Derailment,0,SAGINAW,TX,54.0,2,Day,Fog,Yard,Light loco(s),0,2500,0,220876,T220,32.843426000000001,-97.359402000000003
UP,0224PR017,2024-02-25,4:31 AM,Derailment,0,ALTOONA,WI,33.0,1,Dawn,Clear,Yard,Yard/switching,3,17580,200,17780,H318,44.810170999999997,-91.444515999999993
NJTR,202003148,2020-03-24,8:47 PM,Derailment,0,MORRISVILLE,PA,40.0,4,Dark,Clear,Yard,Light loco(s),5,20700,2783,23483,H303,40.194341000000001,-74.792713000000006
UP,1122HO020,2022-11-18,7:28 AM,Other impacts,0,HOUSTON,TX,49.0,2,Day,Cloudy,Yard,Yard/switching,1,4197,0,40124,H318,29.822883000000001,-95.289159999999995
UP,0118PR019,2018-01-20,4:15 PM,Hwy-rail crossing,0,BEAVER DAM,WI,32.0,3,Dusk,Cloudy,Main,Freight Train,36,31188,500,31688,M303,43.459116999999999,-88.910770999999997
UP,0116NP001,2016-01-02,6:00 PM,Derailment,0,WRIGHT,WY,26.0,3,Dusk,Clear,Main,Freight Train,5,43127,0,200359,H307,43.728552999999998,-105.361189
CSX,000209555,2023-01-28,6:18 PM,Derailment,0,BECKLEY,WV,43.0,3,Dusk,Cloudy,Main,Cut of cars,10,107239,103591,210830,M501,37.774653000000001,-81.139990999999995
NS,157414,2024-07-18,2:25 AM,Derailment,0,GRANT TOWN,WV,70.0,4,Dark,Clear,Main,,0,0,70173,74010,M501,39.554918999999998,-80.175860999999998
BNSF,PR0918109,2018-09-14,8:35 PM,Other (describe in narrative),0,SHERIDAN,WY,57.0,3,Dusk,Clear,Main,Freight Train,21,0,27600,27600,H403,44.841554000000002,-106.957944
UP,0518FW008,2018-05-08,3:37 AM,Derailment,0,FORT WORTH,TX,72.0,4,Dark,Clear,Yard,Single Car,0,1920,165,21783,M101,32.719116,-97.386025000000004
TMBL,10132023A,2023-10-13,3:45 AM,Derailment,0,TACOMA,WA,55.0,4,Dark,Cloudy,Yard,Yard/switching,6,25000,0,25000,H503,47.248522000000001,-122.452181
BNSF,PR0124113,2024-01-30,6:45 AM,Derailment,0,WRIGHT,WY,31.0,1,Dawn,Clear,Industry,Freight Train,10,363869,20000,383869,T212,43.635365,-105.32852099999999
TMBL,04302019A,2019-04-30,2:55 AM,Raking collision,0,TACOMA,WA,42.0,4,Dark,Cloudy,Yard,Yard/switching,0,40000,0,41000,H306,47.249209999999998,-122.3916
BNSF,NW0222102,2022-02-05,3:50 AM,Derailment,0,KALAMA,WA,38.0,4,Dark,Fog,Industry,Freight Train,4,34933,35000,69933,H307,45.994805999999997,-122.84153999999999
CSX,000194396,2020-12-12,5:20 AM,Other impacts,0,NASHVILLE,TN,57.0,1,Dawn,Rain,Yard,Single Car,7,5744,64,20041,M408,36.112141999999999,-86.770736999999997
UP,0520PN026,2020-05-28,3:30 PM,Derailment,0,KELSO,WA,78.0,2,Day,Clear,Yard,Light loco(s),5,26477,0,43441,H702,46.104599999999998,-122.88843199999999
BNSF,NW0115111,2015-01-22,2:30 AM,Derailment,0,SEATTLE,WA,46.0,4,Dark,Cloudy,Yard,Yard/switching,8,35720,10000,45720,H607,47.653295999999997,-122.382599
BNSF,PR1015112,2015-10-01,10:20 PM,Fire/violent rupture,0,BILL,WY,55.0,4,Dark,Clear,Main,,0,0,0,16835,E74L,43.341202000000003,-105.32099700000001
DGNO,DGN787424D,2024-05-03,8:07 PM,Derailment,0,ANNA,TX,71.0,4,Dark,Rain,Main,Freight Train,10,484600,50000,534600,T220,33.383803999999998,-96.557000000000002
CSX,000171227,2017-08-26,2:00 AM,Other impacts,0,NORTH CHARLESTON,SC,75.0,4,Dark,Clear,Yard,Freight Train,10,10698,0,23003,H318,32.865161999999998,-79.999369000000002
ATK,168016,2021-07-08,10:39 PM,Fire/violent rupture,0,HANOVER,MD,75.0,4,Dark,Cloudy,Main,Passenger Train - Pulling,0,14157,0,14157,M406,39.192295000000001,-76.694578000000007
IC,1086086,2021-10-14,11:30 PM,Side collision,0,CICERO,IL,60.0,4,Dark,Cloudy,Industry,Yard/switching,2,15700,0,31280,H021,41.832883000000002,-87.732217000000006
UP,0321GP043,2021-03-28,3:25 PM,Derailment,0,CHEYENNE,WY,55.0,2,Day,Cloudy,Yard,Freight Train,6,126018,75000,201018,H503,41.125323999999999,-104.827068
CSX,000214763,2023-11-27,4:47 PM,Raking collision,0,SKIPPERS,VA,50.0,3,Dusk,Clear,Industry,Freight Train,4,126408,0,136601,M501,36.621467000000003,-77.552469000000002
BNSF,NW0520103,2020-05-06,10:45 PM,Derailment,0,MAUPIN,OR,35.0,4,Dark,Clear,Main,Freight Train,32,87896,327409,415305,M404,45.162399999999998,-121.09826099999999
UP,0723HO042,2023-07-31,2:30 PM,Derailment,0,COLLEGE STATION,TX,103.0,2,Day,Clear,Main,Freight Train,21,325016,94036,419052,E40C,30.616026000000002,-96.349230000000006
BNSF,NW0621104,2021-06-10,4:53 PM,Other impacts,0,PASCO,WA,75.0,2,Day,Clear,Yard,Yard/switching,6,13421,0,13421,M105,46.27308,-119.10265099999999
BNSF,RD0724120,2024-07-18,10:15 PM,Derailment,0,LUBBOCK,TX,82.0,4,Dark,Clear,Main,Freight Train,8,465,13112,13577,H307,33.580250999999997,-101.834473
UP,0321TO002,2021-03-02,10:15 PM,Other impacts,0,FORT WORTH,TX,51.0,4,Dark,Clear,Yard,Yard/switching,5,8028,9765,120014,H602,32.727713999999999,-97.366159999999994
LRS,01,2017-06-16,8:30 AM,Other impacts,0,EAST LAURINBURG,NC,78.0,2,Day,Clear,Siding,Light loco(s),20,70000,0,70000,H515,34.766661999999997,-79.438192999999998
UP,0517NP026,2017-05-14,9:42 PM,Derailment,0,LUSK,WY,50.0,4,Dark,Rain,Main,Freight Train,24,719975,15597,735572,M105,42.719557000000002,-104.30104300000001
CSX,000215402,2024-01-08,5:00 PM,Derailment,0,NEW MARTINSVILLE,WV,40.0,3,Dusk,Clear,Yard,Freight Train,3,26773,1155,27928,H702,39.634455000000003,-80.864163000000005
UP,0824RM010,2024-08-07,12:00 PM,Other (describe in narrative),0,GREEN RIVER,WY,77.0,2,Day,Clear,Yard,Single Car,0,35936,0,35936,E22C,41.529046999999998,-109.470895
LI,GR20150401,2015-04-21,2:30 PM,Hwy-rail crossing,0,MATTITUCK,NY,63.0,2,Day,Clear,Main,Maint./inspect Car,40,15000,0,15000,M303,40.960793000000002,-72.564074000000005
CSX,000143818,2015-03-28,2:58 AM,Side collision,0,EAST SYRACUSE,NY,20.0,4,Dark,Clear,Yard,Freight Train,5,15139,0,35284,H307,43.073847999999998,-76.172717000000006
UP,0417DV001,2017-04-02,2:15 AM,Derailment,0,GREEN RIVER,WY,34.0,4,Dark,Clear,Yard,Freight Train,3,28167,263629,291796,H702,41.529046999999998,-109.470895
UP,0718ST022,2018-07-30,11:50 AM,Derailment,0,EL PASO,TX,92.0,2,Day,Clear,Main,Freight Train,0,42980,0,53857,H994,31.764451999999999,-106.482028
UP,0723RM018,2023-07-12,8:27 PM,Derailment,0,SODA SPRINGS,ID,79.0,4,Dark,Clear,Industry,Freight Train,6,11235,3520,14755,T222,42.738250000000001,-111.5411
UP,1220GC007,2020-12-05,6:30 AM,Derailment,0,AVONDALE,LA,45.0,1,Dawn,Clear,Main,Freight Train,2,6604,4350,10954,H503,29.917839000000001,-90.193258999999998
UP,1022PN003,2022-10-05,7:45 PM,Derailment,0,ONTARIO,OR,83.0,3,Dusk,Clear,Yard,Freight Train,5,748,20510,21258,E64C,44.011139,-116.966137
BNSF,RD0718109,2018-07-10,4:00 AM,Head on collision,0,HASLET,TX,76.0,1,Dawn,Cloudy,Yard,Yard/switching,0,18885,9700,160277,H302,32.989427999999997,-97.353326999999993
BNSF,NW0621206,2021-06-25,4:40 PM,Hwy-rail crossing,0,SPOKANE,WA,88.0,2,Day,Clear,Main,Freight Train,52,884,25000,25884,M302,47.708806000000003,-117.11192699999999
UP,0523RM018,2023-05-18,12:30 AM,Derailment,0,OGDEN,UT,67.0,4,Dark,Clear,Yard,Yard/switching,7,9747,2533,12280,H305,41.215837999999998,-111.983332
CSX,000170362,2017-07-19,10:00 PM,Other impacts,0,LOUISVILLE,KY,82.0,4,Dark,Clear,Yard,Cut of cars,5,25000,377,174815,H020,38.160708999999997,-85.749173999999996
UP,0518DV017,2018-05-22,7:05 AM,Derailment,0,CHEYENNE,WY,52.0,2,Day,Clear,Yard,Freight Train,2,31048,12155,43203,H704,41.127549999999999,-104.81690500000001
UP,0117NP024,2017-01-25,2:30 AM,Derailment,0,NORTH PLATTE,NE,20.0,4,Dark,Snow,Yard,Yard/switching,8,1363,17677,19040,M411,41.146520000000002,-100.823958
CSX,000169052,2017-05-18,11:26 PM,Derailment,0,OHLEY,WV,60.0,4,Dark,Cloudy,Main,Freight Train,7,77338,71200,148538,T221,38.116565000000001,-81.453451999999999
CRSH,118303,2015-11-20,1:30 PM,Raking collision,0,MARCUS HOOK,PA,53.0,2,Day,Clear,Industry,Yard/switching,4,6620,1000,11762,H306,39.812432999999999,-75.413623999999999
BNSF,RD0523127,2023-05-29,6:01 PM,Derailment,0,MOUNT BELVIEW,TX,85.0,3,Dusk,Clear,Main,Yard/switching,5,27731,0,65951,H307,29.813177,-94.919606000000002
CSX,000187299,2019-12-21,2:35 AM,Derailment,0,HARPERS FERRY,WV,18.0,4,Dark,Clear,Main,Freight Train,2,666456,100,666556,H514,39.322566000000002,-77.729611000000006
CSX,000207559,2022-09-26,9:45 AM,Fire/violent rupture,0,CALDWELL,WV,72.0,2,Day,Clear,Main,Freight Train,38,119172,0,119172,M406,37.772294000000002,-80.378336000000004
BNSF,RD0522132,2022-05-28,6:17 AM,Derailment,0,TULSA,OK,60.0,1,Dawn,Clear,Yard,Yard/switching,9,35610,390000,425610,M407,36.121797000000001,-96.012153999999995
NS,138942,2020-08-24,9:00 AM,Other (describe in narrative),0,NEW FREEPORT,PA,78.0,2,Day,Clear,Main,Freight Train,10,7800,4934,12734,H599,39.834466999999997,-80.328114999999997
BNSF,NW0922201,2022-09-08,5:15 PM,Hwy-rail crossing,0,BURBANK,WA,74.0,3,Dusk,Clear,Main,Freight Train,47,36030,0,36030,M302,46.193581999999999,-118.92768100000001
BNSF,TC0124105,2024-01-09,7:55 PM,Derailment,0,SUPERIOR,WI,-5.0,3,Dusk,Clear,Yard,Yard/switching,5,1500,258327,259827,H704,46.708589000000003,-92.047156000000001
BNSF,CH0918117,2018-09-22,5:34 PM,Side collision,0,LA CROSSE,WI,72.0,3,Dusk,Clear,Yard,Freight Train,10,32263,0,41263,H607,43.847327999999997,-91.230211999999995
WE,200037,2020-04-30,3:15 AM,Other (describe in narrative),0,WELLSBURG,WV,49.0,4,Dark,Rain,Main,Freight Train,28,18926,0,18926,M404,40.305067000000001,-80.586425000000006
LIRC,1106201701,2017-11-06,12:35 PM,Hwy-rail crossing,0,EDINBURG,IN,50.0,2,Day,Cloudy,Main,Freight Train,45,782,45000,45782,M302,39.354300000000002,-85.962800000000001
BNSF,NW0720112,2020-07-21,2:45 AM,Derailment,0,APPLEYARD,WA,70.0,4,Dark,Clear,Yard,Freight Train,4,836,52000,52836,H607,47.389229999999998,-120.28751200000001
BNSF,NW1021116,2021-10-19,8:00 AM,Derailment,0,SEATTLE,WA,60.0,1,Dawn,Clear,Yard,Yard/switching,6,19715,170000,189715,M503,47.589641999999998,-122.337166
CSX,000209376,2023-01-19,4:30 PM,Other impacts,0,CINCINNATI,OH,40.0,3,Dusk,Rain,Yard,Single Car,10,29000,0,29141,M105,39.136408000000003,-84.542399000000003
NS,116302,2015-06-29,7:14 PM,Derailment,0,FOUNTAIN HILL,PA,70.0,3,Dusk,Clear,Yard,Yard/switching,4,35016,2500,37516,M411,40.611936999999998,-75.426702000000006
UP,0922GP020,2022-09-23,1:00 PM,Derailment,0,DOUGLAS,WY,67.0,2,Day,Clear,Yard,Freight Train,8,89080,76777,165857,T221,43.234551000000003,-105.26334
ATK,145546,2016-12-20,2:58 PM,Hwy-rail crossing,0,CANBY,OR,40.0,2,Day,Clear,Main,Passenger Train - Pulling,44,13013,0,13013,M302,45.305048999999997,-122.663421
BNSF,NW0323105,2023-03-08,2:30 AM,Derailment,0,TACOMA,WA,35.0,4,Dark,Clear,Yard,Yard/switching,6,17222,15000,32222,H307,47.243797000000001,-122.416764
UP,0918TC005,2018-09-05,5:51 AM,Hwy-rail crossing,0,EAU CLAIRE,WI,71.0,1,Dawn,Rain,Main,Freight Train,23,25957,132,26089,M308,44.867787999999997,-91.451993999999999
TMBL,08242022A,2022-08-24,2:00 PM,Derailment,0,TACOMA,WA,85.0,2,Day,Clear,Yard,,0,0,0,35380,M505,47.261783000000001,-122.396973
UP,1218GL057,2018-12-31,8:25 AM,Fire/violent rupture,0,BROOKS,WI,27.0,2,Day,Cloudy,Main,Freight Train,30,48720,0,48720,M406,43.825406999999998,-89.643444000000002
BNSF,RD0219101,2019-02-01,9:30 AM,Derailment,0,SAGINAW,TX,54.0,2,Day,Fog,Yard,Yard/switching,6,175576,42800,220876,T220,32.843426000000001,-97.359402000000003
MRL,2020058,2020-06-03,12:12 PM,Derailment,0,BELGRADE,MT,70.0,2,Day,Clear,Main,Spec. MoW Equip.,17,35000,0,35000,H997,45.753151000000003,-111.134017
BNSF,RD1219122,2019-12-24,5:15 PM,Derailment,0,DAYTON,TX,70.0,3,Dusk,Clear,Yard,Yard/switching,6,12349,43349,55698,H306,29.994817999999999,-94.910285999999999
NS,138112,2020-06-01,8:50 AM,Hwy-rail crossing,0,LOCKLAND,OH,72.0,2,Day,Clear,Main,Freight Train,38,2,12000,12002,M303,39.214705000000002,-84.459907999999999
BNSF,NW0623112,2023-06-17,8:52 AM,Derailment,0,RITZVILLE,WA,73.0,1,Dawn,Clear,Industry,Light loco(s),10,18000,0,18000,H307,47.220281,-118.235592
BNSF,CH1023101,2023-10-02,11:32 AM,Derailment,0,LA CROSSE,WI,49.0,2,Day,Clear,Yard,Yard/switching,5,1000,18000,19000,H607,43.849212000000001,-91.230142999999998
UP,0624TO005,2024-06-06,1:52 AM,Derailment,0,DALLAS,TX,74.0,4,Dark,Clear,Main,Freight Train,8,124887,48575,173462,H526,32.773595999999998,-96.841402000000002
CSX,000161556,2016-07-23,3:50 PM,Derailment,0,SIDNEY,OH,90.0,2,Day,Clear,Industry,Freight Train,4,19982,500,20482,H306,40.273794000000002,-84.165385999999998
WC,977949,2018-11-04,4:50 PM,Derailment,0,STEVENS POINT,WI,33.0,3,Dusk,Rain,Yard,Freight Train,6,19646,263,19909,H601,44.512683000000003,-89.548973000000004
BNSF,NW0223106,2023-02-19,8:05 AM,Other impacts,0,SEATTLE,WA,35.0,1,Dawn,Cloudy,Yard,Yard/switching,4,23825,0,32931,H399,47.588174000000002,-122.337596
WC,1063157,2021-03-05,9:02 AM,Hwy-rail crossing,0,HEWITT,WI,40.0,2,Day,Clear,Main,Freight Train,40,21450,0,21450,M302,44.513145000000002,-90.004310000000004
UP,0322RM010,2022-03-16,11:50 PM,Other impacts,0,GREEN RIVER,WY,29.0,4,Dark,Cloudy,Yard,Cut of cars,0,47814,0,66936,M599,41.525033000000001,-109.464208
KNWA,231110001,2023-11-10,1:15 AM,Derailment,0,CHELYAN,WV,52.0,4,Dark,Clear,Main,Freight Train,6,53179,129420,182599,E64C,38.199370000000002,-81.495159999999998
WC,1084372,2021-10-01,12:47 PM,Hwy-rail crossing,0,CHILTON,WI,67.0,2,Day,Clear,Main,Freight Train,25,43941,10100,54041,M302,44.044173999999998,-88.160679999999999
UP,1218SX021,2018-12-27,1:20 AM,Derailment,0,QUEMADO,TX,48.0,4,Dark,Rain,Main,Work train,17,5381,510300,515681,M204,29.160558000000002,-100.393218
BNSF,HL0219101,2019-02-01,12:30 AM,Derailment,0,SOUTH BEND,NE,10.0,4,Dark,Clear,Main,Freight Train,20,11195,81000,92195,E09C,41.023367999999998,-96.299879000000004
BNSF,RD0815100,2015-08-19,4:45 AM,Derailment,0,HOUSTON,TX,82.0,1,Dawn,Clear,Yard,Yard/switching,9,6196,5500,11696,E46C,29.629968999999999,-95.306984
BNSF,PR0122101,2022-01-07,3:58 AM,Derailment,0,GUERNSEY,WY,6.0,4,Dark,Fog,Yard,Freight Train,5,1500,35000,36500,H702,42.257604999999998,-104.68186799999999
BNSF,NW1219130,2019-12-29,3:41 AM,Derailment,0,VANCOUVER,WA,44.0,4,Dark,Cloudy,Yard,Freight Train,4,12000,500381,512381,H307,45.651338000000003,-122.688467
NS,154734,2023-11-08,12:01 PM,Other impacts,0,ROANOKE,VA,49.0,2,Day,Cloudy,Yard,Single Car,4,30000,0,30150,H312,37.277574999999999,-79.978824000000003
BNSF,TC0323142,2023-03-29,4:45 AM,Derailment,0,SUPERIOR,WI,3.0,1,Dawn,Clear,Yard,Yard/switching,3,31357,150000,181357,H019,46.708080000000002,-92.113320999999999
UP,0719PN015,2019-07-16,10:20 PM,Other impacts,0,SPOKANE,WA,72.0,4,Dark,Cloudy,Yard,Freight Train,5,212049,149630,393753,H515,47.658470000000001,-117.345735
WC,1137000,2023-07-29,1:20 PM,Derailment,0,STEVENS POINT,WI,80.0,2,Day,Clear,Yard,Freight Train,4,16818,50756,67574,H307,44.513154999999998,-89.552879000000004
NS,152813,2023-04-11,5:26 PM,Other impacts,0,JUSTICE,WV,50.0,3,Dusk,Clear,Main,Spec. MoW Equip.,10,551,0,13000,H606,37.593808000000003,-81.723095000000001
UP,0422TO031,2022-04-27,6:19 PM,Derailment,0,DALLAS,TX,74.0,3,Dusk,Cloudy,Main,Freight Train,6,7887,5847,13734,H607,32.723269000000002,-96.754101000000006
PNWR,PNW865624R,2024-07-15,2:49 PM,Derailment,0,VANCOUVER,WA,86.0,2,Day,Clear,Yard,Freight Train,9,45000,0,45000,H702,45.650972000000003,-122.688444
UP,1117FW025,2017-11-20,6:49 PM,Derailment,0,RYAN,OK,45.0,3,Dusk,Clear,Main,Freight Train,38,200405,81005,281410,T212,33.998131999999998,-97.947672999999995
UP,1218MA072,2018-12-26,6:00 PM,Other impacts,0,SHREVEPORT,LA,64.0,3,Dusk,Rain,Yard,Yard/switching,6,11853,33,11986,H307,32.429177000000003,-93.901278000000005
NJTR,202307257,2023-06-16,10:25 AM,Other (describe in narrative),0,KEARNY,NJ,70.0,2,Day,Clear,Yard,Yard/switching,4,12987,0,12987,H999,40.744132,-74.104121000000006
UP,0520GC015,2020-05-20,7:53 AM,Hwy-rail crossing,0,ANGLETON,TX,76.0,2,Day,Clear,Yard,Freight Train,9,6271,13521,19792,M302,29.154993000000001,-95.432748000000004
BNSF,PR0320113,2020-03-30,1:30 PM,Obstruction,0,BASIN,WY,48.0,2,Day,Clear,Main,Spec. MoW Equip.,8,15000,0,15000,H997,44.374116000000001,-108.03524400000001
CP,1001706662,2022-06-01,6:45 AM,Derailment,0,LANSING,IA,55.0,1,Dawn,Clear,Main,Freight Train,24,226354,5934,232288,T220,43.329070000000002,-91.141099999999994
BNSF,MT0917100,2017-09-12,6:00 AM,Derailment,0,SHELBY,MT,48.0,1,Dawn,Clear,Yard,Freight Train,8,24200,36000,60200,H303,48.523000000000003,-111.90016300000001
CSX,000219377,2024-07-16,10:26 PM,Other impacts,0,NORTH CHARLESTON,SC,79.0,4,Dark,Rain,Yard,Yard/switching,6,11890,1293,239634,M204,32.856924999999997,-80.022907000000004
CSX,000165402,2016-12-21,12:35 PM,Other impacts,0,PORT HURON,MI,34.0,2,Day,Cloudy,Yard,Yard/switching,5,80000,0,85652,H318,42.962954000000003,-82.471339999999998
BNSF,RD0722225,2022-07-29,2:31 AM,Hwy-rail crossing,0,FORT WORTH,TX,89.0,4,Dark,Clear,Main,Freight Train,20,300,20000,20300,M302,32.716653000000001,-97.331340999999995
UP,0720RM021,2020-07-20,11:30 PM,Derailment,0,GREEN RIVER,WY,71.0,4,Dark,Clear,Yard,Light loco(s),3,22800,99,22899,H702,41.518464999999999,-109.44198400000001
WN,12132014,2014-12-14,2:00 AM,Derailment,0,NEW AUBURN,WI,37.0,4,Dark,Fog,Industry,Freight Train,2,18808,1500,20308,H306,45.249600999999998,-91.596566999999993
CSX,000184997,2019-08-29,12:40 PM,Derailment,0,MARTINSBURG,WV,80.0,2,Day,Clear,Main,Freight Train,30,157522,22438,179960,E30C,39.427880999999999,-77.904111999999998
WC,909302,2016-12-18,6:25 AM,Other (describe in narrative),0,LADYSMITH,WI,-22.0,1,Dawn,Clear,Main,Freight Train,13,38594,0,38594,E21C,45.625970000000002,-91.213418000000004
BNSF,NW0321112,2021-03-29,2:50 PM,Derailment,0,STEVENSON,WA,48.0,2,Day,Cloudy,Main,Freight Train,23,2500,540979,543479,E61C,45.702544000000003,-121.69474200000001
BNSF,RD0724129,2024-07-26,7:05 AM,Derailment,0,SILSBEE,TX,75.0,1,Dawn,Cloudy,Yard,Cut of cars,0,6473,0,147342,M505,30.356083000000002,-94.194530999999998
CN,1025852,2020-01-24,1:55 AM,Side collision,0,BUFFALO,NY,34.0,4,Dark,Cloudy,Yard,Freight Train,0,0,0,20250,H306,42.888942999999998,-78.826325999999995
UP,0321PN010,2021-03-13,1:20 PM,Derailment,0,SPOKANE,WA,48.0,2,Day,Clear,Yard,Yard/switching,2,25864,9627,35491,H607,47.659576000000001,-117.331104
UP,0716PC004,2016-07-09,12:15 AM,Derailment,0,COKEVILLE,WY,48.0,4,Dark,Clear,Main,Freight Train,19,156620,42488,199108,E51C,41.907746000000003,-110.968304
BNSF,NW1119112,2019-11-29,10:54 AM,Derailment,0,VANCOUVER,WA,45.0,2,Day,Clear,Yard,Yard/switching,4,12500,40951,53451,H312,45.638165000000001,-122.686671
UP,1221RM010,2021-12-10,8:00 AM,Other impacts,0,ROCK SPRINGS,WY,10.0,2,Day,Cloudy,Industry,Freight Train,7,92143,99,168835,M501,41.732444000000001,-108.779659
BNSF,PR0120113,2020-01-21,7:15 AM,Derailment,0,GREYBULL,WY,35.0,1,Dawn,Clear,Yard,Yard/switching,4,10800,57295,68095,T221,44.489527000000002,-108.057743
UP,1021ES070,2021-10-27,2:08 PM,Obstruction,0,MARINGOUIN,LA,82.0,2,Day,Cloudy,Yard,Spec. MoW Equip.,2,0,15000,15000,H997,30.531708999999999,-91.560568000000004
NS,125060,2017-05-15,5:55 PM,Derailment,0,BLACKSVILLE,WV,65.0,3,Dusk,Clear,Industry,Freight Train,2,12000,596,12596,M101,39.715491,-80.191125999999997
LS,LS1023105,2023-10-12,1:50 PM,Derailment,0,LONGVIEW,WA,45.0,2,Day,Clear,Yard,Yard/switching,5,50097,0,50097,H318,46.111541000000003,-122.907674
BNSF,NW1021101,2021-10-02,7:00 PM,Derailment,0,TACOMA,WA,60.0,3,Dusk,Clear,Yard,Freight Train,5,13738,17000,30738,H607,47.24306,-122.416681
BNSF,RD0218117,2018-02-16,3:31 AM,Derailment,0,DAYTON,TX,68.0,4,Dark,Clear,Yard,Yard/switching,8,15837,0,15837,H312,30.005586000000001,-94.906876999999994
UP,0823MA018,2023-08-16,2:02 PM,Derailment,0,PITTSBURG,TX,86.0,2,Day,Clear,Industry,Freight Train,14,14981,0,14981,H607,32.996254,-94.970866000000001
UP,0421PN017,2021-04-15,12:12 AM,Derailment,0,UNION,OR,50.0,4,Dark,Cloudy,Main,Freight Train,19,50817,3376005,3427992,H508,45.081715000000003,-117.821995
UP,1123RM039,2023-11-09,12:00 PM,Other (describe in narrative),0,GREEN RIVER,WY,36.0,2,Day,Clear,Yard,Freight Train,0,32393,0,32393,M507,41.518464999999999,-109.44198400000001
CSX,000150701,2015-08-15,4:30 AM,Other impacts,0,AVON,IN,70.0,1,Dawn,Cloudy,Yard,Single Car,1,9644,200,281534,S016,39.759779000000002,-86.328326000000004
TNTX,20161024TN,2016-10-24,6:00 PM,Derailment,0,TYNER,TN,80.0,3,Dusk,Cloudy,Yard,Cut of cars,0,15000,1000,57000,H704,35.072930999999997,-85.149749999999997
UP,0218DV018,2018-02-12,1:40 AM,Other (describe in narrative),0,CHEYENNE,WY,6.0,4,Dark,Clear,Yard,Cut of cars,0,18212,0,18212,M201,41.128158999999997,-104.816163
UP,0221GP028,2021-02-21,8:08 AM,Derailment,0,CHEYENNE,WY,21.0,2,Day,Clear,Yard,Yard/switching,8,31831,72000,103831,H019,41.126956,-104.821494
BNSF,TC1222106,2022-12-05,5:30 PM,Derailment,0,FRIDLEY,MN,20.0,3,Dusk,Cloudy,Yard,Yard/switching,2,83676,130000,213676,M599,45.047401000000001,-93.272914999999998
BNSF,NW0524105,2024-05-11,4:40 AM,Other (describe in narrative),0,KALAMA,WA,50.0,1,Dawn,Clear,Yard,Freight Train,3,0,40851,40851,H705,46.034050000000001,-122.858356