reportingrailroadcode,accidentnumber,date,time,accidenttype,hazmatreleasedcars,station,stateabbr,temperature,visibility_code,visibility,weathercondition,tracktype,equipmenttype,trainspeed,equipmentdamagecost,trackdamagecost,totaldamagecost,primaryaccidentcausecode,latitude,longitude
UP,0124RM016,2024-01-21,11:52 PM,Derailment,0,OGDEN,UT,37.0,4,Dark,Clear,Yard,Yard/switching,4,88415,37025,125440,E22C,41.202084999999997,-111.985873
NS,114805,2015-03-12,11:00 PM,Derailment,0,ECKMAN,WV,60.0,4,Dark,Clear,Yard,Freight Train,9,120,20873,20993,H702,37.409371,-81.460963000000007
CSX,000195705,2021-02-15,2:57 AM,Derailment,0,GRAFTON,WV,23.0,4,Dark,Fog,Yard,Freight Train,4,2408,23719,26127,H221,39.339993999999997,-80.018118999999999
UP,0715LV006,2015-07-10,5:15 AM,Other impacts,0,BEAUMONT,TX,80.0,4,Dark,Cloudy,Yard,Yard/switching,4,5957,0,14518,M407,30.074373000000001,-94.141208000000006
UP,0719TO013,2019-07-10,6:03 PM,Derailment,0,HEWITT,TX,96.0,3,Dusk,Clear,Main,Freight Train,20,38616,0,38616,H518,31.466913999999999,-97.196487000000005
WSOR,210213001,2021-02-13,10:43 PM,Head on collision,0,SLINGER,WI,-10.0,4,Dark,Snow,Main,Freight Train,8,31000,0,50000,H607,43.331530999999998,-88.305454999999995
BNSF,NW0624102,2024-06-04,5:30 PM,Derailment,0,CUSTER,WA,50.0,3,Dusk,Clear,Yard,Yard/switching,5,125618,229949,355567,H307,48.925390999999998,-122.653154
KNWA,170226001,2017-02-26,11:00 PM,Obstruction,0,SMITHERS,WV,40.0,4,Dark,Clear,Industry,Freight Train,2,30000,5000,35000,H999,38.194299999999998,-81.295900000000003
CSX,000202019,2021-12-22,10:13 PM,Derailment,0,ANSONIA,OH,26.0,4,Dark,Clear,Yard,Freight Train,3,33756,48,33804,H505,40.212955999999998,-84.624446000000006
BNSF,PR1116104,2016-11-03,2:01 PM,Derailment,0,GREYBULL,WY,65.0,2,Day,Clear,Industry,Yard/switching,7,14966,24818,39784,T221,44.519534,-108.068411
CRSH,122745,2016-11-12,7:15 PM,Side collision,0,NEWARK,NJ,52.0,3,Dusk,Clear,Yard,Yard/switching,4,93647,97843,320685,H020,40.703417999999999,-74.127859000000001
BNSF,NW1218115,2018-12-18,3:30 PM,Derailment,0,SUMAS,WA,45.0,2,Day,Cloudy,Yard,Freight Train,5,23465,2000,25465,T221,48.995790999999997,-122.27983399999999
BNSF,CH0315107,2015-03-31,3:45 PM,Obstruction,0,BAY CITY,WI,68.0,2,Day,Clear,Main,Maint./inspect Car,15,23000,0,58000,H997,44.584854,-92.439440000000005
CSX,000217532,2024-04-20,8:10 PM,Derailment,0,CINCINNATI,OH,52.0,3,Dusk,Clear,Main,Freight Train,30,325965,96360,422325,E51C,39.215097999999998,-84.467180999999997
FEC,D04011819,2019-01-18,7:50 AM,Derailment,0,MIAMI-DADE,FL,65.0,1,Dawn,Clear,Yard,Yard/switching,17,6275,7964,14239,E34C,25.864720999999999,-80.344887
UP,0423GP021,2023-04-24,11:00 PM,Derailment,0,GILLETTE,WY,50.0,4,Dark,Cloudy,Industry,Freight Train,8,86496,201831,288327,M501,43.699129999999997,-105.29156500000001
BNSF,RD0919108,2019-09-12,4:10 PM,Derailment,0,DAYTON,TX,92.0,2,Day,Cloudy,Yard,Yard/switching,10,76521,0,175295,H607,29.993006999999999,-94.907518999999994
UP,0115NP051,2015-01-20,4:40 AM,Fire/violent rupture,0,LOST SPRINGS,WY,30.0,4,Dark,Clear,Main,Freight Train,40,57646,0,57646,E73L,42.761856000000002,-104.911355
UP,0316TC013,2016-03-28,2:50 PM,Fire/violent rupture,0,ADAMS,WI,55.0,2,Day,Clear,Main,Freight Train,5,18000,0,18000,E71L,43.950794000000002,-89.817469000000003
PSAP,PSA497823D,2023-08-08,8:43 PM,Derailment,0,ABERDEEN,WA,58.0,3,Dusk,Clear,Main,Freight Train,6,370276,60000,430276,M405,46.969472000000003,-123.84227199999999
CP,1000326994,2016-01-04,9:10 AM,Hwy-rail crossing,0,MILWAUKEE,WI,27.0,2,Day,Cloudy,Main,Freight Train,19,1800,14800,16600,M304,43.032766000000002,-87.947721999999999
UP,0819PR026,2019-08-26,12:41 PM,Derailment,0,MILWAUKEE,WI,64.0,2,Day,Rain,Industry,Freight Train,7,4866,11344,16210,H508,43.188924,-88.061331999999993
MVT,0001,2022-12-28,10:30 AM,Derailment,0,MOUNT VERNON,WA,45.0,2,Day,Clear,Yard,,0,0,200000,200000,M599,48.425854999999999,-122.338549
CSX,000217798,2024-05-05,2:15 AM,Other impacts,0,CAYCE,SC,64.0,4,Dark,Clear,Yard,Yard/switching,5,4242,0,21379,H302,33.975726999999999,-81.047387000000001
CSX,000207436,2022-09-23,4:00 PM,Side collision,0,GRAFTON,WV,56.0,2,Day,Clear,Yard,Yard/switching,5,45532,0,152845,H306,39.340043000000001,-80.018074999999996
CP,1001780522,2022-10-16,10:05 PM,Hwy-rail crossing,0,KENOSHA,WI,41.0,4,Dark,Cloudy,Main,,0,0,150,17067,M308,42.581730999999998,-87.905009000000007
CSX,000197741,2021-05-22,7:30 AM,Derailment,0,PROCTOR,WV,70.0,1,Dawn,Clear,Industry,Freight Train,2,12280,500,12780,M504,39.565600000000003,-80.677099999999996
BNSF,NW1223107,2023-12-15,5:15 AM,Derailment,0,PASCO,WA,43.0,1,Dawn,Cloudy,Yard,Yard/switching,4,30000,13092,54102,H307,46.267569000000002,-119.099526
NS,121296,2016-07-18,3:40 AM,Derailment,0,COLONIAL HEIGHTS,VA,78.0,4,Dark,Clear,Yard,Light loco(s),3,20570,75,20645,H702,37.258693000000001,-77.343441999999996
CSX,000218768,2024-06-20,9:14 AM,Other (describe in narrative),0,MIDDLETOWN,OH,96.0,2,Day,Clear,Siding,Freight Train,5,3745,0,33852,H702,39.498919999999998,-84.394329999999997
WTA,0124WTA01,2024-01-22,11:10 AM,Derailment,0,WICHITA,KS,32.0,2,Day,Sleet,Yard,Yard/switching,4,0,0,43420,M599,37.720505000000003,-97.330386000000004
UP,1118DV011,2018-11-23,6:15 AM,Derailment,0,RAWLINS,WY,35.0,1,Dawn,Cloudy,Yard,Freight Train,5,34390,73446,107836,H702,41.785688999999998,-107.240948
UP,0519PR008,2019-05-27,9:24 AM,Other impacts,0,OAK CREEK,WI,58.0,2,Day,Clear,Industry,Cut of cars,0,51262,0,329318,H605,42.847205000000002,-87.836779000000007
UP,1019PN005,2019-10-08,9:53 PM,Derailment,0,PORTLAND,OR,50.0,4,Dark,Cloudy,Yard,Freight Train,3,250,0,15530,H607,45.561163000000001,-122.742305
BNSF,NW0723109,2023-07-07,4:14 PM,Other impacts,0,PASCO,WA,95.0,2,Day,Clear,Yard,Yard/switching,0,5960,0,35810,M407,46.266151999999998,-119.100497
CSX,000212837,2023-08-09,9:45 AM,Hwy-rail crossing,0,HURRICANE,WV,81.0,2,Day,Clear,Main,Freight Train,48,55925,8637,64562,M308,38.434868000000002,-82.007375999999994
CSX,000189993,2020-04-30,3:51 PM,Obstruction,0,DANVILLE,WV,62.0,2,Day,Rain,Main,Freight Train,18,32722,0,32722,M404,38.015262999999997,-81.827944000000002
UP,0323RM042,2023-03-17,10:56 PM,Other (describe in narrative),0,ROCK SPRINGS,WY,22.0,4,Dark,Clear,Main,Freight Train,40,48664,9040,57704,E22C,41.668483999999999,-108.946264
BNSF,NW0819105,2019-08-07,1:00 PM,Derailment,0,PASCO,WA,98.0,2,Day,Clear,Yard,Freight Train,4,4200,7600,11800,H702,46.263196999999998,-119.098861
ATK,173843,2023-02-14,8:10 PM,Derailment,0,SEATTLE,WA,35.0,4,Dark,Cloudy,Yard,Passenger Train - Pulling,2,43624,7400,51024,H307,47.586100000000002,-122.332013
BNSF,TC0315129,2015-03-13,4:00 PM,Derailment,0,MINOT,ND,50.0,2,Day,Clear,Main,Spec. MoW Equip.,10,15000,0,45000,H997,48.23762,-101.264009
WC,1142377,2023-10-17,1:00 PM,Other (describe in narrative),0,STEVENS POINT,WI,60.0,2,Day,Clear,Yard,Yard/switching,4,12000,0,12000,M204,44.513243000000003,-89.553426000000002
BNSF,PR0918205,2018-09-25,8:45 AM,Hwy-rail crossing,0,SCOTTSBLUFF,NE,51.0,1,Dawn,Clear,Main,Freight Train,25,19870,366,20236,M308,41.843265000000002,-103.618055
BNSF,PR0715113,2015-07-27,8:50 PM,Side collision,0,WRIGHT,WY,55.0,3,Dusk,Clear,Industry,Single Car,0,16375,0,49575,H307,43.842146,-105.36376199999999
CSX,000155637,2015-12-31,12:25 AM,Obstruction,0,SALT ROCK,WV,40.0,4,Dark,Cloudy,Main,Freight Train,35,21344,50,21394,M101,38.345171000000001,-82.217185000000001
UP,1018PD020,2018-10-27,1:00 AM,Derailment,0,TOUCHET,WA,48.0,4,Dark,Cloudy,Industry,,0,0,23528,148528,T216,46.108063999999999,-118.91467799999999
BNSF,NW0923109,2023-09-12,4:40 PM,Derailment,0,TACOMA,WA,68.0,2,Day,Clear,Yard,Freight Train,7,40552,8389,48941,H526,47.243160000000003,-122.409982
UP,0724PR003,2024-07-03,12:40 AM,Other impacts,0,ALTOONA,WI,66.0,4,Dark,Clear,Yard,Cut of cars,0,1560,0,110910,H312,44.804887999999998,-91.422184000000001
IC,870859,2015-11-10,4:30 AM,Derailment,0,MEMPHIS,TN,44.0,4,Dark,Clear,Yard,Freight Train,9,223443,21836,245279,H599,35.073630999999999,-90.062607
NS,144092,2022-01-20,10:00 AM,Other impacts,0,WEST FAIRVIEW,PA,72.0,2,Day,Clear,Yard,Cut of cars,0,10905,0,31271,H312,40.279806999999998,-76.922450999999995
NECR,NEC873521A,2021-09-07,3:00 PM,Fire/violent rupture,0,MONSON,MA,78.0,2,Day,Clear,Main,Freight Train,13,350000,0,350000,E74L,42.077511999999999,-72.311744000000004
BNSF,RD0622208,2022-06-29,9:56 AM,Hwy-rail crossing,0,RHOME,TX,93.0,2,Day,Clear,Main,Freight Train,40,4000,25000,29000,M302,33.026276000000003,-97.444419999999994
CSX,000202297,2022-01-08,7:09 AM,Other impacts,0,GRAFTON,WV,5.0,1,Dawn,Cloudy,Yard,Freight Train,2,26011,2527,101415,H306,39.340043000000001,-80.018074999999996
UP,0119GL013,2019-01-12,7:29 PM,Obstruction,0,HAMMOND,WI,27.0,3,Dusk,Cloudy,Main,Freight Train,43,46341,12700,59041,M402,44.980612000000001,-92.476007999999993
BNSF,SF0516200,2016-05-09,5:00 AM,Hwy-rail crossing,0,ENID,OK,65.0,1,Dawn,Clear,Main,Freight Train,50,177923,635563,813486,M302,36.397559999999999,-97.756172000000007
UP,0420HO006,2020-04-08,9:22 AM,Other impacts,0,SPRING,TX,76.0,2,Day,Cloudy,Yard,Single Car,0,250,6520,50789,H312,30.063347,-95.411969999999997
CSX,000141900,2015-02-22,7:10 PM,Derailment,0,ROWLESBURG,WV,28.0,4,Dark,Cloudy,Main,Freight Train,22,20672,77779,98451,E67C,39.377457,-79.641441999999998
UP,0823GC022,2023-08-31,5:00 AM,Derailment,0,BEAUMONT,TX,72.0,1,Dawn,Clear,Yard,Freight Train,5,6261,9680,15941,E64C,30.012471000000001,-94.078097
CSX,000175138,2018-03-10,9:51 PM,Derailment,0,WILLARD,OH,22.0,4,Dark,Clear,Yard,Yard/switching,10,129096,48654,177750,E07C,41.059857000000001,-82.723963999999995
BNSF,CH0122204,2022-01-19,10:13 AM,Hwy-rail crossing,0,ALBIA,IA,7.0,2,Day,Cloudy,Main,,0,0,0,14386,M302,41.061985,-92.725899999999996
CSX,000178516,2018-08-30,2:30 PM,Derailment,0,BECKLEY,WV,0.0,2,Day,Rain,Industry,Freight Train,1,52501,5280,57781,M501,37.765318999999998,-81.252386999999999
BNSF,SW0217109,2017-02-22,10:29 AM,Raking collision,0,ALBUQUERQUE,NM,60.0,2,Day,Clear,Yard,Maint./inspect Car,0,278000,0,278655,H307,35.055230999999999,-106.65270700000001
WC,860411,2015-07-27,10:40 PM,Derailment,0,APPLETON,WI,80.0,4,Dark,Clear,Yard,Freight Train,8,16400,4807,21207,H704,44.266533000000003,-88.435948999999994
BNSF,NW0821108,2021-08-13,2:01 PM,Derailment,0,EVERETT,WA,85.0,2,Day,Clear,Yard,Yard/switching,6,13304,0,13304,H506,48.013486,-122.18924800000001
NS,129443,2018-05-12,2:30 PM,Other impacts,0,HOPEWELL,VA,95.0,2,Day,Clear,Industry,Cut of cars,0,31234,0,31234,H306,37.297159000000001,-77.292711999999995
NS,116812,2015-08-05,8:15 PM,Derailment,0,WILLIAMSON,WV,68.0,4,Dark,Cloudy,Yard,Yard/switching,5,32250,11941,44191,H306,37.658448,-82.253871000000004
UP,0420RM020,2020-04-09,8:34 AM,Fire/violent rupture,0,CHEYENNE,WY,28.0,2,Day,Clear,Main,Freight Train,38,326281,0,326281,E72L,41.095132999999997,-104.1695
UP,0918PR018,2018-09-19,5:00 AM,Obstruction,0,MELROSE PARK,IL,69.0,1,Dawn,Cloudy,Yard,Yard/switching,5,24993,1720,26713,M404,41.899746,-87.907627000000005
UP,1116TC004,2016-11-08,6:15 PM,Derailment,0,SUPERIOR,WI,50.0,4,Dark,Clear,Yard,Yard/switching,4,17519,3456,20975,E65C,46.679488999999997,-92.013305000000003
BNSF,NW0216122,2016-02-29,8:30 PM,Other (describe in narrative),0,PASCO,WA,42.0,3,Dusk,Clear,Yard,Freight Train,8,15000,0,15000,H509,46.222625000000001,-119.07551100000001
UP,1116SA026,2016-11-23,11:41 PM,Fire/violent rupture,0,SMITHVILLE,TX,45.0,4,Dark,Clear,Main,Freight Train,25,53750,0,53750,E73L,29.991216000000001,-97.125358000000006
UP,0722ES005,2022-07-05,11:42 AM,Hwy-rail crossing,0,SANTO,TX,96.0,2,Day,Clear,Main,Spec. MoW Equip.,15,40378,33,40411,M302,32.607438999999999,-98.209446999999997
UP,0822SX014,2022-08-15,9:20 PM,Other impacts,0,LAREDO,TX,80.0,4,Dark,Rain,Yard,Yard/switching,6,15999,4790,21390,M105,27.664784000000001,-99.445342999999994
CSX,000216108,2024-02-10,10:07 AM,Other impacts,0,SELKIRK,NY,46.0,2,Day,Clear,Yard,Single Car,4,0,0,206176,M407,42.575699999999998,-73.936000000000007
UP,0223GP022,2023-02-11,8:28 PM,Other impacts,0,CHEYENNE,WY,37.0,4,Dark,Clear,Yard,Single Car,0,46501,0,50351,H312,41.128799000000001,-104.81242899999999
UP,0520GL017,2020-05-20,4:59 PM,Derailment,0,SUPERIOR,WI,50.0,2,Day,Clear,Yard,Cut of cars,0,38784,0,40765,M405,46.679488999999997,-92.013305000000003
ATK,167736,2021-07-15,1:34 PM,Hwy-rail crossing,0,IXONIA,WI,80.0,2,Day,Clear,Main,Passenger Train - Pulling,79,23172,0,23172,M308,43.141221999999999,-88.592506999999998
BNSF,NW1019112,2019-10-17,9:15 PM,Derailment,0,SEATTLE,WA,60.0,4,Dark,Cloudy,Yard,Yard/switching,7,79787,165000,244787,H607,47.649757999999999,-122.380841
NS,140825,2021-03-04,1:00 PM,Derailment,0,FRONT ROYAL,VA,46.0,2,Day,Clear,Main,Freight Train,18,912753,274484,1187237,H503,38.941761999999997,-78.191891999999996
UP,0920GP012,2020-09-14,5:21 PM,Derailment,0,BILL,WY,88.0,2,Day,Clear,Main,Freight Train,31,1753590,0,2425109,E53C,42.849094999999998,-105.207978
BNSF,NW1021110,2021-10-11,12:50 PM,Derailment,0,WOODLAND,WA,57.0,2,Day,Clear,Main,,0,0,1800,118140,H702,45.876767000000001,-122.753253
UP,0220TO012,2020-02-08,10:26 PM,Fire/violent rupture,0,ELM MOTT,TX,56.0,4,Dark,Clear,Main,Freight Train,40,38128,0,38128,E73L,31.776035,-97.100046000000006
BB,2018T101,2018-01-31,11:16 AM,Hwy-rail crossing,0,CROZET,VA,33.0,2,Day,Clear,Main,,0,0,244000,284491,M308,38.077334,-78.716740999999999
UP,1221TO033,2021-12-22,5:00 AM,Other impacts,0,EL PASO,TX,42.0,1,Dawn,Clear,Yard,Yard/switching,4,11717,0,19607,H310,31.753551000000002,-106.38848900000001
BNSF,KS0322107,2022-03-11,1:15 PM,Other impacts,0,AMARILLO,TX,35.0,2,Day,Clear,Yard,Yard/switching,3,28796,0,28951,H310,35.188358999999998,-101.832629
UP,0324HO025,2024-03-20,6:43 AM,Hwy-rail crossing,0,HOUSTON,TX,57.0,1,Dawn,Cloudy,Main,Freight Train,17,0,38777,38777,M304,29.675743000000001,-95.380032999999997
UP,1222RM026,2022-12-04,10:36 AM,Obstruction,0,THOMPSON,UT,30.0,2,Day,Cloudy,Main,,0,0,0,12151,M403,39.023668999999998,-109.220308
UP,0119TO043,2019-01-31,3:57 PM,Other impacts,0,MONAHANS,TX,71.0,2,Day,Clear,Yard,Light loco(s),0,5181,0,12127,H017,31.603455,-102.862623
TRE,20002,2020-01-28,7:35 AM,Hwy-rail crossing,0,FORT WORTH,TX,53.0,1,Dawn,Cloudy,Main,Commuter Train - Pushing,47,13878,1500,15378,M304,32.762425999999998,-97.301755
UP,0822SX025,2022-08-30,6:00 PM,Other impacts,0,SAN ANTONIO,TX,80.0,3,Dusk,Rain,Yard,Yard/switching,10,7366,299,37476,H018,29.435089000000001,-98.448254000000006
CSX,000164445,2016-11-16,8:08 PM,Derailment,0,RICHMOND,VA,50.0,4,Dark,Clear,Yard,Freight Train,7,67902,856,71631,H018,37.410260000000001,-77.435772
TCT,580316,2023-12-22,11:10 AM,Derailment,0,TEXAS CITY,TX,65.0,2,Day,Cloudy,Industry,Yard/switching,4,100000,0,100000,H021,29.373930000000001,-94.893289999999993
UP,0424TO016,2024-04-15,4:10 PM,Derailment,0,MINGUS,TX,77.0,2,Day,Cloudy,Main,Freight Train,44,14059,5860,19919,E21C,32.543134000000002,-98.418584999999993
UP,0218HO031,2018-02-18,7:00 AM,Other (describe in narrative),0,HOUSTON,TX,61.0,2,Day,Cloudy,Yard,Single Car,0,42877,0,43189,M201,29.805879000000001,-95.288442000000003
UP,0719TO020,2019-07-14,5:20 AM,Other impacts,0,FORT WORTH,TX,80.0,1,Dawn,Clear,Yard,Single Car,2,63758,0,66330,M411,32.722819999999999,-97.378365000000002
UP,1020ES013,2020-10-07,9:30 AM,Derailment,0,FORT WORTH,TX,70.0,2,Day,Clear,Main,Spec. MoW Equip.,5,4000,16009,20009,H993,32.711379000000001,-97.326746999999997
BNSF,RD0519104,2019-05-04,1:25 AM,Derailment,0,DAYTON,TX,72.0,4,Dark,Cloudy,Yard,Yard/switching,8,80813,97400,178213,T221,30.006308000000001,-94.904650000000004
UP,1022RM025,2022-10-26,2:17 AM,Derailment,0,OGDEN,UT,40.0,4,Dark,Cloudy,Yard,Yard/switching,4,36682,113339,150021,E79L,41.214342000000002,-111.983667
UP,1022HO015,2022-10-14,9:59 PM,Hwy-rail crossing,0,COLLEGE STATION,TX,79.0,4,Dark,Clear,Main,Freight Train,24,2604,23033,25637,M304,30.535456,-96.302008000000001
VTR,1482,2019-01-26,9:20 AM,Hwy-rail crossing,0,EAST WALLINGFORD,VT,20.0,2,Day,Cloudy,Main,Freight Train,20,100000,0,100000,M302,43.449579,-72.877538999999999
UP,0119SX002,2019-01-04,5:20 AM,Other impacts,0,SAN ANTONIO,TX,38.0,1,Dawn,Clear,Yard,Yard/switching,4,63932,199,152810,H702,29.380337999999998,-98.554445000000001
UP,0123GC013,2023-01-18,8:45 AM,Other impacts,0,BEAUMONT,TX,71.0,2,Day,Cloudy,Yard,Yard/switching,4,28769,165,43005,H607,30.072566999999999,-94.148407000000006
UP,0524TO002,2024-05-01,6:43 PM,Derailment,0,GROESBECK,TX,76.0,3,Dusk,Rain,Main,Freight Train,15,783754,87094,870848,M103,31.593710999999999,-96.494151000000002
UP,0523HO017,2023-05-16,5:15 AM,Derailment,0,SEABROOK,TX,71.0,1,Dawn,Cloudy,Industry,Yard/switching,5,56933,250,57183,H307,29.604192999999999,-95.031199000000001
UP,0220RM019,2020-02-11,10:35 PM,Other (describe in narrative),0,OGDEN,UT,30.0,4,Dark,Clear,Main,Freight Train,20,100,17096,17196,E61C,41.210416000000002,-111.988428
UP,0821TO010,2021-08-09,5:06 AM,Hwy-rail crossing,0,MIDLAND,TX,76.0,1,Dawn,Clear,Main,Freight Train,57,25871,20033,45904,M304,32.015988999999998,-102.034626
NS,157479,2024-07-25,4:45 AM,Side collision,0,CREWE,VA,72.0,1,Dawn,Rain,Yard,Yard/switching,8,133990,28840,164030,H309,37.178052000000001,-78.131442000000007
AWRR,190711005,2019-07-11,2:00 PM,Derailment,0,LIBERTY HILL,TX,94.0,2,Day,Clear,Industry,Cut of cars,15,232788,0,232788,H021,30.640014999999998,-97.881412999999995
UP,0720TO010,2020-07-12,9:45 AM,Derailment,0,BURLESON,TX,87.0,2,Day,Clear,Main,Freight Train,31,23998,7038,31036,E51C,32.523542999999997,-97.318595999999999
UP,0720HO009,2020-07-12,6:45 PM,Other impacts,0,LA PORTE,TX,95.0,3,Dusk,Clear,Yard,Yard/switching,2,11228,132,39628,S016,29.688836999999999,-95.043736999999993
UP,0620SX022,2020-06-13,3:40 PM,Other impacts,0,SAN ANTONIO,TX,91.0,2,Day,Clear,Yard,Yard/switching,0,34,0,17031,E08C,29.436069,-98.461607000000001
PTRA,2021000004,2021-03-12,4:15 AM,Other (describe in narrative),0,PASADENA,TX,70.0,4,Dark,Cloudy,Industry,,0,0,74668,74668,H607,29.716028999999999,-95.228025000000002
UP,0920TO025,2020-09-21,8:52 AM,Hwy-rail crossing,0,TERRELL,TX,68.0,2,Day,Cloudy,Main,Freight Train,64,18962,17363,36325,M303,32.714323999999998,-96.097628
BNSF,RD0821123,2021-08-28,1:40 AM,Derailment,0,LUBBOCK,TX,80.0,4,Dark,Clear,Yard,Freight Train,2,4579,20747,25326,H503,33.578650000000003,-101.83234400000001
UP,0822HO008,2022-08-06,12:05 PM,Other impacts,0,HOUSTON,TX,83.0,2,Day,Cloudy,Yard,Single Car,0,0,0,25939,M407,29.795634,-95.295272999999995
NS,152658,2023-03-29,2:27 AM,Side collision,0,CREWE,VA,40.0,4,Dark,Rain,Yard,Yard/switching,5,5900,4111,23346,H306,37.178052000000001,-78.131442000000007
UP,1223GC001,2023-12-01,3:45 AM,Other impacts,0,BEAUMONT,TX,67.0,4,Dark,Clear,Yard,Single Car,5,393,0,11642,M411,30.072458000000001,-94.149215999999996
BNSF,RD0817108,2017-08-06,2:00 PM,Other impacts,0,DAYTON,TX,90.0,2,Day,Clear,Yard,Yard/switching,5,37179,0,37179,H318,30.009129000000001,-94.904934999999995
UP,0318FW034,2018-03-29,2:05 PM,Other impacts,0,FORT WORTH,TX,70.0,2,Day,Cloudy,Yard,Yard/switching,11,9558,2790,12519,M407,32.720930000000003,-97.381321
UP,0320RM020,2020-03-19,11:00 PM,Other impacts,0,SALT LAKE CITY,UT,39.0,4,Dark,Cloudy,Yard,Single Car,1,100,0,11963,S103,40.708953000000001,-111.91070000000001
UP,0618UT003,2018-06-05,9:15 AM,Obstruction,0,SALT LAKE CITY,UT,83.0,2,Day,Clear,Yard,Yard/switching,4,24401,12481,36882,M410,40.733899999999998,-111.90854400000001
PTRA,2024014,2024-08-24,1:15 AM,Raking collision,0,HOUSTON,TX,80.0,4,Dark,Clear,Yard,Freight Train,6,189881,0,189881,H018,29.748936,-95.213292999999993
UP,0623RM032,2023-06-29,5:57 PM,Derailment,0,TOOELE,UT,78.0,2,Day,Clear,Main,Freight Train,38,3313,31460,34773,E53C,40.669573999999997,-112.359352
BNSF,NW1214120,2014-12-13,8:23 AM,Fire/violent rupture,0,QUINCY,WA,70.0,1,Dawn,Clear,Main,Freight Train,10,11000,0,11000,E71L,47.384923000000001,-119.433649
KCS,18082801,2018-08-28,4:45 PM,Other impacts,0,BEAUMONT,TX,90.0,2,Day,Cloudy,Yard,Cut of cars,4,0,0,14607,H018,30.059469,-94.086607000000001
KCS,21010901,2021-01-09,8:45 PM,Other impacts,0,LAREDO,TX,50.0,4,Dark,Rain,Yard,Single Car,20,0,1869,23455,H018,27.501662,-99.412582999999998
NS,139456,2020-10-18,11:55 AM,Derailment,0,ROANOKE,VA,72.0,2,Day,Clear,Yard,Yard/switching,5,32050,53557,85607,E30C,37.271098000000002,-79.997944000000004
UP,1223SX018,2023-12-25,4:05 AM,Other impacts,0,SAN ANTONIO,TX,67.0,1,Dawn,Clear,Yard,Single Car,5,63461,0,64382,H312,29.377409,-98.555931000000001
BNSF,RD0823116,2023-08-09,9:00 AM,Other impacts,0,SAGINAW,TX,97.0,2,Day,Clear,Industry,Yard/switching,2,15668,0,15668,H307,32.836399,-97.351393000000002
UP,0319GC058,2019-03-22,5:35 PM,Other impacts,0,LA PORTE,TX,76.0,2,Day,Clear,Yard,Yard/switching,3,5043,282,21838,M404,29.683921000000002,-95.038895999999994
UP,1118HO036,2018-11-27,1:10 PM,Fire/violent rupture,0,BEAUMONT,TX,60.0,2,Day,Cloudy,Main,Freight Train,20,57722,99,57821,E73L,30.058059,-94.261713999999998
UP,1123HO018,2023-11-22,9:35 AM,Hwy-rail crossing,0,MAGNOLIA,TX,48.0,2,Day,Clear,Main,Freight Train,26,3553,52200,55753,M303,30.241073,-95.819519
BNSF,RD0320131,2020-03-20,4:26 PM,Fire/violent rupture,0,SPOFFORD,TX,63.0,2,Day,Clear,Main,Freight Train,25,16288,0,16288,E74L,29.225145999999999,-100.245046
UP,0521HO009,2021-05-08,8:28 PM,Derailment,0,ROSENBERG,TX,78.0,4,Dark,Cloudy,Main,Freight Train,41,55428,9304,64732,E33C,29.549900000000001,-95.906071999999995
TSWS,77720172,2017-09-14,11:37 PM,Derailment,0,SALT LAKE CITY,UT,65.0,4,Dark,Clear,Yard,Yard/switching,7,75000,35000,110000,H307,40.745432000000001,-111.99950800000001
UP,0820SX018,2020-08-29,1:33 PM,Hwy-rail crossing,0,EDROY,TX,95.0,2,Day,Clear,Main,Freight Train,20,11453,278,11731,M302,27.974937000000001,-97.686301999999998
NS,144118,2022-01-24,2:30 AM,Derailment,0,ROANOKE,VA,38.0,4,Dark,Cloudy,Yard,Yard/switching,9,155042,108,155150,H602,37.271115000000002,-79.997916000000004
BNSF,KS0119111,2019-01-31,8:17 PM,Derailment,0,AMARILLO,TX,55.0,3,Dusk,Clear,Yard,Yard/switching,10,8222,10000,18222,H703,35.200898000000002,-101.828608
EWG,EWG201803,2018-03-06,12:30 AM,Derailment,0,CRESTON,WA,27.0,4,Dark,Cloudy,Industry,Freight Train,2,6000,35000,41000,T220,47.757866999999997,-118.525248
UP,0617HO024,2017-06-12,10:36 AM,Other impacts,0,HOUSTON,TX,85.0,2,Day,Clear,Yard,Single Car,0,7581,0,13957,S016,29.795439999999999,-95.294319999999999
CSX,000150730,2015-08-16,2:10 AM,Derailment,0,RICHMOND,VA,74.0,4,Dark,Clear,Yard,Yard/switching,7,37771,0,37771,H310,37.581738999999999,-77.475373000000005
UP,0322GC014,2022-03-12,10:30 AM,Derailment,0,ORANGE,TX,55.0,2,Day,Clear,Yard,Freight Train,7,13593,2024,15617,H993,30.089079999999999,-93.771394999999998
UP,0820GC005,2020-08-02,10:15 PM,Derailment,0,LUFKIN,TX,75.0,4,Dark,Cloudy,Yard,Yard/switching,3,60091,163699,223790,H704,31.355765999999999,-94.720580999999996
CSX,000138816,2014-12-12,6:00 PM,Side collision,0,RICHMOND,VA,44.0,4,Dark,Cloudy,Yard,Yard/switching,4,1278,0,20023,H306,37.509596000000002,-77.408015000000006
NS,154989,2023-12-07,9:51 PM,Hwy-rail crossing,0,N/A,VA,32.0,4,Dark,Clear,Main,Freight Train,35,0,20787,20787,M302,37.332996000000001,-80.678746000000004