reportingrailroadcode,accidentnumber,date,time,accidenttype,hazmatreleasedcars,station,stateabbr,temperature,visibility_code,visibility,weathercondition,tracktype,equipmenttype,trainspeed,equipmentdamagecost,trackdamagecost,totaldamagecost,primaryaccidentcausecode,latitude,longitude
DGNO,DGN859023A,2023-12-05,1:00 AM,Other (describe in narrative),0,LEWISVILLE,TX,53.0,4,Dark,Clear,Main,Freight Train,3,500,0,18877,E99L,33.05424,-96.992519999999999
BNSF,RD1023102,2023-10-02,4:12 AM,Other (describe in narrative),0,DAYTON,TX,90.0,1,Dawn,Clear,Yard,Yard/switching,5,156465,2000,158465,H307,30.006429000000001,-94.90652
BNSF,RD0121124,2021-01-31,11:10 PM,Derailment,0,EAGLE PASS,TX,58.0,4,Dark,Clear,Yard,Freight Train,4,26910,1500,28410,H307,28.839904000000001,-100.43380500000001
UP,0320HO011,2020-03-14,12:55 AM,Other impacts,0,HOUSTON,TX,71.0,4,Dark,Cloudy,Yard,Yard/switching,2,44044,0,216105,S007,29.793434999999999,-95.300940999999995
UP,0123MA048,2023-01-17,3:10 PM,Hwy-rail crossing,0,MARSHALL,TX,77.0,2,Day,Cloudy,Main,Freight Train,40,21322,18832,40154,M303,32.667912999999999,-94.343297000000007
UP,0921HO007,2021-09-07,6:58 AM,Other impacts,0,HOUSTON,TX,77.0,1,Dawn,Clear,Yard,Single Car,5,4273,0,24397,M411,29.796298,-95.292013999999995
UP,1122TO029,2022-11-27,12:41 AM,Other impacts,0,EL PASO,TX,53.0,4,Dark,Clear,Main,Yard/switching,8,15231,37945,144672,H607,31.738095999999999,-106.370813
UP,0223HO007,2023-02-04,9:22 PM,Other impacts,0,HOUSTON,TX,53.0,4,Dark,Clear,Yard,Yard/switching,10,13277,0,13277,S007,29.796081000000001,-95.291556
PTRA,2020000019,2020-09-11,9:30 AM,Raking collision,0,PASADENA,TX,95.0,2,Day,Clear,Yard,Cut of cars,4,4000,0,39000,H018,29.726313000000001,-95.192098000000001
RLAX,RLAX21224,2024-02-12,3:23 PM,Derailment,0,BAYTOWN,TX,48.0,2,Day,Clear,Yard,Light loco(s),7,32061,2500,34561,H303,29.773417999999999,-94.896901999999997
ATK,135398,2014-11-27,1:30 PM,Obstruction,0,BRATTLEBORO,VT,30.0,2,Day,Snow,Main,Passenger Train - Pulling,79,20000,0,20000,M404,42.856195,-72.556522000000001
UP,0321HO011,2021-03-08,11:24 AM,Other impacts,0,HOUSTON,TX,64.0,2,Day,Cloudy,Yard,Yard/switching,8,7779,1066,16161,H602,29.796054999999999,-95.291180999999995
BNSF,RD0124110,2024-01-15,5:50 PM,Derailment,0,TEAGUE,TX,-1.0,3,Dusk,Clear,Yard,Light loco(s),9,45000,154,45154,H702,31.635442999999999,-96.288371999999995
UP,0221TO035,2021-02-28,1:58 AM,Derailment,0,ENNIS,TX,69.0,4,Dark,Cloudy,Yard,Yard/switching,5,9282,4000,13282,M405,32.338298000000002,-96.633961999999997
KCS,21010901,2021-01-09,8:45 PM,Other impacts,0,LAREDO,TX,50.0,4,Dark,Rain,Yard,Light loco(s),0,21586,0,23455,H018,27.501662,-99.412582999999998
PSCG,IT34290,2023-01-24,2:45 PM,Derailment,0,DEER PARK,TX,80.0,2,Day,Rain,Industry,Cut of cars,0,160000,0,160000,M102,29.431699999999999,-95.050899999999999
ATK,145060,2016-11-12,7:41 PM,Hwy-rail crossing,0,KENT,WA,54.0,4,Dark,Clear,Main,Passenger Train - Pulling,63,38489,0,38489,M302,47.377791999999999,-122.232973
EWG,EWG201706,2017-08-05,7:51 PM,Derailment,0,DAVENPORT,WA,80.0,2,Day,Clear,Main,Freight Train,9,72000,140000,212000,E4BC,47.687942,-118.0279
UP,0521ES023,2021-05-13,11:50 AM,Derailment,0,EDGEWOOD,TX,68.0,2,Day,Clear,Main,Spec. MoW Equip.,0,24610,0,24610,M501,32.694282999999999,-95.858671000000001
NS,137771,2020-04-20,12:13 AM,Hwy-rail crossing,0,RADFORD,VA,61.0,4,Dark,Clear,Main,Work train,17,16100,5099,21199,M303,37.150730000000003,-80.522070999999997
PTRA,2020000019,2020-09-11,9:30 AM,Raking collision,0,PASADENA,TX,95.0,2,Day,Clear,Yard,Freight Train,5,35000,0,39000,H018,29.726313000000001,-95.192098000000001
UP,0818HO009,2018-08-08,5:22 AM,Other impacts,0,LA PORTE,TX,85.0,1,Dawn,Cloudy,Yard,Yard/switching,4,3447,11970,29550,M404,29.675709000000001,-95.038923999999994
NS,157610,2024-08-04,7:30 AM,Derailment,0,ROANOKE CITy,VA,74.0,1,Dawn,Clear,Yard,Yard/switching,8,45098,0,45098,H601,37.277109000000003,-79.982324000000006
UP,0319SX019,2019-03-18,8:43 PM,Hwy-rail crossing,0,SAN ANTONIO,TX,61.0,4,Dark,Cloudy,Main,Freight Train,35,473,93868,94341,M302,29.408102,-98.511088999999998
CSX,000172282,2017-10-18,10:19 AM,Other impacts,0,COVINGTON,VA,70.0,2,Day,Clear,Industry,Yard/switching,2,33455,1078,34533,H607,37.798251999999998,-79.996578
UP,0120GC010,2020-01-11,11:50 AM,Hwy-rail crossing,0,NEW CANEY,TX,54.0,2,Day,Cloudy,Main,Freight Train,56,241,30400,30641,M308,30.078735999999999,-95.237623999999997
NS,116523,2015-07-14,3:50 PM,Rear end collision,0,DUBLIN,VA,83.0,2,Day,Clear,Main,Freight Train,0,466645,318685,1946689,H222,37.126029000000003,-80.648965000000004
UP,1221HO014,2021-12-14,4:14 PM,Derailment,0,TEXAS CITY,TX,75.0,2,Day,Clear,Main,Freight Train,6,4281,23370,27651,H707,29.338569,-94.932253000000003
UP,0120HO024,2020-01-25,4:37 PM,Other impacts,0,HOUSTON,TX,65.0,2,Day,Cloudy,Yard,Yard/switching,10,93750,132,115154,M407,29.795634,-95.295274000000006
BNSF,RD0623112,2023-06-12,5:00 AM,Derailment,0,SILSBEE,TX,76.0,1,Dawn,Clear,Yard,Yard/switching,5,67433,1500,68933,H309,30.355595000000001,-94.193783999999994
UP,1123TO008,2023-11-04,10:20 PM,Derailment,0,CHICO,TX,60.0,4,Dark,Clear,Industry,Freight Train,10,30326,188612,218938,T221,33.284165000000002,-97.793270000000007
BNSF,RD1119127,2019-11-29,7:15 PM,Other impacts,0,SOMERVILLE,TX,70.0,3,Dusk,Clear,Siding,Freight Train,5,13710,0,13710,H302,30.362128999999999,-96.541531000000006
UP,0723SX019,2023-07-25,6:35 AM,Other (describe in narrative),0,SAN ANTONIO,TX,76.0,1,Dawn,Clear,Main,Yard/switching,8,0,30000,30000,H307,29.348934,-98.581440000000001
BNSF,NW0416117,2016-04-24,3:30 PM,Other impacts,0,SEATTLE,WA,75.0,2,Day,Cloudy,Yard,Yard/switching,5,14010,0,14010,M201,47.636994999999999,-122.38130099999999
NS,155663,2024-02-03,6:06 PM,Obstruction,0,ROANOKE,VA,50.0,3,Dusk,Clear,Yard,Yard/switching,6,13500,0,13500,M404,37.278855999999998,-79.973730000000003
UP,1021HO026,2021-10-31,10:15 AM,Derailment,0,HOUSTON,TX,66.0,2,Day,Clear,Yard,Freight Train,5,61578,70175,131753,H704,29.806318999999998,-95.288630999999995
UP,0919SX021,2019-09-19,1:13 PM,Hwy-rail crossing,0,THOMASTON,TX,93.0,2,Day,Cloudy,Main,Freight Train,32,15815,449,16264,M308,28.943186000000001,-97.118089999999995
CSX,000152771,2015-10-04,2:38 AM,Derailment,0,LYNCHBURG,VA,56.0,4,Dark,Rain,Main,Freight Train,20,40421,675,41096,M101,37.430374999999998,-79.148061999999996
UP,0821TO033,2021-08-31,7:00 AM,Other (describe in narrative),0,FORT WORTH,TX,79.0,2,Day,Clear,Yard,Single Car,0,36291,0,36291,E44C,32.721277000000001,-97.378904000000006
UP,0919TO034,2019-09-30,4:10 PM,Hwy-rail crossing,0,MESQUITE,TX,91.0,2,Day,Clear,Main,,0,0,300,59613,M308,32.754511000000001,-96.519639999999995
UP,0917FW010,2017-09-16,8:30 AM,Derailment,0,FORT WORTH,TX,80.0,2,Day,Clear,Yard,Yard/switching,4,3324,0,79331,E43C,32.722622999999999,-97.378375000000005
ATK,154895,2018-08-18,1:10 PM,Hwy-rail crossing,0,HALLSVILLE,TX,102.0,2,Day,Clear,Main,Passenger Train - Pulling,75,15630,0,15880,M308,32.507337999999997,-94.540228999999997
UP,1118SA017,2018-11-14,3:40 AM,Derailment,0,SAN ANTONIO,TX,27.0,4,Dark,Cloudy,Yard,Yard/switching,4,18738,14052,32790,H703,29.435393000000001,-98.469976000000003
BNSF,RD0120115,2020-01-22,9:45 PM,Other (describe in narrative),0,TEMPLE,TX,60.0,4,Dark,Rain,Main,Freight Train,0,0,14790,14790,H605,31.078835999999999,-97.333692999999997
BNSF,RD0322116,2022-03-16,10:15 AM,Derailment,0,DAYTON,TX,75.0,2,Day,Clear,Yard,Yard/switching,5,7244,17753,24997,H307,30.013413,-94.902601000000004
BNSF,RD1119125,2019-11-28,5:00 AM,Derailment,0,FORT WORTH,TX,48.0,1,Dawn,Rain,Yard,Yard/switching,4,10000,6000,16000,H607,32.81606,-97.324299999999994
UP,0922SX003,2022-09-03,6:45 AM,Other impacts,0,HONDO,TX,77.0,1,Dawn,Clear,Industry,Freight Train,0,272023,0,320415,H104,29.456202000000001,-98.999746999999999
UP,0823RM035,2023-08-27,3:23 AM,Derailment,0,SALT LAKE CITY,UT,75.0,4,Dark,Cloudy,Main,Freight Train,2,46146,25895,72041,H303,40.751600000000003,-112.025884
UP,0818HO033,2018-08-18,4:45 PM,Derailment,0,HOUSTON,TX,90.0,2,Day,Clear,Yard,Yard/switching,4,26351,450,89405,M201,29.826485999999999,-95.289173000000005
KCS,19061401,2019-06-14,8:10 PM,Derailment,0,BEAUMONT,TX,80.0,3,Dusk,Clear,Yard,Freight Train,4,3268,44840,48108,H306,30.075505,-94.103853999999998
UP,0923SX024,2023-09-26,3:40 PM,Other impacts,0,SAN ANTONIO,TX,93.0,2,Day,Clear,Yard,Light loco(s),2,2500,0,19093,H306,29.381568000000001,-98.553359999999998
UP,1121HO019,2021-11-13,7:00 PM,Hwy-rail crossing,0,HOUSTON,TX,70.0,3,Dusk,Clear,Main,Freight Train,30,0,23200,23200,M304,29.818138000000001,-95.48348
ATK,171989,2022-09-11,5:30 PM,Fire/violent rupture,0,QUANTICO,VA,81.0,2,Day,Cloudy,Main,Passenger Train - Pulling,54,13095,0,13095,M406,38.473624999999998,-77.320930000000004
UP,0420TO040,2020-04-30,11:20 AM,Derailment,0,BIG SPRING,TX,79.0,2,Day,Clear,Yard,Yard/switching,4,107157,109259,216416,H514,32.252862,-101.483614
UP,1121HO003,2021-11-04,2:36 AM,Other impacts,0,HOUSTON,TX,52.0,4,Dark,Rain,Yard,Single Car,0,45588,0,68411,M411,29.790797999999999,-95.305582999999999
UP,0923SX014,2023-09-16,5:20 AM,Derailment,0,LAREDO,TX,74.0,1,Dawn,Clear,Yard,Yard/switching,2,30635,2000,32635,S011,27.666,-99.432556000000005
UP,1019TO016,2019-10-17,10:23 AM,Fire/violent rupture,0,OLDEN,TX,54.0,2,Day,Cloudy,Main,Freight Train,20,15501,0,15501,M406,32.418250999999998,-98.761295000000004
UP,0821TO003,2021-08-02,6:01 PM,Other impacts,0,EL PASO,TX,88.0,3,Dusk,Clear,Main,Single Car,5,272,0,82520,H312,31.767403999999999,-106.47830399999999
BNSF,NW1214100,2014-12-03,3:45 PM,Derailment,0,SEATTLE,WA,42.0,2,Day,Clear,Industry,Yard/switching,4,15043,1000,16043,M101,47.609340000000003,-122.34238000000001
UP,1123TO011,2023-11-06,12:42 PM,Hwy-rail crossing,0,WESTBROOK,TX,86.0,2,Day,Clear,Main,Freight Train,40,18462,0,18462,M302,32.368721999999998,-100.973748
CSX,000163861,2016-10-26,3:26 PM,Other impacts,0,CLIFTON FORGE,VA,62.0,2,Day,Clear,Main,Cut of cars,0,12126,0,64941,H302,37.813794000000001,-79.828812999999997
UP,0922HO020,2022-09-17,8:00 AM,Other impacts,0,HOUSTON,TX,76.0,2,Day,Clear,Yard,Yard/switching,3,5928,3170,35059,M408,29.795155000000001,-95.295891999999995
BNSF,NW0824118,2024-08-24,2:00 AM,Other (describe in narrative),0,KALAMA,WA,63.0,4,Dark,Clear,Industry,Freight Train,5,10800,10162,20962,H607,45.994604000000002,-122.840902
UP,0120TO021,2020-01-13,11:00 AM,Derailment,0,FORT WORTH,TX,50.0,2,Day,Cloudy,Main,Freight Train,8,41508,4669,46177,H503,32.745097999999999,-97.322771000000003
UP,0621GC027,2021-06-29,12:40 PM,Derailment,0,INGLESIDE,TX,84.0,2,Day,Clear,Industry,Yard/switching,10,20463,0,20463,H307,27.871962,-97.175747000000001
PSAP,PSA861015D,2015-12-28,9:18 PM,Derailment,0,MONTESANO,WA,34.0,4,Dark,Cloudy,Main,Freight Train,20,5491,7532,13023,M501,46.983691999999998,-123.56595
UP,0722TO052,2022-07-25,5:00 AM,Other impacts,0,BELLMEAD,TX,82.0,1,Dawn,Clear,Yard,Cut of cars,5,0,0,41708,H601,31.584841999999998,-97.097819000000001
FWWR,20021402,2020-02-14,8:10 PM,Side collision,0,FORT WORTH,TX,41.0,4,Dark,Clear,Main,Freight Train,1,43118,0,43118,H306,32.761111,-97.347222000000002
BNSF,RD0719113,2019-07-12,4:00 PM,Derailment,0,SLATON,TX,93.0,2,Day,Clear,Yard,Freight Train,3,11810,7000,18810,H515,33.448399999999999,-101.64792799999999
BNSF,RD0423101,2023-04-01,10:00 PM,Derailment,0,BEAUMONT,TX,70.0,4,Dark,Clear,Yard,Yard/switching,1,103651,1500,105151,H514,30.095837,-94.117394000000004
CSX,000157195,2015-12-06,7:00 PM,Fire/violent rupture,0,HANOVER,VA,75.0,4,Dark,Clear,Main,Freight Train,0,32155,0,32155,E71L,37.757941000000002,-77.375574999999998
CWRY,CWR940822,2022-04-04,4:39 PM,Derailment,0,PORTSMOUTH,VA,68.0,2,Day,Clear,Yard,Yard/switching,4,83702,10000,93702,E49L,36.872202999999999,-76.369061000000002
BNSF,RD1118207,2018-11-09,3:30 PM,Hwy-rail crossing,0,WAELDER,TX,56.0,2,Day,Clear,Main,Freight Train,36,225000,0,1660925,M308,29.679257,-97.217984999999999
AWRR,200319006,2020-03-19,7:00 PM,Derailment,0,BURNET,TX,74.0,2,Day,Clear,Main,Freight Train,5,80000,4300,84300,E85C,30.749690000000001,-98.148439999999994
UP,0220TO026,2020-02-22,12:38 AM,Other (describe in narrative),0,HILLSBORO,TX,39.0,4,Dark,Clear,Main,Yard/switching,20,0,21500,21500,H301,32.027506000000002,-97.129401000000001
UP,0719SX019,2019-07-24,6:00 AM,Derailment,0,SAN ANTONIO,TX,75.0,1,Dawn,Clear,Yard,Cut of cars,0,6416,0,515588,H503,29.373809000000001,-98.559230999999997
ATK,179312,2024-04-10,4:45 PM,Hwy-rail crossing,0,MERIDIAN,TX,68.0,2,Day,Clear,Main,Passenger Train - Pulling,54,65135,0,65135,M302,31.886067000000001,-97.619124999999997
BNSF,NW0215118,2015-02-17,2:00 PM,Other (describe in narrative),0,BUCODA,WA,35.0,2,Day,Clear,Main,Spec. MoW Equip.,15,20000,0,20000,H997,46.794896999999999,-122.876071
UP,0319RM047,2019-03-30,9:13 AM,Derailment,4,EUREKA,UT,34.0,2,Day,Clear,Main,Freight Train,35,1502035,640158,2142193,E06C,39.756749999999997,-112.200068
UP,0923TO011,2023-09-05,6:36 PM,Derailment,0,FORT WORTH,TX,101.0,3,Dusk,Clear,Yard,Cut of cars,5,26736,0,48357,S007,32.714539000000002,-97.397153000000003
UP,0122TO012,2022-01-10,8:56 PM,Other impacts,0,DALLAS,TX,44.0,4,Dark,Cloudy,Yard,Yard/switching,2,35086,0,41044,H312,32.714047999999998,-96.750151000000002
CSX,000167252,2017-02-09,11:10 AM,Obstruction,0,SANDSTON,VA,45.0,2,Day,Cloudy,Main,,0,0,0,13000,M404,37.485357,-77.278437999999994
UP,0718UT032,2018-07-27,12:05 AM,Derailment,0,SALT LAKE CITY,UT,90.0,4,Dark,Clear,Yard,Freight Train,7,36382,99,36481,H307,40.784030999999999,-111.906451
UP,0223SX020,2023-02-27,4:50 AM,Hwy-rail crossing,0,DEL RIO,TX,61.0,1,Dawn,Clear,Main,Freight Train,35,25542,99,25641,M302,29.366882,-100.847213
UP,0922HO033,2022-09-25,2:30 PM,Other impacts,0,DAYTON,TX,96.0,2,Day,Clear,Yard,Yard/switching,4,951998,1500,961325,H307,30.012523999999999,-94.902255999999994
BNSF,NW0218203,2018-02-27,6:29 PM,Hwy-rail crossing,0,SEATTLE,WA,41.0,3,Dusk,Rain,Main,,0,0,0,0,M302,47.571593999999997,-122.331717
UP,1221TO020,2021-12-14,10:35 AM,Other impacts,0,DALLAS,TX,62.0,2,Day,Fog,Yard,Yard/switching,4,58565,7100,75457,H020,32.714821000000001,-96.750628000000006
BNSF,RD0524113,2024-05-14,5:20 AM,Derailment,0,FORT WORTH,TX,77.0,1,Dawn,Clear,Yard,Yard/switching,10,293432,74652,368084,H309,32.819685,-97.327438000000001
UP,0817UT015,2017-08-16,11:40 AM,Derailment,0,OGDEN,UT,75.0,2,Day,Clear,Yard,Freight Train,8,24648,30648,55296,E64C,41.201332000000001,-111.985276
UP,0220SX018,2020-02-23,8:51 AM,Derailment,0,SPOFFORD,TX,44.0,2,Day,Cloudy,Main,,0,0,263235,463235,E79L,29.163014,-100.395556
UP,0224SX001,2024-02-01,10:43 PM,Derailment,0,EAGLE PASS,TX,66.0,4,Dark,Clear,Yard,Freight Train,8,17554,30620,48174,H607,28.787883000000001,-100.470691
BNSF,SW0522105,2022-05-28,5:50 AM,Derailment,0,EL PASO,TX,75.0,1,Dawn,Clear,Yard,Yard/switching,5,35000,10000,45000,H607,31.755289000000001,-106.495677
TMBL,03242016A,2016-03-24,1:45 AM,Side collision,0,TACOMA,WA,43.0,4,Dark,Rain,Yard,Cut of cars,8,26750,0,48692,H318,47.248745999999997,-122.389803
TMBL,03242016A,2016-03-24,1:45 AM,Side collision,0,TACOMA,WA,43.0,4,Dark,Rain,Yard,Cut of cars,2,21942,0,48692,H318,47.248745999999997,-122.389803
BNSF,NW1114201,2014-11-24,4:30 PM,Hwy-rail crossing,0,SPOKANE,WA,38.0,2,Day,Cloudy,Main,Maint./inspect Car,5,15000,0,15000,M303,47.671799999999998,-117.39
UP,0224TO012,2024-02-08,3:45 AM,Other impacts,0,FORT WORTH,TX,59.0,4,Dark,Cloudy,Yard,Yard/switching,4,41607,0,145078,H310,32.724285999999999,-97.373508999999999
UP,0223HO031,2023-02-25,12:30 AM,Other impacts,0,HOUSTON,TX,72.0,4,Dark,Fog,Yard,Cut of cars,5,6566,0,147730,S016,29.796942999999999,-95.291516000000001
UP,1218GC058,2018-12-24,5:00 PM,Derailment,0,HOUSTON,TX,61.0,2,Day,Cloudy,Yard,Yard/switching,7,111132,58118,169250,T221,29.790780000000002,-95.300908000000007
BNSF,RD0324110,2024-03-09,1:12 PM,Other (describe in narrative),0,TEAGUE,TX,72.0,2,Day,Clear,Yard,Yard/switching,5,800,154,14447,H307,31.647887999999998,-96.296330999999995
UP,0923TO041,2023-09-26,10:45 PM,Other impacts,0,FORT WORTH,TX,81.0,4,Dark,Clear,Yard,Freight Train,0,157770,0,198003,H307,32.718139999999998,-97.388521999999995
NS,137843,2020-04-29,8:45 PM,Other impacts,0,NORFOLK,VA,69.0,4,Dark,Cloudy,Yard,Single Car,4,258,0,29565,M411,36.871434000000001,-76.293488999999994
UP,0221TO030,2021-02-26,3:25 AM,Derailment,0,FORT WORTH,TX,46.0,4,Dark,Rain,Yard,Yard/switching,6,5090,301774,306864,S014,32.727442000000003,-97.366758000000004
CSX,000218966,2024-06-28,9:17 PM,Derailment,0,CLIFTON FORGE,VA,78.0,4,Dark,Clear,Yard,Yard/switching,10,89774,1809,91583,H504,37.811388000000001,-79.835301000000001
UP,0419GC039,2019-04-19,6:50 PM,Other impacts,0,CORPUS CHRISTI,TX,81.0,3,Dusk,Clear,Industry,Yard/switching,8,1500,3511,35446,H307,27.815856,-97.469356000000005
BNSF,RD0623107,2023-06-09,12:11 PM,Derailment,0,DAYTON,TX,88.0,2,Day,Clear,Yard,Yard/switching,7,4462,10468,14930,H703,29.995256999999999,-94.907385000000005
UP,0124TO034,2024-01-30,11:45 AM,Other impacts,0,FORT WORTH,TX,63.0,2,Day,Clear,Yard,Yard/switching,0,0,0,40168,H317,32.722057,-97.324546999999995
CSX,000191969,2020-08-12,9:45 PM,Derailment,0,COVINGTON,VA,80.0,4,Dark,Rain,Industry,Yard/switching,11,43477,1000,44477,H307,37.791663,-79.993416999999994
UP,1020SX027,2020-10-25,7:54 PM,Derailment,0,SMITHVILLE,TX,82.0,3,Dusk,Cloudy,Main,Freight Train,7,12403,11755,24158,H504,30.007145999999999,-97.162918000000005
KCS,20030603,2020-03-06,3:54 PM,Fire/violent rupture,0,TELFENER,TX,70.0,2,Day,Clear,Main,Freight Train,35,103382,0,103382,E72L,28.851725999999999,-96.890203999999997
UP,1019RM026,2019-10-27,8:01 PM,Other impacts,0,OGDEN,UT,32.0,4,Dark,Cloudy,Yard,Yard/switching,6,115597,3828,226731,H310,41.188316,-111.989389
NS,127851,2017-12-20,9:45 AM,Other impacts,0,KEYSVILLE,VA,30.0,2,Day,Clear,Main,Freight Train,40,0,19207,19207,M409,37.091729999999998,-78.458239000000006
UP,0721TO019,2021-07-17,5:00 PM,Hwy-rail crossing,0,STANTON,TX,96.0,2,Day,Clear,Main,Freight Train,62,9568,15558,25126,M304,32.124609,-101.80144799999999
ATK,178554,2024-02-23,1:34 PM,Hwy-rail crossing,0,JOSHUA,TX,68.0,2,Day,Clear,Main,Passenger Train - Pulling,76,36061,0,56061,M308,32.435870000000001,-97.388671000000002
UP,0319ST018,2019-03-09,1:20 AM,Obstruction,0,SIERRA BLANCA,TX,49.0,4,Dark,Clear,Main,Freight Train,55,60013,0,60013,M402,31.127637,-105.19399300000001
CSX,000172741,2017-11-08,11:08 AM,Hwy-rail crossing,0,JARRATT,VA,43.0,2,Day,Rain,Main,,0,0,0,28853,M308,36.810315000000003,-77.468256999999994
UP,0724SX003,2024-07-02,8:45 AM,Derailment,0,SAN ANTONIO,TX,78.0,2,Day,Clear,Main,Yard/switching,4,10618,20610,31228,M401,29.361373,-98.569822000000002
UP,0318FW022,2018-03-16,11:15 PM,Fire/violent rupture,0,ABILENE,TX,68.0,4,Dark,Clear,Main,Freight Train,20,56117,0,56117,E72L,32.456828999999999,-99.843648000000002
UP,1023TO016,2023-10-15,11:09 AM,Other impacts,0,FORT WORTH,TX,61.0,2,Day,Clear,Yard,Single Car,5,3174,0,92314,E30C,32.732095000000001,-97.360155000000006
UP,0519RM024,2019-05-21,4:40 AM,Other impacts,0,OGDEN,UT,43.0,1,Dawn,Rain,Yard,Cut of cars,2,18416,0,175165,M199,41.199115999999997,-111.9868
WATX,210123005,2021-01-23,10:00 PM,Derailment,0,HOUSTON,TX,70.0,4,Dark,Fog,Yard,Yard/switching,7,372436,17319,389755,T221,29.756851999999999,-95.199327999999994
UP,1120HO019,2020-11-23,2:56 AM,Derailment,0,HOUSTON,TX,64.0,4,Dark,Clear,Yard,Yard/switching,2,84136,2788,86924,E09C,29.798926000000002,-95.287611999999996
UP,0123HO028,2023-01-24,3:47 PM,Other (describe in narrative),0,LA PORTE,TX,66.0,2,Day,Rain,Siding,Cut of cars,0,337061,500,337561,M102,29.702701000000001,-95.089567000000002
UP,1023HO010,2023-10-06,6:50 PM,Derailment,0,HOUSTON,TX,81.0,3,Dusk,Clear,Main,Freight Train,1,11492,3180,14672,E71L,29.771218999999999,-95.328597000000002
NS,117007,2015-08-19,12:30 AM,Derailment,0,LYNCH STATION,VA,65.0,4,Dark,Clear,Main,Freight Train,20,11789,1000,12789,E39C,37.118277999999997,-79.420524
BNSF,RD0923137,2023-09-25,8:34 PM,Derailment,0,SAGINAW,TX,82.0,3,Dusk,Clear,Yard,Yard/switching,7,30671,12248,42919,H306,32.859658000000003,-97.361286000000007
UP,0118LV038,2018-01-01,4:17 PM,Derailment,0,BEAUMONT,TX,30.0,2,Day,Cloudy,Yard,,0,0,296418,364561,T220,30.076975999999998,-94.130227000000005
CSX,000145948,2015-05-07,2:00 PM,Derailment,0,WILLIAMSBURG,VA,84.0,2,Day,Clear,Main,Spec. MoW Equip.,15,90530,2741,93271,H993,37.222577999999999,-76.613730000000004
UP,0217UT003,2017-02-07,5:30 PM,Derailment,0,SCOFIELD,UT,37.0,3,Dusk,Snow,Yard,Freight Train,4,61948,0,61948,M101,39.682867000000002,-111.157466
UP,0121GC026,2021-01-26,12:51 AM,Derailment,0,BEAUMONT,TX,60.0,4,Dark,Cloudy,Yard,Freight Train,2,178101,122897,300998,H702,30.073575000000002,-94.146888000000004
BNSF,RD1019202,2019-10-14,4:38 AM,Hwy-rail crossing,0,ORANGE,TX,70.0,1,Dawn,Clear,Main,Freight Train,25,10150,0,14660,M308,30.121476000000001,-93.746073999999993
CSX,000210105,2023-03-01,5:25 AM,Other impacts,0,RICHMOND,VA,44.0,4,Dark,Clear,Yard,Light loco(s),7,799,0,56576,H306,37.575830000000003,-77.471318999999994
UP,0520HO016,2020-05-22,5:00 PM,Raking collision,0,HOUSTON,TX,91.0,2,Day,Clear,Yard,Freight Train,4,194564,4993,199657,H008,29.790911999999999,-95.307439000000002
CSX,000196430,2021-03-18,7:30 AM,Derailment,0,RICHMOND,VA,60.0,1,Dawn,Rain,Yard,Cut of cars,7,28124,144,28268,H318,37.575929000000002,-77.471136999999999
UP,1123SX009,2023-11-09,2:30 AM,Derailment,0,SAN ANTONIO,TX,71.0,4,Dark,Clear,Yard,Yard/switching,5,16425,1826,91791,H318,29.436304,-98.464979
BNSF,NW0816109,2016-08-17,12:20 PM,Derailment,0,KENT,WA,80.0,2,Day,Clear,Yard,Freight Train,5,11340,4260,15600,H312,47.431420000000003,-122.239299
UP,0422SX029,2022-04-27,8:30 PM,Other impacts,0,SAN ANTONIO,TX,78.0,4,Dark,Cloudy,Yard,Yard/switching,4,461419,0,462110,M105,29.372420000000002,-98.560630000000003
BNSF,RD0722118,2022-07-24,10:35 AM,Derailment,0,RIO VISTA,TX,91.0,2,Day,Clear,Main,Freight Train,50,21535,800,22335,E34C,32.266669,-97.378985
NS,121042,2016-06-29,2:30 AM,Derailment,0,ROANOKE,VA,65.0,4,Dark,Clear,Yard,Yard/switching,5,19331,200,19531,H306,37.271098000000002,-79.997944000000004
BNSF,RD1120124,2020-11-24,7:00 PM,Derailment,0,FORT WORTH,TX,50.0,3,Dusk,Rain,Yard,Light loco(s),3,5000,10000,15000,H607,32.820368999999999,-97.328774999999993
BNSF,KS1022107,2022-10-15,12:02 PM,Derailment,0,AMARILLO,TX,70.0,2,Day,Clear,Yard,Yard/switching,6,17850,21000,38850,E46C,35.194980000000001,-101.82987900000001
CSX,000218422,2024-05-30,11:55 PM,Other impacts,0,CLIFTON FORGE,VA,49.0,4,Dark,Clear,Yard,Yard/switching,4,3000,0,52000,H309,37.811388000000001,-79.835301000000001
UP,0118UT021,2018-01-09,7:00 PM,Other impacts,0,SOUTH SALT LAKE,UT,47.0,4,Dark,Rain,Yard,Yard/switching,4,98581,4340,229759,H306,40.709004999999998,-111.909042
UP,1217UT028,2017-12-19,11:35 AM,Derailment,0,OGDEN,UT,35.0,2,Day,Clear,Yard,Yard/switching,3,42114,81748,123862,M405,41.199061,-111.986411
CWRY,CWR617723D,2023-11-21,4:18 PM,Derailment,0,PORTSMOUTH,VA,55.0,2,Day,Clear,Yard,Freight Train,1,130000,0,130000,H503,36.872202999999999,-76.369061000000002