reportingrailroadcode,accidentnumber,date,time,accidenttype,hazmatreleasedcars,station,stateabbr,temperature,visibility_code,visibility,weathercondition,tracktype,equipmenttype,trainspeed,equipmentdamagecost,trackdamagecost,totaldamagecost,primaryaccidentcausecode,latitude,longitude
UP,0623TO027,2023-06-26,7:25 AM,Other impacts,0,FORT WORTH,TX,81.0,2,Day,Clear,Yard,Yard/switching,5,26165,35655,111855,H702,32.727713999999999,-97.366159999999994
UP,0424HO027,2024-04-20,2:05 PM,Other impacts,0,BAYTOWN,TX,80.0,2,Day,Cloudy,Yard,Freight Train,4,52850,9014,139411,H021,29.875671000000001,-94.908822000000001
NS,125296,2017-06-02,10:34 AM,Hwy-rail crossing,0,CULPEPER,VA,77.0,2,Day,Clear,Main,,0,0,0,26011,M302,38.493656000000001,-77.920614999999998
BNSF,NW0518119,2018-05-29,6:30 AM,Rear end collision,0,SPRAGUE,WA,60.0,1,Dawn,Clear,Main,Spec. MoW Equip.,0,20000,0,20000,H402,47.300705000000001,-117.95306100000001
BNSF,RD1023109,2023-10-04,2:30 AM,Derailment,0,DAYTON,TX,77.0,4,Dark,Clear,Yard,Light loco(s),4,154,12337,12491,H307,29.999932000000001,-94.907477
UP,0921SX012,2021-09-13,8:30 AM,Derailment,0,LULING,TX,74.0,2,Day,Cloudy,Main,Freight Train,11,32620,622001,654621,E71L,29.674866000000002,-97.693033
UP,0421SX017,2021-04-24,8:10 AM,Derailment,0,SAN ANTONIO,TX,58.0,2,Day,Cloudy,Yard,Yard/switching,5,189639,5040,194679,H707,29.361813999999999,-98.569353000000007
NS,119694,2016-03-12,2:30 AM,Derailment,0,HARMAN,VA,57.0,4,Dark,Clear,Yard,Freight Train,4,8912,0,12012,H702,37.323805,-82.166822999999994
UP,0419TO004,2019-04-03,4:15 AM,Derailment,0,WEATHERFORD,TX,51.0,1,Dawn,Cloudy,Main,,0,0,268151,1648151,H519,32.783177999999999,-97.900206999999995
BNSF,RD0721103,2021-07-01,10:24 PM,Derailment,0,LUBBOCK,TX,82.0,4,Dark,Clear,Yard,Yard/switching,8,82403,4000,86403,H307,33.609800999999997,-101.855261
BNSF,KS0620110,2020-06-19,10:40 AM,Derailment,0,AMARILLO,TX,89.0,2,Day,Clear,Yard,Yard/switching,5,35784,193647,229431,H523,35.207020999999997,-101.82634400000001
UP,0423TO028,2023-04-19,8:25 AM,Hwy-rail crossing,0,ODESSA,TX,63.0,2,Day,Clear,Main,Freight Train,50,8788,30000,38788,M302,31.814471000000001,-102.424739
UP,0519TO001,2019-05-01,7:08 AM,Fire/violent rupture,0,PYOTE,TX,60.0,2,Day,Clear,Main,Freight Train,5,33371,0,33371,E73L,31.504601000000001,-103.223634
BNSF,RD0118125,2018-01-26,5:45 PM,Derailment,0,TEMPLE,TX,70.0,3,Dusk,Clear,Yard,Yard/switching,7,4800,14900,19700,H599,31.099686999999999,-97.349221999999997
BNSF,KS0822105,2022-08-10,10:39 AM,Derailment,0,AMARILLO,TX,90.0,2,Day,Cloudy,Yard,Yard/switching,10,9690,2100,11790,H702,35.212473000000003,-101.826753
ATK,144459,2016-09-29,8:13 PM,Hwy-rail crossing,0,MOUNT VERNON,WA,58.0,3,Dusk,Cloudy,Main,Passenger Train - Pulling,79,10796,0,10796,M302,48.355898000000003,-122.34097199999999
BNSF,RD0621126,2021-06-26,8:50 AM,Other (describe in narrative),0,PASADENA,TX,90.0,1,Dawn,Cloudy,Industry,Freight Train,10,0,0,94000,H607,29.716141,-95.227836999999994
BNSF,RD1222129,2022-12-30,6:15 AM,Other impacts,0,SAN ANTONIO,TX,60.0,1,Dawn,Clear,Yard,Freight Train,4,32205,0,32205,H318,29.325841,-98.624005999999994
UP,0322TO008,2022-03-12,1:24 AM,Other impacts,0,FORT WORTH,TX,29.0,4,Dark,Clear,Yard,Single Car,5,1458,0,35064,M411,32.721698000000004,-97.379665000000003
NS,113752,2015-01-09,7:05 PM,Derailment,0,ROANOKE,VA,30.0,3,Dusk,Clear,Yard,Freight Train,3,56473,8575,65048,E64L,37.267786999999998,-79.965191000000004
BNSF,KS0122106,2022-01-05,6:07 PM,Derailment,0,AMARILLO,TX,36.0,3,Dusk,Clear,Industry,Freight Train,2,800,32109,32909,H307,35.221820999999998,-101.800735
NS,113739,2015-01-09,9:15 AM,Other (describe in narrative),0,SHAWSVILLE,VA,22.0,2,Day,Clear,Main,Spec. MoW Equip.,3,0,60000,60000,H997,37.182893999999997,-80.244834999999995
NS,145977,2022-07-27,12:17 AM,Other (describe in narrative),0,SPRINGFIELD,VA,75.0,4,Dark,Clear,Industry,Freight Train,1,0,0,72548,H307,38.795990000000003,-77.181835000000007
UP,0221MA003,2021-02-03,7:41 AM,Hwy-rail crossing,0,WASKOM,TX,33.0,1,Dawn,Clear,Main,Freight Train,54,17083,53384,70467,M302,32.475960999999998,-94.049927999999994
UP,0420TO004,2020-04-03,12:25 AM,Other impacts,0,BIG SPRING,TX,64.0,4,Dark,Clear,Yard,Yard/switching,4,27087,0,114754,H018,32.25759,-101.47208999999999
UP,0722TO050,2022-07-25,5:53 AM,Other impacts,0,FORT WORTH,TX,84.0,1,Dawn,Clear,Yard,Yard/switching,6,9395,0,12690,M404,32.720387000000002,-97.382687000000004
BNSF,RD0920107,2020-09-05,10:50 PM,Other impacts,0,SOMERVILLE,TX,88.0,4,Dark,Cloudy,Yard,Freight Train,3,17750,0,17750,H307,30.349494,-96.529803999999999
BNSF,RD1223112,2023-12-13,1:30 PM,Derailment,0,TEMPLE,TX,65.0,2,Day,Clear,Yard,Yard/switching,2,41382,1084,42466,M599,31.119347000000001,-97.349729999999994
UP,0823HO029,2023-08-26,12:25 PM,Derailment,0,HOUSTON,TX,94.0,2,Day,Clear,Yard,Yard/switching,3,101492,83140,184632,M411,29.795504000000001,-95.294359999999998
NS,153998,2023-08-22,3:00 PM,Other impacts,0,ROANOKE,VA,93.0,2,Day,Cloudy,Yard,Single Car,4,71816,0,106096,H312,37.272098999999997,-80.009416000000002
BNSF,RD0220121,2020-02-19,8:00 PM,Obstruction,0,KOUNTZE,TX,50.0,3,Dusk,Rain,Main,Freight Train,45,500,74700,75200,M402,30.394231000000001,-94.428754999999995
UP,1222HO022,2022-12-16,10:50 PM,Other impacts,0,HOUSTON,TX,44.0,4,Dark,Clear,Yard,Yard/switching,4,27206,0,130270,M407,29.796574,-95.291673000000003
UP,0922TO014,2022-09-19,8:35 AM,Other impacts,0,FORT WORTH,TX,74.0,2,Day,Clear,Yard,Yard/switching,2,69785,0,73242,M407,32.724285999999999,-97.373508999999999
UP,1121TO008,2021-11-11,5:30 AM,Hwy-rail crossing,0,BARSTOW,TX,44.0,1,Dawn,Clear,Main,Freight Train,68,16920,33,16953,M304,31.460346000000001,-103.383911
UP,0718SA019,2018-07-16,12:10 PM,Obstruction,0,FAYETTEVILLE,TX,96.0,2,Day,Clear,Main,Spec. MoW Equip.,5,19299,33,19332,H993,29.907271999999999,-96.667479999999998
AWRR,180816001,2018-08-16,6:00 AM,Hwy-rail crossing,0,BURNET,TX,82.0,1,Dawn,Clear,Main,Freight Train,16,35000,0,35000,M303,30.709543,-98.240290999999999
UP,0818LV016,2018-08-10,2:15 PM,Derailment,0,TIMPSON,TX,92.0,2,Day,Cloudy,Industry,Freight Train,8,18870,1434,20304,E66L,31.897746000000001,-94.408007999999995
UP,0622SX018,2022-06-22,2:40 PM,Obstruction,0,SAN ANTONIO,TX,95.0,2,Day,Clear,Main,Freight Train,24,12080,266,12346,M402,29.44191,-98.506917999999999
BNSF,RD0419133,2019-04-24,12:57 PM,Derailment,0,SILSBEE,TX,76.0,2,Day,Cloudy,Yard,Yard/switching,5,6871,16000,22871,M410,30.351839999999999,-94.185665
NS,144340,2022-02-10,6:00 AM,Other (describe in narrative),0,SHENANDOAH,VA,36.0,1,Dawn,Clear,Yard,Cut of cars,3,11672,3485,15157,H306,38.486331,-78.627241999999995
BNSF,RD0624102,2024-06-06,4:10 PM,Derailment,0,HOUSTON,TX,88.0,2,Day,Clear,Yard,Yard/switching,3,15500,4392,19892,M505,29.913478999999999,-95.506773999999993
FWWR,22080101,2022-08-01,9:05 PM,Other impacts,0,CLEBURNE,TX,91.0,4,Dark,Clear,Main,Yard/switching,10,18106,0,18106,H399,32.37679,-97.402529999999999
TSWS,7772020001,2020-07-30,3:22 AM,Other impacts,0,SALT LAKE CITY,UT,78.0,4,Dark,Clear,Yard,Yard/switching,8,50000,0,50150,H702,40.752437,-112.020281
UP,0424HO026,2024-04-10,2:50 AM,Other impacts,0,HOUSTON,TX,74.0,4,Dark,Cloudy,Yard,Yard/switching,7,26885,0,26885,M411,29.813084,-95.288881000000003
TXNW,TXNW150608,2015-06-08,1:20 PM,Derailment,0,SUNRAY,TX,78.0,2,Day,Clear,Yard,Yard/switching,5,50000,5000,55000,H306,36.007778000000002,-101.900733
BNSF,KS0723115,2023-07-29,4:00 PM,Other (describe in narrative),0,AMARILLO,TX,85.0,2,Day,Clear,Yard,Freight Train,1,250,21000,21250,H995,35.195135000000001,-101.829157
UP,0722TO028,2022-07-14,6:21 PM,Other impacts,0,DALLAS,TX,90.0,3,Dusk,Clear,Main,Cut of cars,0,116507,0,471341,M501,32.694678000000003,-96.738506000000001
UP,0922TO010,2022-09-07,6:58 PM,Hwy-rail crossing,0,SAGINAW,TX,93.0,3,Dusk,Clear,Main,Freight Train,20,8936,26000,34936,M303,32.905163999999999,-97.402214999999998
UP,0921RM027,2021-09-27,9:45 AM,Derailment,0,BRIGHAM CITY,UT,62.0,2,Day,Clear,Yard,Freight Train,5,5322,95815,101137,T212,41.512889999999999,-112.029461
UP,0824HO004,2024-08-03,6:00 AM,Other impacts,0,LA PORTE,TX,79.0,1,Dawn,Clear,Yard,Single Car,4,0,0,33160,S007,29.674996,-95.039092999999994
BNSF,RD0919124,2019-09-23,7:00 PM,Derailment,0,TEAGUE,TX,84.0,3,Dusk,Clear,Yard,Cut of cars,0,40475,240685,467062,H503,31.629242000000001,-96.286286000000004
FWWR,22090201,2022-09-02,8:25 PM,Derailment,0,CRESSON,TX,80.0,2,Day,Cloudy,Yard,Yard/switching,1,5934,8367,14301,H303,32.533729999999998,-97.618679999999998
UP,0519GC007,2019-05-02,3:34 AM,Obstruction,0,JEWETT,TX,72.0,4,Dark,Rain,Main,Freight Train,40,15684,33,15717,M105,31.334136000000001,-96.180864999999997
CBRW,15080401,2015-08-04,11:53 AM,Derailment,0,MOSES LAKE,WA,90.0,2,Day,Clear,Yard,Freight Train,5,1300,15000,16300,H799,47.130141000000002,-119.278077
ATK,163341,2020-03-03,12:15 PM,Hwy-rail crossing,0,LISSIE,TX,77.0,2,Day,Cloudy,Main,Passenger Train - Pulling,70,179640,0,790576,M304,29.563883000000001,-96.253073999999998
UP,0823TO019,2023-08-12,7:45 PM,Derailment,0,FORT WORTH,TX,104.0,3,Dusk,Clear,Main,Freight Train,5,68118,54996,123114,M201,32.738760999999997,-97.322100000000006
UTAX,03032015,2015-03-03,1:50 PM,Side collision,0,SOUTH SALT LAKE,UT,35.0,2,Day,Snow,Main,EMU,20,123591,0,146602,H221,40.722726999999999,-111.89684200000001
CWRY,CWR993622,2022-07-19,4:00 PM,Derailment,0,PORTSMOUTH,VA,88.0,2,Day,Clear,Industry,Light loco(s),10,0,51430,51430,H702,36.877482000000001,-76.365595999999996
BNSF,NW0318114,2018-03-21,3:38 AM,Derailment,0,FERNDALE,WA,39.0,4,Dark,Cloudy,Industry,Freight Train,3,28854,0,28854,T221,48.841555,-122.708536
UP,1222HO022,2022-12-16,10:50 PM,Other impacts,0,HOUSTON,TX,44.0,4,Dark,Clear,Yard,Cut of cars,5,24607,0,130270,M407,29.796574,-95.291673000000003
UP,0619TO030,2019-06-15,10:15 AM,Hwy-rail crossing,0,MINEOLA,TX,92.0,2,Day,Clear,Main,Freight Train,55,68904,1130,70034,M302,31.373857999999998,-103.65231900000001
UP,0220TO010,2020-02-10,1:45 AM,Other impacts,0,FORT WORTH,TX,56.0,4,Dark,Cloudy,Yard,Cut of cars,1,7418,0,27085,H310,32.724767999999997,-97.373197000000005
UP,0222HO030,2022-02-22,1:10 PM,Other impacts,0,GALENA PARK,TX,78.0,2,Day,Cloudy,Industry,Single Car,5,5268,0,76792,H302,29.729402,-95.236559
UP,0824SX020,2024-08-18,9:47 AM,Derailment,0,SAN ANTONIO,TX,83.0,2,Day,Clear,Yard,Freight Train,4,1837,12566,14403,H307,29.356842,-98.574464000000006
UP,0219TO022,2019-02-17,7:30 AM,Derailment,0,DALLAS,TX,41.0,2,Day,Cloudy,Main,Freight Train,5,4893,105888,110781,E61C,32.724690000000002,-96.754358999999994
UP,0520ST016,2020-05-30,7:00 AM,Other impacts,0,EL PASO,TX,72.0,2,Day,Clear,Yard,Freight Train,5,6543,0,14209,H306,31.742197000000001,-106.375514
ATK,166941,2021-04-23,8:18 PM,Obstruction,0,ATLANTA,TX,62.0,4,Dark,Rain,Main,Passenger Train - Pulling,76,21147,0,21297,M404,33.125385000000001,-94.159737000000007
BNSF,NW0518119,2018-05-29,6:30 AM,Rear end collision,0,SPRAGUE,WA,60.0,1,Dawn,Clear,Main,Spec. MoW Equip.,8,0,0,20000,H402,47.300705000000001,-117.95306100000001
PTRA,2018000039,2018-10-17,3:10 AM,Raking collision,0,HOUSTON,TX,60.0,4,Dark,Clear,Yard,Cut of cars,3,12500,3000,15500,H020,29.713352,-95.257071999999994
UP,0123HO016,2023-01-18,7:40 PM,Obstruction,0,HOUSTON,TX,66.0,3,Dusk,Cloudy,Main,Freight Train,15,58904,0,58904,M402,29.645759000000002,-95.311868000000004
UP,0124TO016,2024-01-11,12:42 PM,Hwy-rail crossing,0,VALENTINE,TX,45.0,2,Day,Clear,Main,,0,0,0,21153,M302,30.893563,-104.783405
UP,0723TO027,2023-07-13,8:22 PM,Derailment,0,GORDON,TX,103.0,4,Dark,Clear,Main,Freight Train,35,999204,704173,1703377,H501,32.542332000000002,-98.412018000000003
XTGS,F252019,2019-09-28,9:40 PM,Derailment,0,ANAHUAC,TX,85.0,4,Dark,Clear,Yard,Yard/switching,6,230529,23670,254199,H307,29.699088,-94.897498999999996
NS,144557,2022-03-02,3:30 AM,Other impacts,0,ROANOKE,VA,51.0,4,Dark,Cloudy,Yard,Single Car,0,51667,0,207000,H318,37.277109000000003,-79.982322999999994
UP,0720TO036,2020-07-29,3:45 PM,Derailment,0,DENISON,TX,88.0,2,Day,Clear,Yard,Yard/switching,3,46557,0,46557,E29C,33.770997999999999,-96.591610000000003
UP,0824HO004,2024-08-03,6:00 AM,Other impacts,0,LA PORTE,TX,79.0,1,Dawn,Clear,Yard,Yard/switching,7,33160,0,33160,S007,29.674996,-95.039092999999994
UP,1121HO027,2021-11-25,3:30 PM,Derailment,0,HOUSTON,TX,57.0,2,Day,Clear,Yard,Yard/switching,5,6414,6650,13064,E39C,29.789887,-95.310558
UP,0519TO033,2019-05-30,8:30 AM,Hwy-rail crossing,0,MONAHANS,TX,62.0,2,Day,Cloudy,Main,Freight Train,40,56804,15386,72190,M304,31.588462,-102.91727400000001
BNSF,NW1016100,2016-10-02,2:03 AM,Derailment,0,SEATTLE,WA,43.0,4,Dark,Clear,Yard,Freight Train,3,15314,250,15564,H607,47.655957999999998,-122.38585
NS,143883,2021-12-30,8:00 AM,Obstruction,0,ROANOKE,VA,55.0,2,Day,Fog,Yard,Yard/switching,2,14835,0,48383,M404,37.277109000000003,-79.982322999999994
BNSF,KS0224111,2024-02-14,6:45 PM,Derailment,0,AMARILLO,TX,59.0,3,Dusk,Clear,Yard,Yard/switching,0,18557,0,18557,H018,35.181795000000001,-101.83563100000001
UP,0319TO022,2019-03-16,6:00 AM,Other impacts,0,FORT WORTH,TX,44.0,1,Dawn,Clear,Yard,Light loco(s),0,9175,0,197980,S099,32.725822000000001,-97.369759999999999
UP,1020TO003,2020-10-04,5:55 AM,Obstruction,0,BARSTOW,TX,62.0,1,Dawn,Clear,Main,Freight Train,20,11998,690,12688,M402,31.493299,-103.26466000000001
GVSR,GVS330719,2019-01-02,2:00 PM,Side collision,0,GALVESTON,TX,55.0,2,Day,Rain,Yard,Yard/switching,5,12076,0,17652,M599,29.180676999999999,-94.485369000000006
BNSF,RD1023126,2023-10-17,7:30 PM,Other (describe in narrative),0,VALLEY VIEW,TX,65.0,3,Dusk,Cloudy,Main,Spec. MoW Equip.,10,0,25000,25000,H607,33.495888999999998,-97.162633999999997
UP,0623TO007,2023-06-07,1:20 PM,Hwy-rail crossing,0,MIDLAND,TX,85.0,2,Day,Clear,Main,Freight Train,45,9114,151196,160310,M302,31.985621999999999,-102.09352800000001
UP,1219RM014,2019-12-23,3:00 PM,Derailment,0,OGDEN,UT,45.0,2,Day,Cloudy,Yard,Yard/switching,8,17423,5267,22690,E29C,41.181871999999998,-111.990695
UP,1021HO021,2021-10-24,3:55 AM,Other impacts,0,LA PORTE,TX,74.0,4,Dark,Cloudy,Yard,Freight Train,2,342224,3520,350015,H306,29.675711,-95.039416000000003
BNSF,KS0322107,2022-03-11,1:15 PM,Other impacts,0,AMARILLO,TX,35.0,2,Day,Clear,Yard,Yard/switching,0,155,0,28951,H310,35.188358999999998,-101.832629
UP,0621RM002,2021-06-03,4:15 PM,Derailment,0,OGDEN,UT,94.0,2,Day,Clear,Yard,Yard/switching,4,2560,13860,16420,T221,41.193742,-111.986786
TCBR,221126003,2022-11-26,4:35 PM,Derailment,0,CORPUS CHRISTI,TX,75.0,2,Day,Clear,Yard,Yard/switching,9,11458,183,11641,E24C,27.823879999999999,-97.452370000000002
BNSF,RD0821119,2021-08-25,3:35 AM,Derailment,0,BROWNWOOD,TX,85.0,4,Dark,Clear,Yard,Freight Train,4,28704,75829,104533,H307,31.713612000000001,-98.966949999999997
UP,0419RM040,2019-04-23,9:48 PM,Derailment,0,OGDEN,UT,60.0,4,Dark,Clear,Yard,Freight Train,9,124293,24765,149058,H503,41.227448000000003,-111.98586299999999
CSX,000209292,2023-01-15,3:16 AM,Hwy-rail crossing,0,ASHLAND,VA,32.0,4,Dark,Clear,Main,Freight Train,30,0,13411,13411,M304,37.758754000000003,-77.481286999999995
CSX,000184968,2019-08-27,12:40 AM,Derailment,0,RICHMOND,VA,72.0,4,Dark,Clear,Main,Freight Train,37,81868,8598,90466,E86C,37.405932999999997,-77.453858999999994
NECR,NEC81625D,2015-10-05,10:04 AM,Derailment,0,NORTHFIELD,VT,45.0,2,Day,Clear,Main,,0,0,181732,4329857,M101,44.112841000000003,-72.676233999999994
UP,1018FW034,2018-10-24,12:32 AM,Derailment,0,BIG SPRING,TX,63.0,4,Dark,Rain,Yard,Yard/switching,6,19857,3725,23582,H305,32.25517,-101.477547
TCT,580318,2024-05-17,9:00 AM,Side collision,0,GALVESTON,TX,75.0,2,Day,Cloudy,Yard,Yard/switching,5,3,0,3,H306,29.359729999999999,-94.925749999999994
UP,0723GC025,2023-07-17,6:10 PM,Fire/violent rupture,0,VICTORIA,TX,89.0,3,Dusk,Clear,Yard,Freight Train,10,37795,3520,41315,M406,28.662061000000001,-96.870643000000001
BNSF,RD0623204,2023-06-15,12:30 PM,Hwy-rail crossing,0,SANGER,TX,90.0,2,Day,Clear,Main,Freight Train,40,3000,25000,28000,M302,33.323048999999997,-97.167765000000003
UP,0822SX020,2022-08-24,8:45 PM,Derailment,0,SAN ANTONIO,TX,80.0,4,Dark,Clear,Siding,Light loco(s),0,33326,0,39166,H503,29.326609000000001,-98.622660999999994
UP,0119GC029,2019-01-06,12:10 AM,Derailment,0,HOUSTON,TX,53.0,4,Dark,Clear,Main,Freight Train,3,24768,50712,75480,E59C,29.754705000000001,-95.302402999999998
UP,0821TO002,2021-08-02,4:30 PM,Derailment,0,KOSSE,TX,72.0,2,Day,Rain,Main,Freight Train,30,36102,117852,153954,E53C,31.351974999999999,-96.601673000000005
UP,1223SX004,2023-12-04,6:10 PM,Hwy-rail crossing,0,ROUND ROCK,TX,65.0,3,Dusk,Cloudy,Main,,0,0,25000,54622,M302,30.502576000000001,-97.682548999999995
UP,0523HO033,2023-05-26,6:45 AM,Derailment,0,HOUSTON,TX,69.0,1,Dawn,Clear,Yard,Yard/switching,8,69589,224130,293719,H503,29.794718,-95.299047999999999
RLAX,RLAX111220,2020-11-12,8:00 PM,Side collision,0,BAYTOWN,TX,50.0,4,Dark,Clear,Yard,Light loco(s),7,16260,21924,62807,H399,29.771792000000001,-94.896563
UP,0418SA024,2018-04-20,10:30 AM,Derailment,0,EAGLE PASS,TX,62.0,2,Day,Rain,Main,Yard/switching,8,56547,5621,62168,H706,28.73704,-100.491399
BNSF,RD1221107,2021-12-08,1:30 PM,Derailment,0,HOUSTON,TX,80.0,2,Day,Clear,Industry,Yard/switching,7,19043,0,23834,H503,29.850601999999999,-95.113705999999993
UP,0423TO025,2023-04-17,2:05 PM,Other (describe in narrative),0,FORT WORTH,TX,80.0,2,Day,Clear,Yard,Freight Train,4,0,17600,17600,H702,32.725796000000003,-97.374701999999999
BNSF,RD0724122,2024-07-22,7:29 AM,Derailment,0,TEMPLE,TX,80.0,1,Dawn,Clear,Yard,Freight Train,2,392903,222233,615136,H309,31.027895999999998,-97.308554999999998
UP,1023RM025,2023-10-31,1:45 AM,Other impacts,0,SOUTH SALT LAKE,UT,31.0,4,Dark,Clear,Yard,Yard/switching,3,785,38977,57826,H312,40.709045000000003,-111.91056399999999
UP,0118FW033,2018-01-25,7:54 PM,Hwy-rail crossing,0,MIDLAND,TX,45.0,4,Dark,Clear,Main,Freight Train,40,47238,95911,143149,M304,31.944635000000002,-102.172937
UP,1120GC025,2020-11-18,6:40 AM,Other impacts,0,BEAUMONT,TX,50.0,1,Dawn,Clear,Yard,Single Car,2,5525,0,38246,H317,30.072901999999999,-94.147131999999999
NS,140029,2020-12-16,2:16 AM,Derailment,0,ROANOKE,VA,72.0,4,Dark,Cloudy,Main,Freight Train,6,261256,301411,562667,H517,37.273201,-79.939819
BNSF,NW1016106,2016-10-09,4:59 AM,Other impacts,0,TACOMA,WA,52.0,1,Dawn,Rain,Yard,Yard/switching,4,269,0,12369,H318,47.243718000000001,-122.415115
RASX,01,2018-10-16,7:12 AM,Derailment,0,FREEPORT,TX,85.0,1,Dawn,Clear,Yard,Yard/switching,0,220000,33000,253000,H020,28.950548999999999,-95.322732999999999
UP,0223HO003,2023-02-02,12:15 PM,Derailment,0,HOUSTON,TX,39.0,2,Day,Rain,Yard,Yard/switching,4,76381,500,76881,S016,29.796866999999999,-95.292139000000006
UP,0918SA004,2018-09-05,1:00 PM,Fire/violent rupture,0,LAREDO,TX,93.0,2,Day,Clear,Yard,Freight Train,0,24254,33,24287,E74L,27.545597999999998,-99.511268000000001
SL,SLC589520D,2020-10-30,1:15 AM,Derailment,0,SALT LAKE CITY,UT,40.0,4,Dark,Clear,Yard,Freight Train,8,21501,0,21501,H512,40.745849,-111.94822499999999
UP,0119TO037,2019-01-27,6:07 PM,Derailment,0,FORT WORTH,TX,58.0,3,Dusk,Clear,Yard,Yard/switching,4,59858,23027,83519,H993,32.721477,-97.381429999999995
NS,122993,2016-12-04,11:15 AM,Derailment,0,NORFOLK,VA,43.0,2,Day,Cloudy,Yard,Yard/switching,10,17206,24653,41859,H306,36.873776999999997,-76.301703000000003
UP,0820SX011,2020-08-16,1:00 PM,Other impacts,0,KATY,TX,93.0,2,Day,Clear,Industry,Freight Train,2,49203,2796,86386,H302,29.786358,-95.807822999999999
UP,0319TO007,2019-03-04,8:02 AM,Hwy-rail crossing,0,TOYAH,TX,26.0,2,Day,Clear,Main,Freight Train,50,155785,1358,157143,M304,31.373857999999998,-103.65231900000001
UP,0118UT021,2018-01-09,7:00 PM,Other impacts,0,SOUTH SALT LAKE,UT,47.0,4,Dark,Rain,Yard,Yard/switching,2,126838,0,229759,H306,40.709004999999998,-111.909042
UP,1119SX016,2019-11-16,11:50 PM,Fire/violent rupture,0,MOORE,TX,50.0,4,Dark,Cloudy,Main,Freight Train,40,34633,0,34633,E79L,29.005951,-99.058164000000005
UP,0917FW002,2017-09-06,5:50 PM,Derailment,0,BIG SPRING,TX,84.0,2,Day,Clear,Yard,Freight Train,4,50285,166,50451,H993,32.254767999999999,-101.479198
UP,0422TO033,2022-04-27,1:30 AM,Derailment,0,EL PASO,TX,69.0,4,Dark,Clear,Main,Freight Train,4,358465,390706,749171,H502,31.775407999999999,-106.462789
UP,0718HO027,2018-07-20,8:30 AM,Obstruction,0,HOUSTON,TX,84.0,2,Day,Clear,Yard,Yard/switching,3,132210,47342,179552,M404,29.823613000000002,-95.289713000000006
UFRC,0121172,2017-01-21,9:52 AM,Hwy-rail crossing,0,NORTH SALT LAKE,UT,28.0,2,Day,Snow,Main,Commuter Train - Pushing,44,250000,0,250000,M307,40.861671000000001,-111.910133
UP,1022TO009,2022-10-09,12:00 PM,Hwy-rail crossing,0,FABENS,TX,66.0,2,Day,Cloudy,Main,Freight Train,45,14926,18520,33446,M302,31.503523999999999,-106.157871
UP,0223TO016,2023-02-11,1:45 AM,Derailment,0,DENISON,TX,34.0,4,Dark,Cloudy,Main,Freight Train,8,155117,26355,181472,E27C,33.772084999999997,-96.563649999999996
BNSF,RD0721116,2021-07-15,10:53 AM,Other (describe in narrative),0,GALVESTON,TX,88.0,2,Day,Clear,Yard,Light loco(s),4,0,12000,12000,H607,29.295016,-94.837182999999996
UP,0118HO015,2018-01-14,10:45 AM,Other impacts,0,BAYTOWN,TX,46.0,2,Day,Clear,Yard,Yard/switching,7,4130,99,12591,H318,29.794927999999999,-95.017250000000004
FWWR,23070502,2023-07-05,3:00 AM,Derailment,0,EVERMAN,TX,81.0,4,Dark,Clear,Yard,Cut of cars,0,11124,4478,15602,H018,32.650548000000001,-97.059820000000002
BNSF,RD0424202,2024-04-10,4:45 PM,Hwy-rail crossing,0,MERIDIAN,TX,62.0,2,Day,Cloudy,Main,,0,0,0,65135,M302,31.886068000000002,-97.619124999999997
NS,141874,2021-06-14,6:20 AM,Other (describe in narrative),0,DANVILLE,VA,70.0,1,Dawn,Clear,Yard,Single Car,0,14400,605,15005,H020,36.589449000000002,-79.378360000000001
UP,0919RM018,2019-09-28,3:30 AM,Other impacts,0,OGDEN,UT,56.0,4,Dark,Rain,Yard,Yard/switching,8,2961,1200,14053,H307,41.199137999999998,-111.986901
UP,1119TO013,2019-11-14,2:15 PM,Hwy-rail crossing,0,TRENT,TX,55.0,2,Day,Clear,Main,Freight Train,62,17498,30637,48135,M399,32.479478,-100.072748
UP,0922SX013,2022-09-15,1:30 PM,Hwy-rail crossing,0,SCHERTZ,TX,87.0,2,Day,Clear,Main,Freight Train,30,3430,85132,88562,M303,29.552458000000001,-98.269966999999994
BNSF,RD0522109,2022-05-09,9:06 PM,Derailment,0,FORT WORTH,TX,82.0,4,Dark,Clear,Yard,Yard/switching,5,7500,5500,13000,H019,32.830371,-97.337378999999999
BNSF,RD0718109,2018-07-10,4:00 AM,Head on collision,0,HASLET,TX,76.0,1,Dawn,Cloudy,Yard,Yard/switching,8,120692,0,160277,H302,32.989427999999997,-97.353326999999993
AWRR,220629004,2022-06-29,5:14 AM,Derailment,0,MANOR,TX,85.0,1,Dawn,Clear,Main,Freight Train,10,170000,40000,210000,T221,30.327566000000001,-97.592911999999998
BNSF,NW0220102,2020-02-02,5:04 AM,Derailment,0,SEATTLE,WA,40.0,1,Dawn,Rain,Yard,Yard/switching,3,500,18780,19280,M411,47.640771999999998,-122.380914
UP,1222TO003,2022-12-03,6:10 AM,Other impacts,0,DALLAS,TX,50.0,1,Dawn,Cloudy,Yard,Cut of cars,5,1315,0,151315,H318,32.708481999999997,-96.746824000000004
WATX,240622001,2024-06-22,8:00 AM,Other impacts,0,HOUSTON,TX,85.0,2,Day,Clear,Industry,Cut of cars,0,43065,0,53065,H607,29.699549999999999,-95.252089999999995