reportingrailroadcode,accidentnumber,date,time,accidenttype,hazmatreleasedcars,station,stateabbr,temperature,visibility_code,visibility,weathercondition,tracktype,equipmenttype,trainspeed,equipmentdamagecost,trackdamagecost,totaldamagecost,primaryaccidentcausecode,latitude,longitude
ATK,139152,2015-09-10,12:59 PM,Hwy-rail crossing,0,EMPORIA,VA,82.0,2,Day,Cloudy,Main,Passenger Train - Pulling,70,20000,0,20000,M303,36.546281,-77.530079999999998
CSX,000178690,2018-09-06,4:23 PM,Hwy-rail crossing,0,CHESTER,VA,90.0,3,Dusk,Clear,Main,Freight Train,53,13698,8738,22436,M302,37.353203000000001,-77.438950000000006
UP,0919GC037,2019-09-18,8:35 AM,Derailment,0,CORPUS CHRISTI,TX,80.0,2,Day,Cloudy,Yard,,0,0,28208,31208,H702,27.834412,-97.510648000000003
NS,154607,2023-10-27,5:30 PM,Other impacts,0,ROANOKE,VA,80.0,3,Dusk,Clear,Yard,Single Car,4,94632,494,95126,H317,37.277574999999999,-79.978824000000003
UP,0624TO006,2024-06-06,2:02 AM,Other impacts,0,DALLAS,TX,71.0,4,Dark,Clear,Main,Freight Train,20,143328,442615,595422,M404,32.773560000000003,-96.841396000000003
UP,0722HO014,2022-07-18,9:40 AM,Derailment,0,HOUSTON,TX,84.0,2,Day,Clear,Yard,Yard/switching,7,52771,0,104967,M404,29.793852000000001,-95.294324000000003
ARR,2014202,2014-11-26,5:08 PM,Derailment,0,WHITTIER,AK,33.0,3,Dusk,Clear,Yard,Yard/switching,9,30800,4450,35250,H306,60.463000000000001,-148.40299999999999
BNSF,NW0418115,2018-04-25,11:40 AM,Derailment,0,TACOMA,WA,65.0,2,Day,Clear,Yard,Freight Train,4,22381,18500,40881,H503,47.241692,-122.427092
BNSF,RD0122102,2022-01-02,8:19 AM,Derailment,0,SILSBEE,TX,41.0,1,Dawn,Cloudy,Yard,Yard/switching,1,594811,200500,795311,E30C,30.358741999999999,-94.200350999999998
RLAX,RLAX72023,2023-07-20,11:40 PM,Raking collision,0,BAYTOWN,TX,85.0,4,Dark,Cloudy,Yard,Yard/switching,3,11500,0,11500,H306,29.765264999999999,-94.896210999999994
PTRA,2022000035,2022-07-17,11:22 AM,Side collision,0,HOUSTON,TX,82.0,2,Day,Clear,Yard,Freight Train,1,48000,4500,52818,H307,29.716705999999999,-95.267455999999996
NS,145977,2022-07-27,12:17 AM,Other (describe in narrative),0,SPRINGFIELD,VA,75.0,4,Dark,Clear,Industry,Cut of cars,0,72548,0,72548,H307,38.795990000000003,-77.181835000000007
BNSF,RD0220131,2020-02-29,3:14 AM,Side collision,0,HOUSTON,TX,47.0,4,Dark,Clear,Yard,Cut of cars,0,37405,0,66800,H306,29.700959999999998,-95.280749999999998
CSX,000179434,2018-10-21,6:30 AM,Other impacts,0,RICHMOND,VA,0.0,1,Dawn,Clear,Yard,Single Car,7,16631,0,33826,H318,37.570106000000003,-77.466873000000007
UP,1219GC009,2019-12-11,11:35 PM,Derailment,0,BEAUMONT,TX,44.0,4,Dark,Clear,Yard,Freight Train,3,68509,4890,74376,H607,30.072175999999999,-94.156953999999999
UP,0524ES019,2024-05-10,12:10 PM,Obstruction,0,BRACKETTVILLE,TX,85.0,2,Day,Cloudy,Main,Maint./inspect Car,0,13000,0,18000,H999,29.281223000000001,-100.58834
BNSF,KS0324112,2024-03-27,4:09 AM,Derailment,0,AMARILLO,TX,53.0,1,Dawn,Clear,Yard,Yard/switching,3,43662,0,76272,H309,35.187511000000001,-101.833309
UP,1023TO013,2023-10-15,2:45 AM,Derailment,0,FORT WORTH,TX,54.0,4,Dark,Clear,Yard,Yard/switching,4,14445,72696,87141,S099,32.720815999999999,-97.381810000000002
NS,143501,2021-10-11,12:15 PM,Other impacts,0,ROANOKE,VA,75.0,2,Day,Clear,Yard,Single Car,3,15600,0,15600,H602,37.278032000000003,-79.970282999999995
UP,1123GC025,2023-11-18,10:30 AM,Derailment,0,BEAUMONT,TX,69.0,2,Day,Cloudy,Industry,Freight Train,8,24089,253678,277767,M506,30.064734000000001,-94.110135999999997
UP,0121HO036,2021-01-31,4:17 AM,Other impacts,0,HOUSTON,TX,61.0,1,Dawn,Clear,Yard,Single Car,5,48821,0,95007,M411,29.796749999999999,-95.290953999999999
UP,0223HO031,2023-02-25,12:30 AM,Other impacts,0,HOUSTON,TX,72.0,4,Dark,Fog,Yard,Cut of cars,5,1536,0,147730,S016,29.796942999999999,-95.291516000000001
UP,0624HO007,2024-06-04,10:45 AM,Hwy-rail crossing,0,HOUSTON,TX,87.0,2,Day,Cloudy,Main,Freight Train,30,5627,28445,34072,M304,29.893642,-95.590035999999998
UP,0619TO015,2019-06-07,6:33 AM,Obstruction,0,MINGUS,TX,65.0,1,Dawn,Clear,Main,Freight Train,50,54487,0,54487,M403,32.546821000000001,-98.433368999999999
UP,0618HO045,2018-06-30,2:30 AM,Other impacts,0,LA PORTE,TX,82.0,4,Dark,Cloudy,Yard,Cut of cars,0,0,0,38636,M411,29.675713999999999,-95.038989999999998
UP,0516UT010,2016-05-24,11:15 PM,Derailment,0,SALT LAKE CITY,UT,47.0,4,Dark,Clear,Yard,Freight Train,5,23947,0,23947,E64L,40.800781999999998,-111.91930000000001
TMBL,06302015A,2015-06-30,8:00 AM,Hwy-rail crossing,0,TACOMA,WA,70.0,2,Day,Clear,Yard,Yard/switching,7,14846,0,14846,M304,47.257463999999999,-122.360685
UP,0823SX003,2023-08-04,10:56 AM,Hwy-rail crossing,0,THREE RIVERS,TX,91.0,2,Day,Clear,Main,Freight Train,49,17400,0,17400,M302,28.517869999999998,-98.186914000000002
PTRA,2019000014,2019-06-10,10:15 PM,Derailment,0,HOUSTON,TX,80.0,4,Dark,Clear,Yard,Cut of cars,10,20000,2200,22200,H318,29.766811000000001,-95.293267999999998
UP,0819SX021,2019-08-18,5:45 AM,Derailment,0,HEARNE,TX,77.0,1,Dawn,Cloudy,Yard,Freight Train,2,15348,1405,16753,H306,30.882729999999999,-96.595354
DGNO,DGN766521,2021-04-16,10:15 AM,Other (describe in narrative),0,DALLAS,TX,55.0,2,Day,Cloudy,Main,Freight Train,15,500,0,52500,E7AL,32.814076999999997,-96.897655
WATX,211202001,2021-12-02,10:36 AM,Hwy-rail crossing,0,HOUSTON,TX,72.0,2,Day,Clear,Industry,Yard/switching,7,40000,0,40000,M308,29.753435,-95.186217999999997
BNSF,RD1022132,2022-10-31,5:30 PM,Derailment,0,SWEETWATER,TX,72.0,3,Dusk,Clear,Yard,,0,0,91390,128348,T216,32.474868999999998,-100.41387
UP,0619SX025,2019-06-25,8:38 AM,Hwy-rail crossing,0,ARTESIA WELLS,TX,72.0,2,Day,Clear,Main,Freight Train,59,169686,14940,184626,M304,28.240459999999999,-99.296943999999996
BNSF,KS0820202,2020-08-17,4:13 PM,Hwy-rail crossing,0,PAMPA,TX,90.0,2,Day,Clear,Main,Freight Train,48,5949,184292,190241,M308,35.496405000000003,-101.042959
BNSF,RD0322104,2022-03-04,5:04 PM,Derailment,0,BEAUMONT,TX,55.0,3,Dusk,Clear,Yard,Freight Train,5,36512,0,36512,H514,30.090820999999998,-94.100043999999997
NS,121692,2016-08-16,11:55 AM,Derailment,0,BRISTOL,VA,90.0,2,Day,Clear,Siding,Freight Train,5,13628,1500,15128,E40C,36.620055999999998,-82.161168000000004
UP,0220ST017,2020-02-15,1:55 PM,Hwy-rail crossing,0,VAN HORN,TX,65.0,2,Day,Clear,Main,Freight Train,40,20873,1192,22065,M303,31.059135000000001,-104.608664
UP,0616PD001,2016-06-01,3:00 PM,Derailment,0,TACOMA,WA,72.0,2,Day,Cloudy,Industry,Light loco(s),2,17294,899,18193,H303,47.275604999999999,-122.465548
TXOR,LSI103122,2022-10-31,5:30 PM,Derailment,0,SWEETWATER,TX,72.0,3,Dusk,Clear,Yard,Freight Train,8,36958,0,128348,T216,32.282699999999998,-100.245
UP,0821SX013,2021-08-09,1:22 AM,Derailment,0,SAN ANTONIO,TX,80.0,4,Dark,Cloudy,Yard,Yard/switching,7,6444,7040,13484,H503,29.43637,-98.467343
UP,0423ES020,2023-04-13,11:00 AM,Obstruction,0,BUFFALO,TX,70.0,2,Day,Clear,Main,Spec. MoW Equip.,26,200,0,27019,H403,31.485609,-96.018348000000003
UP,0324HO024,2024-03-19,11:02 AM,Other impacts,0,BAYTOWN,TX,59.0,2,Day,Clear,Yard,Single Car,2,34120,0,36780,H302,29.796362999999999,-95.017317000000006
UP,0819TO022,2019-08-16,8:34 AM,Other impacts,0,FORT WORTH,TX,81.0,2,Day,Clear,Yard,Yard/switching,0,239967,0,402920,H316,32.721024999999997,-97.381189000000006
UP,1222TO018,2022-12-12,11:30 PM,Derailment,0,DENISON,TX,56.0,4,Dark,Rain,Main,Freight Train,29,89228,87538,176766,E39C,33.775452000000001,-96.619039000000001
UP,0520SX006,2020-05-06,3:25 PM,Other (describe in narrative),0,SAN ANTONIO,TX,85.0,2,Day,Cloudy,Yard,Yard/switching,9,0,48914,48914,H706,29.374272000000001,-98.558764999999994
UP,1220HO004,2020-12-07,4:15 AM,Other impacts,0,HOUSTON,TX,46.0,1,Dawn,Clear,Yard,Yard/switching,6,51305,216650,273149,M411,29.802689000000001,-95.280468999999997
BNSF,RD0624126,2024-06-22,12:20 PM,Obstruction,0,KIRKLAND,TX,94.0,2,Day,Clear,Main,Freight Train,55,0,30000,30000,M402,34.379679000000003,-100.057041
BNSF,NW0917113,2017-09-22,6:33 AM,Derailment,0,KENNEWICK,WA,40.0,1,Dawn,Clear,Main,Freight Train,49,85257,33000,118257,E53C,46.153103999999999,-119.030508
UP,0322HO021,2022-03-15,11:10 PM,Derailment,0,SPRING,TX,62.0,4,Dark,Clear,Yard,Yard/switching,4,80696,50,80746,E29C,30.066905999999999,-95.409947000000003
XTGS,F032020,2020-02-18,12:45 AM,Derailment,0,ANAHUAC,TX,70.0,4,Dark,Fog,Yard,Freight Train,5,45000,0,45000,H306,29.699088,-94.897498999999996
TXPF,06232023,2023-06-23,8:45 PM,Derailment,0,BARNHART,TX,100.0,3,Dusk,Clear,Industry,Freight Train,8,7500,8000,15500,E64C,31.124365999999998,-101.17415699999999
BB,2020D0713,2020-07-13,4:30 PM,Derailment,0,SWOOPE,VA,86.0,2,Day,Clear,Siding,Freight Train,5,18000,20000,38000,E46C,38.142555999999999,-79.121401000000006
BNSF,RD0620123,2020-06-25,8:58 AM,Derailment,0,BROWNWOOD,TX,81.0,1,Dawn,Clear,Yard,Freight Train,7,10000,2950,12950,H607,31.714524999999998,-98.967862999999994
KCS,19091001,2019-09-10,11:41 AM,Derailment,1,LAREDO,TX,98.0,2,Day,Cloudy,Yard,Freight Train,9,120000,140726,260726,H703,27.499950999999999,-99.391851000000003
UP,1222RM021,2022-12-20,10:05 AM,Other impacts,0,OGDEN,UT,26.0,2,Day,Cloudy,Main,Yard/switching,5,500,12758,299666,E04L,41.233449999999998,-111.98780499999999
BNSF,RD0918132,2018-09-19,2:25 PM,Rear end collision,0,SAGINAW,TX,94.0,2,Day,Clear,Main,Spec. MoW Equip.,0,20000,0,30000,H402,32.888475,-97.387585000000001
BNSF,NW0716200,2016-07-06,8:15 PM,Hwy-rail crossing,0,WENATCHEE,WA,70.0,4,Dark,Clear,Main,,0,0,0,28936,M302,47.389119999999998,-120.28770799999999
UP,1019HO006,2019-10-07,1:57 AM,Other impacts,0,HOUSTON,TX,79.0,4,Dark,Clear,Yard,Yard/switching,2,21521,562,27041,H306,29.791623999999999,-95.305978999999994
BNSF,RD0817113,2017-08-16,2:25 PM,Raking collision,0,BROWNWOOD,TX,82.0,2,Day,Cloudy,Main,Yard/switching,9,50237,0,50237,H307,31.716888000000001,-98.973048000000006
BNSF,RD0720103,2020-07-06,5:00 PM,Derailment,0,TOMBALL,TX,90.0,3,Dusk,Cloudy,Industry,Freight Train,5,43200,0,43200,M101,30.093463,-95.610248999999996
UP,0522GC010,2022-05-04,5:00 PM,Derailment,0,REFUGIO,TX,83.0,2,Day,Clear,Industry,Freight Train,4,6427,0,6427,T217,28.329039000000002,-97.253477000000004
UP,0618ST002,2018-06-01,1:30 PM,Derailment,0,EL PASO,TX,99.0,2,Day,Clear,Yard,Yard/switching,4,60835,25720,86555,H523,31.754534,-106.387518
BNSF,RD0621107,2021-06-06,10:17 PM,Other impacts,0,FORT WORTH,TX,75.0,4,Dark,Cloudy,Yard,Yard/switching,8,57427,0,57427,H601,32.825118000000003,-97.33211
BNSF,RD1023208,2023-10-27,1:39 PM,Hwy-rail crossing,0,CUT SHOOT,TX,85.0,2,Day,Cloudy,Main,Freight Train,40,42832,0,42832,M302,30.31344,-95.209512000000004
PSAP,PSA523217R,2017-12-24,1:30 PM,Derailment,0,HOQUIAM,WA,36.0,2,Day,Cloudy,Industry,Freight Train,10,88014,11908,99922,H303,46.970599999999997,-123.85851599999999
BNSF,NW1015202,2015-10-12,11:45 AM,Hwy-rail crossing,0,MABTON,WA,74.0,2,Day,Clear,Main,Freight Train,39,15600,0,15600,M302,46.199863999999998,-119.94977400000001
BNSF,RD0324108,2024-03-07,3:30 AM,Derailment,0,FORT WORTH,TX,65.0,4,Dark,Clear,Yard,Yard/switching,4,28000,13702,41702,H607,32.821091000000003,-97.328198
BNSF,NW0915120,2015-09-21,4:49 PM,Fire/violent rupture,0,KALAMA,WA,70.0,2,Day,Clear,Yard,,0,0,0,13066,E74L,45.994795000000003,-122.84102799999999
UP,0223HO031,2023-02-25,12:30 AM,Other impacts,0,HOUSTON,TX,72.0,4,Dark,Fog,Yard,Yard/switching,4,110828,28800,147730,S016,29.796942999999999,-95.291516000000001
ATK,172770,2022-11-16,2:04 PM,Hwy-rail crossing,0,MOODY,TX,50.0,2,Day,Cloudy,Main,Passenger Train - Pulling,79,11795,0,11795,M302,31.321349999999999,-97.357680000000002
UP,0124SX018,2024-01-22,2:16 AM,Hwy-rail crossing,0,ROUND ROCK,TX,42.0,4,Dark,Rain,Main,Freight Train,27,0,19510,19510,M302,30.489288999999999,-97.696763000000004
BNSF,RD0221119,2021-02-21,9:03 AM,Derailment,0,VON ORMY,TX,70.0,2,Day,Clear,Main,Freight Train,2,109170,0,114482,H318,29.325472999999999,-98.632150999999993
EWG,EWG201704,2017-06-21,1:30 AM,Derailment,0,DAVENPORT,WA,58.0,4,Dark,Clear,Main,Freight Train,10,0,140000,140000,E46C,47.685775999999997,-118.02243900000001
BNSF,RD0624202,2024-06-11,11:49 AM,Hwy-rail crossing,0,LA COSTE,TX,90.0,2,Day,Cloudy,Main,Freight Train,28,1000,0,1000,M302,29.270689999999998,-98.868745000000004
BNSF,RD1020118,2020-10-21,5:45 PM,Derailment,0,TEMPLE,TX,75.0,3,Dusk,Clear,Yard,Yard/switching,3,72641,406102,478743,M409,31.124822000000002,-97.350649000000004
BNSF,NW0824111,2024-08-13,2:30 PM,Derailment,0,KALAMA,WA,74.0,2,Day,Cloudy,Main,,0,0,139017,139017,E53C,45.978693999999997,-122.825564
CSX,000186707,2019-11-19,3:09 AM,Derailment,0,CLIFTON FORGE,VA,36.0,4,Dark,Fog,Yard,Freight Train,10,19000,500,19500,M405,37.813035999999997,-79.818731999999997
CCPN,CCP861021,2021-10-21,6:05 PM,Side collision,0,CORPUS CHRISTI,TX,79.0,2,Day,Clear,Yard,Yard/switching,4,60000,0,60000,H307,27.816261999999998,-97.415713999999994
UP,0723TO038,2023-07-22,2:20 PM,Derailment,0,FORT WORTH,TX,91.0,2,Day,Clear,Yard,Yard/switching,5,7383,10445,17828,E71L,32.718639000000003,-97.387096
NS,153466,2023-06-29,4:15 AM,Other impacts,0,ROANOKE,VA,74.0,1,Dawn,Clear,Yard,Freight Train,4,109000,150,109320,H020,37.271115999999999,-79.997916000000004
ATK,180454,2024-05-31,6:36 AM,Obstruction,0,SUFFOLK,VA,59.0,2,Day,Clear,Main,Passenger Train - Pulling,73,53277,0,53277,M404,36.738439999999997,-76.512349999999998
UP,0421MA050,2021-04-23,8:18 PM,Obstruction,0,ATLANTA,TX,59.0,4,Dark,Rain,Main,,0,0,150,21297,M404,33.126595000000002,-94.158737000000002
UP,0224TO012,2024-02-08,3:45 AM,Other impacts,0,FORT WORTH,TX,59.0,4,Dark,Cloudy,Yard,Yard/switching,5,48919,54552,145078,H310,32.724285999999999,-97.373508999999999
UP,1018HO016,2018-10-09,9:30 AM,Other impacts,0,LA PORTE,TX,82.0,2,Day,Clear,Yard,Light loco(s),4,0,1796,15300,M408,29.683776999999999,-95.038893000000002
BNSF,RD0121121,2021-01-22,11:04 PM,Side collision,0,LOLITA,TX,65.0,4,Dark,Fog,Main,Freight Train,22,158891,0,810544,H607,28.843845000000002,-96.501104999999995
UP,0818SA010,2018-08-08,10:15 PM,Obstruction,0,GIDDINGS,TX,83.0,4,Dark,Cloudy,Main,Freight Train,14,8880,11242,20122,E79L,30.183244999999999,-96.939409999999995
ATK,155418,2018-09-21,6:34 PM,Obstruction,0,WINDSOR,VT,63.0,2,Day,Clear,Main,Passenger Train - Pulling,79,11437,0,11437,M404,43.592525000000002,-72.347449999999995
XTGS,F072020,2020-07-09,11:30 PM,Derailment,0,ANAHUAC,TX,85.0,4,Dark,Clear,Yard,Yard/switching,5,42000,16000,58000,H212,29.699088,-94.897498999999996
UP,0323HO013,2023-03-08,7:30 AM,Other (describe in narrative),0,HOUSTON,TX,67.0,2,Day,Clear,Yard,Single Car,0,14055,0,14055,M411,29.796942000000001,-95.291708
KCS,21032602,2021-03-26,11:20 AM,Other impacts,0,KENDELTON,TX,72.0,2,Day,Clear,Yard,Spec. MoW Equip.,1,0,0,18000,M208,29.467409,-95.968823
UP,0423RM025,2023-04-26,2:40 PM,Other impacts,0,OGDEN,UT,56.0,2,Day,Clear,Industry,Freight Train,4,2652,0,14130,H318,41.266710000000003,-112.21373
UP,0119RM042,2019-01-15,11:50 PM,Side collision,0,OGDEN,UT,28.0,4,Dark,Snow,Yard,Yard/switching,7,13920,250,14600,H020,41.227195000000002,-111.985771
KCS,21091002,2021-09-10,8:30 AM,Derailment,0,PORT ARTHUR,TX,85.0,2,Day,Clear,Yard,Yard/switching,5,8000,10653,18653,H702,29.850377000000002,-93.951941000000005
VREX,19198A,2019-07-17,5:18 PM,Obstruction,0,BURKE,VA,93.0,2,Day,Rain,Main,Passenger Train - Pulling,37,24406,0,24406,M404,38.785415999999998,-77.366482000000005
UP,0718HO044,2018-07-21,6:00 PM,Other (describe in narrative),0,HOUSTON,TX,90.0,3,Dusk,Cloudy,Main,,0,0,48650,49150,H403,29.719450999999999,-95.274764000000005
TSWS,06072023,2023-06-07,1:00 AM,Derailment,0,SALT LAKE CITY,UT,65.0,4,Dark,Clear,Yard,Freight Train,10,30000,20000,50000,H511,40.751882999999999,-112.001766
ATK,181807,2024-08-24,10:24 PM,Hwy-rail crossing,0,DOSWELL,VA,64.0,4,Dark,Clear,Main,Passenger Train - Pulling,65,20000,0,20000,M308,37.860080000000004,-77.458247999999998
BNSF,KS0218104,2018-02-15,11:50 AM,Other impacts,0,HEREFORD,TX,50.0,2,Day,Clear,Yard,Yard/switching,5,14965,0,14965,H318,34.821885000000002,-102.382869
ATK,143061,2016-06-26,11:59 AM,Derailment,0,TUKWILA,WA,73.0,2,Day,Clear,Main,Passenger Train - Pulling,6,59800,0,61300,H705,47.467571999999997,-122.243421
BNSF,KS0324114,2024-03-28,3:56 PM,Derailment,0,PAMPA,TX,65.0,2,Day,Clear,Main,Freight Train,22,290868,159749,450617,M505,35.576115999999999,-100.891814
UP,0321HO028,2021-03-24,10:19 AM,Other impacts,0,HOUSTON,TX,66.0,2,Day,Rain,Yard,Yard/switching,0,22513,99,69575,M407,29.791692000000001,-95.301811000000001
UP,1215UT007,2015-12-21,4:40 AM,Derailment,0,MIDVALE,UT,25.0,4,Dark,Clear,Industry,,0,0,12430,24860,H523,40.611269999999998,-111.906595
CSX,000204390,2022-04-20,10:28 AM,Obstruction,0,MADISON HEIGHTS,VA,53.0,2,Day,Clear,Main,Maint./inspect Car,21,10593,0,17449,H993,37.424681,-79.044392000000002
UP,1118SA029,2018-11-26,5:30 PM,Other impacts,0,SAN ANTONIO,TX,52.0,2,Day,Clear,Yard,Yard/switching,6,0,1564,68449,H318,29.435088,-98.448105999999996
UP,0518HO016,2018-05-10,2:45 AM,Other impacts,0,LA PORTE,TX,71.0,4,Dark,Clear,Yard,Yard/switching,4,24634,1122,35970,H702,29.68329,-95.038799999999995
UP,0920SX025,2020-09-18,4:30 PM,Other impacts,0,SAN ANTONIO,TX,88.0,2,Day,Clear,Yard,Yard/switching,9,10954,4362,20541,H513,29.435089000000001,-98.451948000000002
CPKC,23070801,2023-07-08,12:53 AM,Hwy-rail crossing,0,SINTON,TX,88.0,4,Dark,Clear,Main,Freight Train,44,34362,0,41461,M302,28.032340000000001,-97.510568000000006
BNSF,NW1116106,2016-11-06,2:15 AM,Derailment,0,PASCO,WA,48.0,4,Dark,Clear,Yard,Yard/switching,4,13902,23801,37703,S006,46.274678000000002,-119.104017
ATK,158663,2019-04-25,10:52 AM,Hwy-rail crossing,0,HOLLAND,TX,77.0,2,Day,Clear,Main,Passenger Train - Pulling,40,16198,0,16198,M301,30.911508999999999,-97.367913999999999
UP,0921HO013,2021-09-08,7:30 AM,Hwy-rail crossing,0,HUFFMAN,TX,67.0,2,Day,Clear,Main,,0,0,99,16725,M302,30.022393999999998,-95.090132999999994
UP,0419TO038,2019-04-24,12:36 AM,Derailment,3,FORT WORTH,TX,61.0,4,Dark,Rain,Main,Freight Train,26,2619690,194943,2814633,M506,32.698979999999999,-97.309297000000001
UP,0323HO017,2023-03-12,6:30 AM,Other (describe in narrative),0,HOUSTON,TX,70.0,1,Dawn,Cloudy,Yard,Yard/switching,4,23768,0,23768,M411,29.816383999999999,-95.288021000000001
NS,119694,2016-03-12,2:30 AM,Derailment,0,HARMAN,VA,57.0,4,Dark,Clear,Yard,Single Car,0,2500,600,12012,H702,37.323805,-82.166822999999994
UP,0721TO023,2021-07-19,6:30 PM,Other impacts,0,DALLAS,TX,80.0,3,Dusk,Cloudy,Yard,Yard/switching,4,6321,2640,13183,H301,32.715110000000003,-96.750710999999995
NS,145930,2022-07-17,1:35 PM,Raking collision,0,ROANOKE,VA,88.0,2,Day,Cloudy,Yard,Yard/switching,5,11000,750,11750,H020,37.271115000000002,-79.997916000000004
BNSF,NW1216120,2016-12-26,3:15 PM,Other (describe in narrative),0,PASCO,WA,34.0,2,Day,Cloudy,Yard,Yard/switching,10,23111,0,23111,S007,46.272700999999998,-119.102243
BNSF,RD0222118,2022-02-22,1:05 AM,Head on collision,0,DAYTON,TX,73.0,4,Dark,Clear,Yard,Freight Train,1,50000,0,350000,H607,30.013432999999999,-94.902589000000006
PTRA,2021000015,2021-06-26,8:50 AM,Other (describe in narrative),0,PASADENA,TX,90.0,2,Day,Cloudy,Industry,,0,0,94000,94000,H607,29.716141,-95.227836999999994
WACR,1226,2015-10-23,11:19 AM,Obstruction,0,BARNET,VT,50.0,2,Day,Cloudy,Main,Spec. MoW Equip.,20,24845,0,42345,H607,44.320366,-72.033202000000003
UP,0824HO053,2024-08-23,11:00 PM,Other impacts,0,DAYTON,TX,79.0,4,Dark,Clear,Yard,Yard/switching,0,11392,0,12691,E29C,30.013805000000001,-94.901910999999998
UP,0119RM030,2019-01-10,3:20 PM,Derailment,0,OGDEN,UT,33.0,2,Day,Snow,Yard,Yard/switching,5,10880,9220,20100,T211,41.217153000000003,-111.98388199999999
ATK,172685,2022-11-10,4:42 PM,Hwy-rail crossing,0,TORNILLO,TX,66.0,2,Day,Clear,Main,Passenger Train - Pulling,77,9217,0,24367,M308,31.442612,-106.08403800000001
UP,0818HO015,2018-08-10,10:04 PM,Other (describe in narrative),0,SWEENY,TX,83.0,4,Dark,Cloudy,Main,,0,0,13930,13930,H607,29.030887,-95.761094999999997
UP,0115UT005,2015-01-09,7:30 PM,Side collision,0,SALT LAKE CITY,UT,35.0,4,Dark,Cloudy,Yard,Yard/switching,4,62424,0,143310,H307,40.788327000000002,-111.909914
UP,0618FW009,2018-06-09,11:05 AM,Derailment,0,MIDLOTHIAN,TX,92.0,2,Day,Clear,Yard,Freight Train,6,239170,9623,248793,H522,32.484887999999998,-96.985352000000006
BNSF,NW0416109,2016-04-13,4:20 AM,Derailment,0,VANCOUVER,WA,55.0,1,Dawn,Rain,Industry,Yard/switching,4,19642,1000,20642,H702,45.648854,-122.72689800000001
UP,0223SX003,2023-02-04,6:25 AM,Other impacts,0,SAN ANTONIO,TX,32.0,1,Dawn,Clear,Yard,Yard/switching,4,31869,366,32723,E27C,29.375779000000001,-98.556470000000004
UP,0722TO013,2022-07-07,12:00 PM,Derailment,0,ODESSA,TX,91.0,2,Day,Clear,Yard,Freight Train,1,7916,99,8015,H503,31.873698999999998,-102.31020700000001
BNSF,RD0918129,2018-09-20,5:36 AM,Side collision,0,HOUSTON,TX,85.0,1,Dawn,Clear,Yard,Yard/switching,5,10328,0,37366,H318,29.706502,-95.329434000000006
UP,0423TO022,2023-04-16,7:00 PM,Other impacts,0,BRIDGEPORT,TX,68.0,3,Dusk,Clear,Industry,Freight Train,0,28042,0,2305757,H702,33.282184000000001,-97.800184999999999
BNSF,SW0819106,2019-08-09,1:30 PM,Derailment,0,EL PASO,TX,100.0,2,Day,Clear,Yard,Freight Train,9,5100,7500,12600,E07C,31.770959000000001,-106.51269499999999
NS,153998,2023-08-22,3:00 PM,Other impacts,0,ROANOKE,VA,93.0,2,Day,Cloudy,Yard,Single Car,4,34280,0,106096,H312,37.272098999999997,-80.009416000000002
BNSF,RD0724114,2024-07-14,12:34 AM,Other (describe in narrative),0,TEMPLE,TX,88.0,4,Dark,Clear,Yard,Yard/switching,5,7000,312,47694,H607,31.120661999999999,-97.349654999999998
BNSF,RD0122109,2022-01-05,4:45 PM,Other (describe in narrative),0,BAYTOWN,TX,75.0,2,Day,Clear,Yard,Yard/switching,7,0,0,18000,H307,29.776799,-94.899071000000006
UP,1023HO044,2023-10-30,5:05 AM,Derailment,0,LA PORTE,TX,51.0,1,Dawn,Cloudy,Yard,Yard/switching,7,464381,264682,1484795,H702,29.655169000000001,-95.038911999999996
UP,0219GC058,2019-02-26,11:04 PM,Other (describe in narrative),0,DAYTON,TX,60.0,4,Dark,Rain,Industry,Cut of cars,0,17691,0,17691,M201,30.010722999999999,-94.902741000000006
UP,0919SX023,2019-09-22,8:50 PM,Other impacts,0,SAN ANTONIO,TX,90.0,4,Dark,Cloudy,Yard,Yard/switching,10,134582,62043,227462,H702,29.383358999999999,-98.551181
BNSF,RD0521202,2021-05-16,12:34 AM,Hwy-rail crossing,0,WAXAHACHIE,TX,73.0,4,Dark,Clear,Main,Freight Train,30,300,125000,125300,M302,32.333432999999999,-96.766396999999998
NS,121252,2016-07-14,3:40 PM,Hwy-rail crossing,0,WAVERLY,VA,99.0,2,Day,Clear,Main,Freight Train,58,9711,13234,22945,M303,37.036093000000001,-77.094016999999994
UP,1120RM031,2020-11-25,6:50 PM,Derailment,0,OGDEN,UT,44.0,3,Dusk,Clear,Yard,Yard/switching,3,13011,20198,33209,E53C,41.199071000000004,-111.986459
UP,0621HO031,2021-06-26,4:30 AM,Other impacts,0,BAYTOWN,TX,82.0,1,Dawn,Fog,Industry,Single Car,1,4564,0,188372,H008,29.776367,-94.898933
UP,0122SX010,2022-01-14,1:35 AM,Other impacts,0,SAN ANTONIO,TX,42.0,4,Dark,Clear,Yard,Yard/switching,4,6000,28114,34301,H310,29.383976000000001,-98.547255000000007
TRE,18008,2018-11-07,8:12 AM,Hwy-rail crossing,0,HURST,TX,60.0,2,Day,Cloudy,Main,Commuter Train - Pushing,52,400000,0,400000,M302,32.806801,-97.186521999999997