reportingrailroadcode,accidentnumber,date,time,accidenttype,hazmatreleasedcars,station,stateabbr,temperature,visibility_code,visibility,weathercondition,tracktype,equipmenttype,trainspeed,equipmentdamagecost,trackdamagecost,totaldamagecost,primaryaccidentcausecode,latitude,longitude
BNSF,RD0820126,2020-08-26,9:30 PM,Derailment,0,SAN ANTONIO,TX,80.0,4,Dark,Clear,Yard,Freight Train,3,12822,0,12822,H318,29.325140000000001,-98.633386000000002
UP,0919SX006,2019-09-09,7:20 AM,Derailment,0,VON ORMY,TX,75.0,2,Day,Clear,Industry,Freight Train,4,3542,15148,18690,M501,29.322405,-98.642972999999998
BNSF,NW0917108,2017-09-19,4:30 AM,Other (describe in narrative),0,PASCO,WA,58.0,1,Dawn,Clear,Yard,Light loco(s),10,0,30000,30000,H702,46.211461999999997,-119.045187
UP,1123SX009,2023-11-09,2:30 AM,Derailment,0,SAN ANTONIO,TX,71.0,4,Dark,Clear,Yard,Cut of cars,5,73540,0,91791,H318,29.436304,-98.464979
BNSF,KS0720112,2020-07-15,10:20 AM,Obstruction,0,MIAMI,TX,85.0,2,Day,Clear,Main,Spec. MoW Equip.,0,12000,0,17000,H997,35.649673,-100.697158
CSX,000199036,2021-07-23,1:20 PM,Derailment,0,RICHMOND,VA,84.0,2,Day,Cloudy,Main,Freight Train,15,194647,69180,263827,E4AC,37.532815999999997,-77.456703000000005
UP,0321ES032,2021-03-16,2:00 PM,Obstruction,0,PALESTINE,TX,77.0,2,Day,Cloudy,Main,Spec. MoW Equip.,15,2455,33,19188,H997,31.698661000000001,-95.714444999999998
UP,0919TO017,2019-09-13,1:00 AM,Derailment,0,HOLLAND,TX,78.0,4,Dark,Clear,Main,Freight Train,36,683597,130808,814405,E00C,30.88231,-97.401623999999998
BNSF,RD0119109,2019-01-11,2:20 PM,Derailment,0,SILSBEE,TX,50.0,2,Day,Clear,Yard,Freight Train,7,2800,69498,72298,H512,30.358409999999999,-94.199805999999995
UP,0522GC040,2022-05-28,12:30 AM,Other (describe in narrative),0,FREEPORT,TX,77.0,4,Dark,Clear,Yard,Yard/switching,4,16392,850,17242,E29C,28.965702,-95.348975999999993
UP,0323RM006,2023-03-07,7:47 AM,Derailment,0,SALT LAKE CITY,UT,28.0,2,Day,Cloudy,Yard,Yard/switching,5,51937,955,52892,H306,40.729660000000003,-111.908674
BNSF,RD0822107,2022-08-07,8:30 PM,Derailment,0,MIDLOTHIAN,TX,94.0,3,Dusk,Clear,Industry,Freight Train,0,7500,0,71981,E65C,32.470610000000001,-97.017602999999994
BNSF,RD1022126,2022-10-24,9:15 AM,Derailment,0,MULESHOE,TX,50.0,2,Day,Rain,Industry,Freight Train,4,8004,6363,14367,H307,34.283203,-102.816998
ATK,138705,2015-08-11,4:11 AM,Derailment,0,SEATTLE,WA,66.0,4,Dark,Cloudy,Yard,Light loco(s),2,23412,1500,24912,H303,47.597135000000002,-122.32939500000001
UP,0418UT016,2018-04-19,2:40 PM,Other impacts,0,OGDEN,UT,65.0,2,Day,Cloudy,Yard,Freight Train,0,19020,0,176986,E39C,41.202343999999997,-111.985192
UP,0918FW011,2018-09-12,9:35 PM,Fire/violent rupture,0,WORTHAM,TX,65.0,4,Dark,Cloudy,Main,Freight Train,40,51291,0,51291,E73L,31.789541,-96.461073999999996
UP,1121TO012,2021-11-12,8:50 PM,Other impacts,0,DALLAS,TX,52.0,4,Dark,Clear,Yard,Yard/switching,5,8809,0,37714,H318,32.709085999999999,-96.747285000000005
NS,145342,2022-04-29,7:45 PM,Other (describe in narrative),0,RIVERTON,VA,43.0,3,Dusk,Clear,Main,Freight Train,5,13200,0,13200,E21C,39.001640000000002,-78.145652999999996
NS,137843,2020-04-29,8:45 PM,Other impacts,0,NORFOLK,VA,69.0,4,Dark,Cloudy,Yard,Single Car,0,1693,0,29565,M411,36.871434000000001,-76.293488999999994
NS,146195,2022-08-15,7:35 PM,Other impacts,0,ROANOKE,VA,64.0,3,Dusk,Rain,Yard,Single Car,2,11682,0,22182,H601,37.277109000000003,-79.982322999999994
UP,1218TO017,2018-12-10,9:30 AM,Other (describe in narrative),0,MONAHANS,TX,35.0,2,Day,Clear,Yard,Yard/switching,3,12189,66,12255,E29C,31.597992999999999,-102.882689
UP,0817PD001,2017-08-03,12:20 AM,Derailment,0,TOUCHET,WA,70.0,4,Dark,Clear,Yard,Freight Train,9,61016,3324,64340,H306,46.088912999999998,-118.91137500000001
UP,0818HO044,2018-08-25,8:30 PM,Derailment,0,HOUSTON,TX,80.0,4,Dark,Cloudy,Yard,Light loco(s),4,18620,7400,26020,H702,29.795847999999999,-95.295368999999994
KCS,19122901,2019-12-29,9:30 PM,Derailment,0,LAREDO,TX,50.0,4,Dark,Clear,Yard,Yard/switching,8,7138,29376,36514,H703,27.503561000000001,-99.507552000000004
UP,0522SX033,2022-05-31,9:42 PM,Derailment,0,TAYLOR,TX,86.0,4,Dark,Cloudy,Main,Freight Train,6,12269,63680,75949,H601,30.566067,-97.431762000000006
UP,0519SX018,2019-05-19,12:20 PM,Derailment,0,SAN ANTONIO,TX,82.0,2,Day,Clear,Yard,Yard/switching,5,20530,4885,25415,M405,29.374151999999999,-98.559663999999998
UP,0823HO023,2023-08-22,2:52 PM,Hwy-rail crossing,0,EAGLE LAKE,TX,98.0,2,Day,Cloudy,Main,Freight Train,37,6139,185138,191277,M303,29.568190999999999,-96.271216999999993
IATX,IATX183,2018-07-10,4:00 AM,Other impacts,0,HASLET,TX,79.0,4,Dark,Clear,Yard,Yard/switching,8,60000,6000,66000,H307,32.989206000000003,-97.353407000000004
NS,146096,2022-08-05,7:30 PM,Other impacts,0,ROANOKE,VA,72.0,3,Dusk,Rain,Yard,Single Car,0,500,0,30500,H312,37.277109000000003,-79.982322999999994
UP,0324SX004,2024-03-04,7:58 AM,Derailment,0,LAREDO,TX,71.0,2,Day,Cloudy,Yard,Light loco(s),4,1680,11910,13590,S016,27.665648999999998,-99.435751999999994
UFRC,1225141,2014-12-25,3:21 AM,Hwy-rail crossing,0,WOODS CROSS,UT,28.0,4,Dark,Snow,Main,Maint./inspect Car,5,13000,0,13000,M399,40.851408999999997,-111.909334
KCS,22051402,2022-05-14,1:30 AM,Derailment,0,PORT NECHES,TX,75.0,4,Dark,Clear,Yard,Yard/switching,5,6937,22548,29485,H306,29.968900000000001,-93.945784000000003
BNSF,SW0419108,2019-04-18,11:55 PM,Rear end collision,0,EL PASO,TX,55.0,4,Dark,Clear,Yard,Yard/switching,0,42000,208000,563731,H702,31.80735,-106.548796
WACR,1226,2015-10-23,11:19 AM,Obstruction,0,BARNET,VT,50.0,2,Day,Cloudy,Main,Spec. MoW Equip.,12,15000,0,42345,H607,44.320366,-72.033202000000003
UP,0323TO008,2023-03-04,5:25 PM,Other impacts,0,FORT WORTH,TX,74.0,2,Day,Clear,Yard,Yard/switching,3,139074,0,146922,S016,32.721663999999997,-97.381893000000005
UP,0217PD021,2017-02-12,12:50 AM,Derailment,0,SEATTLE,WA,36.0,4,Dark,Clear,Yard,Light loco(s),5,18620,700,19320,H702,47.563737000000003,-122.33544500000001
BNSF,NW1214104,2014-12-07,2:30 AM,Raking collision,0,SPOKANE,WA,34.0,4,Dark,Cloudy,Yard,Yard/switching,3,8295,0,11497,H306,47.673811000000001,-117.31462399999999
NS,120628,2016-05-24,8:45 AM,Hwy-rail crossing,0,SALEM,VA,68.0,2,Day,Clear,Main,Freight Train,33,12175,722,12897,M308,37.270788000000003,-80.032844999999995
ATK,143217,2016-07-06,8:15 PM,Hwy-rail crossing,0,WENATCHEE,WA,70.0,4,Dark,Clear,Main,Passenger Train - Pulling,45,28936,0,28936,M302,47.389119999999998,-120.28770799999999
BNSF,NW1115117,2015-11-24,7:45 AM,Other (describe in narrative),0,EVERETT,WA,50.0,1,Dawn,Clear,Yard,Maint./inspect Car,2,30000,0,30000,H997,48.005645999999999,-122.213954
NS,143377,2021-11-05,10:55 PM,Derailment,0,ROANOKE,VA,72.0,4,Dark,Clear,Main,Freight Train,9,25500,25893,51393,H505,37.273325,-79.940487000000005
NS,143883,2021-12-30,8:00 AM,Obstruction,0,ROANOKE,VA,55.0,2,Day,Fog,Yard,Single Car,0,3000,30548,48383,M404,37.277109000000003,-79.982322999999994
UP,1021HO025,2021-10-28,9:30 PM,Other impacts,0,HOUSTON,TX,70.0,4,Dark,Cloudy,Yard,Yard/switching,3,274,30500,31125,M411,29.814529,-95.288926000000004
UP,0519RM027,2019-05-21,10:28 PM,Derailment,0,OGDEN,UT,44.0,4,Dark,Cloudy,Yard,Yard/switching,7,48587,480,49067,H303,41.199036999999997,-111.986138
UP,0515PD021,2015-05-22,1:35 AM,Derailment,0,OLYMPIA,WA,55.0,4,Dark,Cloudy,Siding,,0,0,100,20100,H704,46.969783999999997,-122.83188
CSX,000194579,2020-12-20,9:45 AM,Obstruction,0,HOPEWELL,VA,38.0,2,Day,Rain,Industry,Yard/switching,3,0,13288,13288,H210,37.302439999999997,-77.284923000000006
UP,1223HO050,2023-12-19,12:30 AM,Other (describe in narrative),0,HOUSTON,TX,70.0,4,Dark,Cloudy,Main,Freight Train,10,23804,0,23804,M202,29.802826,-95.288634999999999
UP,0122TO012,2022-01-10,8:56 PM,Other impacts,0,DALLAS,TX,44.0,4,Dark,Cloudy,Yard,Single Car,0,5958,0,41044,H312,32.714047999999998,-96.750151000000002
BNSF,RD0923133,2023-09-20,7:55 PM,Derailment,0,HOUSTON,TX,80.0,3,Dusk,Clear,Yard,Yard/switching,3,26903,2500,29403,H306,29.690211000000001,-95.325163000000003
BNSF,NW1017109,2017-10-17,3:00 AM,Derailment,0,SEATTLE,WA,50.0,4,Dark,Cloudy,Yard,Yard/switching,3,57524,47500,105024,H607,47.616394,-122.35667100000001
UP,0623TO025,2023-06-24,4:42 PM,Derailment,0,ABILENE,TX,103.0,2,Day,Clear,Main,Freight Train,27,359944,314812,674756,E49C,32.452266000000002,-99.778803999999994
UP,1119SX003,2019-11-02,7:00 AM,Fire/violent rupture,0,WEIMAR,TX,40.0,1,Dawn,Clear,Main,Freight Train,40,326281,132,326413,E74L,29.700749999999999,-96.763955999999993
NS,157479,2024-07-25,4:45 AM,Side collision,0,CREWE,VA,72.0,1,Dawn,Rain,Yard,Cut of cars,4,400,0,164030,H309,37.178052000000001,-78.131442000000007
UP,0320HO026,2020-03-22,4:00 AM,Other impacts,0,HOUSTON,TX,69.0,1,Dawn,Cloudy,Yard,Yard/switching,3,35780,792,36685,M599,29.770121,-95.291700000000006
CSX,000164445,2016-11-16,8:08 PM,Derailment,0,RICHMOND,VA,50.0,4,Dark,Clear,Yard,Single Car,5,2873,0,71631,H018,37.410260000000001,-77.435772
UP,1222HO040,2022-12-29,10:30 AM,Other impacts,0,HOUSTON,TX,73.0,2,Day,Clear,Yard,Single Car,0,0,0,77301,E29C,29.788730000000001,-95.309051999999994
TMBL,03142016A,2016-03-14,1:45 AM,Side collision,0,TACOMA,WA,50.0,4,Dark,Rain,Yard,Yard/switching,3,27711,0,39902,H306,47.273439000000003,-122.390253
BNSF,RD0721109,2021-07-06,7:10 AM,Derailment,0,TEMPLE,TX,78.0,1,Dawn,Cloudy,Yard,Yard/switching,6,12638,3500,16138,T220,31.106005,-97.349033000000006
UP,1022HO018,2022-10-20,12:48 AM,Derailment,0,HOUSTON,TX,51.0,4,Dark,Clear,Main,Freight Train,7,297072,200,297272,H514,29.765810999999999,-95.312582000000006
BNSF,KS0620101,2020-06-03,8:55 AM,Derailment,0,AMARILLO,TX,62.0,1,Dawn,Clear,Yard,Yard/switching,4,14291,11000,25291,H318,35.211041999999999,-101.817697
TXNW,TXNW201130,2020-11-30,6:30 PM,Derailment,0,SUNRAY,TX,37.0,4,Dark,Clear,Yard,Yard/switching,5,99542,350,99892,H018,35.998837000000002,-101.884832
BNSF,RD0220131,2020-02-29,3:14 AM,Side collision,0,HOUSTON,TX,47.0,4,Dark,Clear,Yard,Yard/switching,5,22895,6500,66800,H306,29.700959999999998,-95.332807000000003
CLC,ID180101,2018-07-18,4:34 AM,Derailment,0,LONGVIEW,WA,65.0,1,Dawn,Clear,Yard,Yard/switching,6,3700,0,31700,M503,46.117204999999998,-122.939356
NECR,NEC420520D,2020-05-13,10:00 PM,Derailment,0,ESSEX,VT,35.0,4,Dark,Clear,Main,Freight Train,22,78038,70404,148442,E4BC,44.481200000000001,-73.101600000000005
UP,0923TO041,2023-09-26,10:45 PM,Other impacts,0,FORT WORTH,TX,81.0,4,Dark,Clear,Yard,Yard/switching,4,6059,34174,198003,H307,32.718139999999998,-97.388521999999995
NS,138663,2020-07-27,11:15 PM,Other (describe in narrative),0,GRETNA,VA,72.0,4,Dark,Clear,Main,Freight Train,23,20100,354,20454,E27C,36.953338000000002,-79.359167999999997
UP,0821TO020,2021-08-16,1:00 AM,Other (describe in narrative),0,FORT WORTH,TX,77.0,4,Dark,Rain,Yard,Single Car,0,40744,0,40744,E29C,32.717624000000001,-97.325102000000001
BNSF,RD0621117,2021-06-23,12:37 AM,Derailment,0,DAYTON,TX,80.0,4,Dark,Clear,Yard,Yard/switching,9,5858,6457,12315,T222,30.001449000000001,-94.907351000000006
DGNO,DGN546620,2020-01-24,12:45 AM,Derailment,0,DALLAS,TX,40.0,4,Dark,Clear,Industry,Freight Train,3,11750,8000,19750,E41C,32.825122,-96.886152999999993
TRE,20003,2020-02-25,7:25 PM,Hwy-rail crossing,0,FORT WORTH,TX,49.0,4,Dark,Clear,Main,Commuter Train - Pushing,62,50000,0,50000,M303,32.807755,-97.103807000000003
BNSF,RD0623129,2023-06-25,12:28 AM,Derailment,0,BEAUMONT,TX,92.0,4,Dark,Clear,Yard,Light loco(s),2,10500,10792,21292,H017,30.092690000000001,-94.115583000000001
BNSF,RD1019110,2019-10-21,10:30 AM,Rear end collision,0,CORSICANA,TX,83.0,2,Day,Clear,Main,Spec. MoW Equip.,0,18000,0,18250,H402,32.099609000000001,-96.461984000000001
UP,0719GC050,2019-07-30,6:30 PM,Derailment,0,TROUP,TX,88.0,3,Dusk,Cloudy,Industry,Freight Train,4,17107,165,17272,H702,32.142944,-95.123266000000001
FWWR,19122301,2019-12-23,10:15 AM,Other impacts,0,FORT WORTH,TX,43.0,2,Day,Clear,Main,Single Car,10,41733,0,41733,E09C,32.690869999999997,-97.364350000000002
BNSF,RD0420115,2020-04-28,3:15 AM,Derailment,0,TEMPLE,TX,62.0,4,Dark,Clear,Yard,Light loco(s),1,15314,6000,21314,H303,31.095355000000001,-97.351095999999998
NS,127776,2017-12-14,6:00 PM,Derailment,0,ROANOKE,VA,33.0,3,Dusk,Clear,Yard,Yard/switching,2,849,35673,36522,M405,37.270170999999998,-79.999440000000007
UP,0124ES002,2024-01-05,10:20 AM,Other (describe in narrative),0,SAN ANTONIO,TX,62.0,2,Day,Clear,Main,Spec. MoW Equip.,10,0,31400,31400,H702,29.402743000000001,-98.486412000000001
BNSF,KS0818201,2018-08-15,1:13 PM,Hwy-rail crossing,0,CHANNING,TX,85.0,2,Day,Clear,Main,Freight Train,37,20000,500,20500,M308,35.653320999999998,-102.337046
UP,0321SX019,2021-03-22,2:55 PM,Other impacts,0,EAGLE PASS,TX,73.0,2,Day,Cloudy,Yard,Freight Train,8,86719,0,94147,M404,28.757193000000001,-100.48781200000001
CSX,000142408,2015-02-25,3:00 AM,Derailment,0,COVINGTON,VA,31.0,4,Dark,Cloudy,Industry,Yard/switching,4,15118,50,15168,M101,37.786656000000001,-79.992131999999998
UP,1223GC001,2023-12-01,3:45 AM,Other impacts,0,BEAUMONT,TX,67.0,4,Dark,Clear,Yard,Yard/switching,2,2518,8731,11642,M411,30.072458000000001,-94.149215999999996
UP,1019RM026,2019-10-27,8:01 PM,Other impacts,0,OGDEN,UT,32.0,4,Dark,Cloudy,Yard,Cut of cars,0,107306,0,226731,H310,41.188316,-111.989389
UP,1019ST025,2019-10-25,7:16 AM,Derailment,0,EL PASO,TX,37.0,2,Day,Clear,Main,Freight Train,4,4202,26784,30986,H508,31.771124,-106.47303599999999
VTR,1460,2018-10-06,8:57 AM,Derailment,0,NORTH CLARENDON,VT,55.0,2,Day,Cloudy,Yard,Yard/switching,7,26556,1500,28056,E46C,43.578073000000003,-72.959338000000002
BNSF,RD0821124,2021-08-27,11:51 PM,Other (describe in narrative),0,JUSTIN,TX,89.0,4,Dark,Clear,Yard,Light loco(s),10,0,20000,20000,H607,33.020248000000002,-97.353352999999998
UP,0518SA005,2018-05-05,3:15 AM,Derailment,0,SAN ANTONIO,TX,70.0,4,Dark,Cloudy,Yard,Yard/switching,10,570996,101166,672162,H310,29.358018999999999,-98.572253000000003
UP,0823HO035,2023-08-31,6:00 AM,Hwy-rail crossing,0,NEW CANEY,TX,71.0,1,Dawn,Clear,Main,Freight Train,50,15490,102700,118190,M304,30.122343999999998,-95.222498999999999
UP,0220TO001,2020-02-02,6:50 AM,Other impacts,0,FORT WORTH,TX,48.0,1,Dawn,Clear,Yard,Single Car,2,37990,0,154469,H310,32.720824,-97.381089000000003
UP,1222HO017,2022-12-14,1:51 PM,Other (describe in narrative),0,HOUSTON,TX,66.0,2,Day,Clear,Yard,Single Car,0,13290,0,13290,M411,29.793755000000001,-95.296553000000003
CSX,000140487,2015-01-23,1:15 AM,Derailment,0,COVINGTON,VA,34.0,4,Dark,Cloudy,Yard,Yard/switching,4,21000,1000,22000,H702,37.791851999999999,-79.993358999999998
UP,1023RM018,2023-10-22,3:45 PM,Other impacts,0,OGDEN,UT,73.0,2,Day,Clear,Yard,Yard/switching,5,1646,300,13789,H310,41.200896999999998,-111.985986
UP,1122TO032,2022-11-27,11:30 PM,Derailment,0,MESQUITE,TX,49.0,4,Dark,Clear,Yard,Yard/switching,3,11350,1450,12800,H599,32.776828999999999,-96.659073000000006
CSX,000174533,2018-02-06,2:49 AM,Derailment,0,EMPORIA,VA,42.0,4,Dark,Clear,Main,Freight Train,40,41569,29337,70906,E53C,36.721279000000003,-77.515603999999996
CSX,000186064,2019-10-20,8:20 AM,Other impacts,0,RICHMOND,VA,58.0,2,Day,Rain,Yard,Yard/switching,2,38811,0,38860,H021,37.594321999999998,-77.484606999999997
UP,0217UT013,2017-02-21,3:54 PM,Derailment,0,CLEARFIELD,UT,57.0,2,Day,Cloudy,Industry,Freight Train,5,6052,33363,39415,M101,41.092855,-112.02504399999999
BNSF,RD0619114,2019-06-16,12:30 AM,Derailment,0,MORGAN,TX,80.0,4,Dark,Clear,Main,Freight Train,18,43189,1000,44189,E22C,32.022615999999999,-97.574060000000003
UP,0320SX021,2020-03-18,1:39 PM,Derailment,0,LAREDO,TX,84.0,2,Day,Clear,Yard,Freight Train,3,17160,249,17409,H702,27.66442,-99.465598
UP,0819SX034,2019-08-28,5:00 AM,Derailment,0,VON ORMY,TX,76.0,1,Dawn,Clear,Industry,Freight Train,5,11127,12630,23757,H702,29.317852999999999,-98.644336999999993
UTAH,UTA429320R,2020-05-20,12:30 PM,Derailment,0,WELLINGTON,UT,60.0,2,Day,Clear,Industry,Freight Train,5,31000,936,31936,H505,39.531533000000003,-110.468722
BNSF,KS0119105,2019-01-18,6:00 PM,Derailment,0,AMARILLO,TX,32.0,3,Dusk,Snow,Yard,Yard/switching,6,6013,8500,14513,H306,35.114694999999998,-101.86078999999999
DGNO,DGN509219,2019-11-12,2:30 AM,Derailment,0,GREENVILLE,TX,23.0,4,Dark,Clear,Yard,Freight Train,10,70000,175000,245000,T221,33.136043999999998,-96.125102999999996
BB,2015T1206,2015-12-06,7:00 PM,Fire/violent rupture,0,HANOVER,VA,75.0,4,Dark,Clear,Main,,0,0,0,32155,E71L,37.757941000000002,-77.375574999999998
UP,0424RM025,2024-04-22,7:45 AM,Derailment,0,OGDEN,UT,53.0,2,Day,Clear,Yard,Yard/switching,5,11417,704,12523,T221,41.182025000000003,-111.990723
UP,1022RM024,2022-10-25,6:44 AM,Hwy-rail crossing,0,TOOELE,UT,40.0,1,Dawn,Cloudy,Main,Freight Train,38,12230,150,12380,M304,40.635784999999998,-112.276679
UP,1018HO021,2018-10-13,7:00 AM,Derailment,0,HOUSTON,TX,75.0,2,Day,Clear,Yard,Yard/switching,4,14332,1800,16132,H702,29.825026000000001,-95.288527999999999
DGNO,DGN994722,2022-07-20,6:51 PM,Derailment,0,DALLAS,TX,107.0,3,Dusk,Clear,Main,Freight Train,10,15000,0,36550,M404,32.771906000000001,-96.804213000000004
CSX,000210022,2022-09-11,5:30 PM,Fire/violent rupture,0,STAFFORD,VA,81.0,3,Dusk,Clear,Main,,0,0,0,0,M406,38.477414000000003,-77.318674000000001
UP,0518HO003,2018-05-01,2:45 PM,Derailment,0,HOUSTON,TX,77.0,2,Day,Cloudy,Yard,Light loco(s),5,23000,66,23066,H307,29.822149,-95.290363999999997
GRR,202303,2023-11-07,10:00 AM,Hwy-rail crossing,0,GEORGETOWN,TX,75.0,2,Day,Clear,Industry,Light loco(s),8,30000,0,30000,M302,30.583559000000001,-97.703282000000002
UP,0722TO057,2022-07-21,4:00 AM,Other impacts,0,FORT WORTH,TX,88.0,1,Dawn,Clear,Yard,Single Car,5,65795,0,70232,M411,32.722287000000001,-97.379975999999999
UP,0921GC019,2021-09-13,10:45 AM,Hwy-rail crossing,0,LUFKIN,TX,75.0,2,Day,Cloudy,Main,Freight Train,25,4592,22000,26592,M302,31.309294000000001,-94.742583999999994
BNSF,NW0515123,2015-05-30,5:15 AM,Obstruction,0,KENNEWICK,WA,71.0,1,Dawn,Cloudy,Main,Freight Train,6,14282,0,14282,M402,46.222257999999997,-119.176858
UP,0223TO029,2023-02-20,6:30 AM,Hwy-rail crossing,0,MIDLAND,TX,53.0,1,Dawn,Cloudy,Main,Freight Train,40,9575,104483,114058,M302,31.944635000000002,-102.172937
UP,0718UT033,2018-07-29,8:40 AM,Derailment,0,PRICE,UT,92.0,2,Day,Clear,Siding,,0,0,3832,52901,H702,39.524503000000003,-110.69928299999999
UP,0920HL019,2020-09-26,2:07 PM,Hwy-rail crossing,0,DALHART,TX,100.0,2,Day,Clear,Main,Freight Train,57,27939,1189,29128,M308,36.235514000000002,-102.238034
UP,0224TO002,2024-02-03,6:30 AM,Derailment,0,FORT WORTH,TX,54.0,1,Dawn,Cloudy,Main,Freight Train,8,5738,150440,156178,M405,32.741782999999998,-97.321555000000004
UP,0222SX024,2022-02-25,7:15 PM,Other impacts,0,HEARNE,TX,31.0,3,Dusk,Rain,Yard,Single Car,5,100,0,86801,H307,30.880780999999999,-96.593750999999997
BNSF,NW1214109,2014-12-12,8:35 PM,Derailment,0,SPOKANE,WA,44.0,4,Dark,Rain,Yard,Yard/switching,4,16199,0,16199,H312,47.669134999999997,-117.342468
BNSF,RD0623120,2023-06-18,4:15 PM,Derailment,0,LUBBOCK,TX,90.0,2,Day,Clear,Yard,Yard/switching,8,10000,39267,49267,E46L,33.571112999999997,-101.824983
UP,0422TO001,2022-04-02,12:36 AM,Derailment,0,FORT WORTH,TX,63.0,4,Dark,Cloudy,Yard,Yard/switching,1,113220,405,113625,M199,32.729756999999999,-97.364621
BNSF,NW0316104,2016-03-08,7:30 PM,Derailment,0,VANCOUVER,WA,45.0,3,Dusk,Rain,Yard,Freight Train,6,8724,9538,18262,H503,45.648567999999997,-122.688193
BNSF,RD0722115,2022-07-18,1:00 PM,Derailment,0,DAYTON,TX,98.0,2,Day,Clear,Yard,Yard/switching,3,46053,9800,55853,H503,29.995104999999999,-94.907376999999997
KCS,23041001,2023-04-10,6:40 AM,Side collision,0,KENDLETON,TX,63.0,4,Dark,Clear,Siding,Freight Train,10,22403,0,46245,H607,29.479016000000001,-95.948594999999997
UP,0916UT008,2016-09-19,3:14 PM,Fire/violent rupture,0,SALT LAKE CITY,UT,76.0,2,Day,Cloudy,Main,Freight Train,50,727562,0,727562,E73L,40.760395000000003,-111.943108
UP,0324ES020,2024-03-12,3:40 PM,Obstruction,0,SAN ANTONIO,TX,73.0,2,Day,Clear,Main,Spec. MoW Equip.,0,35000,0,40000,H025,29.492415000000001,-98.356211000000002
EWG,EWG201607,2016-09-13,1:30 PM,Derailment,0,FOUR LAKES,WA,80.0,2,Day,Clear,Industry,Freight Train,8,15700,500,16200,H303,47.567107999999998,-117.600629
UP,0321TO017,2021-03-16,4:00 AM,Other impacts,0,ARLINGTON,TX,61.0,1,Dawn,Cloudy,Yard,Single Car,2,16434,0,18294,H310,32.746698000000002,-97.069205999999994
CSX,000198583,2021-06-30,3:16 PM,Derailment,0,HENRICO,VA,95.0,2,Day,Clear,Yard,Yard/switching,6,24624,9719,34343,E34C,37.514812999999997,-77.413708999999997
NS,154240,2023-09-15,10:20 AM,Other impacts,0,NORFOLK,VA,80.0,2,Day,Clear,Yard,Cut of cars,0,63115,0,119030,H302,36.871878000000002,-76.295016000000004
UP,1016SA001,2016-10-01,12:30 PM,Fire/violent rupture,0,KNIPPA,TX,70.0,2,Day,Clear,Main,Freight Train,22,150000,0,150000,E74L,29.293963000000002,-99.641999999999996
NS,142043,2021-06-30,12:05 PM,Raking collision,0,SPRINGFIELD,VA,95.0,2,Day,Clear,Industry,Freight Train,5,75293,0,150231,H302,38.796779000000001,-77.183447000000001
BNSF,NW0724113,2024-07-15,1:54 AM,Derailment,0,PASCO,WA,70.0,4,Dark,Clear,Yard,Freight Train,10,28190,19840,48030,H518,46.236381999999999,-119.085909
BNSF,NW0317102,2017-03-05,3:08 PM,Other (describe in narrative),0,KALAMA,WA,40.0,2,Day,Rain,Yard,,0,0,17551,17551,H306,46.002803999999998,-122.844815
NS,113987,2015-01-22,6:47 PM,Derailment,0,WAYNESBORO,VA,34.0,3,Dusk,Clear,Yard,Freight Train,4,700,19625,20325,H306,38.076070999999999,-78.872146000000001
UP,0818HO017,2018-08-12,2:00 AM,Derailment,0,HOUSTON,TX,80.0,4,Dark,Cloudy,Yard,Yard/switching,4,12461,3457,15918,M410,29.795556000000001,-95.295231999999999
NS,156060,2024-03-15,8:40 PM,Derailment,0,ROANOKE,VA,57.0,4,Dark,Cloudy,Yard,Freight Train,6,14000,3000,17000,M599,37.271115999999999,-79.997916000000004
UP,0922SX003,2022-09-03,6:45 AM,Other impacts,0,HONDO,TX,77.0,1,Dawn,Clear,Industry,Freight Train,10,48293,99,320415,H104,29.456202000000001,-98.999746999999999
TSWS,07092022,2022-07-09,3:30 AM,Derailment,0,WILMER,TX,72.0,4,Dark,Clear,Yard,Light loco(s),8,5500,12500,18000,H702,32.589019999999998,-96.685270000000003
UP,0123GC013,2023-01-18,8:45 AM,Other impacts,0,BEAUMONT,TX,71.0,2,Day,Cloudy,Yard,Single Car,0,14071,0,43005,H607,30.072566999999999,-94.148407000000006
CBRW,16080301,2016-08-03,10:05 AM,Hwy-rail crossing,0,OTHELLO,WA,80.0,2,Day,Clear,Main,Freight Train,17,10000,500,10500,M302,46.839433999999997,-119.052357
CSX,000173642,2017-12-23,5:35 PM,Derailment,0,CLIFTON FORGE,VA,50.0,3,Dusk,Cloudy,Main,Freight Train,7,112599,4832,117431,H518,37.790368999999998,-79.868488999999997
UP,0918FW010,2018-09-13,5:30 AM,Derailment,0,ARLINGTON,TX,77.0,1,Dawn,Cloudy,Yard,Freight Train,5,11138,99,11237,M507,32.742384000000001,-97.082397999999998
UP,0319RM043,2019-03-27,4:20 AM,Derailment,0,CACHE JUNCTION,UT,38.0,1,Dawn,Cloudy,Main,Freight Train,3,49972,726,50698,H503,41.842193999999999,-112.037474
UP,0818FW040,2018-08-27,3:57 PM,Other (describe in narrative),0,ODESSA,TX,78.0,2,Day,Rain,Yard,Yard/switching,0,54557,100,54657,H318,31.873131000000001,-102.311222
UP,1118SA029,2018-11-26,5:30 PM,Other impacts,0,SAN ANTONIO,TX,52.0,2,Day,Clear,Yard,Yard/switching,0,66885,0,68449,H318,29.435088,-98.448105999999996