reportingrailroadcode,accidentnumber,date,time,accidenttype,hazmatreleasedcars,station,stateabbr,temperature,visibility_code,visibility,weathercondition,tracktype,equipmenttype,trainspeed,equipmentdamagecost,trackdamagecost,totaldamagecost,primaryaccidentcausecode,latitude,longitude
ATK,137841,2015-06-15,7:00 PM,Obstruction,0,TENINO,WA,60.0,3,Dusk,Clear,Main,Passenger Train - Pushing,79,52917,0,52917,M503,46.852245000000003,-122.86096499999999
UP,0824TO036,2024-08-29,1:12 AM,Derailment,0,FORT WORTH,TX,82.0,4,Dark,Cloudy,Main,Freight Train,10,225672,4353,230025,H519,32.743845999999998,-97.321614999999994
UFRC,092820001,2020-09-28,10:17 PM,Obstruction,0,LEHI,UT,55.0,4,Dark,Clear,Main,Commuter Train - Pushing,36,60000,0,60000,H499,40.398650000000004,-111.86619
KCS,21090802,2021-09-08,7:30 AM,Hwy-rail crossing,0,HUFFMAN,TX,70.0,2,Day,Clear,Main,Freight Train,50,16626,0,16725,M302,30.022407000000001,-95.090076999999994
BNSF,RD1222109,2022-12-13,8:44 AM,Derailment,0,FORT WORTH,TX,45.0,1,Dawn,Rain,Yard,Cut of cars,0,14000,500,14500,M105,32.821091000000003,-97.328198
UP,0822HO008,2022-08-06,12:05 PM,Other impacts,0,HOUSTON,TX,83.0,2,Day,Cloudy,Yard,Yard/switching,19,25873,66,25939,M407,29.795634,-95.295272999999995
UP,1121HO023,2021-11-19,10:15 AM,Hwy-rail crossing,0,MISSOURI CITY,TX,58.0,2,Day,Clear,Main,,0,0,104615,106435,M304,29.623809000000001,-95.526184999999998
BNSF,RD0518101,2018-05-01,5:04 PM,Derailment,0,ROGERS,TX,65.0,3,Dusk,Clear,Industry,Freight Train,5,9400,5000,14400,H307,30.931035999999999,-97.224710999999999
DGNO,610118D,2018-03-21,12:30 AM,Other impacts,0,DALLAS,TX,52.0,4,Dark,Clear,Yard,Cut of cars,0,26000,0,26000,H312,32.774217999999998,-96.853421999999995
UP,0119GC033,2019-01-07,10:20 AM,Other impacts,0,BEAUMONT,TX,67.0,2,Day,Clear,Yard,Yard/switching,2,12730,198,22503,S015,30.072195000000001,-94.153436999999997
UP,0917PD005,2017-09-06,2:40 AM,Derailment,0,SEATTLE,WA,75.0,4,Dark,Cloudy,Yard,Yard/switching,4,39984,8126,48110,H702,47.606209999999997,-122.332071
UP,0918UT022,2018-09-22,12:48 AM,Derailment,0,HELPER,UT,34.0,4,Dark,Clear,Main,Freight Train,14,363916,171390,535306,E7AL,39.784927000000003,-111.118272
BNSF,RD0118104,2018-01-03,7:25 PM,Other impacts,0,GAINESVILLE,TX,34.0,3,Dusk,Clear,Yard,Freight Train,9,26738,250,26988,H310,33.645443999999998,-97.145099999999999
BNSF,NW1015107,2015-10-15,11:15 AM,Derailment,0,MARYSVILLE,WA,60.0,2,Day,Clear,Main,Maint./inspect Car,0,50000,0,50000,H402,48.044097999999998,-122.18177
BNSF,KS1123103,2023-11-07,5:40 PM,Derailment,0,HEREFORD,TX,65.0,3,Dusk,Clear,Industry,Yard/switching,4,223,13664,13887,H312,34.823605000000001,-102.370694
UP,0722TO007,2022-07-04,8:45 PM,Derailment,0,DALLAS,TX,95.0,4,Dark,Clear,Yard,Yard/switching,5,1144,24150,25294,H704,32.723694999999999,-96.754178999999993
NECR,NEC764924D,2024-04-10,12:22 AM,Derailment,0,MONTPELIER,VT,43.0,4,Dark,Cloudy,Main,Freight Train,25,4100,650000,654100,E53C,44.300579999999997,-72.688800000000001
UP,0222TO008,2022-02-08,5:15 PM,Hwy-rail crossing,0,MIDLAND,TX,63.0,2,Day,Clear,Main,Freight Train,45,0,16937,16937,M302,31.944635000000002,-102.172937
KCS,18082801,2018-08-28,4:45 PM,Other impacts,0,BEAUMONT,TX,90.0,2,Day,Cloudy,Yard,Yard/switching,4,14607,0,14607,H018,30.059469,-94.086607000000001
UP,0921GC016,2021-09-13,6:00 AM,Derailment,0,ANGLETON,TX,76.0,1,Dawn,Rain,Yard,Yard/switching,0,5923,6000,11923,H307,29.146069000000001,-95.450485
UP,0822HO038,2022-08-28,10:05 PM,Derailment,0,HOUSTON,TX,83.0,4,Dark,Clear,Yard,Light loco(s),3,1641,12807,14448,H707,29.798442999999999,-95.288397000000003
UP,1018FW041,2018-10-28,10:23 AM,Obstruction,0,GRANGER,TX,80.0,2,Day,Clear,Main,Freight Train,40,14759,0,14759,H501,30.645738000000001,-97.434573
NS,118135,2015-11-10,12:15 AM,Derailment,0,ROANOKE,VA,46.0,4,Dark,Rain,Yard,Light loco(s),4,211237,3000,214237,H702,37.271115000000002,-79.997916000000004
UP,0118UT017,2018-01-02,12:35 PM,Hwy-rail crossing,0,NEPHI,UT,35.0,2,Day,Clear,Main,Freight Train,45,23660,396,24056,M308,39.684780000000003,-111.841545
UP,0620HO019,2020-06-19,9:30 PM,Other impacts,0,HOUSTON,TX,81.0,4,Dark,Cloudy,Yard,Yard/switching,6,36985,0,55748,S007,29.793949999999999,-95.294392999999999
BNSF,RD1222132,2022-12-31,10:40 PM,Derailment,0,TEMPLE,TX,52.0,4,Dark,Clear,Yard,Yard/switching,2,15884,0,20784,H008,31.074095,-97.343333000000001
RLAX,RLAX81820,2020-08-18,10:50 PM,Derailment,0,BAYTOWN,TX,86.0,4,Dark,Clear,Yard,Yard/switching,7,10700,39250,49950,H303,29.776865999999998,-94.892482999999999
NS,138890,2020-08-18,2:07 AM,Other impacts,0,ROANOKE,VA,72.0,4,Dark,Cloudy,Yard,Cut of cars,0,7752,9552,18504,H312,37.277109000000003,-79.982320999999999
UP,0218LV011,2018-02-10,10:00 PM,Other impacts,0,BEAUMONT,TX,64.0,4,Dark,Cloudy,Yard,Yard/switching,2,3996,779,19560,M411,30.073512000000001,-94.144407000000001
BNSF,NW0724105,2024-07-08,6:00 PM,Derailment,0,AUBURN,WA,65.0,3,Dusk,Clear,Yard,Freight Train,9,4311,166393,170704,E40C,47.275542000000002,-122.23032499999999
NS,154734,2023-11-08,12:01 PM,Other impacts,0,ROANOKE,VA,49.0,2,Day,Cloudy,Yard,Single Car,0,150,0,30150,H312,37.277574999999999,-79.978824000000003
UP,0621ES015,2021-06-07,3:00 PM,Obstruction,0,MOUNT PLEASANT,TX,75.0,2,Day,Cloudy,Main,Spec. MoW Equip.,5,24092,0,24092,H995,33.153588999999997,-94.968691000000007
BNSF,RD0919125,2019-09-24,1:25 AM,Derailment,0,LONGVIEW,TX,74.0,4,Dark,Clear,Yard,Freight Train,4,3474,7900,11374,H307,32.489328,-94.710183999999998
UP,0320HO025,2020-03-21,3:05 PM,Derailment,0,LA PORTE,TX,64.0,2,Day,Cloudy,Yard,Yard/switching,4,396106,14900,411006,H607,29.652566,-95.038867999999994
UP,0822GC017,2022-08-19,10:20 PM,Derailment,0,BLOOMINGTON,TX,77.0,4,Dark,Clear,Yard,Yard/switching,10,1680,213100,214780,H303,28.64368,-96.897226000000003
BNSF,RD1023106,2023-10-02,10:40 PM,Derailment,0,HOUSTON,TX,83.0,4,Dark,Clear,Yard,Yard/switching,4,12987,2500,15487,H307,29.709356,-95.33117
NS,155177,2023-12-29,2:05 AM,Derailment,0,NORFOLK,VA,54.0,4,Dark,Clear,Yard,Single Car,7,37761,0,37761,H313,36.871878000000002,-76.295016000000004
UP,0324TO010,2024-03-07,1:30 PM,Other impacts,0,EL PASO,TX,68.0,2,Day,Cloudy,Yard,Single Car,2,251,0,512,M105,31.753367000000001,-106.38866400000001
UP,0623MA037,2023-06-28,10:55 AM,Derailment,0,MARSHALL,TX,85.0,2,Day,Cloudy,Main,Freight Train,5,707269,1192,708461,H503,32.553642000000004,-94.367373999999998
UP,0122HO026,2022-01-27,1:31 PM,Other impacts,0,HOUSTON,TX,57.0,2,Day,Clear,Yard,Single Car,5,11875,198,20349,M404,29.786151,-95.319258000000005
BNSF,RD0522125,2022-05-24,8:58 AM,Derailment,0,BROWNWOOD,TX,73.0,1,Dawn,Cloudy,Yard,Freight Train,9,16800,3750,20550,H503,31.716723000000002,-98.974738000000002
BB,2024CSX011,2024-01-14,4:00 AM,Obstruction,0,STAUNTON,VA,31.0,4,Dark,Clear,Main,,0,0,0,19258,M404,38.147109,-79.090714000000006
UP,0921HO025,2021-09-10,9:31 PM,Derailment,0,DAYTON,TX,77.0,4,Dark,Cloudy,Main,,0,0,3500,40515,H518,29.993758,-94.907240000000002
NS,139068,2020-09-04,7:40 AM,Hwy-rail crossing,0,WAVERLY,VA,82.0,1,Dawn,Clear,Main,Freight Train,59,1204,10000,11204,M303,37.029108999999998,-77.083155000000005
UP,0118UT024,2018-01-10,9:11 PM,Derailment,0,HELPER,UT,19.0,4,Dark,Clear,Main,Freight Train,3,184862,72610,257472,M101,39.717703999999998,-111.16040099999999
UP,1221GC016,2021-12-18,3:00 PM,Derailment,0,CORPUS CHRISTI,TX,66.0,2,Day,Cloudy,Yard,,0,0,11845,21543,H523,27.806135999999999,-97.405867999999998
BNSF,RD1023131,2023-10-24,5:45 PM,Derailment,0,HOUSTON,TX,80.0,3,Dusk,Clear,Yard,Light loco(s),6,600,13860,14460,H307,29.717616,-95.333507999999995
UP,0220HO028,2020-02-19,9:24 AM,Hwy-rail crossing,0,ROSENBERG,TX,58.0,2,Day,Cloudy,Main,Freight Train,38,792,62782,63574,M302,29.551873000000001,-95.888951000000006
UP,0915PD010,2015-09-21,4:49 PM,Fire/violent rupture,0,KALAMA,WA,62.0,2,Day,Clear,Yard,Yard/switching,2,13066,0,13066,E74L,45.994795000000003,-122.84102799999999
UP,0321SX004,2021-03-04,12:45 PM,Derailment,0,SAN ANTONIO,TX,69.0,2,Day,Clear,Yard,Maint./inspect Car,5,17183,99,17282,E27C,29.371628000000001,-98.560391999999993
UP,0224HO024,2024-02-18,10:00 AM,Other impacts,0,HOUSTON,TX,42.0,2,Day,Clear,Yard,Cut of cars,2,42691,0,87477,M408,29.815826000000001,-95.289237
UP,0917UT002,2017-09-10,11:45 PM,Other (describe in narrative),0,OGDEN,UT,70.0,4,Dark,Clear,Yard,Yard/switching,4,0,182891,182891,H702,41.199061,-111.986411
UTAH,UTA998622D,2022-02-05,10:30 AM,Derailment,0,PROVO,UT,40.0,2,Day,Cloudy,Yard,,0,0,200000,393518,H607,40.213191999999999,-111.639449
UP,0820HO006,2020-08-07,11:06 PM,Derailment,0,HOUSTON,TX,82.0,4,Dark,Cloudy,Yard,Yard/switching,6,31279,3454,34733,H607,29.769704000000001,-95.291933
UP,1221TO037,2021-12-27,7:50 PM,Derailment,0,KERENS,TX,68.0,3,Dusk,Cloudy,Main,Freight Train,10,198102,2256168,2454270,E61C,32.126773,-96.262272999999993
NS,157182,2024-06-27,4:47 AM,Other impacts,0,CREWE,VA,75.0,1,Dawn,Clear,Yard,Yard/switching,8,10700,12000,22700,M599,37.183717999999999,-78.137691000000004
UP,1219TO010,2019-12-06,10:20 PM,Other impacts,0,DALLAS,TX,52.0,4,Dark,Clear,Industry,Single Car,0,10263,0,126161,H302,32.75506,-96.778976
UP,1022SX010,2022-10-13,5:45 PM,Other impacts,0,SAN ANTONIO,TX,92.0,2,Day,Clear,Yard,Yard/switching,1,20461,233,21884,H022,29.380979,-98.553087000000005
UP,1221HO017,2021-12-13,11:01 AM,Other (describe in narrative),0,HOUSTON,TX,59.0,2,Day,Clear,Yard,Yard/switching,0,29373,0,29373,M411,29.796400999999999,-95.291405999999995
UP,1123TO014,2023-11-09,3:45 AM,Derailment,0,FORT WORTH,TX,68.0,4,Dark,Cloudy,Yard,Yard/switching,5,13677,124434,138111,S011,32.718913000000001,-97.386483999999996
UP,0118HO013,2018-01-13,11:08 AM,Other impacts,0,HOUSTON,TX,50.0,2,Day,Clear,Yard,Yard/switching,5,2733,99,53253,H607,29.809691999999998,-95.288720999999995
BNSF,RD0224205,2024-02-23,1:34 PM,Hwy-rail crossing,0,JOSHUA,TX,68.0,2,Day,Clear,Main,,0,0,20000,56061,M308,32.435870000000001,-97.388671000000002
BNSF,RD0621122,2021-06-28,4:55 AM,Derailment,0,CLEBURNE,TX,80.0,1,Dawn,Clear,Main,Freight Train,8,4753,44500,49253,H505,32.344650999999999,-97.380099000000001
UP,0718SA016,2018-07-07,6:00 AM,Fire/violent rupture,0,SAN ANTONIO,TX,78.0,1,Dawn,Cloudy,Main,Freight Train,0,34417,0,34417,E79L,29.348934,-98.581440000000001
UP,0819TO015,2019-08-09,7:04 PM,Fire/violent rupture,0,GRAND SALINE,TX,93.0,3,Dusk,Clear,Main,Freight Train,30,34771,99,34870,E73L,32.678556999999998,-95.775563000000005
UP,0423SX001,2023-04-03,7:05 PM,Derailment,0,VON ORMY,TX,92.0,3,Dusk,Clear,Yard,Freight Train,9,13064,14079,27143,H511,29.297270000000001,-98.635535000000004
UP,1021HO021,2021-10-24,3:55 AM,Other impacts,0,LA PORTE,TX,74.0,4,Dark,Cloudy,Yard,Freight Train,5,4271,0,350015,H306,29.675711,-95.039416000000003
UP,1020HO017,2020-10-22,2:12 AM,Derailment,0,HOUSTON,TX,73.0,4,Dark,Clear,Yard,Yard/switching,5,33892,5846,39738,H607,29.829063999999999,-95.28895
UP,0723TO004,2023-07-03,11:25 AM,Other impacts,0,FORT WORTH,TX,93.0,2,Day,Clear,Yard,Freight Train,5,195255,262510,533168,H020,32.718525999999997,-97.387411999999998
BNSF,NW0416106,2016-04-08,1:45 AM,Other impacts,0,SPOKANE,WA,45.0,4,Dark,Clear,Yard,Yard/switching,5,13850,0,24298,H318,47.673844000000003,-117.33343600000001
UP,1222MA014,2022-12-12,5:45 PM,Derailment,0,GILMER,TX,59.0,2,Day,Cloudy,Main,Freight Train,26,496674,897564,1394238,H503,32.697997999999998,-94.971108999999998
BNSF,RD0620121,2020-06-16,6:31 PM,Side collision,0,DAYTON,TX,90.0,3,Dusk,Clear,Yard,Yard/switching,4,5919,0,16957,H602,29.995315999999999,-94.907369000000003
UP,1018UT009,2018-10-06,7:52 PM,Derailment,0,OGDEN,UT,53.0,3,Dusk,Cloudy,Yard,Yard/switching,25,110797,3164,113961,E08C,41.202257000000003,-111.98588599999999
UP,1122HO013,2022-11-13,11:30 PM,Other impacts,0,LA PORTE,TX,55.0,4,Dark,Cloudy,Yard,Single Car,4,25314,0,61374,M411,29.682939999999999,-95.038606000000001
UP,0819GC044,2019-08-30,3:52 PM,Hwy-rail crossing,0,LIBERTY,TX,92.0,2,Day,Clear,Main,,0,0,3980,107906,M304,30.058309999999999,-94.995022000000006
NS,154761,2023-11-12,12:43 AM,Derailment,0,MONTVALE,VA,42.0,4,Dark,Clear,Main,Freight Train,19,28788,0,28788,E51C,37.454256999999998,-79.774491999999995
TMBL,01032017A,2017-01-03,8:55 AM,Hwy-rail crossing,0,TACOMA,WA,29.0,2,Day,Clear,Yard,Yard/switching,7,22743,0,22743,M304,47.261910999999998,-122.395961
UP,0923SX024,2023-09-26,3:40 PM,Other impacts,0,SAN ANTONIO,TX,93.0,2,Day,Clear,Yard,Freight Train,9,16593,0,19093,H306,29.381568000000001,-98.553359999999998
BNSF,KS1223121,2023-12-19,1:45 PM,Derailment,0,AMARILLO,TX,54.0,2,Day,Clear,Yard,,0,0,24968,37668,E67C,35.213202000000003,-101.80373400000001
UP,0821SX033,2021-08-29,2:30 PM,Hwy-rail crossing,0,LULING,TX,90.0,2,Day,Clear,Main,Freight Train,30,10038,25500,35538,M303,29.668821999999999,-97.563857999999996
UFRC,0606161,2016-06-06,1:15 PM,Hwy-rail crossing,0,PROVO,UT,95.0,2,Day,Clear,Main,Commuter Train - Pushing,69,35750,1000,36750,M302,40.152737000000002,-111.422212
UP,0420SX001,2020-04-01,10:22 AM,Derailment,0,SAN ANTONIO,TX,62.0,2,Day,Clear,Main,Freight Train,6,11494,102086,113580,M204,29.402525000000001,-98.450148999999996
NS,137843,2020-04-29,8:45 PM,Other impacts,0,NORFOLK,VA,69.0,4,Dark,Cloudy,Yard,Single Car,0,250,27364,29565,M411,36.871434000000001,-76.293488999999994
UP,0724HO024,2024-07-21,12:30 PM,Other impacts,0,HOUSTON,TX,95.0,2,Day,Cloudy,Yard,Single Car,2,0,0,88224,M411,29.814947,-95.288084999999995
UP,0722TO057,2022-07-21,4:00 AM,Other impacts,0,FORT WORTH,TX,88.0,1,Dawn,Clear,Yard,Yard/switching,2,4437,0,70232,M411,32.722287000000001,-97.379975999999999
NS,136510,2019-12-14,10:20 PM,Other (describe in narrative),0,NORFOLK,VA,40.0,4,Dark,Clear,Yard,Single Car,0,1947,141,12684,H306,36.871434000000001,-76.293488999999994
UP,0421TO013,2021-04-23,4:30 AM,Other impacts,0,FORT WORTH,TX,60.0,1,Dawn,Clear,Yard,Yard/switching,5,102721,630,211342,H301,32.717256999999996,-97.389480000000006
NS,157766,2024-08-18,1:05 AM,Other impacts,0,NORFOLK,VA,-1.0,4,Dark,Cloudy,Yard,Single Car,2,50,34050,35800,M411,36.871878000000002,-76.295016000000004
UP,0819RM032,2019-08-26,3:50 AM,Fire/violent rupture,0,TOOELE,UT,68.0,4,Dark,Clear,Main,Freight Train,0,36160,0,36160,E74L,40.577010000000001,-112.27800000000001
UP,0617UT001,2017-06-01,10:00 PM,Other impacts,0,PROVO,UT,50.0,4,Dark,Clear,Yard,Yard/switching,6,14418,1464,18382,H306,40.220094000000003,-111.646006
BNSF,RD0119101,2019-01-02,6:30 PM,Derailment,0,DAYTON,TX,50.0,3,Dusk,Rain,Yard,Yard/switching,3,9204,4500,13704,H306,29.994781,-94.910250000000005
UP,0921HO004,2021-09-04,11:30 AM,Other impacts,0,LA PORTE,TX,89.0,2,Day,Clear,Yard,Single Car,3,12454,0,19784,M411,29.683637999999998,-95.038897000000006
UP,0320SX017,2020-03-13,5:11 PM,Hwy-rail crossing,0,SAN MARCOS,TX,83.0,2,Day,Clear,Main,Freight Train,46,0,20260,20260,M302,29.858794,-97.957794000000007
NS,119835,2016-03-23,12:55 AM,Rear end collision,0,TROUTVILLE,VA,49.0,4,Dark,Cloudy,Main,Freight Train,0,51727,0,52287,H222,37.444426,-79.806275999999997
BNSF,RD0122126,2022-01-24,11:45 AM,Other impacts,0,HOUSTON,TX,54.0,2,Day,Cloudy,Yard,Yard/switching,7,55904,0,55904,H318,29.634893999999999,-95.308355000000006
BNSF,KS0719113,2019-07-30,5:20 AM,Side collision,0,AMARILLO,TX,78.0,1,Dawn,Clear,Yard,Yard/switching,3,139389,0,172866,H307,35.201185000000002,-101.828452
TSWS,20230201,2023-02-01,3:50 AM,Derailment,0,VON ORMY,TX,37.0,4,Dark,Rain,Yard,Light loco(s),6,1000,25000,26000,H702,29.303211000000001,-98.637676999999996
FWWR,20021402,2020-02-14,8:10 PM,Side collision,0,FORT WORTH,TX,41.0,4,Dark,Clear,Main,Cut of cars,0,0,0,43118,H306,32.761111,-97.347222000000002
UP,0718SA005,2018-07-08,3:21 AM,Derailment,0,SAN ANTONIO,TX,72.0,4,Dark,Clear,Siding,Freight Train,2,14778,15198,29976,H702,29.592499,-98.587886999999995
UP,1018UT023,2018-10-19,2:11 AM,Derailment,0,SALT LAKE CITY,UT,40.0,4,Dark,Clear,Yard,Freight Train,5,53605,3230,56835,H303,40.78416,-111.906244
UP,1018LV029,2018-10-29,1:45 AM,Derailment,0,BEAUMONT,TX,78.0,4,Dark,Fog,Industry,Freight Train,3,36873,3075,39948,H303,29.96536,-94.049297999999993
ATK,174433,2023-04-18,4:10 PM,Hwy-rail crossing,0,MC GREGOR,TX,74.0,2,Day,Clear,Main,Passenger Train - Pulling,71,37369,0,37369,M302,31.388065000000001,-97.381804000000002
BNSF,RD0124102,2024-01-04,9:45 PM,Other impacts,0,DAYTON,TX,55.0,4,Dark,Clear,Main,Yard/switching,8,7000,0,12484,H607,30.015353999999999,-94.901510999999999
KCS,19040901,2019-04-09,3:35 PM,Hwy-rail crossing,0,BEAUMONT,TX,88.0,2,Day,Clear,Main,Freight Train,35,63,15302,15365,M302,30.105405999999999,-94.048525999999995
BNSF,RD1118124,2018-11-15,2:30 AM,Head on collision,0,DAYTON,TX,34.0,4,Dark,Clear,Yard,Yard/switching,0,500,0,15600,H306,30.012916000000001,-94.902390999999994
UP,1123RM024,2023-11-19,7:15 PM,Derailment,0,SALT LAKE CITY,UT,50.0,3,Dusk,Rain,Yard,Yard/switching,3,25654,7094,32748,H702,40.710562000000003,-111.91056500000001
UP,0119ES039,2019-01-17,12:30 PM,Hwy-rail crossing,0,VICTORIA,TX,65.0,2,Day,Cloudy,Main,Spec. MoW Equip.,15,14809,99,14908,M308,28.767954,-96.948387999999994
BNSF,RD0622111,2022-06-12,8:35 PM,Derailment,0,TOMBALL,TX,85.0,3,Dusk,Clear,Siding,Freight Train,6,72406,70000,142406,E64C,30.036808000000001,-95.578581999999997
UP,0121GC019,2021-01-22,11:04 PM,Side collision,0,LOLITA,TX,65.0,4,Dark,Cloudy,Main,Yard/switching,9,795,650858,810544,H607,28.843928999999999,-96.508949999999999
UP,0524ES019,2024-05-10,12:10 PM,Obstruction,0,BRACKETTVILLE,TX,85.0,2,Day,Cloudy,Main,Spec. MoW Equip.,15,5000,0,18000,H999,29.281223000000001,-100.58834
CBCX,101816,2016-10-18,1:00 PM,Other impacts,0,VANCOUVER,WA,57.0,2,Day,Cloudy,Yard,Yard/switching,7,65000,0,65000,H318,45.617660000000001,-122.6429
BNSF,PR1214117,2014-12-27,4:42 AM,Derailment,0,GUY,TX,44.0,1,Dawn,Cloudy,Main,Freight Train,4,50000,0,50000,M101,36.214959,-102.762732
BNSF,KS1019204,2019-10-19,12:56 PM,Hwy-rail crossing,0,BOVINA,TX,63.0,2,Day,Clear,Main,Freight Train,68,1800,22000,23800,M308,34.523642000000002,-102.886566
UP,1022GC013,2022-10-15,7:00 PM,Other impacts,0,BEAUMONT,TX,77.0,3,Dusk,Clear,Yard,Freight Train,3,323,0,33666,M411,30.072277,-94.152901999999997
BNSF,RD1120112,2020-11-16,9:50 PM,Derailment,0,CLEBURNE,TX,55.0,4,Dark,Clear,Yard,Freight Train,8,117067,396929,544458,H504,32.351750000000003,-97.382456000000005
BNSF,RD0523110,2023-05-13,11:53 PM,Derailment,0,DOBBIN,TX,72.0,4,Dark,Rain,Main,Freight Train,37,1658378,1049003,2707381,M103,30.474093,-95.795373999999995
UP,0419TO020,2019-04-11,1:45 PM,Fire/violent rupture,0,MESQUITE,TX,63.0,2,Day,Clear,Main,Freight Train,9,16574,0,16574,E74L,32.773426999999998,-96.627764999999997
UP,0223SX005,2023-02-10,6:10 AM,Derailment,0,SAN ANTONIO,TX,50.0,1,Dawn,Cloudy,Yard,Yard/switching,10,73108,263156,336264,M409,29.467549999999999,-98.393720999999999
UP,0119GC031,2019-01-04,1:10 AM,Other impacts,0,HOUSTON,TX,41.0,4,Dark,Clear,Yard,Yard/switching,7,27644,1656,37649,H307,29.790761,-95.305566999999996
UP,0217UT010,2017-02-13,11:45 PM,Derailment,0,RIVERDALE,UT,26.0,4,Dark,Clear,Yard,Yard/switching,5,8159,30385,38544,H524,41.184654999999999,-111.990043
UP,0223HO007,2023-02-04,9:22 PM,Other impacts,0,HOUSTON,TX,53.0,4,Dark,Clear,Yard,Single Car,10,0,0,13277,S007,29.796081000000001,-95.291556
UP,1220TO026,2020-12-21,11:36 PM,Other impacts,0,FORT WORTH,TX,55.0,4,Dark,Cloudy,Yard,Yard/switching,2,6842,0,12039,H307,32.718026000000002,-97.389014000000003
UP,0423HO007,2023-04-05,5:07 PM,Obstruction,0,HOUSTON,TX,63.0,2,Day,Cloudy,Yard,Freight Train,5,17340,25715,43055,M409,29.816371,-95.287553000000003
UP,1022SX021,2022-10-23,9:05 AM,Other impacts,0,SAN ANTONIO,TX,68.0,2,Day,Clear,Yard,Yard/switching,4,69559,66,69895,H302,29.379064,-98.555440000000004
NS,151769,2022-12-20,10:35 AM,Hwy-rail crossing,0,ELLISTON,VA,34.0,2,Day,Clear,Main,Freight Train,38,25000,7500,32500,M303,37.234879999999997,-80.238574999999997
UP,0223RM006,2023-02-05,7:43 AM,Derailment,0,OGDEN,UT,30.0,2,Day,Cloudy,Yard,Freight Train,3,266240,34611,300851,H306,41.213315999999999,-111.983614
NS,154406,2023-10-04,9:10 AM,Derailment,0,COEBURN,VA,62.0,2,Day,Clear,Main,Spec. MoW Equip.,10,20000,0,20000,M599,36.946055999999999,-82.409816000000006
UP,1216ST013,2016-12-26,3:50 AM,Derailment,0,EL PASO,TX,36.0,4,Dark,Clear,Yard,Freight Train,4,14760,250,15010,H307,31.762909000000001,-106.39994299999999
UP,0821HO037,2021-08-25,7:10 PM,Derailment,0,DAYTON,TX,90.0,3,Dusk,Clear,Yard,Light loco(s),0,9347,0,13985,H306,30.016041999999999,-94.901166000000003
UP,0822SX025,2022-08-30,6:00 PM,Other impacts,0,SAN ANTONIO,TX,80.0,3,Dusk,Rain,Yard,Cut of cars,4,29811,0,37476,H018,29.435089000000001,-98.448254000000006
UP,0218HO032,2018-02-21,8:00 AM,Other (describe in narrative),0,HOUSTON,TX,68.0,2,Day,Cloudy,Yard,Single Car,0,412,0,20342,M201,29.813514000000001,-95.288010999999997
UP,0122SX001,2022-01-03,5:30 PM,Derailment,0,SAN ANTONIO,TX,55.0,2,Day,Clear,Yard,Yard/switching,10,32722,55101,87823,H707,29.372437999999999,-98.560650999999993
UP,1217UT032,2017-12-22,12:00 PM,Derailment,0,SALT LAKE CITY,UT,40.0,2,Day,Clear,Yard,Yard/switching,5,12202,3300,15502,H312,40.788688,-111.909239
UP,0818HO036,2018-08-13,11:40 AM,Derailment,0,SUGAR LAND,TX,97.0,2,Day,Clear,Main,,0,0,426137,433683,E03C,29.622205000000001,-95.625660999999994
UP,0224SX016,2024-02-20,4:10 AM,Derailment,0,EAGLE PASS,TX,54.0,1,Dawn,Clear,Yard,Freight Train,5,60451,23950,84401,H524,28.780100000000001,-100.47094800000001
UP,0724HO005,2024-07-03,3:00 PM,Other impacts,0,HOUSTON,TX,93.0,2,Day,Clear,Yard,Yard/switching,16,625,2160,51733,M407,29.796146,-95.294672000000006
UP,0722TO051,2022-07-25,1:24 PM,Other impacts,0,FORT WORTH,TX,98.0,2,Day,Clear,Yard,Single Car,3,15391,2280,19521,M407,32.721055999999997,-97.381202999999999
BNSF,NW1115118,2015-11-17,3:42 PM,Obstruction,0,TACOMA,WA,40.0,2,Day,Clear,Main,,0,0,0,30629,M404,47.235979999999998,-122.395747
DCTA,DCTA00006F,2023-12-05,1:00 AM,Other (describe in narrative),0,LEWISVILLE,TX,53.0,4,Dark,Clear,Main,,0,0,18377,18877,E99L,33.05424,-96.992519999999999
BNSF,RD0819105,2019-08-05,1:50 AM,Derailment,0,SAGINAW,TX,80.0,4,Dark,Clear,Yard,Single Car,0,216,0,203918,H504,32.831308,-97.357787999999999
UP,0223HO037,2023-02-28,7:50 PM,Other (describe in narrative),0,HOUSTON,TX,76.0,3,Dusk,Clear,Yard,Yard/switching,3,108392,0,108392,M411,29.794618,-95.294741000000002
UP,0621SX029,2021-06-25,10:00 AM,Derailment,0,SAN ANTONIO,TX,83.0,2,Day,Cloudy,Yard,Yard/switching,5,142407,137449,279856,E7AL,29.434401999999999,-98.469616000000002
UP,0424TO020,2024-04-19,6:45 PM,Other impacts,0,MIDLAND,TX,64.0,3,Dusk,Cloudy,Yard,Freight Train,4,11798,3850,16573,H302,31.955562,-102.151687
NECR,NEC322223O,2023-02-06,9:04 PM,Derailment,0,SAINT ALBANS,VT,11.0,4,Dark,Cloudy,Yard,,0,0,0,34536,M101,44.823419000000001,-73.106341999999998
BNSF,RD0919203,2019-09-13,12:10 PM,Hwy-rail crossing,0,SOMERVILLE,TX,97.0,2,Day,Clear,Main,Freight Train,49,11748,2700,14448,M308,30.363939999999999,-96.543182000000002
BNSF,RD0618121,2018-06-27,10:48 AM,Side collision,0,JUSTIN,TX,92.0,2,Day,Clear,Yard,Yard/switching,4,39205,375000,482768,H318,33.006117000000003,-97.354785000000007