reportingrailroadcode,accidentnumber,date,time,accidenttype,hazmatreleasedcars,station,stateabbr,temperature,visibility_code,visibility,weathercondition,tracktype,equipmenttype,trainspeed,equipmentdamagecost,trackdamagecost,totaldamagecost,primaryaccidentcausecode,latitude,longitude
UP,0818UT010,2018-08-08,4:55 PM,Derailment,0,OGDEN,UT,90.0,2,Day,Clear,Yard,Freight Train,5,4158,46265,50423,H702,41.204853999999997,-111.984745
BNSF,RD0324110,2024-03-09,1:12 PM,Other (describe in narrative),0,TEAGUE,TX,72.0,2,Day,Clear,Yard,Freight Train,0,13493,0,14447,H307,31.647887999999998,-96.296330999999995
BNSF,RD1219105,2019-12-07,1:14 PM,Derailment,0,TEMPLE,TX,70.0,2,Day,Clear,Yard,Single Car,5,37025,1500,38525,E0HC,31.077501999999999,-97.332893999999996
NS,131434,2018-10-25,7:54 PM,Hwy-rail crossing,0,SUFFOLK,VA,46.0,3,Dusk,Clear,Main,,0,0,28175,34519,M308,36.727142999999998,-76.579374000000001
NS,142541,2021-08-15,6:40 PM,Derailment,0,CRIMORA,VA,74.0,3,Dusk,Cloudy,Main,Freight Train,35,82512,244982,327494,T221,38.200957000000002,-78.839419000000007
UP,1023RM025,2023-10-31,1:45 AM,Other impacts,0,SOUTH SALT LAKE,UT,31.0,4,Dark,Clear,Yard,Cut of cars,3,18064,0,57826,H312,40.709045000000003,-111.91056399999999
UP,0221RM032,2021-02-25,4:02 PM,Derailment,0,OGDEN,UT,37.0,2,Day,Cloudy,Yard,Yard/switching,10,145066,23395,168461,M405,41.227697999999997,-111.985944
WATX,240622001,2024-06-22,8:00 AM,Other impacts,0,HOUSTON,TX,85.0,2,Day,Clear,Industry,Light loco(s),4,10000,0,53065,H607,29.699549999999999,-95.252089999999995
ATK,176568,2023-10-01,8:21 PM,Hwy-rail crossing,0,STAFFORD,VA,67.0,4,Dark,Clear,Main,Commuter Train - Pulling,67,15098,0,15214,M308,38.438327999999998,-77.338245000000001
UP,0722HO014,2022-07-18,9:40 AM,Derailment,0,HOUSTON,TX,84.0,2,Day,Clear,Yard,Single Car,0,51980,216,104967,M404,29.793852000000001,-95.294324000000003
NS,134237,2019-06-07,10:45 AM,Derailment,0,SHAWSVILLE,VA,67.0,2,Day,Rain,Main,Freight Train,12,103599,23563,127162,H599,37.173091999999997,-80.262947999999994
ATK,140062,2015-11-17,3:42 PM,Obstruction,0,TACOMA,WA,40.0,2,Day,Clear,Main,Passenger Train - Pulling,69,30629,0,30629,M404,47.235979999999998,-122.395747
UP,1023SX018,2023-10-16,3:50 AM,Other impacts,0,SAN ANTONIO,TX,59.0,4,Dark,Clear,Yard,Freight Train,0,7496,0,14853,H702,29.361262,-98.569681000000003
UP,0119TO012,2019-01-09,9:26 AM,Obstruction,0,AUBREY,TX,52.0,2,Day,Clear,Main,Freight Train,28,78493,217818,296311,M404,33.296422,-96.988910000000004
BNSF,RD0324111,2024-03-11,12:25 AM,Derailment,0,FORT WORTH,TX,60.0,4,Dark,Clear,Main,Yard/switching,4,135871,138013,273884,H702,32.812351999999997,-97.321089999999998
CSX,000153804,2015-10-30,7:24 PM,Side collision,0,COVINGTON,VA,43.0,4,Dark,Clear,Yard,Cut of cars,7,14672,0,219470,H306,37.786656000000001,-79.992131999999998
UP,1022GC013,2022-10-15,7:00 PM,Other impacts,0,BEAUMONT,TX,77.0,3,Dusk,Clear,Yard,Single Car,5,33343,0,33666,M411,30.072277,-94.152901999999997
UP,0522RM022,2022-05-22,8:00 AM,Derailment,0,MIDVALE,UT,45.0,2,Day,Cloudy,Siding,Freight Train,2,67502,40290,107792,H503,40.611302999999999,-111.906671
UP,0817UT004,2017-08-06,2:30 AM,Other impacts,0,SALT LAKE CITY,UT,90.0,4,Dark,Clear,Yard,Yard/switching,4,4141,1600,12301,H312,40.71443,-111.908441
RLAX,102323,2023-10-23,11:50 PM,Derailment,0,BAYTOWN,TX,54.0,4,Dark,Clear,Yard,Yard/switching,2,11500,0,11500,H602,29.776128,-94.892238000000006
BNSF,NW0218103,2018-02-07,12:30 AM,Derailment,0,PASCO,WA,48.0,4,Dark,Cloudy,Yard,Yard/switching,5,24740,15000,39740,M101,46.267710000000001,-119.09674
UP,1123TO018,2023-11-10,3:45 AM,Other impacts,0,FORT WORTH,TX,52.0,4,Dark,Rain,Yard,Yard/switching,0,51796,0,53316,S007,32.724981,-97.372579000000002
UP,0821HO007,2021-08-07,11:50 PM,Hwy-rail crossing,0,HOUSTON,TX,83.0,4,Dark,Cloudy,Main,Freight Train,14,120,18200,18320,M308,29.783456999999999,-95.348729000000006
BNSF,RD1023101,2023-10-01,2:26 AM,Other impacts,0,POST,TX,79.0,4,Dark,Clear,Main,Yard/switching,5,545426,1000178,2513736,H310,33.285502999999999,-101.479555
UP,0323SX004,2023-03-05,10:30 PM,Other impacts,0,SAN ANTONIO,TX,67.0,4,Dark,Clear,Yard,Single Car,0,39351,0,50838,H602,29.375917999999999,-98.556650000000005
BNSF,RD0217109,2017-02-14,3:59 AM,Derailment,0,DAYTON,TX,65.0,4,Dark,Cloudy,Yard,Freight Train,9,8890,4500,13390,H019,30.012222000000001,-94.903109000000001
UP,0623SX004,2023-06-06,6:20 PM,Derailment,0,UVALDE,TX,89.0,3,Dusk,Clear,Industry,Yard/switching,5,12272,0,12272,M501,29.239751999999999,-99.834147999999999
BNSF,NW0115102,2015-01-10,9:50 AM,Rear end collision,0,RICHMOND BEACH,WA,46.0,2,Day,Cloudy,Main,Maint./inspect Car,5,35000,0,36000,H402,47.730865999999999,-122.373347
UP,0423TO014,2023-04-07,5:22 PM,Other impacts,0,FORT WORTH,TX,61.0,2,Day,Clear,Yard,Yard/switching,8,965,40900,42269,M411,32.730167999999999,-97.363121000000007
CSX,000218422,2024-05-30,11:55 PM,Other impacts,0,CLIFTON FORGE,VA,49.0,4,Dark,Clear,Yard,Cut of cars,4,49000,0,52000,H309,37.811388000000001,-79.835301000000001
NS,131653,2018-11-13,1:44 PM,Derailment,1,PETERSBURG,VA,52.0,2,Day,Cloudy,Main,Freight Train,56,1431375,1780310,3211685,E71L,37.188063,-77.441807999999995
UP,0918LV002,2018-09-04,10:28 PM,Other impacts,0,BEAUMONT,TX,84.0,4,Dark,Cloudy,Yard,Cut of cars,2,11546,0,11761,M411,30.072281,-94.150844000000006
DGNO,TNE921822,2022-02-22,5:27 PM,Derailment,0,DENISON,TX,42.0,2,Day,Clear,Yard,Freight Train,10,417033,141547,558580,T220,33.758132000000003,-96.559804
UP,0221SX021,2021-02-21,9:03 AM,Derailment,0,VON ORMY,TX,63.0,2,Day,Clear,Main,,0,0,5312,114482,H318,29.325472999999999,-98.632150999999993
UP,0418FW020,2018-04-14,2:42 PM,Hwy-rail crossing,0,MONAHANS,TX,72.0,2,Day,Clear,Main,Freight Train,67,65763,19768,85531,M304,31.588462,-102.91727400000001
UP,0619GC010,2019-06-09,1:44 PM,Derailment,0,HOUSTON,TX,97.0,2,Day,Clear,Yard,Yard/switching,4,15385,99,15484,H703,29.793572000000001,-95.294174999999996
UP,0322HO002,2022-03-02,2:04 AM,Derailment,0,HOUSTON,TX,55.0,4,Dark,Cloudy,Yard,Yard/switching,5,2242,16170,18412,H702,29.771273999999998,-95.291148000000007
NS,151195,2022-10-18,3:30 AM,Derailment,0,NORFOLK,VA,56.0,4,Dark,Cloudy,Yard,Freight Train,5,129736,6447,136183,H702,36.873607999999997,-76.301107999999999
BNSF,RD1120111,2020-11-16,5:35 PM,Derailment,0,VON ORMY,TX,68.0,3,Dusk,Clear,Yard,Freight Train,2,94890,0,94890,H318,29.325184,-98.633667000000003
UP,1221TO020,2021-12-14,10:35 AM,Other impacts,0,DALLAS,TX,62.0,2,Day,Fog,Yard,Cut of cars,2,9792,0,75457,H020,32.714821000000001,-96.750628000000006
BNSF,RD0521115,2021-05-15,3:00 AM,Side collision,0,HOUSTON,TX,85.0,4,Dark,Clear,Yard,Freight Train,0,33750,0,79800,H307,29.760881999999999,-95.293434000000005
NS,137790,2020-04-22,7:15 PM,Derailment,0,ROANOKE,VA,70.0,3,Dusk,Clear,Yard,Yard/switching,5,10525,2295,12820,H504,37.277023999999997,-79.965102000000002
UP,1223TO017,2023-12-17,9:51 AM,Hwy-rail crossing,0,ALEDO,TX,60.0,2,Day,Clear,Main,Freight Train,48,829588,222214,1051802,M303,32.718304000000003,-97.673586
UP,0722TO044,2022-07-20,6:51 PM,Derailment,0,DALLAS,TX,107.0,3,Dusk,Clear,Main,Freight Train,9,0,21550,36550,M404,32.771906000000001,-96.804213000000004
UP,0623HO013,2023-06-10,2:45 AM,Derailment,0,DAYTON,TX,77.0,4,Dark,Clear,Siding,Freight Train,5,19601,4640,24241,H702,29.928062000000001,-94.914827000000002
BNSF,RD0519106,2019-05-04,5:01 PM,Side collision,0,DAYTON,TX,62.0,3,Dusk,Clear,Yard,Yard/switching,8,20750,0,41295,H318,29.994236000000001,-94.907495999999995
UP,0420TO004,2020-04-03,12:25 AM,Other impacts,0,BIG SPRING,TX,64.0,4,Dark,Clear,Yard,Yard/switching,10,85224,2443,114754,H018,32.25759,-101.47208999999999
BNSF,KS0820115,2020-08-29,8:46 PM,Obstruction,0,AMARILLO,TX,64.0,3,Dusk,Rain,Main,Cut of cars,0,260806,0,262306,M105,35.226756999999999,-101.738966
UP,0220SX017,2020-02-21,5:30 AM,Derailment,0,SPOFFORD,TX,42.0,1,Dawn,Cloudy,Main,Freight Train,29,33646,416912,450558,E61C,29.151958,-100.381929
BNSF,KS1221107,2021-12-07,7:46 AM,Derailment,0,AMARILLO,TX,40.0,1,Dawn,Clear,Yard,Yard/switching,4,6070,26000,32070,E07C,35.212026999999999,-101.82108700000001
UP,0421TO012,2021-04-21,9:16 PM,Derailment,0,FORT WORTH,TX,59.0,4,Dark,Cloudy,Yard,Freight Train,5,23453,35695,59148,H518,32.729756999999999,-97.364621
UP,0720HO006,2020-07-11,10:50 AM,Derailment,0,BAYTOWN,TX,87.0,2,Day,Clear,Yard,Yard/switching,6,20213,8700,28913,H607,29.762173000000001,-94.895961999999997
TRE,20016,2021-05-17,5:20 PM,Hwy-rail crossing,0,IRVING,TX,79.0,2,Day,Clear,Main,Commuter Train - Pulling,54,14000,10000,24000,M303,32.81521,-96.959800000000001
BNSF,RD0222118,2022-02-22,1:05 AM,Head on collision,0,DAYTON,TX,73.0,4,Dark,Clear,Yard,Yard/switching,8,300000,0,350000,H607,30.013432999999999,-94.902589000000006
UP,0618FW034,2018-06-05,9:00 AM,Other (describe in narrative),0,BELLMEAD,TX,80.0,2,Day,Clear,Yard,Freight Train,0,47638,0,47638,H312,31.578821999999999,-97.102968000000004
UP,0323TO008,2023-03-04,5:25 PM,Other impacts,0,FORT WORTH,TX,74.0,2,Day,Clear,Yard,Single Car,0,7848,0,146922,S016,32.721663999999997,-97.381893000000005
UP,0624HO017,2024-06-13,11:00 AM,Other impacts,0,HOUSTON,TX,87.0,2,Day,Cloudy,Yard,Yard/switching,2,45627,0,45627,M411,29.825165999999999,-95.288278000000005
BNSF,KS0824126,2024-08-30,2:58 AM,Derailment,0,AMARILLO,TX,60.0,4,Dark,Rain,Yard,Yard/switching,5,20826,3500,24326,H303,35.212696999999999,-101.830195
UP,0620ES060,2020-06-25,1:30 PM,Obstruction,0,HOUSTON,TX,77.0,2,Day,Clear,Main,Spec. MoW Equip.,8,14424,0,14424,H993,29.768654000000002,-95.344739000000004
UP,1119TO009,2019-11-11,10:43 PM,Derailment,0,TYLER,TX,34.0,4,Dark,Clear,Industry,Freight Train,5,21827,7179,29006,M101,32.321378000000003,-95.381063999999995
BNSF,RD0923125,2023-09-15,12:38 AM,Derailment,0,HOUSTON,TX,82.0,4,Dark,Rain,Yard,Freight Train,8,128939,4090,133029,H307,29.91385,-95.508364
UP,0722TO040,2022-07-18,11:15 PM,Obstruction,0,GRAND PRAIRIE,TX,95.0,4,Dark,Clear,Yard,Freight Train,7,0,18000,18000,M404,32.779328,-97.054299
UP,0519RM017,2019-05-17,3:50 AM,Derailment,0,OGDEN,UT,46.0,4,Dark,Cloudy,Yard,Yard/switching,4,4424,13876,18300,H702,41.212578999999998,-111.983824
UP,1222RM021,2022-12-20,10:05 AM,Other impacts,0,OGDEN,UT,26.0,2,Day,Cloudy,Main,Freight Train,5,286408,0,299666,E04L,41.233449999999998,-111.98780499999999
UP,0323ES054,2023-03-25,2:40 PM,Obstruction,0,SALT LAKE CITY,UT,33.0,2,Day,Clear,Main,Spec. MoW Equip.,6,9000,0,14000,H995,40.709375000000001,-111.90742299999999
KCS,21072002,2021-07-20,8:55 AM,Derailment,0,LAREDO,TX,90.0,2,Day,Clear,Yard,Yard/switching,2,24746,3385,28131,H607,27.499015,-99.392066
BNSF,KS0219104,2019-02-10,9:00 PM,Derailment,0,AMARILLO,TX,50.0,4,Dark,Clear,Yard,Yard/switching,5,17975,0,17975,H307,35.212178999999999,-101.82105199999999
NS,138157,2020-06-06,1:25 AM,Other (describe in narrative),0,SALEM,VA,70.0,4,Dark,Clear,Yard,Yard/switching,7,69387,32338,101725,H306,37.270744000000001,-80.023724999999999
UP,1222TO009,2022-12-06,2:48 AM,Other impacts,0,BELLMEAD,TX,63.0,4,Dark,Clear,Yard,Cut of cars,5,0,0,32328,H601,31.584485000000001,-97.098113999999995
CWA,17122801,2017-12-28,10:30 AM,Derailment,0,YAKIMA,WA,28.0,2,Day,Cloudy,Yard,Yard/switching,5,10805,0,10805,E04C,46.582081000000002,-120.50052700000001
CSX,000208980,2022-12-21,9:11 PM,Fire/violent rupture,0,HAYSI,VA,25.0,4,Dark,Cloudy,Main,Freight Train,20,30237,0,30237,E74L,37.205886,-82.297492000000005
BNSF,NW0724111,2024-07-13,10:50 PM,Derailment,0,KENT,WA,75.0,4,Dark,Clear,Yard,Freight Train,4,24299,6712,31011,H523,47.435071999999998,-122.240084
BNSF,KS0322202,2022-03-03,11:06 AM,Hwy-rail crossing,0,PAMPA,TX,65.0,2,Day,Clear,Main,Freight Train,60,5600,20927,26527,M308,35.501296000000004,-101.032371
UP,0818UT046,2018-08-29,9:20 PM,Fire/violent rupture,0,RIVERDALE,UT,78.0,4,Dark,Clear,Main,Freight Train,0,135285,0,135285,E99L,41.184607,-111.989741
TRE,18009,2018-11-21,5:30 AM,Hwy-rail crossing,0,FORT WORTH,TX,34.0,4,Dark,Fog,Main,Commuter Train - Pulling,77,1544670,30000,1574670,M302,32.81082,-97.090497999999997
UP,0724HO005,2024-07-03,3:00 PM,Other impacts,0,HOUSTON,TX,93.0,2,Day,Clear,Yard,Cut of cars,0,48948,0,51733,M407,29.796146,-95.294672000000006
UP,0524TO026,2024-05-22,2:45 AM,Derailment,0,FORT WORTH,TX,78.0,4,Dark,Cloudy,Main,Freight Train,11,423247,72207,495454,H518,32.743527999999998,-97.321507999999994
DGNO,DGN476219,2019-09-04,7:00 PM,Derailment,0,SHERMAN,TX,95.0,2,Day,Clear,Yard,Freight Train,0,250000,16000,266000,T220,33.566819000000002,-96.596635000000006
UP,0621HO031,2021-06-26,4:30 AM,Other impacts,0,BAYTOWN,TX,82.0,1,Dawn,Fog,Industry,Freight Train,10,183808,0,188372,H008,29.776367,-94.898933
BNSF,GC0316105,2016-03-04,6:00 PM,Derailment,0,SWEETWATER,TX,60.0,3,Dusk,Clear,Yard,Freight Train,10,36370,2600,38970,H307,32.509123000000002,-100.402889
CWA,17041401,2017-04-14,11:00 AM,Raking collision,0,SUNNYSIDE,WA,58.0,2,Day,Clear,Industry,Yard/switching,5,31659,0,31659,H018,46.301625000000001,-120.015331
UP,0223HO021,2023-02-18,1:42 AM,Other impacts,0,HOUSTON,TX,40.0,4,Dark,Clear,Yard,Yard/switching,10,25022,0,25022,S007,29.796903,-95.291988000000003
UP,0721TO006,2021-07-04,10:30 PM,Obstruction,0,MIDLOTHIAN,TX,75.0,4,Dark,Cloudy,Industry,Yard/switching,7,15524,0,15524,M404,32.518639999999998,-97.010243000000003
UP,0521RM019,2021-05-22,8:38 PM,Derailment,0,THOMPSON,UT,61.0,4,Dark,Cloudy,Siding,Freight Train,5,27808,21285,49093,H522,38.672587999999998,-109.692027
UTAH,UTA097922R,2022-05-29,10:00 PM,Obstruction,0,PRICE,UT,45.0,4,Dark,Cloudy,Industry,Freight Train,3,68000,0,96334,E86C,39.596471999999999,-110.76859899999999
UP,0624SX023,2024-06-17,5:43 AM,Derailment,0,BRACKETTVILLE,TX,81.0,1,Dawn,Clear,Yard,Yard/switching,6,18602,1830,20432,H505,29.135878999999999,-100.400282
UP,0618SA028,2018-06-27,8:00 PM,Derailment,0,LAREDO,TX,100.0,2,Day,Clear,Yard,Yard/switching,4,33796,213072,246868,E40C,27.674084000000001,-99.467698999999996
UP,0822TO024,2022-08-23,2:30 PM,Derailment,0,ENNIS,TX,79.0,2,Day,Cloudy,Yard,Yard/switching,9,1055,30602,31657,H702,32.335957000000001,-96.632248000000004
UTAX,6142023,2023-06-14,1:40 PM,Hwy-rail crossing,0,SALT LAKE CITY,UT,76.0,2,Day,Cloudy,Main,EMU,50,50000,50000,100000,M302,40.733510000000003,-111.896824
UP,0719ES088,2019-07-30,1:30 PM,Obstruction,0,WILLARD,UT,88.0,2,Day,Clear,Main,Spec. MoW Equip.,5,11857,0,11857,H995,41.299230000000001,-113.482384
NS,136713,2020-01-02,10:30 PM,Other (describe in narrative),0,NORFOLK,VA,35.0,4,Dark,Clear,Yard,Cut of cars,2,72517,0,72517,M599,36.840938000000001,-76.275176000000002
PTRA,PTRA00014F,2023-02-27,5:25 PM,Other (describe in narrative),0,HOUSTON,TX,80.0,2,Day,Clear,Yard,Yard/switching,8,16700,0,16700,H601,29.715166,-95.262867999999997
UP,0922TO027,2022-09-30,6:55 AM,Hwy-rail crossing,0,PECOS,TX,59.0,1,Dawn,Clear,Main,Freight Train,60,19938,21943,41881,M302,31.44313,-103.445948
UTAX,05112021,2021-05-11,5:12 PM,Fire/violent rupture,0,SOUTH SALT LAKE,UT,58.0,2,Day,Clear,Main,EMU,0,50000,0,50000,E53C,40.724204,-111.896832
BNSF,RD0618121,2018-06-27,10:48 AM,Side collision,0,JUSTIN,TX,92.0,2,Day,Clear,Yard,Yard/switching,6,68563,0,482768,H318,33.006117000000003,-97.354785000000007
UP,0123HO038,2023-01-27,5:06 PM,Other (describe in narrative),0,LA PORTE,TX,55.0,2,Day,Cloudy,Yard,Freight Train,4,35604,0,35604,M501,29.684964000000001,-95.039683999999994
BNSF,KS1218115,2018-12-15,1:00 AM,Other (describe in narrative),0,AMARILLO,TX,30.0,4,Dark,Clear,Yard,Yard/switching,10,0,27828,27828,M409,35.201735999999997,-101.828231
AWRR,220408005,2022-04-08,4:35 AM,Derailment,0,MANOR,TX,80.0,1,Dawn,Clear,Main,Freight Train,10,154000,65000,219000,T222,30.343268999999999,-97.548468999999997
NS,128133,2018-01-15,8:25 AM,Derailment,0,EGGLESTON,VA,35.0,2,Day,Clear,Main,Freight Train,25,88338,32033,120371,E06C,37.275157,-80.612330999999998
UP,0622SX027,2022-06-27,7:00 AM,Other (describe in narrative),0,SAN ANTONIO,TX,76.0,2,Day,Clear,Yard,Single Car,0,12020,66,12086,H312,29.434853,-98.462997999999999
UP,0522HO027,2022-05-23,9:49 AM,Derailment,0,HOUSTON,TX,73.0,2,Day,Cloudy,Yard,Yard/switching,1,42540,129500,172040,H305,29.793130999999999,-95.293892999999997
FWWR,15121501,2015-12-15,1:00 PM,Raking collision,0,FORT WORTH,TX,65.0,2,Day,Clear,Yard,Yard/switching,4,95640,0,95640,H301,32.738810000000001,-97.333789999999993
PTRA,2022000048,2022-10-10,8:30 PM,Side collision,0,HOUSTON,TX,82.0,4,Dark,Clear,Industry,Freight Train,5,13100,0,13100,H302,29.759958999999998,-95.173675000000003
UP,0821SX021,2021-08-17,1:45 AM,Derailment,0,SAN ANTONIO,TX,79.0,4,Dark,Clear,Yard,Yard/switching,7,272,60099,60371,H702,29.382914,-98.542361999999997
BNSF,RD1019203,2019-10-19,1:49 PM,Hwy-rail crossing,0,FARWELL,TX,77.0,2,Day,Clear,Main,Freight Train,49,11200,500,11700,M302,34.345750000000002,-102.938744
UP,0517HO019,2017-05-09,10:00 AM,Fire/violent rupture,0,PALESTINE,TX,76.0,2,Day,Clear,Main,Freight Train,25,59718,0,59718,E73L,31.721388999999999,-95.611345999999998
NS,118466,2015-12-04,3:20 PM,Obstruction,0,STANLEYTOWN,VA,50.0,2,Day,Clear,Main,Spec. MoW Equip.,15,12000,0,24000,H997,36.734271999999997,-79.949781000000002
UP,1121SX016,2021-11-16,7:03 AM,Hwy-rail crossing,0,LAUGHLIN AFB,TX,63.0,1,Dawn,Clear,Main,Freight Train,54,14915,15344,30259,M304,29.364134,-100.80425
PTRA,2018000034,2018-09-08,2:45 AM,Derailment,0,HOUSTON,TX,80.0,4,Dark,Clear,Yard,Yard/switching,6,9500,10000,19500,H318,29.761067000000001,-95.294115000000005
UP,0224TO030,2024-02-19,5:51 PM,Derailment,0,GORDON,TX,71.0,2,Day,Clear,Main,Freight Train,34,405,526620,527025,M201,32.548631,-98.378709000000001
UP,0121HO011,2021-01-10,8:45 PM,Derailment,0,DAYTON,TX,35.0,4,Dark,Sleet,Industry,Freight Train,3,26874,48361,75235,H607,29.997021,-94.906362000000001
UP,1122TO001,2022-11-02,7:50 AM,Fire/violent rupture,0,TRENT,TX,58.0,2,Day,Clear,Main,Freight Train,40,0,0,0,E73L,32.503908000000003,-100.180297
BNSF,KS0919103,2019-09-03,9:36 PM,Side collision,0,AMARILLO,TX,73.0,4,Dark,Clear,Yard,Yard/switching,10,70000,21000,290731,H607,35.200816000000003,-101.828647
UP,1120GC001,2020-11-02,9:02 AM,Derailment,0,BEAUMONT,TX,58.0,2,Day,Cloudy,Yard,Freight Train,5,47471,6935,54406,M409,30.072154000000001,-94.157116000000002
UP,0523HO036,2023-05-27,4:15 PM,Derailment,0,HOUSTON,TX,90.0,2,Day,Clear,Yard,Yard/switching,4,10800,2599,13399,M407,29.794173000000001,-95.298793000000003
UP,0118SA009,2018-01-17,3:30 AM,Derailment,0,SAN ANTONIO,TX,25.0,4,Dark,Cloudy,Main,Freight Train,5,12225,3365,15590,M299,29.394801000000001,-98.487744000000006
UP,0318FW014,2018-03-06,5:19 PM,Hwy-rail crossing,0,MONAHANS,TX,65.0,2,Day,Clear,Main,Freight Train,55,56485,250,56735,M304,31.588462,-102.91727400000001
UP,0315UT011,2015-03-09,11:40 AM,Derailment,0,SALT LAKE CITY,UT,58.0,2,Day,Clear,Yard,Yard/switching,5,101571,29900,131471,E66C,41.244236999999998,-112.252652
NS,118466,2015-12-04,3:20 PM,Obstruction,0,STANLEYTOWN,VA,50.0,2,Day,Clear,Main,Spec. MoW Equip.,2,12000,0,24000,H997,36.734271999999997,-79.949781000000002
NS,140889,2021-03-11,6:30 AM,Derailment,0,MARTINSVILLE,VA,58.0,1,Dawn,Clear,Main,Freight Train,7,194595,1811,196406,H504,36.679260999999997,-79.887119999999996
UP,0118HO013,2018-01-13,11:08 AM,Other impacts,0,HOUSTON,TX,50.0,2,Day,Clear,Yard,Yard/switching,8,50421,0,53253,H607,29.809691999999998,-95.288720999999995
UP,0320TO007,2020-03-05,9:10 PM,Other (describe in narrative),0,GRAND PRAIRIE,TX,63.0,4,Dark,Clear,Main,Freight Train,16,14787,0,14787,M507,32.738847,-97.041398999999998
NS,144557,2022-03-02,3:30 AM,Other impacts,0,ROANOKE,VA,51.0,4,Dark,Cloudy,Yard,Single Car,4,51563,2977,207000,H318,37.277109000000003,-79.982322999999994
BNSF,RD1019108,2019-10-18,2:58 AM,Derailment,0,SLATON,TX,61.0,4,Dark,Clear,Yard,Yard/switching,1,11410,1500,12910,H318,33.448309999999999,-101.64790000000001
UP,0520ST016,2020-05-30,7:00 AM,Other impacts,0,EL PASO,TX,72.0,2,Day,Clear,Yard,Yard/switching,4,6666,1000,14209,H306,31.742197000000001,-106.375514
BNSF,RD0723119,2023-07-21,4:45 PM,Derailment,0,HOUSTON,TX,103.0,2,Day,Clear,Yard,Yard/switching,5,4459,8577,13036,H306,29.913581000000001,-95.497292000000002
PTRA,PTRA00045F,2024-03-27,8:50 PM,Side collision,0,HOUSTON,TX,58.0,4,Dark,Clear,Yard,Freight Train,7,103850,0,103850,H318,29.760632000000001,-95.293751
BNSF,KS0217111,2017-02-25,4:00 AM,Other (describe in narrative),0,AMARILLO,TX,27.0,1,Dawn,Clear,Yard,Yard/switching,4,23200,20000,43200,H607,35.204914000000002,-101.82544799999999
UP,0719TO020,2019-07-14,5:20 AM,Other impacts,0,FORT WORTH,TX,80.0,1,Dawn,Clear,Yard,Yard/switching,4,2572,0,66330,M411,32.722819999999999,-97.378365000000002
UP,0119SX014,2019-01-16,1:37 PM,Hwy-rail crossing,0,PLEASANTON,TX,54.0,2,Day,Cloudy,Main,Freight Train,51,16254,132,16386,M304,29.003233999999999,-98.478363000000002
FWWR,18062601,2018-06-26,6:00 AM,Side collision,0,FORT WORTH,TX,78.0,4,Dark,Clear,Yard,Yard/switching,9,40910,0,40910,H302,32.716498000000001,-97.344830999999999
UP,0724TO017,2024-07-14,5:25 AM,Obstruction,0,FORT WORTH,TX,78.0,1,Dawn,Clear,Yard,Cut of cars,0,32252,0,183090,M404,32.723182999999999,-97.375933000000003
BNSF,RD0421201,2021-04-02,3:15 PM,Hwy-rail crossing,0,ORANGE,TX,65.0,2,Day,Clear,Main,Freight Train,25,422,0,25572,M308,30.110682000000001,-93.743902000000006
UP,0919RM008,2019-09-07,5:11 AM,Fire/violent rupture,0,HENEFER,UT,52.0,1,Dawn,Clear,Main,Freight Train,0,27334,0,27334,E99L,41.135572000000003,-111.165373
UP,1222TO038,2022-12-31,5:22 AM,Other impacts,0,FORT WORTH,TX,49.0,1,Dawn,Clear,Yard,Single Car,0,0,0,24122,M411,32.731178,-97.361853999999994
UP,0424TO020,2024-04-19,6:45 PM,Other impacts,0,MIDLAND,TX,64.0,3,Dusk,Cloudy,Yard,Single Car,5,925,0,16573,H302,31.955562,-102.151687
UP,0720GC020,2020-07-15,10:30 AM,Hwy-rail crossing,0,ANGLETON,TX,89.0,2,Day,Clear,Main,Freight Train,30,11651,415,12066,M303,29.172428,-95.410587000000007
ATK,144407,2016-09-26,12:52 AM,Derailment,0,SEATTLE,WA,56.0,4,Dark,Clear,Yard,Yard/switching,5,59917,3500,63417,H702,47.596040000000002,-122.32966500000001
BNSF,RD0821107,2021-08-09,12:25 PM,Side collision,0,DAYTON,TX,90.0,2,Day,Clear,Yard,Light loco(s),0,20000,0,34700,H318,30.014036000000001,-94.902191000000002
UP,0422HO013,2022-04-20,7:16 AM,Hwy-rail crossing,0,HOCKLEY,TX,70.0,1,Dawn,Clear,Main,Freight Train,36,10429,28955,39384,M304,30.015542,-95.815207999999998
BNSF,NW0916202,2016-09-29,8:13 PM,Hwy-rail crossing,0,MOUNT VERNON,WA,58.0,3,Dusk,Cloudy,Main,,0,0,0,10796,M302,48.335588999999999,-122.34097199999999
BNSF,RD0818103,2018-08-02,6:10 PM,Derailment,0,SAGINAW,TX,90.0,3,Dusk,Clear,Yard,Yard/switching,9,77212,0,77212,H307,32.840437999999999,-97.359433999999993
BNSF,RD0819112,2019-08-09,8:40 AM,Other impacts,0,DAYTON,TX,90.0,1,Dawn,Clear,Yard,Yard/switching,10,28511,0,28511,H318,30.009128,-94.904928999999996
NS,138770,2020-08-06,1:12 PM,Other impacts,0,NORFOLK,VA,90.0,2,Day,Clear,Yard,Single Car,0,15000,0,31262,H020,36.871434000000001,-76.293488999999994
UP,0123HO036,2023-01-31,11:20 PM,Derailment,0,HOUSTON,TX,52.0,4,Dark,Rain,Yard,Yard/switching,4,148958,1122,150080,M407,29.793268999999999,-95.299199000000002