reportingrailroadcode,accidentnumber,date,time,accidenttype,hazmatreleasedcars,station,stateabbr,temperature,visibility_code,visibility,weathercondition,tracktype,equipmenttype,trainspeed,equipmentdamagecost,trackdamagecost,totaldamagecost,primaryaccidentcausecode,latitude,longitude
NS,138983,2020-08-25,8:00 AM,Derailment,0,ROANOKE,VA,77.0,2,Day,Clear,Yard,Cut of cars,2,22070,0,22070,M599,37.277109000000003,-79.982320999999999
UP,0823TO012,2023-08-05,4:32 PM,Derailment,0,CISCO,TX,104.0,2,Day,Clear,Main,Freight Train,40,641575,200823,842398,E07C,32.392271999999998,-98.972215000000006
UP,0421HO017,2021-04-19,4:57 PM,Derailment,0,HOUSTON,TX,72.0,2,Day,Cloudy,Yard,Yard/switching,10,110403,25304,135707,M401,29.796942000000001,-95.291708
UP,0622HO012,2022-06-09,2:40 AM,Derailment,0,LA PORTE,TX,79.0,4,Dark,Clear,Siding,Freight Train,6,166590,8650,175240,H303,29.702387999999999,-95.088443999999996
BNSF,KS1023114,2023-10-27,10:05 AM,Derailment,0,PANHANDLE,TX,65.0,2,Day,Clear,Yard,Freight Train,8,13388,0,13388,H307,35.332405999999999,-101.402298
UP,1018LV015,2018-10-09,11:45 AM,Other impacts,0,BEAUMONT,TX,78.0,2,Day,Cloudy,Yard,Freight Train,10,111498,4628,159454,H702,30.072109999999999,-94.157441000000006
UP,0319MA050,2019-03-31,7:19 PM,Other impacts,0,LONGVIEW,TX,54.0,3,Dusk,Cloudy,Yard,Yard/switching,8,73127,1164,720280,H309,32.493324000000001,-94.734122999999997
UP,0122HO013,2022-01-05,4:45 PM,Other (describe in narrative),0,BAYTOWN,TX,73.0,2,Day,Cloudy,Yard,,0,0,18000,18000,H307,29.776799,-94.899071000000006
UP,1022SX021,2022-10-23,9:05 AM,Other impacts,0,SAN ANTONIO,TX,68.0,2,Day,Clear,Yard,Single Car,0,270,0,69895,H302,29.379064,-98.555440000000004
ATK,139478,2015-10-05,10:04 AM,Derailment,0,NORTHFIELD,VT,45.0,2,Day,Clear,Main,Passenger Train - Pulling,59,4148125,0,4329857,M101,44.112841000000003,-72.676233999999994
UP,0717PD008,2017-07-10,12:31 AM,Derailment,0,KENNEWICK,WA,60.0,4,Dark,Clear,Yard,,0,0,107233,217628,M507,46.213731000000003,-119.13597
UP,1120GC037,2020-11-24,1:40 PM,Fire/violent rupture,0,BEAUMONT,TX,76.0,2,Day,Cloudy,Industry,Freight Train,7,14686,150,14836,M406,30.073926,-94.111127999999994
UP,0723ES014,2023-07-12,3:30 AM,Derailment,0,CHINA,TX,90.0,4,Dark,Clear,Main,Spec. MoW Equip.,10,128147,282,128429,E29C,30.048487000000002,-94.331940000000003
BNSF,NW0617103,2017-06-02,1:18 AM,Derailment,0,KALAMA,WA,55.0,4,Dark,Cloudy,Yard,Freight Train,5,58893,0,58893,H307,46.015653,-122.850092
UP,0522SX002,2022-05-03,7:35 PM,Derailment,0,LAREDO,TX,93.0,3,Dusk,Clear,Yard,Yard/switching,3,3100,9000,12100,M203,27.665303999999999,-99.437331999999998
UP,0122HO021,2022-01-18,7:30 AM,Other impacts,0,LA PORTE,TX,54.0,1,Dawn,Clear,Yard,Yard/switching,2,11386,898,30397,S007,29.686095999999999,-95.038701000000003
UP,1223HO037,2023-12-23,3:30 PM,Other impacts,0,LA PORTE,TX,55.0,2,Day,Clear,Yard,Yard/switching,4,1242,0,13139,S016,29.683788,-95.038831000000002
UFRC,0104171,2017-01-04,8:27 PM,Obstruction,0,NORTH SALT LAKE,UT,28.0,4,Dark,Snow,Main,Commuter Train - Pushing,61,15000,0,15000,M402,40.856569,-111.911891
ATK,149121,2017-08-22,11:25 PM,Hwy-rail crossing,0,AMHERST,VA,82.0,4,Dark,Clear,Main,Passenger Train - Pulling,65,3009,0,35593,M302,37.5777,-79.048799000000002
UP,0422SX009,2022-04-13,2:35 AM,Derailment,0,SAN ANTONIO,TX,74.0,4,Dark,Cloudy,Yard,Yard/switching,6,20026,300,20326,H305,29.435079000000002,-98.451060999999996
KCS,21051101,2021-05-11,3:10 AM,Obstruction,0,CASON,TX,55.0,4,Dark,Rain,Main,Freight Train,38,27419,640,28059,M404,33.029589999999999,-94.779426999999998
UP,0617HO024,2017-06-12,10:36 AM,Other impacts,0,HOUSTON,TX,85.0,2,Day,Clear,Yard,Single Car,0,1182,0,13957,S016,29.795439999999999,-95.294319999999999
UP,0519SX015,2019-05-18,7:55 AM,Derailment,0,SAN ANTONIO,TX,75.0,2,Day,Rain,Yard,Yard/switching,3,302710,93934,396644,H503,29.366166,-98.565612999999999
BNSF,RD0624132,2024-06-30,9:16 AM,Derailment,0,DAYTON,TX,85.0,2,Day,Clear,Yard,Yard/switching,8,11624,10500,22124,H703,30.013368,-94.902314000000004
NECR,NEC339723G,2023-02-27,11:35 AM,Hwy-rail crossing,0,SHARON,VT,30.0,2,Day,Clear,Main,,0,0,0,63347,M302,43.743256000000002,-72.440037000000004
BNSF,RD1020105,2020-10-09,2:40 AM,Derailment,0,VON ORMY,TX,80.0,4,Dark,Clear,Yard,Freight Train,2,15608,21994,37602,H702,29.325185000000001,-98.633679000000001
BNSF,NW0717113,2017-07-12,10:00 PM,Derailment,0,SPOKANE,WA,63.0,4,Dark,Clear,Yard,Freight Train,5,8073,27000,35073,H505,47.667898999999998,-117.34452400000001
UP,0520HO016,2020-05-22,5:00 PM,Raking collision,0,HOUSTON,TX,91.0,2,Day,Clear,Yard,Light loco(s),4,100,0,199657,H008,29.790911999999999,-95.307439000000002
NS,143069,2021-10-05,4:32 PM,Obstruction,0,SALEM,VA,80.0,3,Dusk,Clear,Yard,Spec. MoW Equip.,0,10000,36710,59976,H306,37.271993999999999,-80.014903000000004
NS,146308,2022-08-28,4:50 PM,Other impacts,0,ROANOKE,VA,85.0,3,Dusk,Clear,Yard,Cut of cars,4,980,6817,20851,H317,37.277023999999997,-79.965085999999999
NS,122574,2016-10-28,7:45 AM,Derailment,0,NORFOLK,VA,58.0,1,Dawn,Clear,Yard,Single Car,3,16371,7000,23371,H313,36.877727999999998,-76.326311000000004
NS,156638,2024-05-08,2:12 PM,Derailment,0,NORFOLK,VA,75.0,2,Day,Clear,Yard,Yard/switching,4,88260,9400,97660,M599,36.873869999999997,-76.302020999999996
UP,0321HO024,2021-03-12,4:15 AM,Other (describe in narrative),0,PASADENA,TX,68.0,4,Dark,Cloudy,Yard,Light loco(s),7,0,0,74668,H607,29.716028999999999,-95.228025000000002
CWRY,CWR206718,2018-05-07,2:49 PM,Derailment,0,SUFFOLK,VA,64.0,2,Day,Clear,Main,Freight Train,22,190000,162170,352170,T221,36.823725000000003,-76.468283
UP,1222HL004,2022-12-04,11:00 AM,Derailment,0,DALHART,TX,54.0,2,Day,Clear,Yard,Freight Train,0,836,0,444707,H523,36.080030999999998,-102.49935499999999
UP,0423TO013,2023-04-08,5:45 PM,Derailment,0,ARLINGTON,TX,72.0,2,Day,Clear,Yard,Light loco(s),5,560,19889,20449,H702,32.741796999999998,-97.060202000000004
UP,1115UT012,2015-11-19,11:50 AM,Derailment,0,MILFORD,UT,35.0,2,Day,Clear,Yard,Yard/switching,5,4228,12500,16728,H303,38.395513000000001,-113.00927799999999
UP,1120HO028,2020-11-25,5:02 PM,Hwy-rail crossing,0,HOUSTON,TX,69.0,3,Dusk,Clear,Main,,0,0,550,20677,M304,29.868200000000002,-95.128190000000004
UP,0319MA036,2019-03-22,6:54 PM,Derailment,0,BIG SANDY,TX,74.0,3,Dusk,Clear,Main,Freight Train,11,683240,169844,853084,E29C,32.593549000000003,-95.094747999999996
BNSF,RD0623138,2023-06-29,11:00 AM,Derailment,0,SLATON,TX,92.0,2,Day,Clear,Yard,Yard/switching,9,4500,97352,101852,M505,33.448473999999997,-101.64813700000001
PTRA,2020000003,2020-02-17,7:00 PM,Derailment,0,DEER PARK,TX,65.0,4,Dark,Cloudy,Industry,Freight Train,8,40000,1500,41500,H702,29.720611999999999,-95.141468000000003
CSX,000204390,2022-04-20,10:28 AM,Obstruction,0,MADISON HEIGHTS,VA,53.0,2,Day,Clear,Main,Maint./inspect Car,0,6856,0,17449,H993,37.424681,-79.044392000000002
UP,0123RM001,2023-01-01,5:46 PM,Obstruction,0,COALVILLE,UT,30.0,2,Day,Cloudy,Main,Freight Train,0,1651,5000,19632,M402,41.039178,-111.328053
BNSF,RD1122131,2022-11-30,7:25 AM,Derailment,0,AMARILLO,TX,18.0,1,Dawn,Clear,Main,Freight Train,15,322882,80000,402882,H306,35.195385000000002,-101.701784
UP,0115UT005,2015-01-09,7:30 PM,Side collision,0,SALT LAKE CITY,UT,35.0,4,Dark,Cloudy,Yard,Light loco(s),0,80886,0,143310,H307,40.788327000000002,-111.909914
UP,0623TO027,2023-06-26,7:25 AM,Other impacts,0,FORT WORTH,TX,81.0,2,Day,Clear,Yard,Light loco(s),2,50035,0,111855,H702,32.727713999999999,-97.366159999999994
UP,0822SX013,2022-08-10,12:30 PM,Other (describe in narrative),0,SAN ANTONIO,TX,91.0,2,Day,Clear,Yard,Single Car,4,35110,150,35260,H312,29.365704000000001,-98.566079000000002
NS,156901,2024-05-29,10:51 AM,Other (describe in narrative),0,ROANOKE,VA,70.0,2,Day,Clear,Yard,Single Car,1,32563,0,32563,M599,37.277109000000003,-79.982324000000006
UP,0318HO041,2018-03-26,12:30 PM,Other (describe in narrative),0,HOUSTON,TX,75.0,2,Day,Clear,Yard,Single Car,0,12928,0,12928,M201,29.813500000000001,-95.287908999999999
UP,0318FW034,2018-03-29,2:05 PM,Other impacts,0,FORT WORTH,TX,70.0,2,Day,Cloudy,Yard,Cut of cars,0,171,0,12519,M407,32.720930000000003,-97.381321
UP,0719HO027,2019-07-21,5:55 AM,Other impacts,0,LA PORTE,TX,81.0,1,Dawn,Cloudy,Yard,Yard/switching,2,62446,2110,81499,S007,29.682941,-95.038827999999995
UP,0324HO024,2024-03-19,11:02 AM,Other impacts,0,BAYTOWN,TX,59.0,2,Day,Clear,Yard,Yard/switching,4,2660,0,36780,H302,29.796362999999999,-95.017317000000006
UP,0120HO002,2020-01-08,1:00 AM,Other impacts,0,HOUSTON,TX,52.0,4,Dark,Clear,Yard,Light loco(s),4,9459,554,238805,H307,29.816412,-95.289857999999995
UP,1022SX008,2022-10-12,1:15 AM,Derailment,0,MARATHON,TX,58.0,4,Dark,Clear,Main,Freight Train,29,234190,112715,346905,E39C,30.361331,-103.50372900000001
UP,0122HO021,2022-01-18,7:30 AM,Other impacts,0,LA PORTE,TX,54.0,1,Dawn,Clear,Yard,Cut of cars,4,18113,0,30397,S007,29.686095999999999,-95.038701000000003
UP,0422ES015,2022-04-08,1:30 PM,Derailment,0,EAST CARBON,UT,59.0,2,Day,Clear,Industry,Maint./inspect Car,15,36198,0,36198,H997,39.534697000000001,-110.50889100000001
UP,1119HO020,2019-11-19,9:30 PM,Other impacts,0,DAYTON,TX,60.0,4,Dark,Clear,Industry,Yard/switching,2,4973,0,45123,H306,30.013532000000001,-94.901625999999993
UP,1016UT004,2016-10-10,5:54 PM,Fire/violent rupture,0,ECHO,UT,67.0,2,Day,Clear,Main,Freight Train,30,51363,0,51363,E73L,41.089646999999999,-111.22821
KCS,19080601,2019-08-06,5:00 AM,Derailment,0,BEAUMONT,TX,85.0,1,Dawn,Clear,Yard,Freight Train,6,1105,0,11025,H703,30.08877,-94.112482999999997
UP,0721TO023,2021-07-19,6:30 PM,Other impacts,0,DALLAS,TX,80.0,3,Dusk,Cloudy,Yard,Yard/switching,5,4222,0,13183,H301,32.715110000000003,-96.750710999999995
NS,137026,2020-02-02,3:00 PM,Other impacts,0,ROANOKE,VA,60.0,2,Day,Clear,Yard,Single Car,0,0,0,51662,H312,37.277109000000003,-79.982320999999999
UP,0618HO045,2018-06-30,2:30 AM,Other impacts,0,LA PORTE,TX,82.0,4,Dark,Cloudy,Yard,Yard/switching,4,261,38375,38636,M411,29.675713999999999,-95.038989999999998
UP,0822RM012,2022-08-16,8:55 AM,Other impacts,0,SOUTH SALT LAKE,UT,65.0,2,Day,Clear,Yard,Yard/switching,5,51153,149545,200698,E31C,40.704478000000002,-111.907532
BNSF,RD1118104,2018-11-08,11:15 AM,Derailment,0,TEMPLE,TX,55.0,2,Day,Rain,Yard,Yard/switching,5,14882,850,15732,H318,31.109165000000001,-97.349525
UP,0323SX017,2023-03-21,8:45 AM,Hwy-rail crossing,0,SCHERTZ,TX,59.0,2,Day,Rain,Main,Freight Train,25,362,25200,25562,M303,29.555306999999999,-98.263683999999998
BB,2018T104,2018-03-18,3:20 PM,Derailment,0,GREENWOOD,VA,60.0,2,Day,Clear,Main,,0,0,2500,27273,H524,38.005699999999997,-78.770600000000002
UP,1120GC025,2020-11-18,6:40 AM,Other impacts,0,BEAUMONT,TX,50.0,1,Dawn,Clear,Yard,Yard/switching,4,32721,0,38246,H317,30.072901999999999,-94.147131999999999
BNSF,RD0724114,2024-07-14,12:34 AM,Other (describe in narrative),0,TEMPLE,TX,88.0,4,Dark,Clear,Yard,Freight Train,0,40382,0,47694,H607,31.120661999999999,-97.349654999999998
UP,0818FW048,2018-08-31,3:08 PM,Derailment,0,FORT WORTH,TX,100.0,2,Day,Clear,Yard,Yard/switching,4,1740,0,70735,M411,32.720654000000003,-97.381005999999999
NS,156701,2024-05-14,10:30 AM,Derailment,0,ROANOKE,VA,63.0,2,Day,Rain,Yard,Freight Train,4,13399,2260,15659,H702,37.277109000000003,-79.982324000000006
NS,144557,2022-03-02,3:30 AM,Other impacts,0,ROANOKE,VA,51.0,4,Dark,Cloudy,Yard,Single Car,0,17009,0,207000,H318,37.277109000000003,-79.982322999999994
UP,0619RM021,2019-06-16,11:30 AM,Derailment,0,SALT LAKE CITY,UT,76.0,2,Day,Cloudy,Yard,,0,0,12688,12688,H704,40.646830999999999,-111.900361
CSX,000163677,2016-09-27,6:27 PM,Fire/violent rupture,0,ASHLAND,VA,68.0,3,Dusk,Cloudy,Main,Freight Train,20,12963,0,12963,E73L,37.764006000000002,-77.479664
UP,0620TO008,2020-06-04,12:45 PM,Other impacts,0,DALLAS,TX,89.0,2,Day,Cloudy,Yard,Cut of cars,10,14093,0,32706,H021,32.710549,-96.748069999999998
BNSF,RD0621101,2021-06-02,12:55 AM,Other impacts,0,JUSTIN,TX,75.0,4,Dark,Clear,Yard,Freight Train,10,10000,24500,34500,H022,33.018315000000001,-97.353206
UP,0223HO024,2023-02-21,7:31 AM,Hwy-rail crossing,0,BRYAN,TX,64.0,2,Day,Clear,Main,Freight Train,14,0,21033,21033,M302,30.657782999999998,-96.374821999999995
UP,0422SX004,2022-04-10,5:12 PM,Derailment,0,HEARNE,TX,79.0,2,Day,Clear,Yard,Freight Train,3,143864,7295,151159,H303,30.803222000000002,-96.609363999999999
BNSF,KS0321105,2021-03-16,11:36 PM,Derailment,0,CANADIAN,TX,50.0,4,Dark,Rain,Main,Freight Train,50,1175021,392957,1567978,M105,36.002215999999997,-100.275093
UP,0523TO029,2023-05-18,11:04 PM,Other impacts,0,FORT WORTH,TX,78.0,4,Dark,Cloudy,Yard,Single Car,5,6881,0,11679,S007,32.721387999999997,-97.381744999999995
NS,132309,2019-01-04,9:45 PM,Derailment,0,NORFOLK,VA,72.0,4,Dark,Cloudy,Yard,Cut of cars,4,500,41108,41608,M599,36.873776999999997,-76.301703000000003
ATK,161337,2019-09-30,4:10 PM,Hwy-rail crossing,0,MESQUITE,TX,92.0,2,Day,Cloudy,Main,Passenger Train - Pulling,45,59313,0,59613,M308,32.754511000000001,-96.519638999999998
NS,134976,2019-08-02,7:40 PM,Derailment,0,ROANOKE,VA,78.0,3,Dusk,Clear,Main,Freight Train,8,10044,56782,66826,H507,37.273201,-79.939819
BNSF,RD0724108,2024-07-09,1:00 AM,Derailment,0,DAYTON,TX,85.0,4,Dark,Clear,Yard,Yard/switching,7,53851,0,53851,M505,30.000366,-94.908179000000004
UP,0923SX004,2023-09-08,5:45 AM,Derailment,0,HEARNE,TX,78.0,1,Dawn,Clear,Main,Freight Train,3,12843,4530,17373,H702,30.840152,-96.642030000000005
UP,0418UT010,2018-04-14,10:00 PM,Derailment,0,OGDEN,UT,50.0,4,Dark,Clear,Yard,Yard/switching,3,11840,600,12440,E04C,41.199108000000003,-111.986744
DCTA,DCTA190003,2019-03-18,6:42 PM,Hwy-rail crossing,0,LAKE DALLAS,TX,72.0,2,Day,Clear,Main,DMU,53,250000,9600,259600,M302,33.110413999999999,-97.026598000000007
UP,1121TO004,2021-11-04,2:24 AM,Obstruction,0,MALAKOFF,TX,43.0,4,Dark,Cloudy,Main,Freight Train,37,2393,18099,20492,M402,32.167687999999998,-96.017446000000007
BNSF,NW1016106,2016-10-09,4:59 AM,Other impacts,0,TACOMA,WA,52.0,1,Dawn,Rain,Yard,Yard/switching,4,12100,0,12369,H318,47.243718000000001,-122.415115
RLAX,RLAX51723,2023-05-17,12:50 AM,Raking collision,0,BAYTOWN,TX,72.0,4,Dark,Clear,Yard,Yard/switching,6,11500,0,11500,M404,29.778209,-94.889505
UP,0521TO009,2021-05-09,9:25 AM,Other impacts,0,FORT WORTH,TX,77.0,2,Day,Clear,Yard,Yard/switching,8,11240,0,18208,H312,32.720858999999997,-97.381103999999993
SV,7202021,2021-07-20,3:20 PM,Derailment,0,VERONA,VA,88.0,2,Day,Clear,Main,Freight Train,20,10000,30000,40000,E46C,38.156239999999997,-79.050179999999997
UP,1118SA012,2018-11-09,3:30 PM,Hwy-rail crossing,0,WAELDER,TX,48.0,2,Day,Cloudy,Main,,0,0,1435925,1660925,M308,29.679257,-97.217984999999999
UP,0324TO005,2024-03-04,7:10 AM,Obstruction,0,DENISON,TX,67.0,2,Day,Cloudy,Main,Freight Train,10,0,28960,28960,M206,33.771700000000003,-96.567999999999998
BNSF,KS0822111,2022-08-17,4:50 AM,Derailment,0,HEREFORD,TX,69.0,1,Dawn,Clear,Main,Freight Train,67,1801552,526928,2328480,T214,34.867193999999998,-102.28828
BNSF,RD0919121,2019-09-22,8:30 AM,Other impacts,0,BEAUMONT,TX,80.0,1,Dawn,Clear,Yard,Yard/switching,4,24024,0,24024,H318,30.094577000000001,-94.116757000000007
UP,0818SA020,2018-08-22,8:50 AM,Derailment,0,SAN ANTONIO,TX,84.0,2,Day,Clear,Yard,Yard/switching,4,29981,2641,32622,H704,29.375464999999998,-98.558712999999997
UP,0524RM025,2024-05-31,9:15 AM,Other impacts,0,RIVERDALE,UT,55.0,2,Day,Clear,Yard,Yard/switching,10,22743,0,22743,H702,41.187722000000001,-111.989959
UP,0321HO009,2021-03-08,7:37 AM,Hwy-rail crossing,0,PLANTERSVILLE,TX,38.0,1,Dawn,Clear,Main,Freight Train,43,14646,0,14646,M302,30.337112999999999,-95.890226999999996
BNSF,RD0821122,2021-08-26,12:55 PM,Derailment,0,FORT WORTH,TX,98.0,2,Day,Clear,Yard,Yard/switching,8,6040,0,17310,H306,32.827348999999998,-97.334726000000003
UP,0121SX002,2021-01-01,11:56 PM,Derailment,0,SPOFFORD,TX,39.0,4,Dark,Clear,Main,Freight Train,7,56531,1470,58001,H506,29.164607,-100.399321
UP,1120HO024,2020-11-24,9:45 PM,Other impacts,0,LA PORTE,TX,73.0,4,Dark,Cloudy,Yard,Single Car,2,15085,0,26670,M411,29.684352000000001,-95.038908000000006
UP,0118HO015,2018-01-14,10:45 AM,Other impacts,0,BAYTOWN,TX,46.0,2,Day,Clear,Yard,Single Car,0,8362,0,12591,H318,29.794927999999999,-95.017250000000004
ATK,160414,2019-08-02,9:32 AM,Hwy-rail crossing,0,MARION,TX,90.0,2,Day,Clear,Main,Passenger Train - Pulling,79,36177,0,36408,M302,29.575126999999998,-98.119641999999999
UP,0216UT012,2016-02-21,6:36 PM,Fire/violent rupture,0,ECHO,UT,40.0,3,Dusk,Clear,Main,Freight Train,25,29031,0,29031,E73L,40.982554999999998,-111.419265
BNSF,PR0719110,2019-07-20,9:32 AM,Derailment,0,WELLINGTON,UT,85.0,2,Day,Clear,Yard,Freight Train,4,11000,0,11000,H303,39.531534999999998,-110.70649899999999
TMBL,11082016A,2016-11-08,1:23 AM,Side collision,0,TACOMA,WA,51.0,4,Dark,Clear,Yard,Single Car,1,11000,0,11985,H310,47.251919000000001,-122.401061
UP,0922HO008,2022-09-08,9:40 AM,Derailment,0,SUGAR LAND,TX,77.0,2,Day,Clear,Yard,Yard/switching,7,9980,134685,144665,M405,29.626397999999998,-95.604793000000001
UP,0515PD007,2015-05-06,9:12 AM,Other impacts,0,WALLULA,WA,63.0,2,Day,Clear,Yard,Yard/switching,5,10722,0,10722,H602,46.096130000000002,-118.913084
UP,0118FW031,2018-01-21,12:56 PM,Derailment,0,KELLER,TX,60.0,2,Day,Clear,Main,Freight Train,30,568,18962,19530,E62C,32.915948999999998,-97.255956999999995
UP,0424HO054,2024-04-30,6:19 PM,Obstruction,0,SPRING,TX,82.0,3,Dusk,Clear,Yard,Freight Train,6,17720,0,17720,M404,30.047525,-95.408866000000003
BNSF,RD0920124,2020-09-26,6:45 PM,Other (describe in narrative),0,SILSBEE,TX,81.0,3,Dusk,Clear,Yard,Yard/switching,5,26030,0,26030,H312,30.354133000000001,-94.190708999999998
UP,0221RM028,2021-02-20,3:52 PM,Derailment,2,GARRISON,UT,36.0,2,Day,Cloudy,Main,Freight Train,47,1584536,4658525,6243061,E61C,38.761420999999999,-112.935682
CSX,000186064,2019-10-20,8:20 AM,Other impacts,0,RICHMOND,VA,58.0,2,Day,Rain,Yard,Cut of cars,2,49,0,38860,H021,37.594321999999998,-77.484606999999997
NS,155798,2024-02-17,8:00 AM,Other impacts,0,ROANOKE,VA,50.0,2,Day,Clear,Yard,Single Car,4,30000,0,30000,H602,37.277109000000003,-79.982324000000006
BNSF,RD0619117,2019-06-19,2:20 AM,Derailment,0,DAYTON,TX,75.0,4,Dark,Clear,Main,Yard/switching,8,24306,0,630790,H607,29.992808,-94.907561999999999
UP,0520ME020,2020-05-22,10:00 AM,Fire/violent rupture,0,HOUSTON,TX,83.0,2,Day,Cloudy,Yard,Light loco(s),0,38520,0,38520,E73L,29.814420999999999,-95.312561000000002
UP,1022TO021,2022-10-20,6:38 PM,Derailment,0,ARLINGTON,TX,84.0,3,Dusk,Cloudy,Yard,Yard/switching,5,54430,1280,55710,E99C,32.741256999999997,-97.058546000000007
UP,0722SX029,2022-07-28,1:41 PM,Derailment,0,CALDWELL,TX,92.0,2,Day,Clear,Main,Freight Train,28,150252,7260,157512,H521,30.468481000000001,-96.727209999999999
PTRA,2018000012,2018-02-21,5:30 PM,Derailment,1,HOUSTON,TX,65.0,2,Day,Clear,Industry,Yard/switching,9,89500,12000,101500,H099,29.723924,-95.261846000000006
BNSF,NW0917115,2017-09-21,10:30 AM,Derailment,0,ELTOPIA,WA,72.0,2,Day,Clear,Yard,Yard/switching,4,5532,6000,11532,M409,46.272983000000004,-119.102076
NS,125500,2017-06-20,7:00 AM,Derailment,0,ROANOKE,VA,75.0,1,Dawn,Clear,Yard,Yard/switching,5,2291,18025,20316,H702,37.271098000000002,-79.997944000000004
NS,154240,2023-09-15,10:20 AM,Other impacts,0,NORFOLK,VA,80.0,2,Day,Clear,Yard,Yard/switching,6,55915,0,119030,H302,36.871878000000002,-76.295016000000004
UP,0824HO053,2024-08-23,11:00 PM,Other impacts,0,DAYTON,TX,79.0,4,Dark,Clear,Yard,Single Car,0,1299,0,12691,E29C,30.013805000000001,-94.901910999999998
PNR,PNR223172,2022-07-29,2:45 PM,Derailment,0,PANHANDLE,TX,98.0,2,Day,Clear,Yard,Yard/switching,11,133872,15000,148872,H704,35.335776000000003,-101.404754
BNSF,KS0523103,2023-05-17,6:19 PM,Derailment,0,AMARILLO,TX,76.0,3,Dusk,Clear,Yard,Freight Train,10,48549,7000,55549,H307,35.213602999999999,-101.83495000000001
UP,0818HO007,2018-08-06,2:30 PM,Derailment,0,HOUSTON,TX,92.0,2,Day,Clear,Industry,Freight Train,5,6180,9345,15525,E63C,29.633298,-95.206335999999993
UP,0823TO051,2023-08-29,12:50 PM,Derailment,0,EL PASO,TX,83.0,2,Day,Clear,Main,Freight Train,17,326065,1335897,1661962,T222,31.771159000000001,-106.473062
BNSF,NW1115100,2015-11-05,4:00 AM,Derailment,0,TACOMA,WA,53.0,1,Dawn,Rain,Yard,Yard/switching,6,15245,2300,17545,H312,47.242317,-122.424824
NS,145982,2022-07-27,7:51 PM,Derailment,0,CHESAPEAKE,VA,81.0,3,Dusk,Clear,Yard,Freight Train,4,54604,145474,200078,H506,36.783504999999998,-76.272914
UP,1019HO006,2019-10-07,1:57 AM,Other impacts,0,HOUSTON,TX,79.0,4,Dark,Clear,Yard,Yard/switching,4,4958,0,27041,H306,29.791623999999999,-95.305978999999994
BB,2024A0505,2024-05-05,1:13 PM,Obstruction,0,MILLBORO,VA,74.0,2,Day,Clear,Main,,0,0,0,20264,M404,37.950485,-79.647459999999995
UP,0621RM005,2021-06-04,1:30 PM,Derailment,0,OGDEN,UT,87.0,2,Day,Clear,Yard,Yard/switching,5,7340,15540,22880,M405,41.222133999999997,-111.98515399999999
NS,123215,2016-12-19,11:18 AM,Hwy-rail crossing,0,BRISTOL,VA,36.0,2,Day,Clear,Main,Freight Train,46,10697,884,11581,M302,36.696021999999999,-82.048331000000005
BNSF,NW0917109,2017-09-19,3:35 PM,Other (describe in narrative),0,MOUNT VERNON,WA,63.0,2,Day,Rain,Main,Freight Train,2,0,38352,38352,H705,48.380637,-122.338584
UP,1223SX014,2023-12-21,4:37 PM,Derailment,0,SAN ANTONIO,TX,70.0,2,Day,Cloudy,Yard,Yard/switching,5,5617,7400,13017,H702,29.375095999999999,-98.557440999999997
BNSF,RD0819109,2019-08-08,5:50 PM,Derailment,0,GALVESTON,TX,95.0,3,Dusk,Clear,Yard,Yard/switching,8,20170,1200,21370,E31C,29.294066000000001,-94.842695000000006
NS,142043,2021-06-30,12:05 PM,Raking collision,0,SPRINGFIELD,VA,95.0,2,Day,Clear,Industry,Single Car,0,74938,0,150231,H302,38.796779000000001,-77.183447000000001
TXGN,TXGN190404,2019-04-04,7:10 PM,Derailment,0,GONZALES,TX,64.0,3,Dusk,Clear,Yard,Freight Train,5,148111,16425,164536,E49C,29.602788,-97.473410000000001
UTAH,UTA150019D,2019-08-17,3:10 PM,Derailment,0,PROVO,UT,91.0,2,Day,Clear,Yard,Freight Train,5,190000,34460,224460,H306,40.214300000000001,-111.6408
UP,0824PN015,2024-08-13,4:17 PM,Derailment,0,KALAMA,WA,70.0,2,Day,Cloudy,Main,Freight Train,10,6400,0,6400,E53C,45.975946999999998,-122.823571
KRR,KRR577020,2020-03-31,8:45 AM,Derailment,0,PARIS,TX,55.0,2,Day,Cloudy,Main,Freight Train,10,58279,21791,80070,T220,33.713051999999998,-95.554550000000006
NS,153567,2023-07-06,7:43 PM,Derailment,0,ELLISTON,VA,75.0,3,Dusk,Clear,Main,Freight Train,19,42650,288363,331013,E53C,37.237006000000001,-80.224602000000004
BNSF,KS0724110,2024-07-25,4:15 AM,Derailment,0,HEREFORD,TX,66.0,1,Dawn,Clear,Industry,Freight Train,2,225470,261537,487007,H307,34.844017000000001,-102.315719
BNSF,RD0721115,2021-07-14,11:33 PM,Derailment,0,FORT WORTH,TX,82.0,4,Dark,Clear,Yard,Freight Train,7,11478,1500,12978,E07C,32.832309000000002,-97.338738000000006
BNSF,RD0919124,2019-09-23,7:00 PM,Derailment,0,TEAGUE,TX,84.0,3,Dusk,Clear,Yard,Freight Train,7,177557,0,467062,H503,31.629242000000001,-96.286286000000004
UP,0420HO006,2020-04-08,9:22 AM,Other impacts,0,SPRING,TX,76.0,2,Day,Cloudy,Yard,Yard/switching,9,44019,0,50789,H312,30.063347,-95.411969999999997