reportingrailroadcode,accidentnumber,date,time,accidenttype,hazmatreleasedcars,station,stateabbr,temperature,visibility_code,visibility,weathercondition,tracktype,equipmenttype,trainspeed,equipmentdamagecost,trackdamagecost,totaldamagecost,primaryaccidentcausecode,latitude,longitude
NS,142529,2021-08-12,5:00 PM,Hwy-rail crossing,0,ROANOKE,VA,90.0,3,Dusk,Clear,Main,Freight Train,14,4982,15766,20748,M303,37.277957999999998,-79.923798000000005
UP,0922HO021,2022-09-14,5:43 PM,Other impacts,0,HOUSTON,TX,86.0,2,Day,Clear,Yard,Single Car,0,27894,0,27894,M411,29.817810999999999,-95.287880999999999
PTRA,2019000019,2019-07-10,9:50 PM,Derailment,0,PASADENA,TX,77.0,4,Dark,Clear,Main,Freight Train,5,100000,100000,200000,H702,29.72345,-95.165132999999997
UP,0719MA015,2019-07-10,8:10 PM,Derailment,0,LONGVIEW,TX,89.0,4,Dark,Rain,Main,Freight Train,22,32076,857,32933,E34C,32.501885000000001,-94.669330000000002
UP,0418UT026,2018-04-27,11:51 PM,Derailment,0,MILFORD,UT,60.0,4,Dark,Clear,Yard,Freight Train,2,119561,24233,143794,H524,38.408084000000002,-113.001696
UP,0818HO033,2018-08-18,4:45 PM,Derailment,0,HOUSTON,TX,90.0,2,Day,Clear,Yard,Yard/switching,4,62604,0,89405,M201,29.826485999999999,-95.289173000000005
UP,1019GC016,2019-10-14,4:38 AM,Hwy-rail crossing,0,ORANGE,TX,71.0,1,Dawn,Cloudy,Main,,0,0,4510,14660,M308,30.121480999999999,-93.746083999999996
UP,0719SX019,2019-07-24,6:00 AM,Derailment,0,SAN ANTONIO,TX,75.0,1,Dawn,Clear,Yard,Yard/switching,5,142034,253588,515588,H503,29.373809000000001,-98.559230999999997
UP,0721SX033,2021-07-27,3:00 AM,Derailment,0,SAN ANTONIO,TX,76.0,4,Dark,Clear,Yard,Freight Train,4,123836,1155,124991,H303,29.38345,-98.551045000000002
UP,0922SX012,2022-09-13,7:40 AM,Other impacts,0,SAN ANTONIO,TX,74.0,2,Day,Clear,Yard,Yard/switching,0,40520,0,47317,H312,29.380071999999998,-98.554626999999996
BNSF,RD0219106,2019-02-05,8:00 AM,Derailment,0,SAGINAW,TX,45.0,1,Dawn,Clear,Industry,Yard/switching,8,2000,37000,39000,H399,32.865817,-97.36551
UP,0718SA001,2018-07-02,10:00 AM,Derailment,0,FLATONIA,TX,90.0,2,Day,Clear,Main,Freight Train,15,5175,66477,71652,M208,29.687245999999998,-97.115797000000001
NS,153298,2023-06-07,9:00 PM,Other impacts,0,ROANOKE,VA,74.0,4,Dark,Clear,Yard,Cut of cars,8,50377,0,50377,H317,37.277023999999997,-79.965086999999997
PTRA,PTRA00003F,2022-11-19,6:04 PM,Raking collision,0,HOUSTON,TX,46.0,4,Dark,Clear,Yard,Cut of cars,6,30000,1000,91700,H021,29.424797000000002,-95.156090000000006
UP,0324TO010,2024-03-07,1:30 PM,Other impacts,0,EL PASO,TX,68.0,2,Day,Cloudy,Yard,Yard/switching,3,261,0,512,M105,31.753367000000001,-106.38866400000001
UP,1119HO022,2019-11-19,11:58 PM,Other impacts,0,HOUSTON,TX,63.0,4,Dark,Clear,Yard,Yard/switching,3,18666,0,20732,H306,29.794097000000001,-95.294456999999994
UP,1019SX010,2019-10-09,2:50 AM,Derailment,0,SMITHVILLE,TX,64.0,4,Dark,Clear,Main,Freight Train,15,195005,172980,367985,H504,30.007829999999998,-97.249523999999994
UP,0818FW010,2018-08-09,2:00 AM,Derailment,0,BIG SPRING,TX,68.0,4,Dark,Rain,Yard,Freight Train,4,11725,2457,14182,M507,32.256413999999999,-101.474535
DGNO,DGN913619D,2019-01-14,6:30 PM,Derailment,0,GARLAND,TX,42.0,3,Dusk,Clear,Yard,Yard/switching,20,113000,0,113000,H018,32.905884,-96.592772999999994
BNSF,KS0823112,2023-08-30,4:50 PM,Other (describe in narrative),0,AMARILLO,TX,75.0,2,Day,Clear,Yard,Freight Train,2,25050,0,25050,H307,35.213338,-101.83540600000001
NS,136510,2019-12-14,10:20 PM,Other (describe in narrative),0,NORFOLK,VA,40.0,4,Dark,Clear,Yard,Yard/switching,4,10596,0,12684,H306,36.871434000000001,-76.293488999999994
NS,119835,2016-03-23,12:55 AM,Rear end collision,0,TROUTVILLE,VA,49.0,4,Dark,Cloudy,Main,Freight Train,14,60,500,52287,H222,37.444426,-79.806275999999997
UP,0520RM033,2020-05-27,6:10 PM,Derailment,0,MOAB,UT,92.0,3,Dusk,Clear,Industry,Yard/switching,10,52203,200,52403,H995,38.605671999999998,-109.607141
CSX,000220189,2024-08-24,10:31 PM,Hwy-rail crossing,0,DOSWELL,VA,78.0,4,Dark,Clear,Main,,0,0,116,116,M308,37.860080000000004,-77.458247999999998
NS,114587,2015-02-28,12:30 PM,Derailment,0,VANSANT,VA,19.0,2,Day,Snow,Industry,Freight Train,3,35500,0,35500,M101,37.202809000000002,-82.093853999999993
NS,157766,2024-08-18,1:05 AM,Other impacts,0,NORFOLK,VA,-1.0,4,Dark,Cloudy,Yard,Single Car,6,1700,0,35800,M411,36.871878000000002,-76.295016000000004
UP,0921TO009,2021-09-06,6:15 PM,Derailment,0,DENISON,TX,90.0,3,Dusk,Clear,Yard,Yard/switching,7,11380,8370,19750,E05C,33.769857999999999,-96.603268999999997
UP,0919SX017,2019-09-16,11:25 AM,Hwy-rail crossing,0,GEORGE WEST,TX,90.0,2,Day,Clear,Main,Freight Train,46,26202,7669,33871,M308,28.399198999999999,-98.165788000000006
UP,0423RM030,2023-04-28,4:25 PM,Other impacts,0,SALT LAKE CITY,UT,67.0,2,Day,Clear,Yard,Single Car,2,10064,0,23083,E20C,40.724454000000001,-111.90857800000001
BNSF,RD1123121,2023-11-21,12:03 PM,Other (describe in narrative),0,FORT WORTH,TX,50.0,2,Day,Clear,Main,Light loco(s),12,0,30000,30000,H221,32.952267999999997,-97.357308000000003
UP,0220SX005,2020-02-07,7:47 PM,Derailment,0,SAN ANTONIO,TX,65.0,3,Dusk,Clear,Yard,Freight Train,1,21501,1099,22600,S011,29.361547999999999,-98.569529000000003
PNR,PNR213037,2021-10-01,10:08 AM,Derailment,0,BORGER,TX,65.0,2,Day,Rain,Industry,Cut of cars,14,108000,0,108000,H020,35.642453000000003,-101.40285
BNSF,RD0918109,2018-09-06,1:00 AM,Other impacts,0,GALVESTON,TX,80.0,4,Dark,Clear,Yard,Yard/switching,10,45778,0,45778,H318,29.294630999999999,-94.839229000000003
ATK,160879,2019-08-30,3:52 PM,Hwy-rail crossing,0,DAYTON,TX,92.0,2,Day,Clear,Main,Passenger Train - Pulling,60,103926,0,107906,M304,30.059207000000001,-94.992626000000001
PTRA,PTRA00003F,2022-11-19,6:04 PM,Raking collision,0,HOUSTON,TX,46.0,4,Dark,Clear,Yard,Yard/switching,7,58200,2500,91700,H021,29.424797000000002,-95.152608999999998
PTRA,2022000028,2022-06-22,3:00 AM,Side collision,0,HOUSTON,TX,75.0,4,Dark,Clear,Main,Freight Train,15,17076,0,67076,M302,29.720794000000001,-95.157713999999999
BNSF,RD1217101,2017-12-05,5:40 AM,Other (describe in narrative),0,BEAUMONT,TX,70.0,1,Dawn,Clear,Yard,Yard/switching,7,6360,7674,14034,H704,30.095707999999998,-94.117333000000002
BNSF,NW1116201,2016-11-12,7:45 PM,Hwy-rail crossing,0,KENT,WA,55.0,3,Dusk,Cloudy,Main,,0,0,0,38489,M302,47.377791999999999,-122.232973
UP,0423HO011,2023-04-05,10:27 AM,Other (describe in narrative),0,HOUSTON,TX,78.0,2,Day,Clear,Yard,Single Car,0,15344,0,15344,M411,29.815804,-95.287959999999998
UP,0321TO017,2021-03-16,4:00 AM,Other impacts,0,ARLINGTON,TX,61.0,1,Dawn,Cloudy,Yard,Freight Train,2,1860,0,18294,H310,32.746698000000002,-97.069205999999994
UP,0819TO029,2019-08-19,3:20 PM,Derailment,0,HILLSBORO,TX,98.0,2,Day,Clear,Main,Freight Train,48,1432314,162239,1594553,H504,32.056950000000001,-97.126147000000003
UP,0815PD017,2015-08-28,10:30 AM,Side collision,0,TACOMA,WA,65.0,2,Day,Clear,Yard,Yard/switching,2,80000,15434,120434,H607,47.246149000000003,-122.434781
UP,0322TO008,2022-03-12,1:24 AM,Other impacts,0,FORT WORTH,TX,29.0,4,Dark,Clear,Yard,Yard/switching,4,30946,2660,35064,M411,32.721698000000004,-97.379665000000003
BNSF,RD0519120,2019-05-19,8:00 PM,Derailment,0,HOUSTON,TX,80.0,3,Dusk,Clear,Yard,Yard/switching,3,12500,3500,16000,H702,29.702954999999999,-95.327629000000002
BNSF,RD0322103,2022-03-03,8:17 AM,Derailment,0,TEMPLE,TX,60.0,1,Dawn,Clear,Yard,Freight Train,7,62497,6326,68823,H503,31.120123,-97.349755000000002
BNSF,NW0216107,2016-02-11,11:45 PM,Raking collision,0,SPOKANE,WA,39.0,4,Dark,Rain,Yard,Light loco(s),8,40000,0,142000,H306,47.673583999999998,-117.32604499999999
BNSF,KS0622115,2022-06-24,9:40 PM,Derailment,0,AMARILLO,TX,75.0,4,Dark,Clear,Yard,Freight Train,6,12433,76900,89333,M203,35.198602999999999,-101.82926500000001
UP,0721TO010,2021-07-08,12:50 AM,Derailment,0,EL PASO,TX,81.0,4,Dark,Clear,Yard,Freight Train,4,51274,176605,227879,E29C,31.770451999999999,-106.47257999999999
UP,0220HO019,2020-02-17,7:44 AM,Derailment,0,DEER PARK,TX,63.0,2,Day,Cloudy,Yard,Yard/switching,2,5266,7400,12666,S104,29.683924000000001,-95.038938999999999
NS,131065,2018-09-24,7:32 PM,Other (describe in narrative),0,CREWE,VA,70.0,3,Dusk,Cloudy,Yard,Yard/switching,8,7633,3503,11136,H702,37.186981000000003,-78.143596000000002
CSX,000167590,2017-03-19,5:40 PM,Derailment,0,GREENWOOD,VA,49.0,3,Dusk,Clear,Main,Freight Train,15,18519,0,69803,E47C,38.038939999999997,-78.824517999999998
BNSF,NW0216109,2016-02-17,8:45 PM,Derailment,0,PASCO,WA,45.0,3,Dusk,Clear,Yard,Yard/switching,6,17375,4000,21375,M411,46.269579999999998,-119.10042
DGNO,DGN905622,2022-01-17,3:00 PM,Fire/violent rupture,0,DALLAS,TX,40.0,2,Day,Clear,Main,Freight Train,5,18000,0,18000,E73L,32.757157999999997,-96.782509000000005
CSX,000218810,2024-06-22,10:00 AM,Side collision,0,HOPEWELL,VA,92.0,2,Day,Clear,Yard,Yard/switching,0,8800,289,25089,H702,37.302714999999999,-77.284589999999994
UP,0620SX022,2020-06-13,3:40 PM,Other impacts,0,SAN ANTONIO,TX,91.0,2,Day,Clear,Yard,Yard/switching,1,13247,3750,17031,E08C,29.436069,-98.461607000000001
BNSF,SW1019107,2019-10-12,11:44 AM,Derailment,0,EL PASO,TX,75.0,2,Day,Clear,Yard,Light loco(s),2,1000,10141,11141,H307,31.752032,-106.490858
BNSF,KS0123203,2023-01-23,5:20 PM,Hwy-rail crossing,0,HEREFORD,TX,38.0,3,Dusk,Cloudy,Main,Freight Train,50,2000,250000,252000,M302,34.835782000000002,-102.354043
NS,145219,2022-05-09,4:05 PM,Derailment,0,ROANOKE,VA,72.0,3,Dusk,Clear,Main,Freight Train,9,2025,22119,24144,E36C,37.271810000000002,-79.936886000000001
UP,0521TO009,2021-05-09,9:25 AM,Other impacts,0,FORT WORTH,TX,77.0,2,Day,Clear,Yard,Single Car,0,6068,900,18208,H312,32.720858999999997,-97.381103999999993
UP,0422HO028,2022-04-28,12:05 AM,Derailment,0,HOUSTON,TX,68.0,4,Dark,Clear,Yard,Yard/switching,4,24119,377,24496,S013,29.795940000000002,-95.291280999999998
PTRA,2020000016,2020-09-02,5:15 AM,Derailment,0,CHANNELVIEW,TX,85.0,4,Dark,Clear,Industry,Freight Train,4,2000,20000,22000,H307,29.753605,-95.107798000000003
UP,0223HO040,2023-02-28,9:37 AM,Other impacts,0,LA PORTE,TX,72.0,2,Day,Rain,Yard,Single Car,5,11027,0,13690,M411,29.683776999999999,-95.038893000000002
UP,0723GC007,2023-07-08,12:53 PM,Hwy-rail crossing,0,SINTON,TX,80.0,2,Day,Clear,Main,,0,0,7099,41461,M302,28.032314,-97.510515999999996
CSX,000209831,2023-02-15,9:46 PM,Derailment,0,RICHMOND,VA,54.0,4,Dark,Clear,Yard,Freight Train,4,35700,0,57842,H312,37.569946999999999,-77.466883999999993
UP,0724TO022,2024-07-14,8:06 AM,Derailment,0,ABILENE,TX,78.0,2,Day,Clear,Main,Freight Train,36,2123419,710873,2834292,E54C,32.455092999999998,-99.818411999999995
BNSF,NW0516106,2016-05-18,6:30 AM,Other (describe in narrative),0,CHEHALIS,WA,54.0,1,Dawn,Clear,Main,Maint./inspect Car,8,0,60064,60064,H605,46.649808,-122.969922
UP,0819ST016,2019-08-12,3:00 PM,Hwy-rail crossing,0,EL PASO,TX,96.0,2,Day,Clear,Main,Freight Train,40,3876,148698,152574,M304,31.712789000000001,-106.34114700000001
UP,0124TO001,2024-01-02,3:15 AM,Derailment,0,ROANOKE,TX,30.0,4,Dark,Cloudy,Main,Freight Train,40,67137,1065960,1133097,E51C,33.043903,-97.207988
NS,133223,2019-03-14,6:15 PM,Other (describe in narrative),0,NORFOLK,VA,70.0,3,Dusk,Clear,Yard,Yard/switching,4,18963,5477,24440,H306,36.873776999999997,-76.301703000000003
UP,0923HO026,2023-09-21,7:20 AM,Derailment,0,LA PORTE,TX,92.0,2,Day,Clear,Yard,Yard/switching,2,168417,0,168417,M408,29.674987000000002,-95.039094000000006
UTAX,03032015A,2015-03-03,1:25 PM,Derailment,0,MIDVALE,UT,35.0,2,Day,Snow,Main,EMU,24,92000,20000,112000,E69C,40.461072000000001,-111.89337999999999
UP,0320RM020,2020-03-19,11:00 PM,Other impacts,0,SALT LAKE CITY,UT,39.0,4,Dark,Cloudy,Yard,Yard/switching,5,11863,0,11963,S103,40.708953000000001,-111.91070000000001
BNSF,RD1023127,2023-10-23,5:10 AM,Derailment,0,HASLET,TX,72.0,1,Dawn,Rain,Yard,Freight Train,10,224024,620104,844128,H307,32.980291000000001,-97.353313
UP,0419MA057,2019-04-18,4:43 AM,Obstruction,0,MAUD,TX,66.0,1,Dawn,Rain,Main,Freight Train,30,60595,250,60845,M105,33.343018000000001,-94.30865
WATX,190205002,2019-02-05,8:20 PM,Other impacts,0,HOUSTON,TX,48.0,4,Dark,Rain,Yard,Yard/switching,2,65000,0,65000,H018,29.755538000000001,-95.196293999999995
UP,0317UT001,2017-03-02,12:40 AM,Derailment,0,OGDEN,UT,25.0,4,Dark,Cloudy,Yard,Yard/switching,3,19722,139325,159047,H702,41.199801999999998,-111.985502
UP,0724HO024,2024-07-21,12:30 PM,Other impacts,0,HOUSTON,TX,95.0,2,Day,Cloudy,Yard,Yard/switching,7,54344,33880,88224,M411,29.814947,-95.288084999999995
UP,0319TO021,2019-03-16,2:52 AM,Derailment,0,ARLINGTON,TX,40.0,4,Dark,Clear,Yard,Freight Train,5,1241,11114,12355,H506,32.746828000000001,-97.072964999999996
BNSF,RD0320105,2020-03-07,9:12 PM,Derailment,0,JEWETT,TX,42.0,4,Dark,Clear,Main,Freight Train,38,15158,5000,20158,H703,31.370615999999998,-96.182837000000006
UP,1020HO003,2020-10-06,12:15 AM,Derailment,0,HOUSTON,TX,72.0,4,Dark,Cloudy,Yard,Yard/switching,4,99146,56405,155551,E69C,29.816389000000001,-95.288511
UP,0617UT002,2017-06-02,5:10 PM,Other impacts,0,SALT LAKE CITY,UT,78.0,2,Day,Clear,Yard,Yard/switching,4,32091,0,32250,H021,40.788637000000001,-111.909316
TMBL,04212017A,2017-04-21,4:15 AM,Hwy-rail crossing,0,TACOMA,WA,45.0,4,Dark,Clear,Yard,Yard/switching,10,29600,0,29600,M302,47.151155000000003,-122.24896
UP,0418FW027,2018-04-18,1:31 AM,Raking collision,0,MONAHANS,TX,68.0,4,Dark,Clear,Main,Freight Train,65,3326694,233290,3646910,M404,31.593616000000001,-102.898368
UP,0920HO032,2020-09-25,5:10 PM,Derailment,0,HOUSTON,TX,84.0,2,Day,Clear,Yard,Yard/switching,5,203177,113238,316415,H607,29.771635,-95.290840000000003
GVSR,GVS330719,2019-01-02,2:00 PM,Side collision,0,GALVESTON,TX,55.0,2,Day,Rain,Yard,Cut of cars,0,5576,0,17652,M599,29.180676999999999,-94.485369000000006
BNSF,RD0824115,2024-08-13,9:50 PM,Derailment,0,SOMERVILLE,TX,85.0,4,Dark,Clear,Siding,Freight Train,8,10097,28913,39010,H220,30.347339000000002,-96.528470999999996
CSX,000169341,2016-10-24,1:18 PM,Fire/violent rupture,0,SCOTTSVILLE,VA,75.0,2,Day,Clear,Main,Freight Train,40,34005,0,34005,M599,37.765931000000002,-78.557789
TMBL,04052017A,2017-04-05,9:20 AM,Side collision,0,TACOMA,WA,48.0,2,Day,Rain,Yard,Yard/switching,0,5000,0,50000,H210,47.252817,-122.402084
BNSF,RD0918129,2018-09-20,5:36 AM,Side collision,0,HOUSTON,TX,85.0,1,Dawn,Clear,Yard,Yard/switching,4,27038,0,37366,H318,29.706502,-95.329434000000006
UP,0120RM017,2020-01-09,5:15 PM,Fire/violent rupture,0,SALT LAKE CITY,UT,37.0,2,Day,Cloudy,Yard,Yard/switching,5,39192,0,39192,E74L,40.703361000000001,-111.906605
NS,151573,2022-11-28,1:50 PM,Hwy-rail crossing,0,WINDSOR,VA,45.0,2,Day,Clear,Main,Yard/switching,40,38,15504,15542,M303,36.811695999999998,-76.750946999999996
UP,1122TO029,2022-11-27,12:41 AM,Other impacts,0,EL PASO,TX,53.0,4,Dark,Clear,Main,Freight Train,8,91496,0,144672,H607,31.738095999999999,-106.370813
BNSF,RD0219202,2019-02-14,9:39 AM,Hwy-rail crossing,0,SANGER,TX,60.0,2,Day,Clear,Main,Freight Train,37,4000,16000,20000,M302,33.323048999999997,-97.167765000000003
UP,0923ES016,2023-09-08,11:11 AM,Obstruction,0,BIG SANDY,TX,100.0,2,Day,Clear,Main,Spec. MoW Equip.,25,1906,0,81906,H025,32.583174,-95.104866000000001
UP,0623TO010,2023-06-09,10:54 AM,Hwy-rail crossing,0,FORT WORTH,TX,83.0,2,Day,Clear,Main,Freight Train,15,28725,63185,91910,M302,32.730029999999999,-97.364778999999999
UP,0422TO025,2022-04-21,7:26 AM,Derailment,0,FORT WORTH,TX,72.0,1,Dawn,Clear,Yard,Freight Train,4,279026,66,279092,E7AL,32.745195000000002,-97.322779999999995
BNSF,RD1120112,2020-11-16,9:50 PM,Derailment,0,CLEBURNE,TX,55.0,4,Dark,Clear,Yard,Cut of cars,0,30462,0,544458,H504,32.351750000000003,-97.382456000000005
UP,0821HO009,2021-08-09,2:30 PM,Derailment,0,HOUSTON,TX,95.0,2,Day,Cloudy,Yard,Freight Train,6,6717,14092,20809,E40C,29.793030000000002,-95.293833000000006
UP,0224TO009,2024-02-05,6:11 PM,Derailment,0,EL PASO,TX,65.0,3,Dusk,Clear,Yard,Yard/switching,4,97485,69955,167440,H504,31.743527,-106.376642
BNSF,NW0516116,2016-05-25,1:00 PM,Other (describe in narrative),0,WENATCHEE,WA,83.0,2,Day,Clear,Siding,Maint./inspect Car,6,20000,0,20000,H997,47.372385000000001,-120.197104
CSX,000218788,2024-06-21,1:20 AM,Derailment,0,NEWPORT NEWS,VA,71.0,4,Dark,Clear,Yard,Freight Train,5,30000,0,30000,M501,37.017218999999997,-76.448280999999994
UP,0818HO009,2018-08-08,5:22 AM,Other impacts,0,LA PORTE,TX,85.0,1,Dawn,Cloudy,Yard,Cut of cars,4,14133,0,29550,M404,29.675709000000001,-95.038923999999994
NS,128957,2018-03-23,5:57 PM,Derailment,0,MADISONVILLE,VA,45.0,3,Dusk,Clear,Main,Freight Train,45,620008,492536,1112544,T221,37.204821000000003,-78.669124999999994
UP,1022SX010,2022-10-13,5:45 PM,Other impacts,0,SAN ANTONIO,TX,92.0,2,Day,Clear,Yard,Yard/switching,0,1190,0,21884,H022,29.380979,-98.553087000000005
UP,1219TO010,2019-12-06,10:20 PM,Other impacts,0,DALLAS,TX,52.0,4,Dark,Clear,Industry,Yard/switching,2,96398,0,126161,H302,32.75506,-96.778976
UP,0518HO026,2018-05-14,9:00 AM,Other impacts,0,HOUSTON,TX,80.0,2,Day,Clear,Yard,Yard/switching,4,5535,0,64383,M201,29.826483,-95.290171999999998
BNSF,KS1120115,2020-11-30,1:30 AM,Derailment,0,DUMAS,TX,28.0,4,Dark,Clear,Yard,Freight Train,6,34340,0,34340,H312,36.023581999999998,-101.99602299999999
UP,1220SX013,2020-12-10,3:37 AM,Fire/violent rupture,0,DEVINE,TX,40.0,4,Dark,Clear,Main,Freight Train,50,326281,0,326281,M406,29.124366999999999,-98.914776000000003
BNSF,NW0418116,2018-04-28,8:40 PM,Derailment,0,SEATTLE,WA,50.0,3,Dusk,Cloudy,Yard,Light loco(s),8,75000,17000,92000,H607,47.654212999999999,-122.383847
UP,0223HO004,2023-02-02,11:00 AM,Hwy-rail crossing,0,LONGVIEW,TX,37.0,2,Day,Cloudy,Main,Freight Train,35,12443,66,12509,M303,32.469692999999999,-94.770155000000003
UP,0618HO011,2018-06-07,12:05 AM,Derailment,0,HOUSTON,TX,88.0,4,Dark,Cloudy,Yard,Yard/switching,4,4772,10062,14834,T220,29.796348999999999,-95.295631
TXGN,TXGN191210,2019-12-10,12:30 PM,Derailment,0,GONZALES,TX,45.0,2,Day,Cloudy,Yard,Freight Train,6,32900,200,33100,H303,29.607595,-97.466397000000001
CSX,000170093,2017-07-08,2:59 AM,Derailment,0,RICHMOND,VA,81.0,4,Dark,Clear,Main,Freight Train,4,39461,58384,97845,H503,37.599466999999997,-77.487802000000002
BNSF,NW0617201,2017-06-21,2:25 PM,Hwy-rail crossing,0,PLYMOUTH,WA,88.0,2,Day,Clear,Main,Freight Train,58,67500,0,67500,M302,45.927633,-119.413923
BNSF,RD0819107,2019-08-06,5:00 AM,Derailment,0,BEAUMONT,TX,85.0,1,Dawn,Clear,Yard,,0,0,9920,11025,H703,30.08877,-94.112482999999997
BNSF,NW1216112,2016-12-20,9:00 AM,Side collision,0,SPOKANE,WA,38.0,2,Day,Snow,Yard,Yard/switching,4,1191,0,39398,H318,47.672840000000001,-117.321344
UP,0118UT029,2018-01-17,7:15 AM,Derailment,0,OGDEN,UT,35.0,4,Dark,Clear,Yard,Freight Train,2,6985,7838,14823,H702,41.215755000000001,-111.982732
KFR,KFR151272,2015-10-17,1:50 PM,Other impacts,0,KETTLE FALLS,WA,72.0,2,Day,Clear,Yard,Light loco(s),13,100000,0,100000,H607,48.372923,-118.06444999999999
BNSF,RD0323127,2023-03-25,5:29 PM,Derailment,0,TEMPLE,TX,70.0,3,Dusk,Clear,Yard,Yard/switching,6,11200,1946,13146,H019,31.117730000000002,-97.350177000000002
FWWR,21061102,2021-06-11,7:00 AM,Hwy-rail crossing,0,STEPHENVILLE,TX,80.0,1,Dawn,Clear,Main,Spec. MoW Equip.,3,100000,0,100000,M308,32.215218,-98.210735999999997
BNSF,KS0222201,2022-02-01,5:26 PM,Hwy-rail crossing,0,AMARILLO,TX,18.0,3,Dusk,Cloudy,Main,Freight Train,45,14335,7000,21335,M302,35.241219000000001,-101.689108
BNSF,RD0120118,2020-01-27,11:53 AM,Derailment,0,BROWNWOOD,TX,55.0,2,Day,Clear,Yard,Freight Train,9,13561,14930,28491,H703,31.712482000000001,-98.966081000000003
BNSF,NW0515118,2015-05-24,1:35 AM,Broken train collision,0,CONNELL,WA,46.0,4,Dark,Clear,Main,Freight Train,31,15100,0,15100,E33C,46.600740999999999,-118.952505
UP,1221HO007,2021-12-10,6:50 AM,Hwy-rail crossing,0,RICHMOND,TX,76.0,1,Dawn,Clear,Main,Freight Train,37,20401,26132,46533,M304,29.584264999999998,-95.760447999999997
UP,0717LK022,2017-07-15,11:50 PM,Obstruction,0,LONGVIEW,TX,80.0,4,Dark,Clear,Industry,Freight Train,0,58321,33,58354,M402,32.443936999999998,-94.727176
BNSF,RD1119101,2019-11-01,3:30 AM,Derailment,0,TEAGUE,TX,45.0,4,Dark,Cloudy,Main,Freight Train,5,7393,163500,185893,H607,31.627244000000001,-96.285931000000005
UP,1119HO020,2019-11-19,9:30 PM,Other impacts,0,DAYTON,TX,60.0,4,Dark,Clear,Industry,Yard/switching,5,40000,150,45123,H306,30.013532000000001,-94.901625999999993
UP,1117ST026,2017-11-21,10:22 PM,Other impacts,0,EL PASO,TX,64.0,4,Dark,Clear,Yard,Yard/switching,6,85109,0,85242,H018,31.747598,-106.38149
XTGS,F242019,2019-09-17,9:30 PM,Derailment,0,ANAHUAC,TX,85.0,4,Dark,Rain,Yard,Yard/switching,4,15173,14310,29483,H306,29.699088,-94.897498999999996
UP,0820SX011,2020-08-16,1:00 PM,Other impacts,0,KATY,TX,93.0,2,Day,Clear,Industry,Cut of cars,0,34387,0,86386,H302,29.786358,-95.807822999999999
UP,1122HO020,2022-11-18,7:28 AM,Other impacts,0,HOUSTON,TX,49.0,2,Day,Cloudy,Yard,Yard/switching,0,35927,0,40124,H318,29.822883000000001,-95.289159999999995
UP,0923GC010,2023-09-05,7:30 PM,Derailment,0,PORT ARTHUR,TX,86.0,3,Dusk,Clear,Industry,Freight Train,7,3574,10264,13838,H702,29.853605000000002,-93.973220999999995
ATK,155988,2018-10-25,7:54 PM,Hwy-rail crossing,0,SUFFOLK,VA,46.0,4,Dark,Clear,Main,Passenger Train - Pulling,77,6344,0,34519,M308,36.727167999999999,-76.579445000000007
BNSF,RD0719102,2019-07-02,3:00 PM,Derailment,0,FORT WORTH,TX,87.0,2,Day,Clear,Yard,Yard/switching,6,12165,41077,53242,H607,32.812399999999997,-97.321141999999995
UP,0824HO046,2024-08-24,7:50 AM,Derailment,0,ANGLETON,TX,73.0,2,Day,Clear,Yard,Freight Train,6,16273,6640,24409,H703,29.151675000000001,-95.441489000000004
UP,0522HO031,2022-05-31,3:15 AM,Derailment,0,GALVESTON,TX,84.0,4,Dark,Clear,Industry,Yard/switching,3,51898,366,52264,H702,29.290838999999998,-94.858530000000002
NS,145775,2022-07-07,3:00 AM,Other impacts,0,ROANOKE,VA,72.0,4,Dark,Clear,Yard,Yard/switching,4,25000,613,25613,H318,37.277109000000003,-79.982322999999994
UP,0615UT006,2015-06-20,2:50 AM,Derailment,0,SALT LAKE CITY,UT,63.0,4,Dark,Clear,Yard,Freight Train,4,25670,112679,138349,H704,40.774549,-111.90531
BNSF,NW1016121,2016-10-12,10:00 PM,Other impacts,0,PASCO,WA,50.0,4,Dark,Cloudy,Yard,Yard/switching,2,14319,0,14319,S016,46.267941,-119.099675
UP,0722TO051,2022-07-25,1:24 PM,Other impacts,0,FORT WORTH,TX,98.0,2,Day,Clear,Yard,Yard/switching,2,1850,0,19521,M407,32.721055999999997,-97.381202999999999
UP,0823RM029,2023-08-22,5:30 AM,Derailment,0,OGDEN,UT,74.0,1,Dawn,Rain,Yard,Yard/switching,1,20366,1654,22020,H318,41.203102999999999,-111.985782
UP,0123RM048,2023-01-15,10:25 AM,Obstruction,0,GILLULY,UT,26.0,2,Day,Cloudy,Main,,0,0,0,0,M403,39.929577000000002,-111.18348899999999
UP,0621HO004,2021-06-04,10:35 AM,Other impacts,0,LA PORTE,TX,76.0,2,Day,Rain,Yard,Yard/switching,4,29475,6566,92260,M407,29.683202000000001,-95.038878999999994
UP,0920SX025,2020-09-18,4:30 PM,Other impacts,0,SAN ANTONIO,TX,88.0,2,Day,Clear,Yard,Yard/switching,6,5225,0,20541,H513,29.435089000000001,-98.451948000000002
UP,0519HO001,2019-05-22,6:08 PM,Other (describe in narrative),0,DAYTON,TX,84.0,3,Dusk,Cloudy,Yard,Single Car,0,11539,0,11539,M507,29.875679000000002,-94.908759000000003