reportingrailroadcode,accidentnumber,date,time,accidenttype,hazmatreleasedcars,station,stateabbr,temperature,visibility_code,visibility,weathercondition,tracktype,equipmenttype,trainspeed,equipmentdamagecost,trackdamagecost,totaldamagecost,primaryaccidentcausecode,latitude,longitude
KCS,21111902,2021-11-19,10:15 AM,Hwy-rail crossing,0,MISSOURI CITY,TX,65.0,2,Day,Clear,Main,Freight Train,44,1820,0,106435,M304,29.623828,-95.526252999999997
UP,0722TO008,2022-07-05,7:45 AM,Derailment,0,FORT WORTH,TX,81.0,2,Day,Clear,Yard,Yard/switching,4,12032,1045,13077,E11C,32.721539999999997,-97.381465000000006
BNSF,NW1015106,2015-10-15,5:00 PM,Derailment,0,TACOMA,WA,66.0,2,Day,Clear,Main,Freight Train,1,35000,0,35000,H514,47.245938000000002,-122.434741
UP,0923SX006,2023-09-10,1:30 AM,Derailment,0,SAN ANTONIO,TX,79.0,4,Dark,Cloudy,Yard,Yard/switching,4,20412,2940,23352,H504,29.379251,-98.555649000000003
CLP,1825,2024-06-07,6:45 PM,Obstruction,0,FLORENCE,VT,75.0,2,Day,Clear,Industry,Yard/switching,2,15847,0,15847,H311,43.709175000000002,-73.912558000000004
BNSF,NW1214104,2014-12-07,2:30 AM,Raking collision,0,SPOKANE,WA,34.0,4,Dark,Cloudy,Yard,Yard/switching,3,3202,0,11497,H306,47.673811000000001,-117.31462399999999
UP,1222HO011,2022-12-12,8:00 AM,Derailment,0,LA PORTE,TX,64.0,2,Day,Cloudy,Yard,Yard/switching,4,8070,38030,46100,H702,29.677154000000002,-95.039520999999993
UP,0919HO019,2019-09-20,4:30 AM,Other (describe in narrative),0,HOUSTON,TX,79.0,1,Dawn,Cloudy,Yard,Yard/switching,5,100,51788,51888,E30C,29.788443999999998,-95.304455000000004
XTGS,032023,2023-02-06,8:40 AM,Derailment,0,BAYTOWN,TX,65.0,2,Day,Clear,Yard,Yard/switching,5,0,0,0,H303,29.699795000000002,-94.892189000000002
BNSF,NW0318117,2018-03-24,9:30 AM,Derailment,0,VANCOUVER,WA,41.0,2,Day,Rain,Yard,Freight Train,7,11721,27224,43148,H702,45.650872999999997,-122.688455
UP,0120HO024,2020-01-25,4:37 PM,Other impacts,0,HOUSTON,TX,65.0,2,Day,Cloudy,Yard,Single Car,0,21272,0,115154,M407,29.795634,-95.295274000000006
BNSF,KS0719113,2019-07-30,5:20 AM,Side collision,0,AMARILLO,TX,78.0,1,Dawn,Clear,Yard,Yard/switching,6,33477,0,172866,H307,35.201185000000002,-101.828452
BNSF,RD0220126,2020-02-18,5:43 AM,Obstruction,0,ANTON,TX,41.0,1,Dawn,Clear,Main,Freight Train,42,200,15500,15700,M402,33.805734999999999,-102.16323300000001
BNSF,RD0824104,2024-08-03,11:08 AM,Derailment,0,TEMPLE,TX,91.0,2,Day,Clear,Yard,Yard/switching,4,505752,59092,564844,H019,31.106576,-97.348969999999994
NS,140384,2021-01-23,9:00 AM,Other impacts,0,ROANOKE,VA,50.0,2,Day,Cloudy,Yard,Yard/switching,3,37050,0,37050,H601,37.277109000000003,-79.982322999999994
UP,0419GC053,2019-04-27,11:49 AM,Derailment,0,HOUSTON,TX,81.0,2,Day,Clear,Yard,Freight Train,7,17406,1100,18506,E65C,29.794968999999998,-95.290695999999997
NS,143069,2021-10-05,4:32 PM,Obstruction,0,SALEM,VA,80.0,3,Dusk,Clear,Yard,Spec. MoW Equip.,0,10000,0,59976,H306,37.271993999999999,-80.014903000000004
CSX,000151956,2015-09-10,12:59 PM,Hwy-rail crossing,0,SKIPPERS,VA,82.0,2,Day,Cloudy,Main,,0,0,0,20000,M302,36.546281,-77.530079999999998
UP,0424RM025,2024-04-22,7:45 AM,Derailment,0,OGDEN,UT,53.0,2,Day,Clear,Yard,Freight Train,0,402,0,12523,T221,41.182025000000003,-111.990723
NS,138890,2020-08-18,2:07 AM,Other impacts,0,ROANOKE,VA,72.0,4,Dark,Cloudy,Yard,Single Car,5,1200,0,18504,H312,37.277109000000003,-79.982320999999999
BNSF,RD0919102,2019-09-04,9:45 PM,Derailment,0,DAYTON,TX,80.0,4,Dark,Clear,Yard,Yard/switching,6,51145,5000,56145,E46C,29.997069,-94.907179999999997
UP,0919SX023,2019-09-22,8:50 PM,Other impacts,0,SAN ANTONIO,TX,90.0,4,Dark,Cloudy,Yard,Yard/switching,0,30837,0,227462,H702,29.383358999999999,-98.551181
BNSF,NW0424119,2024-04-13,10:01 AM,Raking collision,0,TUKWILA,WA,48.0,2,Day,Clear,Main,,0,0,0,33671,M404,47.471955000000001,-122.24787000000001
CSX,000209047,2023-01-01,10:43 PM,Derailment,0,COVINGTON,VA,56.0,4,Dark,Cloudy,Yard,Yard/switching,12,11995,7611,19606,H601,37.79175,-79.993500999999995
UP,1118LK020,2018-11-11,11:07 PM,Derailment,0,TEXARKANA,TX,42.0,4,Dark,Rain,Main,Yard/switching,2,140094,58866,198960,H525,33.414915999999998,-94.051306999999994
UP,1222HO029,2022-12-26,10:00 PM,Derailment,0,BAYTOWN,TX,39.0,4,Dark,Cloudy,Industry,Light loco(s),6,15748,0,15748,H706,29.786325999999999,-94.901000999999994
ATK,150985,2017-12-18,7:33 AM,Derailment,0,DU PONT,WA,48.0,1,Dawn,Rain,Main,Passenger Train - Pulling,78,25406000,0,25831000,H604,47.082417999999997,-122.67515400000001
AWRR,220628004,2022-06-28,9:37 PM,Derailment,0,BURNET,TX,85.0,4,Dark,Clear,Main,Freight Train,8,50000,120000,170000,M204,30.755610999999998,-98.202297999999999
BNSF,RD0919124,2019-09-23,7:00 PM,Derailment,0,TEAGUE,TX,84.0,3,Dusk,Clear,Yard,Cut of cars,0,8345,0,467062,H503,31.629242000000001,-96.286286000000004
UP,0223HO040,2023-02-28,9:37 AM,Other impacts,0,LA PORTE,TX,72.0,2,Day,Rain,Yard,Single Car,0,2663,0,13690,M411,29.683776999999999,-95.038893000000002
UP,0322SX022,2022-03-26,3:30 PM,Other impacts,0,SAN ANTONIO,TX,90.0,2,Day,Clear,Yard,Yard/switching,0,11645,0,53018,H306,29.382308999999999,-98.552470999999997
UP,1221SX012,2021-12-14,10:10 PM,Hwy-rail crossing,0,LULING,TX,69.0,4,Dark,Cloudy,Main,,0,0,149640,250890,M302,29.682337,-97.662923000000006
UP,1220TO026,2020-12-21,11:36 PM,Other impacts,0,FORT WORTH,TX,55.0,4,Dark,Cloudy,Yard,Light loco(s),10,5197,0,12039,H307,32.718026000000002,-97.389014000000003
UP,0923TO011,2023-09-05,6:36 PM,Derailment,0,FORT WORTH,TX,101.0,3,Dusk,Clear,Yard,Yard/switching,4,21489,132,48357,S007,32.714539000000002,-97.397153000000003
UP,0718UT011,2018-07-09,2:50 AM,Derailment,0,SALT LAKE CITY,UT,77.0,4,Dark,Clear,Yard,Yard/switching,7,74050,72072,146122,H503,40.709004999999998,-111.909042
BNSF,RD1020124,2020-10-01,3:24 AM,Derailment,0,SPOFFORD,TX,63.0,4,Dark,Clear,Siding,Freight Train,27,634118,0,750263,T220,29.217836999999999,-100.264015
UP,0523TO001,2023-05-01,2:00 AM,Derailment,0,ARLINGTON,TX,65.0,4,Dark,Clear,Yard,Freight Train,6,67741,5770,73511,E06C,32.742848000000002,-97.070961999999994
CSX,000163861,2016-10-26,3:26 PM,Other impacts,0,CLIFTON FORGE,VA,62.0,2,Day,Clear,Main,Freight Train,3,52815,0,64941,H302,37.813794000000001,-79.828812999999997
UP,0522TO005,2022-05-03,4:05 AM,Hwy-rail crossing,0,MIDLAND,TX,62.0,1,Dawn,Clear,Main,Freight Train,40,27680,20464,48144,M302,31.972572,-102.11882
UP,1120HO024,2020-11-24,9:45 PM,Other impacts,0,LA PORTE,TX,73.0,4,Dark,Cloudy,Yard,Yard/switching,4,9871,1714,26670,M411,29.684352000000001,-95.038908000000006
UP,0818FW018,2018-08-11,7:26 PM,Fire/violent rupture,0,GRAND SALINE,TX,89.0,3,Dusk,Rain,Main,Freight Train,48,43858,0,43858,E74L,32.671287999999997,-95.651809999999998
NS,126345,2017-08-22,11:25 PM,Hwy-rail crossing,0,AMHERST,VA,82.0,4,Dark,Clear,Main,,0,0,32584,35593,M302,37.5777,-79.048799000000002
BNSF,KS0820101,2020-08-04,10:00 PM,Side collision,0,AMARILLO,TX,91.0,4,Dark,Clear,Yard,Yard/switching,5,2208,500,22929,H306,35.187282000000003,-101.833263
CSCD,CSC909316D,2016-03-14,1:20 PM,Derailment,0,RIVERSIDE,WA,40.0,2,Day,Clear,Main,Freight Train,10,29643,71900,101543,M599,48.541969000000002,-119.4881
BNSF,RD0124126,2024-01-31,11:15 AM,Derailment,0,FORT WORTH,TX,51.0,2,Day,Clear,Yard,Yard/switching,8,31750,1500,33250,H018,32.812837000000002,-97.321496999999994
KCS,22072701,2022-07-27,8:50 AM,Hwy-rail crossing,0,HUNGERFORD,TX,90.0,2,Day,Clear,Main,Freight Train,46,18245,0,18245,M302,29.415603000000001,-96.053245000000004
NS,137802,2020-04-23,12:30 PM,Derailment,0,SHENANDOAH,VA,65.0,2,Day,Cloudy,Yard,Freight Train,9,155388,58226,213614,H520,38.469540000000002,-78.617001999999999
UP,0221HO017,2021-02-11,8:00 AM,Other impacts,0,HOUSTON,TX,39.0,2,Day,Rain,Yard,Single Car,0,52159,0,74702,S007,29.796631000000001,-95.291505000000001
UP,0717DV016,2017-07-15,3:15 PM,Fire/violent rupture,0,THOMPSON,UT,101.0,2,Day,Clear,Main,Freight Train,40,22117,0,22117,E79L,39.119081999999999,-109.078935
KCS,19082301,2019-08-23,12:45 AM,Hwy-rail crossing,0,BEASLEY,TX,90.0,4,Dark,Clear,Main,Freight Train,24,8003,3910,11913,M301,29.490831,-95.929186999999999
UP,0119ST061,2019-01-27,3:54 PM,Derailment,0,EL PASO,TX,58.0,2,Day,Clear,Yard,Cut of cars,0,43820,0,251279,H305,31.756692999999999,-106.392625
NS,157127,2024-06-22,10:00 AM,Side collision,0,HOPEWELL,VA,91.0,2,Day,Clear,Yard,Freight Train,8,16000,0,25089,H702,37.302714999999999,-77.284589999999994
UP,1222HO040,2022-12-29,10:30 AM,Other impacts,0,HOUSTON,TX,73.0,2,Day,Clear,Yard,Yard/switching,2,77202,99,77301,E29C,29.788730000000001,-95.309051999999994
KCS,19012502,2019-01-25,5:50 PM,Hwy-rail crossing,0,VICTORIA,TX,65.0,2,Day,Clear,Main,Freight Train,32,82,10941,11023,M303,28.837064999999999,-96.918165999999999
XTGS,F0162019,2019-05-06,4:48 PM,Raking collision,0,ANAHUAC,TX,82.0,2,Day,Clear,Industry,Yard/switching,6,45068,0,45068,H307,29.699088,-94.897498999999996
WACR,1217,2015-08-31,3:25 PM,Derailment,0,SAINT JOHNSBURY,VT,81.0,2,Day,Clear,Main,Freight Train,12,15700,45160,60860,E46C,44.262419999999999,-72.010270000000006
UP,0721RM009,2021-07-09,8:55 PM,Derailment,0,OGDEN,UT,99.0,4,Dark,Cloudy,Yard,Yard/switching,2,155408,14881,170289,H503,41.225347999999997,-111.98460799999999
BNSF,NW1015104,2015-10-13,1:45 PM,Derailment,0,VANCOUVER,WA,70.0,2,Day,Clear,Yard,Yard/switching,7,7094,7700,14794,H307,45.652996000000002,-122.688406
UP,1122HO007,2022-11-11,3:55 AM,Other impacts,0,LA PORTE,TX,65.0,4,Dark,Clear,Yard,Single Car,4,37056,0,49588,M411,29.683776999999999,-95.038893000000002
BNSF,RD0621206,2021-06-25,1:45 PM,Hwy-rail crossing,0,MOODY,TX,95.0,2,Day,Clear,Main,Freight Train,25,1000,35000,36000,M302,31.297812,-97.363861999999997
UP,0122SX007,2022-01-14,3:00 AM,Other impacts,0,SAN ANTONIO,TX,43.0,4,Dark,Clear,Yard,Single Car,5,0,0,12544,H318,29.436216000000002,-98.466513000000006
UP,1219SX017,2019-12-21,10:07 PM,Derailment,0,TAYLOR,TX,43.0,4,Dark,Cloudy,Yard,Freight Train,10,164135,3020,278679,H306,30.566815999999999,-97.416032999999999
PTRA,2018000021,2018-04-16,6:00 PM,Derailment,0,DEER PARK,TX,70.0,3,Dusk,Clear,Main,Freight Train,5,8000,7000,15000,E46C,29.720776000000001,-95.115725999999995
CSX,000166769,2017-02-13,12:15 AM,Derailment,0,RICHMOND,VA,38.0,4,Dark,Clear,Yard,Freight Train,5,153527,7000,166141,T220,37.581856000000002,-77.475458000000003
BNSF,RD0820112,2020-08-10,8:20 PM,Derailment,0,CLEBURNE,TX,92.0,3,Dusk,Clear,Yard,Freight Train,8,66530,6000,72530,H503,32.353228999999999,-97.382632999999998
CSX,000219676,2024-07-31,12:51 PM,Derailment,0,CARSON,VA,91.0,2,Day,Clear,Main,Freight Train,51,745,18096,18841,E68C,37.043332999999997,-77.396315000000001
UP,0823TO037,2023-08-22,5:57 PM,Derailment,0,SANTO,TX,100.0,2,Day,Clear,Main,Freight Train,36,23234,5656,28890,E39C,32.576183999999998,-98.239134000000007
RLAX,RLAX111220,2020-11-12,8:00 PM,Side collision,0,BAYTOWN,TX,50.0,4,Dark,Clear,Yard,Light loco(s),4,24623,0,62807,H399,29.771792000000001,-94.895629999999997
BNSF,RD0719132,2019-07-30,4:40 PM,Derailment,0,JUSTIN,TX,101.0,2,Day,Clear,Yard,Light loco(s),3,11600,0,11600,H211,32.996142999999996,-97.354332999999997
UP,1219ST004,2019-12-14,10:30 AM,Derailment,0,EL PASO,TX,61.0,2,Day,Clear,Yard,Yard/switching,4,10996,0,10996,H318,31.747911999999999,-106.38198
UP,1121HO003,2021-11-04,2:36 AM,Other impacts,0,HOUSTON,TX,52.0,4,Dark,Rain,Yard,Single Car,0,22823,0,68411,M411,29.790797999999999,-95.305582999999999
UP,0524HO025,2024-05-16,6:30 PM,Other impacts,0,HOUSTON,TX,78.0,3,Dusk,Rain,Yard,Single Car,2,78,0,37915,M102,29.812794,-95.288639000000003
UP,0123SX022,2023-01-26,6:30 AM,Other impacts,0,SAN ANTONIO,TX,33.0,1,Dawn,Clear,Yard,Yard/switching,7,9027,33,40548,H602,29.379859,-98.553773000000007
RLAX,RLAX22021,2021-02-20,2:05 AM,Raking collision,0,BAYTOWN,TX,40.0,4,Dark,Clear,Yard,Yard/switching,6,11200,0,11200,H021,29.765834000000002,-94.895832999999996
BNSF,NW0517116,2017-05-29,2:40 PM,Other (describe in narrative),0,CONNELL,WA,96.0,2,Day,Clear,Main,Freight Train,7,0,23718,23718,H705,46.632565999999997,-118.90245400000001
ATK,173190,2022-12-26,6:08 PM,Hwy-rail crossing,0,SPOTSYLVANIA,VA,40.0,4,Dark,Clear,Main,Passenger Train - Pulling,40,22412,0,22634,M302,38.240884999999999,-77.435624000000004
BNSF,RD0518103,2018-05-02,1:30 AM,Derailment,0,SAGINAW,TX,68.0,4,Dark,Rain,Yard,Yard/switching,10,418479,35000,453479,H021,32.823419000000001,-97.354035999999994
UP,0723TO016,2023-07-10,11:30 PM,Other impacts,0,FORT WORTH,TX,88.0,4,Dark,Cloudy,Yard,Cut of cars,0,1640,0,41017,S016,32.724747999999998,-97.373738000000003
NS,134031,2019-05-22,1:40 PM,Derailment,0,HOPEWELL,VA,86.0,2,Day,Clear,Yard,Freight Train,4,21109,21786,42895,H306,37.297159000000001,-77.292711999999995
UP,0418UT016,2018-04-19,2:40 PM,Other impacts,0,OGDEN,UT,65.0,2,Day,Cloudy,Yard,Yard/switching,8,123299,34667,176986,E39C,41.202343999999997,-111.985192
UP,0819RM011,2019-08-09,7:43 PM,Derailment,0,OGDEN,UT,84.0,3,Dusk,Clear,Yard,Freight Train,9,15347,300,15647,H504,41.218411000000003,-111.986048
ATK,157246,2019-01-18,11:09 AM,Hwy-rail crossing,0,PROVIDENCE FORGE,VA,46.0,2,Day,Cloudy,Main,Passenger Train - Pulling,61,20022,0,20022,M302,37.415722000000002,-76.940074999999993
UP,0917PD031,2017-09-24,9:00 AM,Other impacts,0,TOUCHET,WA,65.0,2,Day,Clear,Yard,Yard/switching,3,0,0,43182,E20C,46.096321000000003,-118.91343500000001
BNSF,NW0115104,2015-01-10,5:40 PM,Derailment,0,PASCO,WA,36.0,3,Dusk,Cloudy,Yard,Yard/switching,9,29571,500,30071,H601,46.233654000000001,-119.0851
BNSF,SW0419108,2019-04-18,11:55 PM,Rear end collision,0,EL PASO,TX,55.0,4,Dark,Clear,Yard,Freight Train,10,313731,0,563731,H702,31.80735,-106.548796
UP,0823HO034,2023-08-31,3:34 PM,Hwy-rail crossing,0,HOUSTON,TX,100.0,2,Day,Cloudy,Main,Freight Train,37,9024,185433,194457,M303,29.930164999999999,-95.641932999999995
BNSF,RD1023101,2023-10-01,2:26 AM,Other impacts,0,POST,TX,79.0,4,Dark,Clear,Main,Freight Train,0,968132,0,2513736,H310,33.285502999999999,-101.479555
UP,0319GC004,2019-03-02,6:30 AM,Other impacts,0,HOUSTON,TX,57.0,1,Dawn,Cloudy,Yard,Single Car,0,159,0,24951,S007,29.792576,-95.298006000000001
UP,1118ST023,2018-11-17,5:00 AM,Fire/violent rupture,0,EL PASO,TX,60.0,1,Dawn,Clear,Main,Freight Train,20,83512,0,83512,E73L,31.775635000000001,-106.46144
UP,0522RM028,2022-05-29,10:00 PM,Obstruction,0,PRICE,UT,48.0,4,Dark,Clear,Industry,,0,0,28334,96334,E86C,39.527374000000002,-110.768585
VREX,030517,2017-03-05,6:35 PM,Derailment,0,SPOTSYLVANIA,VA,43.0,2,Day,Cloudy,Yard,Light loco(s),3,13120,1929,15049,H607,38.213405999999999,-77.437590999999998
BNSF,RD0323114,2023-03-11,2:07 AM,Derailment,0,LUBBOCK,TX,48.0,4,Dark,Clear,Yard,Yard/switching,6,5430,6800,12230,H307,33.608868000000001,-101.855251
UP,0822RM018,2022-08-23,3:00 PM,Derailment,0,CLEARFIELD,UT,90.0,2,Day,Clear,Industry,Yard/switching,4,14788,0,14788,M501,41.094287000000001,-112.031597
UP,0618FW008,2018-06-07,9:10 AM,Hwy-rail crossing,0,GORDON,TX,100.0,2,Day,Cloudy,Main,Freight Train,58,11518,165,11683,M302,32.544756,-98.297774000000004
UP,1122HO004,2022-11-08,8:10 AM,Derailment,0,HOUSTON,TX,72.0,2,Day,Cloudy,Main,Freight Train,4,32691,1559,34250,H704,29.786200000000001,-95.439689999999999
UP,0423TO014,2023-04-07,5:22 PM,Other impacts,0,FORT WORTH,TX,61.0,2,Day,Clear,Yard,Single Car,0,202,0,42269,M411,32.730167999999999,-97.363121000000007
UP,0721SX006,2021-07-07,9:50 AM,Hwy-rail crossing,0,DEL RIO,TX,77.0,2,Day,Clear,Main,Freight Train,40,3979,185004,188983,M302,29.355844999999999,-100.922439
UP,0620TO016,2020-06-05,10:13 AM,Derailment,0,COAHOMA,TX,82.0,2,Day,Clear,Main,Freight Train,30,240379,1853478,2093857,E04C,32.300257999999999,-101.282616
CSX,000142701,2015-03-05,12:54 AM,Other impacts,0,BREAKS,VA,34.0,4,Dark,Sleet,Main,Freight Train,12,25455,0,25455,M404,37.288730999999999,-82.313473999999999
UP,0622RM011,2022-06-07,3:15 PM,Derailment,0,MILFORD,UT,85.0,2,Day,Clear,Yard,Freight Train,6,74046,155923,229969,M404,38.402320000000003,-113.004684
UP,0721HO005,2021-07-08,5:45 AM,Derailment,0,HOUSTON,TX,77.0,1,Dawn,Rain,Yard,Freight Train,4,18995,4720,23715,E39C,29.794968999999998,-95.290695999999997
UP,0620HO019,2020-06-19,9:30 PM,Other impacts,0,HOUSTON,TX,81.0,4,Dark,Cloudy,Yard,Cut of cars,0,18763,0,55748,S007,29.793949999999999,-95.294392999999999
UP,0723TO004,2023-07-03,11:25 AM,Other impacts,0,FORT WORTH,TX,93.0,2,Day,Clear,Yard,Yard/switching,3,75403,0,533168,H020,32.718525999999997,-97.387411999999998
CMTY,20210713,2021-07-13,12:00 AM,Other (describe in narrative),0,AUSTIN,TX,80.0,4,Dark,Clear,Main,,0,0,18327,18327,H702,30.497102000000002,-97.769459999999995
TXGN,TYSON18827,2018-08-27,11:45 PM,Derailment,0,GONZALES,TX,0.0,4,Dark,Clear,Industry,Cut of cars,7,167799,68171,235970,M501,29.506274999999999,-97.452867999999995
NS,156012,2024-03-12,3:30 AM,Other impacts,0,ROANOKE,VA,43.0,4,Dark,Clear,Yard,Yard/switching,3,60842,4420,65262,M599,37.278301999999996,-79.977204999999998
BNSF,NW0516104,2016-05-09,10:58 PM,Raking collision,0,KALAMA,WA,68.0,4,Dark,Clear,Yard,Freight Train,6,4119,0,15247,H307,46.019668000000003,-122.853855
BNSF,NW0517112,2017-05-22,4:22 AM,Derailment,0,VANCOUVER,WA,54.0,4,Dark,Clear,Industry,Yard/switching,5,11282,1000,12282,M409,45.633512000000003,-122.692927
BNSF,RD0723207,2023-07-31,11:10 AM,Hwy-rail crossing,1,SUDAN,TX,90.0,2,Day,Clear,Main,Freight Train,55,516223,549042,1065265,M302,34.021208999999999,-102.461743
NS,146377,2022-09-03,3:45 PM,Other (describe in narrative),0,CHESAPEAKE,VA,72.0,2,Day,Clear,Yard,Freight Train,4,19704,20934,40638,H702,36.787323000000001,-76.269799000000006
UP,1214PC007,2014-12-12,7:30 PM,Other impacts,0,BRIGHAM CITY,UT,38.0,4,Dark,Clear,Yard,Single Car,0,14295,0,14295,M507,41.51361,-112.029526
UP,0319TO032,2019-03-26,4:24 AM,Derailment,0,ARLINGTON,TX,55.0,1,Dawn,Clear,Yard,Yard/switching,4,137749,1592,139341,H503,32.746662999999998,-97.072992999999997
UP,0524HO025,2024-05-16,6:30 PM,Other impacts,0,HOUSTON,TX,78.0,3,Dusk,Rain,Yard,Cut of cars,5,37837,0,37915,M102,29.812794,-95.288639000000003
UP,0223HO017,2023-02-13,7:28 AM,Hwy-rail crossing,0,SPLENDORA,TX,40.0,2,Day,Cloudy,Main,Freight Train,59,421442,1047270,1468712,M302,30.267531000000002,-95.139042000000003
UP,0119GC031,2019-01-04,1:10 AM,Other impacts,0,HOUSTON,TX,41.0,4,Dark,Clear,Yard,Light loco(s),0,8349,0,37649,H307,29.790761,-95.305566999999996
ATK,178917,2024-03-19,4:57 PM,Hwy-rail crossing,0,RIO VISTA,TX,65.0,2,Day,Cloudy,Main,Passenger Train - Pulling,79,14239,0,14239,M302,32.183616999999998,-97.380634999999998
CSX,000143601,2015-03-21,4:11 AM,Hwy-rail crossing,0,CHESTER,VA,37.0,4,Dark,Cloudy,Main,Spec. MoW Equip.,10,45516,0,45516,M399,37.380947999999997,-77.454301999999998
NS,139057,2020-09-03,5:40 AM,Other (describe in narrative),0,ROANOKE,VA,72.0,1,Dawn,Clear,Yard,Light loco(s),3,25000,0,25000,H702,37.277109000000003,-79.982320999999999
FWWR,23032301,2023-03-20,5:40 AM,Derailment,0,FORT WORTH,TX,36.0,4,Dark,Cloudy,Yard,Yard/switching,4,6940,28912,35852,T222,32.787464999999997,-97.337902
UP,0819GC047,2019-08-29,5:00 PM,Hwy-rail crossing,0,TAFT,TX,94.0,2,Day,Clear,Main,Freight Train,40,231,18249,18480,M302,28.056156000000001,-97.496465999999998
UP,0323RM056,2023-03-29,2:37 PM,Derailment,0,PROVO,UT,54.0,2,Day,Clear,Yard,Yard/switching,6,18684,8154,26838,H703,40.218147000000002,-111.647898
UP,0721SX005,2021-07-07,3:00 PM,Derailment,0,SAN ANTONIO,TX,82.0,2,Day,Clear,Yard,Yard/switching,5,44351,197440,476851,H703,29.434045000000001,-98.468022000000005
UP,0423TO024,2023-04-18,1:05 AM,Derailment,0,FORT WORTH,TX,66.0,4,Dark,Clear,Yard,Freight Train,5,3743,37495,41238,H511,32.725949,-97.374790000000004
BNSF,RD0518112,2018-05-13,9:01 AM,Other impacts,0,DAYTON,TX,85.0,2,Day,Clear,Yard,Yard/switching,15,53941,0,53941,H318,30.004484000000001,-94.905781000000005
UP,0920TO038,2020-09-27,6:10 PM,Other impacts,0,FORT WORTH,TX,91.0,3,Dusk,Clear,Yard,Cut of cars,1,10508,0,30378,H310,32.724303999999997,-97.375760999999997
NS,153389,2023-06-18,11:49 PM,Other (describe in narrative),0,CHESAPEAKE,VA,72.0,4,Dark,Cloudy,Yard,Freight Train,2,0,50,50,H702,36.801386999999998,-76.267129999999995
BNSF,RD0919127,2019-09-26,2:24 AM,Side collision,0,JUSTIN,TX,79.0,4,Dark,Clear,Yard,Yard/switching,13,15987,0,15987,H318,33.007744000000002,-97.354591999999997
BNSF,RD1118125,2018-11-15,4:35 AM,Derailment,0,DAYTON,TX,34.0,1,Dawn,Clear,Yard,Yard/switching,5,12000,2500,14500,H318,29.996207999999999,-94.907359999999997
UP,0822SX014,2022-08-15,9:20 PM,Other impacts,0,LAREDO,TX,80.0,4,Dark,Rain,Yard,Yard/switching,2,601,0,21390,M105,27.664784000000001,-99.445342999999994
UP,0421TO013,2021-04-23,4:30 AM,Other impacts,0,FORT WORTH,TX,60.0,1,Dawn,Clear,Yard,Freight Train,0,107991,0,211342,H301,32.717256999999996,-97.389480000000006
UP,0621TO029,2021-06-29,6:41 AM,Hwy-rail crossing,0,ODESSA,TX,68.0,1,Dawn,Clear,Main,Freight Train,60,5910,50033,55943,M308,31.898101,-102.263009
UP,0722SX021,2022-07-22,9:30 PM,Broken train collision,0,SAN ANTONIO,TX,91.0,4,Dark,Cloudy,Yard,Yard/switching,6,2742,150,22281,E34C,29.373764999999999,-98.559180999999995
BNSF,KS0822205,2022-08-30,10:46 AM,Hwy-rail crossing,0,HEREFORD,TX,73.0,2,Day,Clear,Main,Freight Train,65,9039,25000,34039,M302,34.835782000000002,-102.354043
UP,1221TO033,2021-12-22,5:00 AM,Other impacts,0,EL PASO,TX,42.0,1,Dawn,Clear,Yard,Single Car,5,7890,0,19607,H310,31.753551000000002,-106.38848900000001
UP,0521TO016,2021-05-16,5:50 PM,Other impacts,0,BIG SPRING,TX,89.0,2,Day,Cloudy,Yard,Single Car,0,24727,0,24838,H302,32.253545000000003,-101.482156
UP,0919RM018,2019-09-28,3:30 AM,Other impacts,0,OGDEN,UT,56.0,4,Dark,Rain,Yard,Light loco(s),0,0,0,14053,H307,41.199137999999998,-111.986901
UP,0219GC034,2019-02-14,1:08 PM,Other (describe in narrative),0,GOODRICH,TX,74.0,2,Day,Clear,Industry,Single Car,0,30755,0,30755,M507,30.600062000000001,-94.947823999999997
BNSF,RD0421115,2021-04-25,1:02 PM,Derailment,0,GALVESTON,TX,79.0,2,Day,Clear,Yard,Yard/switching,9,84058,214000,298058,H307,29.294813000000001,-94.838103000000004
BNSF,RD0819105,2019-08-05,1:50 AM,Derailment,0,SAGINAW,TX,80.0,4,Dark,Clear,Yard,Yard/switching,4,117931,85771,203918,H504,32.831308,-97.357787999999999
UP,0224RM016,2024-02-20,8:20 PM,Derailment,0,OGDEN,UT,44.0,4,Dark,Rain,Yard,Yard/switching,5,3974,32939,36913,E33C,41.213315999999999,-111.983614
UP,0118HO025,2018-01-17,6:10 PM,Derailment,0,ELKHART,TX,22.0,4,Dark,Cloudy,Main,Freight Train,23,6789,15555,22344,E53C,31.579768000000001,-95.507827000000006
UP,0719RM022,2019-07-22,4:50 PM,Derailment,0,OGDEN,UT,95.0,2,Day,Clear,Yard,Yard/switching,2,28105,2739,30844,H702,41.227697999999997,-111.985944
UP,1119RM016,2019-11-22,8:25 AM,Derailment,0,HENEFER,UT,21.0,2,Day,Fog,Main,Freight Train,1,29283,33,29316,H503,41.141755000000003,-111.161528
UP,0621TO033,2021-06-30,5:21 PM,Hwy-rail crossing,0,ABBOTT,TX,89.0,2,Day,Clear,Main,Freight Train,48,11911,30330,42241,M303,31.883040999999999,-97.073086000000004
NS,155739,2024-02-12,8:30 AM,Other impacts,0,ROANOKE,VA,54.0,2,Day,Cloudy,Yard,Single Car,2,20000,0,70000,H601,37.277109000000003,-79.982324000000006