reportingrailroadcode,accidentnumber,date,time,accidenttype,hazmatreleasedcars,station,stateabbr,temperature,visibility_code,visibility,weathercondition,tracktype,equipmenttype,trainspeed,equipmentdamagecost,trackdamagecost,totaldamagecost,primaryaccidentcausecode,latitude,longitude
BNSF,RD0222106,2022-02-07,9:10 PM,Derailment,0,WICHITA FALLS,TX,32.0,4,Dark,Clear,Yard,Freight Train,6,37500,4800,42300,H303,33.929625999999999,-98.532506999999995
UP,0622SX004,2022-06-03,6:42 PM,Derailment,0,SHINER,TX,92.0,3,Dusk,Clear,Main,Freight Train,36,584728,161219,745947,M204,29.422889999999999,-97.181723000000005
UFRC,11091801,2018-11-09,11:39 AM,Hwy-rail crossing,0,PROVO,UT,37.0,2,Day,Clear,Main,Commuter Train - Pushing,55,70000,0,70000,M399,40.238700000000001,-111.68669
UP,0518HO026,2018-05-14,9:00 AM,Other impacts,0,HOUSTON,TX,80.0,2,Day,Clear,Yard,Single Car,0,58848,0,64383,M201,29.826483,-95.290171999999998
UP,0422HO011,2022-04-16,7:50 PM,Other impacts,0,HOUSTON,TX,79.0,3,Dusk,Cloudy,Yard,Yard/switching,3,132268,200,165616,H318,29.816697000000001,-95.289353000000006
CSX,000153804,2015-10-30,7:24 PM,Side collision,0,COVINGTON,VA,43.0,4,Dark,Clear,Yard,Yard/switching,7,171695,1200,219470,H306,37.786656000000001,-79.992131999999998
BNSF,RD1020121,2020-10-28,6:50 PM,Derailment,0,BROWNWOOD,TX,40.0,3,Dusk,Cloudy,Yard,Freight Train,7,19500,1243,20743,H307,31.713614,-98.966952000000006
UP,0421SX011,2021-04-13,4:58 PM,Other (describe in narrative),0,SAN ANTONIO,TX,83.0,2,Day,Cloudy,Yard,Single Car,0,12712,0,12712,M411,29.367429999999999,-98.564310000000006
UP,0722TO024,2022-07-14,9:00 AM,Derailment,0,EL PASO,TX,81.0,2,Day,Clear,Yard,Yard/switching,4,42194,100,42294,M401,31.753525,-106.388515
UP,0523TO008,2023-05-05,6:35 PM,Hwy-rail crossing,0,BARSTOW,TX,94.0,3,Dusk,Clear,Main,Freight Train,65,201753,16682,218435,M302,31.467012,-103.359849
UP,0317PD011,2017-03-05,3:08 PM,Other (describe in narrative),0,KALAMA,WA,38.0,2,Day,Cloudy,Industry,Freight Train,9,0,0,17551,H306,46.002803999999998,-122.844815
UP,0123RM002,2023-01-02,7:30 PM,Derailment,0,OGDEN,UT,30.0,3,Dusk,Cloudy,Yard,Yard/switching,2,4680,8437,13117,H018,41.213315999999999,-111.983614
NS,146096,2022-08-05,7:30 PM,Other impacts,0,ROANOKE,VA,72.0,3,Dusk,Rain,Yard,Single Car,4,30000,0,30500,H312,37.277109000000003,-79.982322999999994
UP,0921ES041,2021-09-23,4:44 PM,Obstruction,0,SAN ANTONIO,TX,87.0,2,Day,Clear,Main,Maint./inspect Car,35,33609,432,37941,H402,29.501840999999999,-98.342588000000006
UP,0223HO021,2023-02-18,1:42 AM,Other impacts,0,HOUSTON,TX,40.0,4,Dark,Clear,Yard,Single Car,1,0,0,25022,S007,29.796903,-95.291988000000003
UP,0922TO025,2022-09-21,9:30 AM,Other (describe in narrative),0,FORT WORTH,TX,81.0,2,Day,Clear,Yard,Yard/switching,4,14727,0,14727,M201,32.721024999999997,-97.381189000000006
UP,0721HO015,2021-07-16,7:42 PM,Derailment,0,HOUSTON,TX,86.0,3,Dusk,Clear,Yard,Yard/switching,4,17308,3598,20906,E07C,29.829187000000001,-95.288276999999994
UP,0118SA019,2018-01-29,6:20 AM,Derailment,0,SAN ANTONIO,TX,40.0,4,Dark,Clear,Yard,Yard/switching,9,604224,129322,733546,H503,29.352703000000002,-98.578059999999994
PNR,PNR2333395,2023-10-27,10:05 AM,Derailment,0,PANHANDLE,TX,65.0,2,Day,Clear,Yard,Freight Train,8,13388,0,13388,H307,35.332405999999999,-101.402298
UP,0122HO026,2022-01-27,1:31 PM,Other impacts,0,HOUSTON,TX,57.0,2,Day,Clear,Yard,Single Car,5,8276,0,20349,M404,29.786151,-95.319258000000005
UP,1018LV015,2018-10-09,11:45 AM,Other impacts,0,BEAUMONT,TX,78.0,2,Day,Cloudy,Yard,Yard/switching,0,12143,0,159454,H702,30.072109999999999,-94.157441000000006
UP,0221HO005,2021-02-05,3:22 AM,Derailment,0,HOUSTON,TX,53.0,4,Dark,Cloudy,Yard,Yard/switching,4,285130,15845,300975,H306,29.748698000000001,-95.281813999999997
KCS,20073104,2020-07-31,11:25 PM,Derailment,0,LAREDO,TX,73.0,4,Dark,Rain,Main,Freight Train,4,143912,0,143912,M502,27.509485999999999,-99.515539000000004
BNSF,NW0218108,2018-02-20,5:20 PM,Head on collision,0,SUMAS,WA,28.0,3,Dusk,Cloudy,Industry,Yard/switching,4,112407,4000,116407,H702,48.997214,-122.276134
UP,1221HO010,2021-12-13,8:05 AM,Hwy-rail crossing,0,COLLEGE STATION,TX,51.0,2,Day,Cloudy,Main,Freight Train,50,6415,10986,17401,M302,30.537175999999999,-96.301958999999997
BNSF,RD0318101,2018-03-01,9:30 AM,Derailment,0,SILSBEE,TX,68.0,2,Day,Clear,Yard,Freight Train,6,12308,250,12558,H607,30.350368,-94.181557999999995
BNSF,RD1118132,2018-11-12,2:00 PM,Other impacts,0,FORT WORTH,TX,45.0,2,Day,Clear,Yard,Yard/switching,4,23001,0,23001,H312,32.820210000000003,-97.328287000000003
UP,0321RM008,2021-03-10,9:04 AM,Derailment,0,BRIGHAM CITY,UT,32.0,2,Day,Cloudy,Yard,Yard/switching,0,1136,38388,39524,H018,41.521495999999999,-112.02949099999999
ATK,172105,2022-09-20,11:59 AM,Hwy-rail crossing,0,MISSOURI CITY,TX,87.0,2,Day,Clear,Main,Passenger Train - Pulling,72,18052,0,19202,M308,29.623809000000001,-95.526184999999998
BNSF,NW0815121,2015-08-28,10:30 AM,Side collision,0,TACOMA,WA,65.0,2,Day,Clear,Yard,Yard/switching,6,25000,0,120434,H607,47.246149000000003,-122.434781
UP,0524RM025,2024-05-31,9:15 AM,Other impacts,0,RIVERDALE,UT,55.0,2,Day,Clear,Yard,Cut of cars,0,0,0,22743,H702,41.187722000000001,-111.989959
NS,140393,2021-01-26,8:30 AM,Other impacts,0,SALEM,VA,55.0,2,Day,Clear,Yard,Single Car,0,15000,0,21840,H312,37.271993999999999,-80.014903000000004
BNSF,RD0122135,2022-01-31,3:30 PM,Derailment,0,HOUSTON,TX,60.0,2,Day,Rain,Yard,Yard/switching,3,68161,0,68161,H503,29.627419,-95.305404999999993
NS,146195,2022-08-15,7:35 PM,Other impacts,0,ROANOKE,VA,64.0,3,Dusk,Rain,Yard,Single Car,0,10500,0,22182,H601,37.277109000000003,-79.982322999999994
CSX,000198122,2021-06-08,6:12 PM,Derailment,0,RICHMOND,VA,82.0,3,Dusk,Clear,Main,Freight Train,14,173467,20754,194221,E46C,37.532815999999997,-77.456703000000005
ATK,148201,2017-07-02,2:29 PM,Derailment,0,STEILACOOM,WA,78.0,2,Day,Clear,Main,Passenger Train - Pulling,32,2634879,0,2719791,H221,47.184987,-122.585612
UP,0323HO027,2023-03-30,3:50 AM,Other impacts,0,HOUSTON,TX,62.0,4,Dark,Cloudy,Yard,Yard/switching,2,285,0,43700,M408,29.793790000000001,-95.300094000000001
TMBL,11082016A,2016-11-08,1:23 AM,Side collision,0,TACOMA,WA,51.0,4,Dark,Clear,Yard,Yard/switching,1,985,0,11985,H310,47.251919000000001,-122.401061
UP,0218HO032,2018-02-21,8:00 AM,Other (describe in narrative),0,HOUSTON,TX,68.0,2,Day,Cloudy,Yard,Single Car,0,19930,0,20342,M201,29.813514000000001,-95.288010999999997
UP,0121HO004,2021-01-06,8:35 PM,Other impacts,0,LA PORTE,TX,58.0,4,Dark,Cloudy,Yard,Cut of cars,0,1308,0,93184,S007,29.685851,-95.038835000000006
UP,0921HO004,2021-09-04,11:30 AM,Other impacts,0,LA PORTE,TX,89.0,2,Day,Clear,Yard,Yard/switching,3,7130,200,19784,M411,29.683637999999998,-95.038897000000006
UP,0122SX007,2022-01-14,3:00 AM,Other impacts,0,SAN ANTONIO,TX,43.0,4,Dark,Clear,Yard,Yard/switching,8,12344,200,12544,H318,29.436216000000002,-98.466513000000006
BNSF,KS1218107,2018-12-14,9:12 PM,Derailment,0,AMARILLO,TX,36.0,4,Dark,Clear,Yard,Light loco(s),6,500,23000,23500,H307,35.192691000000003,-101.83061600000001
UP,0522SX028,2022-05-30,11:25 AM,Hwy-rail crossing,0,SABINAL,TX,82.0,2,Day,Clear,Main,Freight Train,44,5387,30300,35687,M303,29.319215,-99.466747999999995
FWWR,19122302,2019-12-23,10:15 AM,Hwy-rail crossing,0,FORT WORTH,TX,43.0,2,Day,Clear,Main,Yard/switching,18,518,93042,93560,M304,32.704158,-97.350076999999999
PTRA,2022000010,2022-03-01,12:10 PM,Other impacts,0,LA PORTE,TX,68.0,2,Day,Clear,Yard,Freight Train,1,15500,0,69054,H306,29.682428999999999,-95.022366000000005
NS,134873,2019-07-25,11:25 AM,Other impacts,0,SUFFOLK,VA,81.0,2,Day,Clear,Main,Spec. MoW Equip.,0,0,0,14000,H997,36.729495999999997,-76.565423999999993
UP,1216UT004,2016-12-04,2:15 PM,Derailment,0,DELTA,UT,45.0,2,Day,Clear,Siding,Freight Train,0,3500,112753,116253,E60C,39.388238000000001,-112.555176
UP,0823SX028,2023-08-17,11:30 PM,Derailment,0,SAN ANTONIO,TX,86.0,4,Dark,Clear,Yard,Freight Train,4,41702,15591,57293,H704,29.35942,-98.572294999999997
NS,144735,2022-03-18,3:30 AM,Other impacts,0,ROANOKE,VA,50.0,4,Dark,Cloudy,Yard,Single Car,0,37787,0,39045,H312,37.277109000000003,-79.982322999999994
NS,116523,2015-07-14,3:50 PM,Rear end collision,0,DUBLIN,VA,83.0,2,Day,Clear,Main,Freight Train,30,1161359,0,1946689,H222,37.126029000000003,-80.648965000000004
NS,156814,2024-05-23,9:48 PM,Other impacts,0,NORFOLK,VA,67.0,4,Dark,Clear,Yard,Single Car,0,26130,3130,55390,H302,36.871878000000002,-76.295016000000004
UP,0719TO028,2019-07-21,4:00 PM,Hwy-rail crossing,0,PECOS,TX,105.0,2,Day,Clear,Main,Freight Train,40,35558,300,35858,M302,31.391226,-103.602104
UP,0822TO041,2022-08-29,9:15 PM,Derailment,0,EL PASO,TX,81.0,4,Dark,Clear,Yard,Freight Train,5,60882,15246,76128,H305,31.742305000000002,-106.375433
UP,0619TO016,2019-06-10,1:25 PM,Fire/violent rupture,0,STANTON,TX,63.0,2,Day,Cloudy,Main,Freight Train,40,43902,33,43935,E73L,32.155988000000001,-101.71551100000001
BNSF,RD0519106,2019-05-04,5:01 PM,Side collision,0,DAYTON,TX,62.0,3,Dusk,Clear,Yard,Yard/switching,0,20545,0,41295,H318,29.994236000000001,-94.907495999999995
UP,0421HO013,2021-04-14,7:40 PM,Derailment,0,HOUSTON,TX,68.0,3,Dusk,Cloudy,Main,,0,0,8140,131674,H514,29.736429000000001,-95.340254999999999
UP,0923TO004,2023-09-03,6:24 AM,Derailment,0,FORT WORTH,TX,80.0,1,Dawn,Cloudy,Yard,Yard/switching,7,31834,46908,78742,H507,32.722031999999999,-97.376876999999993
UP,0423TO014,2023-04-07,5:22 PM,Other impacts,0,FORT WORTH,TX,61.0,2,Day,Clear,Yard,Single Car,0,202,0,42269,M411,32.730167999999999,-97.363121000000007
NS,138770,2020-08-06,1:12 PM,Other impacts,0,NORFOLK,VA,90.0,2,Day,Clear,Yard,Single Car,4,15000,1262,31262,H020,36.871434000000001,-76.293488999999994
BNSF,RD0123106,2023-01-12,2:38 AM,Derailment,0,EAGLE PASS,TX,60.0,4,Dark,Clear,Yard,Freight Train,9,14025,0,17425,H307,28.779883999999999,-100.470805
UP,0916UT006,2016-09-19,11:40 AM,Derailment,0,SALT LAKE CITY,UT,89.0,2,Day,Clear,Industry,Freight Train,4,18898,0,18898,M101,40.331415,-111.73694399999999
UP,0520TO025,2020-05-27,3:27 PM,Hwy-rail crossing,0,ARGYLE,TX,85.0,2,Day,Clear,Main,Freight Train,6,3190,18588,21778,M302,33.101244999999999,-97.190763000000004
UP,0422TO039,2022-04-29,7:00 AM,Other (describe in narrative),0,FORT WORTH,TX,72.0,2,Day,Cloudy,Yard,Single Car,0,51067,0,51067,M204,32.724259000000004,-97.377244000000005
PTRA,2022000027,2022-06-13,12:00 PM,Hwy-rail crossing,0,PASADENA,TX,95.0,2,Day,Clear,Main,Freight Train,15,17076,0,17076,M302,29.720794000000001,-95.157713999999999
BNSF,NW0416101,2016-04-07,7:30 PM,Other (describe in narrative),0,EPHRATA,WA,80.0,3,Dusk,Clear,Main,Maint./inspect Car,5,13000,2000,15000,H402,47.369900999999999,-119.460866
NS,137026,2020-02-02,3:00 PM,Other impacts,0,ROANOKE,VA,60.0,2,Day,Clear,Yard,Cut of cars,4,50000,1662,51662,H312,37.277109000000003,-79.982320999999999
BB,2017T103,2017-03-19,5:40 PM,Derailment,0,AFTON,VA,49.0,3,Dusk,Clear,Main,,0,0,51284,69803,E41C,38.038939999999997,-78.824517999999998
BNSF,RD0620121,2020-06-16,6:31 PM,Side collision,0,DAYTON,TX,90.0,3,Dusk,Clear,Yard,Yard/switching,4,11038,0,16957,H602,29.995315999999999,-94.907369000000003
UP,0821HO001,2021-08-01,2:12 PM,Derailment,0,BAYTOWN,TX,92.0,2,Day,Clear,Yard,Freight Train,4,15819,10420,26239,H307,29.765115999999999,-94.896230000000003
BNSF,RD0724113,2024-07-13,3:39 AM,Derailment,0,LUBBOCK,TX,74.0,4,Dark,Clear,Yard,Yard/switching,4,17663,200,17863,H307,33.574849999999998,-101.828682
UP,0620ES064,2020-06-14,1:30 PM,Derailment,0,SAGINAW,TX,88.0,2,Day,Clear,Main,Spec. MoW Equip.,2,41506,33,41539,E99C,32.817881999999997,-97.350262999999998
BNSF,KS0821110,2021-08-19,2:58 PM,Derailment,0,DUMAS,TX,95.0,2,Day,Clear,Yard,Freight Train,9,267247,9000,276247,H307,36.038102000000002,-102.00438800000001
UP,0519RM024,2019-05-21,4:40 AM,Other impacts,0,OGDEN,UT,43.0,1,Dawn,Rain,Yard,Yard/switching,4,146424,10325,175165,M199,41.199115999999997,-111.9868
NS,156725,2024-05-15,7:45 PM,Obstruction,0,SALEM,VA,68.0,3,Dusk,Cloudy,Yard,Freight Train,7,19000,884,19884,E79L,37.272033999999998,-80.018499000000006
UP,0918FW034,2018-09-25,11:27 AM,Hwy-rail crossing,0,BIG SPRING,TX,80.0,2,Day,Clear,Main,Freight Train,60,11700,18962,30662,M302,32.175831000000002,-101.660505
NS,138168,2020-06-07,3:04 AM,Derailment,1,ROANOKE,VA,71.0,4,Dark,Clear,Yard,Cut of cars,0,1695187,81851,1777038,H021,37.277785999999999,-79.923957000000001
BNSF,KS0320113,2020-03-15,1:45 PM,Other impacts,0,PAMPA,TX,50.0,2,Day,Clear,Yard,Freight Train,5,74576,0,74576,H318,35.528745000000001,-100.97269300000001
UP,1121SX009,2021-11-11,6:15 AM,Obstruction,0,CALDWELL,TX,62.0,1,Dawn,Cloudy,Main,Freight Train,5,7630,69854,77484,M404,30.523503999999999,-96.694717999999995
NS,121139,2016-07-06,11:30 AM,Other impacts,0,CLOVER,VA,90.0,2,Day,Clear,Industry,Light loco(s),0,40968,0,41088,H017,36.855082000000003,-78.718856000000002
BNSF,RD1118110,2018-11-09,1:30 AM,Side collision,0,FORT WORTH,TX,45.0,4,Dark,Clear,Yard,Yard/switching,8,11787,6000,36787,H306,32.833064999999998,-97.339276999999996
BNSF,RD0324206,2024-03-19,4:57 PM,Hwy-rail crossing,0,RIO VISTA,TX,65.0,2,Day,Clear,Main,,0,0,0,14239,M302,32.183616999999998,-97.380634999999998
BNSF,KS0820101,2020-08-04,10:00 PM,Side collision,0,AMARILLO,TX,91.0,4,Dark,Clear,Yard,Yard/switching,0,20221,0,22929,H306,35.187282000000003,-101.833263
UP,1021SX005,2021-10-05,1:11 PM,Derailment,0,SAN ANTONIO,TX,87.0,2,Day,Cloudy,Industry,Yard/switching,6,7926,40800,48726,H524,29.544409999999999,-98.427482999999995
BNSF,NW1217112,2017-12-22,4:30 AM,Side collision,0,PASCO,WA,28.0,1,Dawn,Cloudy,Yard,Yard/switching,10,86000,0,104600,S016,46.266368999999997,-119.099683
BNSF,KS0518101,2018-05-04,9:00 AM,Derailment,0,AMARILLO,TX,55.0,2,Day,Clear,Yard,Freight Train,8,21200,1500,22700,H503,35.187072000000001,-101.833386
CSX,000172811,2017-11-12,1:05 PM,Derailment,0,LYNCHBURG,VA,45.0,2,Day,Clear,Yard,Freight Train,5,24639,3930,28569,H704,37.410156999999998,-79.135428000000005
BNSF,RD1122121,2022-11-20,2:20 PM,Derailment,0,BROWNWOOD,TX,37.0,2,Day,Rain,Yard,Freight Train,4,43888,31175,75063,H703,31.714493999999998,-98.968169000000003
CSX,000182803,2019-05-06,11:40 AM,Hwy-rail crossing,0,SUFFOLK,VA,70.0,2,Day,Clear,Main,Freight Train,35,11361,0,11361,M302,36.751542000000001,-76.521602999999999
PTRA,2020000020,2020-10-05,10:00 PM,Raking collision,0,HOUSTON,TX,78.0,4,Dark,Clear,Yard,Yard/switching,11,10000,30000,40000,H318,29.768239999999999,-95.292634000000007
ATK,164095,2020-04-12,6:33 PM,Obstruction,0,MINEOLA,TX,64.0,3,Dusk,Cloudy,Main,Passenger Train - Pulling,66,32511,0,32811,M404,32.639361999999998,-95.388976999999997
UP,0921TO013,2021-09-19,11:45 AM,Other impacts,0,FORT WORTH,TX,87.0,2,Day,Clear,Yard,Freight Train,0,96105,2000,119560,H310,32.730362,-97.322349000000003
CWRY,CWR785815,2015-11-06,7:00 AM,Derailment,0,PORTSMOUTH,VA,60.0,1,Dawn,Cloudy,Yard,Freight Train,5,3753,11788,15541,H702,36.877021999999997,-76.366332
UP,1023HO002,2023-10-03,4:40 AM,Derailment,0,LA PORTE,TX,82.0,1,Dawn,Cloudy,Yard,Yard/switching,5,4810,98118,102928,E09C,29.684661999999999,-95.039411000000001
NS,152658,2023-03-29,2:27 AM,Side collision,0,CREWE,VA,40.0,4,Dark,Rain,Yard,Work train,0,13335,0,23346,H306,37.178052000000001,-78.131442000000007
BNSF,NW0824124,2024-08-31,9:30 PM,Other impacts,0,ANACORTES,WA,64.0,4,Dark,Clear,Yard,Yard/switching,4,71315,0,71315,H302,48.471477,-122.568365
UP,0822SX020,2022-08-24,8:45 PM,Derailment,0,SAN ANTONIO,TX,80.0,4,Dark,Clear,Siding,Yard/switching,5,5408,432,39166,H503,29.326609000000001,-98.622660999999994
UP,0922HO026,2022-09-20,11:59 AM,Hwy-rail crossing,0,MISSOURI CITY,TX,80.0,2,Day,Clear,Main,,0,0,1150,19202,M308,29.623809000000001,-95.526184999999998
UP,0721GC014,2021-07-14,1:50 AM,Other impacts,0,CORPUS CHRISTI,TX,79.0,4,Dark,Clear,Yard,Yard/switching,4,0,198,105779,H310,27.834078999999999,-97.510046000000003
UP,1218TO026,2018-12-18,2:45 PM,Hwy-rail crossing,0,MIDLAND,TX,50.0,2,Day,Clear,Main,Freight Train,16,43998,22514,66512,M303,31.972572,-102.11882
BNSF,RD0320112,2020-03-13,1:30 PM,Side collision,0,DAYTON,TX,75.0,2,Day,Clear,Yard,Yard/switching,4,25782,0,26658,H318,30.01322,-94.902653999999998
NS,142027,2019-03-03,7:55 PM,Hwy-rail crossing,0,REMINGTON,VA,34.0,3,Dusk,Rain,Main,,0,0,0,13400,M303,38.675185999999997,-77.745780999999994
UP,0520SX008,2020-05-10,2:38 AM,Other impacts,0,SAN ANTONIO,TX,63.0,4,Dark,Clear,Yard,Yard/switching,4,29425,99,29632,H312,29.373816000000001,-98.559241999999998
UP,0218UT002,2018-02-03,7:40 PM,Derailment,0,OGDEN,UT,45.0,4,Dark,Clear,Yard,Yard/switching,3,291747,23822,315569,M501,41.215896999999998,-111.983751
UP,1122SX022,2022-11-17,3:30 PM,Derailment,0,SAN ANTONIO,TX,59.0,2,Day,Cloudy,Yard,Yard/switching,2,18868,56160,75028,S011,29.381665999999999,-98.541848999999999
BNSF,NW1215116,2015-12-28,5:15 PM,Side collision,0,SPOKANE,WA,23.0,3,Dusk,Cloudy,Yard,Yard/switching,0,16886,0,17186,H021,47.673696999999997,-117.333793
NS,118546,2015-12-11,10:10 PM,Derailment,0,DANVILLE,VA,50.0,4,Dark,Clear,Main,Freight Train,42,35200,2500,37700,E33C,36.624358000000001,-79.368692999999993
UP,0818LK035,2018-08-18,1:10 PM,Hwy-rail crossing,0,HALLSVILLE,TX,100.0,2,Day,Clear,Main,,0,0,250,15880,M308,32.507337999999997,-94.540228999999997
DGNO,DGN428619,2019-06-17,8:00 PM,Other (describe in narrative),0,DALLAS,TX,72.0,3,Dusk,Clear,Yard,Yard/switching,3,380000,0,380000,E73L,32.813395999999997,-96.873602000000005
UP,1023HL002,2023-10-03,10:00 AM,Hwy-rail crossing,0,DALHART,TX,62.0,2,Day,Clear,Main,Freight Train,60,15716,630,16346,M304,36.235514000000002,-102.238034
UP,0123TO013,2023-01-12,1:15 AM,Hwy-rail crossing,0,MILLSAP,TX,59.0,4,Dark,Clear,Main,Freight Train,20,1780,25300,27080,M302,32.747553000000003,-98.009765000000002
NS,116756,2015-07-31,2:30 AM,Derailment,0,CREWE,VA,74.0,4,Dark,Cloudy,Yard,Yard/switching,10,26888,100,26988,H702,37.18768,-78.145131000000006
UP,0424TO029,2024-04-23,7:36 PM,Derailment,0,MERKEL,TX,85.0,3,Dusk,Rain,Main,Freight Train,61,882726,183643,1066369,M105,32.484997999999997,-100.105642
BNSF,KS0820115,2020-08-29,8:46 PM,Obstruction,0,AMARILLO,TX,64.0,3,Dusk,Rain,Main,Freight Train,15,1500,0,262306,M105,35.226756999999999,-101.738966
BNSF,RD0921128,2021-09-23,4:44 PM,Obstruction,0,SAN ANTONIO,TX,87.0,2,Day,Clear,Main,Freight Train,0,3900,0,37941,H997,29.501840999999999,-98.342588000000006
NS,137695,2020-04-09,2:40 AM,Derailment,0,ROANOKE,VA,57.0,4,Dark,Cloudy,Yard,Yard/switching,5,3700,7791,11491,M405,37.271098000000002,-79.997944000000004
BNSF,RD0420111,2020-04-22,3:19 AM,Derailment,0,HOUSTON,TX,75.0,4,Dark,Cloudy,Yard,Yard/switching,4,8500,12000,20500,H307,29.629684000000001,-95.302221000000003
NS,157697,2024-08-12,8:03 PM,Hwy-rail crossing,0,STUARTS DRAFT,VA,73.0,4,Dark,Clear,Main,Freight Train,50,3000,10000,13000,M303,38.023578000000001,-79.026576000000006
UP,0221RM024,2021-02-17,2:23 PM,Other (describe in narrative),0,GARRISON,UT,29.0,2,Day,Cloudy,Siding,Freight Train,1,5000,28155,33155,H008,38.71237,-112.968898
UP,0219SX020,2019-02-14,3:19 PM,Hwy-rail crossing,0,WHITSETT,TX,77.0,2,Day,Cloudy,Main,Work train,39,90446,99,90545,M304,28.587655999999999,-98.219002000000003
XAAL,2024XAAL01,2024-08-30,8:43 PM,Derailment,0,FORT WORTH,TX,90.0,4,Dark,Clear,Yard,Yard/switching,13,145555,22345,335800,H307,32.980840999999998,-97.338866999999993
BNSF,RD0522120,2022-05-18,1:15 AM,Derailment,0,HOUSTON,TX,73.0,4,Dark,Clear,Yard,Yard/switching,8,5400,8200,13600,H607,29.924052,-95.514613999999995
UP,0121HO020,2021-01-15,11:00 PM,Obstruction,0,HOUSTON,TX,42.0,4,Dark,Clear,Yard,Yard/switching,10,871,50144,51015,M409,29.794134,-95.298783
UP,1022RM028,2022-10-27,1:10 AM,Derailment,0,RIVERDALE,UT,33.0,4,Dark,Cloudy,Yard,Yard/switching,4,34405,636,35041,H511,41.167555999999998,-111.99465600000001
CSX,000206082,2022-07-13,1:35 AM,Derailment,0,CLIFTON FORGE,VA,67.0,4,Dark,Cloudy,Yard,Freight Train,7,29244,96,29340,H305,37.811388000000001,-79.835301000000001
UTAX,08252015,2015-08-25,1:22 PM,Hwy-rail crossing,0,WEST JORDAN,UT,93.0,2,Day,Clear,Main,EMU,25,32000,0,32000,M304,40.605583000000003,-111.93877000000001
UTAX,3292020,2020-03-29,2:49 PM,Hwy-rail crossing,0,SOUTH SALT LAKE,UT,56.0,2,Day,Cloudy,Main,EMU,36,165000,0,165000,M301,40.699888999999999,-111.896945
CSX,000209831,2023-02-15,9:46 PM,Derailment,0,RICHMOND,VA,54.0,4,Dark,Clear,Yard,Cut of cars,8,22142,0,57842,H312,37.569946999999999,-77.466883999999993
BNSF,NW1116207,2016-11-27,5:05 PM,Hwy-rail crossing,0,RIDGEFIELD,WA,45.0,3,Dusk,Rain,Main,,0,0,0,10573,M302,45.816864000000002,-122.748469
BNSF,RD0718121,2018-07-18,9:00 AM,Derailment,0,FORT WORTH,TX,95.0,2,Day,Clear,Yard,Yard/switching,4,8000,3000,11000,H607,32.825895000000003,-97.334021000000007
UP,0321SX003,2021-03-04,7:41 PM,Derailment,0,SAN ANTONIO,TX,70.0,3,Dusk,Cloudy,Yard,Yard/switching,8,142959,59060,202019,H702,29.383934,-98.547246000000001
UP,1222TO008,2022-12-06,1:22 AM,Derailment,0,ENNIS,TX,67.0,4,Dark,Cloudy,Yard,Freight Train,5,68157,227370,295527,H514,32.329676999999997,-96.627950999999996
BNSF,RD1222118,2022-12-15,1:15 PM,Derailment,0,DAYTON,TX,60.0,2,Day,Clear,Yard,Yard/switching,3,8695,2646,11341,H312,29.999853999999999,-94.905857999999995
UP,0721TO009,2021-07-07,6:35 PM,Derailment,0,FORT WORTH,TX,91.0,3,Dusk,Clear,Main,Freight Train,30,17512,22687,40199,E64C,32.756684999999997,-97.322367
UP,1218RM018,2018-12-09,2:01 PM,Fire/violent rupture,0,COALVILLE,UT,30.0,2,Day,Clear,Main,Freight Train,32,13532,0,13532,M406,40.975658000000003,-111.43191899999999
BNSF,KS0918103,2018-09-04,12:40 PM,Derailment,0,AMARILLO,TX,81.0,2,Day,Clear,Yard,Freight Train,8,51000,0,51000,H503,35.212918000000002,-101.82000499999999
ATK,154488,2018-07-27,11:56 PM,Obstruction,0,BLAIRS,VA,73.0,4,Dark,Cloudy,Main,Passenger Train - Pulling,59,27718,0,27718,M404,36.698681000000001,-79.389351000000005
UP,0123RM026,2023-01-19,1:04 PM,Hwy-rail crossing,0,TRENTON,UT,25.0,2,Day,Snow,Main,Freight Train,39,12549,100,12649,M302,41.903129,-111.945466
BNSF,NW0724114,2024-07-15,2:49 PM,Derailment,0,VANCOUVER,WA,82.0,2,Day,Clear,Yard,,0,0,18153,18153,H307,45.645791000000003,-122.68764299999999
UP,0722HO010,2022-07-17,11:23 AM,Other impacts,0,PASADENA,TX,92.0,2,Day,Cloudy,Yard,Freight Train,5,318,0,52818,H307,29.716079000000001,-95.226996999999997
CCPN,CCP889621,2021-12-18,3:00 PM,Derailment,0,CORPUS CHRISTI,TX,66.0,2,Day,Cloudy,Yard,Yard/switching,5,9698,0,21543,T217,27.806135999999999,-97.405867999999998
UP,0419TO016,2019-04-10,11:38 PM,Derailment,0,CHANDLER,TX,73.0,4,Dark,Clear,Main,Freight Train,23,34567,5656,40223,M206,32.305045,-95.490688000000006
BNSF,RD0522108,2022-05-09,5:50 AM,Derailment,0,HITCHCOCK,TX,70.0,1,Dawn,Clear,Yard,Yard/switching,3,29185,0,29185,H312,29.330964999999999,-94.967946999999995
NS,146331,2022-08-30,3:00 AM,Other impacts,0,ROANOKE,VA,75.0,4,Dark,Clear,Yard,Yard/switching,3,6282,0,25669,H312,37.271115000000002,-79.997916000000004
UP,0718SA008,2018-07-09,4:15 AM,Hwy-rail crossing,0,SEGUIN,TX,75.0,4,Dark,Clear,Main,Freight Train,30,1929,15772,17701,M303,29.586904000000001,-97.986560999999995