reportingrailroadcode,accidentnumber,date,time,accidenttype,hazmatreleasedcars,station,stateabbr,temperature,visibility_code,visibility,weathercondition,tracktype,equipmenttype,trainspeed,equipmentdamagecost,trackdamagecost,totaldamagecost,primaryaccidentcausecode,latitude,longitude
UP,0420SX004,2020-04-18,9:31 PM,Derailment,0,MCNEIL,TX,59.0,4,Dark,Clear,Main,,0,0,29548,29548,M101,30.453177,-97.720758000000004
UP,0623RM023,2023-06-23,3:45 PM,Derailment,0,PROVO,UT,76.0,2,Day,Clear,Yard,Yard/switching,5,27054,11620,38674,H307,40.216862999999996,-111.647068
UTAH,UTA022722D,2022-03-06,10:00 AM,Derailment,0,PROVO,UT,33.0,2,Day,Snow,Yard,Freight Train,5,91815,30000,121815,H704,40.222489000000003,-111.65024
CSX,000179511,2018-10-12,1:00 AM,Other (describe in narrative),0,RICHMOND,VA,68.0,4,Dark,Cloudy,Yard,Cut of cars,0,33848,0,33848,M103,37.578215999999998,-77.472965000000002
UP,0320HO003,2020-03-03,12:15 PM,Hwy-rail crossing,0,LISSIE,TX,79.0,2,Day,Cloudy,Main,,0,0,610936,790576,M302,29.563894000000001,-96.253146000000001
UP,0521TO029,2021-05-30,3:28 PM,Derailment,0,ODESSA,TX,80.0,2,Day,Clear,Industry,Freight Train,4,43450,1408,44858,H303,31.840555999999999,-102.373701
UP,1121SX012,2021-11-15,4:45 PM,Hwy-rail crossing,0,ROUND ROCK,TX,71.0,2,Day,Clear,Main,Light loco(s),56,9174,25000,34174,M302,30.527678000000002,-97.624613999999994
UP,0324SX019,2024-03-20,9:00 AM,Hwy-rail crossing,0,HUTTO,TX,55.0,2,Day,Cloudy,Main,Freight Train,52,17148,990,18138,M308,30.536801000000001,-97.580822999999995
UP,0119TO043,2019-01-31,3:57 PM,Other impacts,0,MONAHANS,TX,71.0,2,Day,Clear,Yard,Yard/switching,4,2594,4352,12127,H017,31.603455,-102.862623
BNSF,RD0524107,2024-05-06,1:00 PM,Derailment,0,PLAINVIEW,TX,80.0,2,Day,Clear,Yard,Freight Train,7,1000,15604,16604,M503,34.194363000000003,-101.704134
BNSF,SW0323108,2023-03-22,12:45 PM,Derailment,0,EL PASO,TX,74.0,2,Day,Clear,Industry,Yard/switching,3,10472,1500,11972,H307,31.83259,-106.57115
UP,0718ST015,2018-07-23,7:30 AM,Hwy-rail crossing,0,VAN HORN,TX,102.0,2,Day,Clear,Main,Freight Train,67,72766,99,72865,M308,31.059135000000001,-104.608664
UP,1218TO019,2018-12-12,11:15 PM,Derailment,0,DALLAS,TX,61.0,4,Dark,Rain,Main,,0,0,156057,160557,E59C,32.771818000000003,-96.804057999999998
UP,0622TO003,2022-06-06,3:40 PM,Derailment,0,EL PASO,TX,97.0,2,Day,Clear,Yard,Freight Train,3,20391,2112,22503,H702,31.744814999999999,-106.377793
ATK,145261,2016-11-27,5:05 PM,Hwy-rail crossing,0,RIDGEFIELD,WA,46.0,4,Dark,Rain,Main,Passenger Train - Pulling,48,10573,0,10573,M302,45.816864000000002,-122.748469
UP,1122SX001,2022-11-02,5:15 AM,Other impacts,0,SAN ANTONIO,TX,57.0,1,Dawn,Clear,Yard,Single Car,5,6312,0,78013,H312,29.380569999999999,-98.554212000000007
BNSF,KS0919103,2019-09-03,9:36 PM,Side collision,0,AMARILLO,TX,73.0,4,Dark,Clear,Yard,Freight Train,8,199731,0,290731,H607,35.200816000000003,-101.828647
UP,0922HO011,2022-09-11,2:00 PM,Derailment,0,HOUSTON,TX,91.0,2,Day,Clear,Yard,Yard/switching,2,130857,3874,134731,M408,29.792498999999999,-95.298482000000007
UP,0420GC003,2020-04-01,7:46 PM,Derailment,0,CORPUS CHRISTI,TX,74.0,3,Dusk,Cloudy,Industry,Yard/switching,4,11994,1873,13867,T211,27.821852,-97.487779000000003
UP,0316UT001,2016-03-06,1:30 AM,Other impacts,0,SALT LAKE CITY,UT,53.0,4,Dark,Clear,Yard,Cut of cars,0,32225,0,32899,H306,40.705888000000002,-111.908697
NS,146308,2022-08-28,4:50 PM,Other impacts,0,ROANOKE,VA,85.0,3,Dusk,Clear,Yard,Cut of cars,0,13054,0,20851,H317,37.277023999999997,-79.965085999999999
UP,0619GC024,2019-06-19,2:20 AM,Derailment,0,DAYTON,TX,77.0,4,Dark,Clear,Main,,0,0,606484,630790,H607,30.002860999999999,-94.904854999999998
UTAX,8302023,2023-08-30,7:57 AM,RR grade crossing,0,MIDVALE,UT,67.0,1,Dawn,Clear,Main,EMU,36,0,0,0,M599,40.616996,-111.91600699999999
BNSF,RD1218133,2018-12-29,12:51 AM,Derailment,0,NORTH ZULCH,TX,42.0,4,Dark,Cloudy,Main,Freight Train,11,14311,4500,18811,H019,30.935010999999999,-96.109814
UP,1222HO030,2022-12-24,1:15 PM,Derailment,0,HOUSTON,TX,37.0,2,Day,Clear,Yard,Yard/switching,10,1253,12060,13313,S006,29.816403000000001,-95.288915000000003
UP,0319MA031,2019-03-21,1:20 AM,Derailment,0,MARSHALL,TX,41.0,4,Dark,Clear,Main,Freight Train,4,161752,3170,164922,H702,32.551456999999999,-94.364823000000001
UP,0524RM011,2024-05-10,4:55 PM,Other impacts,0,OGDEN,UT,70.0,2,Day,Cloudy,Yard,Yard/switching,5,27230,0,47747,H017,41.213315999999999,-111.983614
BNSF,RD0722128,2022-07-30,11:59 PM,Derailment,0,HOUSTON,TX,85.0,4,Dark,Clear,Yard,Freight Train,5,149804,3000,152804,H307,29.906534000000001,-95.504382000000007
BNSF,RD1118106,2018-11-08,2:00 PM,Derailment,0,VALLEY MILLS,TX,52.0,2,Day,Rain,Siding,Freight Train,2,12321,0,12321,E29C,31.608905,-97.458993000000007
BNSF,NW1217112,2017-12-22,4:30 AM,Side collision,0,PASCO,WA,28.0,1,Dawn,Cloudy,Yard,Yard/switching,6,18600,0,104600,S016,46.266368999999997,-119.099683
NS,156911,2024-05-31,6:40 AM,Obstruction,0,W JUNIPER,VA,67.0,1,Dawn,Clear,Main,,0,0,0,53277,M404,36.73995,-76.503388000000001
WATX,201108003,2020-11-08,9:00 PM,Other impacts,0,DEER PARK,TX,72.0,4,Dark,Clear,Yard,Yard/switching,5,12000,0,12000,H702,29.722481999999999,-95.103179999999995
UP,0220TO003,2020-02-05,2:45 AM,Derailment,0,FORT WORTH,TX,47.0,4,Dark,Cloudy,Yard,Yard/switching,3,6853,65564,72417,E64C,32.727224,-97.367189999999994
UP,1120HO015,2020-11-18,8:50 PM,Derailment,0,HOUSTON,TX,61.0,4,Dark,Cloudy,Main,Freight Train,7,335446,14106,349552,H503,29.770143000000001,-95.447457999999997
UP,1222TO038,2022-12-31,5:22 AM,Other impacts,0,FORT WORTH,TX,49.0,1,Dawn,Clear,Yard,Yard/switching,3,410,23712,24122,M411,32.731178,-97.361853999999994
UP,0420GC025,2020-04-27,6:43 PM,Obstruction,0,BEAUMONT,TX,79.0,3,Dusk,Clear,Yard,Light loco(s),5,9418,30363,39781,M404,30.072163,-94.153471999999994
UP,0122SX012,2022-01-16,6:35 PM,Derailment,0,SAN ANTONIO,TX,61.0,3,Dusk,Cloudy,Industry,Yard/switching,5,14388,329,14717,H505,29.544948000000002,-98.428270999999995
UP,0320TO024,2020-03-20,3:30 AM,Derailment,0,FORT WORTH,TX,61.0,4,Dark,Rain,Yard,Freight Train,5,5071,29001,34072,H702,32.729754,-97.363585
UP,1223HO037,2023-12-23,3:30 PM,Other impacts,0,LA PORTE,TX,55.0,2,Day,Clear,Yard,Cut of cars,5,11897,0,13139,S016,29.683788,-95.038831000000002
UP,0422GC009,2022-04-07,4:55 PM,Other impacts,0,VICTORIA,TX,74.0,2,Day,Clear,Yard,Yard/switching,10,11363,0,11424,M105,28.659666000000001,-96.874699000000007
UP,0422GC011,2022-04-08,6:00 PM,Derailment,0,CLUTE,TX,77.0,3,Dusk,Clear,Yard,Yard/switching,3,35456,34772,70228,E24C,29.014438999999999,-95.389932000000002
UP,0923ES016,2023-09-08,11:11 AM,Obstruction,0,BIG SANDY,TX,100.0,2,Day,Clear,Main,Spec. MoW Equip.,4,80000,0,81906,H025,32.583174,-95.104866000000001
BNSF,RD0117104,2017-01-02,8:40 AM,Side collision,0,FORT WORTH,TX,60.0,1,Dawn,Cloudy,Yard,Yard/switching,0,19634,0,19849,H307,32.818035000000002,-97.326031999999998
BNSF,RD1218117,2018-12-15,8:13 PM,Derailment,0,PEARLAND,TX,60.0,3,Dusk,Clear,Yard,Freight Train,8,25750,40000,65750,H704,29.597767000000001,-95.297456999999994
BNSF,NW0917200,2017-09-13,2:43 PM,Hwy-rail crossing,0,VANCOUVER,WA,73.0,2,Day,Clear,Main,,0,0,10000,21420,M302,45.707628,-122.720967
KCS,19040402,2019-04-04,10:50 PM,Hwy-rail crossing,0,SAN DIEGO,TX,68.0,4,Dark,Clear,Main,Freight Train,16,10000,1341,11341,M308,27.765035000000001,-98.234026
BNSF,NW0417114,2017-04-22,4:35 AM,Derailment,0,VANCOUVER,WA,57.0,1,Dawn,Cloudy,Main,Freight Train,9,24997,107000,131997,E49C,45.632961999999999,-122.68657399999999
UP,0523SX023,2023-05-20,2:25 AM,Derailment,0,SAN ANTONIO,TX,73.0,4,Dark,Rain,Yard,Yard/switching,5,18449,4840,23289,T220,29.435946000000001,-98.440298999999996
UP,0623TO009,2023-06-06,4:57 PM,Derailment,0,SWEETWATER,TX,82.0,2,Day,Clear,Main,Freight Train,19,170477,165656,336133,H518,32.486381000000002,-100.36331800000001
NS,139056,2020-09-01,10:45 AM,Other impacts,0,ARRINGTON,VA,68.0,2,Day,Cloudy,Main,Spec. MoW Equip.,0,19341,0,19341,H997,37.637445999999997,-78.965905000000006
UP,1222RM016,2022-12-16,9:36 AM,Derailment,0,SOUTH SALT LAKE,UT,14.0,2,Day,Clear,Yard,Yard/switching,6,237160,1600,238760,H993,40.710887999999997,-111.909233
BNSF,NW0616114,2016-06-11,7:24 PM,Obstruction,0,CASTLE ROCK,WA,68.0,3,Dusk,Clear,Main,,0,0,0,16931,M404,46.382345000000001,-122.984848
NS,144557,2022-03-02,3:30 AM,Other impacts,0,ROANOKE,VA,51.0,4,Dark,Cloudy,Yard,Single Car,0,51634,0,207000,H318,37.277109000000003,-79.982322999999994
NS,138746,2020-08-03,3:00 PM,Other impacts,0,ROANOKE,VA,82.0,2,Day,Clear,Yard,Single Car,1,29468,0,29468,H312,37.277574000000001,-79.978824000000003
UP,0124HO006,2024-01-04,9:45 PM,Other impacts,0,DAYTON,TX,53.0,4,Dark,Cloudy,Main,Cut of cars,0,5484,0,12484,H995,29.988651000000001,-94.908625000000001
UP,0220HO011,2020-02-09,3:50 PM,Derailment,0,HOUSTON,TX,72.0,2,Day,Cloudy,Yard,Yard/switching,2,13181,1200,14381,M405,29.825769999999999,-95.290317000000002
UP,0320SX028,2020-03-20,4:26 PM,Fire/violent rupture,0,SPOFFORD,TX,65.0,2,Day,Cloudy,Main,,0,0,0,16288,E99L,29.182935000000001,-100.312466
UP,0624TO006,2024-06-06,2:02 AM,Other impacts,0,DALLAS,TX,71.0,4,Dark,Clear,Main,Cut of cars,0,9479,0,595422,M404,32.773560000000003,-96.841396000000003
UP,1023TO018,2023-10-17,5:15 PM,Hwy-rail crossing,0,MIDLAND,TX,82.0,2,Day,Clear,Main,Freight Train,61,0,25000,25000,M304,31.944635000000002,-102.172937
UP,0720RM031,2020-07-30,3:22 AM,Other impacts,0,SALT LAKE CITY,UT,78.0,4,Dark,Clear,Yard,,0,0,150,50150,H702,40.752437,-112.020281
BNSF,RD0821122,2021-08-26,12:55 PM,Derailment,0,FORT WORTH,TX,98.0,2,Day,Clear,Yard,Yard/switching,8,4900,6370,17310,H306,32.827348999999998,-97.334726000000003
KCS,21120302,2021-12-03,7:21 PM,Derailment,0,BENAVIDES,TX,75.0,4,Dark,Clear,Main,Freight Train,25,9200,234826,244026,E53C,27.382747999999999,-98.583123000000001
TGS,052024B,2024-05-24,10:47 PM,Derailment,0,BEACH CITY,TX,83.0,4,Dark,Clear,Yard,Yard/switching,4,230000,0,230000,H306,29.721675000000001,-94.895696000000001
BNSF,KS0823110,2023-08-16,5:18 PM,Derailment,0,AMARILLO,TX,101.0,3,Dusk,Clear,Yard,Yard/switching,8,813438,34969,848407,E46C,35.194786000000001,-101.830853
UP,0722HO001,2022-07-01,3:23 AM,Derailment,0,HOUSTON,TX,76.0,4,Dark,Rain,Yard,Freight Train,10,72910,71800,144710,E05C,29.766145999999999,-95.326511999999994
NS,151889,2023-01-01,11:00 PM,Other impacts,0,ROANOKE,VA,50.0,4,Dark,Clear,Yard,Cut of cars,0,195342,2223,246691,H318,37.277109000000003,-79.982324000000006
UP,0220TO001,2020-02-02,6:50 AM,Other impacts,0,FORT WORTH,TX,48.0,1,Dawn,Clear,Yard,Yard/switching,0,116446,33,154469,H310,32.720824,-97.381089000000003
TSWS,77720171,2017-04-02,6:43 AM,Derailment,0,SALT LAKE CITY,UT,45.0,1,Dawn,Rain,Yard,Yard/switching,7,335032,30499,365531,H525,40.751311999999999,-112.001007
NS,133104,2019-03-06,2:15 AM,Derailment,0,ROANOKE,VA,21.0,4,Dark,Clear,Yard,Freight Train,7,4608,27890,32498,E39C,37.273788000000003,-79.950441999999995
UP,0224HO030,2024-02-22,3:10 PM,Other impacts,0,HOUSTON,TX,76.0,2,Day,Clear,Yard,Single Car,2,673,0,18392,M411,29.819983000000001,-95.288306000000006
UP,0522HO024,2022-05-21,5:25 PM,Hwy-rail crossing,0,HOUSTON,TX,90.0,2,Day,Cloudy,Main,Freight Train,25,5753,11630,17383,M304,29.868200000000002,-95.128190000000004
UP,1018SA013,2018-10-15,7:55 AM,Hwy-rail crossing,0,DEL RIO,TX,62.0,2,Day,Rain,Main,Freight Train,30,724,88132,88856,M302,29.362812999999999,-100.978318
UP,0621HO010,2021-06-13,7:06 PM,Hwy-rail crossing,0,STAFFORD,TX,92.0,3,Dusk,Clear,Main,Freight Train,20,0,19150,19150,M308,29.635096999999998,-95.496915999999999
UP,0822RM012,2022-08-16,8:55 AM,Other impacts,0,SOUTH SALT LAKE,UT,65.0,2,Day,Clear,Yard,Single Car,0,0,0,200698,E31C,40.704478000000002,-111.907532
UP,1117ST025,2017-11-29,10:50 AM,Hwy-rail crossing,0,VAN HORN,TX,55.0,2,Day,Clear,Main,Freight Train,69,141035,900,141935,M308,31.059135000000001,-104.608664
UP,0617HO025,2017-06-13,10:30 AM,Derailment,0,HOUSTON,TX,86.0,2,Day,Clear,Main,Spec. MoW Equip.,5,34495,0,34495,E51C,29.809145999999998,-95.265837000000005
CSX,000168283,2017-04-16,2:43 AM,Side collision,0,RICHMOND,VA,65.0,4,Dark,Clear,Yard,Single Car,4,51294,0,56194,H318,37.584344999999999,-77.477281000000005
UP,0324SX010,2024-03-09,5:20 PM,Other impacts,0,HEARNE,TX,58.0,2,Day,Cloudy,Yard,Yard/switching,15,258391,517,262650,H702,30.778742999999999,-96.600318000000001
PTRA,2020000009,2020-05-06,2:45 AM,Derailment,0,HOUSTON,TX,70.0,4,Dark,Cloudy,Yard,Freight Train,10,7800,65820,74420,E46C,29.771491000000001,-95.290385000000001
AWRR,210713006,2021-07-13,12:00 AM,Other (describe in narrative),0,AUSTIN,TX,80.0,4,Dark,Clear,Main,Freight Train,10,0,0,18327,H702,30.479102000000001,-97.769459999999995
ATK,173898,2023-02-27,11:30 AM,Hwy-rail crossing,0,SHARON,VT,30.0,2,Day,Clear,Main,Passenger Train - Pulling,59,63347,0,63347,M302,43.743256000000002,-72.440037000000004
UP,1222HO035,2022-12-30,9:08 AM,Derailment,0,CONROE,TX,60.0,2,Day,Clear,Industry,Freight Train,5,20694,0,20694,M101,30.18939,-95.443764000000002
TGS,122023,2023-12-04,10:00 PM,Derailment,0,BEACH CITY,TX,60.0,4,Dark,Clear,Yard,Yard/switching,10,200000,100000,300000,H503,29.723818000000001,-94.895718000000002
UP,0418FW003,2018-04-02,10:45 PM,Derailment,0,ARLINGTON,TX,50.0,4,Dark,Clear,Yard,Yard/switching,6,11934,86277,98211,H702,32.741349999999997,-97.059653999999995
UP,0216UT017,2016-02-27,4:45 AM,Derailment,0,SALT LAKE CITY,UT,45.0,4,Dark,Clear,Yard,Yard/switching,3,255,59704,59959,H702,40.778063000000003,-111.905309
UP,0421HO024,2021-04-25,9:55 AM,Derailment,0,LA PORTE,TX,67.0,2,Day,Clear,Yard,Yard/switching,4,120,40852,40972,E29C,29.708466000000001,-95.074160000000006
NS,127463,2017-11-18,8:37 PM,Derailment,0,APPALACHIA,VA,55.0,4,Dark,Rain,Main,Freight Train,46,1593857,408614,2002471,M204,36.884678999999998,-82.805773000000002
TMBL,05222015A,2015-05-22,1:35 AM,Derailment,0,OLYMPIA,WA,55.0,4,Dark,Cloudy,Siding,Yard/switching,4,20000,0,20100,H704,46.969783999999997,-122.83188
UP,1019SX011,2019-10-10,5:51 AM,Hwy-rail crossing,0,SAN MARCOS,TX,78.0,1,Dawn,Cloudy,Main,Freight Train,25,3871,19750,23621,M304,29.789757999999999,-98.043014999999997
UP,1123HO028,2023-11-28,12:15 PM,Derailment,0,CORPUS CHRISTI,TX,70.0,2,Day,Cloudy,Main,Freight Train,10,16108,49650,65758,M204,27.836369999999999,-97.513056000000006
UP,1121GC013,2021-11-13,6:22 AM,Hwy-rail crossing,0,PORTER,TX,47.0,1,Dawn,Cloudy,Main,Freight Train,44,10760,184938,195698,M302,30.078735999999999,-95.237623999999997
UP,0920TO038,2020-09-27,6:10 PM,Other impacts,0,FORT WORTH,TX,91.0,3,Dusk,Clear,Yard,Yard/switching,4,19870,0,30378,H310,32.724303999999997,-97.375760999999997
UP,1218GC048,2018-12-21,6:53 AM,Hwy-rail crossing,0,LIVINGSTON,TX,42.0,1,Dawn,Clear,Main,Freight Train,42,52826,0,52826,M302,30.788319000000001,-94.894188999999997
PTRA,2024012,2024-08-11,4:10 AM,Raking collision,0,HOUSTON,TX,80.0,4,Dark,Clear,Yard,Freight Train,4,40810,0,40810,H318,29.761571,-95.292968999999999
UP,0318FW019,2018-03-14,1:50 PM,Hwy-rail crossing,0,SWEETWATER,TX,69.0,2,Day,Clear,Main,Freight Train,47,49734,300,50034,M302,32.525857999999999,-100.27596800000001
UP,0319GC058,2019-03-22,5:35 PM,Other impacts,0,LA PORTE,TX,76.0,2,Day,Clear,Yard,Cut of cars,3,16513,0,21838,M404,29.683921000000002,-95.038895999999994
BNSF,RD0119104,2019-01-05,8:40 PM,Other impacts,0,FORT WORTH,TX,50.0,3,Dusk,Clear,Yard,Yard/switching,4,86011,0,86011,H318,32.822682,-97.330342999999999
NS,131885,2018-11-30,11:30 AM,Derailment,0,LYNCHBURG,VA,45.0,2,Day,Clear,Industry,Freight Train,7,50326,2095,52421,H307,37.362374000000003,-79.251570999999998
UP,1020GC026,2020-10-16,10:50 PM,Hwy-rail crossing,0,SHEPHERD,TX,58.0,4,Dark,Clear,Main,Freight Train,40,60,18000,18060,M301,30.445281999999999,-95.028869999999998
ATK,143084,2016-06-11,7:24 PM,Obstruction,0,RYDERWOOD,WA,68.0,3,Dusk,Clear,Main,Passenger Train - Pulling,55,16931,0,16931,M404,46.382345000000001,-122.984848
UP,1020TO001,2020-10-03,2:40 AM,Other impacts,0,FORT WORTH,TX,63.0,4,Dark,Clear,Yard,Yard/switching,5,73343,5508,79076,H318,32.724519999999998,-97.373622999999995
UP,0423TO015,2023-04-08,4:51 PM,Other impacts,0,FORT WORTH,TX,71.0,2,Day,Clear,Yard,Yard/switching,5,1069,0,11791,M404,32.723410999999999,-97.377735000000001
BNSF,PR0222104,2022-02-05,10:30 AM,Derailment,0,PROVO,UT,45.0,2,Day,Clear,Yard,Freight Train,7,193518,0,393518,H607,40.213191999999999,-111.639449
BNSF,RD0719119,2019-07-19,8:35 AM,Derailment,0,FORT WORTH,TX,84.0,2,Day,Clear,Yard,Light loco(s),4,6000,25000,31000,H607,32.818598000000001,-97.326521
BNSF,RD0918132,2018-09-19,2:25 PM,Rear end collision,0,SAGINAW,TX,94.0,2,Day,Clear,Main,Spec. MoW Equip.,10,10000,0,30000,H402,32.888475,-97.387585000000001
BNSF,KS0618105,2018-06-23,6:45 AM,Derailment,0,AMARILLO,TX,65.0,1,Dawn,Clear,Yard,Yard/switching,7,17401,0,17401,H318,35.194018,-101.830624
NS,151889,2023-01-01,11:00 PM,Other impacts,0,ROANOKE,VA,50.0,4,Dark,Clear,Yard,Freight Train,4,49126,0,246691,H318,37.277109000000003,-79.982324000000006
UP,1120TO024,2020-11-24,2:45 PM,Other (describe in narrative),0,BELLMEAD,TX,76.0,2,Day,Cloudy,Yard,Yard/switching,2,18656,0,18656,M201,31.578859999999999,-97.103244000000004
UP,0820GC040,2020-08-22,9:24 AM,Hwy-rail crossing,0,SPLENDORA,TX,80.0,2,Day,Clear,Main,Freight Train,50,360,22000,22360,M303,30.172830999999999,-95.203115999999994
UP,0820TO015,2020-08-17,3:10 PM,Derailment,0,EL PASO,TX,93.0,2,Day,Cloudy,Yard,Yard/switching,6,23097,133318,156415,M405,31.769644,-106.46901
UP,0422RM017,2022-04-13,9:55 AM,Derailment,0,LEWISTON,UT,23.0,2,Day,Cloudy,Industry,Freight Train,8,5103,8565,13668,T220,41.972467000000002,-111.827316
UP,0424HO013,2024-04-10,1:08 AM,Derailment,0,DAYTON,TX,65.0,4,Dark,Rain,Siding,,0,0,4264,25775,H607,29.933747,-94.915368999999998
BNSF,RD1118202,2018-11-07,1:45 PM,Hwy-rail crossing,0,FORT WORTH,TX,60.0,2,Day,Cloudy,Main,,0,0,30000,33566,M302,32.698669000000002,-97.342804000000001
UP,1217FW015,2017-12-13,8:25 AM,Hwy-rail crossing,0,DENTON,TX,62.0,2,Day,Clear,Main,Freight Train,29,489,22501,22990,M303,33.212390999999997,-97.127837
UP,0116UT004,2016-01-14,7:06 PM,Fire/violent rupture,0,MOUNTAIN GREEN,UT,29.0,4,Dark,Clear,Main,Freight Train,30,100872,0,100872,E73L,41.138973999999997,-111.84104499999999
UP,0419TO046,2019-04-25,10:52 AM,Hwy-rail crossing,0,HOLLAND,TX,71.0,2,Day,Clear,Main,,0,0,0,16198,M302,30.911455,-97.367968000000005
UP,1123SX002,2023-11-01,9:30 PM,Derailment,0,LOCKHART,TX,44.0,4,Dark,Clear,Main,,0,0,340308,1315086,H503,29.890571999999999,-97.649604999999994
UP,0921HO007,2021-09-07,6:58 AM,Other impacts,0,HOUSTON,TX,77.0,1,Dawn,Clear,Yard,Yard/switching,5,20124,0,24397,M411,29.796298,-95.292013999999995
BNSF,RD1120110,2020-11-14,7:17 PM,Derailment,0,TOMBALL,TX,77.0,3,Dusk,Clear,Siding,Freight Train,10,91015,226000,317015,E64C,30.055613000000001,-95.589337
DCTA,DCTA21001,2021-01-03,1:40 PM,Hwy-rail crossing,0,LEWISVILLE,TX,65.0,2,Day,Clear,Main,Maint./inspect Car,5,14000,0,14000,M302,33.0717,-97.017380000000003
BNSF,RD1019122,2019-10-30,5:45 PM,Derailment,0,SILSBEE,TX,60.0,3,Dusk,Cloudy,Yard,Yard/switching,5,18000,9000,27000,H307,30.351626,-94.184977000000003
UP,0422SX029,2022-04-27,8:30 PM,Other impacts,0,SAN ANTONIO,TX,78.0,4,Dark,Cloudy,Yard,Cut of cars,2,392,299,462110,M105,29.372420000000002,-98.560630000000003
UP,0922HO033,2022-09-25,2:30 PM,Other impacts,0,DAYTON,TX,96.0,2,Day,Clear,Yard,Light loco(s),4,7827,0,961325,H307,30.012523999999999,-94.902255999999994
BNSF,RD0120106,2020-01-10,5:00 AM,Derailment,0,DAYTON,TX,64.0,1,Dawn,Cloudy,Yard,Yard/switching,5,10416,2500,12916,H312,30.012288000000002,-94.902512999999999
UP,0423RM025,2023-04-26,2:40 PM,Other impacts,0,OGDEN,UT,56.0,2,Day,Clear,Industry,Single Car,0,11478,0,14130,H318,41.266710000000003,-112.21373
PTRA,2019000005,2019-03-16,1:55 AM,Other impacts,0,HOUSTON,TX,48.0,4,Dark,Clear,Yard,Cut of cars,5,85000,3500,88500,H318,29.761749999999999,-95.292807999999994
TRE,20028,2022-08-05,11:50 PM,Hwy-rail crossing,0,HALTOM CITY,TX,99.0,4,Dark,Clear,Main,Commuter Train - Pulling,77,30000,0,30000,M301,32.780433000000002,-97.268293999999997
UP,0718ST014,2018-07-21,2:51 AM,Derailment,0,EL PASO,TX,75.0,4,Dark,Clear,Yard,Yard/switching,1,10724,16250,26974,E07C,31.753525,-106.388515
UP,0119RM013,2019-01-02,11:53 PM,Other impacts,0,PORTAGE,UT,10.0,4,Dark,Clear,Industry,Yard/switching,4,318,66,12076,H307,41.882668000000002,-112.19309
KCS,23041001,2023-04-10,6:40 AM,Side collision,0,KENDLETON,TX,63.0,4,Dark,Clear,Siding,Yard/switching,8,23842,0,46245,H607,29.479016000000001,-95.948594999999997
BNSF,NW0119103,2019-01-11,8:42 AM,Derailment,0,SEATTLE,WA,40.0,1,Dawn,Clear,Yard,Light loco(s),9,6720,5150,11870,H607,47.591504,-122.330235
RLAX,RLAX62621,2021-06-26,4:30 AM,Other impacts,0,BAYTOWN,TX,82.0,4,Dark,Fog,Yard,,0,0,0,188372,H008,29.776367,-94.898933
UP,0821HO037,2021-08-25,7:10 PM,Derailment,0,DAYTON,TX,90.0,3,Dusk,Clear,Yard,Yard/switching,10,818,3820,13985,H306,30.016041999999999,-94.901166000000003
CSX,000208986,2022-12-26,6:08 PM,Hwy-rail crossing,0,SPOTSYLVANIA,VA,40.0,3,Dusk,Clear,Main,,0,0,222,22634,M302,38.240884999999999,-77.435624000000004
UP,0220SX015,2020-02-17,5:02 PM,Hwy-rail crossing,0,PEARSALL,TX,82.0,2,Day,Clear,Main,Freight Train,52,16500,0,16500,M302,28.841716999999999,-99.111440000000002
UP,0822SX023,2022-08-29,9:45 PM,Other impacts,0,HEARNE,TX,80.0,4,Dark,Cloudy,Yard,Freight Train,4,3230,1385,18347,H306,30.878938000000002,-96.592267000000007
UP,0317UT012,2017-03-19,10:30 AM,Derailment,0,OGDEN,UT,68.0,2,Day,Clear,Yard,Yard/switching,5,1534,256155,257689,M410,41.20073,-111.986024
UP,0818FW048,2018-08-31,3:08 PM,Derailment,0,FORT WORTH,TX,100.0,2,Day,Clear,Yard,Single Car,0,348,68647,70735,M411,32.720654000000003,-97.381005999999999
UP,0224TO037,2024-02-25,3:41 PM,Derailment,0,TRENT,TX,87.0,2,Day,Clear,Main,Freight Train,10,290124,524003,814127,M401,32.503908000000003,-100.180297
UP,0218HO009,2018-02-05,3:15 AM,Fire/violent rupture,0,HOUSTON,TX,54.0,4,Dark,Cloudy,Main,Freight Train,8,100000,99,100099,E73L,29.730166000000001,-95.293295999999998
UP,0619SX007,2019-06-06,4:54 AM,Derailment,0,TAYLOR,TX,71.0,1,Dawn,Rain,Main,Freight Train,7,289450,211875,501325,M599,30.567488999999998,-97.405885999999995
PTRA,2021000010,2021-05-15,3:00 AM,Side collision,0,HOUSTON,TX,85.0,4,Dark,Clear,Yard,Freight Train,2,45000,1050,79800,H307,29.760881999999999,-95.293434000000005
BNSF,RD0819111,2019-08-09,6:35 AM,Derailment,0,PLAINVIEW,TX,81.0,1,Dawn,Clear,Siding,Freight Train,6,1000,20534,21534,H607,34.291117999999997,-101.721954
UP,0424SX012,2024-04-14,9:30 AM,Obstruction,0,SAN ANTONIO,TX,70.0,2,Day,Clear,Yard,Yard/switching,5,32035,38346,70381,M409,29.380801999999999,-98.553979999999996
BNSF,KS0521106,2021-05-25,10:00 PM,Derailment,0,FRIONA,TX,65.0,4,Dark,Clear,Main,Freight Train,50,246756,853000,1099756,E62C,34.608272999999997,-102.76306
NS,145227,2022-05-09,8:20 PM,Other (describe in narrative),0,SHENANDOAH,VA,55.0,4,Dark,Clear,Main,Freight Train,11,50563,500,51063,E21C,38.539146000000002,-78.578097
NS,131077,2018-09-25,8:10 PM,Other (describe in narrative),0,CREWE,VA,72.0,4,Dark,Clear,Yard,Freight Train,0,1923,0,23884,H305,37.186981000000003,-78.143596000000002