reportingrailroadcode,accidentnumber,date,time,accidenttype,hazmatreleasedcars,station,stateabbr,temperature,visibility_code,visibility,weathercondition,tracktype,equipmenttype,trainspeed,equipmentdamagecost,trackdamagecost,totaldamagecost,primaryaccidentcausecode,latitude,longitude
UP,1122HO007,2022-11-11,3:55 AM,Other impacts,0,LA PORTE,TX,65.0,4,Dark,Clear,Yard,Yard/switching,4,12332,200,49588,M411,29.683776999999999,-95.038893000000002
UP,0919SX018,2019-09-15,10:25 PM,Fire/violent rupture,0,EAGLE PASS,TX,83.0,4,Dark,Cloudy,Main,Freight Train,36,973650,43323,1016973,M406,28.895932999999999,-100.42470400000001
UP,1019HO011,2019-10-24,4:30 PM,Other impacts,0,HOUSTON,TX,81.0,2,Day,Clear,Yard,Yard/switching,0,19412,0,19512,S007,29.793420999999999,-95.298778999999996
TMBL,04302016A,2016-04-30,2:30 AM,Derailment,0,TACOMA,WA,45.0,4,Dark,Clear,Yard,,0,0,500,41228,H503,47.260775000000002,-122.398707
NS,133301,2019-03-21,10:47 AM,Derailment,0,ROANOKE,VA,55.0,2,Day,Clear,Main,Freight Train,9,29907,13486,43393,E39C,37.273606999999998,-79.948740000000001
UP,0620HO003,2020-06-03,11:34 AM,Other impacts,0,HOUSTON,TX,84.0,2,Day,Cloudy,Yard,Single Car,0,14290,3960,18559,M411,29.795812999999999,-95.295353000000006
NS,119667,2016-03-10,1:15 AM,Derailment,0,SALEM,VA,60.0,4,Dark,Clear,Yard,Freight Train,3,20403,43,20446,T221,37.272101999999997,-80.009529999999998
UP,0818FW029,2018-08-18,2:20 AM,Derailment,0,FORT WORTH,TX,90.0,4,Dark,Clear,Industry,Yard/switching,5,15879,1243,17122,M501,32.845078999999998,-97.359087000000002
UP,0824HO046,2024-08-24,7:50 AM,Derailment,0,ANGLETON,TX,73.0,2,Day,Clear,Yard,Cut of cars,6,1496,0,24409,H703,29.151675000000001,-95.441489000000004
UP,0721RM013,2021-07-15,9:59 PM,Derailment,0,MINERSVILLE,UT,76.0,4,Dark,Cloudy,Main,Freight Train,67,2239423,554670,2794093,M103,38.058948000000001,-113.368576
UP,1119RM019,2019-11-24,2:30 AM,Derailment,0,OGDEN,UT,30.0,4,Dark,Cloudy,Yard,Yard/switching,7,667,30325,30992,M404,41.184739999999998,-111.990432
UP,1120RM033,2020-11-27,1:35 PM,Derailment,0,OGDEN,UT,37.0,2,Day,Clear,Yard,Yard/switching,10,318139,2719,320858,H524,41.235942000000001,-111.989665
UP,0119GC033,2019-01-07,10:20 AM,Other impacts,0,BEAUMONT,TX,67.0,2,Day,Clear,Yard,Single Car,0,9575,0,22503,S015,30.072195000000001,-94.153436999999997
UP,0719ST035,2019-07-02,8:50 AM,Other (describe in narrative),0,EL PASO,TX,74.0,2,Day,Clear,Yard,Passenger Train - Pulling,0,11482,0,11482,M507,31.753955999999999,-106.388079
UFRC,10111801,2018-10-11,7:24 AM,Hwy-rail crossing,0,WOODS CROSS,UT,40.0,1,Dawn,Clear,Main,Commuter Train - Pushing,78,58120,0,58120,M302,40.841855000000002,-111.916938
UP,0519SX011,2019-05-16,9:30 PM,Derailment,0,HARWOOD,TX,77.0,4,Dark,Clear,Main,Freight Train,40,18905,5555,24460,E39C,29.689330000000002,-97.394176000000002
UP,1121HO010,2021-11-07,6:01 PM,Other (describe in narrative),0,HOUSTON,TX,64.0,3,Dusk,Clear,Yard,Yard/switching,4,40381,0,40381,M411,29.821709999999999,-95.288387999999998
UP,0320TO031,2020-03-25,10:25 AM,Obstruction,0,NOTREES,TX,65.0,2,Day,Clear,Main,Freight Train,47,12030,165,12195,M402,31.648747,-102.751503
BNSF,RD0419131,2019-04-23,4:50 AM,Derailment,0,SAGINAW,TX,62.0,1,Dawn,Clear,Yard,Yard/switching,4,31577,20000,51577,H524,32.834361000000001,-97.358784
BNSF,NW0115103,2015-01-10,12:45 AM,Other (describe in narrative),0,PASCO,WA,34.0,4,Dark,Cloudy,Main,Freight Train,10,0,22000,22000,H221,46.273404999999997,-119.10491500000001
NS,144557,2022-03-02,3:30 AM,Other impacts,0,ROANOKE,VA,51.0,4,Dark,Cloudy,Yard,Single Car,0,17000,0,207000,H318,37.277109000000003,-79.982322999999994
UP,0318PD010,2018-03-05,3:18 PM,Raking collision,0,CENTRALIA,WA,50.0,2,Day,Cloudy,Main,Freight Train,5,5236,0,970811,H221,46.719766999999997,-122.951559
UP,0418FW027,2018-04-18,1:31 AM,Raking collision,0,MONAHANS,TX,68.0,4,Dark,Clear,Main,Freight Train,0,86926,0,3646910,M404,31.593616000000001,-102.898368
SGSC,IT7233,2018-04-30,10:37 PM,Derailment,0,BAYTOWN,TX,72.0,4,Dark,Cloudy,Industry,Yard/switching,8,20000,13042,33042,H303,29.733609999999999,-95.005832999999996
TXNW,BNSF201130,2020-11-30,1:30 AM,Derailment,0,DUMAS,TX,28.0,4,Dark,Clear,Yard,,0,0,0,34340,H312,36.023581999999998,-101.99602299999999
BNSF,RD0823128,2023-08-22,3:33 PM,Obstruction,0,RIO VISTA,TX,105.0,2,Day,Clear,Main,Freight Train,55,0,22000,22000,M404,32.232902000000003,-97.378253000000001
UP,0523TO029,2023-05-18,11:04 PM,Other impacts,0,FORT WORTH,TX,78.0,4,Dark,Cloudy,Yard,Yard/switching,3,4798,0,11679,S007,32.721387999999997,-97.381744999999995
CSX,000176497,2018-05-19,7:02 AM,Other (describe in narrative),0,ALEXANDRIA,VA,58.0,1,Dawn,Rain,Main,Freight Train,37,821900,6005760,7096141,M199,38.805618000000003,-77.087474999999998
UP,0421MA011,2021-04-07,12:38 PM,Derailment,0,TEXARKANA,TX,67.0,2,Day,Cloudy,Main,Freight Train,19,7900,56866,64766,E24C,33.399183999999998,-94.058224999999993
UP,0117UT010,2017-01-18,10:15 AM,Derailment,0,PROVO,UT,30.0,2,Day,Clear,Yard,Freight Train,5,11578,0,11578,M101,40.223196000000002,-111.65145200000001
DGNO,DGN617020,2020-06-18,2:20 AM,Derailment,0,CARROLLTON,TX,80.0,4,Dark,Clear,Industry,Freight Train,5,9970,1200,11170,M203,32.989629999999998,-96.926192
UP,0120HO002,2020-01-08,1:00 AM,Other impacts,0,HOUSTON,TX,52.0,4,Dark,Clear,Yard,Yard/switching,4,228792,0,238805,H307,29.816412,-95.289857999999995
UP,0423SX019,2023-04-26,4:45 AM,Hwy-rail crossing,0,CIBOLO,TX,69.0,1,Dawn,Rain,Main,Freight Train,30,9293,11175,20468,M308,29.562563000000001,-98.216143000000002
BNSF,RD0721101,2021-07-01,8:16 AM,Derailment,0,FORT WORTH,TX,91.0,1,Dawn,Clear,Industry,Yard/switching,4,3250,10000,13250,H307,32.787823000000003,-97.339149000000006
BNSF,RD0419130,2019-04-22,9:01 PM,Other impacts,0,DAYTON,TX,70.0,4,Dark,Clear,Yard,Yard/switching,8,11750,0,11750,H318,30.012297,-94.903139999999993
UP,1221GC011,2021-12-16,9:05 AM,Obstruction,0,BEAUMONT,TX,76.0,2,Day,Clear,Yard,Single Car,0,11316,0,11316,M501,30.073391999999998,-94.148520000000005
UP,0623SX023,2023-06-25,11:07 PM,Derailment,0,CAMPBELLTON,TX,86.0,4,Dark,Clear,Industry,Freight Train,3,11584,92471,104055,H701,28.770123999999999,-98.316587999999996
NECR,NEC397218A,2018-09-21,6:34 PM,Obstruction,0,HARTLAND,VT,63.0,2,Day,Clear,Main,,0,0,0,11437,M404,43.592525000000002,-72.347449999999995
BNSF,KS0324112,2024-03-27,4:09 AM,Derailment,0,AMARILLO,TX,53.0,1,Dawn,Clear,Yard,Yard/switching,4,27610,5000,76272,H309,35.187511000000001,-101.833309
CSX,000193634,2020-11-02,2:49 AM,Obstruction,0,STONY CREEK,VA,39.0,4,Dark,Clear,Main,Freight Train,50,15276,0,15276,M404,36.878193000000003,-77.427593000000002
UP,0119ST061,2019-01-27,3:54 PM,Derailment,0,EL PASO,TX,58.0,2,Day,Clear,Yard,Yard/switching,7,140699,66760,251279,H305,31.756692999999999,-106.392625
UP,1122TO016,2022-11-10,2:00 PM,Hwy-rail crossing,0,TORNILLO,TX,70.0,2,Day,Cloudy,Main,,0,0,15150,24367,M302,31.445665000000002,-106.088261
UP,0320HO011,2020-03-14,12:55 AM,Other impacts,0,HOUSTON,TX,71.0,4,Dark,Cloudy,Yard,Yard/switching,5,170597,1464,216105,S007,29.793434999999999,-95.300940999999995
ATK,157869,2019-03-03,7:55 PM,Hwy-rail crossing,0,REMINGTON,VA,31.0,4,Dark,Rain,Main,Passenger Train - Pulling,60,13400,0,13400,M302,38.675185999999997,-77.745780999999994
BNSF,NW0717101,2017-07-02,2:29 PM,Derailment,0,STEILACOOM,WA,78.0,2,Day,Clear,Main,,0,0,84912,2719791,H221,47.184987,-122.585612
BNSF,RD0519124,2019-05-24,1:38 PM,Derailment,0,SAGINAW,TX,80.0,2,Day,Clear,Yard,Yard/switching,6,4524,10849,15373,H318,32.830447999999997,-97.358137999999997
ATK,173231,2022-12-27,11:04 AM,Derailment,0,LORTON,VA,44.0,2,Day,Clear,Yard,Yard/switching,3,93471,1645,95116,H704,38.711475,-77.219320999999994
UP,0524ES035,2024-05-17,4:28 AM,Obstruction,0,GOODRICH,TX,67.0,1,Dawn,Cloudy,Main,Maint./inspect Car,10,5000,0,13000,H104,30.616334999999999,-94.949104000000005
BNSF,RD0519123,2019-05-22,5:15 AM,Derailment,0,SAGINAW,TX,72.0,1,Dawn,Clear,Yard,Yard/switching,5,3348,30527,33875,H703,32.830922999999999,-97.357678000000007
BNSF,KS0720101,2020-07-05,3:40 PM,Derailment,0,FRIONA,TX,95.0,2,Day,Clear,Yard,Light loco(s),10,14438,200,14638,H307,34.686804000000002,-102.602536
UP,1223SX018,2023-12-25,4:05 AM,Other impacts,0,SAN ANTONIO,TX,67.0,1,Dawn,Clear,Yard,Yard/switching,7,393,528,64382,H312,29.377409,-98.555931000000001
UP,0720TO006,2020-07-03,2:35 PM,Fire/violent rupture,0,WEATHERFORD,TX,95.0,2,Day,Clear,Main,Freight Train,30,326281,100,326381,E74L,32.755884000000002,-97.790412000000003
UP,1023ES035,2023-10-21,5:44 AM,Obstruction,0,DIBOLL,TX,51.0,1,Dawn,Clear,Main,Spec. MoW Equip.,0,34530,0,56363,H602,31.138002,-94.812409000000002
BB,2017T102,2017-01-09,5:30 AM,Derailment,0,CLARKSVILLE,VA,24.0,4,Dark,Clear,Main,Freight Train,4,17287,28444,45731,M204,36.600724999999997,-78.551957999999999
NS,137570,2020-03-24,10:45 AM,Other (describe in narrative),0,LYNCHBURG,VA,50.0,2,Day,Clear,Yard,Yard/switching,7,5000,7604,12604,H306,37.367209000000003,-79.171785999999997
UP,0721TO012,2021-07-09,5:43 AM,Derailment,0,FORT WORTH,TX,75.0,1,Dawn,Cloudy,Yard,Yard/switching,8,7432,88473,95905,M405,32.726108000000004,-97.368966
NS,157599,2024-08-03,7:00 AM,Other (describe in narrative),0,ROANOKE CITy,VA,75.0,1,Dawn,Clear,Yard,Yard/switching,9,24546,348,24894,H601,37.277109000000003,-79.982324000000006
UP,1219TO011,2019-12-06,8:57 PM,Hwy-rail crossing,0,KELLER,TX,49.0,4,Dark,Clear,Main,Freight Train,30,54315,15640,69955,M303,32.963433999999999,-97.250702000000004
CSX,000174162,2018-01-20,4:14 AM,Hwy-rail crossing,0,CHESAPEAKE,VA,38.0,4,Dark,Clear,Main,Freight Train,39,13654,0,13654,M302,36.771771999999999,-76.457382999999993
CSX,000166769,2017-02-13,12:15 AM,Derailment,0,RICHMOND,VA,38.0,4,Dark,Clear,Yard,Cut of cars,0,5614,0,166141,T220,37.581856000000002,-77.475458000000003
UP,0324TO030,2024-03-15,9:50 AM,Derailment,0,RICE,TX,62.0,2,Day,Cloudy,Main,Freight Train,6,233142,71070,304212,H503,32.219368000000003,-96.487737999999993
UP,0322HO001,2022-03-01,12:10 PM,Other impacts,0,LA PORTE,TX,63.0,2,Day,Clear,Yard,Yard/switching,5,11633,41921,69054,H306,29.686472999999999,-95.039328999999995
RLAX,RLAX51922,2022-05-19,1:15 PM,Derailment,0,BAYTOWN,TX,92.0,2,Day,Clear,Yard,Yard/switching,5,11300,0,11300,H309,29.760719999999999,-94.884958999999995
UP,0419ST016,2019-04-07,4:02 PM,Hwy-rail crossing,0,CLINT,TX,74.0,2,Day,Clear,Main,,0,0,300,15333,M308,31.589880000000001,-106.226358
CSX,000219452,2024-07-20,9:00 PM,Derailment,0,FREDERICKSBURG,VA,83.0,3,Dusk,Clear,Yard,Freight Train,20,105978,0,105978,H008,38.29419,-77.460946000000007
BNSF,KS0822206,2022-08-31,3:24 PM,Hwy-rail crossing,0,CANYON,TX,87.0,2,Day,Clear,Main,Freight Train,26,20017,26000,46017,M302,34.982661,-101.954628
UP,1221HO004,2021-12-08,1:30 PM,Derailment,0,HOUSTON,TX,70.0,2,Day,Clear,Industry,,0,0,4791,23834,H503,29.849183,-95.130211000000003
UP,0119SX002,2019-01-04,5:20 AM,Other impacts,0,SAN ANTONIO,TX,38.0,1,Dawn,Clear,Yard,Light loco(s),2,88679,0,152810,H702,29.380337999999998,-98.554445000000001
UP,0122TO016,2022-01-17,3:00 PM,Fire/violent rupture,0,DALLAS,TX,62.0,2,Day,Clear,Main,,0,0,0,18000,E73L,32.757157999999997,-96.782509000000005
UP,1218GC028,2018-12-12,10:45 AM,Hwy-rail crossing,0,BISHOP,TX,65.0,2,Day,Cloudy,Main,Freight Train,36,71727,66,71793,M303,27.62792,-97.773902000000007
UP,0721SX018,2021-07-17,6:20 PM,Derailment,0,LAREDO,TX,95.0,3,Dusk,Clear,Yard,Freight Train,3,39491,135,39626,M404,27.665081000000001,-99.445361000000005
UP,0523SX028,2023-05-16,8:44 AM,Fire/violent rupture,0,SAN ANTONIO,TX,70.0,2,Day,Clear,Yard,Single Car,0,12491,33,12524,M406,29.435396999999998,-98.460488999999995
BNSF,RD0820105,2020-08-04,6:30 AM,Derailment,0,GAINESVILLE,TX,85.0,1,Dawn,Clear,Yard,Light loco(s),8,10000,10000,20000,H307,33.626266000000001,-97.140878999999998
UP,0623HO043,2023-06-10,9:50 PM,Other (describe in narrative),0,HOUSTON,TX,84.0,4,Dark,Cloudy,Yard,Freight Train,3,0,0,65000,H702,29.716069999999998,-95.227924999999999
BNSF,RD0621110,2021-06-08,6:40 PM,Derailment,0,SILSBEE,TX,82.0,3,Dusk,Clear,Yard,Yard/switching,10,26677,1000,27677,H019,30.351520000000001,-94.184645000000003
UP,0419GC039,2019-04-19,6:50 PM,Other impacts,0,CORPUS CHRISTI,TX,81.0,3,Dusk,Clear,Industry,Cut of cars,0,30435,0,35446,H307,27.815856,-97.469356000000005
AWRR,200207002,2020-02-07,5:00 AM,Derailment,0,AUSTIN,TX,34.0,1,Dawn,Clear,Main,Freight Train,10,130000,10500,140500,T220,30.328855999999998,-97.619219000000001
UP,1122HO024,2022-11-22,8:59 AM,Hwy-rail crossing,0,DAYTON,TX,47.0,2,Day,Cloudy,Main,Freight Train,39,7492,153704,161196,M304,30.109055999999999,-94.860217000000006
BNSF,RD1221202,2021-12-14,10:10 PM,Hwy-rail crossing,0,LULING,TX,71.0,4,Dark,Clear,Main,Freight Train,44,101250,0,250890,M302,29.682337,-97.662923000000006
BNSF,RD0422122,2022-04-24,11:41 AM,Derailment,0,BUCKHOLTS,TX,81.0,2,Day,Clear,Main,Freight Train,52,749299,110000,859299,E34C,30.911957999999998,-97.187804999999997
UP,1119TO011,2019-11-13,11:20 PM,Other (describe in narrative),0,DALLAS,TX,40.0,4,Dark,Clear,Main,Yard/switching,7,0,50692,50692,H403,32.694417000000001,-96.738354000000001
UP,0124TO034,2024-01-30,11:45 AM,Other impacts,0,FORT WORTH,TX,63.0,2,Day,Clear,Yard,Cut of cars,0,40168,0,40168,H317,32.722057,-97.324546999999995
BNSF,RD0719104,2019-07-04,5:02 PM,Derailment,0,SHERMAN,TX,85.0,3,Dusk,Clear,Yard,Freight Train,20,6000,30000,36000,H606,33.648505,-96.603626000000006
UP,0719HO025,2019-07-22,9:00 AM,Hwy-rail crossing,0,HOUSTON,TX,83.0,2,Day,Clear,Main,Freight Train,53,221,25099,25320,M304,29.631114,-95.507244
ATK,163245,2020-02-25,7:11 AM,Hwy-rail crossing,0,CIBOLO,TX,44.0,1,Dawn,Clear,Main,Passenger Train - Pulling,74,28782,0,78782,M304,29.563143,-98.208940999999996
TEXR,2020012,2020-12-24,2:53 PM,Hwy-rail crossing,0,GRAPEVINE,TX,50.0,2,Day,Clear,Main,DMU,55,26200,1000,27200,M399,32.926575999999997,-97.106847000000002
UP,0624RM001,2024-06-01,12:21 AM,Derailment,0,OGDEN,UT,63.0,4,Dark,Clear,Yard,Yard/switching,5,32468,4520,36988,H607,41.213315999999999,-111.983614
UP,0118SA018,2018-01-25,11:20 PM,Derailment,0,SAN ANTONIO,TX,55.0,4,Dark,Clear,Main,Freight Train,5,19325,2283,21608,H704,29.564869000000002,-98.576466999999994
UP,0722TO052,2022-07-25,5:00 AM,Other impacts,0,BELLMEAD,TX,82.0,1,Dawn,Clear,Yard,Yard/switching,3,41708,0,41708,H601,31.584841999999998,-97.097819000000001
UP,0722TO050,2022-07-25,5:53 AM,Other impacts,0,FORT WORTH,TX,84.0,1,Dawn,Clear,Yard,Single Car,0,1015,2280,12690,M404,32.720387000000002,-97.382687000000004
BNSF,RD1118124,2018-11-15,2:30 AM,Head on collision,0,DAYTON,TX,34.0,4,Dark,Clear,Yard,Yard/switching,7,12600,2500,15600,H306,30.012916000000001,-94.902390999999994
BNSF,RD1023116,2023-10-10,10:35 PM,Derailment,0,GALVESTON,TX,76.0,4,Dark,Rain,Yard,Yard/switching,5,2522,58000,60522,H307,29.291401,-94.855930999999998
UP,1021RM010,2021-10-08,6:32 PM,Derailment,0,CEDAR CITY,UT,52.0,3,Dusk,Rain,Industry,Freight Train,1,87912,2999,90911,H524,37.755983999999998,-113.243219
SL,SLC081419R,2019-06-16,11:30 AM,Derailment,0,MIDVALE,UT,82.0,2,Day,Clear,Yard,Freight Train,6,0,0,12688,H704,40.646830999999999,-111.900361
UP,0319TO022,2019-03-16,6:00 AM,Other impacts,0,FORT WORTH,TX,44.0,1,Dawn,Clear,Yard,Yard/switching,5,188772,33,197980,S099,32.725822000000001,-97.369759999999999
UP,0724RM009,2024-07-09,12:38 AM,Other impacts,0,OGDEN,UT,88.0,4,Dark,Clear,Yard,Cut of cars,0,0,0,26860,H307,41.198979999999999,-111.985924
CSX,000172834,2017-11-13,12:25 PM,Side collision,0,HOPEWELL,VA,54.0,2,Day,Clear,Industry,Yard/switching,0,60202,0,100342,H702,37.290128000000003,-77.285394999999994
UP,0823HO006,2023-08-04,8:15 PM,Derailment,0,HOUSTON,TX,94.0,4,Dark,Clear,Yard,Yard/switching,6,18630,9620,28250,H503,29.797063999999999,-95.293448999999995
UP,1222HO003,2022-12-03,5:15 AM,Derailment,0,HOUSTON,TX,71.0,1,Dawn,Clear,Main,Freight Train,3,39936,23600,63536,H514,29.766181,-95.323541000000006
UP,0724RM009,2024-07-09,12:38 AM,Other impacts,0,OGDEN,UT,88.0,4,Dark,Clear,Yard,Freight Train,8,23704,3156,26860,H307,41.198979999999999,-111.985924
CSX,000195026,2021-01-15,12:00 AM,Obstruction,0,CLINCHCO,VA,35.0,4,Dark,Rain,Main,Freight Train,24,28574,2500,31074,M404,37.156561000000004,-82.373065999999994
BNSF,RD0320120,2020-03-18,5:15 PM,Derailment,0,HOUSTON,TX,77.0,3,Dusk,Cloudy,Yard,Yard/switching,5,24064,95000,119064,H607,29.698532,-95.327117999999999
BNSF,RD0821107,2021-08-09,12:25 PM,Side collision,0,DAYTON,TX,90.0,2,Day,Clear,Yard,Yard/switching,6,13200,1500,34700,H318,30.014036000000001,-94.902191000000002
UP,1121SX011,2021-11-13,9:30 AM,Derailment,0,SAN ANTONIO,TX,59.0,2,Day,Clear,Yard,Freight Train,4,415,12340,12755,S103,29.437529000000001,-98.437461999999996
UP,0621HO004,2021-06-04,10:35 AM,Other impacts,0,LA PORTE,TX,76.0,2,Day,Rain,Yard,Yard/switching,4,56219,0,92260,M407,29.683202000000001,-95.038878999999994
NS,143189,2021-10-18,6:35 AM,Other (describe in narrative),0,LYNCHBURG,VA,45.0,1,Dawn,Clear,Yard,Freight Train,4,13050,15706,28756,H702,37.365043999999997,-79.173908999999995
UP,0922TO015,2022-09-19,5:15 AM,Derailment,0,FORT WORTH,TX,76.0,1,Dawn,Clear,Main,Freight Train,20,61300,486965,548265,E51C,32.748010000000001,-97.321344999999994
UP,1023HO007,2023-10-04,6:45 PM,Derailment,0,HOUSTON,TX,84.0,3,Dusk,Cloudy,Yard,Light loco(s),7,25686,1200,26886,H704,29.812346999999999,-95.289389999999997
ATK,150361,2017-11-08,11:08 AM,Hwy-rail crossing,0,JARRATT,VA,43.0,2,Day,Rain,Main,Passenger Train - Pulling,78,28853,0,28853,M308,36.810315000000003,-77.468256999999994
UP,0120SX012,2020-01-28,3:38 PM,Derailment,0,LAREDO,TX,79.0,2,Day,Clear,Yard,Yard/switching,8,41007,24362,65369,M204,27.664501000000001,-99.461742000000001
CSX,000187114,2019-07-19,2:43 PM,Fire/violent rupture,0,CLIFTON FORGE,VA,85.0,2,Day,Clear,Main,,0,0,0,12615,M406,37.812251000000003,-79.83193
UP,0719SX021,2019-07-25,3:26 PM,Hwy-rail crossing,0,UVALDE,TX,89.0,2,Day,Clear,Main,Freight Train,44,12026,3650,15676,M303,29.239788999999998,-99.834479000000002
BNSF,RD0824102,2024-08-01,10:00 PM,Derailment,0,BROWNWOOD,TX,90.0,4,Dark,Clear,Yard,Freight Train,9,415222,352175,767397,M410,31.705542000000001,-98.955916000000002
UP,0719SX019,2019-07-24,6:00 AM,Derailment,0,SAN ANTONIO,TX,75.0,1,Dawn,Clear,Yard,Cut of cars,0,113550,0,515588,H503,29.373809000000001,-98.559230999999997
UP,0821TO003,2021-08-02,6:01 PM,Other impacts,0,EL PASO,TX,88.0,3,Dusk,Clear,Main,Freight Train,6,7758,74490,82520,H312,31.767403999999999,-106.47830399999999
UP,0321HO011,2021-03-08,11:24 AM,Other impacts,0,HOUSTON,TX,64.0,2,Day,Cloudy,Yard,Light loco(s),5,7316,0,16161,H602,29.796054999999999,-95.291180999999995
BNSF,RD0321205,2021-03-15,1:24 PM,Hwy-rail crossing,0,SANGER,TX,79.0,2,Day,Clear,Main,Freight Train,35,1500,20000,21500,M302,33.323048999999997,-97.167765000000003
UP,0322TO015,2022-03-17,3:15 AM,Derailment,0,BIG SPRING,TX,59.0,4,Dark,Clear,Yard,Yard/switching,7,60258,1760,62018,E35C,32.257393,-101.472808
UP,1217FW002,2017-12-02,9:00 PM,Derailment,0,HUTCHINS,TX,58.0,4,Dark,Clear,Yard,Yard/switching,8,68118,0,68118,H307,32.639325999999997,-96.707908000000003
BNSF,RD1122201,2022-11-01,8:13 AM,Hwy-rail crossing,0,MANVEL,TX,64.0,1,Dawn,Rain,Main,Freight Train,52,8000,275000,283000,M302,29.473461,-95.385260000000002
UP,0818SA006,2018-08-06,7:50 AM,Derailment,0,LA COSTE,TX,85.0,2,Day,Cloudy,Main,Freight Train,5,15000,21960,36960,E71L,29.311558999999999,-98.809972999999999
CSX,000209247,2023-01-10,10:35 PM,Other impacts,0,RICHMOND,VA,40.0,4,Dark,Clear,Main,Cut of cars,0,2000,0,59377,H995,37.552216000000001,-77.427960999999996
BNSF,PR0718112,2018-07-29,8:40 AM,Derailment,0,PRICE,UT,80.0,1,Dawn,Clear,Siding,Light loco(s),5,49069,0,52901,H607,39.524503000000003,-110.69928299999999
UP,0618HO038,2018-06-25,2:00 PM,Derailment,0,DAYTON,TX,92.0,2,Day,Clear,Yard,Freight Train,8,75319,53849,129168,H306,30.029821999999999,-94.911293999999998
UP,0922SX030,2022-09-25,1:04 PM,Derailment,0,COTULLA,TX,92.0,2,Day,Clear,Main,Freight Train,44,521669,403363,925032,E68C,28.381408,-99.260424999999998
CWRY,CWR700815,2015-05-19,6:00 AM,Other (describe in narrative),0,PORTSMOUTH,VA,80.0,1,Dawn,Clear,Yard,Yard/switching,18,14000,0,14000,H601,36.854869999999998,-76.354664999999997
UFRC,0726161,2016-07-25,8:08 PM,Hwy-rail crossing,0,SALT LAKE CITY,UT,95.0,2,Day,Clear,Main,Commuter Train - Pushing,47,25800,0,25800,M308,40.749752000000001,-111.908962
BNSF,NW1016109,2016-10-14,1:04 PM,Derailment,0,KENT,WA,55.0,2,Day,Rain,Industry,Freight Train,8,29796,2150,31946,M101,47.417082000000001,-122.223538
NECR,NEC135,2014-11-27,1:30 PM,Obstruction,0,BRATTLEBORO,VT,30.0,2,Day,Snow,Main,,0,0,0,20000,M404,42.856195,-72.556522000000001
UP,0218LV011,2018-02-10,10:00 PM,Other impacts,0,BEAUMONT,TX,64.0,4,Dark,Cloudy,Yard,Single Car,2,14785,0,19560,M411,30.073512000000001,-94.144407000000001
BNSF,NW0216107,2016-02-11,11:45 PM,Raking collision,0,SPOKANE,WA,39.0,4,Dark,Rain,Yard,Light loco(s),8,100000,2000,142000,H306,47.673583999999998,-117.32604499999999
UP,0219SX017,2019-02-13,8:10 AM,Hwy-rail crossing,0,ENCINAL,TX,42.0,2,Day,Clear,Main,Freight Train,56,39878,464,40342,M308,28.240459999999999,-99.296943999999996
UP,0823TO030,2023-08-16,6:34 PM,Derailment,0,FORT WORTH,TX,96.0,3,Dusk,Clear,Main,Freight Train,7,67418,118510,185928,H502,32.745111000000001,-97.325120999999996
BNSF,NW0518201,2018-05-09,11:55 AM,Hwy-rail crossing,0,MESA,WA,59.0,2,Day,Rain,Main,Freight Train,33,4500,40000,44500,M302,46.576573000000003,-119.008585
UP,0124HO031,2024-01-25,12:28 PM,Other (describe in narrative),0,HOUSTON,TX,67.0,2,Day,Clear,Yard,Yard/switching,2,12344,704,13048,E21C,29.789126,-95.304772
UP,0424HO027,2024-04-20,2:05 PM,Other impacts,0,BAYTOWN,TX,80.0,2,Day,Cloudy,Yard,Yard/switching,0,77547,0,139411,H021,29.875671000000001,-94.908822000000001
BNSF,NW1114200,2014-11-20,6:00 PM,Hwy-rail crossing,0,NAPAVINE,WA,45.0,3,Dusk,Clear,Main,Freight Train,38,15000,1100,16100,M304,46.574998999999998,-122.90946099999999
UP,0419SX020,2019-04-23,5:30 PM,Derailment,0,SAN ANTONIO,TX,79.0,2,Day,Cloudy,Yard,Yard/switching,5,19543,1750,21293,H523,29.361262,-98.569681000000003
BNSF,RD0323108,2023-03-06,10:36 PM,Derailment,0,SOMERVILLE,TX,70.0,4,Dark,Clear,Yard,Freight Train,4,3178,11621,14799,H702,30.348278000000001,-96.528966999999994
WATX,190621003,2019-06-21,12:35 AM,Derailment,0,HOUSTON,TX,80.0,4,Dark,Clear,Yard,Yard/switching,4,75000,11000,86000,H702,29.755385,-95.186294000000004
EWG,EWG201707,2017-08-20,9:00 PM,Derailment,0,REARDAN,WA,78.0,3,Dusk,Clear,Main,Freight Train,10,0,20000,20000,E4BC,47.665258999999999,-117.939452
UP,0718ES036,2018-07-01,6:45 AM,Obstruction,0,TOYAH,TX,85.0,1,Dawn,Clear,Main,Spec. MoW Equip.,10,10959,0,10959,H993,31.313217000000002,-103.79086700000001
UP,1022SX020,2022-10-22,9:46 PM,Other impacts,1,SAN ANTONIO,TX,77.0,4,Dark,Clear,Yard,Single Car,0,14158,0,29588,H312,29.375722,-98.556393999999997
UP,0324ES020,2024-03-12,3:40 PM,Obstruction,0,SAN ANTONIO,TX,73.0,2,Day,Clear,Main,Spec. MoW Equip.,10,5000,0,40000,H025,29.492415000000001,-98.356211000000002