reportingrailroadcode,accidentnumber,date,time,accidenttype,hazmatreleasedcars,station,stateabbr,temperature,visibility_code,visibility,weathercondition,tracktype,equipmenttype,trainspeed,equipmentdamagecost,trackdamagecost,totaldamagecost,primaryaccidentcausecode,latitude,longitude
UP,0222SX024,2022-02-25,7:15 PM,Other impacts,0,HEARNE,TX,31.0,3,Dusk,Rain,Yard,Yard/switching,8,43696,43005,86801,H307,30.880780999999999,-96.593750999999997
UP,0419RM024,2019-04-19,11:22 AM,Hwy-rail crossing,0,TOOELE,UT,59.0,2,Day,Clear,Main,Freight Train,39,26174,400,26574,M303,40.635399,-112.275857
CSX,000138816,2014-12-12,6:00 PM,Side collision,0,RICHMOND,VA,44.0,4,Dark,Cloudy,Yard,Yard/switching,4,18695,50,20023,H306,37.509596000000002,-77.408015000000006
DGNO,732918R,2018-05-25,1:00 PM,Derailment,0,DALLAS,TX,91.0,2,Day,Clear,Yard,Freight Train,4,4500,0,25763,M599,32.856794000000001,-96.672081000000006
UP,0918FW030,2018-09-22,10:57 PM,Derailment,0,MESQUITE,TX,70.0,4,Dark,Cloudy,Siding,Freight Train,4,28556,6065,34621,M405,32.777076000000001,-96.647468000000003
UP,0123RM047,2023-01-03,11:28 PM,Obstruction,0,FAIRVIEW,UT,30.0,4,Dark,Cloudy,Main,,0,0,0,0,M403,39.993937000000003,-111.47001899999999
UP,0822HO003,2022-08-02,4:50 PM,Derailment,0,HOUSTON,TX,99.0,2,Day,Clear,Yard,Yard/switching,18,136731,2706,139437,M407,29.796524000000002,-95.292987999999994
BNSF,KS0521107,2021-05-27,12:20 PM,Derailment,0,AMARILLO,TX,80.0,2,Day,Clear,Yard,Yard/switching,6,15113,2000,17113,H312,35.197878000000003,-101.829438
UP,0420HO005,2020-04-05,2:06 PM,Other impacts,0,HOUSTON,TX,69.0,2,Day,Cloudy,Yard,Yard/switching,3,11081,198,12568,M101,29.796040000000001,-95.291863000000006
UP,0717FW028,2017-07-25,1:19 AM,Obstruction,0,LONGVIEW,TX,80.0,4,Dark,Clear,Main,Freight Train,40,47035,0,47035,M404,32.506990000000002,-94.875598999999994
BNSF,KS0419103,2019-04-10,12:46 AM,Derailment,0,AMARILLO,TX,47.0,4,Dark,Clear,Yard,Yard/switching,4,23371,2500,25871,H318,35.210858000000002,-101.816737
UP,0218SA011,2018-02-21,8:00 PM,Other (describe in narrative),0,SAN ANTONIO,TX,45.0,4,Dark,Fog,Main,Yard/switching,5,16198,150,16348,E39C,29.374078000000001,-98.559572000000003
BNSF,NW1214105,2014-12-09,10:00 AM,Other (describe in narrative),0,VANCOUVER,WA,58.0,2,Day,Clear,Yard,Light loco(s),2,0,40945,40945,H702,45.628337999999999,-122.68244
UP,0723TO016,2023-07-10,11:30 PM,Other impacts,0,FORT WORTH,TX,88.0,4,Dark,Cloudy,Yard,Yard/switching,5,37778,1599,41017,S016,32.724747999999998,-97.373738000000003
ATK,172958,2022-12-04,10:36 AM,Obstruction,0,CISCO,UT,42.0,2,Day,Cloudy,Main,Passenger Train - Pulling,68,12151,0,12151,M403,39.024742000000003,-109.219154
UP,1023HO029,2023-10-20,11:10 AM,Derailment,0,BAYTOWN,TX,82.0,2,Day,Clear,Main,Freight Train,5,1840,19794,21634,H702,29.799230999999999,-95.016897999999998
UP,1123TO018,2023-11-10,3:45 AM,Other impacts,0,FORT WORTH,TX,52.0,4,Dark,Rain,Yard,Cut of cars,3,100,1420,53316,S007,32.724981,-97.372579000000002
UP,1119HO010,2019-11-07,3:30 PM,Derailment,0,NEW WAVERLY,TX,68.0,2,Day,Cloudy,Industry,Freight Train,5,18620,132,18752,M101,30.492262,-95.478241999999995
UP,0718FW044,2018-07-26,9:00 AM,Hwy-rail crossing,0,PECOS,TX,90.0,2,Day,Clear,Main,Freight Train,70,61253,99,61352,M304,31.373857999999998,-103.65231900000001
UP,0724TO017,2024-07-14,5:25 AM,Obstruction,0,FORT WORTH,TX,78.0,1,Dawn,Clear,Yard,Yard/switching,4,13578,137260,183090,M404,32.723182999999999,-97.375933000000003
UP,0319GC004,2019-03-02,6:30 AM,Other impacts,0,HOUSTON,TX,57.0,1,Dawn,Cloudy,Yard,Yard/switching,4,24726,66,24951,S007,29.792576,-95.298006000000001
BNSF,NW1215112,2015-12-24,8:50 PM,Derailment,0,PASCO,WA,26.0,3,Dusk,Clear,Yard,Light loco(s),3,0,18000,18000,H307,46.230167000000002,-119.083303
TMBL,04052017A,2017-04-05,9:20 AM,Side collision,0,TACOMA,WA,48.0,2,Day,Rain,Yard,Yard/switching,2,45000,0,50000,H210,47.252817,-122.402084
BNSF,NW0318117,2018-03-24,9:30 AM,Derailment,0,VANCOUVER,WA,41.0,2,Day,Rain,Yard,Cut of cars,0,4203,0,43148,H702,45.650872999999997,-122.688455
UP,0620TO027,2020-06-14,7:25 AM,Derailment,0,DALLAS,TX,73.0,2,Day,Clear,Yard,Light loco(s),2,37241,273,37514,H017,32.713689000000002,-96.750262000000006
BNSF,KS0718110,2018-07-17,3:53 PM,Derailment,1,PANHANDLE,TX,95.0,2,Day,Clear,Siding,Freight Train,4,463403,90000,553403,H306,35.331589000000001,-101.398009
WATX,190827006,2019-08-27,11:00 PM,Other impacts,0,HOUSTON,TX,90.0,4,Dark,Clear,Industry,Single Car,5,52000,0,52000,M504,29.755385,-95.186294000000004
NS,138948,2020-08-24,12:35 PM,Derailment,0,RILEYVILLE,VA,82.0,2,Day,Clear,Main,Freight Train,32,179022,94738,273760,E33C,38.765397999999998,-78.387195000000006
NS,143069,2021-10-05,4:32 PM,Obstruction,0,SALEM,VA,80.0,3,Dusk,Clear,Yard,Yard/switching,5,3266,0,59976,H306,37.271993999999999,-80.014903000000004
UP,1122TO025,2022-11-23,8:23 AM,Obstruction,0,ARLINGTON,TX,53.0,2,Day,Cloudy,Main,Freight Train,8,0,18066,18066,M404,32.736936,-97.097483999999994
NS,155712,2024-02-07,9:41 AM,Derailment,0,NORFOLK,VA,48.0,2,Day,Cloudy,Yard,Cut of cars,4,32248,0,32248,H307,36.871878000000002,-76.295016000000004
FWWR,23053101,2023-05-31,2:20 PM,Hwy-rail crossing,0,DUBLIN,TX,57.0,2,Day,Clear,Main,Light loco(s),41,15062,32992,48054,M308,32.121180000000003,-98.274109999999993
UP,0918HO043,2018-09-21,1:33 PM,Hwy-rail crossing,0,MISSOURI CITY,TX,78.0,2,Day,Cloudy,Main,,0,0,16732,55448,M302,29.623809000000001,-95.526184999999998
UP,0322SX025,2022-03-30,9:34 AM,Derailment,0,MARATHON,TX,51.0,2,Day,Clear,Main,Freight Train,28,11319,74452,85771,M405,30.203137999999999,-103.091615
UP,0820GC003,2020-08-01,3:45 AM,Derailment,0,FREEPORT,TX,81.0,4,Dark,Clear,Yard,Yard/switching,4,9435,7650,17085,H318,28.960229000000002,-95.351025000000007
UP,0923TO021,2023-09-14,10:14 AM,Hwy-rail crossing,0,STANTON,TX,73.0,2,Day,Cloudy,Main,Freight Train,15,4473,27970,32443,M302,32.127617999999998,-101.793221
UP,1221TO030,2021-12-16,5:00 AM,Other (describe in narrative),0,FORT WORTH,TX,43.0,1,Dawn,Clear,Yard,Yard/switching,5,16852,0,16852,M201,32.724259000000004,-97.377244000000005
UP,1017HO012,2017-10-12,11:00 AM,Hwy-rail crossing,0,BAY CITY,TX,84.0,2,Day,Clear,Main,Spec. MoW Equip.,7,82160,99,82259,M302,28.978123,-95.953053999999995
BNSF,RD1022121,2022-10-20,5:28 AM,Other impacts,0,BROWNWOOD,TX,68.0,1,Dawn,Clear,Yard,Freight Train,5,12493,0,12493,H307,31.716885000000001,-98.973032000000003
BNSF,RD0123204,2023-01-24,11:25 AM,Hwy-rail crossing,0,ROSENBERG,TX,61.0,2,Day,Clear,Main,Maint./inspect Car,20,15000,0,15000,M302,29.543389999999999,-95.742436999999995
UP,0523HO038,2023-05-29,6:01 PM,Derailment,0,BAYTOWN,TX,86.0,3,Dusk,Cloudy,Main,,0,0,38220,65951,H307,29.813177,-94.919606000000002
UFRC,08271801,2018-08-27,1:20 PM,Obstruction,0,FARMINGTON,UT,80.0,2,Day,Clear,Main,Commuter Train - Pushing,55,21600,0,21600,M402,40.974629,-111.894597
TCT,580305,2021-03-16,1:45 PM,Raking collision,0,TEXAS CITY,TX,75.0,2,Day,Clear,Yard,Yard/switching,4,18000,0,18000,H310,29.355408000000001,-94.931848000000002
UP,0620TO045,2020-06-30,6:59 PM,Derailment,0,COLORADO CITY,TX,93.0,3,Dusk,Rain,Main,Freight Train,47,2700878,163504,2864382,M105,32.387577999999998,-100.822233
NS,142145,2021-07-09,3:00 AM,Other (describe in narrative),0,HURLEY,VA,70.0,4,Dark,Rain,Industry,Freight Train,2,20500,0,20500,H702,37.443046000000002,-82.048404000000005
BNSF,RD0520121,2020-05-24,3:50 AM,Derailment,0,SWEETWATER,TX,64.0,4,Dark,Clear,Yard,Freight Train,5,17716,5784,23500,H307,32.504626999999999,-100.397768
UP,1020SX001,2020-10-01,3:24 AM,Derailment,0,QUEMADO,TX,59.0,4,Dark,Clear,Main,,0,0,116145,750263,T220,29.197261000000001,-100.296086
UP,0521TO016,2021-05-16,5:50 PM,Other impacts,0,BIG SPRING,TX,89.0,2,Day,Cloudy,Yard,Yard/switching,5,111,0,24838,H302,32.253545000000003,-101.482156
BNSF,RD0522201,2022-05-01,8:34 PM,Hwy-rail crossing,0,MARKHAM,TX,75.0,3,Dusk,Clear,Main,Freight Train,47,20000,0,20132,M302,29.026730000000001,-95.785171000000005
NS,128710,2018-03-05,2:25 AM,Other impacts,0,NORFOLK,VA,37.0,4,Dark,Clear,Yard,Cut of cars,3,0,26942,26942,M411,36.873776999999997,-76.301703000000003
BNSF,NW0515116,2015-05-27,12:10 PM,Raking collision,0,SEATTLE,WA,75.0,2,Day,Clear,Industry,Yard/switching,10,1000,10000,34001,H022,47.575091999999998,-122.33175799999999
TMBL,03142016A,2016-03-14,1:45 AM,Side collision,0,TACOMA,WA,50.0,4,Dark,Rain,Industry,Cut of cars,0,12191,0,39902,H306,47.273439000000003,-122.390253
BNSF,RD1122128,2022-11-27,4:30 PM,Derailment,0,SOMERVILLE,TX,60.0,2,Day,Clear,Yard,Freight Train,2,18748,141254,160002,H019,30.356342999999999,-96.536117000000004
UP,0324HO007,2024-03-04,8:36 AM,Derailment,0,DEER PARK,TX,67.0,2,Day,Cloudy,Siding,Freight Train,4,27667,264,27931,H306,29.706629,-95.102665000000002
TCT,580294,2019-11-11,5:40 PM,Raking collision,0,TEXAS CITY,TX,45.0,3,Dusk,Rain,Yard,Yard/switching,4,91000,0,91000,H310,29.355408000000001,-94.931848000000002
KCS,21032602,2021-03-26,11:20 AM,Other impacts,0,KENDELTON,TX,72.0,2,Day,Clear,Yard,Single Car,0,18000,0,18000,M208,29.467409,-95.968823
UP,1218RM045,2018-12-27,7:30 AM,Derailment,0,OGDEN,UT,22.0,2,Day,Snow,Yard,Yard/switching,4,754,10197,10951,H702,41.224960000000003,-111.98583000000001
UP,1021HO025,2021-10-28,9:30 PM,Other impacts,0,HOUSTON,TX,70.0,4,Dark,Cloudy,Yard,Single Car,5,351,0,31125,M411,29.814529,-95.288926000000004
WACR,1226,2015-10-23,11:19 AM,Obstruction,0,BARNET,VT,50.0,2,Day,Cloudy,Main,Spec. MoW Equip.,8,2500,0,42345,H607,44.320366,-72.033202000000003
UP,1119HO002,2019-11-01,2:35 PM,Other (describe in narrative),0,HOUSTON,TX,61.0,2,Day,Clear,Yard,Single Car,0,21062,0,21062,M507,29.796381,-95.288567999999998
UP,0520HO020,2020-05-25,9:17 PM,Derailment,0,GALENA PARK,TX,78.0,4,Dark,Cloudy,Industry,Freight Train,8,24030,496,24526,M101,29.723338999999999,-95.241234000000006
UP,0923TO029,2023-09-17,10:20 PM,Derailment,0,FORT WORTH,TX,75.0,4,Dark,Clear,Yard,,0,0,19148,29058,H702,32.771496999999997,-97.326735999999997
UP,0824SX033,2024-08-29,4:15 PM,Derailment,0,SAN ANTONIO,TX,93.0,2,Day,Cloudy,Yard,Yard/switching,3,11308,795,12103,M505,29.464402,-98.398156
TXGN,TXGN190926,2019-09-26,11:05 AM,Derailment,0,HARWOOD,TX,90.0,2,Day,Clear,Yard,Freight Train,5,18000,2900,20900,E46C,29.610987000000002,-97.464298999999997
NS,138193,2020-06-09,5:40 PM,Derailment,0,MARTINSVILLE,VA,88.0,3,Dusk,Cloudy,Main,Freight Train,11,41416,10401,51817,H508,36.67727,-79.889432999999997
UP,0917FW010,2017-09-16,8:30 AM,Derailment,0,FORT WORTH,TX,80.0,2,Day,Clear,Yard,Yard/switching,2,75907,100,79331,E43C,32.722622999999999,-97.378375000000005
BNSF,RD0322118,2022-03-19,6:25 PM,Derailment,0,HOUSTON,TX,67.0,3,Dusk,Clear,Yard,Freight Train,5,201823,8265,210088,M503,29.911895000000001,-95.507250999999997
BNSF,KS0419108,2019-04-22,2:00 AM,Derailment,0,AMARILLO,TX,50.0,4,Dark,Clear,Yard,Freight Train,5,62500,60000,122500,H307,35.213707999999997,-101.834566
BNSF,KS1119101,2019-11-02,5:47 AM,Derailment,0,AMARILLO,TX,25.0,1,Dawn,Clear,Yard,Yard/switching,8,776,15802,16578,H309,35.187863999999998,-101.832978
UP,1020TO001,2020-10-03,2:40 AM,Other impacts,0,FORT WORTH,TX,63.0,4,Dark,Clear,Yard,Single Car,3,225,0,79076,H318,32.724519999999998,-97.373622999999995
CCPN,CCP510219,2019-08-30,4:00 PM,Derailment,0,CORPUS CHRISTI,TX,93.0,2,Day,Clear,Yard,,0,0,8000,189899,H702,27.845700000000001,-97.524834999999996
NS,136294,2019-11-23,12:00 PM,Derailment,0,STANLEY,VA,34.0,2,Day,Cloudy,Main,Freight Train,3,180000,8013,188013,H506,38.559961999999999,-78.546155999999996
UP,0823RM008,2023-08-08,4:00 PM,Derailment,0,OGDEN,UT,79.0,2,Day,Clear,Yard,Yard/switching,8,7416,5093,12509,H704,41.200386999999999,-111.98603300000001
NS,144557,2022-03-02,3:30 AM,Other impacts,0,ROANOKE,VA,51.0,4,Dark,Cloudy,Yard,Single Car,0,12150,0,207000,H318,37.277109000000003,-79.982322999999994
PTRA,2022000028,2022-06-22,3:00 AM,Raking collision,0,HOUSTON,TX,75.0,4,Dark,Clear,Yard,Freight Train,8,50000,0,67076,H401,29.716139999999999,-95.264619999999994
UP,0918SA007,2018-09-15,2:15 PM,Hwy-rail crossing,0,DEL RIO,TX,84.0,2,Day,Cloudy,Main,Freight Train,24,45006,48485,93491,M302,29.355836,-100.93051699999999
NS,151273,2022-10-25,4:45 PM,Other (describe in narrative),0,ROANOKE,VA,68.0,3,Dusk,Clear,Yard,Freight Train,5,13289,10705,23994,H702,37.271115999999999,-79.997916000000004
PTRA,2021000003,2021-02-07,4:55 PM,Other (describe in narrative),0,PASADENA,TX,70.0,2,Day,Clear,Main,Light loco(s),20,0,54000,54000,H702,29.720441000000001,-95.152961000000005
FWWR,20122301,2020-12-23,8:30 PM,Derailment,0,GRANBURY,TX,46.0,4,Dark,Cloudy,Siding,Cut of cars,0,12767,0,13947,H099,32.478471999999996,-97.721179000000006
TRE,20023,2021-04-16,10:15 AM,Other (describe in narrative),0,DALLAS,TX,55.0,2,Day,Cloudy,Main,,0,0,52000,52500,E6AL,32.814076999999997,-96.897655
CSX,000205868,2022-06-29,11:30 AM,Derailment,0,HARPSTER,OH,77.0,2,Day,Clear,Industry,Freight Train,3,37963,112800,150763,M204,40.721080000000001,-83.237672000000003
UP,0624TO027,2024-06-19,2:10 PM,Hwy-rail crossing,0,TYE,TX,83.0,2,Day,Cloudy,Main,Freight Train,50,12529,0,12529,M302,32.457332999999998,-99.866038000000003
BNSF,RD0221204,2021-02-23,6:44 AM,Hwy-rail crossing,5,CAMERON,TX,61.0,1,Dawn,Clear,Main,Freight Train,31,656132,505000,1161132,M302,30.830490999999999,-96.930277000000004
UP,1021GC006,2021-10-05,8:06 AM,Derailment,0,BEAUMONT,TX,66.0,1,Dawn,Clear,Yard,,0,0,155760,281793,E40C,30.077338000000001,-94.111632999999998
UP,0420HO005,2020-04-05,2:06 PM,Other impacts,0,HOUSTON,TX,69.0,2,Day,Cloudy,Yard,Single Car,0,1289,0,12568,M101,29.796040000000001,-95.291863000000006
BNSF,RD0718117,2018-07-17,5:01 AM,Derailment,0,BROWNWOOD,TX,74.0,1,Dawn,Clear,Yard,Freight Train,2,6000,23000,29000,H514,31.713484999999999,-98.988829999999993
UP,0619TO006,2019-06-01,1:28 PM,Fire/violent rupture,0,FORT WORTH,TX,72.0,2,Day,Clear,Main,Freight Train,20,43687,0,43687,E73L,32.681556999999998,-97.546773000000002
BNSF,RD0921132,2021-09-30,7:04 PM,Derailment,0,DAYTON,TX,73.0,3,Dusk,Cloudy,Yard,Freight Train,7,17823,13153,30976,H019,30.00225,-94.907183000000003
BNSF,RD0923120,2023-09-13,3:17 PM,Derailment,0,QUANAH,TX,94.0,2,Day,Clear,Yard,Light loco(s),3,2000,11269,13269,H306,34.307738999999998,-99.731573999999995
UP,0720HO009,2020-07-12,6:45 PM,Other impacts,0,LA PORTE,TX,95.0,3,Dusk,Clear,Yard,Single Car,1,28268,0,39628,S016,29.688836999999999,-95.043736999999993
RVSC,RV22018,2022-11-28,1:43 PM,Derailment,0,HARLINGEN,TX,78.0,2,Day,Clear,Yard,Freight Train,2,13000,3546,16546,E64C,26.128496999999999,-97.524724000000006
UP,0922TO021,2022-09-21,11:30 AM,Hwy-rail crossing,0,MESQUITE,TX,90.0,2,Day,Clear,Main,,0,0,19100,19181,M303,32.768951000000001,-96.612797
UP,1219GC009,2019-12-11,11:35 PM,Derailment,0,BEAUMONT,TX,44.0,4,Dark,Clear,Yard,Light loco(s),2,977,0,74376,H607,30.072175999999999,-94.156953999999999
XAAL,2024XAAL01,2024-08-30,8:43 PM,,0,,,0.0,,,,,,0,145555,22345,335800,,0.0,0.0
UP,1018HO016,2018-10-09,9:30 AM,Other impacts,0,LA PORTE,TX,82.0,2,Day,Clear,Yard,Freight Train,1,13504,0,15300,M408,29.683776999999999,-95.038893000000002
NS,131077,2018-09-25,8:10 PM,Other (describe in narrative),0,CREWE,VA,72.0,4,Dark,Clear,Yard,Yard/switching,7,4442,17519,23884,H305,37.186981000000003,-78.143596000000002
CSX,000200984,2021-10-28,2:52 PM,Hwy-rail crossing,0,RUTHER GLEN,VA,70.0,2,Day,Cloudy,Main,Freight Train,58,144000,24077,168077,M303,37.957312000000002,-77.370643999999999
UP,0123SX022,2023-01-26,6:30 AM,Other impacts,0,SAN ANTONIO,TX,33.0,1,Dawn,Clear,Yard,Single Car,5,31488,0,40548,H602,29.379859,-98.553773000000007
UP,1122RM008,2022-11-05,4:41 AM,Derailment,0,SALT LAKE CITY,UT,42.0,1,Dawn,Cloudy,Yard,Yard/switching,1,6127,5969,12096,H307,40.726044999999999,-111.90862300000001
UP,0822SX023,2022-08-29,9:45 PM,Other impacts,0,HEARNE,TX,80.0,4,Dark,Cloudy,Yard,Cut of cars,2,13732,0,18347,H306,30.878938000000002,-96.592267000000007
BNSF,RD0320112,2020-03-13,1:30 PM,Side collision,0,DAYTON,TX,75.0,2,Day,Clear,Yard,Yard/switching,0,876,0,26658,H318,30.01322,-94.902653999999998
UP,0718LV025,2018-07-31,8:00 AM,Obstruction,0,LUFKIN,TX,88.0,2,Day,Cloudy,Main,Freight Train,30,12923,132,13055,M404,31.395700999999999,-94.701768000000001
UP,0324SX010,2024-03-09,5:20 PM,Other impacts,0,HEARNE,TX,58.0,2,Day,Cloudy,Yard,Cut of cars,0,3742,0,262650,H702,30.778742999999999,-96.600318000000001
UP,1121TO012,2021-11-12,8:50 PM,Other impacts,0,DALLAS,TX,52.0,4,Dark,Clear,Yard,Cut of cars,7,28905,0,37714,H318,32.709085999999999,-96.747285000000005
BNSF,RD0618103,2018-06-04,5:35 AM,Derailment,0,TEMPLE,TX,80.0,1,Dawn,Clear,Yard,Yard/switching,10,0,17750,17750,H318,31.105236000000001,-97.348898000000005
UP,0721GC014,2021-07-14,1:50 AM,Other impacts,0,CORPUS CHRISTI,TX,79.0,4,Dark,Clear,Yard,Single Car,3,105581,0,105779,H310,27.834078999999999,-97.510046000000003
UP,0818UT045,2018-08-31,4:15 PM,Derailment,0,GARRISON,UT,86.0,2,Day,Clear,Main,Freight Train,36,841697,170620,1012317,M105,38.642853000000002,-112.98266099999999
BB,2019T0304,2019-03-04,12:15 AM,Derailment,0,GOSHEN,VA,32.0,4,Dark,Rain,Industry,Cut of cars,7,76000,18000,94000,H318,37.97146,-79.507330999999994
UP,0321RM004,2021-03-03,11:28 PM,Derailment,0,TRENTON,UT,26.0,4,Dark,Clear,Main,Freight Train,25,1933,34989,36922,E53C,41.9437,-111.94929999999999
UP,1218TO018,2018-12-12,11:20 AM,Hwy-rail crossing,0,MONAHANS,TX,55.0,2,Day,Clear,Main,Freight Train,58,49420,16940,66360,M303,31.588462,-102.91727400000001
UP,1023RM018,2023-10-22,3:45 PM,Other impacts,0,OGDEN,UT,73.0,2,Day,Clear,Yard,Yard/switching,5,100,300,13789,H310,41.200896999999998,-111.985986
UP,0317UT020,2017-03-25,12:00 PM,Other (describe in narrative),0,SALT LAKE CITY,UT,37.0,2,Day,Clear,Yard,Single Car,0,71599,0,71599,H312,40.789692000000002,-111.908973
BNSF,RD0818117,2018-08-10,10:04 PM,Other (describe in narrative),0,SWEENY,TX,87.0,4,Dark,Clear,Main,Light loco(s),3,0,0,13930,H607,29.030887,-95.761094999999997
BNSF,NW1215116,2015-12-28,5:15 PM,Side collision,0,SPOKANE,WA,23.0,3,Dusk,Cloudy,Yard,Cut of cars,3,300,0,17186,H021,47.673696999999997,-117.333793
BNSF,RD0223102,2023-02-01,6:00 PM,Derailment,0,TEMPLE,TX,30.0,3,Dusk,Sleet,Yard,Light loco(s),3,250,39963,40213,H307,31.095838000000001,-97.349523000000005
KFR,KFR151142,2015-05-30,2:00 PM,Derailment,0,KETTLE FALLS,WA,85.0,2,Day,Clear,Main,Freight Train,9,28705,31300,60005,E46C,48.402881000000001,-118.065856
UP,0123SX006,2023-01-06,9:50 AM,Hwy-rail crossing,0,KNIPPA,TX,57.0,2,Day,Cloudy,Main,Freight Train,29,0,28000,28000,M302,29.294857,-99.638103999999998
UP,0423TO022,2023-04-16,7:00 PM,Other impacts,0,BRIDGEPORT,TX,68.0,3,Dusk,Clear,Industry,Freight Train,37,2207254,70461,2305757,H702,33.282184000000001,-97.800184999999999
UP,0621RM015,2021-06-15,6:20 AM,Derailment,0,OGDEN,UT,75.0,1,Dawn,Clear,Yard,Freight Train,9,20640,99,20739,H601,41.213315999999999,-111.983614
UP,0722SX021,2022-07-22,9:30 PM,Broken train collision,0,SAN ANTONIO,TX,91.0,4,Dark,Cloudy,Yard,Cut of cars,0,19389,0,22281,E34C,29.373764999999999,-98.559180999999995
UP,0619TO032,2019-06-16,1:30 PM,Hwy-rail crossing,0,STANTON,TX,87.0,2,Day,Clear,Main,Freight Train,50,100,17323,17423,M304,32.124609,-101.80144799999999
BNSF,NW1216112,2016-12-20,9:00 AM,Side collision,0,SPOKANE,WA,38.0,2,Day,Snow,Yard,Cut of cars,0,38207,0,39398,H318,47.672840000000001,-117.321344
UP,0723TO012,2023-07-09,12:42 AM,Derailment,0,GRAND PRAIRIE,TX,82.0,4,Dark,Clear,Main,Freight Train,10,3200,20400,23600,H702,32.739790999999997,-97.032934999999995
UP,0219ST010,2019-02-09,10:30 AM,Other (describe in narrative),0,EL PASO,TX,39.0,2,Day,Cloudy,Yard,Yard/switching,4,35979,0,35979,E21C,31.753579999999999,-106.388462
UP,0819HO020,2019-08-15,11:28 PM,Hwy-rail crossing,0,BAYTOWN,TX,83.0,4,Dark,Cloudy,Main,Freight Train,0,15015,19500,34515,M303,29.780719999999999,-95.016696999999994
UP,0620RM037,2020-06-26,9:20 PM,Derailment,0,OGDEN,UT,87.0,4,Dark,Clear,Yard,Yard/switching,6,50069,101470,151539,H702,41.222116999999997,-111.985315
UP,0820HO001,2020-08-04,2:51 PM,Derailment,0,LA PORTE,TX,92.0,2,Day,Clear,Yard,Yard/switching,3,15962,13293,29255,H318,29.676435999999999,-95.038824000000005
UP,0423ES020,2023-04-13,11:00 AM,Obstruction,0,BUFFALO,TX,70.0,2,Day,Clear,Main,Maint./inspect Car,0,26587,232,27019,H403,31.485609,-96.018348000000003
UP,0917PD031,2017-09-24,9:00 AM,Other impacts,0,TOUCHET,WA,65.0,2,Day,Clear,Yard,Single Car,4,42834,348,43182,E20C,46.096321000000003,-118.91343500000001
UP,0622GC010,2022-06-15,7:15 AM,Hwy-rail crossing,0,BEAUMONT,TX,78.0,1,Dawn,Clear,Main,Freight Train,35,9204,125800,135004,M302,30.041077999999999,-94.386128999999997
BNSF,NW0518114,2018-05-19,6:30 PM,Derailment,0,EVERETT,WA,48.0,3,Dusk,Clear,Yard,Yard/switching,3,12000,1000,13000,H312,48.011496000000001,-122.188185
ATK,172125,2022-09-21,11:08 AM,Hwy-rail crossing,0,MESQUITE,TX,91.0,2,Day,Clear,Main,Passenger Train - Pulling,53,81,0,19181,M303,32.768951000000001,-96.612797
UP,0424TO033,2024-04-29,3:40 AM,Derailment,0,EL PASO,TX,69.0,4,Dark,Clear,Industry,Yard/switching,5,12973,3520,16493,H306,31.778227000000001,-106.396816
NS,141882,2021-06-14,4:00 PM,Derailment,0,ROANOKE,VA,72.0,3,Dusk,Clear,Yard,Yard/switching,4,68150,1070,69220,H399,37.278300999999999,-79.977204999999998
BNSF,RD0421105,2021-04-14,7:40 PM,Derailment,0,HOUSTON,TX,65.0,3,Dusk,Clear,Yard,Yard/switching,5,81534,42000,131674,H514,29.735498,-95.339850999999996
UP,1217UT004,2017-12-04,1:30 PM,Hwy-rail crossing,0,LYNNDYL,UT,34.0,2,Day,Clear,Main,Freight Train,17,140005,348,140353,M304,39.522081999999997,-112.375728
BNSF,RD0123111,2023-01-14,6:12 PM,Other impacts,0,LUBBOCK,TX,60.0,3,Dusk,Clear,Yard,Yard/switching,5,24390,0,24390,H318,33.585023999999997,-101.83856
BNSF,NW0515116,2015-05-27,12:10 PM,Raking collision,0,SEATTLE,WA,75.0,2,Day,Clear,Industry,Single Car,5,23001,0,34001,H022,47.575091999999998,-122.33175799999999
BNSF,RD0419103,2019-04-03,4:15 AM,Derailment,0,WEATHERFORD,TX,51.0,1,Dawn,Clear,Main,Freight Train,28,1380000,0,1648151,H519,32.783177999999999,-97.900206999999995
UP,0119RM013,2019-01-02,11:53 PM,Other impacts,0,PORTAGE,UT,10.0,4,Dark,Clear,Industry,Single Car,0,11692,0,12076,H307,41.882668000000002,-112.19309
UP,0922SX015,2022-09-17,12:20 AM,Derailment,0,HEARNE,TX,78.0,4,Dark,Cloudy,Yard,Freight Train,7,20130,352,20482,H503,30.757580999999998,-96.588258999999994
CSX,000210105,2023-03-01,5:25 AM,Other impacts,0,RICHMOND,VA,44.0,4,Dark,Clear,Yard,Cut of cars,0,55777,0,56576,H306,37.575830000000003,-77.471318999999994
ATK,160048,2019-07-14,1:00 PM,Obstruction,0,BRATTLEBORO,VT,74.0,2,Day,Cloudy,Main,Passenger Train - Pulling,52,25421,0,25421,M404,42.863767000000003,-72.554792000000006
NS,145857,2022-07-15,8:15 PM,Derailment,0,ROANOKE,VA,80.0,4,Dark,Cloudy,Yard,Yard/switching,4,16000,9706,25706,H506,37.278300999999999,-79.977204999999998
XTGS,F222019,2019-09-05,3:47 AM,Derailment,0,ANAHUAC,TX,80.0,4,Dark,Clear,Yard,Yard/switching,4,11893,24674,36567,E4BC,29.699088,-94.897498999999996
CSX,000209247,2023-01-10,10:35 PM,Other impacts,0,RICHMOND,VA,40.0,4,Dark,Clear,Main,Single Car,4,57377,0,59377,H995,37.552216000000001,-77.427960999999996