reportingrailroadcode,accidentnumber,date,time,accidenttype,hazmatreleasedcars,station,stateabbr,temperature,visibility_code,visibility,weathercondition,tracktype,equipmenttype,trainspeed,equipmentdamagecost,trackdamagecost,totaldamagecost,primaryaccidentcausecode,latitude,longitude
UP,0122TO010,2022-01-09,5:08 PM,Derailment,0,EL PASO,TX,53.0,2,Day,Clear,Main,Freight Train,5,164358,121850,286208,H702,31.770094,-106.474311
ATK,177951,2024-01-11,11:38 AM,Hwy-rail crossing,0,VALENTINE,TX,5.0,2,Day,Clear,Main,Passenger Train - Pulling,79,21153,0,21153,M302,30.890785000000001,-104.782211
SCR,SCR171218,2017-12-18,7:33 AM,Derailment,0,DU PONT,WA,48.0,1,Dawn,Rain,Main,,0,0,425000,25831000,H604,47.082417999999997,-122.67515400000001
UP,0119TO037,2019-01-27,6:07 PM,Derailment,0,FORT WORTH,TX,58.0,3,Dusk,Clear,Yard,Single Car,0,634,0,83519,H993,32.721477,-97.381429999999995
NS,146331,2022-08-30,3:00 AM,Other impacts,0,ROANOKE,VA,75.0,4,Dark,Clear,Yard,Single Car,3,14676,4711,25669,H312,37.271115000000002,-79.997916000000004
ATK,149461,2017-09-13,2:43 PM,Hwy-rail crossing,0,VANCOUVER,WA,72.0,2,Day,Clear,Main,Passenger Train - Pushing,79,11420,0,21420,M302,45.707628,-122.720967
BB,2022C1027,2022-10-27,10:20 AM,Derailment,0,ORANGE,VA,35.0,2,Day,Clear,Main,Spec. MoW Equip.,9,20000,0,20000,H607,38.219796000000002,-78.121136000000007
UP,0921SX002,2021-09-02,10:20 AM,Hwy-rail crossing,0,SAN ANTONIO,TX,85.0,2,Day,Clear,Main,Freight Train,21,0,14699,14699,M303,29.436498,-98.473214999999996
NPB,AR20167,2016-11-23,1:06 AM,Derailment,0,CHESAPEAKE,VA,34.0,4,Dark,Clear,Yard,Yard/switching,4,31025,5000,36025,H506,36.822786000000001,-76.280974000000001
TRE,20005,2020-05-07,5:00 PM,Hwy-rail crossing,0,FORT WORTH,TX,77.0,2,Day,Clear,Main,Commuter Train - Pushing,15,60000,3000,63000,M302,32.778300999999999,-97.273283000000006
UP,0623TO022,2023-06-21,5:17 PM,Derailment,0,CORSICANA,TX,90.0,2,Day,Rain,Main,Freight Train,16,1151217,429104,1580321,M105,32.107658000000001,-96.369240000000005
UP,0524ES035,2024-05-17,4:28 AM,Obstruction,0,GOODRICH,TX,67.0,1,Dawn,Cloudy,Main,Maint./inspect Car,10,8000,0,13000,H104,30.616334999999999,-94.949104000000005
IHTR,2,2022-07-26,8:00 PM,Rear end collision,0,BEAUMONT,TX,91.0,3,Dusk,Clear,Yard,Yard/switching,5,0,0,0,H307,30.059999999999999,-94.239999999999995
UP,0224HO024,2024-02-18,10:00 AM,Other impacts,0,HOUSTON,TX,42.0,2,Day,Clear,Yard,Yard/switching,7,44586,200,87477,M408,29.815826000000001,-95.289237
UP,0820HO003,2020-08-05,1:30 AM,Derailment,0,GALENA PARK,TX,82.0,4,Dark,Cloudy,Yard,Yard/switching,4,7143,14200,21343,M101,29.730215000000001,-95.252142000000006
NS,140393,2021-01-26,8:30 AM,Other impacts,0,SALEM,VA,55.0,2,Day,Clear,Yard,Single Car,2,6840,0,21840,H312,37.271993999999999,-80.014903000000004
ATK,173668,2023-02-06,9:04 PM,Derailment,0,ST. ALBANS,VT,16.0,4,Dark,Cloudy,Yard,Passenger Train - Pulling,4,34536,0,34536,M101,44.810000000000002,-73.090000000000003
CSX,000168283,2017-04-16,2:43 AM,Side collision,0,RICHMOND,VA,65.0,4,Dark,Clear,Yard,Cut of cars,3,4900,0,56194,H318,37.584344999999999,-77.477281000000005
NS,144528,2022-02-26,10:00 AM,Other impacts,0,ROANOKE,VA,42.0,2,Day,Clear,Yard,Single Car,2,29787,0,29787,E27C,37.271115000000002,-79.997916000000004
UP,0123SX012,2023-01-12,2:38 AM,Derailment,0,EAGLE PASS,TX,66.0,4,Dark,Clear,Yard,,0,0,3400,17425,H307,28.839634,-100.43387300000001
UP,0323HO027,2023-03-30,3:50 AM,Other impacts,0,HOUSTON,TX,62.0,4,Dark,Cloudy,Yard,Yard/switching,4,43217,198,43700,M408,29.793790000000001,-95.300094000000001
UP,0321TO002,2021-03-02,10:15 PM,Other impacts,0,FORT WORTH,TX,51.0,4,Dark,Clear,Yard,Yard/switching,5,102221,0,120014,H602,32.727713999999999,-97.366159999999994
UP,0118HO012,2018-01-11,8:47 AM,Hwy-rail crossing,0,GALENA PARK,TX,72.0,2,Day,Cloudy,Yard,Light loco(s),9,1617,12912,14529,M302,29.730250000000002,-95.243796000000003
UP,0822HO017,2022-08-12,5:01 PM,Derailment,0,LA PORTE,TX,83.0,2,Day,Clear,Yard,Yard/switching,6,42931,33340,76271,H993,29.661245999999998,-95.039084000000003
ATK,147750,2017-06-02,10:34 AM,Hwy-rail crossing,0,CULPEPER,VA,77.0,2,Day,Clear,Main,Passenger Train - Pulling,79,26011,0,26011,M302,38.493681000000002,-77.920570999999995
NS,134873,2019-07-25,11:25 AM,Other impacts,0,SUFFOLK,VA,81.0,2,Day,Clear,Main,Spec. MoW Equip.,3,14000,0,14000,H997,36.729495999999997,-76.565423999999993
PTRA,2022000011,2022-03-02,5:50 PM,Derailment,0,DEER PARK,TX,70.0,2,Day,Clear,Industry,Freight Train,7,115000,2500,117500,H303,29.72052,-95.15513
UP,0518SA017,2018-05-19,1:05 PM,Hwy-rail crossing,0,COOKS POINT,TX,91.0,2,Day,Clear,Main,Freight Train,51,10899,200,11099,M304,30.577725000000001,-96.613731999999999
UTAX,03032015,2015-03-03,1:50 PM,Side collision,0,SOUTH SALT LAKE,UT,35.0,2,Day,Snow,Main,EMU,20,23011,0,146602,H221,40.722726999999999,-111.89684200000001
UP,0220SX019,2020-02-25,7:11 AM,Hwy-rail crossing,0,CIBOLO,TX,43.0,1,Dawn,Clear,Main,,0,0,50000,78782,M304,29.563157,-98.208865000000003
ATK,180075,2024-05-05,1:13 PM,Obstruction,0,MILLBORO,VA,74.0,2,Day,Clear,Main,Passenger Train - Pulling,60,20264,0,20264,M404,37.950485,-79.647459999999995
UP,1118LK026,2018-11-16,3:15 PM,Other (describe in narrative),0,LONGVIEW,TX,65.0,2,Day,Clear,Yard,Single Car,0,32974,396,33370,M501,32.495323999999997,-94.724478000000005
UP,1122RM011,2022-11-07,4:50 AM,Derailment,0,SALT LAKE CITY,UT,55.0,1,Dawn,Cloudy,Yard,Yard/switching,7,114262,11931,126193,H306,40.787745999999999,-111.90788999999999
BNSF,RD0919127,2019-09-26,2:24 AM,Side collision,0,JUSTIN,TX,79.0,4,Dark,Clear,Yard,Yard/switching,7,0,0,15987,H318,33.007744000000002,-97.354591999999997
UP,1222HO022,2022-12-16,10:50 PM,Other impacts,0,HOUSTON,TX,44.0,4,Dark,Clear,Yard,Single Car,0,78457,0,130270,M407,29.796574,-95.291673000000003
UP,1220HO015,2020-12-21,3:45 AM,Derailment,0,HOUSTON,TX,46.0,4,Dark,Clear,Yard,Cut of cars,3,3323,10854,14177,S007,29.796423999999998,-95.292579000000003
UP,0218ST013,2018-02-28,3:39 PM,Hwy-rail crossing,0,VAN HORN,TX,55.0,2,Day,Cloudy,Main,Freight Train,68,51193,900,52093,M304,31.059135000000001,-104.608664
UP,0319MA050,2019-03-31,7:19 PM,Other impacts,0,LONGVIEW,TX,54.0,3,Dusk,Cloudy,Yard,Yard/switching,1,645989,0,720280,H309,32.493324000000001,-94.734122999999997
NS,155739,2024-02-12,8:30 AM,Other impacts,0,ROANOKE,VA,54.0,2,Day,Cloudy,Yard,Single Car,0,50000,0,70000,H601,37.277109000000003,-79.982324000000006
UP,1119SX001,2019-11-01,12:30 AM,Derailment,0,UVALDE,TX,38.0,4,Dark,Clear,Main,Freight Train,37,27429,280772,308201,E62C,29.238510999999999,-99.978393999999994
UP,0419RM018,2019-04-15,6:00 AM,Derailment,0,OGDEN,UT,47.0,1,Dawn,Rain,Yard,Yard/switching,4,10751,1089,11840,E25C,41.210569,-111.990256
KCS,21102201,2021-10-22,1:00 AM,Derailment,0,PORT ARTHUR,TX,75.0,4,Dark,Cloudy,Yard,Freight Train,7,9130,32705,41835,M409,29.887913999999999,-93.944907000000001
UP,0819TO022,2019-08-16,8:34 AM,Other impacts,0,FORT WORTH,TX,81.0,2,Day,Clear,Yard,Yard/switching,10,144667,18286,402920,H316,32.721024999999997,-97.381189000000006
UP,0922TO014,2022-09-19,8:35 AM,Other impacts,0,FORT WORTH,TX,74.0,2,Day,Clear,Yard,Single Car,2,3391,66,73242,M407,32.724285999999999,-97.373508999999999
UP,0218FW030,2018-02-27,4:14 PM,Hwy-rail crossing,0,ODESSA,TX,65.0,2,Day,Clear,Main,Freight Train,59,73990,2065,76055,M302,31.898854,-102.26155300000001
NS,140989,2021-03-10,5:30 AM,Other (describe in narrative),0,SALEM,VA,72.0,1,Dawn,Clear,Yard,Yard/switching,5,22000,0,22000,H317,37.271993999999999,-80.014903000000004
BNSF,RD0920202,2020-09-24,4:31 PM,Hwy-rail crossing,0,CORSICANA,TX,70.0,2,Day,Cloudy,Main,Spec. MoW Equip.,3,40000,0,40000,M302,32.088614,-96.454496000000006
UP,0719RM039,2019-07-20,9:32 AM,Derailment,0,WELLINGTON,UT,85.0,2,Day,Clear,Industry,,0,0,0,11000,H303,39.529494,-110.70566100000001
NS,144557,2022-03-02,3:30 AM,Other impacts,0,ROANOKE,VA,51.0,4,Dark,Cloudy,Yard,Single Car,0,3000,0,207000,H318,37.277109000000003,-79.982322999999994
UP,1119ST002,2019-11-02,3:33 AM,Fire/violent rupture,0,VAN HORN,TX,41.0,4,Dark,Clear,Main,Freight Train,30,281641,0,281641,E73L,31.097548,-104.118797
UP,0919HO014,2019-09-12,4:10 PM,Derailment,0,DAYTON,TX,91.0,2,Day,Clear,Main,,0,0,98774,175295,H303,29.995177000000002,-94.906858999999997
UP,1019RM030,2019-10-26,2:00 PM,Derailment,0,DELTA,UT,64.0,2,Day,Clear,Siding,Freight Train,14,2943,136873,139816,E60C,39.339875999999997,-112.59577
UP,0324RM028,2024-03-28,9:54 PM,Derailment,0,MIDVALE,UT,37.0,4,Dark,Clear,Yard,Freight Train,2,500,23338,23838,H607,40.617100999999998,-111.90642099999999
UP,0624HO028,2024-06-23,12:45 AM,Derailment,0,HOUSTON,TX,82.0,4,Dark,Cloudy,Main,Yard/switching,5,19963,86769,106732,H221,29.786601000000001,-95.440239000000005
UP,0221HO017,2021-02-11,8:00 AM,Other impacts,0,HOUSTON,TX,39.0,2,Day,Rain,Yard,Yard/switching,4,18263,4280,74702,S007,29.796631000000001,-95.291505000000001
BNSF,KS0120102,2020-01-06,4:17 AM,Derailment,0,AMARILLO,TX,34.0,1,Dawn,Clear,Yard,Yard/switching,4,24097,25000,49097,H306,35.210959000000003,-101.817131
UP,0522GC005,2022-05-01,8:34 PM,Hwy-rail crossing,0,VAN VLECK,TX,78.0,4,Dark,Clear,Main,,0,0,132,20132,M302,29.026734000000001,-95.785182000000006
RLAX,RLAX52220,2020-05-20,2:15 PM,Raking collision,0,BAYTOWN,TX,92.0,2,Day,Clear,Yard,Yard/switching,3,10700,0,10700,H021,29.764462000000002,-94.884247000000002
CGIV,20190313,2019-03-13,9:05 PM,Derailment,0,CHANNELVIEW,TX,55.0,3,Dusk,Clear,Industry,,0,0,125000,145000,H699,29.747215000000001,-95.116624999999999
BNSF,NW0516104,2016-05-09,10:58 PM,Raking collision,0,KALAMA,WA,68.0,4,Dark,Clear,Yard,Single Car,0,11128,0,15247,H307,46.019668000000003,-122.853855
CSX,000145084,2015-03-15,7:10 PM,Obstruction,0,EMPORIA,VA,58.0,3,Dusk,Cloudy,Main,,0,0,0,12945,M402,36.748607999999997,-77.493869000000004
UP,1222TO003,2022-12-03,6:10 AM,Other impacts,0,DALLAS,TX,50.0,1,Dawn,Cloudy,Yard,Yard/switching,4,150000,0,151315,H318,32.708481999999997,-96.746824000000004
BNSF,RD0118204,2018-01-16,7:00 PM,Hwy-rail crossing,0,SANGER,TX,22.0,3,Dusk,Clear,Main,Freight Train,43,25000,25000,50000,M302,33.420169000000001,-97.162969000000004
NS,121139,2016-07-06,11:30 AM,Other impacts,0,CLOVER,VA,90.0,2,Day,Clear,Industry,Light loco(s),10,120,0,41088,H017,36.855082000000003,-78.718856000000002
CSX,000178527,2018-09-02,6:40 PM,Derailment,0,NEWPORT NEWS,VA,90.0,2,Day,Clear,Yard,Freight Train,6,721705,49721,771426,E09L,37.008687000000002,-76.443027000000001
UP,0317UT009,2017-03-17,9:15 AM,Derailment,0,OGDEN,UT,48.0,2,Day,Clear,Yard,Freight Train,5,23203,338858,362061,E69C,41.202595000000002,-111.985832
UP,1119HO022,2019-11-19,11:58 PM,Other impacts,0,HOUSTON,TX,63.0,4,Dark,Clear,Yard,Yard/switching,4,250,1816,20732,H306,29.794097000000001,-95.294456999999994
UP,0317PD020,2017-03-13,11:10 AM,Derailment,0,KENNEWICK,WA,53.0,2,Day,Cloudy,Yard,Freight Train,2,47670,622,48292,H310,46.175952000000002,-119.03448
UP,0421GC001,2021-04-02,3:15 PM,Hwy-rail crossing,0,ORANGE,TX,66.0,2,Day,Cloudy,Main,,0,0,25150,25572,M308,30.111521,-93.744078000000002
UP,0621RM024,2021-06-20,7:30 AM,Derailment,0,SALT LAKE CITY,UT,71.0,1,Dawn,Clear,Yard,Freight Train,9,102992,246555,349547,E64C,40.75253,-112.00194999999999
UFRC,05161901,2019-05-16,8:35 AM,Hwy-rail crossing,0,OREM,UT,70.0,2,Day,Clear,Main,Commuter Train - Pushing,62,50000,0,50000,M302,40.289844000000002,-111.73277
BB,2019T0226,2019-02-26,8:45 AM,Raking collision,0,DOSWELL,VA,45.0,2,Day,Clear,Industry,Freight Train,5,22000,0,22000,H307,37.886620000000001,-77.513964000000001
UTAX,1092020,2020-10-09,7:21 PM,Hwy-rail crossing,0,WEST JORDAN,UT,71.0,3,Dusk,Clear,Main,EMU,44,1861903,0,1861903,M399,40.590277999999998,-111.986402
BNSF,RD0118112,2018-01-19,5:30 PM,Derailment,0,SILSBEE,TX,50.0,3,Dusk,Clear,Yard,Yard/switching,3,19523,250,19773,H018,30.351406000000001,-94.183705000000003
BNSF,RD0521127,2021-05-04,10:25 AM,Derailment,0,GARY,TX,60.0,2,Day,Rain,Main,Maint./inspect Car,18,20000,0,20000,H997,32.059216999999997,-94.382853999999995
UP,1023RM018,2023-10-22,3:45 PM,Other impacts,0,OGDEN,UT,73.0,2,Day,Clear,Yard,Single Car,5,11443,0,13789,H310,41.200896999999998,-111.985986
BNSF,RD1121117,2021-11-26,4:14 AM,Derailment,0,BROWNWOOD,TX,49.0,1,Dawn,Clear,Yard,Freight Train,7,293838,1000,294838,H307,31.716884,-98.972717000000003
BNSF,RD0719108,2019-07-07,1:17 AM,Derailment,0,SILSBEE,TX,85.0,4,Dark,Clear,Yard,Yard/switching,5,43921,14000,57921,H318,30.358101000000001,-94.199241000000001
UP,0617HO024,2017-06-12,10:36 AM,Other impacts,0,HOUSTON,TX,85.0,2,Day,Clear,Yard,Yard/switching,2,5062,132,13957,S016,29.795439999999999,-95.294319999999999
CSX,000203121,2022-02-16,8:30 AM,Other impacts,0,NEWPORT NEWS,VA,40.0,2,Day,Clear,Industry,Freight Train,2,7581,96,60095,H302,37.017218999999997,-76.448280999999994
BNSF,RD0624114,2024-06-15,12:30 AM,Derailment,0,SILSBEE,TX,85.0,4,Dark,Clear,Yard,Yard/switching,4,92520,249986,342506,H020,30.352336000000001,-94.186588
UP,1023TO016,2023-10-15,11:09 AM,Other impacts,0,FORT WORTH,TX,61.0,2,Day,Clear,Yard,Yard/switching,2,4114,85026,92314,E30C,32.732095000000001,-97.360155000000006
BNSF,RD0218102,2018-02-06,6:00 AM,Derailment,0,DAYTON,TX,60.0,1,Dawn,Fog,Yard,Yard/switching,4,16548,2000,18548,H312,30.004961999999999,-94.907292999999996
UP,0320TO006,2020-03-04,6:45 PM,Derailment,0,FORT WORTH,TX,55.0,3,Dusk,Rain,Yard,Yard/switching,3,46852,11793,58645,H503,32.725409999999997,-97.371701000000002
NS,157479,2024-07-25,4:45 AM,Side collision,0,CREWE,VA,72.0,1,Dawn,Rain,Yard,Cut of cars,0,800,0,164030,H309,37.178052000000001,-78.131442000000007
UP,0724HO050,2024-07-27,11:20 AM,Other impacts,0,HOUSTON,TX,88.0,2,Day,Clear,Yard,Single Car,0,45146,0,45146,M411,29.814373,-95.288166000000004
CWRY,CWR877221,2021-11-28,6:30 PM,Derailment,0,PORTSMOUTH,VA,52.0,4,Dark,Clear,Yard,Yard/switching,7,270000,1500,271500,H525,36.872484,-76.368700000000004
UP,0719SX016,2019-07-20,6:30 PM,Derailment,0,SAN ANTONIO,TX,98.0,3,Dusk,Clear,Yard,Yard/switching,4,12576,4914,17490,H704,29.373816000000001,-98.559241999999998
UP,0917HO029,2017-09-29,7:10 AM,Hwy-rail crossing,0,MISSOURI CITY,TX,82.0,2,Day,Clear,Main,Freight Train,40,2988,23158,26146,M302,29.623809000000001,-95.526184999999998
UP,0621HO008,2021-06-07,5:00 PM,Derailment,0,LA PORTE,TX,87.0,2,Day,Clear,Yard,Yard/switching,5,28928,14400,43328,H704,29.703417999999999,-95.074009000000004
UP,0522SX025,2022-05-27,1:19 PM,Hwy-rail crossing,0,NEW BRAUNFELS,TX,91.0,2,Day,Clear,Main,Freight Train,39,482487,183500,665987,M308,29.660544000000002,-98.196636999999996
TGS,092023,2023-09-04,1:41 AM,Derailment,0,BEACH CITY,TX,87.0,4,Dark,Clear,Yard,Yard/switching,6,15000,0,15000,S012,29.711575,-94.891598000000002
CSX,000148641,2015-07-01,5:05 PM,Derailment,0,HAMLET,NC,93.0,2,Day,Cloudy,Yard,Freight Train,5,12821,500,13321,E25C,34.914630000000002,-79.670657000000006
UP,0620HO003,2020-06-03,11:34 AM,Other impacts,0,HOUSTON,TX,84.0,2,Day,Cloudy,Yard,Yard/switching,7,309,0,18559,M411,29.795812999999999,-95.295353000000006
UP,0318ST002,2018-03-05,6:05 PM,Hwy-rail crossing,0,PECOS,TX,60.0,2,Day,Cloudy,Main,Freight Train,49,51636,900,52536,M304,31.373857999999998,-103.65231900000001
ATK,162381,2019-12-17,1:20 PM,Hwy-rail crossing,0,DAYTON,TX,48.0,2,Day,Clear,Main,Passenger Train - Pulling,58,45062,0,45311,M302,30.059172,-94.992737000000005
UP,1122SX001,2022-11-02,5:15 AM,Other impacts,0,SAN ANTONIO,TX,57.0,1,Dawn,Clear,Yard,Yard/switching,8,17877,53824,78013,H312,29.380569999999999,-98.554212000000007
UP,1123HO025,2023-11-28,11:21 AM,Hwy-rail crossing,0,HOUSTON,TX,56.0,2,Day,Clear,Main,Freight Train,39,14459,28000,42459,M304,29.889835999999999,-95.307167000000007
UP,0818FW020,2018-08-13,1:15 AM,Derailment,0,FORT WORTH,TX,75.0,4,Dark,Cloudy,Yard,Yard/switching,7,24974,19499,44473,S011,32.719797999999997,-97.385302999999993
NS,127398,2017-11-13,12:25 PM,Side collision,0,HOPEWELL,VA,50.0,2,Day,Clear,Industry,Freight Train,6,2500,0,100342,H607,37.302847999999997,-77.284508000000002
UTAX,09132023,2023-09-13,6:12 PM,Other impacts,0,SOUTH SALT LAKE,UT,79.0,2,Day,Clear,Main,EMU,35,0,0,0,M599,40.690393999999998,-111.896952
BNSF,KS0722113,2022-07-30,10:59 PM,Derailment,0,AMARILLO,TX,85.0,4,Dark,Clear,Yard,Freight Train,5,22262,60000,82262,E64L,35.198498000000001,-101.829228
UP,0219ST031,2019-02-26,4:50 AM,Derailment,0,EL PASO,TX,48.0,1,Dawn,Clear,Yard,Light loco(s),9,73409,1688,75097,H607,31.771159000000001,-106.473062
NS,144735,2022-03-18,3:30 AM,Other impacts,0,ROANOKE,VA,50.0,4,Dark,Cloudy,Yard,Single Car,4,250,1008,39045,H312,37.277109000000003,-79.982322999999994
UP,0119RM042,2019-01-15,11:50 PM,Side collision,0,OGDEN,UT,28.0,4,Dark,Snow,Yard,Freight Train,0,430,0,14600,H020,41.227195000000002,-111.985771
BNSF,NW0416106,2016-04-08,1:45 AM,Other impacts,0,SPOKANE,WA,45.0,4,Dark,Clear,Yard,Cut of cars,0,10448,0,24298,H318,47.673844000000003,-117.33343600000001
BNSF,NW1017107,2017-10-15,7:50 PM,Derailment,0,ODESSA,WA,32.0,3,Dusk,Clear,Main,Spec. MoW Equip.,40,60000,19000,79000,H997,47.359664000000002,-118.483414
UP,0418UT018,2018-04-21,4:40 PM,Other impacts,0,OGDEN,UT,70.0,2,Day,Clear,Yard,Yard/switching,2,3242,13617,16859,H312,41.204492000000002,-111.984655
UP,1222TO009,2022-12-06,2:48 AM,Other impacts,0,BELLMEAD,TX,63.0,4,Dark,Clear,Yard,Yard/switching,5,27874,4454,32328,H601,31.584485000000001,-97.098113999999995
BNSF,RD0522131,2022-05-27,4:58 PM,Other impacts,0,SOMERVILLE,TX,90.0,2,Day,Clear,Yard,Yard/switching,10,60617,0,60617,H318,30.348549999999999,-96.529302000000001
UP,1218GC084,2018-12-31,1:20 AM,Derailment,0,DEER PARK,TX,53.0,4,Dark,Fog,Yard,Yard/switching,4,14883,8387,23270,S007,29.707436000000001,-95.105327000000003
UP,0323ES054,2023-03-25,2:40 PM,Obstruction,0,SALT LAKE CITY,UT,33.0,2,Day,Clear,Main,Spec. MoW Equip.,5,5000,0,14000,H995,40.709375000000001,-111.90742299999999
FWWR,22102201,2022-10-22,2:20 AM,Derailment,0,BLUFF DALE,TX,68.0,4,Dark,Clear,Main,Freight Train,36,667000,45800,712800,H993,32.313113999999999,-98.120236000000006
UP,0222HO030,2022-02-22,1:10 PM,Other impacts,0,GALENA PARK,TX,78.0,2,Day,Cloudy,Industry,Freight Train,2,71392,132,76792,H302,29.729402,-95.236559
BNSF,NW0917202,2017-09-25,4:05 AM,Hwy-rail crossing,0,SEATTLE,WA,57.0,1,Dawn,Cloudy,Yard,Freight Train,5,1501,9200,10701,M302,47.574449999999999,-122.33678
UP,0422GC009,2022-04-07,4:55 PM,Other impacts,0,VICTORIA,TX,74.0,2,Day,Clear,Yard,Cut of cars,1,61,0,11424,M105,28.659666000000001,-96.874699000000007
BNSF,RD0117104,2017-01-02,8:40 AM,Side collision,0,FORT WORTH,TX,60.0,1,Dawn,Cloudy,Yard,Freight Train,5,215,0,19849,H307,32.818035000000002,-97.326031999999998
UP,0521TO005,2021-05-08,9:20 AM,Derailment,0,FORT WORTH,TX,70.0,2,Day,Clear,Yard,Light loco(s),4,250,120420,120670,M404,32.717421000000002,-97.390579000000002
BNSF,SW0623106,2023-06-16,4:48 AM,Derailment,0,EL PASO,TX,75.0,1,Dawn,Clear,Yard,Freight Train,0,30450,0,47730,H702,31.75536,-106.495723
UP,1018SA025,2018-10-24,10:36 PM,Obstruction,0,DILLEY,TX,68.0,4,Dark,Cloudy,Main,Freight Train,59,47673,165,47838,M402,28.596160000000001,-99.191457999999997
NS,144237,2022-01-31,1:37 AM,Derailment,0,BLUEFIELD,VA,19.0,4,Dark,Clear,Main,Freight Train,1,359454,5013,364467,H514,37.259880000000003,-81.283261999999993
UP,0919RM018,2019-09-28,3:30 AM,Other impacts,0,OGDEN,UT,56.0,4,Dark,Rain,Yard,Yard/switching,0,9892,0,14053,H307,41.199137999999998,-111.986901
UP,0622MA007,2022-06-01,10:10 AM,Other (describe in narrative),0,LONGVIEW,TX,69.0,2,Day,Cloudy,Yard,Yard/switching,1,12340,33,12373,E29C,32.494422999999998,-94.728948000000003
ATK,177442,2023-12-04,6:06 PM,Hwy-rail crossing,0,ROUND ROCK,TX,57.0,4,Dark,Clear,Main,Passenger Train - Pulling,61,29622,0,54622,M302,30.502625999999999,-97.682479999999998
BNSF,RD0721119,2021-07-15,6:20 PM,Other impacts,0,SWEETWATER,TX,88.0,3,Dusk,Clear,Yard,Freight Train,8,17496,0,17496,H020,32.502239000000003,-100.381152
UP,0922SX012,2022-09-13,7:40 AM,Other impacts,0,SAN ANTONIO,TX,74.0,2,Day,Clear,Yard,Yard/switching,4,2957,3840,47317,H312,29.380071999999998,-98.554626999999996
UP,0223SX003,2023-02-04,6:25 AM,Other impacts,0,SAN ANTONIO,TX,32.0,1,Dawn,Clear,Yard,Cut of cars,5,488,0,32723,E27C,29.375779000000001,-98.556470000000004
NS,138746,2020-08-03,3:00 PM,Other impacts,0,ROANOKE,VA,82.0,2,Day,Clear,Yard,Single Car,0,0,0,29468,H312,37.277574000000001,-79.978824000000003
BNSF,NW0616107,2016-06-24,5:45 PM,Derailment,0,SPOKANE,WA,62.0,3,Dusk,Cloudy,Yard,Yard/switching,7,13270,4000,17270,H704,47.705308000000002,-117.363133
UP,0422HO011,2022-04-16,7:50 PM,Other impacts,0,HOUSTON,TX,79.0,3,Dusk,Cloudy,Yard,Single Car,1,33148,0,165616,H318,29.816697000000001,-95.289353000000006
LBWR,190514001,2019-05-14,2:55 AM,Hwy-rail crossing,0,LUBBOCK,TX,55.0,4,Dark,Clear,Main,Freight Train,0,20000,0,20000,M302,33.558889000000001,-101.97444400000001
BNSF,RD1023206,2023-10-18,3:10 PM,Hwy-rail crossing,0,CLARENDON,TX,76.0,2,Day,Clear,Main,Freight Train,60,0,25000,25000,M308,34.939459999999997,-100.887247
BNSF,NW0615116,2015-06-15,7:00 PM,Obstruction,0,TENINO,WA,60.0,3,Dusk,Clear,Main,,0,0,0,52917,M503,46.852245000000003,-122.86096499999999
ATK,146422,2017-02-09,2:56 PM,Obstruction,0,VANCOUVER,WA,59.0,2,Day,Clear,Main,Passenger Train - Pulling,33,22397,0,22397,M404,45.615299999999998,-122.614507
UP,0722TO028,2022-07-14,6:21 PM,Other impacts,0,DALLAS,TX,90.0,3,Dusk,Clear,Main,Yard/switching,14,220964,133870,471341,M501,32.694678000000003,-96.738506000000001
UP,0519TO022,2019-05-20,5:52 PM,Hwy-rail crossing,0,MIDLAND,TX,79.0,2,Day,Rain,Main,Freight Train,49,15883,66,15949,M303,31.944635000000002,-102.172937
BNSF,KS0720112,2020-07-15,10:20 AM,Obstruction,0,MIAMI,TX,85.0,2,Day,Clear,Main,Spec. MoW Equip.,10,5000,0,17000,H997,35.649673,-100.697158
NS,127398,2017-11-13,12:25 PM,Side collision,0,HOPEWELL,VA,50.0,2,Day,Clear,Main,Freight Train,0,37640,0,100342,H607,37.302847999999997,-77.284508000000002
FWWR,23091701,2023-09-17,10:20 PM,Derailment,0,FORT WORTH,TX,71.0,4,Dark,Clear,Yard,Yard/switching,6,9910,0,29058,H704,32.771496999999997,-97.326735999999997
BNSF,NW0616109,2016-06-26,11:59 AM,Derailment,0,RENTON,WA,73.0,2,Day,Clear,Main,,0,0,1500,61300,H705,47.467571999999997,-122.243421
BNSF,NW0824122,2024-08-31,4:40 AM,Derailment,0,SEATTLE,WA,65.0,1,Dawn,Clear,Yard,Yard/switching,4,39232,27042,66274,H607,47.589362000000001,-122.337169
UP,0821HO040,2021-08-30,7:35 PM,Derailment,0,HOUSTON,TX,93.0,3,Dusk,Clear,Main,Freight Train,7,385647,2805,388452,H503,29.782304,-95.328192000000001
BNSF,RD0623133,2023-06-26,1:44 PM,Other (describe in narrative),0,TEMPLE,TX,98.0,2,Day,Clear,Yard,Yard/switching,3,12571,0,12571,H020,31.116374,-97.350234
NS,155808,2024-02-19,3:15 PM,Other impacts,0,ROANOKE,VA,53.0,2,Day,Clear,Yard,Single Car,4,45000,0,45000,H602,37.277109000000003,-79.982324000000006
UP,0223GC006,2023-02-07,1:00 PM,Hwy-rail crossing,0,GRAYBURG,TX,71.0,2,Day,Clear,Main,Freight Train,20,6645,15764,22409,M302,30.115131999999999,-94.352526999999995