reportingrailroadcode,accidentnumber,date,time,accidenttype,hazmatreleasedcars,station,stateabbr,temperature,visibility_code,visibility,weathercondition,tracktype,equipmenttype,trainspeed,equipmentdamagecost,trackdamagecost,totaldamagecost,primaryaccidentcausecode,latitude,longitude
NS,117348,2015-09-13,4:25 PM,Derailment,0,CREWE,VA,70.0,3,Dusk,Clear,Yard,Yard/switching,6,24600,1000,25600,H702,37.178052000000001,-78.131442000000007
UP,0121HO036,2021-01-31,4:17 AM,Other impacts,0,HOUSTON,TX,61.0,1,Dawn,Clear,Yard,Yard/switching,5,45904,282,95007,M411,29.796749999999999,-95.290953999999999
KCS,18061701,2018-06-17,10:45 AM,Derailment,0,PLANO,TX,82.0,2,Day,Clear,Main,Spec. MoW Equip.,0,12988,0,12988,H999,33.009798000000004,-96.706479000000002
ATK,151771,2018-01-31,11:16 AM,Hwy-rail crossing,0,CROZET,VA,33.0,2,Day,Clear,Main,Passenger Train - Pulling,61,40491,0,284491,M308,38.077334,-78.716740999999999
UP,0420TO011,2020-04-08,6:10 AM,Derailment,0,FORT WORTH,TX,73.0,1,Dawn,Cloudy,Yard,Light loco(s),3,55841,728,56569,M507,32.728907,-97.367135000000005
BNSF,RD0217113,2017-02-19,5:30 AM,Derailment,0,GALVESTON,TX,75.0,1,Dawn,Clear,Main,Freight Train,24,11847,235205,247052,E59C,29.296731000000001,-94.884658999999999
UP,0721TO021,2021-07-18,4:30 PM,Hwy-rail crossing,0,MONAHANS,TX,94.0,2,Day,Clear,Main,Work train,46,6383,13883,20266,M308,31.645050000000001,-102.757823
UP,1222HL004,2022-12-04,11:00 AM,Derailment,0,DALHART,TX,54.0,2,Day,Clear,Yard,Freight Train,10,330876,112995,444707,H523,36.080030999999998,-102.49935499999999
UP,0224HO030,2024-02-22,3:10 PM,Other impacts,0,HOUSTON,TX,76.0,2,Day,Clear,Yard,Yard/switching,0,5619,12100,18392,M411,29.819983000000001,-95.288306000000006
UP,0323SX004,2023-03-05,10:30 PM,Other impacts,0,SAN ANTONIO,TX,67.0,4,Dark,Clear,Yard,Yard/switching,5,11355,132,50838,H602,29.375917999999999,-98.556650000000005
UP,1220HO004,2020-12-07,4:15 AM,Other impacts,0,HOUSTON,TX,46.0,1,Dawn,Clear,Yard,Cut of cars,5,5194,0,273149,M411,29.802689000000001,-95.280468999999997
NS,146259,2022-08-20,6:28 PM,Other impacts,0,ROANOKE,VA,78.0,3,Dusk,Clear,Yard,Single Car,4,20000,0,20000,H601,37.277109000000003,-79.982322999999994
UP,0119TO030,2019-01-25,4:00 PM,Hwy-rail crossing,0,ATHENS,TX,54.0,2,Day,Clear,Main,Freight Train,40,45424,269,45693,M302,32.212721000000002,-95.843705999999997
AWRR,221120001,2022-11-20,11:21 PM,Derailment,0,MANOR,TX,46.0,4,Dark,Rain,Main,Freight Train,15,238955,40000,278955,H699,30.338984,-97.580225999999996
ATK,146415,2017-02-09,11:10 AM,Obstruction,0,SANDSTON,VA,45.0,2,Day,Rain,Main,Passenger Train - Pulling,70,13000,0,13000,M404,37.485290999999997,-77.278360000000006
UP,0522TO001,2022-05-01,4:40 AM,Derailment,0,FORT WORTH,TX,55.0,1,Dawn,Clear,Yard,Yard/switching,8,42760,66,42826,H318,32.722577000000001,-97.380510000000001
UP,0219GC050,2019-02-24,3:58 AM,Derailment,0,HOUSTON,TX,57.0,4,Dark,Clear,Main,Yard/switching,6,261776,75311,337087,M599,29.801439999999999,-95.283730000000006
UP,0518HO012,2018-05-05,11:54 PM,Other impacts,0,HOUSTON,TX,70.0,4,Dark,Clear,Yard,Yard/switching,4,10873,6014,16887,M411,29.805432,-95.288404
UP,0423TO015,2023-04-08,4:51 PM,Other impacts,0,FORT WORTH,TX,71.0,2,Day,Clear,Yard,Yard/switching,1,10722,0,11791,M404,32.723410999999999,-97.377735000000001
UP,0321HO028,2021-03-24,10:19 AM,Other impacts,0,HOUSTON,TX,66.0,2,Day,Rain,Yard,Yard/switching,4,46963,0,69575,M407,29.791692000000001,-95.301811000000001
BNSF,NW1116105,2016-11-07,1:00 PM,Other (describe in narrative),0,LONGVIEW,WA,63.0,2,Day,Clear,Main,Maint./inspect Car,3,45000,0,45000,H997,46.078319999999998,-122.86803
UP,0518HO016,2018-05-10,2:45 AM,Other impacts,0,LA PORTE,TX,71.0,4,Dark,Clear,Yard,Single Car,0,10214,0,35970,H702,29.68329,-95.038799999999995
BNSF,RD0521102,2021-05-02,11:50 AM,Derailment,0,SWEETWATER,TX,91.0,2,Day,Clear,Yard,Freight Train,7,95663,111322,206985,E64C,32.497922000000003,-100.400722
BNSF,RD1022127,2022-10-27,9:48 PM,Derailment,0,TEMPLE,TX,70.0,4,Dark,Cloudy,Main,Freight Train,4,6170,17300,23470,M599,31.087506000000001,-97.338023000000007
UP,0123RM001,2023-01-01,5:46 PM,Obstruction,0,COALVILLE,UT,30.0,2,Day,Cloudy,Main,Freight Train,26,12981,0,19632,M402,41.039178,-111.328053
BNSF,RD0921111,2021-09-10,9:31 PM,Derailment,0,DAYTON,TX,90.0,4,Dark,Clear,Main,Yard/switching,8,37015,0,40515,H518,29.993758,-94.907240000000002
UP,0322HO020,2022-03-14,8:57 PM,Other impacts,0,HOUSTON,TX,68.0,4,Dark,Cloudy,Yard,Light loco(s),5,6381,0,40625,H607,29.831347000000001,-95.288582000000005
BNSF,RD0519115,2019-05-16,4:00 PM,Derailment,0,CONROE,TX,81.0,2,Day,Clear,Yard,Freight Train,5,15587,5000,20587,H702,30.313457,-95.445988999999997
BNSF,KS0820116,2020-08-29,9:20 PM,Derailment,0,PANHANDLE,TX,64.0,4,Dark,Rain,Main,Freight Train,0,793460,3900,797360,M105,35.271465999999997,-101.591193
ATK,165904,2020-11-25,5:02 PM,Hwy-rail crossing,0,HOUSTON,TX,72.0,3,Dusk,Clear,Main,Passenger Train - Pulling,30,20127,0,20677,M304,29.868200000000002,-95.128190000000004
NS,156814,2024-05-23,9:48 PM,Other impacts,0,NORFOLK,VA,67.0,4,Dark,Clear,Yard,Single Car,7,26130,0,55390,H302,36.871878000000002,-76.295016000000004
TIBR,181128003,2018-11-28,10:00 AM,Derailment,0,BON WEIR,TX,65.0,2,Day,Clear,Main,Freight Train,8,24000,3500,27500,T221,30.442495999999998,-93.652544000000006
BNSF,RD0724126,2024-07-25,3:27 AM,Derailment,0,BEAUMONT,TX,82.0,4,Dark,Cloudy,Yard,Yard/switching,7,8952,10983,19935,H703,30.090084999999998,-94.113079999999997
ATK,158360,2019-04-07,4:02 PM,Hwy-rail crossing,0,CLINT,TX,75.0,2,Day,Clear,Main,Passenger Train - Pulling,70,15033,0,15333,M308,31.589880000000001,-106.226358
UP,0521SX016,2021-05-19,7:17 PM,Derailment,0,EAGLE PASS,TX,75.0,3,Dusk,Cloudy,Yard,Yard/switching,3,22011,11127,33138,H504,28.762430999999999,-100.48351700000001
UP,0617UT002,2017-06-02,5:10 PM,Other impacts,0,SALT LAKE CITY,UT,78.0,2,Day,Clear,Yard,Cut of cars,3,159,0,32250,H021,40.788637000000001,-111.909316
UP,0721TO037,2021-07-30,2:00 AM,Derailment,0,EL PASO,TX,75.0,4,Dark,Clear,Main,,0,0,148317,183317,E64C,31.758044000000002,-106.496454
UP,0922HO020,2022-09-17,8:00 AM,Other impacts,0,HOUSTON,TX,76.0,2,Day,Clear,Yard,Cut of cars,2,25961,0,35059,M408,29.795155000000001,-95.295891999999995
UP,0322HO020,2022-03-14,8:57 PM,Other impacts,0,HOUSTON,TX,68.0,4,Dark,Cloudy,Yard,Yard/switching,4,33244,1000,40625,H607,29.831347000000001,-95.288582000000005
UP,0218HO031,2018-02-18,7:00 AM,Other (describe in narrative),0,HOUSTON,TX,61.0,2,Day,Cloudy,Yard,Single Car,0,312,0,43189,M201,29.805879000000001,-95.288442000000003
BNSF,NW1216124,2016-12-28,1:04 AM,Derailment,0,CAMAS,WA,32.0,4,Dark,Clear,Main,Freight Train,46,7945,650000,657945,E51C,45.605894999999997,-122.579936
UP,0918HO010,2018-09-05,5:20 PM,Hwy-rail crossing,0,BAYTOWN,TX,90.0,2,Day,Clear,Main,Freight Train,10,22198,99,22297,M304,29.857747,-94.907297999999997
UP,1022HO003,2022-10-04,8:30 AM,Derailment,0,PASADENA,TX,66.0,2,Day,Clear,Yard,Yard/switching,5,147557,16080,163637,H702,29.637153000000001,-95.058687000000006
UP,0918FW032,2018-09-24,7:30 PM,Derailment,0,GRAND PRAIRIE,TX,78.0,3,Dusk,Cloudy,Yard,Work train,3,1453,9925,11378,M404,32.746231000000002,-96.971512000000004
NS,135345,2019-09-01,4:24 PM,Other (describe in narrative),0,ROANOKE,VA,82.0,3,Dusk,Cloudy,Main,Freight Train,10,28,15000,15028,S005,37.277574000000001,-79.978824000000003
BNSF,NW0416120,2016-04-30,2:30 AM,Derailment,0,TACOMA,WA,45.0,4,Dark,Clear,Yard,Freight Train,5,40728,0,41228,H503,47.260775000000002,-122.398707
UP,1015UT008,2015-10-27,8:50 AM,Derailment,0,PROVO,UT,45.0,2,Day,Clear,Yard,Freight Train,4,37260,100,37360,M404,40.207543000000001,-111.64864300000001
WACR,1552,2019-11-29,6:00 PM,Derailment,0,BERLIN,VT,27.0,4,Dark,Clear,Yard,Freight Train,10,27920,3375,31295,E46C,44.225326000000003,-72.549847
NS,113749,2015-01-09,4:45 PM,Derailment,0,CHESAPEAKE,VA,45.0,3,Dusk,Clear,Yard,Yard/switching,3,21850,100,21950,H020,36.801392999999997,-76.267132000000004
UP,0318PD016,2018-03-13,8:45 PM,Derailment,0,CHEHALIS,WA,43.0,4,Dark,Clear,Industry,Freight Train,5,123320,1256,124576,H303,46.574303,-122.91004599999999
BNSF,RD0620113,2020-06-15,6:02 PM,Derailment,0,HOUSTON,TX,90.0,3,Dusk,Clear,Yard,Yard/switching,8,20678,7000,27678,H503,29.709467,-95.331205999999995
CSX,000153804,2015-10-30,7:24 PM,Side collision,0,COVINGTON,VA,43.0,4,Dark,Clear,Yard,Single Car,7,31903,0,219470,H306,37.786656000000001,-79.992131999999998
BNSF,RD1119101,2019-11-01,3:30 AM,Derailment,0,TEAGUE,TX,45.0,4,Dark,Cloudy,Main,Light loco(s),0,15000,0,185893,H607,31.627244000000001,-96.285931000000005
UP,0322SX022,2022-03-26,3:30 PM,Other impacts,0,SAN ANTONIO,TX,90.0,2,Day,Clear,Yard,Yard/switching,3,40067,1306,53018,H306,29.382308999999999,-98.552470999999997
UP,0624HO012,2024-06-10,3:05 AM,Derailment,0,HOUSTON,TX,80.0,4,Dark,Cloudy,Main,Freight Train,20,13006,20076,33082,H503,29.766179000000001,-95.324036000000007
UTAX,04102023,2023-04-10,8:53 PM,Fire/violent rupture,0,SOUTH SALT LAKE,UT,65.0,4,Dark,Clear,Main,EMU,0,20000,0,20000,E71L,40.724412000000001,-111.89687600000001
BNSF,RD0819138,2019-08-30,4:00 PM,Derailment,0,CORPUS CHRISTI,TX,93.0,2,Day,Clear,Yard,Freight Train,4,181899,0,189899,H702,27.806023,-97.405567000000005
NS,152914,2023-04-25,12:10 AM,Other impacts,0,PORTSMOUTH,OH,32.0,4,Dark,Clear,Yard,Single Car,0,11577,0,11577,H312,38.735205999999998,-82.967055999999999
BNSF,HL0723119,2023-07-27,11:00 AM,Derailment,0,MEMPHIS,TN,90.0,2,Day,Clear,Yard,Yard/switching,7,16190,30500,46690,M101,35.022835999999998,-89.887685000000005
NS,123181,2016-12-15,2:20 PM,Derailment,0,WESLEYVILLE,PA,12.0,2,Day,Snow,Main,Freight Train,3,18310,8382,106692,M105,42.135153000000003,-80.038719
CSX,000198428,2021-06-23,10:00 AM,Derailment,0,LAKE CITY,SC,80.0,2,Day,Clear,Industry,Freight Train,6,18927,961,19888,H511,33.831642000000002,-79.768314000000004
KCS,15111705,2015-11-17,6:50 PM,Obstruction,0,BOLTON,MS,0.0,4,Dark,Cloudy,Main,Freight Train,40,15500,0,15500,M404,32.358932000000003,-90.389017999999993
BNSF,GC0315105,2015-03-17,6:30 PM,Derailment,0,HOUSTON,TX,74.0,3,Dusk,Clear,Yard,Yard/switching,8,20301,44500,64801,H704,29.635712000000002,-95.308724999999995
CSX,000160634,2016-06-15,2:27 AM,Other (describe in narrative),0,CHATTANOOGA,TN,72.0,4,Dark,Clear,Yard,Single Car,4,18000,0,34230,M204,35.006723000000001,-85.376506000000006
NS,152666,2023-03-30,2:15 AM,Other (describe in narrative),0,CHATTANOOGA,TN,40.0,4,Dark,Clear,Yard,Light loco(s),0,10000,0,15174,M503,35.007198000000002,-85.375513999999995
UP,0617UT013,2017-06-15,5:15 PM,Other impacts,0,POCATELLO,ID,76.0,2,Day,Clear,Yard,Cut of cars,0,3026,0,16267,H306,42.862689000000003,-112.447621
BNSF,RD0917118,2017-09-22,11:25 AM,Rear end collision,0,HEIDENHEIMER,TX,91.0,2,Day,Clear,Main,Freight Train,0,13000,0,179319,H605,30.986681000000001,-97.273469000000006
UP,0916HO018,2016-09-13,1:05 AM,Hwy-rail crossing,0,EAST BERNARD,TX,73.0,4,Dark,Clear,Main,Freight Train,46,91,89665,89756,M308,29.540489000000001,-95.989312999999996
CSX,000185047,2019-08-30,9:53 AM,Other impacts,0,NASHVILLE,TN,81.0,2,Day,Clear,Yard,Cut of cars,4,21112,0,21612,M408,36.112141999999999,-86.770736999999997
UP,0915KC017,2015-09-26,1:40 PM,Hwy-rail crossing,0,DALHART,TX,85.0,2,Day,Clear,Main,Freight Train,58,15000,33,15033,M302,36.210287999999998,-102.28057
BNSF,PR0718102,2018-07-03,7:10 PM,Derailment,0,ALLIANCE,NE,80.0,3,Dusk,Cloudy,Yard,Yard/switching,5,360,18860,19220,H607,42.092092999999998,-102.869933
RCPE,RCP999419D,2019-03-25,12:30 PM,Derailment,0,CHADRON,NE,40.0,2,Day,Cloudy,Main,Freight Train,10,227436,8733,236169,T220,42.909543999999997,-103.170608
ATK,174126,2023-03-15,4:35 AM,Obstruction,0,MIDDLETOWN,PA,34.0,4,Dark,Clear,Main,Spec. MoW Equip.,7,0,0,16206,H607,40.139198999999998,-76.595068999999995
UP,1116ST007,2016-11-22,6:45 AM,Derailment,0,SANTA ROSA,NM,31.0,1,Dawn,Clear,Main,Freight Train,44,764998,467406,1232404,E60C,35.004463000000001,-104.523203
NS,138351,2020-06-26,7:50 PM,Derailment,0,ECONOMY,PA,72.0,3,Dusk,Cloudy,Yard,Freight Train,8,6100,25500,31600,H524,40.653109999999998,-80.238613000000001
NS,145298,2022-05-18,10:05 PM,Other (describe in narrative),0,GRACEWOOD,GA,75.0,4,Dark,Clear,Yard,Freight Train,5,1000,14090,15090,H702,33.350952999999997,-81.964026000000004
CSX,000175443,2018-03-25,5:13 PM,Other impacts,0,WILLARD,OH,35.0,2,Day,Cloudy,Yard,Cut of cars,4,39111,32,39143,H318,41.059857000000001,-82.723963999999995
CSX,000176554,2018-05-20,4:38 AM,Other impacts,0,SELKIRK,NY,57.0,1,Dawn,Cloudy,Yard,Cut of cars,18,36651,0,36651,S016,42.565902999999999,-73.854184000000004
BNSF,TC0520109,2020-05-16,4:00 AM,Derailment,0,STANTON,ND,52.0,1,Dawn,Clear,Main,Freight Train,20,7007,54000,61007,E53C,47.301797999999998,-101.38500000000001
BNSF,RD0417114,2017-04-15,4:00 AM,Other impacts,0,FORT WORTH,TX,70.0,1,Dawn,Clear,Industry,Yard/switching,5,4465,0,26921,H307,32.819729000000002,-97.330849999999998
CSX,000205417,2022-06-07,1:05 PM,Derailment,0,DEFIANCE,OH,72.0,2,Day,Clear,Yard,Yard/switching,5,36349,390,36739,H702,41.279302000000001,-84.308888999999994
BNSF,MT0816101,2016-08-17,5:50 AM,Derailment,0,GLENDIVE,MT,89.0,2,Day,Clear,Yard,Freight Train,9,246970,112000,358970,T212,47.110976000000001,-104.705949
UP,0715HO030,2015-07-18,10:40 AM,Other impacts,0,HOUSTON,TX,86.0,2,Day,Cloudy,Yard,Single Car,0,11590,0,11590,H317,29.807804999999998,-95.292334999999994
UP,1115SA010,2015-11-16,6:35 PM,Derailment,0,KIRBY,TX,77.0,4,Dark,Cloudy,Industry,Yard/switching,10,4091,2135,13867,H306,29.470908999999999,-98.392769999999999
TXN,D470715,2015-08-01,4:14 AM,Derailment,0,MONAHANS,TX,82.0,4,Dark,Clear,Main,Cut of cars,25,350000,92000,442000,H018,31.355865999999999,-102.892174
TRE,16010,2016-09-08,2:18 PM,Hwy-rail crossing,0,DALLAS,TX,95.0,2,Day,Clear,Main,,0,0,6300,25368,M302,32.805619,-96.829774
ATK,163211,2020-02-23,1:12 AM,Hwy-rail crossing,0,COLUMBIANA,OH,36.0,4,Dark,Clear,Main,Passenger Train - Pulling,62,10856,0,10856,M302,40.883004,-80.693844999999996
SEPA,SEPA083023,2023-08-30,11:53 AM,Other (describe in narrative),0,MEDIA,PA,80.0,2,Day,Clear,Main,EMU,0,15140,0,15140,E71L,39.914197000000001,-75.394795000000002
UP,0322GL006,2022-03-05,5:15 AM,Other impacts,0,CEDAR RAPIDS,IA,45.0,1,Dawn,Cloudy,Yard,Cut of cars,0,179145,0,306840,H307,41.919798999999998,-91.767628000000002
BNSF,RD1218106,2018-12-07,4:05 AM,Derailment,0,AVONDALE,LA,45.0,1,Dawn,Clear,Yard,Freight Train,10,16357,0,40159,H501,29.916346999999998,-90.179410000000004
NS,130546,2018-08-10,8:00 PM,Raking collision,0,BELLEVUE,OH,72.0,4,Dark,Clear,Yard,Yard/switching,5,4761,0,293143,H306,41.274422999999999,-82.833569999999995
HESR,HES061019D,2019-05-29,4:30 PM,Derailment,0,DURAND,MI,67.0,2,Day,Cloudy,Yard,Yard/switching,9,29916,31914,61830,E23C,42.920475000000003,-84.004383000000004
UP,0317HO024,2017-03-08,9:47 AM,Other impacts,0,LA PORTE,TX,65.0,2,Day,Cloudy,Yard,Cut of cars,0,18207,0,68387,M411,29.680771,-95.039088000000007
UP,1015FW013,2015-10-19,10:30 AM,Hwy-rail crossing,0,FORT WORTH,TX,75.0,2,Day,Clear,Main,Freight Train,12,1680,18990,20670,M303,32.718131999999997,-97.328834999999998
UP,0721MA031,2021-07-26,2:09 AM,Other impacts,0,SHREVEPORT,LA,78.0,4,Dark,Clear,Yard,Yard/switching,8,61951,0,68754,H318,32.430236000000001,-93.905593999999994
UP,0824ME033,2024-08-23,1:30 PM,Derailment,0,SAN ANTONIO,TX,96.0,2,Day,Clear,Yard,Light loco(s),5,250,21674,21924,H702,29.371310000000001,-98.561331999999993
UP,0617ES023,2017-06-06,5:26 PM,Other (describe in narrative),0,HOUSTON,TX,88.0,2,Day,Cloudy,Industry,Spec. MoW Equip.,0,25278,0,25278,H997,29.684418000000001,-95.351110000000006
EJR,725191,2019-07-25,7:15 AM,Derailment,0,BAYONNE,NJ,70.0,4,Dark,Clear,Industry,Yard/switching,5,20000,0,21000,H704,40.656058000000002,-74.111080000000001
UP,0717PD003,2017-07-03,9:00 AM,Fire/violent rupture,0,STANFIELD,OR,70.0,2,Day,Clear,Yard,Light loco(s),0,378824,0,378824,E79L,45.794747999999998,-119.302048
CSX,000157120,2016-02-16,6:30 PM,Derailment,0,NASHVILLE,TN,45.0,3,Dusk,Rain,Yard,Yard/switching,8,23217,1200,24417,E04C,36.092170000000003,-86.760616999999996
BNSF,TC0519111,2019-05-20,2:20 PM,Side collision,0,GRAND FORKS,ND,70.0,2,Day,Clear,Yard,Light loco(s),8,20000,0,94756,H607,47.918031999999997,-97.054530999999997
BNSF,RD0118118,2018-01-26,3:00 PM,Derailment,0,TENAHA,TX,68.0,2,Day,Cloudy,Yard,Freight Train,5,18759,900,19659,H511,31.945201000000001,-94.252493000000001
SLWC,200102003,2020-01-02,9:15 AM,Side collision,0,OKLAHOMA CITY,OK,50.0,2,Day,Clear,Yard,Yard/switching,5,66300,0,132600,H306,35.454940999999998,-97.496655000000004
UP,0220TO010,2020-02-10,1:45 AM,Other impacts,0,FORT WORTH,TX,56.0,4,Dark,Cloudy,Yard,Yard/switching,1,19634,33,27085,H310,32.724767999999997,-97.373197000000005
BNSF,SW0417201,2017-04-05,9:48 AM,Hwy-rail crossing,0,MELROSE,NM,52.0,2,Day,Clear,Main,Freight Train,65,3935093,1001058,4936151,M302,34.422826000000001,-103.61672799999999
UP,0115HO015,2015-01-10,12:21 PM,Derailment,0,HUNTSVILLE,TX,38.0,2,Day,Rain,Industry,Yard/switching,6,3094,10328,13422,M501,30.705411000000002,-95.494822999999997
BNSF,KS0316109,2016-03-25,1:50 PM,Derailment,0,AMARILLO,TX,70.0,2,Day,Clear,Yard,Freight Train,5,29736,0,29736,H503,35.180166,-101.836496
UP,1114FW034,2014-11-25,12:48 PM,Hwy-rail crossing,0,TAYLOR,TX,60.0,2,Day,Clear,Main,,0,0,800,200800,M302,30.771090999999998,-97.435783000000001
UP,0918NP019,2018-09-20,1:00 AM,Derailment,0,GRAND ISLAND,NE,75.0,4,Dark,Clear,Yard,Yard/switching,5,26489,6410,32899,H306,40.935102999999998,-98.318404000000001
UP,1117HO010,2017-11-09,2:26 AM,Obstruction,0,HOUSTON,TX,65.0,4,Dark,Clear,Yard,Yard/switching,6,13561,0,13561,M404,29.795138999999999,-95.295023
BNSF,GC0515102,2015-05-03,6:45 PM,Derailment,0,BEAUMONT,TX,82.0,3,Dusk,Clear,Yard,Freight Train,5,74862,0,115859,H607,30.076042999999999,-94.107324000000006
CSX,000171065,2017-08-20,8:30 AM,Derailment,0,NASHVILLE,TN,88.0,2,Day,Clear,Yard,Yard/switching,4,152089,5050,157139,H702,36.112141999999999,-86.770736999999997
MRL,2019012,2019-01-29,12:50 PM,Derailment,0,BOZEMAN,MT,24.0,2,Day,Cloudy,Main,Freight Train,30,2100000,275000,2375000,H604,45.646433999999999,-110.875152
UP,1017KC024,2017-10-31,2:50 AM,Derailment,0,WICHITA,KS,30.0,4,Dark,Clear,Yard,,0,0,18594,28534,M503,37.71452,-97.330460000000002
BNSF,RD0817106,2017-08-04,9:55 AM,Derailment,0,SHERMAN,TX,90.0,2,Day,Clear,Yard,Single Car,10,7415,500,20450,H018,33.649101999999999,-96.603335999999999
NS,133160,2019-03-10,5:45 PM,Derailment,0,CONWAY,PA,72.0,3,Dusk,Clear,Yard,Light loco(s),5,9945,1791,11736,H306,40.672356000000001,-80.251823000000002
UP,1120GC016,2020-11-14,8:25 AM,Other impacts,0,MARINGOUIN,LA,60.0,2,Day,Clear,Yard,Freight Train,12,17551,0,56506,H312,30.541589999999999,-91.566946999999999
CSX,000191293,2020-07-10,10:04 PM,Other impacts,0,CUMBERLAND,MD,72.0,4,Dark,Cloudy,Yard,Cut of cars,0,250017,0,250517,H307,39.644503999999998,-78.760839000000004
CSX,000204447,2022-04-23,6:35 AM,Derailment,0,FLORENCE,SC,80.0,2,Day,Clear,Yard,Yard/switching,5,20535,1950,22485,H702,34.198270000000001,-79.762484999999998
NS,146161,2022-08-12,2:30 PM,Other impacts,0,SAVANNAH,GA,88.0,2,Day,Clear,Yard,Yard/switching,5,1000,22042,23042,M411,32.083672999999997,-81.136551999999995
BNSF,RD0819117,2019-08-14,5:40 PM,Side collision,0,TULSA,OK,87.0,3,Dusk,Clear,Yard,Yard/switching,0,9764,0,20319,S016,36.119399999999999,-96.011651999999998
GRS,20161101L1,2016-11-01,7:15 PM,Derailment,0,WESTFORD,MA,45.0,4,Dark,Clear,Main,Freight Train,10,40100,19324,59424,M201,42.599423999999999,-71.427257999999995
ALS,201031,2020-10-31,1:30 PM,Derailment,0,EAST ST LOUIS,IL,58.0,2,Day,Clear,Yard,Yard/switching,7,177597,48875,226472,T220,38.584206999999999,-90.133405999999994
GRLW,240725,2024-07-25,11:30 AM,Derailment,0,BELTON,SC,76.0,2,Day,Clear,Yard,Freight Train,8,90000,35000,125000,E64C,34.502989999999997,-82.467268000000004
LRWY,15040601,2015-04-06,11:56 AM,Derailment,0,NORTH TOWANDA,PA,68.0,2,Day,Clear,Main,Freight Train,9,57000,75000,132000,M203,41.81474,-76.502899999999997
BNSF,GC0515114,2015-05-19,12:35 PM,Other impacts,0,DAYTON,TX,82.0,2,Day,Cloudy,Yard,Yard/switching,7,27430,0,27430,H318,29.997197,-94.907396000000006
CSX,000163582,2016-10-16,4:40 PM,Derailment,0,NASHVILLE,TN,80.0,2,Day,Clear,Yard,Freight Train,4,31750,8900,40650,H518,36.112141999999999,-86.770736999999997
UP,1214KC001,2014-12-01,8:38 PM,Derailment,0,KANSAS CITY,MO,19.0,4,Dark,Cloudy,Yard,Yard/switching,4,16658,600,17258,H303,39.104433999999998,-94.596963000000002
BNSF,HL1022108,2022-10-15,2:10 PM,Derailment,0,LINCOLN,NE,72.0,2,Day,Cloudy,Yard,Freight Train,5,36648,75000,111648,E69C,40.807307000000002,-96.754358999999994
CSX,000210233,2023-03-08,2:30 PM,Derailment,0,WALBRIDGE,OH,33.0,2,Day,Clear,Yard,Yard/switching,6,36218,2499,38717,M405,41.589934,-83.496943999999999
BNSF,GC0415107,2015-04-21,10:40 PM,Derailment,0,LONGVIEW,TX,68.0,4,Dark,Clear,Yard,Freight Train,5,131835,526144,657979,H307,32.492811000000003,-94.716266000000005
BNSF,RD1116108,2016-11-13,1:01 AM,Other (describe in narrative),0,MOODY,TX,52.0,4,Dark,Clear,Main,Light loco(s),5,0,21000,21000,H307,31.338263999999999,-97.363040999999996
NS,136861,2020-01-16,9:09 PM,Derailment,0,ALLENTOWN,PA,30.0,4,Dark,Cloudy,Yard,Yard/switching,2,11270,1007,12277,M101,40.611930000000001,-75.426705999999996
UP,0418NP017,2018-04-18,7:45 PM,Other impacts,0,GRAND ISLAND,NE,36.0,3,Dusk,Clear,Yard,Cut of cars,0,284,0,38227,M411,40.932178999999998,-98.327409000000003
NS,129271,2018-04-26,12:18 PM,Derailment,0,MARTINS CREEK,PA,62.0,2,Day,Clear,Industry,Freight Train,9,34359,0,34359,H704,40.782789999999999,-75.184766999999994
CSX,000166603,2017-02-07,1:50 PM,Obstruction,0,SOUTH PITTSBURG,TN,60.0,2,Day,Rain,Main,Freight Train,0,0,0,54950,H993,34.995424999999997,-85.620934000000005
BNSF,GC0215113,2015-02-20,11:50 AM,Derailment,0,CHRIESMAN,TX,70.0,2,Day,Clear,Main,Spec. MoW Equip.,20,500,0,24500,H997,30.627628999999999,-96.789934000000002
ATK,149068,2017-08-18,12:05 AM,Hwy-rail crossing,0,WAYNE,MI,70.0,4,Dark,Clear,Main,Passenger Train - Pulling,52,1500,15000,16500,M301,42.279001999999998,-83.380626000000007
UP,1215LK017,2015-12-30,5:53 AM,Derailment,0,MARSHALL,TX,40.0,4,Dark,Cloudy,Main,Freight Train,23,1419,75826,77245,M103,32.552911000000002,-94.367452
KCS,19051701,2019-05-17,5:20 AM,Derailment,0,HEAVENER,OK,72.0,4,Dark,Clear,Yard,Freight Train,4,20015,86011,109058,H306,34.898902999999997,-94.601401999999993
CSX,000212668,2023-08-02,11:20 PM,Derailment,0,PHILADELPHIA,PA,68.0,4,Dark,Clear,Yard,Yard/switching,9,19968,250,20218,E22C,39.898701000000003,-75.166960000000003
UP,1116FW005,2016-11-08,10:28 AM,Obstruction,0,MANSFIELD,TX,64.0,2,Day,Rain,Main,Spec. MoW Equip.,21,33594,0,53107,H605,32.585534000000003,-97.183386999999996
NS,140956,2021-03-18,9:40 AM,Other (describe in narrative),0,MARYSVILLE,PA,72.0,2,Day,Rain,Main,Single Car,6,0,20000,20000,H318,40.332534000000003,-76.920496
NS,151621,2022-12-03,2:05 PM,Other impacts,0,COLUMBIA,SC,72.0,2,Day,Cloudy,Yard,Single Car,0,1000,0,30416,H312,33.985295999999998,-81.039107000000001