reportingrailroadcode,accidentnumber,date,time,accidenttype,hazmatreleasedcars,station,stateabbr,temperature,visibility_code,visibility,weathercondition,tracktype,equipmenttype,trainspeed,equipmentdamagecost,trackdamagecost,totaldamagecost,primaryaccidentcausecode,latitude,longitude
CSX,000213315,2023-09-07,4:00 AM,Side collision,0,CONNELLSVILLE,PA,70.0,4,Dark,Cloudy,Yard,Yard/switching,0,13418,464,166624,H307,40.015481000000001,-79.591583999999997
YVRR,0662016,2016-06-03,2:27 PM,Other impacts,0,ELKIN,NC,87.0,2,Day,Clear,Siding,Yard/switching,2,120000,0,120000,H302,36.255263999999997,-80.783022000000003
KCS,17070701,2017-07-07,10:49 AM,RR grade crossing,0,JEFFERSON,TX,90.0,2,Day,Clear,Main,Cut of cars,15,703161,106653,1240304,H008,32.764811000000002,-94.355130000000003
NS,127621,2017-12-03,10:01 AM,Derailment,0,ALTOONA,PA,40.0,2,Day,Clear,Yard,Yard/switching,7,3484,19427,22911,H702,40.542028000000002,-78.375783999999996
ATK,163276,2020-02-27,10:40 AM,Other (describe in narrative),0,PAOLI,PA,35.0,2,Day,Clear,Siding,Light loco(s),8,18351,0,18351,H699,40.042954999999999,-75.484724999999997
BNSF,HL1218121,2018-12-23,10:30 PM,Derailment,0,MEMPHIS,TN,36.0,4,Dark,Clear,Yard,Yard/switching,4,12750,6000,18750,E32C,35.030161999999997,-89.900121999999996
BNSF,KS0224118,2024-02-25,8:49 PM,Derailment,0,KANSAS CITY,KS,36.0,3,Dusk,Clear,Yard,Yard/switching,8,8000,44047,243976,H306,39.087234000000002,-94.695497000000003
CSX,000189922,2020-04-28,11:00 PM,Derailment,0,WEST SPRINGFIELD,MA,43.0,4,Dark,Clear,Yard,Yard/switching,4,72963,1000,73963,H704,42.098671000000003,-72.620755000000003
CSX,000211355,2023-05-17,5:38 AM,Other impacts,0,CLEVELAND,OH,45.0,4,Dark,Clear,Industry,Single Car,0,54119,0,104009,H302,41.557718000000001,-81.587249999999997
NS,153907,2023-08-12,3:20 AM,Derailment,0,DUQUESNE,PA,69.0,4,Dark,Rain,Main,Freight Train,8,346645,5255,351900,E00C,40.384117000000003,-79.854592999999994
BNSF,SW0517203,2017-05-16,3:30 PM,Hwy-rail crossing,0,DONA ANA,NM,86.0,2,Day,Rain,Main,Maint./inspect Car,44,11000,0,11000,M302,32.384230000000002,-106.82612
NS,152173,2023-01-31,7:50 PM,Derailment,0,MONTPELIER,OH,12.0,3,Dusk,Clear,Yard,,0,0,3409,26920,H702,41.577540999999997,-84.620045000000005
UP,1215HO045,2015-12-28,3:53 PM,Derailment,0,HOUSTON,TX,50.0,2,Day,Clear,Siding,Freight Train,6,3815,22581,26396,E04C,29.785350000000001,-95.321034999999995
SKOL,160429001,2016-04-29,10:25 AM,Derailment,0,OWASSO,OK,72.0,2,Day,Clear,Yard,Freight Train,10,15927,6800,22727,M503,36.256860000000003,-95.855196000000007
PNR,PNR161373,2016-01-16,1:30 AM,Other impacts,0,BORGER,TX,40.0,4,Dark,Sleet,Industry,Freight Train,5,61796,0,61796,M501,35.665674000000003,-101.434269
CSX,000170238,2017-07-15,10:30 AM,Derailment,0,NASHVILLE,TN,85.0,2,Day,Clear,Main,Freight Train,8,11350,200,11550,H503,36.170949999999998,-86.777578000000005
BNSF,PR0918108,2018-09-14,12:30 AM,Derailment,0,BEATRICE,NE,80.0,4,Dark,Clear,Industry,Freight Train,3,13049,500,13549,H307,40.269437000000003,-96.752933999999996
IORY,IOR554618D,2018-01-21,1:30 PM,Derailment,0,TREMONT CITY,OH,47.0,2,Day,Clear,Siding,Freight Train,7,8372,6842,15214,M199,40.000703000000001,-83.833803000000003
NS,144725,2022-03-17,6:50 PM,Derailment,0,CHATTANOOGA,TN,72.0,3,Dusk,Clear,Yard,Light loco(s),3,12000,500,12500,H303,35.072248999999999,-85.255533999999997
UP,1214HO008,2014-12-03,7:15 PM,Derailment,0,HOUSTON,TX,54.0,3,Dusk,Cloudy,Main,,0,0,59981,67981,E40C,29.761869999999998,-95.346850000000003
CSX,000196720,2021-04-01,10:30 AM,Derailment,0,FAIRHOPE,PA,20.0,2,Day,Snow,Main,Freight Train,12,93193,576,93769,H508,39.832374000000002,-78.771507999999997
CSX,000150787,2015-08-17,3:30 PM,Derailment,0,CHICAGO,IL,81.0,2,Day,Cloudy,Yard,Yard/switching,10,23192,1000,24192,H306,41.793942999999999,-87.679689999999994
UP,0423GP011,2023-04-10,2:37 PM,Other impacts,0,NORTH PLATTE,NE,72.0,2,Day,Clear,Yard,Cut of cars,15,0,0,323657,M407,41.146889000000002,-100.83775199999999
BNSF,HL0318111,2018-03-14,2:49 AM,Derailment,0,MEMPHIS,TN,36.0,4,Dark,Clear,Yard,Yard/switching,6,8000,70636,78636,H999,35.02655,-89.890709000000001
BNSF,KS0515117,2015-05-28,8:00 AM,Derailment,0,AMARILLO,TX,75.0,1,Dawn,Clear,Yard,Yard/switching,7,18826,1000,19826,H505,35.212707000000002,-101.830417
ATK,165861,2020-11-17,4:20 PM,Other (describe in narrative),0,NEW YORK,NY,40.0,3,Dusk,Cloudy,Yard,Yard/switching,5,26157,8482,34639,E78L,40.749336999999997,-73.930809999999994
BNSF,RD0422111,2022-04-15,2:49 PM,Derailment,0,HENRYETTA,OK,76.0,2,Day,Clear,Siding,Freight Train,8,17000,3500,20500,H503,35.440638999999997,-95.981814999999997
UP,0218HO023,2018-02-14,1:20 AM,Other impacts,0,HOUSTON,TX,65.0,4,Dark,Fog,Yard,Yard/switching,4,35211,165,68513,S007,29.795673000000001,-95.295283999999995
CRSH,145100,2022-04-28,6:30 AM,Derailment,0,CAMDEN,NJ,38.0,1,Dawn,Clear,Yard,Yard/switching,3,66723,9991,76714,H505,39.947147999999999,-75.098446999999993
UP,0919PN011,2019-09-05,7:57 AM,Fire/violent rupture,0,PORTLAND,OR,62.0,2,Day,Clear,Yard,Light loco(s),0,10818,150,10968,E74L,45.605417000000003,-122.75036
UP,0516ES008,2016-05-29,10:50 AM,Obstruction,0,WOODLAWN,TX,68.0,2,Day,Clear,Main,Spec. MoW Equip.,15,0,99,10599,H212,32.644123999999998,-94.354924999999994
CSX,000171536,2017-09-09,3:20 AM,Derailment,0,KEARNY,NJ,50.0,4,Dark,Clear,Yard,Yard/switching,4,23061,4152,27213,H702,40.743020000000001,-74.100027999999995
PTRA,2017000010,2017-04-17,6:15 PM,Raking collision,0,PASADENA,TX,80.0,3,Dusk,Cloudy,Siding,Freight Train,10,30000,0,30000,H302,29.720689,-95.126430999999997
IC,1015546,2019-10-11,5:30 PM,Side collision,0,BATON ROUGE,LA,70.0,2,Day,Rain,Yard,Yard/switching,3,10600,0,106680,H306,30.477346000000001,-91.187652
UP,0315HO020,2015-03-07,11:13 PM,Derailment,0,GALVESTON,TX,42.0,4,Dark,Cloudy,Industry,Freight Train,8,29701,111063,141576,H509,29.303529000000001,-94.898545999999996
UP,0918LV002,2018-09-04,10:28 PM,Other impacts,0,BEAUMONT,TX,84.0,4,Dark,Cloudy,Yard,Yard/switching,2,116,99,11761,M411,30.072281,-94.150844000000006
UP,0916HO042,2016-09-28,4:48 PM,Other impacts,0,ANGLETON,TX,84.0,2,Day,Clear,Yard,Light loco(s),5,15730,0,20958,H307,29.154457000000001,-95.437835000000007
RAJX,8272015,2015-08-27,2:30 PM,Derailment,0,ELMENDORF,TX,93.0,2,Day,Clear,Yard,Yard/switching,2,3890,9472,13362,H307,29.258877999999999,-98.205017999999995
KCS,17121601,2017-12-16,4:00 AM,Derailment,0,SHREVEPORT,LA,37.0,4,Dark,Clear,Yard,Light loco(s),3,0,17329,17329,H702,32.541859000000002,-93.844082999999998
UP,1114TC011,2014-11-27,2:30 AM,Side collision,0,SKYLINE,MN,0.0,4,Dark,Cloudy,Main,Freight Train,25,160205,210567,409305,H603,44.155720000000002,-94.039817999999997
NS,144392,2022-02-14,2:45 PM,Other impacts,0,PAINESVILLE,OH,72.0,2,Day,Cloudy,Industry,Cut of cars,3,0,300,30828,H018,41.753123000000002,-81.224171999999996
FWWR,117120601,2017-12-06,1:30 AM,Derailment,0,FORT WORTH,TX,45.0,4,Dark,Clear,Yard,Freight Train,5,1000,21750,22750,E4BC,32.760711999999998,-97.320220000000006
CSX,000205732,2022-06-22,1:00 PM,Derailment,0,CHATTANOOGA,TN,93.0,2,Day,Clear,Yard,Yard/switching,4,23766,0,23766,H306,35.012656999999997,-85.371486000000004
BRS,171003004,2017-10-03,9:15 PM,Derailment,0,BATON ROUGE,LA,75.0,3,Dusk,Clear,Yard,Yard/switching,5,64000,8500,72500,E46C,30.458300000000001,-91.140299999999996
NS,123871,2017-02-06,7:58 PM,Derailment,0,CONWAY,PA,40.0,3,Dusk,Clear,Yard,Light loco(s),5,11729,5405,17134,H702,40.672356000000001,-80.251823000000002
BNSF,TC1222114,2022-12-20,8:45 AM,Other impacts,0,MARION,SD,5.0,1,Dawn,Clear,Industry,Freight Train,5,24900,0,24900,H307,43.443660999999999,-97.295940999999999
UP,1015HO012,2015-10-14,10:55 AM,Other impacts,0,HOUSTON,TX,90.0,2,Day,Cloudy,Yard,Yard/switching,4,12978,2497,30436,M404,29.807804999999998,-95.292334999999994
CSX,000153187,2015-10-13,7:16 AM,Raking collision,0,NORTH BALTIMORE,OH,46.0,1,Dawn,Cloudy,Yard,Yard/switching,3,14154,0,14154,H399,41.182022000000003,-83.684398999999999
UP,1216HO001,2016-12-02,9:15 PM,Other impacts,0,HOUSTON,TX,55.0,4,Dark,Rain,Yard,Cut of cars,0,0,0,20347,M407,29.795898999999999,-95.291101999999995
DGNO,DGN282717D,2017-04-29,1:55 PM,Derailment,0,CARROLLTON,TX,78.0,2,Day,Clear,Industry,Freight Train,2,50000,500,50500,M503,32.960701999999998,-96.875114999999994
CSX,000159582,2016-05-06,7:48 AM,Hwy-rail crossing,0,EDISON,OH,55.0,2,Day,Clear,Main,Freight Train,59,28713,0,28713,M304,40.589077000000003,-82.849187999999998
BNSF,RD0718139,2018-07-30,4:02 AM,Derailment,0,SAGINAW,TX,82.0,1,Dawn,Clear,Yard,Yard/switching,4,10500,2300,12800,H702,32.833731,-97.358602000000005
ATK,146573,2017-03-02,7:05 AM,Other (describe in narrative),0,DAVISVILLE,RI,50.0,4,Dark,Clear,Main,Passenger Train - Pulling,0,34759,0,34759,E78L,41.635648000000003,-71.463605000000001
CSX,000161032,2016-07-04,3:00 PM,Derailment,0,MONCKS CORNER,SC,93.0,2,Day,Clear,Yard,Freight Train,6,22311,1756,24067,T217,33.056480000000001,-79.982643999999993
CSX,000171416,2017-09-03,6:02 AM,Derailment,0,SELKIRK,NY,51.0,1,Dawn,Rain,Yard,Freight Train,4,27225,1152,28377,H702,42.565902999999999,-73.854184000000004
NS,137692,2020-04-08,11:39 AM,Other impacts,0,WEST FAIRVIEW,PA,70.0,2,Day,Clear,Yard,Single Car,2,28000,0,28000,M101,40.279806999999998,-76.922450999999995
IC,1130337,2023-04-04,1:50 PM,Hwy-rail crossing,0,HAMMOND,LA,85.0,2,Day,Cloudy,Main,Freight Train,38,0,31327,31327,M308,30.49371,-90.457890000000006
IC,1108635,2022-07-16,8:30 PM,Derailment,0,JACKSON,MS,90.0,4,Dark,Clear,Yard,Freight Train,7,0,37113,37113,H511,32.315136000000003,-90.190201000000002
UP,0819PN017,2019-08-16,2:00 AM,Derailment,0,EUGENE,OR,66.0,4,Dark,Clear,Yard,Freight Train,5,8775,7490,16265,H503,44.075400999999999,-123.137798
CSX,000218753,2024-06-19,12:00 PM,Hwy-rail crossing,0,MOUNT VICTORY,OH,84.0,2,Day,Clear,Main,Freight Train,32,15576,11276,26852,M304,40.533884999999998,-83.561222000000001
UP,0223GP033,2023-02-21,12:45 AM,Derailment,0,GOTHENBURG,NE,30.0,4,Dark,Clear,Main,Freight Train,39,1190111,702065,1892176,T215,40.923748000000003,-100.157483
BNSF,KS1214108,2014-12-16,4:20 AM,Derailment,0,AMARILLO,TX,24.0,1,Dawn,Clear,Industry,,0,0,97011,112150,H702,35.135793,-101.85292099999999
NS,128222,2018-01-20,4:30 AM,Derailment,0,BELLEVUE,OH,32.0,1,Dawn,Clear,Yard,Yard/switching,6,10344,2215,12559,E89C,41.296571,-82.766994999999994
UP,0421PN029,2021-04-21,10:47 PM,Other impacts,0,HERMISTON,OR,61.0,4,Dark,Clear,Yard,Yard/switching,4,29500,0,46563,H318,45.796329,-119.268716
UP,0317HO070,2017-03-31,10:15 AM,Derailment,0,SPRING,TX,85.0,2,Day,Clear,Yard,Freight Train,7,24688,16852,41540,M101,30.061664,-95.412612999999993
NS,152826,2023-04-14,4:30 PM,Other impacts,0,ENOLA,PA,75.0,3,Dusk,Clear,Yard,Single Car,0,150,0,16522,H312,40.306424,-76.920705999999996
BNSF,HL0317119,2017-03-28,7:30 PM,Derailment,0,MEMPHIS,TN,70.0,3,Dusk,Clear,Yard,Yard/switching,5,13500,500,14000,H307,35.023806,-89.890501999999998
CSX,000217353,2024-04-11,9:00 PM,Other impacts,0,FLORENCE,SC,60.0,4,Dark,Clear,Yard,Yard/switching,10,1431,0,13940,M201,34.198270000000001,-79.762484999999998
UP,1116HO011,2016-11-04,5:15 PM,Derailment,0,BAYTOWN,TX,76.0,2,Day,Clear,Yard,Yard/switching,5,278,56329,56607,H704,29.752607000000001,-95.016931999999997
UP,0515LV012,2015-05-21,4:30 PM,Hwy-rail crossing,0,CORRIGAN,TX,70.0,2,Day,Cloudy,Main,Freight Train,44,121,81950,82071,M303,30.996953000000001,-94.827774000000005
IC,919733,2017-04-18,11:44 AM,Derailment,0,MEMPHIS,TN,80.0,2,Day,Cloudy,Yard,,0,0,11143,11620,H524,35.072927999999997,-90.051755999999997
UP,0915KC015,2015-09-24,2:52 AM,Fire/violent rupture,0,TEXHOMA,OK,65.0,4,Dark,Clear,Main,Freight Train,50,57349,33,57382,E79L,36.756683000000002,-101.362649
IC,985620,2019-01-26,2:20 PM,Hwy-rail crossing,0,KENNER,LA,60.0,2,Day,Cloudy,Main,,0,0,356,11820,M302,29.9741,-90.215903999999995
CSX,000152135,2015-05-19,3:40 PM,Head on collision,0,BENTON,TN,84.0,2,Day,Cloudy,Main,Maint./inspect Car,5,25500,5000,30500,H993,35.227469999999997,-84.627037999999999
BNSF,HL1120104,2020-11-08,11:15 AM,Derailment,0,ST LOUIS,MO,73.0,2,Day,Clear,Yard,Freight Train,4,57302,168277,225579,H607,38.613222999999998,-90.302954999999997
NS,155328,2024-01-12,11:30 PM,Other (describe in narrative),0,CHATTANOOGA,TN,36.0,4,Dark,Cloudy,Yard,Freight Train,5,1500,13500,15000,H702,35.049321999999997,-85.278485000000003
BNSF,CH0818202,2018-08-14,1:35 PM,Hwy-rail crossing,0,SMITHBORO,IL,85.0,2,Day,Cloudy,Main,Maint./inspect Car,25,60000,0,60000,M302,38.807451,-89.305392999999995
CSX,000193817,2020-11-13,9:30 PM,Side collision,0,SELKIRK,NY,45.0,4,Dark,Clear,Yard,Single Car,10,65960,0,206614,S014,42.565902999999999,-73.854184000000004
NS,143916,2022-01-03,9:40 PM,Derailment,0,BALTIMORE,MD,18.0,4,Dark,Clear,Yard,Freight Train,8,7831,11944,19775,M101,39.292316,-76.557143999999994
NS,153249,2023-06-01,2:40 PM,Derailment,0,ORRVILLE,OH,82.0,2,Day,Clear,Yard,Freight Train,4,44065,380,44445,H303,40.839882000000003,-81.766519000000002
ATK,165591,2020-10-13,8:30 PM,Derailment,0,CHICAGO,IL,56.0,4,Dark,Clear,Yard,Light loco(s),2,14384,0,14384,H702,41.863695,-87.636188000000004
UP,0615HO015,2015-06-07,10:21 AM,Other (describe in narrative),0,HOUSTON,TX,80.0,2,Day,Clear,Yard,Single Car,0,19803,0,19803,M507,29.803412000000002,-95.300268000000003
UP,0921GC023,2021-09-16,3:45 PM,Other impacts,0,MARINGOUIN,LA,87.0,2,Day,Clear,Yard,Freight Train,0,0,0,15351,H523,30.524317,-91.551376000000005
CRSH,129230,2018-04-20,10:35 AM,Raking collision,0,CAMDEN,NJ,48.0,2,Day,Clear,Yard,Yard/switching,0,6000,550,16275,H305,39.945514000000003,-75.102442999999994
MBTA,YR202235,2022-03-03,1:38 PM,Obstruction,0,LINCOLN,MA,35.0,2,Day,Clear,Main,Passenger Train - Pushing,55,20865,0,20865,M404,42.399968999999999,-71.318331999999998
UP,0416TC008,2016-04-28,2:30 AM,Derailment,0,HERON LAKE,MN,38.0,4,Dark,Rain,Industry,Freight Train,1,3587,30896,34483,H307,43.767631999999999,-95.364379999999997
BLR,11092015,2015-11-09,9:30 PM,Derailment,0,SULPHUR SPRINGS,TX,56.0,4,Dark,Clear,Siding,Yard/switching,0,111788,500000,611788,E08C,33.145904000000002,-95.514688000000007
CSX,000174206,2017-03-05,3:10 AM,Fire/violent rupture,0,STANTON,TN,40.0,4,Dark,Clear,Main,Freight Train,45,21655,32,21687,E74L,35.462591000000003,-89.399326000000002
IC,1131116,2022-07-05,11:00 AM,Fire/violent rupture,0,MEMPHIS,TN,99.0,2,Day,Clear,Yard,Single Car,0,14857,0,14857,M406,35.068502000000002,-90.124283000000005
BNSF,RD0918205,2018-09-25,6:10 PM,Hwy-rail crossing,0,KRUM,TX,85.0,3,Dusk,Cloudy,Main,Freight Train,53,32000,18011,50011,M302,33.285834999999999,-97.220873999999995
NS,142164,2021-07-12,9:49 AM,Other impacts,0,ALLENTOWN,PA,90.0,2,Day,Clear,Yard,Cut of cars,7,0,0,41176,H601,40.611933999999998,-75.426704000000001
CSX,000202254,2022-01-05,11:15 PM,Derailment,0,ROCKY MOUNT,NC,48.0,4,Dark,Cloudy,Yard,Yard/switching,8,50873,3030,53903,E24C,35.917687000000001,-77.805566999999996
UP,0815FW019,2015-08-15,6:45 PM,Derailment,0,CALVERT,TX,95.0,2,Day,Clear,Main,Freight Train,49,286654,197244,483898,E21C,31.074687999999998,-96.701860999999994
BNSF,KS0715105,2015-07-13,10:00 AM,Rear end collision,0,AMARILLO,TX,65.0,2,Day,Clear,Yard,Yard/switching,2,13100,0,14753,H306,35.186990999999999,-101.833438
TCT,580254,2015-07-12,12:55 PM,Raking collision,0,TEXAS CITY,TX,90.0,2,Day,Clear,Industry,Yard/switching,3,25000,0,25000,H309,29.222968000000002,-94.540015999999994
UP,0415HO052,2015-04-29,5:45 PM,Derailment,0,HOUSTON,TX,75.0,2,Day,Clear,Yard,Yard/switching,9,19335,18189,37524,S007,29.803059999999999,-95.288628000000003
BNSF,CH0522201,2022-05-11,8:16 AM,Hwy-rail crossing,0,CLARENDON HILLS,IL,82.0,1,Dawn,Clear,Main,,0,0,100000,250000,M302,41.797006000000003,-87.954673999999997
NS,153859,2023-08-09,6:00 AM,Derailment,0,EDGEWORTH,PA,65.0,1,Dawn,Clear,Industry,Freight Train,4,43000,0,43000,H306,40.553167999999999,-80.202252999999999
UP,1217SA016,2017-12-18,7:46 PM,Hwy-rail crossing,0,SAN MARCOS,TX,56.0,4,Dark,Fog,Main,,0,0,850,20305,M302,29.859254,-97.957222999999999
RWRR,220621001,2022-06-21,2:20 AM,Derailment,0,RELIANCE,SD,62.0,4,Dark,Clear,Main,Freight Train,10,298268,96005,394273,T221,43.877797999999999,-99.620773999999997
ATK,174126,2023-03-15,4:35 AM,Obstruction,0,MIDDLETOWN,PA,34.0,4,Dark,Clear,Main,Spec. MoW Equip.,0,16206,0,16206,H607,40.139198999999998,-76.595068999999995
CSX,000169689,2017-06-18,12:10 PM,Other impacts,0,EVANSVILLE,IN,78.0,2,Day,Cloudy,Yard,Yard/switching,4,27570,200,28270,H318,37.962372000000002,-87.609363000000002
UP,0223GP005,2023-02-03,4:10 PM,Other impacts,0,NORTH PLATTE,NE,38.0,2,Day,Clear,Yard,Cut of cars,0,1172,0,39891,M411,41.152799999999999,-100.822907
BNSF,RD0517105,2017-05-06,5:45 AM,Derailment,0,TEMPLE,TX,70.0,4,Dark,Clear,Yard,Yard/switching,0,2645,0,24536,H018,31.104673999999999,-97.348995000000002
CSX,000213965,2023-10-10,5:30 AM,Derailment,0,NORTH VERSAILLES,PA,50.0,1,Dawn,Clear,Yard,Yard/switching,7,207514,4649,212163,H702,40.386139,-79.846695999999994
UP,0417SA013,2017-04-11,3:45 PM,Hwy-rail crossing,0,SAN ANTONIO,TX,74.0,2,Day,Rain,Main,Freight Train,38,3128,15500,18628,M304,29.477443999999998,-98.405223000000007
NS,139316,2020-09-30,3:30 PM,Other (describe in narrative),0,WEST BUECHEL,KY,72.0,2,Day,Clear,Siding,Freight Train,4,14610,24981,39591,H702,38.189912999999997,-85.672340000000005
UP,0215SA025,2015-02-24,5:49 AM,Other (describe in narrative),0,WAELDER,TX,33.0,4,Dark,Cloudy,Main,Freight Train,38,9554,14058,23612,E34C,29.679238999999999,-97.221273999999994
NS,139089,2020-09-07,12:45 PM,Derailment,0,BELLEVUE,OH,70.0,2,Day,Rain,Yard,Freight Train,6,85300,27520,112820,S006,41.292310000000001,-82.784211999999997
UP,0423GP011,2023-04-10,2:37 PM,Other impacts,0,NORTH PLATTE,NE,72.0,2,Day,Clear,Yard,Yard/switching,0,321137,2520,323657,M407,41.146889000000002,-100.83775199999999
CSX,000194231,2020-12-03,2:32 AM,Derailment,0,WINCHESTER,TN,45.0,4,Dark,Clear,Main,Freight Train,17,58322,25298,83620,M101,35.152383999999998,-85.975328000000005
CSX,000145006,2015-04-19,12:35 AM,Side collision,0,NASHVILLE,TN,72.0,4,Dark,Clear,Yard,Freight Train,8,32039,0,39139,H607,36.169386000000003,-86.785302000000001
NJTR,202405251,2024-05-13,6:31 AM,Obstruction,0,LONG BRANCH,NJ,40.0,1,Dawn,Clear,Yard,Passenger Train - Pulling,15,30893,9498,40391,H104,40.29562,-73.988370000000003
CSX,000203650,2022-03-17,8:25 AM,Derailment,0,ETOWAH,TN,54.0,2,Day,Clear,Yard,Light loco(s),3,34598,195,34793,H702,35.314203999999997,-84.528353999999993
NS,152654,2023-03-28,12:00 AM,Side collision,0,MACON,GA,60.0,4,Dark,Fog,Yard,Yard/switching,2,152007,9589,271596,H702,32.81373,-83.622793999999999
UP,0715SA008,2015-07-13,1:20 PM,Obstruction,0,ATASCOSA,TX,97.0,2,Day,Clear,Main,Spec. MoW Equip.,5,0,0,13853,E99C,29.255946000000002,-98.752753999999996
UP,0717NP017,2017-07-17,6:30 PM,Fire/violent rupture,0,HARRISON,NE,90.0,2,Day,Clear,Main,Freight Train,30,41099,0,41099,E74L,42.031312999999997,-104.04317
NS,128316,2018-01-28,8:48 AM,Obstruction,0,WEST FAIRVIEW,PA,48.0,2,Day,Cloudy,Yard,Yard/switching,7,11370,0,11370,S016,40.279806999999998,-76.922450999999995
CSX,000150129,2015-08-03,2:14 AM,Derailment,0,CONNELLSVILLE,PA,69.0,4,Dark,Clear,Yard,Cut of cars,4,9527,0,16510,H020,40.017944,-79.592194000000006
XTGS,F0102015,2015-09-02,9:15 AM,Derailment,0,ANAHUAC,TX,80.0,2,Day,Cloudy,Industry,Yard/switching,9,145000,76843,221843,E46C,29.713944999999999,-94.896251000000007
TIBR,IN20160111,2016-01-11,9:00 PM,Side collision,0,SILSBEE,TX,30.0,4,Dark,Clear,Yard,Cut of cars,5,11588,0,28004,H020,30.210571999999999,-94.110229000000004
CSX,000219377,2024-07-16,10:26 PM,Other impacts,0,NORTH CHARLESTON,SC,79.0,4,Dark,Rain,Yard,Cut of cars,0,226451,0,239634,M204,32.856924999999997,-80.022907000000004
TRE,TRE15001,2015-03-02,10:15 PM,Hwy-rail crossing,0,IRVING,TX,40.0,4,Dark,Fog,Main,Commuter Train - Pushing,43,20000,0,20000,M302,32.815204999999999,-96.968148999999997
BNSF,CH1016203,2016-10-25,1:00 PM,Hwy-rail crossing,0,PLYMOUTH,IL,65.0,2,Day,Clear,Main,Maint./inspect Car,5,80000,0,80000,M302,40.309218000000001,-90.907459000000003
NS,143813,2021-12-21,11:00 AM,Derailment,0,PORTSMOUTH,OH,42.0,2,Day,Cloudy,Yard,Yard/switching,6,12507,13962,26469,H504,38.737209,-82.973106999999999
SEPA,18099,2015-04-20,8:04 AM,Other impacts,0,GWYNEDD,PA,58.0,2,Day,Rain,Main,EMU,70,22500,3635,26135,M101,40.184722000000001,-75.256944000000004
UP,0818TC007,2018-08-08,1:45 AM,Derailment,0,SOUTH ST PAUL,MN,64.0,4,Dark,Clear,Main,Yard/switching,5,3564,30348,33912,H993,44.919519999999999,-93.049042999999998
SNJX,20211023,2021-10-23,2:52 PM,Hwy-rail crossing,0,TRENTON,NJ,62.0,2,Day,Cloudy,Main,DMU,40,16000,0,16000,M308,40.209542999999996,-74.755205000000004
UP,0617PD008,2017-06-07,8:36 PM,Derailment,0,STANFIELD,OR,74.0,2,Day,Clear,Yard,Light loco(s),7,36659,5290,41949,H702,45.792910999999997,-119.253241
NS,154094,2023-09-01,12:30 PM,Other impacts,0,WEST FAIRVIEW,PA,80.0,2,Day,Clear,Yard,Yard/switching,5,8000,4675,36825,E21C,40.279833000000004,-76.922471999999999
ATK,137116,2015-04-18,11:05 PM,Obstruction,0,KINGSTON,RI,45.0,4,Dark,Clear,Main,Passenger Train - Pulling,92,477617,0,477617,M402,41.485064000000001,-71.559234000000004
NS,156455,2024-04-23,1:15 PM,Hwy-rail crossing,0,WAVERLY,NY,65.0,2,Day,Cloudy,Main,Light loco(s),46,4830,3387,8217,M304,42.003698,-76.516216
HESR,HES866124G,2024-07-15,12:15 PM,Hwy-rail crossing,0,BRIDGEPORT,MI,85.0,2,Day,Clear,Main,Freight Train,20,140,104083,104223,M304,43.32208,-83.919889999999995
BNSF,TC0123109,2023-01-17,5:30 PM,Derailment,0,DILWORTH,MN,15.0,3,Dusk,Clear,Yard,Light loco(s),5,1000,18000,19000,H307,46.873964000000001,-96.687819000000005
CSX,000140155,2015-01-16,2:43 AM,Other impacts,0,NASHVILLE,TN,30.0,4,Dark,Clear,Yard,Cut of cars,12,15000,100,15100,M407,36.169386000000003,-86.785302000000001
CSX,000173022,2017-11-22,3:23 PM,Other impacts,0,COVINGTON,KY,37.0,2,Day,Cloudy,Siding,Yard/switching,3,0,0,21433,H018,39.041378999999999,-84.515420000000006
CSX,000162452,2016-08-26,8:23 AM,Derailment,0,WARREN,OH,90.0,2,Day,Clear,Yard,Freight Train,2,29533,2504,42037,E24C,41.176048000000002,-80.843547000000001
UP,1222GP039,2022-12-23,12:00 PM,Other (describe in narrative),0,NORTH PLATTE,NE,5.0,2,Day,Clear,Yard,Single Car,0,13657,0,13657,M507,41.151429,-100.871932
CSX,000158299,2016-03-03,11:10 PM,Derailment,0,LAUREL HILL,NC,55.0,4,Dark,Clear,Main,Freight Train,29,48870,1356,50226,E39C,34.806638,-79.541759999999996
CSX,000207393,2022-09-21,11:08 AM,Side collision,0,CARLISLE,SC,92.0,2,Day,Clear,Industry,Freight Train,6,12301,0,12351,H018,34.634891000000003,-81.389337999999995
CSX,000215782,2024-01-26,12:40 AM,Derailment,0,DETROIT,MI,38.0,4,Dark,Rain,Yard,,0,0,382,25223,H704,42.318204000000001,-83.069185000000004
TRE,18007,2018-08-25,12:09 PM,Hwy-rail crossing,0,FORT WORTH,TX,97.0,2,Day,Clear,Main,Commuter Train - Pulling,75,210000,960,210960,M308,32.810828000000001,-97.090453999999994
CSX,000207729,2022-10-10,4:05 PM,Rear end collision,0,BATAVIA,NY,55.0,3,Dusk,Clear,Main,Spec. MoW Equip.,0,18300,0,33900,H997,42.984493000000001,-78.24915
RBMN,R09172301,2023-09-17,12:50 PM,Derailment,0,GIRARDVILLE,PA,65.0,2,Day,Cloudy,Main,Cut of cars,0,6469,26967,33436,H022,40.800322000000001,-76.266322000000002