reportingrailroadcode,accidentnumber,date,time,accidenttype,hazmatreleasedcars,station,stateabbr,temperature,visibility_code,visibility,weathercondition,tracktype,equipmenttype,trainspeed,equipmentdamagecost,trackdamagecost,totaldamagecost,primaryaccidentcausecode,latitude,longitude
UP,0615FW034,2015-06-25,9:25 AM,Hwy-rail crossing,0,ODESSA,TX,85.0,2,Day,Clear,Main,Freight Train,53,29526,0,29526,M303,31.656905999999999,-102.737516
UP,0415KC003,2015-04-11,6:32 AM,Fire/violent rupture,0,GUYMON,OK,46.0,1,Dawn,Cloudy,Main,Freight Train,50,98005,33,98038,E74L,36.536074999999997,-101.72669
NS,145093,2022-04-27,2:08 AM,Derailment,0,COLUMBIANA,OH,39.0,4,Dark,Cloudy,Industry,Freight Train,3,3800,12581,16381,H306,40.883718999999999,-80.698913000000005
CSX,000202273,2022-01-06,1:00 PM,Derailment,0,NORTH CHARLESTON,SC,60.0,2,Day,Clear,Yard,Cut of cars,0,36121,0,144354,M204,32.856924999999997,-80.022907000000004
CSX,000185047,2019-08-30,9:53 AM,Other impacts,0,NASHVILLE,TN,81.0,2,Day,Clear,Yard,Single Car,8,500,0,21612,M408,36.112141999999999,-86.770736999999997
ATK,165852,2020-10-29,12:00 PM,Derailment,0,ABERDEEN,MD,55.0,2,Day,Rain,Main,,0,0,23500,23500,E07C,39.489404,-76.176794000000001
CRSH,138342,2020-06-25,3:00 PM,Derailment,0,PHILADELPHIA,PA,80.0,2,Day,Cloudy,Main,Freight Train,8,59122,105602,164724,H519,40.003576000000002,-75.114788000000004
ATK,174246,2023-03-31,9:39 AM,Hwy-rail crossing,0,BATTLE CREEK,MI,41.0,2,Day,Rain,Main,Passenger Train - Pulling,63,14243,0,14243,M308,42.372619999999998,-85.102670000000003
KCS,15061904,2015-06-19,5:00 PM,Obstruction,0,WYLIE,TX,95.0,2,Day,Cloudy,Yard,Spec. MoW Equip.,0,15000,0,15000,H999,33.031588999999997,-96.500792000000004
IC,885966,2016-03-13,5:38 AM,Obstruction,0,DYERSBURG,TN,60.0,4,Dark,Cloudy,Main,,0,0,0,20389,M404,35.97495,-89.386482000000001
CSX,000181156,2019-02-03,12:45 PM,Hwy-rail crossing,0,FRANKLIN,TN,60.0,2,Day,Clear,Main,Freight Train,43,95335,19960,115295,M302,35.905377999999999,-86.744236000000001
UP,0921GP001,2021-09-02,2:25 PM,Other impacts,0,NORTH PLATTE,NE,75.0,2,Day,Clear,Yard,Single Car,0,28460,0,28659,M411,41.148749000000002,-100.848502
NS,155981,2024-03-08,2:30 AM,Other impacts,0,BELLEVUE,OH,48.0,4,Dark,Cloudy,Yard,Single Car,8,1000,0,16020,M411,41.288260000000001,-82.800414000000004
UP,1022GP021,2022-10-21,5:06 PM,Derailment,0,NORTH PLATTE,NE,78.0,2,Day,Clear,Yard,Cut of cars,4,85163,0,96775,S016,41.150278999999998,-100.811993
NS,136167,2019-11-12,1:05 PM,Derailment,0,HARRIMAN,TN,28.0,2,Day,Clear,Industry,Freight Train,1,100,0,100,M101,35.901465000000002,-84.520437999999999
UP,0218HO037,2018-02-21,3:58 PM,Other impacts,0,HOUSTON,TX,75.0,2,Day,Cloudy,Yard,Yard/switching,4,9224,66,28682,S006,29.793202999999998,-95.297478999999996
UP,1217SA001,2017-12-01,7:15 PM,Derailment,0,SAN ANTONIO,TX,70.0,3,Dusk,Clear,Yard,Yard/switching,6,167748,297370,465118,H522,29.436458999999999,-98.471738000000002
ATK,144149,2016-09-08,2:18 PM,Hwy-rail crossing,0,DALLAS,TX,95.0,2,Day,Clear,Main,Passenger Train - Pulling,57,19068,0,25368,M302,32.805619,-96.829774
UP,0615FW019,2015-06-13,3:30 AM,Derailment,0,ODESSA,TX,70.0,4,Dark,Clear,Main,Freight Train,45,290121,407071,697192,E51C,31.907990000000002,-102.24386199999999
BNSF,TC0515104,2015-05-09,11:46 PM,Derailment,0,JAMESTOWN,ND,40.0,4,Dark,Rain,Industry,Freight Train,10,15000,5000,20000,T221,46.9056,-98.703100000000006
BNSF,RD1019103,2019-10-03,12:21 PM,Head on collision,0,ROFF,OK,85.0,2,Day,Clear,Industry,Light loco(s),0,21412,0,21612,H307,34.636895000000003,-96.832431
MRL,2018144,2018-11-04,6:55 AM,Other impacts,0,LAUREL,MT,37.0,4,Dark,Clear,Yard,Cut of cars,1,80000,35000,155000,H020,45.681325999999999,-108.719739
BNSF,SW0517111,2017-05-26,5:34 PM,Derailment,0,BELEN,NM,80.0,3,Dusk,Clear,Yard,Yard/switching,3,6000,6800,12800,H312,34.652675000000002,-106.768399
NJTR,201903154,2019-03-16,10:40 AM,Derailment,0,PATERSON,NJ,39.0,2,Day,Cloudy,Main,,0,0,20732,21698,H306,40.910268000000002,-74.167402999999993
NS,146554,2022-09-21,10:30 PM,Other impacts,0,MACON,GA,70.0,4,Dark,Clear,Yard,Single Car,3,300,10968,11468,H312,32.813729000000002,-83.622793000000001
BNSF,HL0618114,2018-06-26,11:45 PM,Derailment,0,MEMPHIS,TN,82.0,4,Dark,Clear,Yard,Light loco(s),0,9500,0,207895,H607,35.029178000000002,-89.898816999999994
NS,132234,2018-12-30,6:30 PM,Derailment,0,TOLEDO,OH,32.0,3,Dusk,Clear,Yard,Yard/switching,5,21010,3547,24557,H020,41.638049000000002,-83.554030999999995
UP,0817HO016,2017-08-08,6:45 PM,Derailment,0,HOUSTON,TX,75.0,2,Day,Clear,Yard,Yard/switching,7,73609,7600,81209,M411,29.796068000000002,-95.295486999999994
BNSF,HL0623112,2023-06-12,12:05 PM,Derailment,0,OMAHA,NE,82.0,2,Day,Clear,Yard,Freight Train,5,23556,42000,65556,E69C,41.227004999999998,-95.917561000000006
KCS,14120901,2014-12-09,5:06 AM,Derailment,0,KARNACK,TX,48.0,4,Dark,Fog,Main,Freight Train,19,191654,70384,262038,H605,32.662596000000001,-94.165403999999995
UP,1214SA014,2014-12-29,11:20 PM,Hwy-rail crossing,0,COTULLA,TX,49.0,4,Dark,Cloudy,Main,Freight Train,51,21475,264,21739,M308,28.602179,-99.189637000000005
PTRA,2015000024,2015-07-19,8:00 PM,Derailment,0,GALENA PARK,TX,88.0,2,Day,Clear,Industry,Yard/switching,7,18500,30000,48500,H702,29.746217999999999,-95.267188000000004
CSX,000150147,2015-08-03,7:57 AM,Hwy-rail crossing,0,CHAPIN,SC,78.0,1,Dawn,Clear,Main,Freight Train,44,13134,0,13134,M304,34.174329999999998,-81.366913999999994
CSX,000188986,2020-03-09,3:43 AM,Other impacts,0,NORTH BALTIMORE,OH,50.0,4,Dark,Cloudy,Yard,Cut of cars,0,0,0,45499,H307,41.182015999999997,-83.684342000000001
BNSF,GC0215113,2015-02-20,11:50 AM,Derailment,0,CHRIESMAN,TX,70.0,2,Day,Clear,Main,Spec. MoW Equip.,0,24000,0,24500,H997,30.627628999999999,-96.789934000000002
PTRA,2015000015,2015-05-09,11:45 AM,Other (describe in narrative),0,HOUSTON,TX,85.0,2,Day,Cloudy,Industry,Cut of cars,3,500,16000,16500,H307,29.742387999999998,-95.115030000000004
MNJ,MNJ1601,2016-05-02,3:15 PM,Derailment,0,MONTGOMERY,NY,75.0,2,Day,Clear,Main,Freight Train,17,150000,5000,155000,H607,41.313462000000001,-74.135750000000002
ATK,137520,2015-05-21,9:35 AM,Obstruction,0,JEFFERSON,TX,75.0,2,Day,Cloudy,Main,Passenger Train - Pulling,69,22000,0,22600,M404,32.787882000000003,-94.334024999999997
CSX,000202626,2022-01-23,12:30 AM,Derailment,0,SPARTANBURG,SC,36.0,4,Dark,Clear,Yard,Freight Train,4,103887,0,103887,H514,34.949145999999999,-81.936775999999995
UP,0218LV015,2018-02-11,5:50 AM,Derailment,0,JOAQUIN,TX,41.0,4,Dark,Rain,Main,Freight Train,5,14123,15480,29603,H701,31.958653999999999,-94.166758000000002
NIRC,2020071857,2020-03-22,12:34 AM,Derailment,0,ELGIN,IL,30.0,4,Dark,Clear,Main,,0,0,218912,272734,E52C,42.021487999999998,-88.276188000000005
UP,1218TO032,2018-12-24,10:14 PM,Fire/violent rupture,0,OKTAHA,OK,46.0,4,Dark,Clear,Main,Freight Train,25,220319,0,220319,E73L,35.602784,-95.463752999999997
BNSF,RD0817121,2017-08-23,3:50 AM,Derailment,0,NAVASOTA,TX,77.0,4,Dark,Clear,Siding,Freight Train,9,11727,4500,16227,H503,30.347978999999999,-96.017261000000005
CSX,000200807,2021-09-30,11:48 AM,Other (describe in narrative),0,NASHVILLE,TN,81.0,2,Day,Cloudy,Yard,Cut of cars,14,10427,0,10427,M407,36.112141999999999,-86.770736999999997
BNSF,RD0218126,2018-02-26,11:48 AM,Other impacts,0,TEMPLE,TX,75.0,2,Day,Clear,Yard,Yard/switching,0,10667,0,47424,H020,31.106200000000001,-97.348889
NS,124554,2017-04-01,3:53 AM,Rear end collision,0,DEPAUW,IN,42.0,4,Dark,Cloudy,Main,Freight Train,0,60000,0,67973,H222,38.336354999999998,-86.243071999999998
UP,0521PN027,2021-05-29,5:05 PM,Derailment,0,PORTLAND,OR,77.0,2,Day,Clear,Yard,Freight Train,4,19337,2718,22055,H503,45.547643000000001,-122.687911
IC,1130095,2023-04-02,8:00 AM,Derailment,0,MEMPHIS,TN,70.0,2,Day,Clear,Main,,0,0,34038,36208,M201,35.166043999999999,-89.966353999999995
BNSF,SF1015112,2015-10-31,3:45 AM,Derailment,0,TULSA,OK,57.0,4,Dark,Rain,Yard,Yard/switching,10,14467,0,14467,H316,36.118558999999998,-96.012615999999994
UP,0215SA026,2015-02-25,6:00 AM,Derailment,0,SAN ANTONIO,TX,40.0,4,Dark,Cloudy,Main,Freight Train,6,43767,27800,71567,H704,29.408018999999999,-98.510774999999995
NS,135411,2019-09-07,10:30 AM,Other (describe in narrative),0,CHARLOTTE,NC,86.0,2,Day,Clear,Yard,Yard/switching,3,26220,2427,28647,H306,35.228141999999998,-80.852528000000007
URR,8104,2018-02-10,2:24 AM,Derailment,0,DUQUESNE,PA,34.0,4,Dark,Cloudy,Main,Freight Train,7,4847,7270,12117,H503,40.374715000000002,-79.860253
BNSF,PR0118115,2018-01-22,5:50 PM,Derailment,0,UPTON,WY,23.0,3,Dusk,Cloudy,Main,Freight Train,10,410951,230000,640951,E53C,44.081189999999999,-104.603768
UP,0616PR011,2016-06-21,7:45 PM,Hwy-rail crossing,0,UNION,IL,76.0,4,Dark,Clear,Main,Freight Train,48,39130,0,39130,M308,42.230575999999999,-88.530659999999997
IHB,2142,2015-09-06,4:00 AM,Other impacts,0,HAMMOND,IN,70.0,4,Dark,Clear,Yard,Yard/switching,4,26041,0,26041,H302,41.612181,-87.498636000000005
CRSH,145927,2022-07-25,12:45 PM,Other impacts,0,NEW YORK  RICHMOND,NY,92.0,2,Day,Clear,Industry,Yard/switching,6,9936,0,17373,H302,40.581007,-74.200434000000001
BNSF,RD0220105,2020-02-07,10:59 PM,Derailment,0,SAGINAW,TX,50.0,4,Dark,Clear,Industry,Yard/switching,5,38000,0,38000,H307,32.867773,-97.369135
UP,0818NP013,2018-08-06,8:35 PM,Fire/violent rupture,0,DOUGLAS,WY,65.0,4,Dark,Clear,Yard,Freight Train,0,19768,0,19768,E99L,43.226703999999998,-105.262466
UP,0422SX015,2022-04-17,2:00 PM,Derailment,0,GEORGE WEST,TX,87.0,2,Day,Cloudy,Industry,Freight Train,2,35836,66,35902,H306,28.335798,-98.111502000000002
BNSF,KS0917200,2017-09-06,2:00 PM,Hwy-rail crossing,0,MIAMI,TX,80.0,2,Day,Clear,Main,Freight Train,54,36113,0,36113,M302,35.739372000000003,-100.566321
NS,144587,2022-03-03,8:50 AM,Derailment,0,DUNKIRK,NY,24.0,2,Day,Clear,Main,Freight Train,38,24250,750,25000,E34C,42.490206000000001,-79.305932999999996
CP,1000689500,2018-01-22,3:00 AM,Other impacts,0,KANSAS CITY,MO,44.0,4,Dark,Rain,Yard,Cut of cars,0,67476,0,185251,H307,39.129761000000002,-94.540198000000004
CSX,000196037,2021-03-01,10:15 PM,Side collision,0,SELKIRK,NY,12.0,4,Dark,Cloudy,Yard,Single Car,0,5514,400,110214,H316,42.565902999999999,-73.854184000000004
NS,117429,2015-09-18,10:40 AM,Other impacts,0,GLENFIELD,PA,80.0,2,Day,Clear,Main,Spec. MoW Equip.,0,0,105844,105844,H997,40.515532,-80.121684999999999
BNSF,RD0817205,2017-08-21,10:35 AM,Hwy-rail crossing,1,SAN AUGUSTINE,TX,88.0,2,Day,Cloudy,Main,Freight Train,21,1289638,76304,1365942,M308,31.588315000000001,-94.112408000000002
SEPA,28639,2018-06-23,8:10 AM,Other (describe in narrative),0,PHILADELPHIA,PA,64.0,2,Day,Rain,Main,EMU,50,21190,10000,31190,E99L,39.947839999999999,-75.190340000000006
PATH,I08142019,2019-08-14,4:30 PM,Derailment,0,JERSEY CITY,NJ,78.0,2,Day,Cloudy,Yard,EMU,2,8616,18692,27308,H605,40.725000000000001,-74.056100000000001
BNSF,RD0517105,2017-05-06,5:45 AM,Derailment,0,TEMPLE,TX,70.0,4,Dark,Clear,Yard,Yard/switching,5,21891,0,24536,H018,31.104673999999999,-97.348995000000002
BNSF,RD0717119,2017-07-29,7:15 PM,Derailment,0,SAN ANTONIO,TX,99.0,3,Dusk,Clear,Yard,Yard/switching,7,32826,0,32826,H307,29.326277999999999,-98.621600999999998
XTGS,F0152018,2018-08-09,12:00 PM,Raking collision,0,BEAUMONT,TX,90.0,2,Day,Cloudy,Industry,Yard/switching,4,25000,0,25000,H996,30.078081000000001,-94.090090000000004
CSX,000173310,2017-12-10,2:30 PM,Derailment,0,NEWARK,NJ,35.0,2,Day,Cloudy,Yard,Freight Train,4,13589,0,17589,H704,40.708117000000001,-74.135530000000003
UP,0519TO020,2019-05-19,2:30 PM,Derailment,0,VIAN,OK,77.0,2,Day,Clear,Main,Freight Train,33,39660,64728,104388,E35C,35.471249,-94.923578000000006
WC,1059266,2021-01-20,2:12 AM,Side collision,0,GARY,IN,15.0,4,Dark,Clear,Yard,Yard/switching,10,31600,0,63200,E29C,41.621884000000001,-87.381214999999997
NS,153963,2023-08-11,3:15 AM,Other impacts,0,CONWAY,PA,78.0,4,Dark,Clear,Yard,Light loco(s),2,17269,0,17308,H302,40.672362,-80.251825999999994
UP,0220HO008,2020-02-08,12:45 AM,Derailment,0,HOUSTON,TX,54.0,4,Dark,Clear,Main,Freight Train,4,8079,7736,15815,M409,29.783484000000001,-95.325654999999998
CSX,000211941,2023-06-24,9:02 AM,Derailment,0,MARION,OH,70.0,2,Day,Clear,Main,Freight Train,8,10000,101557,111557,E29C,40.588209999999997,-83.151770999999997
UP,0915FW013,2015-09-08,11:40 PM,Derailment,0,ANGUS,TX,79.0,4,Dark,Cloudy,Main,Freight Train,31,2329,796094,798423,E69C,31.986198999999999,-96.425488000000001
UP,0518KC020,2018-05-25,5:00 PM,Obstruction,0,NEBRASKA CITY,NE,91.0,2,Day,Clear,Main,Freight Train,15,0,33,21484,H402,40.656421999999999,-95.876256999999995
BNSF,GC0315110,2015-03-31,6:05 PM,Derailment,0,TEMPLE,TX,70.0,3,Dusk,Clear,Yard,Light loco(s),10,30000,0,30000,H306,31.102633000000001,-97.349180000000004
BNSF,SF0715104,2015-07-15,10:30 PM,Derailment,0,MEMPHIS,TN,85.0,4,Dark,Clear,Yard,Yard/switching,7,22911,2000,24911,H312,35.027698000000001,-89.896264000000002
NJTR,202405229,2024-04-03,8:02 PM,Derailment,0,KEARNY,NJ,45.0,4,Dark,Rain,Yard,Yard/switching,5,33000,5000,38000,H704,40.744560999999997,-74.105782000000005
NS,146482,2022-09-14,9:14 PM,Derailment,0,CONWAY,PA,72.0,4,Dark,Clear,Yard,Yard/switching,3,65714,115838,181552,H505,40.672361000000002,-80.251825999999994
UP,0915WH006,2015-09-20,8:01 PM,Derailment,0,YUKON,OK,65.0,4,Dark,Cloudy,Main,Freight Train,48,195547,44084,239631,M503,35.481737000000003,-97.715293000000003
NS,153912,2023-08-12,10:15 PM,Derailment,0,HARRISBURG,PA,71.0,4,Dark,Rain,Yard,Light loco(s),5,48858,0,48858,H303,40.294961000000001,-76.891716000000002
AZER,AZE726021A,2021-03-18,4:30 AM,Fire/violent rupture,0,LORDSBURG,NM,60.0,1,Dawn,Clear,Main,Freight Train,0,65000,0,65000,E72L,32.378777999999997,-108.780806
PMSW,PSC0431683,2017-08-04,10:00 AM,Derailment,0,LUBBOCK,TX,90.0,2,Day,Clear,Yard,Yard/switching,2,50000,0,50000,E08C,33.565618000000001,-101.824163
BNSF,KS0919205,2019-09-30,2:55 PM,Hwy-rail crossing,0,WOODWARD,OK,80.0,2,Day,Clear,Main,Freight Train,23,195376,10000,205376,M308,36.440342999999999,-99.407425000000003
UP,0723RM021,2023-07-16,9:30 AM,Other impacts,0,POCATELLO,ID,67.0,2,Day,Clear,Yard,Cut of cars,3,14361,0,16976,H018,42.842474000000003,-112.42541900000001
KCS,18021201,2018-02-12,3:00 AM,Side collision,0,MOSSVILLE,LA,38.0,4,Dark,Clear,Yard,Cut of cars,3,15038,0,22062,H318,30.259581000000001,-93.306702000000001
HRRC,0616,2016-08-10,12:58 PM,Derailment,0,LEE,MA,84.0,2,Day,Cloudy,Main,Freight Train,24,5000,17000,22000,E4BC,42.306835999999997,-73.250736000000003
UP,0415HO053,2015-04-29,9:15 PM,Derailment,0,HOUSTON,TX,75.0,4,Dark,Cloudy,Yard,Light loco(s),0,29438,0,30901,M404,29.790758,-95.295464999999993
CSX,000189998,2020-05-02,2:38 AM,Broken train collision,0,CUMBERLAND,MD,48.0,4,Dark,Cloudy,Yard,Single Car,4,0,0,383999,E30C,39.644503999999998,-78.760839000000004
UP,0216WH009,2016-02-26,7:34 AM,Fire/violent rupture,0,EL RENO,OK,52.0,2,Day,Clear,Yard,Light loco(s),0,26246,0,26246,E74L,35.525874999999999,-97.955988000000005
BNSF,RD0522112,2022-05-13,12:51 AM,Derailment,0,TULSA,OK,80.0,4,Dark,Cloudy,Yard,Yard/switching,2,40000,1300,41300,H503,36.120849,-96.009895999999998
CSX,000205509,2022-06-12,12:30 PM,Derailment,0,WALBRIDGE,OH,81.0,2,Day,Clear,Main,Yard/switching,10,40520,8099,48619,E49C,41.589911000000001,-83.496928999999994
UP,0417SA002,2017-04-01,9:15 PM,Derailment,0,SAN ANTONIO,TX,72.0,4,Dark,Cloudy,Siding,Freight Train,6,12771,27000,39771,M204,29.327853000000001,-98.671526
CSX,000172731,2017-11-06,11:45 PM,Derailment,0,MEMPHIS,TN,65.0,4,Dark,Cloudy,Main,Freight Train,8,140191,73748,213939,H503,35.180835000000002,-89.921891000000002
PAL,2017APR1X,2017-04-12,11:02 AM,Hwy-rail crossing,0,CLARKSON,KY,70.0,2,Day,Clear,Main,Light loco(s),35,30000,59000,89000,M308,37.496153999999997,-86.223061000000001
CSX,000194409,2020-12-13,7:10 AM,Raking collision,0,LOUISVILLE,KY,48.0,1,Dawn,Cloudy,Yard,Yard/switching,4,8875,0,22456,H306,38.160708999999997,-85.749173999999996
MRL,2020013,2020-02-06,10:40 AM,Derailment,0,LIVINGSTON,MT,28.0,2,Day,Snow,Main,Freight Train,11,12340,20000,32340,E53C,45.661977,-110.789885
NS,120792,2016-06-08,6:30 PM,Other impacts,0,PACOLET,SC,90.0,3,Dusk,Clear,Industry,Freight Train,7,12000,0,12000,H307,34.903384000000003,-81.810618000000005
CSX,000177464,2018-07-06,3:40 AM,Raking collision,0,DE GRAFF,OH,71.0,4,Dark,Clear,Main,Freight Train,50,200,0,15660,E29C,40.342357,-83.875530999999995
KCS,15082901,2015-08-29,9:26 AM,Derailment,0,LASSATER,TX,85.0,2,Day,Clear,Siding,Freight Train,10,2000,10153,12153,E64C,32.829227000000003,-94.495767000000001
BNSF,RD1117115,2017-11-20,5:20 AM,Other impacts,0,HOUSTON,TX,47.0,1,Dawn,Cloudy,Yard,Yard/switching,5,11915,0,11915,H318,29.707827999999999,-95.330363000000006
BNSF,KS0215201,2015-02-10,8:35 AM,Hwy-rail crossing,0,LUBBOCK,TX,69.0,1,Dawn,Clear,Main,Freight Train,12,700,150000,150700,M302,33.559961999999999,-101.814398
BNSF,RD0917109,2017-09-02,7:30 PM,Other impacts,0,FORT WORTH,TX,87.0,3,Dusk,Clear,Yard,Yard/switching,12,23128,0,23128,H601,32.824900999999997,-97.332196999999994
UP,0915SA006,2015-09-10,9:30 PM,Derailment,0,SAN ANTONIO,TX,75.0,4,Dark,Cloudy,Yard,Yard/switching,15,30083,9715,39798,H318,29.374020000000002,-98.559161000000003
UP,0315HO057,2015-03-28,6:51 PM,Fire/violent rupture,0,JACKSONVILLE,TX,72.0,2,Day,Cloudy,Main,Freight Train,35,32830,0,32830,E73L,32.019545999999998,-95.208304999999996
ATK,157343,2019-01-25,9:30 AM,Hwy-rail crossing,0,THREE OAKS,MI,-3.0,2,Day,Clear,Main,Passenger Train - Pulling,110,39621,4279,43900,M308,41.800849999999997,-86.610427000000001
BNSF,CH0818123,2018-08-30,5:51 AM,Derailment,0,CHICAGO,IL,67.0,1,Dawn,Clear,Yard,Freight Train,1,8773,66600,76714,H503,41.813887000000001,-87.716841000000002
NS,151491,2022-11-17,1:30 AM,Derailment,0,MEMPHIS,TN,29.0,4,Dark,Clear,Main,,0,0,5909,130246,H599,35.123103,-90.022936000000001
BNSF,PR0619101,2019-06-02,7:15 AM,Derailment,0,BILL,WY,56.0,1,Dawn,Clear,Main,Freight Train,23,340000,2482113,2822113,E61C,43.261580000000002,-105.28850300000001
UP,1116FW005,2016-11-08,10:28 AM,Obstruction,0,MANSFIELD,TX,64.0,2,Day,Rain,Main,Spec. MoW Equip.,0,19513,0,53107,H605,32.585534000000003,-97.183386999999996
UP,0318SA015,2018-03-25,4:43 AM,Other impacts,0,SAN ANTONIO,TX,50.0,4,Dark,Clear,Industry,Yard/switching,12,4592,600,15940,H607,29.321805000000001,-98.644118000000006
MRL,2018144,2018-11-04,6:55 AM,Other impacts,0,LAUREL,MT,37.0,4,Dark,Clear,Yard,Freight Train,9,40000,0,155000,H020,45.681325999999999,-108.719739
PRSX,7252021002,2021-07-28,7:45 AM,Derailment,0,CHAMBERSBURG,PA,78.0,1,Dawn,Rain,Yard,Freight Train,5,15000,25000,40000,H702,39.905099999999997,-77.653360000000006
UP,1018LV025,2018-10-21,10:08 AM,Derailment,0,LOTTIE,LA,76.0,2,Day,Cloudy,Yard,Yard/switching,7,200,63487,63687,E67C,30.534483000000002,-91.563215
CSX,000178018,2018-08-06,1:22 AM,Derailment,0,NEW CASTLE,PA,72.0,4,Dark,Fog,Yard,Yard/switching,5,14860,500,15360,E69C,40.972428000000001,-80.375781000000003
ATK,135480,2014-12-09,4:30 AM,Other (describe in narrative),0,LANCASTER,PA,33.0,4,Dark,Rain,Main,,0,0,32000,32000,H221,40.056100000000001,-76.316743000000002
BNSF,TC0920101,2020-09-10,3:20 PM,Derailment,0,MANDAN,ND,70.0,2,Day,Clear,Yard,Light loco(s),3,14452,500,14952,H303,46.825732000000002,-100.88414400000001
CSX,000170586,2017-07-31,7:25 PM,Derailment,0,NASHVILLE,TN,80.0,3,Dusk,Clear,Yard,Yard/switching,4,78012,6135,84147,M405,36.095156000000003,-86.761106999999996
BNSF,RD1216109,2016-12-15,10:16 PM,Derailment,0,DAYTON,TX,48.0,4,Dark,Clear,Yard,Yard/switching,6,22000,19100,41100,H702,30.003799000000001,-94.907876999999999
KCS,15011603,2015-01-16,3:15 PM,Derailment,0,PORT ARTHUR,TX,59.0,2,Day,Clear,Industry,Freight Train,7,4128,15470,19598,M599,29.879467000000002,-93.953182999999996
NS,138507,2020-07-13,4:00 AM,Side collision,0,CONWAY,PA,72.0,1,Dawn,Clear,Yard,Freight Train,5,221309,1426,223750,H305,40.672361000000002,-80.251825999999994
UP,0221HL006,2021-02-08,4:00 PM,Hwy-rail crossing,0,OKARCHE,OK,19.0,2,Day,Cloudy,Main,Freight Train,45,1531,50000,51531,M306,35.769692999999997,-97.955903000000006
BNSF,HL0323114,2023-03-13,8:24 PM,Derailment,0,LINCOLN,NE,37.0,3,Dusk,Clear,Yard,Light loco(s),5,31000,1000,32000,H307,40.807547999999997,-96.765101000000001
UP,0616FW010,2016-06-12,2:25 AM,Derailment,0,MESQUITE,TX,77.0,4,Dark,Clear,Siding,Freight Train,1,1584,12516,14100,M103,32.771638000000003,-96.622748000000001
NS,144960,2022-04-12,8:40 PM,Other (describe in narrative),0,CHATTANOOGA,TN,72.0,4,Dark,Clear,Yard,Light loco(s),1,12819,82,12901,H706,35.060735000000001,-85.266799000000006
TXPF,04022015,2015-04-02,8:00 PM,Derailment,0,SAN ANGELO,TX,65.0,3,Dusk,Clear,Yard,Yard/switching,5,2000,13150,15150,H702,31.492615000000001,-100.413586
BNSF,RD0524116,2024-05-18,10:29 PM,Derailment,0,TULSA,OK,71.0,4,Dark,Clear,Yard,Freight Train,7,6876,35798,42674,M505,36.115070000000003,-96.011452000000006
NS,151621,2022-12-03,2:05 PM,Other impacts,0,COLUMBIA,SC,72.0,2,Day,Cloudy,Yard,Single Car,0,1000,0,30416,H312,33.985295999999998,-81.039107000000001
UP,0117FW008,2017-01-09,1:17 PM,Other (describe in narrative),0,MIDLAND,TX,60.0,2,Day,Clear,Main,Freight Train,0,31924,0,31924,M501,31.958631,-102.145821
PTRA,2015000021,2015-06-27,3:00 AM,Raking collision,0,HOUSTON,TX,78.0,4,Dark,Clear,Yard,Single Car,1,41000,300,41300,M599,29.761548000000001,-95.292908999999995
UP,0818LV007,2018-08-03,9:50 PM,Derailment,0,WESTWEGO,LA,90.0,4,Dark,Clear,Yard,Yard/switching,7,13161,2402,15563,H307,29.918621000000002,-90.208067
WE,230013,2023-02-09,6:25 PM,Fire/violent rupture,0,BLOOMINGDALE,OH,67.0,3,Dusk,Cloudy,Main,Freight Train,24,39171,0,39171,E74L,40.300859000000003,-80.791489999999996
BNSF,SW0517101,2017-05-01,4:35 PM,Derailment,0,YESO,NM,75.0,2,Day,Clear,Main,Maint./inspect Car,6,34700,0,34700,H402,34.43741,-104.61251
UP,1214HO014,2014-12-03,10:38 AM,Hwy-rail crossing,0,BISHOP,TX,60.0,2,Day,Cloudy,Main,,0,0,35231,36631,M304,27.564295000000001,-97.825059999999993
UP,0921GP001,2021-09-02,2:25 PM,Other impacts,0,NORTH PLATTE,NE,75.0,2,Day,Clear,Yard,Yard/switching,4,100,99,28659,M411,41.148749000000002,-100.848502
CRSH,131495,2018-10-30,9:40 AM,Raking collision,0,DETROIT,MI,49.0,2,Day,Cloudy,Yard,Yard/switching,2,53957,0,57544,H702,42.383795999999997,-82.974525
IHB,2632,2020-10-19,2:55 PM,Other impacts,0,BENSENVILLE,IL,55.0,2,Day,Clear,Yard,Yard/switching,0,205634,0,413415,H306,41.950569000000002,-87.915062000000006
BNSF,SF0415119,2015-04-25,3:40 AM,Derailment,0,MEMPHIS,TN,62.0,4,Dark,Rain,Yard,Yard/switching,2,12000,5215,17215,E07C,35.022295999999997,-89.886820999999998
BNSF,PR0922107,2022-09-20,3:55 AM,Obstruction,0,MCCOOK,NE,61.0,4,Dark,Cloudy,Main,,0,0,0,15015,M402,40.196541000000003,-100.601675
UP,0318HO020,2018-03-11,3:30 PM,Derailment,0,HOUSTON,TX,70.0,2,Day,Clear,Yard,Yard/switching,4,159,49250,49409,S006,29.793672000000001,-95.296863999999999
BNSF,KS0815112,2015-08-27,5:59 PM,Derailment,0,BOVINA,TX,90.0,3,Dusk,Clear,Main,,0,0,148000,148000,H022,34.506833999999998,-102.898588
UP,0715HO031,2015-07-17,4:30 PM,Other (describe in narrative),0,HOUSTON,TX,85.0,4,Dark,Cloudy,Yard,Yard/switching,4,10848,0,10848,M201,29.825334999999999,-95.288416999999995