reportingrailroadcode,accidentnumber,date,time,accidenttype,hazmatreleasedcars,station,stateabbr,temperature,visibility_code,visibility,weathercondition,tracktype,equipmenttype,trainspeed,equipmentdamagecost,trackdamagecost,totaldamagecost,primaryaccidentcausecode,latitude,longitude
WATX,171230001,2017-12-30,2:00 AM,Derailment,0,HOUSTON,TX,41.0,4,Dark,Fog,Yard,Yard/switching,4,15000,0,15000,H302,29.758732999999999,-95.212078000000005
BNSF,CH0115103,2015-01-04,1:45 AM,Raking collision,0,GALESBURG,IL,10.0,4,Dark,Snow,Yard,Yard/switching,4,17135,250,17385,M411,40.939138,-90.365223
CP,1000148704,2014-11-27,2:31 AM,Side collision,0,SKYLINE,MN,0.0,4,Dark,Clear,Main,Freight Train,8,38533,0,409305,H603,44.154631000000002,-94.042973000000003
CSX,000218104,2024-05-16,6:15 PM,Other impacts,0,CINCINNATI,OH,70.0,3,Dusk,Clear,Yard,Cut of cars,0,10166,1340,132671,H306,39.169004000000001,-84.512103999999994
UP,0415HO053,2015-04-29,9:15 PM,Derailment,0,HOUSTON,TX,75.0,4,Dark,Cloudy,Yard,Yard/switching,10,151,238,30901,M404,29.790758,-95.295464999999993
URR,5110,2015-08-17,6:56 PM,Derailment,0,BRADDOCK,PA,86.0,2,Day,Clear,Main,Freight Train,6,4000,43695,47695,M405,40.403599999999997,-79.868600000000001
NJTR,201909519,2019-09-19,7:30 AM,Hwy-rail crossing,0,RIVER EDGE,NJ,48.0,2,Day,Clear,Main,Commuter Train - Pushing,40,12957,16531,29488,M304,40.912709,-74.034412000000003
UP,0917HO009,2017-09-13,6:55 AM,Hwy-rail crossing,0,MISSOURI CITY,TX,82.0,1,Dawn,Clear,Main,Freight Train,33,200,67602,67802,M304,29.619012000000001,-95.538618
GNBC,11032017,2017-11-03,5:34 PM,Hwy-rail crossing,0,CLINTON SHERMAN AFB,OK,60.0,3,Dusk,Clear,Industry,Yard/switching,4,50000,0,50000,M302,35.455953000000001,-98.981542000000005
CSX,000152135,2015-05-19,3:40 PM,Head on collision,0,BENTON,TN,84.0,2,Day,Cloudy,Main,Freight Train,8,0,0,30500,H993,35.227469999999997,-84.627037999999999
UP,0618HO009,2018-06-04,11:30 PM,Derailment,0,GALENA PARK,TX,75.0,4,Dark,Clear,Industry,Yard/switching,4,48734,7160,55894,H307,29.729513000000001,-95.235001999999994
CSX,000154853,2015-12-03,2:00 PM,Other impacts,0,WARSAW,NC,49.0,2,Day,Clear,Yard,Single Car,3,0,250,18074,H318,34.994463000000003,-78.092122000000003
UP,0124HL037,2024-01-30,2:52 AM,Derailment,0,KANSAS CITY,KS,44.0,4,Dark,Cloudy,Yard,Freight Train,4,5615,65589,71204,T221,39.095303000000001,-94.614152000000004
UP,0415SA007,2015-04-08,9:50 PM,Hwy-rail crossing,0,ROCKDALE,TX,70.0,4,Dark,Clear,Main,Freight Train,52,14452,0,14452,M302,30.635276000000001,-97.080883999999998
UP,0215LV006,2015-02-16,5:35 AM,Raking collision,0,BEAUMONT,TX,55.0,4,Dark,Cloudy,Yard,Single Car,1,788,0,16315,M507,30.073242,-94.149314000000004
UP,0622GP015,2022-06-15,12:00 PM,Other impacts,0,NORTH PLATTE,NE,78.0,2,Day,Clear,Yard,Single Car,0,254,0,51681,H707,41.143963999999997,-100.785995
UP,0617LK019,2017-06-14,10:30 AM,Fire/violent rupture,0,TEXARKANA,TX,82.0,2,Day,Cloudy,Main,Freight Train,30,19418,0,19418,E73L,33.405956000000003,-94.086686999999998
UP,0416HO024,2016-04-17,8:20 AM,Derailment,0,HOUSTON,TX,60.0,2,Day,Cloudy,Main,Freight Train,3,35782,17534,53316,M405,29.819938,-95.336881000000005
UP,0618HO020,2018-06-15,8:20 AM,Hwy-rail crossing,0,KILGORE,TX,90.0,2,Day,Cloudy,Main,Freight Train,30,463,46984,47447,M303,32.352879999999999,-94.919640000000001
BNSF,HL1120120,2020-11-30,1:09 AM,Derailment,0,ST LOUIS,MO,35.0,4,Dark,Cloudy,Yard,Yard/switching,5,11517,9283,20800,H607,38.613224000000002,-90.302952000000005
BNSF,MT0718106,2018-07-21,5:00 PM,Derailment,0,BAINVILLE,MT,69.0,3,Dusk,Rain,Main,Freight Train,0,175000,0,175000,M105,48.154893999999999,-104.275344
UP,0615HO018,2015-06-11,8:45 AM,Hwy-rail crossing,0,COMBES,TX,83.0,2,Day,Cloudy,Main,Freight Train,38,17587,0,17587,M303,26.295752,-97.765302000000005
NS,138235,2020-06-15,4:30 AM,Other (describe in narrative),0,NORTH KANSAS CITY,MO,72.0,1,Dawn,Cloudy,Yard,Freight Train,6,7395,31829,39224,H702,39.146343000000002,-94.550765999999996
UP,0418FW039,2018-04-24,5:00 PM,Hwy-rail crossing,0,PECOS,TX,90.0,2,Day,Clear,Main,Freight Train,15,0,15510,15510,M304,31.410665000000002,-103.54589900000001
CSX,000218524,2024-06-02,10:30 PM,Derailment,0,FLORENCE,SC,75.0,4,Dark,Clear,Yard,Cut of cars,3,15378,274,15652,M599,34.198270000000001,-79.762484999999998
BNSF,NE1214200,2014-12-08,11:11 PM,Hwy-rail crossing,0,GARRISON,NE,28.0,4,Dark,Clear,Main,Freight Train,20,15000,0,15000,M302,41.205275,-97.147620000000003
UP,0320GC002,2020-03-05,4:09 AM,Derailment,0,LIVONIA,LA,56.0,1,Dawn,Cloudy,Yard,Yard/switching,5,12228,5741,32349,S006,30.530118000000002,-91.558875
UP,1217FW023,2017-12-18,6:40 PM,Obstruction,0,ALEDO,TX,55.0,3,Dusk,Rain,Main,Light loco(s),45,500,95169,95669,M402,32.719422999999999,-97.676123000000004
UP,0615KC017,2015-06-20,5:17 AM,Derailment,0,POLO,MO,80.0,1,Dawn,Clear,Main,Work train,6,27081,0,27081,M506,39.63006,-93.965946000000002
NS,137701,2020-04-09,2:45 PM,Derailment,0,WEST FAIRVIEW,PA,62.0,2,Day,Clear,Main,Freight Train,5,22000,216,22216,M405,40.279806999999998,-76.922450999999995
CSX,000162533,2016-08-30,10:09 PM,Derailment,0,MOUNTVILLE,SC,72.0,4,Dark,Clear,Main,Freight Train,12,15000,9966,24966,H305,34.428396999999997,-81.922955000000002
UP,0518KC020,2018-05-25,5:00 PM,Obstruction,0,NEBRASKA CITY,NE,91.0,2,Day,Clear,Main,Maint./inspect Car,20,21451,0,21484,H402,40.656421999999999,-95.876256999999995
CSX,000171053,2017-08-17,7:33 PM,Other impacts,0,ETOWAH,TN,88.0,2,Day,Clear,Yard,Yard/switching,1,15986,0,16152,H302,35.328131999999997,-84.521392000000006
UP,0715HO017,2015-07-10,8:20 PM,Derailment,0,HOUSTON,TX,77.0,4,Dark,Clear,Siding,,0,0,800,18518,H525,29.7378,-95.340701999999993
CSX,000150129,2015-08-03,2:14 AM,Derailment,0,CONNELLSVILLE,PA,69.0,4,Dark,Clear,Yard,Freight Train,4,6783,200,16510,H020,40.017944,-79.592194000000006
UP,1216HO001,2016-12-02,9:15 PM,Other impacts,0,HOUSTON,TX,55.0,4,Dark,Rain,Yard,Single Car,4,17903,0,20347,M407,29.795898999999999,-95.291101999999995
ATK,151649,2018-01-23,1:30 AM,Derailment,0,BEECH GROVE,IN,38.0,4,Dark,Rain,Yard,Light loco(s),5,21664,0,21664,H303,39.719527999999997,-86.078520999999995
BNSF,TX0315107,2015-03-21,5:04 PM,Derailment,1,VALLEY MILLS,TX,59.0,3,Dusk,Clear,Main,Freight Train,40,745992,3561534,4307526,M201,31.654779000000001,-97.474667999999994
BNSF,KS1117105,2017-11-12,1:00 PM,Derailment,0,PAMPA,TX,45.0,2,Day,Cloudy,Yard,Light loco(s),4,40575,10500,51075,H703,35.528742000000001,-100.972701
PW,150201,2015-02-02,1:05 AM,Raking collision,0,WARWICK,RI,19.0,4,Dark,Cloudy,Main,Freight Train,25,25000,0,25000,E80C,41.726425999999996,-71.442818000000003
CSX,000210823,2023-04-16,8:15 AM,Other impacts,0,NASHVILLE,TN,73.0,2,Day,Cloudy,Yard,Cut of cars,5,40477,0,40477,H316,36.112157000000003,-86.770728000000005
NS,136917,2020-01-23,9:50 AM,Derailment,0,FRANKLIN,PA,20.0,2,Day,Clear,Main,Freight Train,27,34284,5736,40020,E29C,40.377583999999999,-78.848973999999998
BNSF,GC0515116,2015-05-22,5:50 AM,Derailment,0,HOUSTON,TX,68.0,1,Dawn,Clear,Yard,Yard/switching,9,120000,0,181652,T212,29.807848,-95.268568999999999
BNSF,KS0715100,2015-07-03,9:45 AM,Derailment,0,LUBBOCK,TX,85.0,2,Day,Clear,Yard,Yard/switching,5,121471,0,121471,H020,33.570279999999997,-101.82422
NS,144658,2022-03-10,5:43 AM,Other (describe in narrative),0,MEMPHIS,TN,48.0,1,Dawn,Clear,Yard,,0,0,29621,72028,H704,35.115377000000002,-89.965244999999996
CSX,000199752,2021-08-28,4:30 PM,Derailment,0,CINCINNATI,OH,85.0,2,Day,Cloudy,Main,Freight Train,1,7973,3952,11925,H503,39.097689000000003,-84.529051999999993
BNSF,GC0415109,2015-04-26,3:00 PM,Derailment,0,BEAUMONT,TX,82.0,2,Day,Clear,Main,Yard/switching,10,55000,271424,326424,H607,30.100413,-94.120683999999997
BNSF,PR1117201,2017-11-09,7:00 PM,Hwy-rail crossing,0,HASTINGS,NE,22.0,3,Dusk,Cloudy,Industry,Yard/switching,4,15519,0,15519,M302,40.589716000000003,-98.336271999999994
NS,153319,2023-06-10,3:20 AM,Other impacts,0,BELLEVUE,OH,59.0,4,Dark,Clear,Yard,Yard/switching,4,10500,17494,27994,M411,41.288345,-82.801972000000006
IC,1121834,2022-12-31,10:46 PM,Derailment,0,NEW ORLEANS,LA,49.0,4,Dark,Clear,Yard,Freight Train,9,10000,10000,20000,E46C,29.973970000000001,-90.192604000000003
NS,128515,2018-02-12,2:38 AM,Other impacts,0,CHATTANOOGA,TN,50.0,4,Dark,Clear,Yard,Yard/switching,16,74970,0,74970,H318,35.109783,-85.233853999999994
NS,130418,2018-08-01,12:30 AM,Other (describe in narrative),0,NEW BOSTON,OH,70.0,4,Dark,Cloudy,Yard,Freight Train,2,13138,11500,24638,H702,38.746476999999999,-82.938604999999995
BNSF,HL0318109,2018-03-12,1:00 PM,Side collision,0,MEMPHIS,TN,43.0,2,Day,Clear,Yard,Cut of cars,8,500,0,11000,H018,35.099260000000001,-89.993790000000004
UP,0418DV015,2018-04-13,7:00 AM,Fire/violent rupture,0,ROCK SPRINGS,WY,40.0,2,Day,Cloudy,Main,Freight Train,40,180000,150,180150,M406,41.570613000000002,-109.24639500000001
CSX,000200209,2021-09-20,1:30 AM,Derailment,0,MCKEESPORT,PA,63.0,4,Dark,Clear,Yard,Yard/switching,7,17560,500,18060,H702,40.384782999999999,-79.845754999999997
IC,1143141,2024-01-07,3:10 PM,Side collision,0,MEMPHIS,TN,46.0,2,Day,Clear,Yard,Freight Train,10,67849,0,283174,E35C,35.072208000000003,-90.077465000000004
NCT,000000001,2015-06-30,5:30 PM,Derailment,0,NORTH CHARLESTON,SC,85.0,2,Day,Clear,Industry,,0,0,3500,62232,M501,32.873852999999997,-79.980185000000006
KCS,17091404,2017-09-14,6:30 AM,Rear end collision,0,LAREDO,TX,75.0,4,Dark,Clear,Main,Freight Train,0,123751,0,433256,H221,27.494316000000001,-99.345661000000007
UP,0320GC008,2020-03-07,6:10 PM,Derailment,0,SULPHUR,LA,59.0,3,Dusk,Clear,Yard,Freight Train,4,31018,0,31018,H303,30.237197999999999,-93.438884000000002
BNSF,RD0817100,2017-08-01,3:01 AM,Derailment,0,TEMPLE,TX,80.0,4,Dark,Clear,Yard,Yard/switching,3,5753,5350,11103,H318,31.107997999999998,-97.348648999999995
UP,1017SA002,2017-10-01,2:50 PM,Derailment,0,VON ORMY,TX,90.0,2,Day,Clear,Yard,Freight Train,8,82791,35573,118364,H702,29.323765000000002,-98.639865999999998
BNSF,TX0615109,2015-06-13,10:52 AM,Raking collision,0,VENUS,TX,83.0,2,Day,Clear,Industry,Freight Train,3,100520,0,100520,H306,32.427087,-97.130375999999998
MBTA,YR202181,2021-10-27,5:32 AM,Other (describe in narrative),0,SCITUATE,MA,51.0,4,Dark,Rain,Main,Passenger Train - Pushing,45,86819,0,86819,M404,42.215229000000001,-70.769330999999994
NS,156471,2024-04-24,5:50 PM,Other (describe in narrative),0,FAIRH SCAN,OH,40.0,3,Dusk,Cloudy,Yard,Yard/switching,2,56,1200,1256,H702,40.818930000000002,-81.313845999999998
UP,0317HO052,2017-03-21,10:20 AM,Derailment,0,SPRING,TX,80.0,2,Day,Clear,Yard,Light loco(s),4,55861,4896,60757,S011,30.06456,-95.413338999999993
TRE,TRE15003,2015-06-06,11:20 PM,Hwy-rail crossing,0,IRVING,TX,80.0,4,Dark,Clear,Main,Commuter Train - Pulling,60,15000,0,15000,M302,32.814706000000001,-96.934342000000001
ATK,168851,2021-10-30,2:36 AM,Hwy-rail crossing,0,NORTH CHARLESTON,SC,50.0,4,Dark,Clear,Main,Passenger Train - Pulling,69,39901,0,48581,M308,32.899892000000001,-80.011778000000007
YRC,YRC989117,2017-01-17,11:00 AM,Side collision,0,YORK,PA,42.0,2,Day,Cloudy,Yard,Cut of cars,2,2883,0,22115,H018,39.969191000000002,-76.723467999999997
NS,131385,2018-10-20,11:55 AM,Other (describe in narrative),0,ELIZABETH,NJ,62.0,2,Day,Clear,Yard,Cut of cars,0,6465,0,23177,H306,40.661290999999999,-74.180401000000003
UP,1118TO001,2018-11-30,7:56 PM,Derailment,0,FORT WORTH,TX,69.0,3,Dusk,Cloudy,Main,Yard/switching,15,355451,200,355651,M507,32.743110999999999,-97.312173999999999
CSX,000173853,2018-01-08,3:20 AM,Derailment,0,PHILADELPHIA,PA,12.0,4,Dark,Snow,Yard,,0,0,300,17729,H703,39.898065000000003,-75.172820000000002
UP,0315HU002,2015-03-03,10:05 AM,Raking collision,0,HOUSTON,TX,70.0,2,Day,Cloudy,Yard,Light loco(s),0,10000,0,134354,E99L,29.824722000000001,-95.290816000000007
NS,132285,2019-01-03,10:15 PM,Other (describe in narrative),0,FOSTORIA,OH,32.0,4,Dark,Clear,Main,Freight Train,6,9400,1393,10793,H702,41.171684999999997,-83.356644000000003
KCS,17082302,2017-08-23,4:57 PM,Hwy-rail crossing,0,MANY,LA,95.0,2,Day,Clear,Main,Freight Train,43,6093,23432,29525,M303,31.565712000000001,-93.491005000000001
BNSF,RD1217119,2017-12-29,1:15 AM,Derailment,0,LAFAYETTE,LA,35.0,4,Dark,Clear,Yard,Yard/switching,6,46000,3000,49000,H503,30.234788999999999,-92.051822000000001
BNSF,TC0123116,2023-01-27,6:19 PM,Derailment,0,ALBERTA,MN,-5.0,3,Dusk,Cloudy,Industry,Freight Train,4,27000,0,27000,M101,45.574773999999998,-96.049189999999996
UP,0615HO051,2015-06-26,8:08 AM,Other impacts,0,LA PORTE,TX,80.0,2,Day,Cloudy,Yard,Yard/switching,2,10118,0,28723,M404,29.690912000000001,-95.050438999999997
UP,0215LV006,2015-02-16,5:35 AM,Raking collision,0,BEAUMONT,TX,55.0,4,Dark,Cloudy,Yard,Yard/switching,2,15527,0,16315,M507,30.073242,-94.149314000000004
FWWR,16012101,2016-01-21,4:00 PM,Derailment,0,DUBLIN,TX,45.0,2,Day,Clear,Siding,Freight Train,4,185214,22971,208185,E64C,32.098998000000002,-98.318011999999996
CSX,000211355,2023-05-17,5:38 AM,Other impacts,0,CLEVELAND,OH,45.0,4,Dark,Clear,Industry,Yard/switching,5,49890,0,104009,H302,41.557718000000001,-81.587249999999997
NS,143407,2021-11-08,7:25 PM,Derailment,0,KNOXVILLE,TN,56.0,3,Dusk,Clear,Main,Freight Train,6,13325,151662,164987,H518,36.015725000000003,-83.866031000000007
UP,0215HO030,2015-02-20,11:00 AM,Derailment,0,HOUSTON,TX,65.0,2,Day,Clear,Industry,Yard/switching,5,48564,3196,51760,T212,29.787490999999999,-95.442519000000004
BNSF,RD0417126,2017-04-29,6:34 PM,Derailment,0,EL DORADO AFS,TX,45.0,3,Dusk,Rain,Yard,Yard/switching,5,37508,2932,40440,H702,33.448487999999998,-101.648155
NS,114731,2015-03-08,1:55 PM,Other impacts,0,CONWAY,PA,39.0,2,Day,Clear,Yard,Yard/switching,6,10400,1111,13665,H702,40.672361000000002,-80.251825999999994
RBMN,R01182301,2023-01-18,3:45 AM,Derailment,0,HAZLETON,PA,41.0,4,Dark,Cloudy,Yard,Freight Train,10,9646,0,37415,T221,40.931212000000002,-76.002742999999995
UP,0118DV019,2018-01-28,4:55 AM,Derailment,0,CHEYENNE,WY,31.0,4,Dark,Cloudy,Industry,Yard/switching,4,24419,21000,45419,H702,41.126461999999997,-104.791849
BNSF,RD1019103,2019-10-03,12:21 PM,Head on collision,0,ROFF,OK,85.0,2,Day,Clear,Industry,Light loco(s),4,200,0,21612,H307,34.636895000000003,-96.832431
UP,0215FW001,2015-02-01,1:59 AM,Derailment,0,CORSICANA,TX,55.0,4,Dark,Rain,Siding,Freight Train,9,11435,59321,70756,T220,32.073220999999997,-96.463132000000002
KCS,17091404,2017-09-14,6:30 AM,Rear end collision,0,LAREDO,TX,75.0,4,Dark,Clear,Main,Freight Train,14,272967,36538,433256,H221,27.494316000000001,-99.345661000000007
UP,0317FW040,2017-03-29,4:20 PM,Derailment,0,ODESSA,TX,70.0,2,Day,Clear,Yard,Yard/switching,5,14042,3860,17902,H704,31.870092,-102.317177
ATK,137241,2015-02-02,1:05 AM,Raking collision,0,WARWICK,RI,19.0,4,Dark,Cloudy,Main,,0,0,0,25000,E80C,41.726425999999996,-71.442818000000003
MNCW,82364,2024-04-22,4:16 PM,Derailment,0,NEW YORK -BRONX,NY,55.0,2,Day,Clear,Yard,EMU,10,36463,0,36463,H702,40.832265999999997,-73.932732999999999
CRSH,145927,2022-07-25,12:45 PM,Other impacts,0,NEW YORK  RICHMOND,NY,92.0,2,Day,Clear,Industry,Cut of cars,0,7437,0,17373,H302,40.581007,-74.200434000000001
CSX,000171053,2017-08-17,7:33 PM,Other impacts,0,ETOWAH,TN,88.0,2,Day,Clear,Yard,Single Car,0,166,0,16152,H302,35.328131999999997,-84.521392000000006
UP,0715LV005,2015-07-09,11:30 AM,Other impacts,0,BEAUMONT,TX,93.0,2,Day,Cloudy,Yard,Yard/switching,3,6090,0,27622,H602,30.074373000000001,-94.141208000000006
UP,0916HO002,2016-09-01,7:19 AM,Hwy-rail crossing,0,JEWETT,TX,79.0,2,Day,Cloudy,Main,Freight Train,38,32427,250,32677,M304,31.291018999999999,-96.226794999999996
NS,154554,2023-10-21,3:31 PM,Other (describe in narrative),0,ALLENTOWN,PA,57.0,2,Day,Clear,Yard,Freight Train,6,1152,11949,13101,H702,40.611935000000003,-75.426704000000001
UP,1115HO006,2015-11-02,3:20 PM,Derailment,0,ANGLETON,TX,68.0,2,Day,Clear,Yard,Freight Train,3,10250,2600,12850,H702,29.156475,-95.435191000000003
CSX,000171438,2017-09-04,12:53 AM,Hwy-rail crossing,0,DAYTON,KY,65.0,4,Dark,Clear,Main,,0,0,0,14256,M302,39.108018999999999,-84.476710999999995
BNSF,SW1020106,2020-10-08,3:20 PM,Side collision,0,GALLUP,NM,70.0,2,Day,Clear,Yard,Yard/switching,5,85943,25000,308679,H318,35.519371,-108.772114
UP,0916FW001,2016-09-03,7:00 AM,Derailment,0,FORT WORTH,TX,80.0,2,Day,Clear,Yard,,0,0,59513,111513,M409,32.744036999999999,-97.31729
CSX,000210394,2023-03-20,8:53 PM,Side collision,0,CHATTANOOGA,TN,54.0,4,Dark,Clear,Yard,Freight Train,3,2000,0,20000,H210,35.012678999999999,-85.371499
CSX,000158094,2016-03-14,11:30 PM,Derailment,0,HAMLET,NC,55.0,4,Dark,Clear,Yard,Freight Train,4,83460,0,123925,E29C,34.914628999999998,-79.670655999999994
NS,122992,2016-12-03,7:45 PM,Derailment,0,BELLWOOD,PA,40.0,3,Dusk,Clear,Main,Freight Train,17,17181,141013,158194,E67C,40.565309999999997,-78.360136999999995
UP,0218PD019,2018-02-17,11:15 PM,Derailment,0,BLISS,ID,34.0,4,Dark,Cloudy,Main,Freight Train,15,7743,11398,19141,E21C,42.924863999999999,-115.08329999999999
UP,0216FW009,2016-02-13,1:06 PM,Fire/violent rupture,0,STRAWN,TX,70.0,2,Day,Clear,Main,Freight Train,60,119545,0,119545,E73L,32.550808000000004,-98.493686999999994
NS,144512,2022-02-23,2:00 AM,Raking collision,0,PORTSMOUTH,OH,30.0,4,Dark,Clear,Yard,Cut of cars,4,39459,0,41459,H302,38.736825000000003,-82.957245999999998
CRSH,146826,2024-02-06,7:30 PM,Derailment,0,NEWARK,NJ,35.0,3,Dusk,Clear,Yard,Yard/switching,5,1176,18574,19750,T221,40.725256000000002,-74.130584999999996
NS,151071,2022-10-06,9:45 AM,Raking collision,0,WEST FAIRVIEW,PA,63.0,2,Day,Clear,Yard,Cut of cars,0,227361,0,242521,H018,40.279833000000004,-76.922471999999999
UP,0715FW016,2015-07-16,2:50 AM,Derailment,0,FORT WORTH,TX,82.0,4,Dark,Clear,Yard,Light loco(s),0,84539,0,137209,M411,32.722493999999998,-97.375433000000001
RLAX,RLA3302017,2017-03-30,11:29 PM,Derailment,0,BAYTOWN,TX,65.0,4,Dark,Clear,Yard,Yard/switching,8,16078,0,16078,H104,29.758907000000001,-94.895276999999993
BNSF,CH0221121,2021-02-26,2:30 AM,Derailment,0,BARSTOW,IL,29.0,4,Dark,Clear,Yard,Freight Train,5,17000,7500,24500,T220,41.519761000000003,-90.351524999999995
BNSF,RD1216200,2016-12-15,6:59 PM,Hwy-rail crossing,0,DAVIS,OK,38.0,3,Dusk,Rain,Main,Freight Train,48,200,114783,114983,M302,34.467129999999997,-97.108397999999994
ATK,143994,2016-08-22,8:48 AM,Other (describe in narrative),0,MARCUS HOOK,PA,85.0,2,Day,Clear,Main,Passenger Train - Pulling,90,18056,4396,22452,E78L,39.822989999999997,-75.417306999999994
UP,0720HL018,2020-07-16,6:00 PM,Side collision,0,TOPEKA,KS,82.0,3,Dusk,Clear,Yard,Freight Train,0,35184,0,102686,H307,39.072840999999997,-95.685402999999994
UP,0817FW023,2017-08-14,7:35 AM,Hwy-rail crossing,0,WILLS POINT,TX,91.0,2,Day,Rain,Main,Freight Train,48,1324,12508,13832,M303,32.708986000000003,-96.023311000000007
UP,0715SA008,2015-07-13,1:20 PM,Obstruction,0,ATASCOSA,TX,97.0,2,Day,Clear,Main,Spec. MoW Equip.,12,13853,0,13853,E99C,29.255946000000002,-98.752753999999996
KCS,15061904,2015-06-19,5:00 PM,Obstruction,0,WYLIE,TX,95.0,2,Day,Cloudy,Yard,Spec. MoW Equip.,5,0,0,15000,H999,33.031588999999997,-96.500792000000004
UP,1214FW033,2014-12-29,8:37 PM,Side collision,0,DALLAS,TX,41.0,4,Dark,Clear,Yard,Freight Train,1,2408,0,17671,H991,32.695677000000003,-96.739146000000005
UP,0223GP001,2023-02-01,1:30 AM,Other impacts,0,NORTH PLATTE,NE,3.0,4,Dark,Clear,Yard,Yard/switching,2,116623,7664,284022,M407,41.147176000000002,-100.832213
UP,0315SA005,2015-03-09,5:55 PM,Derailment,0,SAN ANTONIO,TX,55.0,2,Day,Cloudy,Yard,Yard/switching,6,3257,11038,14295,M409,29.367778000000001,-98.564787999999993
UP,0115HO030,2015-01-23,1:15 PM,Derailment,0,GALVESTON,TX,45.0,2,Day,Cloudy,Yard,Yard/switching,8,58553,2539,61092,M204,29.298431999999998,-94.827557999999996
UP,0715FW017,2015-07-17,12:45 AM,Derailment,0,SAGINAW,TX,85.0,4,Dark,Clear,Main,Freight Train,25,15806,194407,210213,E53C,32.840176,-97.358425999999994
WTNN,320,2020-07-09,10:30 AM,Other (describe in narrative),0,SELMER,TN,90.0,2,Day,Clear,Main,Maint./inspect Car,27,250000,0,250000,H104,35.126928999999997,-88.609910999999997
IC,844355,2015-03-21,4:55 AM,Derailment,0,MEMPHIS,TN,55.0,4,Dark,Cloudy,Main,Freight Train,10,32800,318,33118,M201,35.069133000000001,-90.123932999999994
WC,1106366,2022-06-22,5:30 PM,Derailment,0,PROCTOR,MN,75.0,2,Day,Clear,Yard,Freight Train,5,8956,184406,193362,H704,46.742840999999999,-92.227821000000006
BNSF,SF0216108,2016-02-11,5:30 PM,Derailment,0,MEMPHIS,TN,45.0,3,Dusk,Clear,Yard,Yard/switching,10,20000,4000,24000,M201,35.023594000000003,-89.889139
BNSF,CH0522116,2022-05-31,9:05 PM,Side collision,0,CHICAGO,IL,80.0,4,Dark,Clear,Yard,Light loco(s),5,5000,0,13000,H307,41.809784999999998,-87.714727999999994
CSX,000207393,2022-09-21,11:08 AM,Side collision,0,CARLISLE,SC,92.0,2,Day,Clear,Industry,Single Car,6,50,0,12351,H018,34.634891000000003,-81.389337999999995
UP,0815HO027,2015-08-22,12:30 AM,Derailment,0,DAYTON,TX,80.0,4,Dark,Cloudy,Yard,Yard/switching,4,6103,15381,21484,H312,30.011496000000001,-94.901988000000003
UP,0319PN003,2019-03-03,11:05 AM,Derailment,0,EUGENE,OR,30.0,2,Day,Clear,Yard,Yard/switching,3,9210,21938,31148,H019,44.069572999999998,-123.13049700000001
UP,0719PN008,2019-07-11,12:56 AM,Other impacts,0,HERMISTON,OR,76.0,4,Dark,Cloudy,Yard,Yard/switching,0,159,0,47479,H312,45.797603000000002,-119.299522
KCS,17122302,2017-12-23,5:35 AM,Derailment,0,ROBSTOWN,TX,48.0,4,Dark,Clear,Siding,Freight Train,2,0,0,13090,S104,27.782356,-97.666447000000005
BNSF,RD1120201,2020-11-03,5:42 PM,Hwy-rail crossing,0,DUSON,LA,69.0,3,Dusk,Clear,Main,,0,0,0,82059,M302,30.235233000000001,-92.150475999999998
CSX,000145037,2015-04-19,6:29 PM,Derailment,0,SELKIRK,NY,53.0,3,Dusk,Clear,Yard,Freight Train,8,167590,32512,200102,T221,42.566588000000003,-73.852295999999996
CRSH,146821,2024-01-26,12:40 AM,Derailment,0,DEARBORN,MI,38.0,4,Dark,Rain,Yard,Freight Train,5,24841,0,25223,H704,42.301966,-83.148509000000004
CSX,000141991,2015-02-22,6:45 AM,Derailment,0,NASHVILLE,TN,24.0,4,Dark,Cloudy,Yard,Yard/switching,7,2464,29100,31564,E07C,36.169386000000003,-86.785302000000001
NS,142105,2021-07-05,8:00 PM,Other (describe in narrative),0,MASCOT,TN,82.0,4,Dark,Clear,Yard,Yard/switching,3,3452,10486,13938,H306,36.033043999999997,-83.817204000000004
BNSF,KS0624106,2024-06-14,6:46 PM,Derailment,0,BOISE CITY,OK,86.0,3,Dusk,Rain,Main,Freight Train,0,3780619,0,3780619,M105,36.630870000000002,-102.39314899999999
CSX,000196037,2021-03-01,10:15 PM,Side collision,0,SELKIRK,NY,12.0,4,Dark,Cloudy,Yard,Yard/switching,10,104300,0,110214,H316,42.565902999999999,-73.854184000000004
UP,1117HO012,2017-11-13,8:00 PM,Derailment,0,HOUSTON,TX,75.0,4,Dark,Clear,Yard,Yard/switching,7,2317,21600,23917,M411,29.823574000000001,-95.288197999999994
NS,133972,2019-05-17,2:30 AM,Derailment,0,PAW CREEK,NC,64.0,4,Dark,Clear,Yard,Freight Train,15,121396,0,121396,H210,35.230221999999998,-80.967483999999999
NS,141261,2021-04-17,5:50 AM,Other impacts,0,BELLEVUE,OH,39.0,1,Dawn,Clear,Yard,Yard/switching,1,24732,50,25382,H312,41.29034,-82.788150999999999