reportingrailroadcode,accidentnumber,date,time,accidenttype,hazmatreleasedcars,station,stateabbr,temperature,visibility_code,visibility,weathercondition,tracktype,equipmenttype,trainspeed,equipmentdamagecost,trackdamagecost,totaldamagecost,primaryaccidentcausecode,latitude,longitude
BNSF,RD0817104,2017-08-05,1:00 PM,Other impacts,0,SILSBEE,TX,91.0,2,Day,Clear,Yard,Yard/switching,8,58670,0,58670,H318,30.351421999999999,-94.184331
UP,0817HO001,2017-08-02,11:00 AM,Hwy-rail crossing,0,DANBURY,TX,89.0,2,Day,Clear,Main,Freight Train,30,3962,16191,20153,M303,29.214576000000001,-95.360484999999997
UP,0115HO029,2015-01-21,11:50 AM,Derailment,0,CORPUS CHRISTI,TX,70.0,2,Day,Cloudy,Yard,Yard/switching,4,15297,883,16180,H607,27.825890000000001,-97.497254999999996
UP,1216FW015,2016-12-12,3:45 AM,Fire/violent rupture,0,GROESBECK,TX,54.0,4,Dark,Cloudy,Main,Freight Train,35,27707,0,27707,E73L,31.547339999999998,-96.515010000000004
CSX,000210559,2023-03-31,3:20 AM,Derailment,0,WAPPINGERS FALLS,NY,44.0,4,Dark,Clear,Main,Freight Train,40,3211,0,1608211,E54C,41.555723,-73.967515000000006
BNSF,RD1118131,2018-11-26,4:20 AM,Derailment,0,PERRY,OK,23.0,1,Dawn,Clear,Main,Freight Train,24,5000,25000,30000,E62C,36.340245000000003,-97.214391000000006
CSX,000206038,2022-07-10,11:30 PM,Derailment,0,CINCINNATI,OH,83.0,4,Dark,Clear,Yard,Yard/switching,3,42409,7780,50189,H702,39.136408000000003,-84.542399000000003
BNSF,GC0515120,2015-05-31,4:00 PM,Side collision,0,BEAUMONT,TX,85.0,2,Day,Clear,Yard,Yard/switching,0,15400,0,21400,E35C,30.094056999999999,-94.116153999999995
NS,130488,2018-08-07,3:00 AM,Other impacts,0,TOLEDO,OH,78.0,4,Dark,Cloudy,Yard,Yard/switching,7,453,150,39583,H312,41.640174000000002,-83.575265000000002
CSX,000211533,2023-05-28,3:46 AM,Other impacts,0,ATLANTA,GA,70.0,4,Dark,Cloudy,Yard,Cut of cars,0,225,0,199658,H307,33.793897999999999,-84.416751000000005
CSX,000145006,2015-04-19,12:35 AM,Side collision,0,NASHVILLE,TN,72.0,4,Dark,Clear,Yard,Light loco(s),4,7000,100,39139,H607,36.169386000000003,-86.785302000000001
UP,1022GP021,2022-10-21,5:06 PM,Derailment,0,NORTH PLATTE,NE,78.0,2,Day,Clear,Yard,Yard/switching,4,1552,10060,96775,S016,41.150278999999998,-100.811993
CSX,000207261,2022-09-13,7:35 PM,Derailment,0,HAMLET,NC,80.0,3,Dusk,Clear,Yard,Freight Train,1,147925,31308,179233,M405,34.925465000000003,-79.646591000000001
UP,0122GP031,2022-01-20,1:06 PM,Other impacts,0,NORTH PLATTE,NE,13.0,2,Day,Cloudy,Yard,Yard/switching,5,41399,0,41399,E49C,41.146686000000003,-100.837987
CSX,000152743,2015-10-03,6:10 AM,Other impacts,0,GREENWOOD,SC,55.0,4,Dark,Rain,Yard,Cut of cars,0,0,0,35293,H301,34.176627000000003,-82.187180999999995
BNSF,NW1022102,2022-10-04,3:45 PM,Derailment,0,KLAMATH FALLS,OR,70.0,2,Day,Clear,Main,Freight Train,8,31000,0,632383,E45C,42.240490000000001,-121.78157299999999
KO,IN210517,2021-05-17,3:30 PM,Other impacts,0,GREAT BEND,KS,70.0,2,Day,Clear,Main,Cut of cars,0,24000,0,24600,H302,38.364362999999997,-98.663408000000004
NS,151432,2022-11-11,1:45 AM,Derailment,0,TOLEDO,OH,59.0,4,Dark,Rain,Main,,0,0,22935,198815,M204,41.668553000000003,-83.478081000000003
CP,1001643235,2022-02-08,2:45 PM,Other impacts,0,CLINTON,IA,47.0,2,Day,Clear,Yard,Yard/switching,4,227849,0,235845,H302,41.828659999999999,-90.199550000000002
NS,154201,2023-09-12,9:50 AM,Other impacts,0,WAYNESBURG,PA,70.0,2,Day,Clear,Main,Spec. MoW Equip.,18,41000,0,41000,H402,39.913724999999999,-80.227267999999995
BNSF,TX0515101,2015-05-10,6:50 AM,Derailment,0,FORT WORTH,TX,50.0,1,Dawn,Rain,Main,Freight Train,24,1017493,190448,1207941,M105,32.921942999999999,-97.361385999999996
UP,0623TO012,2023-06-06,9:00 AM,Other (describe in narrative),0,FORT WORTH,TX,74.0,2,Day,Clear,Yard,Single Car,0,73392,0,73392,E21C,32.720956000000001,-97.381152999999998
CSX,000173334,2017-12-08,2:07 PM,Derailment,0,UNION,NJ,36.0,2,Day,Clear,Main,Freight Train,34,1117478,0,2047522,T220,40.681102000000003,-74.242783000000003
BNSF,MT0918103,2018-09-07,4:30 AM,Other impacts,0,GREAT FALLS,MT,55.0,1,Dawn,Clear,Yard,Yard/switching,4,40222,0,40222,H021,47.503295999999999,-111.328423
SRN,SRN112015,2015-11-24,3:00 AM,Derailment,0,EVADALE,TX,42.0,4,Dark,Clear,Industry,Light loco(s),0,33000,7000,85000,H702,30.355696999999999,-94.045876000000007
UP,0218HO037,2018-02-21,3:58 PM,Other impacts,0,HOUSTON,TX,75.0,2,Day,Cloudy,Yard,Single Car,0,19392,0,28682,S006,29.793202999999998,-95.297478999999996
IC,907798,2016-12-02,2:57 PM,Hwy-rail crossing,0,INDEPENDENCE,LA,65.0,2,Day,Clear,Main,Freight Train,40,0,10900,10900,M399,30.562840999999999,-90.478774999999999
UP,0715HO030,2015-07-18,10:40 AM,Other impacts,0,HOUSTON,TX,86.0,2,Day,Cloudy,Yard,Yard/switching,10,0,0,11590,H317,29.807804999999998,-95.292334999999994
NS,144134,2022-01-25,8:30 AM,Derailment,0,NEWARK,NJ,39.0,2,Day,Clear,Yard,Freight Train,5,12160,0,23128,T213,40.709879999999998,-74.143169999999998
SEPA,19138,2015-08-22,6:03 AM,Other (describe in narrative),0,CHESTER,PA,73.0,1,Dawn,Clear,Main,Passenger Train - Pulling,30,11127,0,25362,E78L,39.842072000000002,-75.375608999999997
UP,0915FW001,2015-09-02,8:00 AM,Other (describe in narrative),0,FORT WORTH,TX,73.0,2,Day,Cloudy,Yard,Single Car,0,34094,0,34094,E29C,32.724333000000001,-97.377707999999998
BNSF,TX0615100,2015-06-03,2:05 PM,Derailment,0,ARDMORE,OK,90.0,2,Day,Clear,Main,Freight Train,21,3057,7500,10557,E46C,34.166860999999997,-97.128788999999998
UP,1116FW001,2016-11-06,6:50 PM,Other impacts,0,FORT WORTH,TX,63.0,3,Dusk,Cloudy,Yard,Yard/switching,4,284398,0,582137,H706,32.726404000000002,-97.368015999999997
BNSF,SW0717201,2017-07-24,2:38 PM,Hwy-rail crossing,0,ROSWELL,NM,92.0,2,Day,Clear,Main,Freight Train,41,22000,0,22000,M302,33.559997000000003,-104.383797
CSX,000186494,2019-11-08,5:35 PM,Other impacts,0,NASHVILLE,TN,45.0,2,Day,Clear,Yard,Cut of cars,4,0,548,20083,M408,36.112141999999999,-86.770736999999997
IC,918883,2017-04-10,9:15 AM,Derailment,0,MEMPHIS,TN,70.0,2,Day,Clear,Yard,Yard/switching,6,31609,250,31859,H318,35.178930000000001,-89.964815000000002
UP,0317HO024,2017-03-08,9:47 AM,Other impacts,0,LA PORTE,TX,65.0,2,Day,Cloudy,Yard,Yard/switching,3,0,50018,68387,M411,29.680771,-95.039088000000007
BNSF,RD0817118,2017-08-12,1:28 PM,Other impacts,0,FORT WORTH,TX,93.0,2,Day,Rain,Yard,Yard/switching,10,11538,0,11538,H601,32.819631000000001,-97.327729000000005
NS,139201,2020-09-19,3:30 PM,Derailment,0,CORINTH,MS,70.0,2,Day,Clear,Main,,0,0,1502,1502,H704,34.931005999999996,-88.502853000000002
NS,140792,2021-03-02,4:00 AM,Other impacts,0,WEST FAIRVIEW,PA,21.0,1,Dawn,Clear,Yard,Cut of cars,6,46906,0,185222,M404,40.279806999999998,-76.922450999999995
CSX,000168733,2017-05-06,6:17 PM,Hwy-rail crossing,0,ORLANDO,KY,70.0,2,Day,Clear,Main,Freight Train,41,0,25092,25092,M302,37.433624999999999,-84.312199000000007
BNSF,PR0417100,2017-04-01,1:45 PM,Derailment,0,WYOLA,MT,53.0,2,Day,Clear,Main,Freight Train,43,54621,1650000,1704621,E60C,45.179104000000002,-107.39023299999999
BNSF,RD1022116,2022-10-17,10:00 AM,Fire/violent rupture,0,TULSA,OK,55.0,2,Day,Clear,Yard,Single Car,0,13847,0,13847,M406,36.127381,-96.010135000000005
UP,0421PN019,2021-04-15,9:45 PM,Other impacts,0,PORTLAND,OR,47.0,4,Dark,Clear,Yard,Single Car,2,42190,0,56866,H018,45.605910999999999,-122.775779
CSX,000158094,2016-03-14,11:30 PM,Derailment,0,HAMLET,NC,55.0,4,Dark,Clear,Yard,Freight Train,0,39537,928,123925,E29C,34.914628999999998,-79.670655999999994
BNSF,RD0618206,2018-06-30,3:58 PM,Hwy-rail crossing,0,LELIA LAKE,TX,88.0,2,Day,Clear,Main,Freight Train,41,8500,30000,38500,M302,34.916325999999998,-100.829832
NS,121823,2016-08-25,7:30 PM,Derailment,0,ANNVILLE,PA,82.0,3,Dusk,Clear,Industry,Light loco(s),6,25970,0,25970,M101,40.328125999999997,-76.546921999999995
UP,0318SA015,2018-03-25,4:43 AM,Other impacts,0,SAN ANTONIO,TX,50.0,4,Dark,Clear,Industry,Light loco(s),0,10748,0,15940,H607,29.321805000000001,-98.644118000000006
NS,141012,2021-03-23,12:18 PM,Other (describe in narrative),0,HAZLETON,PA,58.0,2,Day,Clear,Yard,Freight Train,1,25880,851,26731,H702,40.952582,-75.968570999999997
UP,0616HO017,2016-06-08,11:30 AM,Other impacts,0,HOUSTON,TX,90.0,2,Day,Cloudy,Yard,Yard/switching,4,0,0,11790,M411,29.804317000000001,-95.305019999999999
UP,0921GC023,2021-09-16,3:45 PM,Other impacts,0,MARINGOUIN,LA,87.0,2,Day,Clear,Yard,Yard/switching,6,791,14560,15351,H523,30.524317,-91.551376000000005
BNSF,GC0115111,2015-01-28,9:55 PM,Derailment,0,TEAGUE,TX,54.0,4,Dark,Clear,Yard,Freight Train,3,8601,7200,15801,H307,31.6294,-96.286580999999998
CSX,000207868,2022-10-17,9:52 PM,Derailment,0,WALBRIDGE,OH,40.0,4,Dark,Cloudy,Yard,Yard/switching,7,39274,18804,58078,T222,41.589911000000001,-83.496928999999994
AWRR,180922001,2018-09-22,4:00 AM,Derailment,0,LIBERTY HILL,TX,75.0,4,Dark,Clear,Main,Freight Train,33,1108839,110000,1218839,M103,30.70101,-97.951832999999993
UP,0418NP012,2018-04-16,5:09 PM,Other impacts,0,NORTH PLATTE,NE,52.0,2,Day,Clear,Yard,Yard/switching,7,12354,15200,33303,M411,41.146788000000001,-100.833913
GTW,1129785,2023-03-31,9:30 AM,Hwy-rail crossing,0,BATTLE CREEK,MI,52.0,2,Day,Cloudy,Main,,0,0,0,14243,M308,42.372619999999998,-85.102670000000003
UP,0619GP014,2019-06-09,3:26 PM,Other impacts,0,NORTH PLATTE,NE,67.0,2,Day,Clear,Yard,Single Car,0,6262,0,24676,M411,41.148524000000002,-100.842691
UP,1217SA003,2017-12-05,1:30 AM,Derailment,0,THREE RIVERS,TX,70.0,4,Dark,Cloudy,Industry,Yard/switching,4,11995,165,12160,H307,28.464790000000001,-98.185193999999996
CSX,000181586,2019-02-27,3:15 PM,Derailment,0,NASHVILLE,TN,68.0,2,Day,Clear,Main,Freight Train,24,221763,135820,357583,E40C,36.146926000000001,-86.771829999999994
BNSF,SF0416108,2016-04-20,6:47 PM,Other impacts,0,TULSA,OK,67.0,3,Dusk,Clear,Yard,Yard/switching,8,12918,0,12918,H316,36.117958000000002,-96.012433999999999
CSX,000210346,2023-03-16,2:10 PM,Derailment,0,COLUMBUS,OH,61.0,2,Day,Clear,Yard,Cut of cars,4,54305,542,54847,M599,39.899996000000002,-82.967933000000002
NS,141778,2021-06-05,1:08 AM,Other impacts,0,WEST FAIRVIEW,PA,72.0,4,Dark,Clear,Yard,Yard/switching,0,85973,8005,153550,E30C,40.279806999999998,-76.922450999999995
UP,0915SA009,2015-09-13,12:10 AM,Derailment,0,SAN ANTONIO,TX,85.0,4,Dark,Cloudy,Yard,Yard/switching,4,30083,0,30083,H308,29.361363000000001,-98.569568000000004
NS,152267,2023-02-11,1:25 AM,Other impacts,0,BELLEVUE,OH,23.0,4,Dark,Clear,Yard,Freight Train,3,32753,17701,303030,M408,41.295824000000003,-82.770527000000001
UP,1214KC016,2014-12-31,11:15 PM,Other impacts,0,KANSAS CITY,MO,20.0,4,Dark,Cloudy,Yard,Yard/switching,7,20156,1392,43073,H307,39.120125000000002,-94.534952000000004
UP,0917SA008,2017-09-11,12:30 PM,Hwy-rail crossing,0,CAMPBELLTON,TX,88.0,2,Day,Clear,Main,Freight Train,40,256361,72256,328617,M303,28.751346999999999,-98.308392999999995
CSX,000211322,2023-05-15,4:30 PM,Derailment,0,STERLING,OH,67.0,3,Dusk,Clear,Main,Freight Train,56,80912,166745,247657,E07C,40.968857999999997,-81.845275999999998
BNSF,TC0415104,2015-04-01,11:59 PM,Side collision,0,MANDAN,ND,30.0,4,Dark,Clear,Yard,Yard/switching,4,6766,0,15884,H318,46.824247999999997,-100.89922900000001
CSX,000201365,2021-11-17,6:10 AM,Hwy-rail crossing,0,DUNN,NC,45.0,1,Dawn,Clear,Main,Freight Train,20,26449,95,84572,M302,35.309154999999997,-78.609677000000005
BNSF,SW1217100,2017-12-01,7:55 AM,Derailment,0,ELIDA,NM,40.0,1,Dawn,Clear,Main,Freight Train,44,206346,60800,267146,T215,33.987105999999997,-103.612291
NS,139259,2020-09-25,6:38 PM,Hwy-rail crossing,0,DECATUR,IL,78.0,3,Dusk,Clear,Yard,Yard/switching,4,32000,0,32000,M302,39.863309000000001,-88.900324999999995
BNSF,RD1117113,2017-11-17,5:45 PM,Side collision,0,TEMPLE,TX,70.0,3,Dusk,Clear,Yard,Freight Train,0,1964,0,19276,H318,31.106227000000001,-97.348966000000004
CSX,000176903,2018-06-10,10:25 PM,Other impacts,0,NASHVILLE,TN,81.0,4,Dark,Cloudy,Yard,Cut of cars,10,0,16640,55534,H995,36.112141999999999,-86.770736999999997
CSX,000189059,2020-03-11,9:29 PM,Side collision,0,INDIANAPOLIS,IN,49.0,4,Dark,Cloudy,Yard,Yard/switching,2,129723,0,141301,H702,39.759791,-86.327526000000006
UP,0215HO027,2015-02-16,7:14 PM,Derailment,0,DAYTON,TX,50.0,4,Dark,Clear,Main,,0,0,5814,75915,H607,29.990929999999999,-94.908057999999997
UP,0915HO024,2015-09-17,10:48 AM,Derailment,0,HOUSTON,TX,80.0,2,Day,Clear,Yard,Yard/switching,6,194,12153,12347,S007,29.825883999999999,-95.289484000000002
BNSF,SF1114117,2014-11-26,2:00 PM,Derailment,0,TULSA,OK,45.0,2,Day,Clear,Yard,Yard/switching,6,313297,39000,352297,H312,36.130519999999997,-96.010279999999995
BNSF,CH0818123,2018-08-30,5:51 AM,Derailment,0,CHICAGO,IL,67.0,1,Dawn,Clear,Yard,Cut of cars,0,1341,0,76714,H503,41.813887000000001,-87.716841000000002
UP,0615HO051,2015-06-26,8:08 AM,Other impacts,0,LA PORTE,TX,80.0,2,Day,Cloudy,Yard,Single Car,0,18605,0,28723,M404,29.690912000000001,-95.050438999999997
UP,0515HO006,2015-05-03,8:05 AM,Other impacts,0,HOUSTON,TX,72.0,2,Day,Clear,Yard,Single Car,0,301,0,12847,M411,29.816410000000001,-95.290373000000002
WC,912121,2017-01-26,11:44 AM,Hwy-rail crossing,0,STEPHENSON,MI,35.0,2,Day,Clear,Main,Freight Train,39,12350,0,12350,M304,45.492592999999999,-87.602084000000005
CRSH,138138,2020-06-03,11:12 PM,Derailment,0,MARCUS HOOK,PA,70.0,4,Dark,Cloudy,Yard,Yard/switching,2,102575,3500,106075,H018,39.808135999999998,-75.430148000000003
UP,0415FW018,2015-04-20,2:15 PM,Obstruction,0,BENBROOK,TX,75.0,2,Day,Clear,Yard,Spec. MoW Equip.,25,7023,152,34982,H997,32.689762000000002,-97.456300999999996
UP,0917LK009,2017-09-12,4:45 AM,Derailment,0,TEXARKANA,TX,59.0,1,Dawn,Clear,Siding,Freight Train,8,20507,3192,23699,H526,33.393374999999999,-94.126532999999995
BNSF,GC1214105,2014-12-22,2:32 AM,Raking collision,0,TEMPLE,TX,54.0,4,Dark,Cloudy,Yard,Freight Train,6,4879,0,25879,H307,31.095310000000001,-97.345347000000004
UP,1216HO014,2016-12-08,1:05 AM,Derailment,0,DAYTON,TX,55.0,4,Dark,Rain,Yard,Yard/switching,10,440387,57,743411,H306,30.00066,-94.905068
UP,0315HU002,2015-03-03,10:05 AM,Raking collision,0,HOUSTON,TX,70.0,2,Day,Cloudy,Yard,Light loco(s),13,28039,16753,134354,E99L,29.824722000000001,-95.290816000000007
UP,0515LV001,2015-05-03,6:45 PM,Derailment,0,BEAUMONT,TX,75.0,3,Dusk,Clear,Yard,,0,0,40997,115859,H607,30.076042999999999,-94.107324000000006
CSX,000201927,2021-12-17,4:21 PM,Other impacts,0,OREGON,OH,37.0,3,Dusk,Clear,Yard,Cut of cars,5,13518,0,13518,E99C,41.589911000000001,-83.496928999999994
ATK,179358,2024-04-15,5:22 PM,Other (describe in narrative),0,METUCHEN,NJ,75.0,2,Day,Clear,Main,Passenger Train - Pulling,110,27389,20542,47931,E78L,40.539689000000003,-74.364237000000003
UP,0415FW015,2015-04-15,4:15 PM,Derailment,0,ARLINGTON,TX,84.0,2,Day,Clear,Yard,Freight Train,7,2010,12170,14180,E41C,32.739303999999997,-97.046222
CSX,000162089,2016-08-14,3:23 AM,Derailment,0,NEW CASTLE,PA,78.0,4,Dark,Fog,Main,Freight Train,21,37194,26700,63894,E79L,40.991838999999999,-80.400150999999994
CMTY,20230224A,2023-02-24,5:42 PM,Hwy-rail crossing,0,LEANDER,TX,45.0,2,Day,Clear,Main,DMU,55,384279,3000,387279,M302,30.574829000000001,-97.851132000000007
CP,1001643235,2022-02-08,2:45 PM,Other impacts,0,CLINTON,IA,47.0,2,Day,Clear,Yard,Cut of cars,0,7996,0,235845,H302,41.828659999999999,-90.199550000000002
KCS,16123101,2016-12-31,3:13 AM,Derailment,0,WYLIE,TX,49.0,4,Dark,Clear,Yard,Freight Train,18,28318,115767,144085,H703,33.030124000000001,-96.491904000000005
ATK,163392,2020-03-07,1:19 PM,Derailment,0,CHICAGO RIDGE,IL,51.0,2,Day,Clear,Main,Passenger Train - Pulling,12,219968,104500,324468,T222,41.878647999999998,-87.642595
CSX,000158293,2016-03-17,7:00 PM,Derailment,0,WALPOLE,MA,48.0,3,Dusk,Cloudy,Yard,Freight Train,4,2064,0,20126,T217,42.147658999999997,-71.258983999999998
CSX,000162410,2016-06-21,12:30 AM,Raking collision,0,MANVILLE,NJ,71.0,4,Dark,Clear,Yard,,0,0,0,33300,E39C,40.547831000000002,-74.574546999999995
CSX,000211085,2023-04-30,6:05 PM,Side collision,0,WALBRIDGE,OH,55.0,2,Day,Clear,Yard,Freight Train,6,113146,17796,147749,H306,41.589934,-83.496943999999999
CSX,000154548,2015-11-22,7:30 AM,Derailment,0,YOUNGSTOWN,OH,31.0,1,Dawn,Clear,Yard,Freight Train,9,4000,7000,11000,H993,41.138514000000001,-80.702714
ATK,171642,2022-07-06,6:43 AM,Hwy-rail crossing,0,SUTTON,NE,70.0,1,Dawn,Cloudy,Main,Passenger Train - Pulling,76,22004,0,22004,M303,40.622630000000001,-97.8245
UP,1021ES055,2021-10-25,12:23 PM,Hwy-rail crossing,0,PLAQUEMINE,LA,82.0,2,Day,Clear,Industry,Spec. MoW Equip.,5,39044,33,39077,M302,30.238278000000001,-91.203884000000002
CSX,000160976,2016-06-30,5:11 PM,Hwy-rail crossing,0,CHESTER,SC,88.0,2,Day,Clear,Main,Freight Train,35,42980,627,43607,M303,34.739362999999997,-81.131681
UP,0515FW009,2015-05-16,10:20 AM,Fire/violent rupture,0,FORT WORTH,TX,78.0,2,Day,Cloudy,Yard,Single Car,0,24590,0,24590,E99C,32.767257000000001,-97.323312999999999
UP,0515HO034,2015-05-22,11:00 PM,Derailment,0,HOUSTON,TX,82.0,4,Dark,Clear,Yard,Freight Train,3,1759,72504,74263,T211,29.810558,-95.262275000000002
WRRC,2015002,2015-07-11,10:30 PM,Other impacts,0,NEW BRAUNFELS,TX,80.0,4,Dark,Clear,Yard,Yard/switching,14,381000,36000,417000,E06L,29.675000000000001,-98.103200000000001
CSX,000200303,2021-09-24,8:43 PM,Derailment,0,CONNELLSVILLE,PA,66.0,3,Dusk,Clear,Yard,Freight Train,8,12477,754,13231,H605,40.015495999999999,-79.591662999999997
BNSF,PR0920105,2020-09-14,6:11 PM,Derailment,0,BILL,WY,80.0,3,Dusk,Clear,Main,,0,0,671519,2425109,E53C,42.849094999999998,-105.207978
UP,0418HO022,2018-04-13,4:00 AM,Side collision,0,SWEENY,TX,73.0,4,Dark,Cloudy,Industry,Freight Train,5,125061,99,132663,H307,29.034559000000002,-95.737728000000004
UP,1117HO005,2017-11-03,3:51 PM,Hwy-rail crossing,0,HOUSTON,TX,85.0,2,Day,Cloudy,Main,Freight Train,17,250,90446,90696,M304,29.679545000000001,-95.367366000000004
CSX,000203060,2022-02-13,7:45 AM,Derailment,0,NASHVILLE,TN,23.0,1,Dawn,Clear,Yard,Cut of cars,6,27418,111,27529,M411,36.112136,-86.770713000000001
IC,1121101,2022-12-20,10:45 AM,Derailment,0,FLORA,MS,46.0,2,Day,Rain,Main,Maint./inspect Car,19,16000,0,16000,M599,32.479550000000003,-90.288048000000003
NS,156351,2024-04-14,3:18 AM,Side collision,0,BUFFALO,NY,45.0,4,Dark,Rain,Yard,Freight Train,7,8500,0,49051,H305,42.901926000000003,-78.773365999999996
CSX,000181714,2019-03-06,4:11 PM,Derailment,0,STOYSTOWN,PA,10.0,3,Dusk,Snow,Industry,Freight Train,8,39484,30000,69484,T221,40.065382,-78.936975000000004
BNSF,RD1216119,2016-12-28,8:30 AM,Derailment,0,HOUSTON,TX,79.0,1,Dawn,Cloudy,Yard,Freight Train,4,9000,9500,18500,H525,29.698537999999999,-95.327585999999997
CRSH,144032,2022-01-14,9:40 PM,Derailment,0,NEWARK,NJ,25.0,4,Dark,Clear,Yard,,0,0,9428,14578,H704,40.686534999999999,-74.162575000000004
UP,0417FW017,2017-04-15,5:40 AM,Other impacts,0,MONAHANS,TX,60.0,4,Dark,Clear,Yard,Freight Train,5,82441,0,82441,H318,31.603348,-102.862576
NS,154448,2023-10-09,1:36 PM,Other (describe in narrative),0,COLUMBIA,SC,88.0,2,Day,Clear,Yard,Yard/switching,5,4768,22960,27728,H702,33.985295999999998,-81.039107000000001
UP,0223GP005,2023-02-03,4:10 PM,Other impacts,0,NORTH PLATTE,NE,38.0,2,Day,Clear,Yard,Yard/switching,4,38719,0,39891,M411,41.152799999999999,-100.822907
NS,152765,2023-04-09,11:30 PM,Derailment,0,BELLEVUE,OH,35.0,4,Dark,Clear,Yard,Yard/switching,4,45025,46791,91816,H504,41.294313000000002,-82.777839
CSX,000179517,2018-10-26,2:15 AM,Derailment,0,MEMPHIS,TN,48.0,4,Dark,Clear,Industry,Freight Train,7,18062,1768,127382,H702,35.149500000000003,-90.049000000000007
CSX,000205218,2022-05-28,2:40 PM,Side collision,0,CHATTANOOGA,TN,66.0,2,Day,Clear,Yard,Freight Train,0,42905,0,107662,H702,35.012656999999997,-85.371486000000004
CSX,000159414,2016-04-30,8:20 PM,Side collision,0,SELKIRK,NY,55.0,4,Dark,Clear,Yard,Yard/switching,0,13966,0,69232,H306,42.565902999999999,-73.854184000000004
BNSF,RD0624117,2024-06-16,6:44 AM,Derailment,0,TULSA,OK,80.0,1,Dawn,Clear,Yard,Yard/switching,9,9498,51690,61188,E09C,36.125521999999997,-96.011909000000003
NS,152265,2023-02-10,9:38 AM,Derailment,0,PORTSMOUTH,OH,48.0,2,Day,Cloudy,Yard,Yard/switching,5,11000,8535,19535,H508,38.736826000000001,-82.957245999999998
UP,0616FW006,2016-06-08,10:30 AM,Derailment,0,BAIRD,TX,83.0,2,Day,Clear,Main,Work train,4,140395,25421,165816,M103,32.390307999999997,-99.365103000000005
NS,124878,2017-05-01,2:41 AM,Derailment,0,MASCOT,TN,66.0,4,Dark,Clear,Yard,Freight Train,7,3325,48374,51699,E42C,36.033005000000003,-83.817278000000002
NS,153963,2023-08-11,3:15 AM,Other impacts,0,CONWAY,PA,78.0,4,Dark,Clear,Yard,Light loco(s),0,39,0,17308,H302,40.672362,-80.251825999999994
BNSF,GC0215104,2015-02-10,11:55 PM,Derailment,0,HOUSTON,TX,51.0,4,Dark,Clear,Yard,Yard/switching,6,12500,2500,15000,H703,29.719116,-95.333915000000005
UP,1216FW003,2016-12-02,5:58 PM,Hwy-rail crossing,0,ODESSA,TX,48.0,3,Dusk,Rain,Main,Freight Train,60,27906,2500,30406,M304,31.898099999999999,-102.263008
UP,0715FW015,2015-07-16,1:30 PM,Hwy-rail crossing,0,BIG SPRING,TX,100.0,2,Day,Clear,Main,Freight Train,54,51278,14658,65936,M308,32.176312000000003,-101.65907199999999
NS,137722,2020-04-13,7:53 AM,Other (describe in narrative),0,ALLENTOWN,PA,62.0,1,Dawn,Rain,Yard,Yard/switching,2,66887,5425,72312,H306,40.601252000000002,-75.441087999999993
CSX,000196792,2021-04-03,8:41 AM,Fire/violent rupture,0,TIFFIN,OH,36.0,2,Day,Cloudy,Main,Freight Train,25,26016,0,26016,E99L,41.115664000000002,-83.134997999999996
UP,0417SA006,2017-04-03,7:30 PM,Other (describe in narrative),0,SAN ANTONIO,TX,80.0,3,Dusk,Clear,Yard,Yard/switching,7,0,15051,15051,H303,29.359114000000002,-98.571423999999993
UP,0617LV018,2017-06-21,2:00 AM,Derailment,0,VIDOR,TX,84.0,4,Dark,Cloudy,Industry,Yard/switching,3,15016,8985,24001,H508,30.097443999999999,-94.006140000000002
ATK,155880,2018-02-20,9:16 PM,Fire/violent rupture,0,CANASTOTA,NY,45.0,4,Dark,Cloudy,Main,Passenger Train - Pulling,75,19246,0,19246,E49L,43.078510999999999,-75.735482000000005
CSX,000167922,2017-04-01,6:30 PM,Derailment,0,LOUISVILLE,KY,60.0,3,Dusk,Clear,Yard,Freight Train,4,58038,13200,71238,H525,38.279950999999997,-85.516779
CSX,000157985,2016-03-11,9:40 AM,Derailment,0,AVON,IN,40.0,2,Day,Cloudy,Industry,Yard/switching,2,12631,9850,22481,E76L,39.758381,-86.390743000000001
TXN,181020001,2018-10-20,1:40 AM,Derailment,0,WINK,TX,47.0,4,Dark,Clear,Main,Freight Train,9,587398,5000,592398,T211,31.730081999999999,-103.088658
MBTA,YR202227,2022-02-25,3:30 PM,Hwy-rail crossing,0,LITTLETON,MA,20.0,2,Day,Snow,Main,Commuter Train - Pulling,51,5472,10230,15702,M302,42.53819,-71.512353000000004
BNSF,PR0423202,2023-04-07,9:00 AM,Hwy-rail crossing,0,MORRILL,NE,65.0,2,Day,Clear,Main,Freight Train,40,14421,0,14421,M302,41.960639999999998,-103.91
UP,0316FW012,2016-03-16,9:27 AM,Fire/violent rupture,0,WILLS POINT,TX,69.0,2,Day,Clear,Main,Freight Train,30,62610,0,62610,E73L,32.712808000000003,-96.076498999999998
CSX,000188986,2020-03-09,3:43 AM,Other impacts,0,NORTH BALTIMORE,OH,50.0,4,Dark,Cloudy,Yard,Yard/switching,15,45499,0,45499,H307,41.182015999999997,-83.684342000000001
UP,0616LV005,2016-06-02,9:01 AM,Obstruction,0,LIVINGSTON,TX,73.0,2,Day,Cloudy,Main,Freight Train,50,12275,2297,14572,M503,30.706230999999999,-94.938182999999995