reportingrailroadcode,accidentnumber,date,time,accidenttype,hazmatreleasedcars,station,stateabbr,temperature,visibility_code,visibility,weathercondition,tracktype,equipmenttype,trainspeed,equipmentdamagecost,trackdamagecost,totaldamagecost,primaryaccidentcausecode,latitude,longitude
UP,1117KC003,2017-11-03,4:52 PM,Derailment,0,KANSAS CITY,MO,50.0,2,Day,Clear,Yard,Yard/switching,5,5858,4884,10742,E07C,39.122331000000003,-94.514645999999999
NS,154308,2023-08-20,5:20 PM,Other impacts,0,LANCASTER,PA,85.0,3,Dusk,Clear,Yard,Cut of cars,2,25000,0,25000,E29C,40.057577999999999,-76.331147000000001
UP,0418SA005,2018-04-04,2:00 PM,Derailment,0,SAN ANTONIO,TX,75.0,2,Day,Clear,Industry,Freight Train,3,17160,157,17317,M101,29.591777,-98.587808999999993
KCS,22110802,2022-11-08,9:10 PM,Derailment,0,SHADY POINT,OK,70.0,4,Dark,Clear,Industry,Freight Train,2,2130,27760,29890,H306,35.203110000000002,-94.653784999999999
UP,0817SA020,2017-08-15,8:35 AM,Derailment,0,HEARNE,TX,81.0,2,Day,Clear,Main,Freight Train,5,10000,8521,18521,H702,30.883005000000001,-96.595482000000004
INRD,644270,2020-10-30,12:13 PM,Derailment,0,TERRE HAUTE,IN,55.0,2,Day,Clear,Siding,,0,0,2500,133484,E4BC,39.410786999999999,-87.381777
NS,115400,2015-04-25,5:45 AM,Other impacts,0,BELLEVUE,OH,41.0,1,Dawn,Rain,Yard,Yard/switching,4,57345,0,64977,H306,41.288345999999997,-82.803539000000001
PBVR,080818,2018-08-08,8:52 AM,Other impacts,0,PEARLINGTON,MS,87.0,2,Day,Clear,Siding,Yard/switching,3,12410,0,12410,E08C,30.222038000000001,-89.575350999999998
BNSF,HL0118117,2018-01-19,1:10 AM,Derailment,0,SIKESTON,MO,12.0,4,Dark,Clear,Industry,Freight Train,3,14108,0,14108,M101,36.880087000000003,-89.619248999999996
CSX,000178365,2018-08-23,4:20 PM,Derailment,0,PHILADELPHIA,PA,83.0,2,Day,Clear,Main,Freight Train,8,15678,2157,17835,M404,39.947615999999996,-75.184668000000002
KCS,20021402,2020-02-14,4:45 PM,Derailment,0,HEAVENER,OK,48.0,2,Day,Clear,Main,Freight Train,8,4399,15937,20336,H306,34.888449000000001,-94.602991000000003
DCTA,DCTA15001,2015-08-06,8:40 AM,Hwy-rail crossing,0,LAKE DALLAS,TX,88.0,2,Day,Clear,Main,DMU,52,316000,176514,492514,M302,33.122588,-97.032477999999998
UP,0418FW036,2018-04-23,5:10 PM,Derailment,0,FORT WORTH,TX,76.0,2,Day,Clear,Yard,Yard/switching,7,10788,300,11088,H522,32.72486,-97.371261000000004
UP,0220HL029,2020-02-28,8:10 PM,Derailment,0,SMITHTON,MO,33.0,4,Dark,Clear,Main,Freight Train,2,291977,249791,541768,H518,38.684113000000004,-93.112385000000003
KCS,15101602,2015-10-16,5:25 PM,Other impacts,0,ARTESIA,MS,85.0,2,Day,Clear,Yard,Yard/switching,3,7014,0,10828,H503,33.415481,-88.643279000000007
BNSF,HL0822204,2022-08-29,4:05 PM,Hwy-rail crossing,0,WESTALTON,MO,90.0,2,Day,Clear,Main,Freight Train,51,500,30000,30500,M302,38.905610000000003,-90.314165000000003
BNSF,TC0719202,2019-07-24,4:51 PM,Hwy-rail crossing,0,RUTHTON,MN,85.0,2,Day,Clear,Main,Freight Train,26,15000,500,15500,M302,44.138868000000002,-96.120610999999997
BNSF,PR0918206,2018-09-27,10:19 AM,Hwy-rail crossing,0,INLAND,NE,65.0,2,Day,Clear,Main,Freight Train,56,10000,60000,70000,M302,40.596848000000001,-98.212857
BNSF,CH0622101,2022-06-05,11:05 AM,Derailment,0,CHANNAHON,IL,74.0,2,Day,Clear,Yard,Yard/switching,4,33151,40000,73151,H403,41.418278000000001,-88.171334000000002
UP,0415SA008,2015-04-12,9:15 AM,Derailment,0,SAN ANTONIO,TX,68.0,2,Day,Rain,Industry,Yard/switching,3,15809,1400,17209,H307,29.347301000000002,-98.461477000000002
ATK,164495,2020-05-29,10:45 AM,Hwy-rail crossing,0,BAINVILLE,MT,63.0,2,Day,Clear,Main,Passenger Train - Pulling,77,100000,0,126000,M302,48.140267000000001,-104.33634499999999
CSX,000217353,2024-04-11,9:00 PM,Other impacts,0,FLORENCE,SC,60.0,4,Dark,Clear,Yard,Cut of cars,0,11615,0,13940,M201,34.198270000000001,-79.762484999999998
BNSF,HL0618114,2018-06-26,11:45 PM,Derailment,0,MEMPHIS,TN,82.0,4,Dark,Clear,Yard,Yard/switching,10,42395,156000,207895,H607,35.029178000000002,-89.898816999999994
UP,0221TO003,2021-02-05,6:55 AM,Other (describe in narrative),0,LA MESA,NM,36.0,1,Dawn,Clear,Main,Freight Train,19,0,28000,28000,H607,31.954909000000001,-106.80040200000001
BNSF,MT0718107,2018-07-21,11:30 AM,Derailment,0,HARDIN,MT,85.0,2,Day,Clear,Siding,,0,0,159753,159753,H510,45.826787000000003,-107.09951700000001
CSX,000189998,2020-05-02,2:38 AM,Broken train collision,0,CUMBERLAND,MD,48.0,4,Dark,Cloudy,Yard,Yard/switching,7,0,0,383999,E30C,39.644503999999998,-78.760839000000004
CRSH,131495,2018-10-30,9:40 AM,Raking collision,0,DETROIT,MI,49.0,2,Day,Cloudy,Yard,Yard/switching,5,3387,200,57544,H702,42.383795999999997,-82.974525
CSX,000189137,2020-03-16,7:15 AM,Side collision,0,CINCINNATI,OH,40.0,4,Dark,Clear,Yard,Single Car,0,0,0,14572,S014,39.124550999999997,-84.542520999999994
UP,0320GC002,2020-03-05,4:09 AM,Derailment,0,LIVONIA,LA,56.0,1,Dawn,Cloudy,Yard,Single Car,4,14380,0,32349,S006,30.530118000000002,-91.558875
UP,0916PR009,2016-09-15,12:30 PM,Other impacts,0,NORTHLAKE,IL,87.0,2,Day,Clear,Yard,Single Car,0,0,0,75912,M411,41.90945,-87.915287000000006
CSX,000201519,2021-11-24,10:35 PM,Derailment,0,NASHVILLE,TN,51.0,4,Dark,Clear,Yard,Yard/switching,5,422529,40082,462611,H317,36.112141999999999,-86.770736999999997
BNSF,RD0819125,2019-08-18,6:15 PM,Side collision,0,TULSA,OK,85.0,3,Dusk,Clear,Yard,Yard/switching,0,21001,2000,33996,M407,36.123044999999998,-96.010920999999996
UP,1022PN017,2022-10-16,9:20 AM,Other (describe in narrative),0,STANFIELD,OR,58.0,2,Day,Clear,Yard,Light loco(s),4,0,13900,13900,H307,45.791643999999998,-119.242909
UP,0815SA012,2015-08-14,5:50 AM,Raking collision,0,SAN ANTONIO,TX,79.0,4,Dark,Clear,Yard,Yard/switching,6,7794,0,11017,H509,29.436454999999999,-98.468057000000002
CSX,000210583,2023-04-02,8:00 AM,Derailment,0,MEMPHIS,TN,70.0,2,Day,Clear,Main,Freight Train,5,2170,0,36208,M201,35.166043999999999,-89.966353999999995
UP,0115HO009,2015-01-08,8:15 PM,Derailment,0,HOUSTON,TX,35.0,4,Dark,Cloudy,Yard,Yard/switching,4,9798,1729,11527,M404,29.826692999999999,-95.288404
CSX,000213315,2023-09-07,4:00 AM,Side collision,0,CONNELLSVILLE,PA,70.0,4,Dark,Cloudy,Yard,Yard/switching,7,152742,0,166624,H307,40.015481000000001,-79.591583999999997
NS,125145,2017-05-21,7:50 AM,Side collision,0,SHELOCTA,PA,60.0,1,Dawn,Clear,Industry,Cut of cars,2,70238,0,146285,H022,40.649420999999997,-79.283207000000004
PTRA,2017000047,2017-10-25,10:00 AM,Derailment,0,HOUSTON,TX,75.0,2,Day,Clear,Yard,Single Car,0,20000,0,20000,H318,29.763017999999999,-95.294185999999996
UP,0918NP021,2018-09-23,5:30 AM,Derailment,0,NORTH PLATTE,NE,60.0,1,Dawn,Clear,Yard,Yard/switching,2,28399,2620,31019,H704,41.151327999999999,-100.81827
UP,0815SA023,2015-08-30,7:38 PM,Derailment,0,EAGLE PASS,TX,95.0,2,Day,Clear,Yard,Work train,5,18969,1158,20127,H303,28.839006999999999,-100.434043
BNSF,PR0115123,2015-01-24,11:15 PM,Derailment,0,CHANNING,TX,39.0,4,Dark,Clear,Main,Freight Train,8,1500,28500,30000,H702,35.685771000000003,-102.330961
UP,0119RM020,2019-01-04,8:30 AM,Other (describe in narrative),0,RAWLINS,WY,30.0,2,Day,Clear,Main,Freight Train,30,9984,8226,18210,E22C,41.755538000000001,-107.459279
UP,0915LK040,2015-09-27,12:30 PM,Fire/violent rupture,0,QUEEN CITY,TX,90.0,2,Day,Clear,Main,Freight Train,40,707971,0,707971,E73L,33.233336999999999,-94.134716999999995
UP,0717LK009,2017-07-07,10:49 AM,RR grade crossing,0,JEFFERSON,TX,80.0,2,Day,Clear,Main,Freight Train,24,298671,131819,1240304,H008,32.764586999999999,-94.355417000000003
CRSH,124882,2017-04-30,9:13 AM,Derailment,0,STERLING,MI,47.0,2,Day,Cloudy,Yard,Yard/switching,6,9455,3800,13255,H702,42.578727000000001,-83.039846999999995
BNSF,RD0419111,2019-04-08,5:19 PM,Derailment,0,TULSA,OK,78.0,3,Dusk,Clear,Yard,Yard/switching,1,12534,6600,19134,H507,36.130696999999998,-96.010354000000007
NS,116639,2015-07-22,6:00 PM,Derailment,0,NORTH CHARLESTON,SC,91.0,3,Dusk,Clear,Yard,Yard/switching,7,150,17576,17726,H318,32.867704000000003,-79.999531000000005
NS,118001,2015-10-30,5:28 PM,Derailment,0,CHOCOWINITY,NC,72.0,3,Dusk,Clear,Yard,Freight Train,6,25100,7500,32600,H306,35.516218000000002,-77.106933999999995
CSX,000218104,2024-05-16,6:15 PM,Other impacts,0,CINCINNATI,OH,70.0,3,Dusk,Clear,Yard,Yard/switching,6,121165,0,132671,H306,39.169004000000001,-84.512103999999994
CSX,000212726,2023-08-05,10:55 PM,Other impacts,0,PHILADELPHIA,PA,80.0,4,Dark,Cloudy,Yard,Yard/switching,9,9114,0,133716,H318,39.898701000000003,-75.166960000000003
UP,0215FW019,2015-02-24,2:30 AM,Derailment,0,FORT WORTH,TX,26.0,4,Dark,Cloudy,Yard,Yard/switching,3,6638,10028,16666,H701,32.717514999999999,-97.324698999999995
CSX,000201079,2021-11-03,7:30 AM,Derailment,0,BELLE MEAD,NJ,39.0,1,Dawn,Clear,Industry,Freight Train,2,800,49930,50730,H307,40.465867000000003,-74.663549000000003
CSX,000191326,2020-07-13,11:48 AM,Hwy-rail crossing,0,ERIE,PA,73.0,2,Day,Clear,Main,Spec. MoW Equip.,25,67000,0,67000,M304,42.113379999999999,-80.103459999999998
BNSF,RD0124201,2024-01-11,10:54 AM,Hwy-rail crossing,0,SEWARD,OK,63.0,2,Day,Clear,Main,Freight Train,55,21974,0,21974,M302,35.798065000000001,-97.490291999999997
UP,0623GP022,2023-06-17,3:27 PM,Derailment,0,NORTH PLATTE,NE,73.0,2,Day,Clear,Yard,Yard/switching,7,41875,119160,161035,H607,41.147300000000001,-100.83079600000001
BNSF,GC1214105,2014-12-22,2:32 AM,Raking collision,0,TEMPLE,TX,54.0,4,Dark,Cloudy,Yard,Yard/switching,7,21000,0,25879,H307,31.095310000000001,-97.345347000000004
NS,146611,2022-09-27,7:26 PM,Derailment,0,BETHLEHEM,PA,59.0,3,Dusk,Clear,Main,Freight Train,6,4178,10000,14178,H525,40.614229000000002,-75.381489000000002
UP,0915LK010,2015-09-08,12:34 AM,RR grade crossing,0,TEXARKANA,TX,82.0,4,Dark,Cloudy,Main,Freight Train,19,2639858,1572511,4664073,H401,33.415588999999997,-94.051147
BNSF,SF0516106,2016-05-09,5:35 PM,Derailment,0,MEMPHIS,TN,73.0,3,Dusk,Cloudy,Main,Yard/switching,5,5000,26500,31500,H501,35.126873000000003,-90.059809000000001
UP,0217LK008,2017-02-07,8:28 PM,Derailment,0,SHREVEPORT,LA,64.0,4,Dark,Clear,Yard,Cut of cars,0,16303,0,16856,H307,32.431128000000001,-93.906396000000001
UP,0215HO033,2015-02-21,6:26 AM,Other impacts,0,HOUSTON,TX,50.0,4,Dark,Cloudy,Yard,Single Car,4,23008,0,23008,M411,29.815719999999999,-95.288297999999998
ATK,139182,2015-09-11,5:43 AM,Other (describe in narrative),0,PHILADELPHIA,PA,75.0,1,Dawn,Clear,Main,Passenger Train - Pulling,30,8278,3513,11791,E78L,39.968322999999998,-75.194979000000004
UP,0519GP035,2019-05-15,9:28 PM,Other (describe in narrative),0,NORTH PLATTE,NE,75.0,4,Dark,Cloudy,Yard,Single Car,0,45338,0,45338,M411,41.149320000000003,-100.852771
UP,0315NP038,2015-03-31,5:30 AM,Derailment,0,NORTH PLATTE,NE,50.0,4,Dark,Clear,Yard,Freight Train,7,7686,4814,12500,H303,41.153129999999997,-100.87071299999999
UP,0218KC024,2018-02-25,7:00 PM,Derailment,0,KANSAS CITY,KS,38.0,4,Dark,Clear,Main,Freight Train,29,174004,56933,230937,M201,39.111497999999997,-94.612024000000005
UP,1214HO021,2014-12-11,10:17 AM,Obstruction,0,HOUSTON,TX,68.0,2,Day,Clear,Yard,Yard/switching,5,1929,57,13151,M202,29.816562000000001,-95.287975000000003
BNSF,PR0818101,2018-08-03,8:30 PM,Derailment,0,ALLIANCE,NE,74.0,3,Dusk,Clear,Yard,Yard/switching,5,50000,0,50000,M101,42.090933,-102.87375900000001
NS,153382,2023-06-17,1:40 PM,Derailment,0,BELLEVUE,OH,75.0,2,Day,Clear,Yard,Cut of cars,4,17000,3669,20669,H506,41.288344000000002,-82.803528999999997
NJTR,201605250,2016-05-05,9:40 PM,Derailment,0,GLADSTONE,NJ,55.0,4,Dark,Clear,Yard,EMU,3,6600,4000,10600,H704,40.719617,-74.665525000000002
CSX,000207835,2022-10-16,3:00 PM,Derailment,0,CINCINNATI,OH,70.0,2,Day,Clear,Yard,Yard/switching,3,36351,2004,38355,M503,39.169004000000001,-84.512103999999994
KRR,KRR295117A,2017-05-05,8:30 PM,Other (describe in narrative),0,VALLIANT,OK,70.0,3,Dusk,Clear,Yard,Light loco(s),5,14000,0,14000,E71L,34.003391000000001,-95.099744000000001
CP,1000438442,2016-08-19,6:20 AM,Derailment,0,ST PAUL,MN,65.0,1,Dawn,Cloudy,Yard,Cut of cars,0,356,122319,371040,H523,44.924666000000002,-93.020521000000002
UP,0715SA001,2015-07-01,11:15 PM,Derailment,0,MAXWELL,TX,78.0,4,Dark,Clear,Main,Freight Train,36,371506,267143,638649,T220,29.881170000000001,-97.789062999999999
UP,0715FW016,2015-07-16,2:50 AM,Derailment,0,FORT WORTH,TX,82.0,4,Dark,Clear,Yard,Yard/switching,7,26679,25991,137209,M411,32.722493999999998,-97.375433000000001
BNSF,PR1016108,2016-10-19,11:15 AM,Rear end collision,0,BALLANTINE,MT,61.0,2,Day,Clear,Main,Spec. MoW Equip.,0,14800,0,15300,H997,45.937753999999998,-108.17468
NS,139689,2020-11-09,10:00 PM,Other impacts,0,CONWAY,PA,48.0,4,Dark,Clear,Yard,Single Car,3,0,11562,44065,M411,40.672356000000001,-80.251823000000002
CSX,000192186,2020-08-23,3:52 AM,Rear end collision,0,ELLICOTT CITY,MD,72.0,4,Dark,Clear,Main,Freight Train,0,27740,0,33455,H605,39.256658000000002,-76.780150000000006
PTRA,2017000014,2017-05-30,12:05 PM,Derailment,0,LA PORTE,TX,80.0,2,Day,Cloudy,Siding,Freight Train,6,9600,7500,17100,M501,29.725722999999999,-95.080864000000005
BNSF,GC0815116,2015-08-14,12:30 PM,Derailment,0,BEAUMONT,TX,90.0,2,Day,Clear,Yard,Freight Train,0,24000,0,24000,H505,30.090893999999999,-94.100171000000003
NS,129934,2018-06-23,10:15 AM,Derailment,0,ALLENTOWN,PA,68.0,2,Day,Cloudy,Yard,Yard/switching,4,142113,49528,191641,E33C,40.611930000000001,-75.426705999999996
CSX,000151446,2015-08-30,4:30 AM,Other impacts,0,PHILADELPHIA,PA,89.0,2,Day,Clear,Yard,Yard/switching,4,13402,0,21944,H318,39.898851999999998,-75.167385999999993
UP,0721GC036,2021-07-30,2:55 PM,Derailment,0,AVONDALE,LA,95.0,2,Day,Clear,Main,,0,0,61232,192873,H518,29.916694,-90.177629999999994
BNSF,RD0417111,2017-04-13,2:53 PM,Derailment,0,IOWA PARK,TX,71.0,2,Day,Cloudy,Industry,Yard/switching,7,16607,0,16607,M204,33.953986999999998,-98.686882999999995
UP,0218HO014,2018-02-10,7:32 PM,Derailment,0,ELKHART,TX,47.0,4,Dark,Cloudy,Main,Work train,15,17720,114024,131744,H019,31.670099,-95.616585999999998
BNSF,RD0917114,2017-09-18,1:10 AM,Derailment,0,DAYTON,TX,76.0,4,Dark,Cloudy,Yard,Yard/switching,7,23884,4000,27884,H318,30.008951,-94.905034000000001
BNSF,TC0415104,2015-04-01,11:59 PM,Side collision,0,MANDAN,ND,30.0,4,Dark,Clear,Yard,Yard/switching,4,9118,0,15884,H318,46.824247999999997,-100.89922900000001
UP,1020PR026,2020-10-25,12:00 PM,Other (describe in narrative),0,GURNEE,IL,45.0,2,Day,Cloudy,Industry,Single Car,0,36722,0,36722,E29C,42.383825999999999,-87.898909000000003
CSX,000170884,2017-08-12,2:35 AM,Derailment,0,NASHVILLE,TN,73.0,4,Dark,Cloudy,Yard,Cut of cars,4,27650,870,28520,H310,36.087476000000002,-86.753944000000004
BNSF,MT0520101,2020-05-19,9:35 AM,Derailment,0,MINOT,ND,78.0,2,Day,Clear,Yard,Light loco(s),4,12811,0,12811,H607,48.237596000000003,-101.19789299999999
NS,154209,2023-09-13,10:45 AM,Derailment,0,READING,PA,75.0,2,Day,Clear,Siding,Freight Train,5,8823,15562,24385,E27C,40.345503000000001,-75.923142999999996
UP,0920HL017,2020-09-21,7:49 PM,Hwy-rail crossing,0,TIPTON,MO,69.0,3,Dusk,Clear,Main,,0,0,878,107983,M302,38.663055999999997,-92.815786000000003
BNSF,RD0818127,2018-08-19,11:22 AM,Other impacts,0,SILSBEE,TX,95.0,2,Day,Clear,Yard,Yard/switching,3,29063,0,29063,H318,30.352074000000002,-94.184785000000005
UP,0717SA008,2017-07-10,6:00 PM,Obstruction,0,SAN MARCOS,TX,100.0,2,Day,Cloudy,Main,Freight Train,26,0,13033,13033,M404,29.822026000000001,-98.003348000000003
ATK,158159,2019-03-22,11:30 PM,Derailment,0,NEW YORK,NY,39.0,4,Dark,Clear,Main,Work train,8,110000,1000,111000,M404,40.750579999999999,-73.993583999999998
UP,1017SA005,2017-10-07,3:43 AM,Derailment,0,SAN ANTONIO,TX,68.0,4,Dark,Clear,Yard,Yard/switching,7,21890,14796,36686,M503,29.471996000000001,-98.386474000000007
PTRA,2015000025,2015-07-23,10:00 AM,Derailment,0,PASADENA,TX,98.0,2,Day,Clear,Yard,Cut of cars,0,28500,1500,30000,H020,29.726500999999999,-95.191220000000001
CSX,000186494,2019-11-08,5:35 PM,Other impacts,0,NASHVILLE,TN,45.0,2,Day,Clear,Yard,Yard/switching,8,19535,0,20083,M408,36.112141999999999,-86.770736999999997
CSX,000171674,2017-09-16,9:56 AM,Derailment,0,ANDERSON,IN,70.0,2,Day,Cloudy,Siding,Cut of cars,0,14493,784,35469,H503,40.083526999999997,-85.679372000000001
CP,1000689500,2018-01-22,3:00 AM,Other impacts,0,KANSAS CITY,MO,44.0,4,Dark,Rain,Yard,Yard/switching,9,110064,0,185251,H307,39.129761000000002,-94.540198000000004
ATK,149819,2017-10-05,7:45 PM,Obstruction,0,VALMORA,NM,60.0,4,Dark,Rain,Main,Passenger Train - Pulling,44,50000,0,55000,M404,35.814214,-104.911051
UP,0916ST008,2016-09-03,2:10 AM,Fire/violent rupture,0,VALENTINE,TX,67.0,4,Dark,Clear,Siding,Freight Train,5,36644,0,36644,E73L,30.433741000000001,-104.303229
PNR,PNR182019,2018-03-02,12:30 PM,Derailment,0,BORGER,TX,68.0,2,Day,Clear,Yard,Yard/switching,6,151326,6622,157948,H522,35.667949999999998,-101.3904
CSX,000170858,2017-08-10,11:30 AM,Side collision,0,RUSSELL,KY,67.0,2,Day,Rain,Yard,Yard/switching,3,312930,0,672930,H399,38.532124000000003,-82.697650999999993
KCS,22052202,2022-05-22,8:30 PM,Derailment,0,MERIDIAN,MS,80.0,3,Dusk,Clear,Yard,Yard/switching,4,14055,0,14055,H306,32.361527000000002,-88.698886999999999
BNSF,MT0718103,2018-07-12,1:55 PM,Obstruction,0,POMPEYS PILLAR,MT,92.0,2,Day,Clear,Main,Spec. MoW Equip.,5,20000,0,20000,H402,46.046075999999999,-107.79517
UP,0418HO022,2018-04-13,4:00 AM,Side collision,0,SWEENY,TX,73.0,4,Dark,Cloudy,Industry,Freight Train,6,7503,0,132663,H307,29.034559000000002,-95.737728000000004
UP,0622GP019,2022-06-18,3:45 PM,Other impacts,0,NORTH PLATTE,NE,100.0,2,Day,Clear,Yard,Single Car,0,54978,4720,131925,M411,41.152974999999998,-100.823883
UP,0216FW008,2016-02-11,11:20 PM,Fire/violent rupture,0,ARLINGTON,TX,54.0,4,Dark,Clear,Yard,Light loco(s),0,122532,0,122532,E74L,32.742339000000001,-97.061687000000006
UP,0815SA003,2015-08-05,2:50 AM,Derailment,0,SAN ANTONIO,TX,80.0,4,Dark,Cloudy,Yard,Yard/switching,3,34238,0,34238,E22C,29.435763000000001,-98.454862000000006
NJTR,202202072,2022-01-03,1:16 AM,Derailment,0,RARITAN,NJ,19.0,4,Dark,Clear,Yard,Yard/switching,2,10277,1234,11511,H018,40.570456999999998,-74.643427000000003
CSX,000211533,2023-05-28,3:46 AM,Other impacts,0,ATLANTA,GA,70.0,4,Dark,Cloudy,Yard,Freight Train,6,199433,0,199658,H307,33.793897999999999,-84.416751000000005
BNSF,GC0715103,2015-07-10,8:20 PM,Derailment,0,HOUSTON,TX,87.0,3,Dusk,Clear,Yard,Freight Train,5,12718,5000,18518,H525,29.725041999999998,-95.336262000000005
NS,113469,2014-12-17,12:30 AM,Other impacts,0,CHATTANOOGA,TN,47.0,4,Dark,Clear,Yard,Yard/switching,10,25000,0,25000,M407,35.060735999999999,-85.266797999999994
UP,1216LV001,2016-12-03,2:30 PM,Other impacts,0,BEAUMONT,TX,42.0,2,Day,Rain,Yard,Light loco(s),0,9882,0,11793,H307,30.074262000000001,-94.141195999999994
NS,145376,2022-05-26,3:45 PM,Hwy-rail crossing,4,HARMER,PA,72.0,2,Day,Clear,Main,Freight Train,35,1133948,278925,1412873,M302,40.531669000000001,-79.847363999999999
UP,1023RM011,2023-10-17,6:31 PM,Other impacts,0,POCATELLO,ID,68.0,3,Dusk,Clear,Yard,Yard/switching,0,17232,0,17467,H318,42.866084000000001,-112.452293
UP,0215LK022,2015-02-23,4:00 AM,Other (describe in narrative),0,LONGVIEW,TX,34.0,4,Dark,Cloudy,Yard,Yard/switching,4,24352,20,24372,E29C,32.496068999999999,-94.723084999999998
CSX,000162750,2016-09-08,12:48 PM,Derailment,0,WALBRIDGE,OH,82.0,2,Day,Cloudy,Yard,Yard/switching,3,14544,500,15044,E36C,41.581060999999998,-83.514222000000004
UP,0921GP017,2021-09-20,4:30 AM,Other impacts,0,NORTH PLATTE,NE,60.0,1,Dawn,Cloudy,Yard,Cut of cars,0,424,12435,12959,E09C,41.152641000000003,-100.824932
BNSF,KS0215107,2015-02-20,3:50 AM,Side collision,0,AMARILLO,TX,27.0,4,Dark,Clear,Industry,Yard/switching,0,20225,0,70525,H307,35.226438999999999,-101.740386
NS,139178,2020-09-17,5:05 AM,Other (describe in narrative),0,SECAUCUS,NJ,62.0,1,Dawn,Cloudy,Yard,Yard/switching,7,14060,1729,15789,H306,40.764746000000002,-74.071338999999995
BNSF,TX0715109,2015-07-28,7:55 PM,Derailment,0,CLEBURNE,TX,100.0,3,Dusk,Clear,Yard,Freight Train,6,85000,461274,546274,H503,32.354011,-97.382649999999998
CSX,000189114,2020-03-14,7:45 PM,Derailment,0,CONNELLSVILLE,PA,37.0,3,Dusk,Snow,Yard,Freight Train,7,13117,200,13317,H702,40.015495999999999,-79.591662999999997
UP,0115HO032,2015-01-25,5:30 PM,Raking collision,0,HOUSTON,TX,60.0,2,Day,Cloudy,Yard,Yard/switching,4,77036,1412,79354,M404,29.815708999999998,-95.287997000000004
UP,0315HU002,2015-03-03,10:05 AM,Raking collision,0,HOUSTON,TX,70.0,2,Day,Cloudy,Yard,Light loco(s),0,33784,0,134354,E99L,29.824722000000001,-95.290816000000007
CSX,000151688,2015-09-02,3:30 PM,Derailment,0,FARMLAND,IN,84.0,2,Day,Clear,Main,Freight Train,46,220498,24804,245302,E07C,40.188988999999999,-85.167024999999995
UP,0921HL016,2021-09-18,2:51 PM,Derailment,0,WICHITA,KS,89.0,2,Day,Clear,Yard,Yard/switching,6,10188,1923,12111,E39C,37.732219999999998,-97.322607000000005
UP,0123GL015,2023-01-05,2:45 PM,Derailment,0,SOUTH ST PAUL,MN,27.0,2,Day,Cloudy,Main,Freight Train,10,51204,0,62924,H503,44.953119999999998,-93.077286000000001
CSX,000143434,2015-03-22,2:00 AM,Derailment,0,NASHVILLE,TN,50.0,4,Dark,Clear,Yard,Yard/switching,4,16000,500,16500,E04C,36.112147999999998,-86.770741000000001
NS,154094,2023-09-01,12:30 PM,Other impacts,0,WEST FAIRVIEW,PA,80.0,2,Day,Clear,Yard,Single Car,0,15000,0,36825,E21C,40.279833000000004,-76.922471999999999
UP,0415HO038,2015-04-14,10:46 AM,Fire/violent rupture,0,LA WARD,TX,75.0,2,Day,Cloudy,Main,Freight Train,45,331568,0,331568,E73L,28.844881999999998,-96.418261000000001
KCS,15031002,2015-03-10,2:00 PM,Obstruction,0,AGUILARES,TX,70.0,2,Day,Cloudy,Siding,Spec. MoW Equip.,0,12000,0,12000,H997,27.464167,-99.123610999999997
UP,0420HL015,2020-04-20,12:50 PM,Obstruction,0,KANSAS CITY,MO,52.0,2,Day,Cloudy,Main,Freight Train,10,30660,0,30660,M404,39.088298000000002,-94.561152000000007
NJTR,201611559,2016-11-05,9:15 AM,Other impacts,0,KEARNY,NJ,55.0,2,Day,Clear,Yard,Yard/switching,11,55703,8100,63803,H702,40.743527,-74.107967000000002
KCS,19092901,2019-09-29,1:37 AM,Derailment,0,HEAVENER,OK,72.0,4,Dark,Clear,Yard,Freight Train,10,8344,13897,22241,H519,34.886958999999997,-94.603337999999994
BNSF,KS1217200,2017-12-03,12:30 PM,Hwy-rail crossing,0,AMARILLO,TX,73.0,2,Day,Clear,Main,Freight Train,56,1000,112000,113000,M308,35.218204,-101.777756
RCRY,201801,2018-05-29,5:00 PM,Raking collision,0,EDISON,NJ,81.0,2,Day,Clear,Yard,Yard/switching,5,36000,40000,76000,H018,40.506349999999998,-74.339034999999996
LI,73341,2020-10-19,10:15 PM,Other (describe in narrative),0,HICKSVILLE,NY,54.0,4,Dark,Clear,Siding,Light loco(s),8,0,44107,44107,H702,40.763719999999999,-73.542807999999994
YRC,YRC756615,2015-09-12,10:30 PM,Derailment,0,YORK,PA,70.0,4,Dark,Clear,Industry,Freight Train,9,15000,77350,92350,M101,39.869463000000003,-76.873720000000006
MNCW,79494,2023-04-12,1:50 AM,Derailment,0,TARRYTOWN,NY,66.0,4,Dark,Clear,Main,Spec. MoW Equip.,2,175000,0,175000,H999,41.072381,-73.865761000000006
CSX,000210394,2023-03-20,8:53 PM,Side collision,0,CHATTANOOGA,TN,54.0,4,Dark,Clear,Yard,Freight Train,3,18000,0,20000,H210,35.012678999999999,-85.371499