reportingrailroadcode,accidentnumber,date,time,accidenttype,hazmatreleasedcars,station,stateabbr,temperature,visibility_code,visibility,weathercondition,tracktype,equipmenttype,trainspeed,equipmentdamagecost,trackdamagecost,totaldamagecost,primaryaccidentcausecode,latitude,longitude
UP,0117ST020,2017-01-30,6:19 AM,Derailment,0,VAN HORN,TX,28.0,1,Dawn,Clear,Main,Freight Train,40,964542,496100,1460642,H503,31.067516999999999,-104.21328800000001
CRSH,144141,2022-01-25,8:30 AM,Derailment,0,NEWARK,NJ,39.0,2,Day,Clear,Yard,,0,0,10968,23128,T213,40.713406999999997,-74.149072000000004
BNSF,GC0515120,2015-05-31,4:00 PM,Side collision,0,BEAUMONT,TX,85.0,2,Day,Clear,Yard,Yard/switching,3,6000,0,21400,E35C,30.094056999999999,-94.116153999999995
CSX,000205821,2022-06-27,11:31 AM,Derailment,0,EAST SYRACUSE,NY,80.0,2,Day,Clear,Yard,Yard/switching,4,47367,96,47463,H312,43.067062,-76.048430999999994
UP,0317HO012,2017-03-07,10:30 AM,Other impacts,0,HOUSTON,TX,70.0,2,Day,Cloudy,Yard,Cut of cars,0,30494,0,50901,M411,29.816386999999999,-95.288286999999997
NS,134298,2019-06-12,1:10 AM,Derailment,0,CRAMERTON,NC,63.0,4,Dark,Clear,Main,Freight Train,41,5000,18489,23489,E39C,35.239384000000001,-81.077071000000004
NS,114839,2015-03-15,6:42 AM,Derailment,0,WEST FAIRVIEW,PA,40.0,1,Dawn,Cloudy,Yard,Freight Train,7,37905,0,104002,H306,40.279833000000004,-76.922471000000002
BNSF,RD0819117,2019-08-14,5:40 PM,Side collision,0,TULSA,OK,87.0,3,Dusk,Clear,Yard,Yard/switching,10,10555,0,20319,S016,36.119399999999999,-96.011651999999998
FMRC,G02282022,2022-02-28,3:28 PM,Fire/violent rupture,0,HOBART,OK,70.0,2,Day,Cloudy,Main,Freight Train,22,20000,0,20000,E74L,35.062403000000003,-99.075146000000004
NS,140792,2021-03-02,4:00 AM,Other impacts,0,WEST FAIRVIEW,PA,21.0,1,Dawn,Clear,Yard,Yard/switching,7,136294,2022,185222,M404,40.279806999999998,-76.922450999999995
CSX,000177148,2018-06-22,12:15 PM,Derailment,0,CLEVELAND,OH,70.0,2,Day,Cloudy,Yard,Yard/switching,4,10669,1488,12157,H702,41.571337999999997,-81.556839999999994
CSX,000218983,2024-06-29,3:09 PM,Derailment,0,WALBRIDGE,OH,80.0,2,Day,Clear,Yard,Yard/switching,5,57828,36986,94814,T216,41.589911000000001,-83.496928999999994
UP,1215HO049,2015-12-30,2:28 PM,Hwy-rail crossing,0,EAGLE LAKE,TX,58.0,2,Day,Cloudy,Main,Freight Train,44,7239,25250,32489,M304,29.580085,-96.321059000000005
NS,144512,2022-02-23,2:00 AM,Raking collision,0,PORTSMOUTH,OH,30.0,4,Dark,Clear,Yard,Single Car,0,2000,0,41459,H302,38.736825000000003,-82.957245999999998
UP,0816LK033,2016-08-28,4:00 AM,Other impacts,0,LONGVIEW,TX,75.0,4,Dark,Clear,Yard,Single Car,0,0,0,95500,H318,32.495953999999998,-94.722308999999996
UP,0218HO023,2018-02-14,1:20 AM,Other impacts,0,HOUSTON,TX,65.0,4,Dark,Fog,Yard,Yard/switching,3,0,0,68513,S007,29.795673000000001,-95.295283999999995
CSX,000192186,2020-08-23,3:52 AM,Rear end collision,0,ELLICOTT CITY,MD,72.0,4,Dark,Clear,Main,Freight Train,10,5715,0,33455,H605,39.256658000000002,-76.780150000000006
BNSF,TX0515100,2015-05-08,1:15 AM,Derailment,0,VALLEY VIEW,TX,64.0,4,Dark,Clear,Main,Freight Train,34,5592849,2176946,7769795,M103,33.456774000000003,-97.154730999999998
BNSF,KS0118107,2018-01-12,10:30 AM,Derailment,0,KANSAS CITY,KS,11.0,2,Day,Clear,Yard,Light loco(s),4,12500,500,13000,M101,39.074865000000003,-94.650108000000003
UP,0418FW049,2018-04-29,11:22 PM,Derailment,0,FORT WORTH,TX,72.0,4,Dark,Clear,Main,Freight Train,8,262861,1700,264561,H501,32.708212000000003,-97.417205999999993
CRSH,146843,2024-03-15,12:20 PM,Derailment,0,NEWARK,NJ,68.0,2,Day,Cloudy,Yard,Cut of cars,0,49543,0,103905,M409,40.693089000000001,-74.159008
UP,0419HL010,2019-04-08,10:15 PM,Derailment,0,PRYOR,OK,63.0,4,Dark,Clear,Yard,Yard/switching,3,57147,102198,159345,H702,36.237488999999997,-95.33869
CSX,000172986,2017-11-20,8:00 PM,Derailment,0,NASHVILLE,TN,45.0,4,Dark,Clear,Yard,Yard/switching,5,300709,9476,310185,M409,36.112141999999999,-86.770736999999997
UP,0622GP019,2022-06-18,3:45 PM,Other impacts,0,NORTH PLATTE,NE,100.0,2,Day,Clear,Yard,Cut of cars,13,72227,0,131925,M411,41.152974999999998,-100.823883
BNSF,MT0818106,2018-08-31,4:39 PM,Other (describe in narrative),0,WHITEFISH,MT,78.0,2,Day,Clear,Yard,Yard/switching,5,0,26000,26000,H307,48.409759999999999,-114.30371100000001
CSX,000181610,2019-02-28,5:45 AM,Derailment,0,NASHVILLE,TN,49.0,4,Dark,Clear,Yard,Freight Train,5,13758,6560,20318,M405,36.112141999999999,-86.770736999999997
UP,1214HO006,2014-12-01,7:10 AM,Other impacts,0,BAYTOWN,TX,72.0,2,Day,Rain,Yard,Single Car,0,185,0,12930,H318,29.784562000000001,-95.016730999999993
UP,0915PR008,2015-09-05,9:53 AM,Other (describe in narrative),0,NORTHLAKE,IL,70.0,2,Day,Clear,Yard,Single Car,10,54747,0,54747,H601,41.895952999999999,-87.907422999999994
NS,151657,2022-12-08,2:30 PM,Derailment,0,ENON,OH,53.0,2,Day,Rain,Main,Freight Train,7,0,23524,40524,E53C,39.870224999999998,-83.958459000000005
MBTA,YR202132,2021-05-08,5:20 AM,Fire/violent rupture,0,SOMERVILLE,MA,45.0,1,Dawn,Cloudy,Industry,Passenger Train - Pushing,0,209967,0,209967,E79L,42.376044,-71.076239999999999
NS,118679,2015-12-24,1:45 AM,Derailment,0,LEXINGTON,NC,60.0,4,Dark,Rain,Yard,Yard/switching,8,28430,2500,30930,E30C,35.750594,-80.318288999999993
UP,0218HO042,2018-02-25,9:25 PM,Derailment,0,BAYTOWN,TX,60.0,4,Dark,Clear,Main,Yard/switching,5,10912,2612,13524,H703,29.766461,-95.017405999999994
CSX,000163949,2016-10-30,10:28 AM,Derailment,0,NASHVILLE,TN,81.0,2,Day,Clear,Yard,Yard/switching,4,57949,8900,66849,H503,36.092170000000003,-86.760616999999996
NS,146630,2022-09-29,3:00 PM,Derailment,0,WEST FAIRVIEW,PA,72.0,2,Day,Clear,Yard,Yard/switching,3,59621,12590,72211,H504,40.279831999999999,-76.922471999999999
CRSH,134853,2019-07-25,7:15 AM,Derailment,0,BAYONNE,NJ,81.0,1,Dawn,Clear,Industry,,0,0,1000,21000,H704,40.656058000000002,-74.111081999999996
DGNO,DGN482917S,2017-11-08,10:15 AM,Other impacts,0,DALLAS,TX,43.0,2,Day,Cloudy,Yard,Light loco(s),8,400,0,25000,H302,32.832945000000002,-96.836399999999998
BNSF,TC0615105,2015-06-16,5:55 PM,Other impacts,0,MANDAN,ND,55.0,3,Dusk,Rain,Yard,Yard/switching,4,23500,0,23500,H318,46.828068999999999,-100.872821
CSX,000169689,2017-06-18,12:10 PM,Other impacts,0,EVANSVILLE,IN,78.0,2,Day,Cloudy,Yard,Single Car,4,500,0,28270,H318,37.962372000000002,-87.609363000000002
IC,974900,2018-10-04,1:30 AM,Other impacts,0,BATON ROUGE,LA,80.0,4,Dark,Clear,Yard,Yard/switching,5,27300,35,27335,H318,30.483333999999999,-91.187094000000002
ATK,138095,2015-07-04,10:15 PM,Hwy-rail crossing,0,HARWOOD,TX,80.0,4,Dark,Clear,Main,Passenger Train - Pulling,74,27454,0,27454,M308,29.665718999999999,-97.505223999999998
UP,0715FW018,2015-07-18,5:20 PM,Hwy-rail crossing,0,MIDLAND,TX,104.0,2,Day,Clear,Main,Freight Train,47,0,14291,14291,M302,32.002496999999998,-102.060784
UP,0916LK002,2016-09-03,2:50 AM,Derailment,0,LONGVIEW,TX,65.0,4,Dark,Clear,Yard,Light loco(s),1,17353,300,17653,T221,32.49633,-94.718761000000001
UP,1214FW033,2014-12-29,8:37 PM,Side collision,0,DALLAS,TX,41.0,4,Dark,Clear,Yard,Freight Train,2,15263,0,17671,H991,32.695677000000003,-96.739146000000005
UP,1117SA018,2017-11-17,10:10 AM,Derailment,0,EAGLE PASS,TX,80.0,2,Day,Cloudy,Yard,,0,0,9648,11148,H607,28.779358999999999,-100.47076
ISRR,ISR814624A,2024-05-26,10:15 PM,Other (describe in narrative),0,PETERSBURG,IN,64.0,4,Dark,Rain,Main,Freight Train,0,125000,0,125000,M105,38.540351000000001,-87.223378999999994
BNSF,RD0717202,2017-07-18,7:40 PM,Hwy-rail crossing,0,SANGER,TX,90.0,3,Dusk,Clear,Main,Freight Train,52,500,30000,30500,M302,33.437372000000003,-97.159093999999996
NS,116283,2015-06-28,1:55 AM,Derailment,0,FOUNTAIN HILL,PA,58.0,4,Dark,Rain,Yard,Yard/switching,4,7703,13295,20998,M201,40.611936999999998,-75.426702000000006
BNSF,KS0715105,2015-07-13,10:00 AM,Rear end collision,0,AMARILLO,TX,65.0,2,Day,Clear,Yard,Yard/switching,2,1653,0,14753,H306,35.186990999999999,-101.833438
AWRR,D690615,2015-03-05,1:45 AM,Derailment,0,BURNET,TX,29.0,4,Dark,Snow,Main,Freight Train,7,13000,56000,69000,M101,30.716388999999999,-98.232777999999996
NIRC,2021072026,2021-01-07,12:38 PM,Other (describe in narrative),0,CHICAGO,IL,38.0,2,Day,Cloudy,Yard,Single Car,5,19000,0,19000,H305,41.670020999999998,-87.616322999999994
UP,0421PN019,2021-04-15,9:45 PM,Other impacts,0,PORTLAND,OR,47.0,4,Dark,Clear,Yard,Yard/switching,7,14676,0,56866,H018,45.605910999999999,-122.775779
PTRA,PTRA00022F,2023-06-10,9:50 PM,Other (describe in narrative),0,HOUSTON,TX,84.0,4,Dark,Cloudy,Yard,,0,0,65000,65000,H702,29.716069999999998,-95.227924999999999
BNSF,RD0618108,2018-06-10,12:37 PM,Derailment,0,DAYTON,TX,90.0,2,Day,Clear,Yard,Yard/switching,4,363978,32000,395978,H607,30.012198000000001,-94.903115999999997
BNSF,RD0817116,2017-08-13,6:45 PM,Derailment,0,SAGINAW,TX,84.0,2,Day,Clear,Yard,Yard/switching,3,13722,13700,27422,H318,32.830027999999999,-97.357405999999997
BNSF,GC0415105,2015-04-11,6:05 PM,Other (describe in narrative),0,DAYTON,TX,75.0,2,Day,Cloudy,Yard,Freight Train,4,18000,0,18000,H318,30.004874999999998,-94.905555000000007
TXPF,06222015,2015-06-22,12:52 AM,Derailment,0,COLEMAN,TX,75.0,4,Dark,Clear,Yard,Yard/switching,5,160000,1900,161900,H303,31.772081,-99.398881000000003
UP,0316FW007,2016-03-10,6:30 AM,Hwy-rail crossing,0,WILMER,TX,61.0,1,Dawn,Rain,Main,Freight Train,55,0,14669,14669,M303,32.599029999999999,-96.691715000000002
ATK,181316,2024-07-26,1:09 PM,Hwy-rail crossing,0,PEE DEE,SC,89.0,2,Day,Clear,Main,Passenger Train - Pulling,76,21303,0,21419,M302,34.251486,-79.497810999999999
DGNO,DGN803215D,2015-09-11,3:15 AM,Derailment,0,VAN ALSTYNE,TX,73.0,4,Dark,Clear,Yard,Freight Train,6,45000,61500,106500,T221,33.441814000000001,-96.583678000000006
FGLK,12302016,2015-12-30,8:22 PM,Raking collision,0,AUBURN,NY,39.0,4,Dark,Cloudy,Main,Freight Train,6,13436,0,13436,H306,42.958359999999999,-76.545955000000006
UP,0715SA004,2015-07-04,10:14 PM,Hwy-rail crossing,0,HARWOOD,TX,80.0,4,Dark,Clear,Main,,0,0,0,27454,M308,29.665718999999999,-97.505223999999998
NS,114731,2015-03-08,1:55 PM,Other impacts,0,CONWAY,PA,39.0,2,Day,Clear,Yard,Yard/switching,4,2154,0,13665,H702,40.672361000000002,-80.251825999999994
UP,0619GP014,2019-06-09,3:26 PM,Other impacts,0,NORTH PLATTE,NE,67.0,2,Day,Clear,Yard,Yard/switching,4,6146,12268,24676,M411,41.148524000000002,-100.842691
PATH,I042919,2019-04-29,8:13 AM,Other impacts,0,JERSEY CITY,NJ,47.0,2,Day,Clear,Yard,EMU,9,3095,14201,17296,H699,40.732199999999999,-74.062899999999999
DL,180601,2018-06-13,8:30 AM,Derailment,0,SCRANTON,PA,65.0,2,Day,Cloudy,Siding,Freight Train,5,9000,17463,26463,E64L,41.427838999999999,-75.654319000000001
UP,1117SL009,2017-11-13,10:58 AM,Hwy-rail crossing,0,LEVASY,MO,50.0,2,Day,Cloudy,Main,Freight Train,30,152001,20592,172593,M302,39.135384000000002,-94.133065000000002
BNSF,CH0818122,2018-08-28,12:44 PM,Other impacts,0,GALESBURG,IL,90.0,2,Day,Clear,Yard,Yard/switching,3,15000,3000,18000,E22C,40.912194999999997,-90.381281000000001
LI,77477,2022-07-01,5:51 PM,Derailment,0,HOLLIS,NY,79.0,2,Day,Cloudy,Yard,EMU,4,15000,4000,19000,H303,40.706667000000003,-73.775138999999996
BNSF,GC0515109,2015-05-16,11:00 AM,Derailment,0,GALVESTON,TX,80.0,2,Day,Clear,Yard,Yard/switching,5,600,17500,18100,H702,29.294612999999998,-94.839284000000006
UP,1214KC016,2014-12-31,11:15 PM,Other impacts,0,KANSAS CITY,MO,20.0,4,Dark,Cloudy,Yard,Cut of cars,0,2549,0,43073,H307,39.120125000000002,-94.534952000000004
BNSF,TC0718112,2018-07-22,12:01 AM,Derailment,0,HALLOCK,MN,70.0,4,Dark,Clear,Industry,Freight Train,7,40787,1500,42287,H306,48.702576000000001,-96.920919999999995
CSX,000211085,2023-04-30,6:05 PM,Side collision,0,WALBRIDGE,OH,55.0,2,Day,Clear,Yard,Yard/switching,4,16807,0,147749,H306,41.589934,-83.496943999999999
UP,0419PN001,2019-04-04,2:27 AM,Derailment,0,LA GRANDE,OR,45.0,4,Dark,Cloudy,Main,Freight Train,23,6071,25749,31820,E67C,45.355020000000003,-118.18727800000001
TXR,TXR170618,2017-06-18,4:40 PM,Derailment,0,BROWNWOOD,TX,97.0,2,Day,Clear,Industry,Yard/switching,3,21580,10271,31851,H702,31.682763000000001,-98.986356999999998
NS,144510,2022-02-25,12:20 AM,Other (describe in narrative),0,TOLEDO,OH,21.0,4,Dark,Snow,Yard,Freight Train,4,24965,266,25231,H702,41.640695999999998,-83.578766000000002
BNSF,RD0918123,2018-09-13,11:45 PM,Derailment,0,FARMERS BRANCH,TX,70.0,4,Dark,Cloudy,Industry,Freight Train,4,5000,12000,17000,H306,32.890134000000003,-96.911912999999998
IHB,2736,2022-02-12,9:46 AM,Derailment,0,RIVERDALE,IL,16.0,2,Day,Snow,Yard,Cut of cars,0,389641,0,630369,M407,41.639260999999998,-87.652637999999996
BNSF,SF0615105,2015-06-09,11:50 PM,Derailment,0,TULSA,OK,80.0,4,Dark,Clear,Yard,Yard/switching,9,181048,526717,707765,H507,36.132199,-96.009904000000006
FEC,X04012319,2019-01-23,2:17 PM,Hwy-rail crossing,0,OAKLAND PARK,FL,77.0,2,Day,Clear,Main,,0,0,1134,16604,M303,26.174178000000001,-80.131870000000006
UP,1116FW001,2016-11-06,6:50 PM,Other impacts,0,FORT WORTH,TX,63.0,3,Dusk,Cloudy,Yard,Yard/switching,4,273052,24687,582137,H706,32.726404000000002,-97.368015999999997
CSX,000207489,2022-09-26,12:15 PM,Obstruction,0,CARLISLE,SC,80.0,2,Day,Clear,Main,Maint./inspect Car,0,13000,0,13000,H997,34.630392999999998,-81.396305999999996
LI,73744,2021-01-08,11:14 AM,Derailment,0,JAMAICA,NY,35.0,2,Day,Clear,Yard,Yard/switching,3,75784,1973,77757,H703,40.697102999999998,-73.822318999999993
SKOL,D523415,2015-10-29,2:30 PM,Derailment,0,OWASSO,OK,70.0,2,Day,Clear,Main,Freight Train,9,2800,24000,26800,T222,36.250687999999997,-95.833856999999995
CSX,000153144,2015-10-12,1:45 PM,Side collision,0,LELAND,NC,71.0,2,Day,Cloudy,Yard,Cut of cars,3,0,0,11887,H018,34.255867000000002,-77.942984999999993
CSX,000213671,2023-09-21,5:28 AM,Hwy-rail crossing,0,MIDDLETOWN,PA,56.0,4,Dark,Clear,Main,Freight Train,47,5216,138040,143256,M303,40.201555999999997,-74.877752999999998
IHB,2736,2022-02-12,9:46 AM,Derailment,0,RIVERDALE,IL,16.0,2,Day,Snow,Yard,Yard/switching,7,223933,16795,630369,M407,41.639260999999998,-87.652637999999996
BNSF,RD0718206,2018-07-10,4:35 PM,Hwy-rail crossing,0,STREETMAN,TX,90.0,2,Day,Cloudy,Main,Freight Train,28,30000,1000,31000,M308,31.995626000000001,-96.378804000000002
UP,0916HO011,2016-09-06,12:15 PM,Derailment,0,SPRING,TX,91.0,2,Day,Cloudy,Yard,Freight Train,3,10802,3600,14402,M501,30.047431,-95.409006000000005
LVRR,LVRR012521,2021-01-25,12:30 PM,Derailment,0,MUNCY,PA,22.0,2,Day,Clear,Industry,Freight Train,8,19056,0,19056,H303,41.216631,-76.803428999999994
UP,0817FW013,2017-08-10,11:32 PM,Obstruction,0,MIDLAND,TX,90.0,4,Dark,Clear,Main,Freight Train,42,24675,66,24741,M402,32.062792999999999,-101.943658
UP,0615HO032,2015-06-19,3:03 PM,Obstruction,0,TRINITY,TX,92.0,2,Day,Cloudy,Main,Freight Train,28,452,25033,25485,M402,30.952772,-95.375410000000002
UP,0415HO053,2015-04-29,9:15 PM,Derailment,0,HOUSTON,TX,75.0,4,Dark,Cloudy,Yard,Cut of cars,10,1074,0,30901,M404,29.790758,-95.295464999999993
UP,1216HO024,2016-12-12,9:15 PM,Derailment,0,HOUSTON,TX,60.0,3,Dusk,Cloudy,Yard,Yard/switching,4,12899,1350,14249,E67C,29.793305,-95.293998000000002
ATK,150548,2017-11-18,7:48 PM,Obstruction,0,NEW BUFFALO,MI,41.0,3,Dusk,Cloudy,Main,Passenger Train - Pulling,63,20653,0,20653,M404,41.809947000000001,-86.703372999999999
NS,144673,2022-03-12,6:05 AM,Derailment,0,MASCOT,TN,27.0,1,Dawn,Snow,Main,Freight Train,5,51307,589356,640663,H519,36.029218999999998,-83.824601999999999
IC,1086933,2021-10-30,8:30 AM,Derailment,0,RESERVE,LA,63.0,2,Day,Cloudy,Yard,Freight Train,4,102091,200504,302595,H307,30.059289,-90.600729000000001
CSX,000201365,2021-11-17,6:10 AM,Hwy-rail crossing,0,DUNN,NC,45.0,1,Dawn,Clear,Main,Passenger Train - Pulling,60,58028,0,84572,M302,35.309154999999997,-78.609677000000005
CSX,000205832,2022-06-28,7:11 PM,Side collision,0,CLEVELAND,OH,72.0,3,Dusk,Clear,Yard,Yard/switching,5,87229,17990,164825,H318,41.570295999999999,-81.556448000000003
BNSF,HL1019116,2019-10-17,11:30 PM,Derailment,0,LINCOLN,NE,64.0,4,Dark,Clear,Yard,Freight Train,10,16400,0,16400,H704,40.807496999999998,-96.755159000000006
NS,154201,2023-09-12,9:50 AM,Other impacts,0,WAYNESBURG,PA,70.0,2,Day,Clear,Main,Spec. MoW Equip.,0,0,0,41000,H402,39.913724999999999,-80.227267999999995
CSX,000211682,2023-06-05,5:47 AM,Hwy-rail crossing,0,RUSSIA,OH,58.0,1,Dawn,Clear,Main,Freight Train,48,12258,0,12258,M304,40.244582999999999,-84.368717000000004
NS,127953,2018-01-01,4:49 AM,Derailment,0,ALLIANCE,OH,-4.0,1,Dawn,Snow,Main,Freight Train,5,9600,2817,12417,E53C,40.930109000000002,-81.106278000000003
UP,0317HO024,2017-03-08,9:47 AM,Other impacts,0,LA PORTE,TX,65.0,2,Day,Cloudy,Yard,Cut of cars,0,162,0,68387,M411,29.680771,-95.039088000000007
RVT,RVT2019001,2019-07-15,12:43 PM,Other impacts,0,WHITE CITY,OR,80.0,2,Day,Clear,Yard,Light loco(s),2,100,25000,25100,E99L,42.434441999999997,-122.854231
CSX,000191272,2020-07-10,9:05 AM,Derailment,0,LOUISVILLE,KY,90.0,2,Day,Cloudy,Yard,Freight Train,6,35483,12400,47883,H702,38.160708999999997,-85.749173999999996
BNSF,RD0818102,2018-08-02,4:50 PM,Derailment,0,SAGINAW,TX,102.0,2,Day,Clear,Yard,Yard/switching,8,24592,2300,26892,H607,32.836224000000001,-97.341976000000003
UP,0721MA031,2021-07-26,2:09 AM,Other impacts,0,SHREVEPORT,LA,78.0,4,Dark,Clear,Yard,Single Car,0,6803,0,68754,H318,32.430236000000001,-93.905593999999994
BNSF,GC0315103,2015-03-12,4:05 AM,Side collision,0,TEMPLE,TX,48.0,4,Dark,Clear,Yard,Freight Train,0,20625,0,28700,H607,31.107842000000002,-97.348787000000002
SLWC,210311001,2021-03-11,12:30 PM,Fire/violent rupture,0,CYRIL,OK,50.0,2,Day,Rain,Main,Light loco(s),10,30000,0,30000,M406,34.884048,-98.206990000000005
CSX,000205115,2022-05-23,1:45 PM,Derailment,0,NASHVILLE,TN,68.0,2,Day,Clear,Yard,Freight Train,5,40059,2512,42571,E40C,36.112136,-86.770713000000001
URR,4319,2014-11-22,3:05 PM,Derailment,0,BRADDOCK,PA,50.0,2,Day,Clear,Industry,Yard/switching,4,15000,2400,17400,H704,40.392722999999997,-79.846647000000004
BNSF,HL0717100,2017-07-01,10:52 AM,Derailment,0,MEMPHIS,TN,93.0,2,Day,Clear,Yard,Light loco(s),4,26000,0,26000,H607,35.028692999999997,-89.899642
BNSF,RD0919129,2019-09-28,5:41 AM,Side collision,0,OKLAHOMA CITY,OK,75.0,1,Dawn,Clear,Yard,Freight Train,10,53860,0,72362,H318,35.386322999999997,-97.483999999999995
CSX,000160634,2016-06-15,2:27 AM,Other (describe in narrative),0,CHATTANOOGA,TN,72.0,4,Dark,Clear,Yard,Cut of cars,0,16230,0,34230,M204,35.006723000000001,-85.376506000000006
BNSF,RD1117113,2017-11-17,5:45 PM,Side collision,0,TEMPLE,TX,70.0,3,Dusk,Clear,Yard,Yard/switching,6,1812,15500,19276,H318,31.106227000000001,-97.348966000000004
PW,PWR240117R,2017-03-08,1:30 AM,Derailment,0,PROVIDENCE,RI,48.0,4,Dark,Rain,Industry,Yard/switching,3,58000,4000,62000,H306,41.798985000000002,-71.399884
NS,141247,2021-04-15,5:50 PM,Other impacts,0,BELLEVUE,OH,55.0,3,Dusk,Clear,Yard,Yard/switching,4,39855,0,40455,M408,41.289368000000003,-82.792730000000006
BNSF,PR1016108,2016-10-19,11:15 AM,Rear end collision,0,BALLANTINE,MT,61.0,2,Day,Clear,Main,Spec. MoW Equip.,5,500,0,15300,H997,45.937753999999998,-108.17468
CSX,000188427,2020-02-13,8:47 AM,Derailment,0,CINCINNATI,OH,33.0,2,Day,Cloudy,Yard,Yard/switching,6,147004,3000,150004,E40C,39.124550999999997,-84.542520999999994
NS,130546,2018-08-10,8:00 PM,Raking collision,0,BELLEVUE,OH,72.0,4,Dark,Clear,Yard,Yard/switching,4,287882,500,293143,H306,41.274422999999999,-82.833569999999995
UP,0418NP017,2018-04-18,7:45 PM,Other impacts,0,GRAND ISLAND,NE,36.0,3,Dusk,Clear,Yard,Yard/switching,2,284,37659,38227,M411,40.932178999999998,-98.327409000000003
FWWR,15052901,2015-05-29,1:00 PM,Derailment,0,COPPELL,TX,77.0,2,Day,Cloudy,Main,Freight Train,23,60630,141845,202475,M103,32.97654,-96.991810000000001
UP,0518NP040,2018-05-28,3:54 PM,Fire/violent rupture,0,COLUMBUS,NE,93.0,2,Day,Clear,Main,Freight Train,35,269718,0,269718,E74L,41.429073000000002,-97.341999999999999
UP,0219PN029,2019-02-12,1:19 PM,Other (describe in narrative),0,STANFIELD,OR,42.0,2,Day,Cloudy,Yard,Single Car,0,62153,33,62186,S007,45.796329,-119.268716
CSX,000205832,2022-06-28,7:11 PM,Side collision,0,CLEVELAND,OH,72.0,3,Dusk,Clear,Yard,Single Car,5,59606,0,164825,H318,41.570295999999999,-81.556448000000003
BNSF,RD0917118,2017-09-22,11:25 AM,Rear end collision,0,HEIDENHEIMER,TX,91.0,2,Day,Clear,Main,Freight Train,14,143819,22500,179319,H605,30.986681000000001,-97.273469000000006
LSRC,M170731,2017-07-31,10:00 PM,Obstruction,0,ROSCOMMON,MI,80.0,4,Dark,Cloudy,Siding,Spec. MoW Equip.,0,66390,0,227477,H702,44.500864999999997,-84.595274000000003
BNSF,RD1117114,2017-11-17,7:45 PM,Obstruction,0,HOUSTON,TX,70.0,3,Dusk,Clear,Yard,Yard/switching,5,17575,0,17575,M404,29.704948000000002,-95.328698000000003
NS,115400,2015-04-25,5:45 AM,Other impacts,0,BELLEVUE,OH,41.0,1,Dawn,Rain,Yard,Yard/switching,3,7632,0,64977,H306,41.288345999999997,-82.803539000000001
IC,926165,2017-06-16,3:20 AM,Derailment,0,MEMPHIS,TN,75.0,4,Dark,Clear,Yard,Yard/switching,5,13670,2000,15670,E04C,35.072420999999999,-90.071422999999996
BNSF,TC0519111,2019-05-20,2:20 PM,Side collision,0,GRAND FORKS,ND,70.0,2,Day,Clear,Yard,Freight Train,10,74756,0,94756,H607,47.918031999999997,-97.054530999999997
NS,151621,2022-12-03,2:05 PM,Other impacts,0,COLUMBIA,SC,72.0,2,Day,Cloudy,Yard,Single Car,5,25539,2877,30416,H312,33.985295999999998,-81.039107000000001
ATK,162339,2019-12-15,2:26 AM,Obstruction,0,NEW YORK,NY,37.0,4,Dark,Clear,Main,Passenger Train - Pushing,15,0,9649,9649,H307,40.750579999999999,-73.993583999999998
UP,1119HL004,2019-11-04,1:50 AM,Other (describe in narrative),0,SEDALIA,MO,48.0,4,Dark,Clear,Main,Work train,40,100,107651,107751,E44C,38.712513999999999,-93.234983999999997
UP,0817HO023,2017-08-12,1:14 PM,Hwy-rail crossing,0,HOUSTON,TX,97.0,2,Day,Clear,Main,Freight Train,41,250,17033,17283,M304,30.022887000000001,-95.402917000000002
UP,0919PN034,2019-09-27,4:49 PM,Derailment,0,HERMISTON,OR,69.0,2,Day,Clear,Yard,Freight Train,2,14224,5850,20074,H303,45.794865999999999,-119.29112499999999
UP,0215FW023,2015-02-25,7:40 AM,Side collision,0,DALLAS,TX,34.0,2,Day,Snow,Yard,Yard/switching,7,36123,1617,96320,H306,32.717813999999997,-96.751964000000001
SLWC,190314001,2019-03-14,6:30 AM,Derailment,0,CYRIL,OK,55.0,1,Dawn,Clear,Industry,Freight Train,5,40000,1652,41652,T220,34.896889000000002,-98.195999999999998
CSX,000205218,2022-05-28,2:40 PM,Side collision,0,CHATTANOOGA,TN,66.0,2,Day,Clear,Yard,Yard/switching,7,62980,1777,107662,H702,35.012656999999997,-85.371486000000004
NS,123181,2016-12-15,2:20 PM,Derailment,0,WESLEYVILLE,PA,12.0,2,Day,Snow,Siding,Single Car,1,80000,0,106692,M105,42.135153000000003,-80.038719
ATK,155431,2018-09-21,1:33 PM,Hwy-rail crossing,0,MISSOURI CITY,TX,93.0,2,Day,Cloudy,Main,Passenger Train - Pulling,57,38716,0,55448,M302,29.623828,-95.526252999999997
BNSF,RD0624124,2024-06-24,4:45 AM,Derailment,0,TULSA,OK,81.0,1,Dawn,Clear,Yard,Yard/switching,9,33470,19107,52577,M505,36.131242,-96.010171
GNBC,G06042018,2018-06-04,3:30 AM,Derailment,0,ENID,OK,60.0,4,Dark,Clear,Yard,Light loco(s),8,3750,0,68750,E64L,36.401428000000003,-97.897694999999999
UP,0315HU002,2015-03-03,10:05 AM,Raking collision,0,HOUSTON,TX,70.0,2,Day,Cloudy,Yard,Light loco(s),0,12173,0,134354,E99L,29.824722000000001,-95.290816000000007