reportingrailroadcode,accidentnumber,date,time,accidenttype,hazmatreleasedcars,station,stateabbr,temperature,visibility_code,visibility,weathercondition,tracktype,equipmenttype,trainspeed,equipmentdamagecost,trackdamagecost,totaldamagecost,primaryaccidentcausecode,latitude,longitude
MNCW,2016052819,2016-05-28,2:05 PM,Other (describe in narrative),0,NORWALK,CT,90.0,2,Day,Clear,Main,Commuter Train - Pushing,7,25000,2500,27500,H999,41.100175,-73.416704999999993
UP,0918DV026,2018-09-15,2:00 PM,Other (describe in narrative),0,WAMSUTTER,WY,70.0,2,Day,Clear,Yard,Single Car,0,11729,0,11729,M299,41.555309000000001,-108.547828
CSX,000176903,2018-06-10,10:25 PM,Other impacts,0,NASHVILLE,TN,81.0,4,Dark,Cloudy,Yard,Freight Train,10,38894,0,55534,H995,36.112141999999999,-86.770736999999997
XTGS,F0052018,2018-03-17,5:00 PM,Derailment,0,ANAHUAC,TX,80.0,2,Day,Clear,Industry,Yard/switching,6,1100,13776,14876,H503,29.699088,-94.897498999999996
BNSF,GC0215111,2015-02-16,7:14 PM,Derailment,0,DAYTON,TX,37.0,3,Dusk,Rain,Main,Yard/switching,7,70101,0,75915,H607,29.990929999999999,-94.908057999999997
BNSF,RD1116121,2016-11-27,2:45 AM,Derailment,0,COLEMAN,TX,51.0,4,Dark,Clear,Yard,Freight Train,10,86398,0,89215,H307,31.776702,-99.374189000000001
UP,0115SA001,2015-01-01,11:30 PM,Derailment,0,SMITHVILLE,TX,40.0,4,Dark,Rain,Yard,Work train,5,1348,66787,68135,T215,30.001799999999999,-97.150143999999997
IC,940496,2017-10-30,10:05 PM,Other impacts,0,GEISMAR,LA,54.0,4,Dark,Clear,Industry,Freight Train,5,21000,25,21025,H318,30.186945000000001,-90.995667999999995
NJTR,201904186,2018-07-16,7:00 AM,Other (describe in narrative),0,BAY HEAD,NJ,75.0,2,Day,Cloudy,Yard,Cut of cars,0,19149,0,19149,M502,40.075372999999999,-74.049216999999999
BNSF,CH1015200,2015-10-13,1:40 PM,Hwy-rail crossing,0,SOMONAUK,IL,65.0,2,Day,Clear,Main,,0,0,30000,30000,M302,41.629989999999999,-88.707099999999997
UP,0618KC020,2018-06-19,1:30 AM,Derailment,0,KANSAS CITY,MO,92.0,4,Dark,Clear,Yard,Yard/switching,1,11781,4492,16273,M405,39.11683,-94.499471999999997
BNSF,KS0317101,2017-03-07,2:20 PM,Other impacts,0,AMARILLO,TX,62.0,2,Day,Clear,Yard,Yard/switching,4,250,0,41250,H702,35.212918000000002,-101.827224
UP,0717HO030,2017-07-16,5:45 PM,Other impacts,0,HOUSTON,TX,82.0,2,Day,Clear,Yard,Single Car,0,11320,0,11320,M411,29.795172999999998,-95.29504
ATK,166702,2021-03-25,12:40 AM,Obstruction,0,NEWARK,NJ,57.0,4,Dark,Rain,Main,Spec. MoW Equip.,0,16003,0,32006,H607,40.715136000000001,-74.177267000000001
GVSR,GVS955116,2016-10-20,10:45 AM,Derailment,0,GALVESTON,TX,84.0,2,Day,Cloudy,Yard,Yard/switching,5,24700,72434,97134,T220,29.303052999999998,-94.813275000000004
MNCW,82863,2024-06-26,9:40 PM,Obstruction,0,DOVER PLAINS,NY,83.0,4,Dark,Cloudy,Main,Commuter Train - Pushing,70,35000,0,35000,M404,41.699046000000003,-73.588065999999998
KCS,17020901,2017-02-09,3:25 PM,Derailment,0,LAREDO,TX,76.0,2,Day,Clear,Main,Freight Train,7,6385,11762,18147,H799,27.510590000000001,-99.250445999999997
SLWC,180202001,2018-02-02,1:04 PM,Hwy-rail crossing,0,ELGIN,OK,50.0,2,Day,Clear,Main,Freight Train,25,41700,0,41700,M302,34.781458000000001,-98.293653000000006
UP,1117HO029,2017-11-24,3:30 PM,Derailment,0,TEXAS CITY,TX,62.0,2,Day,Clear,Yard,Freight Train,5,267126,3290,270416,T221,29.347449999999998,-94.939971999999997
BNSF,NW1017116,2017-10-25,1:41 AM,Obstruction,0,OAKBROOK,OR,42.0,4,Dark,Clear,Main,Freight Train,35,22264,1490,23754,M404,45.331752999999999,-120.950188
UP,0522HL022,2022-05-28,12:15 AM,Obstruction,0,KANSAS CITY,MO,69.0,4,Dark,Cloudy,Main,Freight Train,18,17135,0,869635,H499,39.091971999999998,-94.544566000000003
UP,1216HO014,2016-12-08,1:05 AM,Derailment,0,DAYTON,TX,55.0,4,Dark,Rain,Yard,Cut of cars,0,302967,0,743411,H306,30.00066,-94.905068
UP,0515HO006,2015-05-03,8:05 AM,Other impacts,0,HOUSTON,TX,72.0,2,Day,Clear,Yard,Yard/switching,4,191,12355,12847,M411,29.816410000000001,-95.290373000000002
UP,1115HO019,2015-11-08,12:00 AM,Derailment,0,DAYTON,TX,60.0,4,Dark,Cloudy,Yard,Single Car,0,14268,1219,16448,H302,30.004833000000001,-94.903778000000003
UP,0318SL006,2018-03-24,12:52 PM,Fire/violent rupture,0,WAVERLY,MO,48.0,2,Day,Cloudy,Main,Light loco(s),0,326281,0,326281,E72L,39.213155,-93.521506000000002
NS,152666,2023-03-30,2:15 AM,Other (describe in narrative),0,CHATTANOOGA,TN,40.0,4,Dark,Clear,Yard,Freight Train,3,3800,1374,15174,M503,35.007198000000002,-85.375513999999995
UP,0421PN029,2021-04-21,10:47 PM,Other impacts,0,HERMISTON,OR,61.0,4,Dark,Clear,Yard,Yard/switching,4,16598,465,46563,H318,45.796329,-119.268716
BNSF,NW1216116,2016-12-25,1:44 AM,Obstruction,0,ATHOL,ID,27.0,4,Dark,Snow,Main,Freight Train,0,1165,0,76165,M402,47.972132999999999,-116.702669
UP,0915LK010,2015-09-08,12:34 AM,RR grade crossing,0,TEXARKANA,TX,82.0,4,Dark,Cloudy,Main,Freight Train,26,451704,0,4664073,H401,33.415588999999997,-94.051147
UP,0215SA013,2015-02-10,3:00 AM,Derailment,0,SAN ANTONIO,TX,48.0,4,Dark,Clear,Yard,Yard/switching,5,15895,3600,19495,H524,29.435863999999999,-98.456547999999998
SEPA,Y221,2022-09-06,9:24 PM,Head on collision,0,CHALFONT,PA,70.0,4,Dark,Clear,Main,EMU,50,30000,0,30000,M510,40.280707999999997,-75.237466999999995
NJTR,201607352,2016-06-06,10:43 PM,Derailment,0,GREAT NOTCH,NJ,80.0,4,Dark,Clear,Yard,Commuter Train - Pushing,3,15000,500,15500,H303,40.874487999999999,-74.202935999999994
UP,0916HO013,2016-09-06,10:02 AM,Derailment,0,PALESTINE,TX,78.0,2,Day,Cloudy,Yard,Yard/switching,4,14111,4000,18111,M507,31.761399999999998,-95.632671000000002
NKCR,NKCR182279,2018-10-22,9:30 PM,Hwy-rail crossing,0,WALLACE,NE,50.0,4,Dark,Clear,Main,Freight Train,0,18000,250,18250,M302,40.828902999999997,-101.139844
UP,0315HU002,2015-03-03,10:05 AM,Raking collision,0,HOUSTON,TX,70.0,2,Day,Cloudy,Yard,Light loco(s),0,15175,0,134354,E99L,29.824722000000001,-95.290816000000007
NS,119990,2016-04-04,6:20 AM,Derailment,0,RIDGEVILLE,SC,68.0,1,Dawn,Clear,Siding,Freight Train,12,400,14956,15356,H701,33.097825999999998,-80.319445999999999
BNSF,NE1214100,2014-12-02,7:15 PM,Derailment,0,WATERBURY,NE,20.0,3,Dusk,Clear,Main,Freight Train,9,248926,110000,358926,T221,42.262999000000001,-96.421113000000005
BNSF,TC0123117,2023-01-28,12:23 PM,Derailment,0,ELK POINT,SD,24.0,2,Day,Clear,Main,Freight Train,10,10404,73537,83941,E53C,42.683272000000002,-96.674498
CSX,000170899,2017-08-13,3:27 PM,Other impacts,0,NASHVILLE,TN,89.0,2,Day,Cloudy,Yard,Cut of cars,4,14925,0,15629,H018,36.100735999999998,-86.751239999999996
UP,0315HO020,2015-03-07,11:13 PM,Derailment,0,GALVESTON,TX,42.0,4,Dark,Cloudy,Industry,Single Car,0,812,0,141576,H509,29.303529000000001,-94.898545999999996
CSX,000163594,2016-10-17,12:56 AM,Derailment,0,FRAMINGHAM,MA,50.0,4,Dark,Clear,Yard,Freight Train,7,37213,901,38114,H503,42.278196999999999,-71.411043000000006
CSX,000191425,2020-07-17,10:05 AM,Hwy-rail crossing,0,TIFFIN,OH,78.0,2,Day,Clear,Main,Freight Train,48,6394,8941,15335,M303,41.120437000000003,-83.187745000000007
BNSF,RD0819125,2019-08-18,6:15 PM,Side collision,0,TULSA,OK,85.0,3,Dusk,Clear,Yard,Yard/switching,2,10995,0,33996,M407,36.123044999999998,-96.010920999999996
UP,0717FW017,2017-07-14,9:35 PM,Fire/violent rupture,0,ALEDO,TX,92.0,4,Dark,Clear,Main,Freight Train,40,23994,0,23994,E73L,32.696454000000003,-97.603269999999995
LI,69317,2019-02-19,4:15 PM,Derailment,0,RICHMOND HILL,NY,40.0,2,Day,Clear,Industry,,0,0,10000,23954,M101,40.698546999999998,-73.829442999999998
CSX,000172888,2017-11-15,10:20 AM,Derailment,0,CHATTANOOGA,TN,77.0,2,Day,Clear,Yard,Yard/switching,5,56330,48,56378,M204,35.012658000000002,-85.371482999999998
NJTR,202009304,2020-09-02,5:50 PM,Derailment,0,MORRISVILLE,PA,67.0,2,Day,Clear,Yard,Yard/switching,5,99252,1572,100824,H704,40.195124999999997,-74.791871
NS,124590,2017-04-04,12:11 PM,Derailment,0,DANVILLE,KY,70.0,2,Day,Clear,Main,Freight Train,13,82330,9352,91682,H524,37.620947999999999,-84.788664999999995
NS,139689,2020-11-09,10:00 PM,Other impacts,0,CONWAY,PA,48.0,4,Dark,Clear,Yard,Cut of cars,0,32503,0,44065,M411,40.672356000000001,-80.251823000000002
UP,0615FW001,2015-06-02,4:16 PM,Obstruction,0,ODESSA,TX,90.0,2,Day,Clear,Main,Freight Train,68,2956,72604,75560,M402,31.843260999999998,-102.369039
CSX,000164903,2016-12-04,8:50 PM,Derailment,0,NASHVILLE,TN,45.0,4,Dark,Clear,Yard,Yard/switching,6,46798,360,47158,H306,36.112141999999999,-86.770736999999997
MBTA,YR202228,2022-02-25,8:35 AM,Obstruction,0,WALTHAM,MA,29.0,2,Day,Snow,Main,Passenger Train - Pushing,32,14564,0,14564,M402,42.361989000000001,-71.261863000000005
UP,1015FW009,2015-10-15,4:12 AM,Derailment,0,BIG SANDY,TX,52.0,4,Dark,Clear,Yard,Freight Train,14,176556,101510,278066,T220,32.581327999999999,-95.109099999999998
UP,1214HO006,2014-12-01,7:10 AM,Other impacts,0,BAYTOWN,TX,72.0,2,Day,Rain,Yard,Freight Train,3,12745,0,12930,H318,29.784562000000001,-95.016730999999993
BNSF,RD1218106,2018-12-07,4:05 AM,Derailment,0,AVONDALE,LA,45.0,1,Dawn,Clear,Yard,Cut of cars,0,5802,18000,40159,H501,29.916346999999998,-90.179410000000004
UP,1015FW016,2015-10-24,3:05 AM,Derailment,0,CORSICANA,TX,65.0,4,Dark,Rain,Main,Freight Train,20,3755057,486124,4241181,M103,32.150404000000002,-96.477455000000006
NS,143021,2021-10-01,4:05 PM,Other impacts,0,GREENSBORO,NC,80.0,3,Dusk,Clear,Yard,Yard/switching,8,20626,0,29126,H318,36.062078999999997,-79.821037000000004
CSX,000171722,2017-09-19,7:15 AM,Derailment,0,EAST SYRACUSE,NY,75.0,2,Day,Clear,Yard,Freight Train,4,47024,7312,54336,E21C,43.067112000000002,-76.048421000000005
PNR,PNR151337,2015-12-03,11:48 PM,Derailment,0,BORGER,TX,40.0,4,Dark,Clear,Main,Freight Train,10,128607,8612,137219,H020,35.661369000000001,-101.388232
BNSF,RD0422110,2022-04-15,2:30 AM,Derailment,0,TULSA,OK,60.0,4,Dark,Clear,Yard,Yard/switching,5,17000,7300,24300,H307,36.127012999999998,-96.011037000000002
NS,121485,2016-07-31,1:00 PM,Other (describe in narrative),0,BELLEVUE,OH,85.0,2,Day,Clear,Yard,Yard/switching,1,0,15754,15754,M407,41.273353999999998,-82.834598
UP,0223GP027,2023-02-12,12:00 PM,Other (describe in narrative),0,NORTH PLATTE,NE,41.0,2,Day,Cloudy,Yard,Single Car,0,25974,0,25974,M411,41.150618999999999,-100.81347
UP,0717SA012,2017-07-20,5:20 PM,Derailment,0,KNIPPA,TX,99.0,2,Day,Clear,Main,,0,0,203099,205099,E51C,29.276395999999998,-99.703947999999997
NS,152826,2023-04-14,4:30 PM,Other impacts,0,ENOLA,PA,75.0,3,Dusk,Clear,Yard,Single Car,4,0,16372,16522,H312,40.306424,-76.920705999999996
UP,0218HO023,2018-02-14,1:20 AM,Other impacts,0,HOUSTON,TX,65.0,4,Dark,Fog,Yard,Cut of cars,0,33137,0,68513,S007,29.795673000000001,-95.295283999999995
KCS,15031002,2015-03-10,2:00 PM,Obstruction,0,AGUILARES,TX,70.0,2,Day,Cloudy,Siding,Spec. MoW Equip.,2,0,0,12000,H997,27.464167,-99.123610999999997
CP,1000689500,2018-01-22,3:00 AM,Other impacts,0,KANSAS CITY,MO,44.0,4,Dark,Rain,Yard,Single Car,0,106,0,185251,H307,39.129761000000002,-94.540198000000004
BNSF,PR0520107,2020-05-11,3:00 PM,Broken train collision,0,GILLETTE,WY,45.0,2,Day,Clear,Main,Spec. MoW Equip.,0,203417,0,243667,H008,44.216403999999997,-105.293504
LI,79698,2023-05-11,2:23 AM,Derailment,0,LONG ISLAND CITY,NY,61.0,4,Dark,Clear,Yard,Spec. MoW Equip.,5,52320,38004,90324,M405,40.740574000000002,-73.951891000000003
CRSH,146837,2024-03-01,7:50 AM,Derailment,0,WOODBRIDGE,NJ,38.0,1,Dawn,Clear,Yard,Yard/switching,5,39122,10647,49769,T220,40.567988,-74.248718999999994
KCS,16042302,2016-04-23,6:50 AM,Derailment,0,DOMINO,TX,70.0,1,Dawn,Clear,Industry,Yard/switching,8,0,19675,19675,H702,33.251779999999997,-94.110018999999994
KAW,240201004,2024-02-01,2:35 PM,Derailment,0,KANSAS CITY,KS,50.0,2,Day,Clear,Yard,Spec. MoW Equip.,1,50000,10000,86771,H993,39.079323000000002,-94.621557999999993
UP,0119GP061,2019-01-30,8:50 PM,Derailment,0,ALEXANDRIA,NE,6.0,4,Dark,Clear,Main,Freight Train,10,72504,1792,74296,E71L,40.242507000000003,-97.388959
TCT,580274,2017-11-30,5:20 PM,Raking collision,0,TEXAS CITY,TX,68.0,3,Dusk,Clear,Yard,Yard/switching,4,15050,0,15050,H306,29.355408000000001,-94.931848000000002
CSX,000211131,2023-05-03,5:05 AM,Other impacts,0,WAYCROSS,GA,73.0,1,Dawn,Clear,Yard,Single Car,9,10432,0,38681,S016,31.213529999999999,-82.353567999999996
UP,0415LV026,2015-04-26,8:00 AM,Derailment,0,PORT ARTHUR,TX,76.0,2,Day,Cloudy,Industry,Freight Train,5,12138,4864,17002,T216,29.835167999999999,-93.968162000000007
UP,1216ES010,2016-12-18,2:30 PM,Obstruction,0,BRYAN,TX,29.0,2,Day,Clear,Main,Spec. MoW Equip.,10,12739,0,12739,M404,30.701062,-96.392202999999995
ALS,201024,2020-10-24,6:36 AM,Derailment,0,EAST ST LOUIS,IL,48.0,1,Dawn,Clear,Yard,,0,0,3450,19723,H210,38.584206999999999,-90.133405999999994
KCS,18052503,2018-05-25,1:00 PM,Derailment,0,DALLAS,TX,91.0,2,Day,Clear,Yard,,0,0,21263,25763,H399,32.856794000000001,-96.672081000000006
CSX,000142845,2015-03-11,2:23 PM,Derailment,0,SELKIRK,NY,50.0,2,Day,Clear,Yard,Single Car,7,322,12686,13008,S016,42.566588000000003,-73.852295999999996
CP,1000438442,2016-08-19,6:20 AM,Derailment,0,ST PAUL,MN,65.0,1,Dawn,Cloudy,Yard,Yard/switching,4,90518,41583,371040,H523,44.924666000000002,-93.020521000000002
NS,121731,2016-08-18,4:00 PM,Hwy-rail crossing,0,N/A,OH,84.0,3,Dusk,Cloudy,Main,Freight Train,34,22200,0,22200,M302,39.285493000000002,-82.938993999999994
UP,0517SA007,2017-05-10,11:50 PM,Hwy-rail crossing,0,HONDO,TX,70.0,4,Dark,Clear,Main,Freight Train,38,0,70000,70000,M308,29.347024000000001,-99.150368
UP,0121TO035,2021-01-30,6:00 AM,Derailment,0,MUSKOGEE,OK,47.0,1,Dawn,Rain,Yard,Freight Train,6,386585,18200,404785,H702,35.744200999999997,-95.370013
BNSF,RD0218103,2018-02-01,1:45 AM,Derailment,0,MORGAN,TX,47.0,4,Dark,Clear,Main,Freight Train,21,38000,568918,606918,E61C,32.015438000000003,-97.592224999999999
BNSF,SW1020106,2020-10-08,3:20 PM,Side collision,0,GALLUP,NM,70.0,2,Day,Clear,Yard,Freight Train,0,197736,0,308679,H318,35.519371,-108.772114
CSX,000191293,2020-07-10,10:04 PM,Other impacts,0,CUMBERLAND,MD,72.0,4,Dark,Cloudy,Yard,Yard/switching,10,0,500,250517,H307,39.644503999999998,-78.760839000000004
BNSF,PR1218109,2018-12-14,3:48 PM,Derailment,0,GREYBULL,WY,25.0,2,Day,Clear,Yard,Yard/switching,4,11600,5000,16600,H607,44.493746999999999,-108.057614
UP,0217FW043,2017-02-15,3:39 PM,Hwy-rail crossing,0,CALVERT,TX,60.0,2,Day,Clear,Main,Freight Train,22,3117,47035,50152,M303,30.977682000000001,-96.672486000000006
KCS,22082404,2022-08-24,12:30 PM,Derailment,0,BRANDON,MS,85.0,2,Day,Cloudy,Main,Freight Train,25,103773,464443,568216,M103,32.291333000000002,-89.984640999999996
NJTR,202204189,2022-04-13,8:15 PM,Derailment,0,KEARNY,NJ,55.0,4,Dark,Clear,Yard,Yard/switching,5,24831,1362,26193,H704,40.743538999999998,-74.111817000000002
CSX,000210397,2022-09-02,2:29 AM,Other impacts,0,NASHVILLE,TN,62.0,4,Dark,Clear,Industry,Yard/switching,2,0,24000,24000,M599,36.112157000000003,-86.770728000000005
NS,137694,2020-04-08,3:00 PM,Other (describe in narrative),0,VENICE,MO,75.0,2,Day,Clear,Yard,Freight Train,3,26186,0,31001,H399,38.688211000000003,-90.212970999999996
CSX,000212726,2023-08-05,10:55 PM,Other impacts,0,PHILADELPHIA,PA,80.0,4,Dark,Cloudy,Yard,Cut of cars,0,124490,112,133716,H318,39.898701000000003,-75.166960000000003
CSX,000154156,2015-11-10,11:40 PM,Derailment,0,NAHUNTA,NC,60.0,4,Dark,Rain,Main,Freight Train,17,143185,9680,152865,E30C,35.619503000000002,-78.070867000000007
IC,1010946,2019-08-29,3:00 AM,Side collision,0,ST GABRIEL,LA,80.0,4,Dark,Rain,Yard,Yard/switching,3,600,0,16600,H301,30.175868999999999,-90.986412999999999
UP,0117SA007,2017-01-07,5:11 AM,Derailment,0,MATHIS,TX,28.0,4,Dark,Clear,Main,Freight Train,31,1472005,33000,1505005,T221,28.208738,-97.902210999999994
KCS,15101602,2015-10-16,5:25 PM,Other impacts,0,ARTESIA,MS,85.0,2,Day,Clear,Yard,Yard/switching,0,3814,0,10828,H503,33.415481,-88.643279000000007
NS,152850,2023-04-18,7:40 PM,Other (describe in narrative),0,TOLEDO,OH,48.0,3,Dusk,Clear,Yard,Freight Train,5,15779,13980,29759,H306,41.638469000000001,-83.573328000000004
BNSF,CH0522116,2022-05-31,9:05 PM,Side collision,0,CHICAGO,IL,80.0,4,Dark,Clear,Yard,Cut of cars,0,8000,0,13000,H307,41.809784999999998,-87.714727999999994
KCS,16040602,2016-04-06,11:20 PM,Derailment,0,BEAUMONT,TX,71.0,4,Dark,Clear,Main,,0,0,0,16104,H518,30.081227999999999,-94.093183999999994
NS,143911,2022-01-03,6:44 AM,Derailment,0,CONWAY,PA,22.0,1,Dawn,Clear,Yard,Yard/switching,3,63446,6200,69646,M101,40.672361000000002,-80.251825999999994
ATR,ATR151257,2015-09-21,5:30 AM,Side collision,0,HASLET,TX,67.0,4,Dark,Cloudy,Yard,Freight Train,7,45000,0,96000,H607,33.009827999999999,-97.353228999999999
NS,142031,2021-06-28,2:36 PM,Derailment,0,ROYALTON,PA,92.0,2,Day,Clear,Main,Freight Train,41,2227361,558307,2785668,H501,40.175691999999998,-76.754420999999994
UP,1115FW013,2015-11-13,8:00 PM,Derailment,0,DENISON,TX,45.0,4,Dark,Clear,Yard,Yard/switching,8,20953,87,21040,M507,33.771191000000002,-96.596762999999996
UP,0418NP012,2018-04-16,5:09 PM,Other impacts,0,NORTH PLATTE,NE,52.0,2,Day,Clear,Yard,Single Car,0,5749,0,33303,M411,41.146788000000001,-100.833913
UP,0415FW018,2015-04-20,2:15 PM,Obstruction,0,BENBROOK,TX,75.0,2,Day,Clear,Yard,Spec. MoW Equip.,0,8399,0,34982,H997,32.689762000000002,-97.456300999999996
UP,0715FW027,2015-07-26,3:17 PM,Derailment,0,MANSFIELD,TX,100.0,2,Day,Clear,Main,,0,0,327770,1593656,H599,32.549464,-97.066845999999998
BNSF,MT1118102,2018-11-05,12:02 AM,Derailment,0,GLENDIVE,MT,43.0,4,Dark,Clear,Yard,Freight Train,10,110000,11000,121000,T221,47.115634,-104.701689
CSX,000189137,2020-03-16,7:15 AM,Side collision,0,CINCINNATI,OH,40.0,4,Dark,Clear,Yard,Yard/switching,9,14572,0,14572,S014,39.124550999999997,-84.542520999999994
CRSH,146843,2024-03-15,12:20 PM,Derailment,0,NEWARK,NJ,68.0,2,Day,Cloudy,Yard,Yard/switching,9,44195,10167,103905,M409,40.693089000000001,-74.159008
CSX,000213053,2023-08-23,10:12 AM,Hwy-rail crossing,0,WINDBER,PA,67.0,2,Day,Clear,Main,Freight Train,23,109251,0,109251,M302,40.243383999999999,-78.882210000000001
UP,1220GC031,2020-12-22,10:10 AM,Derailment,0,LAKE CHARLES,LA,57.0,2,Day,Cloudy,Yard,Freight Train,10,1206,12082,13288,H704,30.220089999999999,-93.142674
NS,146343,2022-08-31,12:01 AM,Derailment,0,LEWISTOWN,PA,68.0,4,Dark,Clear,Main,Freight Train,41,92,58970,59062,E62C,40.575909000000003,-77.543538999999996
BNSF,KS0218107,2018-02-20,11:15 PM,Derailment,0,KANSAS CITY,KS,32.0,4,Dark,Rain,Yard,Yard/switching,4,0,12000,12000,M411,39.084614000000002,-94.689822000000007
CSX,000176553,2018-05-19,9:22 PM,Other impacts,0,SELKIRK,NY,55.0,4,Dark,Cloudy,Yard,Cut of cars,18,44459,0,44459,M203,42.565902999999999,-73.854184000000004
CWRO,201660,2016-09-07,11:00 AM,Derailment,0,CLEVELAND,OH,85.0,2,Day,Clear,Industry,Yard/switching,8,5000,25000,30000,M204,41.275924000000003,-81.401627000000005
UP,0117SA008,2017-01-10,4:00 PM,Derailment,0,SAN ANTONIO,TX,75.0,2,Day,Cloudy,Yard,Yard/switching,9,6204,33600,39804,H703,29.383255999999999,-98.551371000000003
UP,0917SA005,2017-09-08,5:07 AM,Derailment,0,SAN ANTONIO,TX,60.0,4,Dark,Clear,Yard,Yard/switching,7,179468,26744,206212,H518,29.358564999999999,-98.571825000000004
NS,121676,2016-08-15,11:56 AM,Derailment,0,MELVINDALE,MI,75.0,2,Day,Cloudy,Yard,Freight Train,8,530,10322,10852,E65C,42.273274000000001,-83.193521000000004
UP,0217FW006,2017-02-05,5:00 AM,Other impacts,0,FORT WORTH,TX,52.0,4,Dark,Clear,Yard,Freight Train,1,8805,2292,13764,M408,32.728093000000001,-97.366263000000004
CSX,000200106,2021-09-14,9:20 AM,Other impacts,0,CINCINNATI,OH,72.0,2,Day,Clear,Yard,Cut of cars,4,67113,3006,285980,H318,39.4405,-84.522199999999998
MNCW,79492,2023-03-31,3:20 AM,Derailment,0,WAPPINGERS FALLS,NY,44.0,4,Dark,Clear,Main,,0,0,1605000,1608211,E54C,41.555723,-73.967515000000006
UP,0619GP037,2019-06-27,2:15 AM,Derailment,0,NORTH PLATTE,NE,73.0,4,Dark,Clear,Yard,Yard/switching,4,20970,34020,54990,M411,41.145564,-100.79333200000001
UP,0223GP001,2023-02-01,1:30 AM,Other impacts,0,NORTH PLATTE,NE,3.0,4,Dark,Clear,Yard,Yard/switching,0,159735,0,284022,M407,41.147176000000002,-100.832213
CSX,000201050,2021-11-02,7:15 AM,Derailment,0,NASHVILLE,TN,58.0,1,Dawn,Cloudy,Yard,Yard/switching,10,558900,0,845367,M411,36.112141999999999,-86.770736999999997
BNSF,PR0917101,2017-09-05,12:54 PM,Derailment,0,SENECA,NE,74.0,2,Day,Clear,Main,Freight Train,47,1771,338418,340189,E54C,42.032504000000003,-100.767354
CSX,000210576,2023-04-01,2:40 AM,Other (describe in narrative),0,CHAPEL HILL,TN,45.0,4,Dark,Rain,Main,Freight Train,0,149559,116,149675,M102,35.660494999999997,-86.692832999999993
UP,0715LV005,2015-07-09,11:30 AM,Other impacts,0,BEAUMONT,TX,93.0,2,Day,Cloudy,Yard,Yard/switching,9,21418,114,27622,H602,30.074373000000001,-94.141208000000006
NS,141905,2021-06-16,2:08 PM,Derailment,0,BATH,PA,74.0,2,Day,Clear,Main,Spec. MoW Equip.,10,30000,450,30450,H997,40.726759999999999,-75.354506999999998
BNSF,TC0718101,2018-07-03,12:05 PM,Derailment,0,MINNEAPOLIS,MN,85.0,2,Day,Clear,Yard,Light loco(s),4,12000,1000,13000,H607,45.044445000000003,-93.272321000000005
ATK,167839,2021-07-24,6:36 AM,Obstruction,0,MANSFIELD,MA,65.0,1,Dawn,Clear,Main,Passenger Train - Pulling,100,28897,0,28897,M509,42.010309999999997,-71.235962999999998
UP,1217SA019,2017-12-20,7:42 AM,Hwy-rail crossing,0,SAN ANTONIO,TX,50.0,2,Day,Clear,Main,,0,0,216,24036,M302,29.503212000000001,-98.399913999999995
MNCW,2015031404,2015-03-14,2:08 AM,Derailment,0,BEACON,NY,43.0,4,Dark,Cloudy,Main,,0,0,450000,457414,E65C,41.493459000000001,-73.982104000000007
BNSF,TC0123107,2023-01-13,4:01 PM,Derailment,0,FRIDLEY,MN,19.0,2,Day,Cloudy,Yard,Freight Train,8,22627,6000,28627,H519,45.049242,-93.272971999999996
BNSF,TC0515101,2015-05-06,7:30 AM,Derailment,5,HEIMDAL,ND,40.0,1,Dawn,Cloudy,Main,Freight Train,24,476670,2993814,3470484,E61C,47.793095999999998,-99.642249000000007
BNSF,TX0615118,2015-06-15,8:00 AM,Other (describe in narrative),0,FRISCO,TX,95.0,1,Dawn,Cloudy,Main,Spec. MoW Equip.,10,41347,0,41347,H997,33.137300000000003,-96.836195000000004
XTGS,F0142018,2018-08-08,8:00 PM,Other impacts,0,ANAHUAC,TX,85.0,3,Dusk,Clear,Industry,Yard/switching,8,31723,0,31723,H601,29.699088,-94.897498999999996
BNSF,RD0918110,2018-09-07,8:50 AM,Derailment,0,SAN AUGUSTINE,TX,90.0,1,Dawn,Clear,Main,Freight Train,22,320226,48253,368479,M405,31.483257999999999,-94.114627999999996
UP,1214HO021,2014-12-11,10:17 AM,Obstruction,0,HOUSTON,TX,68.0,2,Day,Clear,Yard,Single Car,0,10144,0,13151,M202,29.816562000000001,-95.287975000000003
BNSF,MT0818103,2018-08-08,5:40 PM,Derailment,0,GREAT FALLS,MT,95.0,3,Dusk,Clear,Yard,Yard/switching,5,12483,2000,14483,H503,47.503132999999998,-111.307723
NS,130718,2018-08-24,10:00 PM,Derailment,0,HARRISBURG,PA,72.0,4,Dark,Clear,Yard,Light loco(s),4,11782,10372,22154,H306,40.294946000000003,-76.891711000000001
BNSF,CH0918101,2018-09-02,2:07 PM,Derailment,0,CHICAGO,IL,80.0,2,Day,Clear,Yard,Freight Train,10,17986,0,17986,H503,41.811855999999999,-87.716725999999994
BNSF,RD0218126,2018-02-26,11:48 AM,Other impacts,0,TEMPLE,TX,75.0,2,Day,Clear,Yard,Yard/switching,10,10667,26090,47424,H020,31.106200000000001,-97.348889