reportingrailroadcode,accidentnumber,date,time,accidenttype,hazmatreleasedcars,station,stateabbr,temperature,visibility_code,visibility,weathercondition,tracktype,equipmenttype,trainspeed,equipmentdamagecost,trackdamagecost,totaldamagecost,primaryaccidentcausecode,latitude,longitude
NIRC,2020071848,2020-03-10,9:17 PM,Hwy-rail crossing,0,CHICAGO,IL,35.0,4,Dark,Clear,Main,EMU,30,16474,9175,25649,M308,41.766202,-87.572609999999997
UP,1215WH007,2015-12-24,3:35 PM,Other (describe in narrative),0,CHOUTEAU,OK,60.0,2,Day,Cloudy,Main,Freight Train,25,34278,150,34428,E53C,36.160071000000002,-95.347471999999996
LAS,190313002,2019-03-13,11:45 AM,Other (describe in narrative),0,COTTON VALLEY,LA,62.0,2,Day,Rain,Main,Freight Train,0,20000,0,20000,H018,32.800516000000002,-93.409845000000004
NS,121780,2016-08-22,4:10 AM,Derailment,0,KIMBALL,OH,62.0,1,Dawn,Clear,Yard,Yard/switching,8,12220,8915,21135,E34C,41.300092999999997,-82.751345999999998
NS,154364,2023-09-29,8:32 PM,Derailment,0,GREENCASTLE,PA,62.0,4,Dark,Cloudy,Yard,Work train,8,135472,34575,170047,H702,39.794193,-77.728119000000007
CSX,000193817,2020-11-13,9:30 PM,Side collision,0,SELKIRK,NY,45.0,4,Dark,Clear,Yard,Single Car,10,140654,0,206614,S014,42.565902999999999,-73.854184000000004
UP,1121PN006,2021-11-06,12:15 AM,Derailment,0,ADAMS,OR,36.0,4,Dark,Cloudy,Main,Freight Train,20,4080,46160,50240,E53C,45.606372,-118.347399
NRTX,12120,2020-12-01,4:42 PM,Hwy-rail crossing,0,NASHVILLE,TN,40.0,3,Dusk,Clear,Main,Commuter Train - Pulling,50,75000,0,75000,M302,36.17747,-86.630359999999996
CRSH,128035,2018-01-08,3:00 AM,Derailment,0,PHILADELPHIA,PA,12.0,4,Dark,Clear,Yard,Yard/switching,10,17429,0,17729,H703,39.898077999999998,-75.172908000000007
NS,114640,2015-03-03,1:15 AM,Derailment,0,PIONEER,TN,42.0,4,Dark,Cloudy,Industry,Freight Train,7,14600,4757,19357,M101,36.393957999999998,-84.281701999999996
UP,1216HO001,2016-12-02,9:15 PM,Other impacts,0,HOUSTON,TX,55.0,4,Dark,Rain,Yard,Yard/switching,6,520,1924,20347,M407,29.795898999999999,-95.291101999999995
NJTR,202405275,2024-05-24,12:50 AM,Derailment,0,KEARNY,NJ,65.0,4,Dark,Clear,Yard,Yard/switching,7,26623,0,26623,H607,40.743944999999997,-74.109848999999997
NS,122536,2016-10-26,2:15 AM,Derailment,0,BELLEVILLE,IL,49.0,4,Dark,Clear,Main,Freight Train,27,616384,261104,877488,E53C,38.549255000000002,-90.037182000000001
IORY,IOR488223R,2023-07-26,3:30 AM,Derailment,0,BLOOMINGBURG,OH,70.0,4,Dark,Clear,Industry,Freight Train,6,20000,0,20000,H210,39.59328,-83.396767999999994
NS,152654,2023-03-28,12:00 AM,Side collision,0,MACON,GA,60.0,4,Dark,Fog,Yard,Yard/switching,2,110000,0,271596,H702,32.81373,-83.622793999999999
UP,0215FW023,2015-02-25,7:40 AM,Side collision,0,DALLAS,TX,34.0,2,Day,Snow,Yard,Freight Train,5,58580,0,96320,H306,32.717813999999997,-96.751964000000001
UP,0815HO037,2015-08-27,9:10 AM,Derailment,0,HOUSTON,TX,81.0,2,Day,Cloudy,Yard,Yard/switching,5,3410,30412,33822,T221,29.794360999999999,-95.291921000000002
UP,1217NP014,2017-12-23,5:14 PM,Fire/violent rupture,0,PINE BLUFFS,WY,5.0,4,Dark,Snow,Main,Freight Train,35,59223,0,59223,E74L,41.148648000000001,-104.17618
CSX,000154853,2015-12-03,2:00 PM,Other impacts,0,WARSAW,NC,49.0,2,Day,Clear,Yard,Cut of cars,4,17824,0,18074,H318,34.994463000000003,-78.092122000000003
BNSF,TX0815200,2015-08-07,4:40 PM,Hwy-rail crossing,0,SANGER,TX,100.0,2,Day,Clear,Main,Freight Train,54,20000,104634,124634,M302,33.362136,-97.169236999999995
PW,150707,2015-07-29,9:50 PM,Hwy-rail crossing,0,WOONSOCKET,RI,64.0,4,Dark,Clear,Main,Freight Train,24,21250,0,21250,M304,42.004246000000002,-71.521985000000001
SEPA,SEPA080723,2023-08-07,7:08 PM,Other (describe in narrative),0,LANGHORNE,PA,85.0,2,Day,Clear,Main,EMU,0,0,27588,27588,M199,40.190854000000002,-74.890934000000001
UP,0917PD021,2017-09-16,3:55 PM,Derailment,0,BOARDMAN,OR,75.0,2,Day,Cloudy,Industry,Freight Train,7,17574,32608,50182,M404,45.842464,-119.61964999999999
NS,154094,2023-09-01,12:30 PM,Other impacts,0,WEST FAIRVIEW,PA,80.0,2,Day,Clear,Yard,Single Car,0,9150,0,36825,E21C,40.279833000000004,-76.922471999999999
NJTR,201903122,2019-03-11,12:20 PM,Other (describe in narrative),0,KEARNY,NJ,37.0,2,Day,Cloudy,Yard,Commuter Train - Pulling,5,13471,0,13471,H599,40.743744,-74.109700000000004
BNSF,GC0315103,2015-03-12,4:05 AM,Side collision,0,TEMPLE,TX,48.0,4,Dark,Clear,Yard,Yard/switching,10,6875,1200,28700,H607,31.107842000000002,-97.348787000000002
FEC,X01010119,2019-01-01,4:23 PM,Hwy-rail crossing,0,LANTANA,FL,84.0,2,Day,Clear,Main,,0,0,443,130889,M303,26.576412999999999,-80.053752000000003
BNSF,SF0316118,2016-03-25,12:50 AM,Derailment,0,MEMPHIS,TN,52.0,4,Dark,Clear,Yard,Yard/switching,10,25459,0,25459,H316,35.024095000000003,-89.888369999999995
KCS,19051701,2019-05-17,5:20 AM,Derailment,0,HEAVENER,OK,72.0,4,Dark,Clear,Yard,Cut of cars,0,3032,0,109058,H306,34.898902999999997,-94.601401999999993
NICD,N2000025,2020-10-25,8:45 AM,Other impacts,0,MICHIGAN CITY,IN,48.0,2,Day,Cloudy,Yard,Freight Train,5,400,20087,20487,H307,41.713515999999998,-86.862091000000007
BNSF,RD0318103,2018-03-03,12:06 AM,Derailment,0,GALVESTON,TX,78.0,4,Dark,Clear,Yard,Yard/switching,5,6134,75000,81134,H701,29.294813000000001,-94.838102000000006
CSX,000194524,2020-12-17,1:51 AM,Derailment,0,WALLINS CREEK,KY,41.0,4,Dark,Cloudy,Main,Freight Train,18,540946,49030,589976,M199,36.825088999999998,-83.416180999999995
IC,1014890,2019-10-06,9:00 PM,Fire/violent rupture,0,TIPTON,TN,68.0,4,Dark,Rain,Main,Freight Train,7,72960,0,72960,E73L,35.496867000000002,-89.720583000000005
UP,1115HO019,2015-11-08,12:00 AM,Derailment,0,DAYTON,TX,60.0,4,Dark,Cloudy,Yard,Freight Train,4,961,0,16448,H302,30.004833000000001,-94.903778000000003
CSX,000217353,2024-04-11,9:00 PM,Other impacts,0,FLORENCE,SC,60.0,4,Dark,Clear,Yard,Cut of cars,0,894,0,13940,M201,34.198270000000001,-79.762484999999998
UP,1116HO014,2016-11-11,10:50 PM,Hwy-rail crossing,0,MISSOURI CITY,TX,80.0,4,Dark,Clear,Main,Freight Train,43,4766,23442,28208,M302,29.623805999999998,-95.526193000000006
UP,0317HO012,2017-03-07,10:30 AM,Other impacts,0,HOUSTON,TX,70.0,2,Day,Cloudy,Yard,Cut of cars,0,19192,0,50901,M411,29.816386999999999,-95.288286999999997
CSX,000170894,2017-08-12,3:29 PM,Other impacts,0,KINGSPORT,TN,85.0,2,Day,Clear,Yard,Single Car,0,17201,0,17201,H318,36.542749999999998,-82.559675999999996
BNSF,SF0615102,2015-06-03,8:15 AM,Obstruction,0,MANNFORD,OK,74.0,1,Dawn,Clear,Main,Freight Train,56,11189,5000,16189,M402,36.138879000000003,-96.397979000000007
BNSF,RD0220123,2020-02-23,8:51 AM,Derailment,1,SPOFFORD,TX,44.0,2,Day,Cloudy,Main,Freight Train,7,200000,0,463235,E79L,29.163014,-100.395556
NIRC,2020072020,2020-12-17,5:11 PM,Other (describe in narrative),0,CHICAGO,IL,28.0,4,Dark,Clear,Main,EMU,5,18926,6193,25119,E78L,41.884374999999999,-87.624735000000001
BNSF,HL0917200,2017-09-20,3:49 PM,Hwy-rail crossing,0,TULSA,OK,94.0,2,Day,Clear,Main,Freight Train,28,5000,80000,85000,M302,36.179884000000001,-95.922514000000007
UP,0315HO015,2015-03-07,2:30 AM,Derailment,0,LA PORTE,TX,49.0,4,Dark,Cloudy,Siding,Freight Train,2,37219,3540,40759,H607,29.725252999999999,-95.068881000000005
CSX,000153144,2015-10-12,1:45 PM,Side collision,0,LELAND,NC,71.0,2,Day,Cloudy,Yard,Cut of cars,2,11887,0,11887,H018,34.255867000000002,-77.942984999999993
UP,0418HO025,2018-04-18,7:00 PM,Derailment,0,LA PORTE,TX,75.0,2,Day,Cloudy,Yard,Freight Train,3,323609,55937,379546,M101,29.675856,-95.038931000000005
UP,0718NP031,2018-07-23,12:24 PM,Derailment,0,VAN TASSELL,WY,76.0,2,Day,Cloudy,Main,Freight Train,39,24999,63205,88204,H401,42.614825000000003,-104.12490200000001
UP,1023RM011,2023-10-17,6:31 PM,Other impacts,0,POCATELLO,ID,68.0,3,Dusk,Clear,Yard,Cut of cars,2,235,0,17467,H318,42.866084000000001,-112.452293
UP,1216LV001,2016-12-03,2:30 PM,Other impacts,0,BEAUMONT,TX,42.0,2,Day,Rain,Yard,Freight Train,8,1111,800,11793,H307,30.074262000000001,-94.141195999999994
CRSH,146832,2024-02-24,7:50 PM,Other impacts,0,CAMDEN,NJ,27.0,3,Dusk,Clear,Yard,Yard/switching,5,24230,3082,40312,H401,39.953887999999999,-75.087221999999997
BNSF,GC0715111,2015-07-29,12:45 AM,Derailment,0,BELLVILLE,TX,86.0,4,Dark,Clear,Main,Freight Train,28,2600,1607401,1610001,E61C,30.054628000000001,-96.334316000000001
UP,0515SA004,2015-05-10,7:25 PM,Derailment,0,KIRBY,TX,85.0,3,Dusk,Cloudy,Yard,Yard/switching,6,3169,8176,11345,E39C,29.464832999999999,-98.397650999999996
UP,1214CB015,2014-12-26,4:40 AM,Derailment,0,NORTH BEND,NE,32.0,4,Dark,Cloudy,Main,Freight Train,45,1017504,819229,1836733,E53C,41.462676999999999,-96.862405999999993
UP,1020PR022,2020-10-25,5:47 PM,Side collision,0,GURNEE,IL,42.0,2,Day,Cloudy,Industry,Freight Train,7,21130,0,36634,M501,42.379325000000001,-87.896953999999994
UP,0318FW004,2018-03-03,4:48 AM,Hwy-rail crossing,0,MIDLAND,TX,57.0,4,Dark,Clear,Main,Freight Train,63,95449,73201,168650,M302,32.031770000000002,-102.00398199999999
CSX,000153187,2015-10-13,7:16 AM,Raking collision,0,NORTH BALTIMORE,OH,46.0,1,Dawn,Cloudy,Yard,Light loco(s),6,0,0,14154,H399,41.182022000000003,-83.684398999999999
NS,128314,2018-01-29,4:50 AM,Other (describe in narrative),0,OBERLIN,PA,36.0,1,Dawn,Clear,Yard,Light loco(s),6,12495,150,12645,H702,40.256385999999999,-76.802177999999998
NS,139138,2020-09-13,2:14 AM,Derailment,0,ELIZABETH,NJ,63.0,4,Dark,Clear,Yard,Freight Train,4,99038,2500,119041,H702,40.657429999999998,-74.173545000000004
UP,0718KC016,2018-07-19,4:20 PM,Derailment,0,OSAWATOMIE,KS,83.0,2,Day,Rain,Main,Freight Train,40,471895,55720,527615,M105,38.489632,-94.923584000000005
BNSF,TX0615103,2015-06-09,5:00 PM,Other (describe in narrative),0,HASLET,TX,90.0,3,Dusk,Clear,Yard,Yard/switching,10,466408,6800,473208,E33C,32.973846000000002,-97.348162000000002
UP,0115SA002,2015-01-02,9:50 PM,Derailment,0,NEW BRAUNFELS,TX,55.0,4,Dark,Rain,Industry,Freight Train,8,31899,2150,34049,T211,29.626244,-98.268880999999993
UP,0318HO009,2018-03-04,11:53 PM,Fire/violent rupture,0,SPRING,TX,65.0,4,Dark,Clear,Main,Freight Train,20,15587,66,15653,E73L,30.076146000000001,-95.416231999999994
WATX,180904002,2018-09-04,6:06 PM,Derailment,0,HOUSTON,TX,88.0,2,Day,Clear,Yard,Yard/switching,6,335000,11000,346000,H702,29.699152999999999,-95.252117999999996
BNSF,GC0615105,2015-06-10,9:55 PM,Derailment,0,SOMERVILLE,TX,88.0,4,Dark,Clear,Yard,Yard/switching,4,5800,5500,11300,H310,30.348026000000001,-96.528834000000003
ATK,156181,2018-11-07,1:45 PM,Hwy-rail crossing,0,FORT WORTH,TX,60.0,2,Day,Cloudy,Main,Passenger Train - Pulling,40,3566,0,33566,M308,32.698669000000002,-97.342804000000001
CSX,000144233,2015-04-05,2:50 AM,Derailment,0,GALLATIN,TN,34.0,4,Dark,Clear,Main,Freight Train,32,3165,254489,257654,E53C,36.379103000000001,-86.479771
CSX,000181920,2019-03-21,2:58 PM,Derailment,0,HAMLET,NC,45.0,2,Day,Clear,Yard,Yard/switching,15,47488,11860,59348,H602,34.925491000000001,-79.646586999999997
UP,0115HO032,2015-01-25,5:30 PM,Raking collision,0,HOUSTON,TX,60.0,2,Day,Cloudy,Yard,Yard/switching,4,906,0,79354,M404,29.815708999999998,-95.287997000000004
BNSF,PR0520107,2020-05-11,3:00 PM,Broken train collision,0,GILLETTE,WY,45.0,2,Day,Clear,Main,Spec. MoW Equip.,0,250,0,243667,H008,44.216403999999997,-105.293504
CSX,000210474,2023-03-26,8:40 AM,Hwy-rail crossing,0,WAVERLY,TN,65.0,2,Day,Clear,Main,Freight Train,45,13612,0,13612,M304,36.088169000000001,-87.741518999999997
MNCW,2016011231,2016-01-12,7:15 PM,Derailment,0,NEW HAVEN,CT,23.0,4,Dark,Clear,Main,EMU,7,300000,102000,402000,H221,41.294955000000002,-72.928399999999996
NS,157102,2024-06-20,9:14 AM,Derailment,0,MIDDLETOWN,OH,96.0,2,Day,Clear,Siding,,0,0,30107,33852,H702,39.488505000000004,-84.406011000000007
BNSF,PR0323102,2023-03-02,11:05 PM,Derailment,0,ALLIANCE,NE,30.0,4,Dark,Clear,Yard,Yard/switching,6,18929,0,18929,H702,42.069361000000001,-102.895742
BNSF,HL0518111,2018-05-25,9:30 AM,Derailment,0,MEMPHIS,TN,85.0,2,Day,Clear,Yard,Yard/switching,4,208516,250,208766,S007,35.026062000000003,-89.890649999999994
AA,190315002,2019-03-15,3:00 AM,Derailment,0,MILAN,MI,40.0,4,Dark,Clear,Yard,Freight Train,5,20489,5977,26466,H704,42.074917999999997,-83.68526
UP,0615HO012,2015-06-07,11:15 AM,Derailment,0,HOUSTON,TX,91.0,2,Day,Clear,Main,,0,0,151130,595250,H524,29.748069999999998,-95.293586000000005
UP,0617HO053,2017-06-24,8:50 PM,Hwy-rail crossing,0,HOUSTON,TX,75.0,4,Dark,Clear,Main,Freight Train,45,3047,24735,27782,M308,29.631117,-95.507244999999998
UP,1218RM046,2018-12-28,7:25 AM,Derailment,0,SINCLAIR,WY,4.0,2,Day,Clear,Main,Freight Train,36,10271,2830,13101,S013,41.780746999999998,-106.998525
UP,0419PN023,2019-04-12,10:00 AM,Derailment,0,PORTLAND,OR,49.0,2,Day,Rain,Yard,Yard/switching,3,12126,5680,17806,H702,45.544089999999997,-122.684556
UP,0116FW005,2016-01-11,1:00 PM,Derailment,0,BELLMEAD,TX,50.0,2,Day,Clear,Yard,Yard/switching,3,81259,1297,82556,H303,31.585315999999999,-97.097401000000005
UP,1217HO024,2017-12-28,3:00 PM,Derailment,0,HOUSTON,TX,48.0,2,Day,Cloudy,Yard,Light loco(s),4,250,34865,35115,M404,29.796348999999999,-95.295631
KCS,14120301,2014-12-03,10:38 AM,Hwy-rail crossing,0,BISHOP,TX,60.0,2,Day,Cloudy,Main,Freight Train,43,1400,0,36631,M304,27.571722000000001,-97.816542999999996
NS,115650,2015-05-14,9:45 AM,Hwy-rail crossing,0,JOHNSTON,SC,78.0,2,Day,Clear,Main,Freight Train,44,75416,109493,184909,M303,33.832098999999999,-81.800584999999998
NS,114839,2015-03-15,6:42 AM,Derailment,0,WEST FAIRVIEW,PA,40.0,1,Dawn,Cloudy,Yard,Cut of cars,0,63218,2879,104002,H306,40.279833000000004,-76.922471000000002
DGNO,DGN482917S,2017-11-08,10:15 AM,Other impacts,0,DALLAS,TX,43.0,2,Day,Cloudy,Yard,Cut of cars,0,24600,0,25000,H302,32.832945000000002,-96.836399999999998
UP,1022GP019,2022-10-17,2:00 PM,Derailment,0,NORTH PLATTE,NE,54.0,2,Day,Clear,Yard,Yard/switching,4,75997,188675,264672,E35C,41.157260999999998,-100.86283899999999
NJTR,201412719,2014-12-16,12:00 PM,Derailment,0,MORRISVILLE,PA,40.0,2,Day,Cloudy,Yard,Yard/switching,5,15000,22000,37000,H303,40.195360000000001,-74.789946
NS,120740,2016-06-04,9:30 PM,Derailment,0,FOUNTAIN HILL,PA,68.0,4,Dark,Clear,Yard,Yard/switching,2,855,11246,12101,E04C,40.611936999999998,-75.426702000000006
SCIH,20230818,2023-08-18,1:30 PM,Derailment,0,WHITING,IN,75.0,2,Day,Clear,Main,Freight Train,6,8,0,27360,,41.402000000000001,-87.281800000000004
UP,1115SA010,2015-11-16,6:35 PM,Derailment,0,KIRBY,TX,77.0,4,Dark,Cloudy,Industry,Cut of cars,0,7641,0,13867,H306,29.470908999999999,-98.392769999999999
UP,0415FW021,2015-04-29,3:45 AM,Derailment,0,FORT WORTH,TX,48.0,4,Dark,Cloudy,Yard,Light loco(s),3,20576,152,20728,H303,32.727491000000001,-97.365983999999997
KCS,22012901,2022-01-29,7:30 PM,Derailment,0,EAST ST LOUIS,IL,19.0,4,Dark,Clear,Yard,Yard/switching,7,33764,17587,51351,E33C,38.588619999999999,-90.147863000000001
ATK,135389,2014-11-25,12:48 PM,Hwy-rail crossing,0,TAYLOR,TX,60.0,2,Day,Clear,Main,Passenger Train - Pulling,67,200000,0,200800,M302,30.771090999999998,-97.435783000000001
CWRO,201925,2019-05-22,11:50 AM,Derailment,0,CLEVELAND,OH,72.0,2,Day,Cloudy,Industry,Yard/switching,5,11500,8500,20000,H704,41.466700000000003,-81.675799999999995
ATK,141551,2016-03-13,5:38 AM,Obstruction,0,NEWBERN,TN,60.0,4,Dark,Cloudy,Main,Passenger Train - Pulling,70,20389,0,20389,M404,35.97495,-89.386482000000001
CSX,000170490,2017-07-25,10:15 AM,Derailment,0,GIRARD,OH,75.0,2,Day,Clear,Yard,Yard/switching,10,3931,6805,10736,H704,41.138513000000003,-80.702714
BNSF,KS0515202,2015-05-24,3:16 AM,Hwy-rail crossing,0,LEVELLAND,TX,60.0,4,Dark,Cloudy,Main,Freight Train,43,250,16865,17115,M303,33.80744,-102.16560699999999
ATK,158189,2019-03-25,9:50 PM,Obstruction,0,BOWIE,MD,45.0,4,Dark,Clear,Main,Passenger Train - Pulling,115,29644,0,29644,M509,39.003438000000003,-76.786803000000006
UP,0315HO026,2015-03-11,1:30 PM,Derailment,0,HOUSTON,TX,62.0,2,Day,Cloudy,Yard,Yard/switching,2,15073,2010,17083,H702,29.794834000000002,-95.290538999999995
CSX,000205233,2022-05-30,4:00 PM,Derailment,0,BRUCETON,TN,86.0,2,Day,Clear,Yard,Yard/switching,6,25409,1000,26409,H702,36.038922999999997,-88.253792000000004
CSX,000219582,2024-07-26,1:17 PM,Hwy-rail crossing,0,MARION,SC,84.0,2,Day,Cloudy,Main,,0,0,116,21419,M302,34.251486,-79.497810999999999
CRSH,129230,2018-04-20,10:35 AM,Raking collision,0,CAMDEN,NJ,48.0,2,Day,Clear,Yard,Cut of cars,0,9725,0,16275,H305,39.945514000000003,-75.102442999999994
NS,138792,2020-08-08,6:00 PM,Other (describe in narrative),0,KNOXVILLE,TN,88.0,3,Dusk,Clear,Yard,Freight Train,2,4300,12370,16670,H306,36.023169000000003,-83.849213000000006
LIRC,0508201701,2017-05-08,11:45 PM,Other (describe in narrative),0,JEFFERSONVILLE,IN,60.0,4,Dark,Cloudy,Main,Freight Train,1,0,13000,13000,H702,38.317763999999997,-85.751277000000002
BNSF,HL0122113,2022-01-25,3:30 AM,Derailment,0,LINCOLN,NE,7.0,4,Dark,Clear,Yard,Freight Train,4,9624,40500,50124,H307,40.808207000000003,-96.777794999999998
CSX,000173696,2017-12-29,7:14 PM,Derailment,0,HYNDMAN,PA,18.0,3,Dusk,Cloudy,Main,Freight Train,21,276486,67516,344002,E67C,39.796278000000001,-78.719835000000003
IHB,2165,2015-12-10,5:00 PM,Side collision,0,EAST CHICAGO,IN,53.0,4,Dark,Clear,Yard,Yard/switching,4,0,0,540865,H318,41.632776999999997,-87.457776999999993
BNSF,HL0323120,2023-03-19,4:30 PM,Derailment,0,MEMPHIS,TN,40.0,2,Day,Clear,Yard,Light loco(s),7,25000,45000,70000,H306,35.022441999999998,-89.887590000000003
NS,140931,2021-03-15,3:04 PM,Hwy-rail crossing,0,MOBERLY,MO,45.0,2,Day,Fog,Main,Freight Train,17,8192,252777,260969,M303,39.387236999999999,-92.437269999999998
NJTR,202405231,2024-04-29,3:38 PM,Obstruction,0,LONG ISLAND CITY,NY,55.0,2,Day,Clear,Yard,Commuter Train - Pushing,5,40701,0,40701,M404,40.749704000000001,-73.928849999999997
UP,0218LV034,2018-02-22,7:25 PM,Derailment,0,BEAUMONT,TX,78.0,4,Dark,Cloudy,Yard,Yard/switching,5,41212,3365,44577,H702,30.073737000000001,-94.143611000000007
CSX,000207711,2022-10-08,10:00 PM,Obstruction,0,EAST SYRACUSE,NY,55.0,4,Dark,Cloudy,Yard,Yard/switching,4,22952,0,22952,H309,43.067062,-76.048430999999994
UP,0315HU002,2015-03-03,10:05 AM,Raking collision,0,HOUSTON,TX,70.0,2,Day,Cloudy,Yard,Light loco(s),0,18430,0,134354,E99L,29.824722000000001,-95.290816000000007
GVSR,GVS252818,2018-08-08,9:50 AM,Derailment,0,GALVESTON,TX,94.0,2,Day,Cloudy,Yard,Freight Train,3,15816,500,16316,E4BC,29.182359000000002,-94.480326000000005
CRSH,127720,2017-12-10,2:30 PM,Derailment,0,NEWARK,NJ,35.0,2,Day,Clear,Yard,,0,0,4000,17589,H702,40.712538000000002,-74.149051
BNSF,RD0919129,2019-09-28,5:41 AM,Side collision,0,OKLAHOMA CITY,OK,75.0,1,Dawn,Clear,Yard,Yard/switching,3,3502,15000,72362,H318,35.386322999999997,-97.483999999999995
NS,130746,2018-08-28,2:15 AM,Other impacts,0,BELLEVUE,OH,77.0,4,Dark,Clear,Yard,Freight Train,4,3533,0,19086,H607,41.270727999999998,-82.841615000000004
NS,144095,2022-01-21,9:00 AM,Derailment,0,SOUTHERN VIEW,IL,5.0,2,Day,Clear,Main,Freight Train,46,676254,196231,872485,T220,39.749670999999999,-89.662936999999999
NS,154308,2023-08-20,5:20 PM,Other impacts,0,LANCASTER,PA,85.0,3,Dusk,Clear,Yard,Cut of cars,0,0,0,25000,E29C,40.057577999999999,-76.331147000000001
POHC,POH822215D,2015-10-16,10:15 AM,Derailment,0,CARNEGIE,PA,55.0,2,Day,Cloudy,Main,Freight Train,12,6800,12000,18800,E40C,40.429327000000001,-80.086416
BNSF,PR0722202,2022-07-06,6:48 AM,Hwy-rail crossing,0,SUTTON,NE,80.0,1,Dawn,Clear,Main,,0,0,0,22004,M302,40.622630000000001,-97.8245
NS,130746,2018-08-28,2:15 AM,Other impacts,0,BELLEVUE,OH,77.0,4,Dark,Clear,Yard,Freight Train,1,15153,400,19086,H607,41.270727999999998,-82.841615000000004
MRL,2014174,2014-12-16,4:05 AM,Other impacts,0,MISSOULA,MT,18.0,4,Dark,Cloudy,Yard,Yard/switching,4,500000,0,500000,H020,46.888454000000003,-114.015872
CSX,000215541,2024-01-13,3:45 AM,Derailment,0,GRAND RAPIDS,MI,20.0,4,Dark,Snow,Yard,Freight Train,7,14375,2192,16567,E33C,42.952632000000001,-85.684162999999998
BNSF,RD0417114,2017-04-15,4:00 AM,Other impacts,0,FORT WORTH,TX,70.0,1,Dawn,Clear,Industry,Cut of cars,0,21956,500,26921,H307,32.819729000000002,-97.330849999999998
BNSF,KS1114112,2014-11-20,2:18 PM,Derailment,0,LUBBOCK,TX,58.0,2,Day,Clear,Main,Freight Train,46,51474,184472,235946,E51C,33.520876999999999,-101.77558399999999
MRL,2014181,2014-12-31,7:45 PM,Derailment,0,COLUMBUS,MT,8.0,4,Dark,Clear,Siding,Freight Train,7,8600,4000,12600,H306,45.636108,-109.25040799999999
CSX,000214853,2023-12-01,6:05 PM,Derailment,0,WICKLIFFE,OH,45.0,3,Dusk,Rain,Main,,0,0,0,86330,E79L,41.611750999999998,-81.477118000000004
UP,0515LK033,2015-05-21,9:35 AM,Obstruction,0,JEFFERSON,TX,75.0,2,Day,Cloudy,Main,,0,0,600,22600,M404,32.787882000000003,-94.334024999999997
ATK,149471,2017-09-04,12:53 AM,Hwy-rail crossing,0,DAYTON,KY,65.0,4,Dark,Clear,Main,Passenger Train - Pulling,34,14256,0,14256,M302,39.107774999999997,-84.476889
BNSF,HL1018107,2018-10-13,10:00 AM,Derailment,0,ST JOSEPH,MO,60.0,2,Day,Clear,Yard,Freight Train,8,47491,61000,108491,M503,39.722751000000002,-94.865277000000006
UP,1214KC007,2014-12-16,4:40 AM,Derailment,0,AMARILLO,TX,20.0,4,Dark,Clear,Industry,Freight Train,7,15139,0,112150,H306,35.135793,-101.85292099999999
CSX,000160988,2016-07-01,2:47 AM,Derailment,0,SELKIRK,NY,65.0,4,Dark,Clear,Yard,Yard/switching,4,14508,1060,24706,E21C,42.565902999999999,-73.854184000000004
BNSF,GC0816101,2016-08-03,4:30 PM,Derailment,0,TEMPLE,TX,99.0,2,Day,Clear,Yard,Yard/switching,7,11519,172440,183959,H607,31.118041000000002,-97.349801999999997
CSX,000202273,2022-01-06,1:00 PM,Derailment,0,NORTH CHARLESTON,SC,60.0,2,Day,Clear,Yard,Freight Train,8,72399,35834,144354,M204,32.856924999999997,-80.022907000000004
NS,144713,2022-03-16,8:00 PM,Other impacts,0,BELLEVUE,OH,55.0,4,Dark,Clear,Yard,Yard/switching,4,12600,465,13065,H312,41.288344000000002,-82.801972000000006
CSX,000162452,2016-08-26,8:23 AM,Derailment,0,WARREN,OH,90.0,2,Day,Clear,Yard,Freight Train,0,10000,0,42037,E24C,41.176048000000002,-80.843547000000001
UP,1015HO012,2015-10-14,10:55 AM,Other impacts,0,HOUSTON,TX,90.0,2,Day,Cloudy,Yard,Yard/switching,2,14961,0,30436,M404,29.807804999999998,-95.292334999999994
BNSF,RD0817109,2017-08-07,4:29 AM,Derailment,0,DAYTON,TX,84.0,1,Dawn,Cloudy,Yard,Yard/switching,10,30500,9994,40494,E64L,30.013511999999999,-94.902417
UP,0117WH003,2017-01-06,5:38 PM,Hwy-rail crossing,0,DUNCAN,OK,16.0,2,Day,Clear,Main,Freight Train,37,24522,0,24522,M306,34.448960999999997,-97.958353000000002
BNSF,KS0215106,2015-02-18,9:30 PM,Derailment,0,AMARILLO,TX,39.0,4,Dark,Clear,Yard,Yard/switching,10,11684,11000,22684,H312,35.195517000000002,-101.831005
RSR,RSR327517O,2017-06-10,6:12 AM,Derailment,0,SILVER SPRINGS,NY,65.0,1,Dawn,Clear,Main,,0,0,57111,60551,H702,42.663055,-78.084440000000001
AB,DR18005,2018-11-19,3:00 PM,Head on collision,0,AKRON,OH,37.0,2,Day,Rain,Main,Freight Train,0,290000,0,982876,E39C,41.063375999999998,-81.433501000000007
UP,0715LV006,2015-07-10,5:15 AM,Other impacts,0,BEAUMONT,TX,80.0,4,Dark,Cloudy,Yard,Single Car,0,8561,0,14518,M407,30.074373000000001,-94.141208000000006
CSX,000171674,2017-09-16,9:56 AM,Derailment,0,ANDERSON,IN,70.0,2,Day,Cloudy,Siding,Freight Train,3,20192,0,35469,H503,40.083526999999997,-85.679372000000001