reportingrailroadcode,accidentnumber,date,time,accidenttype,hazmatreleasedcars,station,stateabbr,temperature,visibility_code,visibility,weathercondition,tracktype,equipmenttype,trainspeed,equipmentdamagecost,trackdamagecost,totaldamagecost,primaryaccidentcausecode,latitude,longitude
PCJX,20220619A,2022-06-19,11:19 PM,Hwy-rail crossing,0,SAN BRUNO,CA,54.0,4,Dark,Clear,Main,Commuter Train - Pulling,59,0,13453,13453,M303,37.637180000000001,-122.41303000000001
UP,0116RS015,2016-01-16,12:03 PM,Fire/violent rupture,0,TRUCKEE,CA,43.0,2,Day,Cloudy,Main,Freight Train,25,27645,0,27645,E73L,39.307029999999997,-120.24199900000001
UP,0724LA012,2024-07-07,1:01 PM,Other impacts,1,LONG BEACH,CA,78.0,2,Day,Clear,Yard,Yard/switching,6,123147,10256,133840,H513,33.823053999999999,-118.22957
BNSF,CA0322103,2022-03-03,7:56 PM,Derailment,0,KEENE,CA,61.0,3,Dusk,Clear,Main,Freight Train,14,227328,0,703631,T222,35.267128,-118.606156
BNSF,CA1016107,2016-10-12,5:50 AM,Side collision,0,BARSTOW,CA,60.0,1,Dawn,Clear,Yard,Yard/switching,6,32000,0,180094,H307,34.902205000000002,-117.03788900000001
BNSF,CA0618110,2018-06-17,11:30 PM,Derailment,0,VICTORVILLE,CA,56.0,4,Dark,Clear,Yard,Freight Train,10,30000,0,30000,H307,34.540705000000003,-117.297433
UP,0223LA015,2023-02-09,9:50 PM,Derailment,0,LOS ANGELES,CA,67.0,4,Dark,Cloudy,Yard,Cut of cars,0,77897,0,147825,H306,34.042169000000001,-118.228281
UP,0624NC023,2024-06-23,1:20 AM,Derailment,0,ROSEVILLE,CA,82.0,4,Dark,Clear,Yard,Yard/switching,4,4431,1750,6181,H307,38.738154000000002,-121.299925
UP,0516LA008,2016-05-06,11:40 PM,Derailment,0,LOS ANGELES,CA,60.0,4,Dark,Cloudy,Yard,Light loco(s),5,17767,1728,19495,H702,34.007931999999997,-118.174035
BNSF,CA1116127,2016-11-22,1:01 AM,Fire/violent rupture,0,HESPERIA,CA,70.0,4,Dark,Clear,Main,,0,0,0,52324,E71L,34.368034999999999,-117.34050499999999
UP,1017RS024,2017-10-21,1:28 AM,Derailment,0,OAKLAND,CA,51.0,4,Dark,Clear,Yard,Freight Train,10,18906,11373,30279,H704,37.798017999999999,-122.300212
UP,0217RS061,2017-02-24,10:04 AM,Derailment,0,SAN LEANDRO,CA,49.0,2,Day,Cloudy,Industry,Freight Train,6,12866,1000,13866,T221,37.708520999999998,-122.179017
PHL,PHL00039F,2022-02-12,3:30 AM,Derailment,0,LONG BEACH,CA,50.0,4,Dark,Clear,Main,,0,0,344189,372789,H524,33.784576000000001,-118.228911
UP,0822NC034,2022-08-28,4:08 AM,Obstruction,0,ROSEVILLE,CA,65.0,1,Dawn,Clear,Yard,Yard/switching,4,159,28150,28309,M404,38.739320999999997,-121.298874
UP,0423NC001,2023-04-04,11:38 AM,Hwy-rail crossing,0,DIXON,CA,46.0,2,Day,Clear,Main,,0,0,132,54132,M302,38.495849,-121.780269
BNSF,CA1115105,2015-11-01,9:15 PM,Other impacts,0,CITY OF COMMERCE,CA,60.0,4,Dark,Clear,Yard,Yard/switching,9,500,1500,87909,H307,33.991432000000003,-118.144485
ATK,166375,2021-02-09,10:10 PM,Obstruction,0,ANAHEIM,CA,52.0,4,Dark,Clear,Main,Commuter Train - Pushing,68,21368,0,21368,M402,33.817822,-117.89998300000001
UP,0123LA032,2023-01-21,1:46 AM,Derailment,0,TEHACHAPI,CA,32.0,4,Dark,Clear,Main,Freight Train,15,536424,640881,2354610,E79L,35.181171999999997,-118.497985
UP,0722NC011,2022-07-10,5:47 AM,Derailment,0,BAKERSFIELD,CA,75.0,1,Dawn,Clear,Yard,,0,0,67584,182679,M409,35.375107,-118.982193
UP,0724LA034,2024-07-16,3:07 PM,Derailment,0,LOS ANGELES,CA,85.0,2,Day,Clear,Yard,Light loco(s),11,14025,4201,18226,H303,34.063150999999998,-118.21758699999999
UP,0522NC009,2022-05-04,3:40 PM,Derailment,0,MERCED,CA,87.0,2,Day,Clear,Industry,Freight Train,5,159,12560,12719,E07C,37.317901999999997,-120.518918
UP,0922LA016,2022-09-08,2:41 AM,Head on collision,0,NILAND,CA,92.0,4,Dark,Cloudy,Siding,Freight Train,27,6612,0,1424129,S005,33.384047000000002,-115.789062
UP,0215LA034,2015-02-14,12:20 AM,Other (describe in narrative),0,KEENE,CA,50.0,4,Dark,Clear,Main,,0,0,0,44355,E23C,35.251328999999998,-118.58364899999999
UP,0816RS029,2016-08-28,4:50 AM,Derailment,0,OAKLAND,CA,52.0,4,Dark,Clear,Yard,Light loco(s),3,250,15181,15431,H702,37.805425999999997,-122.304548
ITSL,ITSL163,2016-06-16,3:00 PM,Derailment,0,STOCKTON,CA,89.0,2,Day,Clear,Yard,Yard/switching,17,30000,0,30000,H210,37.907693000000002,-121.175899
BNSF,CA0618102,2018-06-04,4:36 PM,Derailment,0,BARSTOW,CA,95.0,2,Day,Clear,Yard,Yard/switching,4,7000,7000,14000,H601,34.896892999999999,-117.049058
SCAX,091316,2016-09-13,4:37 PM,Derailment,0,LOS ANGELES,CA,78.0,3,Dusk,Clear,Yard,Yard/switching,0,25000,14000,39000,E30L,34.085532999999998,-118.226831
UP,0116LA033,2016-01-30,10:59 PM,Fire/violent rupture,0,MONTCLAIR,CA,57.0,4,Dark,Cloudy,Main,Freight Train,25,38360,0,38360,M406,34.060015999999997,-117.689654
UP,0922LA016,2022-09-08,2:41 AM,Head on collision,0,NILAND,CA,92.0,4,Dark,Cloudy,Siding,Freight Train,27,1050000,192908,1424129,S005,33.384047000000002,-115.789062
PHL,202001301,2020-01-30,5:54 PM,Other (describe in narrative),0,CARSON,CA,61.0,4,Dark,Clear,Yard,Freight Train,0,14288,0,14288,H307,33.851323000000001,-118.219019
UP,0316RS011,2016-03-07,7:20 PM,Obstruction,0,SUNOL,CA,46.0,4,Dark,Rain,Main,,0,0,41959,2650471,M101,37.596406000000002,-121.920091
ATK,141417,2016-03-03,6:08 PM,Hwy-rail crossing,0,BERKELEY,CA,60.0,3,Dusk,Clear,Main,Passenger Train - Pushing,79,34667,0,34667,M308,37.862907999999997,-122.299505
BNSF,CA1215117,2015-12-21,6:30 PM,Obstruction,0,RIVERBANK,CA,50.0,3,Dusk,Rain,Main,Freight Train,52,500,50000,50500,M402,37.710884999999998,-120.929647
UP,0222LA011,2022-02-07,4:48 AM,Obstruction,0,RIVERSIDE,CA,55.0,4,Dark,Clear,Main,,0,0,249,13377,M402,33.972721999999997,-117.444321
LAJ,4580,2017-04-06,2:05 PM,Other impacts,0,VERNON,CA,68.0,2,Day,Cloudy,Yard,Freight Train,2,62500,0,62500,H310,34.003487999999997,-118.199285
UP,0217RS013,2017-02-09,5:15 AM,Derailment,0,BENICIA,CA,62.0,4,Dark,Rain,Yard,Freight Train,10,46449,810,47259,M101,38.058379000000002,-122.12724799999999
ITSL,ITSL178,2017-10-26,2:00 AM,Derailment,0,STOCKTON,CA,60.0,4,Dark,Clear,Yard,Yard/switching,17,340000,0,342700,H306,37.908433000000002,-121.179146
UP,0624LA047,2024-06-25,9:35 AM,Other impacts,0,LA PUENTE,CA,73.0,2,Day,Clear,Industry,Single Car,5,11713,0,93109,H021,34.024464000000002,-117.97626
ATK,171093,2022-06-25,9:20 PM,Obstruction,0,DIXON,CA,77.0,4,Dark,Clear,Main,Passenger Train - Pulling,79,18571,0,18721,M402,38.416817000000002,-121.85061
UP,0822NC009,2022-08-07,8:40 PM,Other (describe in narrative),0,FRESNO,CA,97.0,4,Dark,Clear,Yard,Yard/switching,3,0,28300,28300,H702,36.78096,-119.84550400000001
UP,0816RS009,2016-08-09,11:16 AM,Derailment,0,MCFARLAND,CA,98.0,2,Day,Clear,Yard,Yard/switching,4,15973,1050,17023,H704,35.596193999999997,-119.207494
UP,0724LA004,2024-07-03,6:46 PM,Derailment,0,LA PUENTE,CA,90.0,3,Dusk,Clear,Industry,Freight Train,6,17577,103641,121218,M405,34.009084000000001,-117.927364
ATK,140430,2015-12-16,6:08 PM,Hwy-rail crossing,0,SAN PABLO,CA,46.0,4,Dark,Clear,Main,Passenger Train - Pulling,79,17467,0,17467,M302,38.019145000000002,-122.14156699999999
UP,0824LA012,2024-08-12,2:14 AM,Derailment,0,LA PUENTE,CA,74.0,4,Dark,Cloudy,Yard,Freight Train,1,24700,49374,74074,H505,34.010086000000001,-117.93298
UP,0522NC037,2022-05-24,2:20 PM,Derailment,0,LATHROP,CA,87.0,2,Day,Clear,Siding,Yard/switching,4,7338,5280,12618,H307,37.809694999999998,-121.275201
SCAX,120716,2016-12-07,6:10 AM,Hwy-rail crossing,0,CORONA,CA,43.0,1,Dawn,Clear,Main,Commuter Train - Pushing,30,16422,0,16422,M302,33.889378999999998,-117.592718
BNSF,CA0416110,2016-04-22,2:50 AM,Other impacts,0,SAN DIEGO,CA,57.0,4,Dark,Clear,Yard,Yard/switching,3,28650,0,31350,H309,32.702686999999997,-117.154366
UP,1222NC007,2022-12-05,2:10 PM,Hwy-rail crossing,0,MELROSE,CA,57.0,2,Day,Cloudy,Main,,0,0,150,12640,M303,37.769249000000002,-122.219128
UP,1216LA012,2016-12-08,2:30 PM,Fire/violent rupture,0,HESPERIA,CA,75.0,2,Day,Clear,Main,Freight Train,15,48920,0,48920,E73L,34.390362000000003,-117.30931
UP,0818RS055,2018-08-29,8:30 PM,Derailment,0,MCFARLAND,CA,85.0,4,Dark,Clear,Industry,Freight Train,8,334196,266,334462,M501,35.592623000000003,-119.20667
BNSF,CA0322112,2022-03-21,7:10 AM,Derailment,0,COLTON,CA,70.0,1,Dawn,Clear,Yard,,0,0,173635,939084,H307,34.065683999999997,-117.32926999999999
UP,1016LA019,2016-10-28,12:15 AM,Derailment,0,FONTANA,CA,70.0,4,Dark,Cloudy,Yard,Cut of cars,0,18676,150,21662,H702,34.064951999999998,-117.509061
BNSF,CA0724109,2024-07-17,10:20 PM,Derailment,0,BARSTOW,CA,80.0,4,Dark,Clear,Yard,Yard/switching,4,0,0,974790,M411,34.902171000000003,-117.037836
BNSF,NW0323104,2023-03-07,1:12 PM,Derailment,0,WESTWOOD,CA,20.0,2,Day,Snow,Yard,Work train,3,500,60000,60500,M101,40.308177000000001,-120.99893299999999
VCRR,VCR460217O,2017-10-12,8:00 PM,Derailment,0,OXNARD,CA,75.0,4,Dark,Clear,Yard,,0,0,32177,32443,H307,34.188288999999997,-119.168447
PCMZ,20180110A,2018-01-10,8:46 AM,Hwy-rail crossing,0,BURLINGAME,CA,53.0,2,Day,Cloudy,Main,Commuter Train - Pushing,57,19213,0,19213,M303,37.587831999999999,-122.36318900000001
BNSF,CA1222112,2022-12-18,1:45 PM,Derailment,0,FONTANA,CA,65.0,2,Day,Clear,Yard,Light loco(s),0,0,0,77449,H702,34.094290000000001,-117.475403
UP,0117RS048,2017-01-19,11:00 PM,Derailment,0,ALTA,CA,29.0,4,Dark,Snow,Main,Freight Train,20,65124,46123,111247,E67C,39.289949999999997,-120.676087
BNSF,CA1222112,2022-12-18,1:45 PM,Derailment,0,FONTANA,CA,65.0,2,Day,Clear,Yard,Freight Train,10,75449,2000,77449,H702,34.094290000000001,-117.475403
UP,0921LA051,2021-09-30,2:20 PM,Other impacts,0,BLOOMINGTON,CA,89.0,2,Day,Clear,Yard,Single Car,0,100,0,15347,M411,34.066965000000003,-117.386527
UP,0717LA002,2017-07-03,1:40 PM,Other impacts,0,BLOOMINGTON,CA,94.0,2,Day,Clear,Yard,Yard/switching,8,5836,40099,48436,M407,34.067782000000001,-117.37590400000001
ACEX,A06082016,2016-06-08,6:26 PM,Obstruction,0,LATHROP,CA,80.0,3,Dusk,Clear,Main,Passenger Train - Pushing,66,20000,0,20000,M402,37.787222,-121.277798
UP,1215RS033,2015-12-30,8:00 AM,Derailment,0,OAKLAND,CA,40.0,2,Day,Cloudy,Yard,Light loco(s),5,18620,1254,19874,T221,37.805391999999998,-122.30460100000001
UP,0816RS028,2016-08-25,10:49 PM,Fire/violent rupture,0,EDISON,CA,84.0,4,Dark,Clear,Main,Freight Train,40,13681,0,13681,E74L,35.329945000000002,-118.795395
UP,0523LA047,2023-05-21,3:02 PM,Derailment,0,MECCA,CA,98.0,2,Day,Clear,Main,Freight Train,46,4341,705750,710091,E99C,33.484841000000003,-115.894428
UP,0123NC040,2023-01-18,9:20 AM,Obstruction,0,ALVISO,CA,44.0,2,Day,Cloudy,Main,,0,0,200,200,M404,37.443674999999999,-121.975995
ATK,144802,2016-10-23,2:30 AM,Derailment,0,OAKLAND,CA,55.0,4,Dark,Clear,Yard,Light loco(s),5,12219,4535,16754,H399,37.79992,-122.2927
UP,0422LA044,2022-04-30,3:00 PM,Derailment,0,LA PUENTE,CA,78.0,2,Day,Clear,Yard,Yard/switching,7,18755,1990,104687,E37C,34.009965000000001,-117.936626
UP,0516LA005,2016-05-05,7:40 AM,Side collision,0,LOS ANGELES,CA,61.0,2,Day,Clear,Yard,Freight Train,5,22684,0,25237,H210,34.012337000000002,-118.186435
UP,0822NC031,2022-08-21,12:00 PM,Fire/violent rupture,0,BAKERSFIELD,CA,96.0,2,Day,Clear,Yard,Single Car,0,13750,150,13900,M502,35.375405999999998,-118.982119
UP,0921LA051,2021-09-30,2:20 PM,Other impacts,0,BLOOMINGTON,CA,89.0,2,Day,Clear,Yard,Yard/switching,1,100,0,15347,M411,34.066965000000003,-117.386527
SCAX,103116,2016-10-31,3:20 PM,Derailment,0,PERRIS,CA,80.0,2,Day,Clear,Yard,,0,0,10000,28763,H307,33.818136000000003,-117.240888
SCAX,010316,2016-01-03,3:36 PM,Obstruction,0,NEWHALL,CA,65.0,2,Day,Clear,Siding,Spec. MoW Equip.,0,14000,2000,17600,H022,34.320112000000002,-118.49641200000001
ATK,153871,2018-06-18,3:45 PM,Hwy-rail crossing,0,MERCED,CA,85.0,2,Day,Clear,Main,Passenger Train - Pushing,70,28066,0,28066,M302,37.340040000000002,-120.54051
PCMZ,OP2220510,2022-05-10,8:40 AM,Other impacts,0,SAN JOSE,CA,63.0,2,Day,Clear,Yard,Yard/switching,2,30000,0,30000,E31C,37.339432000000002,-121.909035
PCJX,OP2220510,2022-05-10,8:40 AM,Other impacts,0,SAN JOSE,CA,63.0,2,Day,Clear,Yard,EMU,2,30000,0,30000,E31C,37.339432000000002,-121.909035
UP,0117RS042,2017-01-19,3:53 AM,Derailment,0,CITRUS HEIGHTS,CA,43.0,4,Dark,Rain,Yard,Yard/switching,7,12430,101578,114008,H523,38.720272999999999,-121.317244
BNSF,CA0618109,2018-06-17,7:18 PM,Derailment,0,CITY OF COMMERCE,CA,75.0,3,Dusk,Clear,Yard,Freight Train,15,9900,7600,17500,H607,34.005268999999998,-118.183753
UP,1015LA001,2015-10-01,10:54 AM,Derailment,0,CALIENTE,CA,70.0,2,Day,Clear,Main,Freight Train,14,187553,1122,188675,E7AL,35.219008000000002,-118.557248
UP,1215LA007,2015-12-05,8:00 AM,Derailment,0,BLOOMINGTON,CA,70.0,2,Day,Clear,Yard,Light loco(s),4,41510,150,41660,E60L,34.064177999999998,-117.377298
BNSF,CA0623119,2023-06-23,4:19 PM,Derailment,0,CORONA,CA,68.0,2,Day,Clear,Yard,Freight Train,10,42954,6000,48954,H306,33.879511999999998,-117.51919100000001
UP,1017RS030,2017-10-28,7:07 AM,Derailment,0,ANTELOPE,CA,52.0,1,Dawn,Clear,Yard,Yard/switching,4,1286,20600,21886,M411,38.703175000000002,-121.33538900000001
UP,0517RS019,2017-05-09,10:28 AM,Hwy-rail crossing,0,RICHMOND,CA,73.0,2,Day,Clear,Main,,0,0,0,24242,M308,37.925187000000001,-122.33851799999999
UP,0616LA004,2016-06-01,10:25 PM,Derailment,0,CALIENTE,CA,60.0,4,Dark,Clear,Main,Freight Train,22,57202,3553,60755,E09C,35.201977999999997,-118.54143500000001
ATK,150499,2017-11-16,10:25 AM,Other impacts,0,LOS ANGELES,CA,75.0,2,Day,Clear,Yard,Yard/switching,10,83968,5958,89926,H702,34.052233999999999,-118.243684
UP,0422NC024,2022-04-16,3:00 PM,Other impacts,0,STOCKTON,CA,68.0,2,Day,Cloudy,Yard,Single Car,0,5117,0,36543,H318,37.930329,-121.273005
UP,1022LA062,2022-10-31,12:00 AM,Other impacts,0,BLOOMINGTON,CA,70.0,4,Dark,Clear,Yard,Single Car,5,402,0,136236,M411,34.067912,-117.372668
UP,0617RS006,2017-06-01,7:59 PM,Obstruction,0,SOLEDAD,CA,70.0,4,Dark,Clear,Main,,0,0,0,11087,M402,36.452280000000002,-121.36959400000001
BNSF,CA1016108,2016-10-03,3:45 AM,Derailment,0,RICHMOND,CA,58.0,4,Dark,Clear,Yard,Yard/switching,6,26487,60000,86487,H307,37.946643999999999,-122.363868
UP,0822LA034,2022-08-23,2:29 PM,Derailment,0,LOS ANGELES,CA,80.0,2,Day,Clear,Main,Passenger Train - Pulling,7,641936,70023,711959,S011,34.062649999999998,-118.222934
SERA,SERA202307,2023-03-16,5:00 PM,Derailment,0,JAMESTOWN,CA,60.0,3,Dusk,Cloudy,Main,Freight Train,10,7500,10000,17500,E46C,37.960135000000001,-120.388395
ATK,169074,2021-11-22,8:02 PM,Hwy-rail crossing,0,RICHMOND,CA,55.0,4,Dark,Clear,Main,Passenger Train - Pulling,79,500175,0,500208,M303,37.958638999999998,-122.35970399999999
PHL,PHL00058F,2022-06-27,1:51 AM,Other impacts,0,LONG BEACH,CA,63.0,4,Dark,Cloudy,Industry,Cut of cars,0,0,0,29001,H307,33.754913000000002,-118.24810600000001
ATK,180488,2024-06-04,5:48 PM,Hwy-rail crossing,0,GONZALES,CA,0.0,2,Day,Clear,Main,Passenger Train - Pulling,46,24542,0,24542,M302,36.499130000000001,-121.43674300000001
BNSF,CA0116121,2016-01-06,6:51 AM,Fire/violent rupture,0,HESPERIA,CA,54.0,1,Dawn,Clear,Main,,0,0,0,48925,M406,34.326220999999997,-117.42491800000001
BNSF,CA1216119,2016-12-08,2:30 PM,Fire/violent rupture,0,HESPERIA,CA,75.0,2,Day,Clear,Main,,0,0,0,48920,E73L,34.390362000000003,-117.30931
UP,0922LA016,2022-09-08,2:41 AM,Head on collision,0,NILAND,CA,92.0,4,Dark,Cloudy,Siding,Cut of cars,0,174609,0,1424129,S005,33.384047000000002,-115.789062
UP,0116LA024,2016-01-25,7:00 AM,Derailment,0,CITY OF INDUSTRY,CA,60.0,2,Day,Clear,Siding,Freight Train,4,9609,5526,15135,H704,34.017333000000001,-117.951258
UP,0922NC008,2022-09-08,10:30 AM,Derailment,0,VISALIA,CA,73.0,2,Day,Clear,Siding,,0,0,27449,34449,H702,36.350985000000001,-119.420851
UP,0724LA031,2024-07-13,8:15 PM,Other impacts,0,BLOOMINGTON,CA,89.0,4,Dark,Clear,Yard,Yard/switching,8,100,25392,25492,M411,34.066938999999998,-117.378293
ATK,145957,2017-01-18,4:08 AM,Obstruction,0,REDDING,CA,45.0,4,Dark,Rain,Main,Passenger Train - Pulling,65,38138,0,38138,M402,40.630651,-122.39735400000001
BNSF,CA1115105,2015-11-01,9:15 PM,Other impacts,0,CITY OF COMMERCE,CA,60.0,4,Dark,Clear,Yard,Freight Train,0,85909,0,87909,H307,33.991432000000003,-118.144485
UP,0122NC036,2022-01-05,11:39 AM,Other impacts,0,ROSEVILLE,CA,51.0,2,Day,Clear,Yard,Yard/switching,0,768,0,19282,H306,38.733438999999997,-121.304033
UP,0724LA031,2024-07-13,8:15 PM,Other impacts,0,BLOOMINGTON,CA,89.0,4,Dark,Clear,Yard,Single Car,0,0,0,25492,M411,34.066938999999998,-117.378293
ATK,170579,2022-05-13,2:06 PM,Hwy-rail crossing,0,SHAFTER,CA,77.0,2,Day,Clear,Main,Passenger Train - Pushing,78,169452,0,169602,M308,35.477848999999999,-119.24305200000001
BNSF,CA0617101,2017-06-05,9:00 AM,Rear end collision,0,AMBOY,CA,85.0,2,Day,Clear,Main,Maint./inspect Car,0,6000,0,18000,H402,34.566757000000003,-115.795592
UP,0123LA043,2023-01-28,7:20 PM,Other impacts,0,COLTON,CA,59.0,3,Dusk,Cloudy,Yard,Cut of cars,4,379501,12750,402739,H314,34.066944999999997,-117.35311299999999
UP,0217RS076,2017-02-28,2:25 AM,Derailment,0,FRENCH CAMP,CA,50.0,4,Dark,Clear,Yard,Yard/switching,4,531,1599,14475,M507,37.884456,-121.274266
SJVR,SJV017522D,2022-02-27,1:50 AM,Derailment,0,BAKERSFIELD,CA,64.0,4,Dark,Clear,Yard,Freight Train,1,30377,5000,35377,M204,35.374189999999999,-118.97587
ATK,173683,2023-02-06,7:10 AM,Obstruction,0,CARPINTERIA,CA,47.0,2,Day,Clear,Main,Passenger Train - Pulling,33,44166,0,44166,M404,34.415973999999999,-119.570398
ARZC,ARZ352323D,2023-03-11,4:15 PM,Derailment,0,VIDAL,CA,75.0,2,Day,Clear,Main,Freight Train,6,9500,6000,15500,H524,34.174734000000001,-114.99441899999999
UP,0123NC021,2023-01-12,8:37 PM,Obstruction,0,BENICIA,CA,55.0,4,Dark,Cloudy,Main,,0,0,1700,13181,M101,38.096179999999997,-122.103235
BNSF,CA0323114,2023-03-01,1:49 PM,Derailment,0,SUMMIT,CA,42.0,2,Day,Clear,Main,Freight Train,40,30000,0,30000,E37C,34.351652000000001,-117.38229
UP,1023LA011,2023-10-10,5:55 AM,Derailment,0,LOS ANGELES,CA,62.0,1,Dawn,Clear,Yard,Yard/switching,4,70053,184302,330388,H306,34.037277000000003,-118.226855
UP,0423NC029,2023-04-21,4:28 PM,Other impacts,0,ROSEVILLE,CA,82.0,2,Day,Clear,Yard,Yard/switching,3,6366,19726,26192,M411,38.730404,-121.30776899999999
BNSF,CA0217104,2017-02-07,1:01 PM,Derailment,0,CADIZ,CA,70.0,2,Day,Clear,Main,Light loco(s),5,2000,22615,24615,E71L,34.522798000000002,-115.54584800000001
UP,0823LA049,2023-08-29,10:18 PM,Derailment,0,LOS ANGELES,CA,80.0,4,Dark,Cloudy,Yard,Freight Train,2,43962,61128,111826,H702,34.012542000000003,-118.193516
UP,0117RS033,2017-01-13,6:15 PM,Hwy-rail crossing,0,RICHMOND,CA,52.0,4,Dark,Cloudy,Main,,0,0,0,12421,M302,37.925187000000001,-122.33851799999999
UP,0923LA054,2023-09-28,8:05 PM,Derailment,0,INDUSTRY,CA,72.0,4,Dark,Clear,Yard,Freight Train,5,12843,0,12843,H303,34.011296000000002,-117.947664
ACEX,A12092014,2014-12-09,6:52 AM,Hwy-rail crossing,0,STOCKTON,CA,50.0,1,Dawn,Fog,Main,Commuter Train - Pulling,74,20000,0,20000,M306,37.908127999999998,-121.274388
PHL,PHL00093F,2023-09-18,10:24 PM,Raking collision,0,LOS ANGELES,CA,70.0,4,Dark,Clear,Yard,Single Car,0,5000,0,10000,E40C,33.772776,-118.252244
UP,0523LA021,2023-05-10,11:05 AM,Other (describe in narrative),0,REDLANDS,CA,54.0,2,Day,Clear,Main,Freight Train,13,53364,0,202578,E37C,33.986080000000001,-117.14327900000001
UP,1023LA011,2023-10-10,5:55 AM,Derailment,0,LOS ANGELES,CA,62.0,1,Dawn,Clear,Yard,Cut of cars,3,76033,0,330388,H306,34.037277000000003,-118.226855
UP,0523ES034,2023-05-17,3:10 AM,Obstruction,0,ANTELOPE,CA,66.0,4,Dark,Clear,Main,Spec. MoW Equip.,3,0,28050,28050,H993,38.707211999999998,-121.331165
UP,0623LA041,2023-06-22,11:15 AM,Derailment,0,ONTARIO,CA,63.0,2,Day,Clear,Yard,Yard/switching,4,37251,58630,95881,M501,34.060564999999997,-117.672343
UP,0622LA036,2022-06-25,11:00 PM,Other impacts,0,BLOOMINGTON,CA,83.0,4,Dark,Clear,Yard,Yard/switching,7,128564,1736,130300,M411,34.067458999999999,-117.387379
PHL,PHL00093F,2023-09-18,10:24 PM,Derailment,0,LOS ANGELES,CA,70.0,4,Dark,Clear,Yard,Yard/switching,8,5000,0,10000,E40C,33.772776,-118.252244
UP,0622LA036,2022-06-25,11:00 PM,Other impacts,0,BLOOMINGTON,CA,83.0,4,Dark,Clear,Yard,Single Car,5,0,0,130300,M411,34.067458999999999,-117.387379
BNSF,CA0723110,2023-07-10,4:13 PM,Derailment,0,CARSON,CA,75.0,2,Day,Clear,Yard,Freight Train,5,25000,3069,28069,H525,33.800846999999997,-118.238474
UP,0423NC041,2023-04-26,8:37 AM,Hwy-rail crossing,0,FAIRFIELD,CA,0.0,2,Day,Clear,Main,,0,0,99,11870,M302,38.265044000000003,-122.00527
UP,0223LA053,2023-02-24,9:05 PM,Obstruction,0,OCEANO,CA,43.0,4,Dark,Rain,Main,,0,0,0,11577,M404,35.108424999999997,-120.623209
UP,0423NC038,2023-04-26,5:42 PM,Fire/violent rupture,0,BAKERSFIELD,CA,60.0,2,Day,Clear,Yard,Single Car,0,18360,0,18360,M406,35.373196999999998,-118.974171
TSWS,84020171,2017-02-20,11:15 PM,Derailment,0,FRENCH CAMP,CA,56.0,4,Dark,Cloudy,Siding,Yard/switching,7,63068,0,70932,H702,37.844126000000003,-121.263777
BNSF,CA0723118,2023-07-26,8:24 AM,Derailment,0,VERNON,CA,71.0,1,Dawn,Clear,Yard,Freight Train,4,51441,14661,77049,H306,34.004576,-118.20031899999999
NCTC,FY2407834,2023-09-24,7:45 PM,Obstruction,0,CARLSBAD,CA,70.0,4,Dark,Clear,Main,Commuter Train - Pushing,80,11500,0,11500,M404,33.131106000000003,-117.330338
UP,1122NC033,2022-11-21,8:40 AM,Derailment,0,SACRAMENTO,CA,32.0,2,Day,Clear,Industry,Freight Train,4,3107,9808,12915,H702,38.529255999999997,-121.406617
UP,0122NC053,2022-01-17,10:00 PM,Other impacts,0,FRESNO,CA,53.0,4,Dark,Cloudy,Yard,Single Car,1,255,0,11552,H318,36.787118,-119.853151
BNSF,CA0217117,2017-02-24,12:27 AM,Derailment,0,TEHACHAPI,CA,30.0,4,Dark,Cloudy,Main,Freight Train,4,479481,0,487054,H505,35.197450000000003,-118.537637
UP,0923NC024,2023-09-24,11:24 AM,Obstruction,0,UNION CITY,CA,57.0,2,Day,Clear,Main,,0,0,0,0,M402,37.599769999999999,-122.02396
CCT,CAPS00523,2023-10-05,9:10 AM,Derailment,0,STOCKTON,CA,72.0,2,Day,Clear,Yard,Freight Train,10,50000,20000,70000,M304,37.944749999999999,-121.32592
UP,0823LA049,2023-08-29,10:18 PM,Derailment,0,LOS ANGELES,CA,80.0,4,Dark,Cloudy,Yard,Light loco(s),0,6736,0,111826,H702,34.012542000000003,-118.193516
UP,0122NC053,2022-01-17,10:00 PM,Other impacts,0,FRESNO,CA,53.0,4,Dark,Cloudy,Yard,Yard/switching,4,11297,0,11552,H318,36.787118,-119.853151
BNSF,CA0217116,2017-02-17,11:30 PM,Derailment,0,BARSTOW,CA,46.0,4,Dark,Cloudy,Yard,Yard/switching,8,11455,9500,20955,H307,34.898032000000001,-117.049351
BNSF,CA1023112,2023-10-27,11:28 PM,Derailment,0,STOCKTON,CA,42.0,4,Dark,Clear,Yard,Freight Train,10,15000,0,15000,H607,37.892991000000002,-121.152193
BNSF,CA1023105,2023-10-12,5:39 PM,Derailment,0,SHAFTER,CA,75.0,3,Dusk,Clear,Main,,0,0,77952,161109,H705,35.450203999999999,-119.20921300000001
BNSF,CA0423113,2023-04-27,2:30 AM,Obstruction,0,NEEDLES,CA,50.0,4,Dark,Clear,Main,Freight Train,18,6000,0,156000,M404,34.899355,-114.76631999999999
BNSF,CA1023108,2023-10-19,1:44 AM,Derailment,0,BARSTOW,CA,60.0,4,Dark,Clear,Yard,Yard/switching,4,8200,6500,14700,M411,34.900001000000003,-117.04407399999999